,pl_mass,st_mass,pl_teff,pl_insol,pl_XUV_flux,pl_orbsmax,st_age,pl_form_yr,x-ray-model,euv_gamma1,euv_gamma2,co2_fit,ch4_eta,C_loss,N2O2_frac,CH4_epsilon
0,4.28,0.62,1173.9553407126762,318.0,2245.8318079711416,0.0189,3249179404.8909426,90744188.8830254,Selsis,-0.44728344091090294,-0.669104507696087,log,0.09022711865424413,4.34834192298884e+23,0.23171892080044598,0.09022711865424413
1,4.28,0.62,1173.9553407126762,318.0,809.1435585491708,0.0189,8034041357.138475,66138006.14147644,Selsis,-0.3069643035068556,-0.7911819892788517,linear,0.18221268953903,1.7586976444420785e+24,0.2529758262290156,0.18221268953903
2,4.28,0.62,1173.9553407126762,318.0,2667.6484393212427,0.0189,2825911094.944909,12958792.331472278,Selsis,-0.373877648192865,-0.7593960102929628,linear,0.17283108661558252,1.0492638558540065e+24,0.8746573169127351,0.17283108661558252
3,4.28,0.62,1173.9553407126762,318.0,5479.5934643007995,0.0189,1954170019.0712774,98289983.9886518,Jackson,-0.46339223569239457,-0.7242105574155826,log,0.1720610374413061,5.230855021548624e+23,0.6389120112177726,0.1720610374413061
4,4.28,0.62,1173.9553407126762,318.0,1937.6333583792014,0.0189,3667773907.1456084,4090846.8399311416,Selsis,-0.3956550449241678,-0.603911666611647,linear,0.08452769138966712,6.418633183503746e+23,0.2978163080321742,0.08452769138966712
5,4.28,0.62,1173.9553407126762,318.0,964.263720116974,0.0189,6790317468.520069,49080409.581202574,Selsis,-0.49212377965846543,-0.689337819894226,GP,0.3206137397477674,1.6955693286752848e+24,0.3931732136396179,0.3206137397477674
6,4.28,0.62,1173.9553407126762,318.0,1641.103486520234,0.0189,4209661629.5797276,87747000.79190615,Selsis,-0.31515524491485486,-0.6404770577440583,log,0.49673467110886604,4.417529866019339e+24,0.512730077707983,0.49673467110886604
7,4.28,0.62,1173.9553407126762,318.0,2269.967712801433,0.0189,5714239392.445907,30008220.846289176,Jackson,-0.4404721428322616,-0.7434005606341851,linear,0.09381297159130136,4.598274210636057e+23,0.6733243530947787,0.09381297159130136
8,4.28,0.62,1173.9553407126762,318.0,2457.914828395913,0.0189,3019032672.7853293,29539477.095768645,Selsis,-0.40361466374990335,-0.756120314666155,linear,0.4223725907458822,2.2561106373140134e+24,0.7206496955920387,0.4223725907458822
9,4.28,0.62,1173.9553407126762,318.0,1505.1516080937006,0.0189,4527564961.510538,99832326.4504582,Selsis,-0.3678381894298462,-0.7284009368377882,log,0.42022555069724865,2.495304585572723e+24,0.35577845519419826,0.42022555069724865
10,4.28,0.62,1173.9553407126762,318.0,3049.0841924017855,0.0189,3932918896.208036,15600393.589779355,Jackson,-0.2856231254199473,-0.6462746379662493,GP,0.07274855455795975,8.041457491061708e+23,0.7069758167022262,0.07274855455795975
11,4.28,0.62,1173.9553407126762,318.0,1446.3631760479816,0.0189,4683201790.017792,19250319.782141715,Selsis,-0.31019256581409455,-0.7891902653963299,log,0.0688996214427596,6.438308807456472e+23,0.6100294386342898,0.0688996214427596
12,4.28,0.62,1173.9553407126762,318.0,7098.489039773966,0.0189,1455440982.5981538,53096924.61735447,Jackson,-0.3319658220843375,-0.727866611294514,log,0.4504843275679475,2.1559157023120152e+24,0.8225953143623205,0.4504843275679475
13,4.28,0.62,1173.9553407126762,318.0,2421.7814347181657,0.0189,5232699251.038211,26155474.755422466,Jackson,-0.38097573887817154,-0.7639561870782422,linear,0.11612683689426799,6.698779320284178e+23,0.28314051194019874,0.11612683689426799
14,4.28,0.62,1173.9553407126762,318.0,1404.3936435754301,0.0189,4802171578.919426,86141556.2127916,Selsis,-0.38765948301813247,-0.6390320809795591,linear,0.11543301673230676,7.45188926196269e+23,0.8998053515140563,0.11543301673230676
15,4.28,0.62,1173.9553407126762,318.0,2821.6860557275163,0.0189,4319963001.4927,92560250.49649277,Jackson,-0.37758971330663815,-0.7455807702827063,log,0.11061759823835961,5.5785393278856054e+23,0.3955475224099282,0.11061759823835961
16,4.28,0.62,1173.9553407126762,318.0,2288.2691745630186,0.0189,3199870472.0180545,17847335.170038275,Selsis,-0.3495836237212722,-0.7352511994342882,linear,0.22405179230063466,1.5591130712976207e+24,0.8754585924439616,0.22405179230063466
17,4.28,0.62,1173.9553407126762,318.0,11547.921021541395,0.0189,845193059.9947673,2296036.573030682,Jackson,-0.43802094667582586,-0.760940702613128,linear,0.3004708390666874,9.221038357986418e+23,0.6575323263847475,0.3004708390666874
18,4.28,0.62,1173.9553407126762,318.0,2005.1479847485125,0.0189,6776397455.517395,87251168.3898823,Jackson,-0.4062550148635802,-0.753092781687159,log,0.2532308965571112,1.3101968589958856e+24,0.30405597321608335,0.2532308965571112
19,4.28,0.62,1173.9553407126762,318.0,2744.966924478913,0.0189,4467388863.72543,54796423.88651786,Jackson,-0.4749833663159174,-0.6785902124860705,log,0.20366796324089048,9.249574456843137e+23,0.5244901235943641,0.20366796324089048
20,4.28,0.62,1173.9553407126762,318.0,3387.122854924471,0.0189,3465837457.796339,90208433.69105841,Jackson,-0.43661455385230463,-0.7952967588993282,linear,0.05705175271080092,2.1417354272035348e+23,0.2570206180694262,0.05705175271080092
21,4.28,0.62,1173.9553407126762,318.0,1923.0560385334431,0.0189,7181224791.572806,66349984.71327988,Jackson,-0.4905598399400879,-0.7636048345420341,GP,0.0957012481747908,4.22358331652127e+23,0.42945686847879394,0.0957012481747908
22,4.28,0.62,1173.9553407126762,318.0,2923.6722311482636,0.0189,4137776639.3310127,52338737.81885405,Jackson,-0.2944079067097245,-0.7055870843706523,GP,0.18041970203173727,1.680780418718873e+24,0.7624593785611098,0.18041970203173727
23,4.28,0.62,1173.9553407126762,318.0,2539.3765819620194,0.0189,4913968809.405354,25936951.060093656,Jackson,-0.39667002610096136,-0.7267291193747621,log,0.4353939644833567,2.3828166524974504e+24,0.6480992361494774,0.4353939644833567
24,4.28,0.62,1173.9553407126762,318.0,2273.6013252405273,0.0189,5701780966.178556,73015836.81911215,Jackson,-0.4979511247484774,-0.6060557862125128,linear,0.29366150133237434,1.7565374863464833e+24,0.4234970836237635,0.29366150133237434
25,4.28,0.62,1173.9553407126762,318.0,15075.482943953553,0.0189,633252456.7474774,4190692.3132579317,Jackson,-0.40955183247991633,-0.7718027063268332,linear,0.4702294287195251,1.3459481147190394e+24,0.8186730670150589,0.4702294287195251
26,4.28,0.62,1173.9553407126762,318.0,1698.8748581610594,0.0189,4089665129.186842,63924724.73822114,Selsis,-0.43221592626284827,-0.6294358686029968,log,0.2561061417500743,1.518474232101372e+24,0.48826080931623106,0.2561061417500743
27,4.28,0.62,1173.9553407126762,318.0,4114.171565533937,0.0189,2004455413.644516,7231146.754784712,Selsis,-0.3825455282428491,-0.7994737642488615,log,0.29498818531516613,1.6408258359481282e+24,0.10683757081604783,0.29498818531516613
28,4.28,0.62,1173.9553407126762,318.0,4367.896738725915,0.0189,1913449350.0866542,55447351.83449339,Selsis,-0.30938049991907474,-0.6349816512960946,linear,0.15769913919037457,1.2925435561661911e+24,0.6460979698313977,0.15769913919037457
29,4.28,0.62,1173.9553407126762,318.0,3660.094427863054,0.0189,3155515767.504584,50412478.76167007,Jackson,-0.30602313119077434,-0.7009098120788217,log,0.05337697823271887,4.1557122352065e+23,0.6472860457423388,0.05337697823271887
30,4.28,0.62,1173.9553407126762,318.0,15185.635057258647,0.0189,628319195.2269762,9967837.860099098,Jackson,-0.30479958279308994,-0.6700812377311625,log,0.20456774063651034,9.673904587316205e+23,0.14206173764261265,0.20456774063651034
31,4.28,0.62,1173.9553407126762,318.0,638.4539000067933,0.0189,10160442628.992332,11240974.344310064,Selsis,-0.4805377308811337,-0.7013262712704234,log,0.11811908677365483,6.965990047628895e+23,0.9693817568408241,0.11811908677365483
32,4.28,0.62,1173.9553407126762,318.0,933.3490403849825,0.0189,7003368857.706179,36445333.17868487,Selsis,-0.3619993945010375,-0.7532627663040916,log,0.05071300490164351,3.5778134952606854e+23,0.12594694767053394,0.05071300490164351
33,4.28,0.62,1173.9553407126762,318.0,1351.9755647969203,0.0189,4961015648.942892,11708895.037206111,Selsis,-0.44665781828297296,-0.64183131929267,GP,0.22143075137358947,1.3933739489987832e+24,0.13563030770419793,0.22143075137358947
34,4.28,0.62,1173.9553407126762,318.0,1366.6788782874246,0.0189,4915241958.174302,70518338.22961058,Selsis,-0.43226773485535225,-0.6058171260185117,log,0.33126246164669265,2.1885434099171484e+24,0.07751635917475941,0.33126246164669265
35,4.28,0.62,1173.9553407126762,318.0,2035.6105805478671,0.0189,6636559629.003195,81710187.89873992,Jackson,-0.31321268960264176,-0.7603410139865555,GP,0.25463867907986243,2.2086468151022372e+24,0.05741289408650496,0.25463867907986243
36,4.28,0.62,1173.9553407126762,318.0,3802.6162400688704,0.0189,3013691581.078339,98940251.03453234,Jackson,-0.35657104530988715,-0.6742045266186947,log,0.07866552327361663,4.126432944767981e+23,0.8781639170597662,0.07866552327361663
37,4.28,0.62,1173.9553407126762,318.0,1346.873652538275,0.0189,4977136887.612171,44068857.58893301,Selsis,-0.29518155669143237,-0.6037814585928314,linear,0.3754988456026202,4.5258124248991125e+24,0.5044893930661337,0.3754988456026202
38,4.28,0.62,1173.9553407126762,318.0,4189.814299895869,0.0189,2683548984.1038213,89192426.1386839,Jackson,-0.47201042227933787,-0.7827748955256728,linear,0.08058467634763362,2.635331610677736e+23,0.12112910211555317,0.08058467634763362
39,4.28,0.62,1173.9553407126762,318.0,1480.0114244184185,0.0189,4592630602.65345,41092186.29823821,Selsis,-0.2938921662620388,-0.7580004573372775,GP,0.28721052860191254,2.973640367793209e+24,0.09989952441750716,0.28721052860191254
40,4.28,0.62,1173.9553407126762,318.0,1088.4735382861022,0.0189,6059498625.6659355,54197008.964600116,Selsis,-0.29090004597367664,-0.7951037915933479,GP,0.3654210294332655,3.9353686493881465e+24,0.5335684521447529,0.3654210294332655
41,4.28,0.62,1173.9553407126762,318.0,3395.4758732700293,0.0189,3455485648.2695656,70555568.54874393,Jackson,-0.33310031826613523,-0.7313052855826476,linear,0.27224364183120947,1.7078179235407302e+24,0.844371039730549,0.27224364183120947
42,4.28,0.62,1173.9553407126762,318.0,7337.824816870592,0.0189,1402653474.2951941,12508508.722961463,Jackson,-0.375472235052676,-0.7116010285782781,linear,0.2998740507291278,1.2580924759451607e+24,0.30584024138491983,0.2998740507291278
43,4.28,0.62,1173.9553407126762,318.0,1927.918299537841,0.0189,7156018108.312385,2807543.848990197,Jackson,-0.34912891898527976,-0.7365697015890044,GP,0.09488290933070556,7.604163573685474e+23,0.5073490607029489,0.09488290933070556
44,4.28,0.62,1173.9553407126762,318.0,2107.2517870071,0.0189,3423486747.4837885,51195703.34204498,Selsis,-0.42990151814999283,-0.7480036541615941,log,0.47862126927500537,2.3601792683806568e+24,0.5743114147361084,0.47862126927500537
45,4.28,0.62,1173.9553407126762,318.0,4158.56721024871,0.0189,2707598021.275752,6101137.218811928,Jackson,-0.40979282077091683,-0.7617585541673825,log,0.26312433434686855,1.1950184041638167e+24,0.660177441467451,0.26312433434686855
46,4.28,0.62,1173.9553407126762,318.0,2529.605773581341,0.0189,4937305803.524649,90161180.18850245,Jackson,-0.3042149715859871,-0.6618263918408063,log,0.23148292905555534,2.0932946132769438e+24,0.011435915327247859,0.23148292905555534
47,4.28,0.62,1173.9553407126762,318.0,8704.464554587094,0.0189,1145169003.7995281,62774253.82545349,Selsis,-0.45665633976993,-0.6903220366353595,linear,0.2019858496091211,7.749173137283894e+23,0.2642024879942285,0.2019858496091211
48,4.28,0.62,1173.9553407126762,318.0,2725.4840078900597,0.0189,2777623671.278068,63962529.81042209,Selsis,-0.3308752527387004,-0.7159318944326672,linear,0.1633554988366337,1.156794229582828e+24,0.09851309072907855,0.1633554988366337
49,4.28,0.62,1173.9553407126762,318.0,2008.0402299483,0.0189,3561952725.0811524,24583503.88152614,Selsis,-0.2992274020581938,-0.7297633549002325,log,0.11095863875987279,1.0916983528267499e+24,0.5321946250590536,0.11095863875987279
50,4.28,0.62,1173.9553407126762,318.0,5055.239647977631,0.0189,1710532699.052238,38843298.85069693,Selsis,-0.2908734420585631,-0.6623216058991743,log,0.13961549219219302,1.2785136387490966e+24,0.4840503465007423,0.13961549219219302
51,4.28,0.62,1173.9553407126762,318.0,856.3286537217028,0.0189,7605205374.56804,45699515.85720662,Selsis,-0.4900777984543433,-0.626155888472125,linear,0.12142168117995451,7.786156371630256e+23,0.32955398230376753,0.12142168117995451
52,4.28,0.62,1173.9553407126762,318.0,1741.9005188572464,0.0189,4005344065.3101873,53457737.21658372,Selsis,-0.3639052817448287,-0.7724846997504485,log,0.44881397514575055,2.796948845263969e+24,0.012151653264493856,0.44881397514575055
53,4.28,0.62,1173.9553407126762,318.0,5649.169976105675,0.0189,1885783628.703938,79660018.19480842,Jackson,-0.4264698643804211,-0.7920391331607356,linear,0.13222981557500205,4.2906480976395874e+23,0.4735681926887998,0.13222981557500205
54,4.28,0.62,1173.9553407126762,318.0,3346.0892430942795,0.0189,3517452036.0398407,61223781.10460812,Jackson,-0.4374340690529815,-0.692110059787765,log,0.10915460179619156,4.741886376024592e+23,0.7930424668956835,0.10915460179619156
55,4.28,0.62,1173.9553407126762,318.0,785.1252798930409,0.0189,8273442100.722405,43869733.278260164,Selsis,-0.2884831594402588,-0.7593196662130647,GP,0.06152674592629508,7.230937360734507e+23,0.3471660857252159,0.06152674592629508
56,4.28,0.62,1173.9553407126762,318.0,5353.307164649665,0.0189,2008274174.5629802,70910459.79935826,Jackson,-0.29270627413023687,-0.6887304253474646,log,0.12544651701231924,8.974128575845963e+23,0.993591514906442,0.12544651701231924
57,4.28,0.62,1173.9553407126762,318.0,604.9917909514078,0.0189,10731467573.463482,45156829.61682003,Selsis,-0.4415873997942287,-0.7603655629382206,linear,0.3492807697294824,1.9471484443082182e+24,0.9833470777523664,0.3492807697294824
58,4.28,0.62,1173.9553407126762,318.0,2084.981141862177,0.0189,3453581002.3340645,41364969.89567415,Selsis,-0.4639631772949539,-0.603412472007517,GP,0.058279458684565875,3.5929833525194935e+23,0.6355770794066828,0.058279458684565875
59,4.28,0.62,1173.9553407126762,318.0,3512.6146504900944,0.0189,3316276590.470799,40622594.32145535,Jackson,-0.4713017514673594,-0.7463179696969939,linear,0.06262899821463189,2.4511081201085423e+23,0.17639794560414235,0.06262899821463189
60,4.28,0.62,1173.9553407126762,318.0,4446.060215774094,0.0189,2500765003.327634,94068752.59715196,Jackson,-0.42356498136191645,-0.6048033000045604,GP,0.18010100145344135,8.400000996207552e+23,0.8274230776946672,0.18010100145344135
61,4.28,0.62,1173.9553407126762,318.0,2803.7791280224938,0.0189,4353538012.658453,96806097.01662417,Jackson,-0.35465632964791033,-0.6262171918562822,linear,0.22855785044770688,1.5411108107358827e+24,0.7767895335151827,0.22855785044770688
62,4.28,0.62,1173.9553407126762,318.0,2625.5635183947975,0.0189,4716848322.182968,61561351.23431184,Jackson,-0.3250983417490897,-0.7251237019198784,log,0.07774341128829595,5.81138307275729e+23,0.028658482023766307,0.07774341128829595
63,4.28,0.62,1173.9553407126762,318.0,3861.4560643898762,0.0189,2958628712.8527126,33019704.151805997,Jackson,-0.37047401381774153,-0.6142376912582908,GP,0.07706021744061888,4.790951483521214e+23,0.5650519948317925,0.07706021744061888
64,4.28,0.62,1173.9553407126762,318.0,5546.98314415821,0.0189,1926430440.5134335,30017449.13319444,Jackson,-0.43254851640322034,-0.6769650667129957,GP,0.20561155640150383,8.038585432268956e+23,0.6978852685005262,0.20561155640150383
65,4.28,0.62,1173.9553407126762,318.0,2249.618086650069,0.0189,3244707408.929891,86477292.10322078,Selsis,-0.3625675605472304,-0.6425923134016538,log,0.10694234526157853,6.935192845067321e+23,0.44089980371735704,0.10694234526157853
66,4.28,0.62,1173.9553407126762,318.0,5177.158873640442,0.0189,2088725141.4057028,33543395.180877965,Jackson,-0.3301409977268608,-0.6178145063400301,GP,0.22550350534392372,1.475408216193225e+24,0.25383552811233756,0.22550350534392372
67,4.28,0.62,1173.9553407126762,318.0,1788.7617608472715,0.0189,7946448088.212728,10840398.23116663,Jackson,-0.4905841030104835,-0.6543905273179543,log,0.3426064120354351,2.0777842731483908e+24,0.694552822717711,0.3426064120354351
68,4.28,0.62,1173.9553407126762,318.0,3447.9903002498772,0.0189,3391728251.0557156,72501138.28110969,Jackson,-0.49331851463854887,-0.7375348870030922,log,0.13096930177606078,4.765178794516672e+23,0.33684525576508173,0.13096930177606078
69,4.28,0.62,1173.9553407126762,318.0,7780.942222850803,0.0189,1314238087.2354085,34402877.476420775,Jackson,-0.39671325998011187,-0.7742576978748745,linear,0.09990022928110799,3.468719563729307e+23,0.316698236371283,0.09990022928110799
70,4.28,0.62,1173.9553407126762,318.0,3080.6788140467056,0.0189,2517873450.4307423,67158838.70285569,Selsis,-0.31634249392500674,-0.7639084905818644,log,0.411300567132506,3.0723128817933333e+24,0.08426876107761794,0.411300567132506
71,4.28,0.62,1173.9553407126762,318.0,2914.253515313878,0.0189,4153985289.8400664,99587457.41218042,Jackson,-0.4356883522133288,-0.783366636636102,linear,0.18607850733419104,7.303561956409444e+23,0.8553631120098995,0.18607850733419104
72,4.28,0.62,1173.9553407126762,318.0,3249.642938352565,0.0189,3642825666.3900347,53788375.92088237,Jackson,-0.41317410329471566,-0.6313934570822689,GP,0.1287256093257508,6.93844744958956e+23,0.39449831264941926,0.1287256093257508
73,4.28,0.62,1173.9553407126762,318.0,1833.1308307795034,0.0189,3839304936.2055736,43414522.43904462,Selsis,-0.39286110777084143,-0.7544838319433491,GP,0.12345135797931789,6.940575235583486e+23,0.02610819024152311,0.12345135797931789
74,4.28,0.62,1173.9553407126762,318.0,3034.718201465777,0.0189,2548231113.0255046,18719319.013627674,Selsis,-0.4117336637016361,-0.6760339552737114,log,0.4461720471852211,2.468647083057722e+24,0.6174503428167587,0.4461720471852211
75,4.28,0.62,1173.9553407126762,318.0,7567.710017892426,0.0189,1355374698.902093,63110045.154170014,Jackson,-0.2982382152271931,-0.6000499477074959,linear,0.3284707270531525,2.1694583585707555e+24,0.4130553256385473,0.3284707270531525
76,4.28,0.62,1173.9553407126762,318.0,4234.970541057678,0.0189,2649508313.4520836,50170001.00850359,Jackson,-0.4448126758305994,-0.7507559205039948,GP,0.19001244187154098,7.149783523088141e+23,0.5557971030641707,0.19001244187154098
77,4.28,0.62,1173.9553407126762,318.0,2657.0686386289535,0.0189,4648494991.6566305,46983899.30138798,Jackson,-0.3705449625304902,-0.7566211698777906,linear,0.35237066634356273,2.0064885836461977e+24,0.20760683500686938,0.35237066634356273
78,4.28,0.62,1173.9553407126762,318.0,2768.278842228948,0.0189,2742978476.663901,19454137.802167922,Selsis,-0.47862449767427184,-0.6101271929901193,log,0.31748682894711766,1.856269996400715e+24,0.7624384524840473,0.31748682894711766
79,4.28,0.62,1173.9553407126762,318.0,10650.139506659547,0.0189,924373021.7689211,38868243.350082345,Jackson,-0.3921452776928813,-0.7090246498791055,GP,0.32044408866406704,1.0070146234070217e+24,0.6513282627816741,0.32044408866406704
80,4.28,0.62,1173.9553407126762,318.0,5039.857040895704,0.0189,1714453620.7984438,17032582.832051404,Selsis,-0.33410425998252574,-0.6559367504451256,log,0.07404910450786462,5.2669752780339885e+23,0.8928810378523647,0.07404910450786462
81,4.28,0.62,1173.9553407126762,318.0,1286.5241630181279,0.0189,5190099603.696033,67961083.24913976,Selsis,-0.31352413223498754,-0.7731987230214553,GP,0.19754845997844897,1.7071787423121563e+24,0.7261003551704053,0.19754845997844897
82,4.28,0.62,1173.9553407126762,318.0,800.370033022151,0.0189,8119715259.232708,22796669.516690772,Selsis,-0.42924593814250733,-0.7458704137896245,GP,0.2631588220226092,1.5272381637580777e+24,0.9433178028174592,0.2631588220226092
83,4.28,0.62,1173.9553407126762,318.0,5400.275706178037,0.0189,1627974437.537389,32121742.633901484,Selsis,-0.4652095155465701,-0.6212872151222437,linear,0.2049415847442419,1.0166452460771172e+24,0.38282696501326574,0.2049415847442419
84,4.28,0.62,1173.9553407126762,318.0,10399.817346026955,0.0189,949235164.7167408,78781259.62362868,Jackson,-0.43464898979776645,-0.6133866136864108,log,0.2179592363126644,6.52615763171668e+23,0.5750944110321208,0.2179592363126644
85,4.28,0.62,1173.9553407126762,318.0,2622.341973540136,0.0189,2865132764.982636,50138339.80753036,Selsis,-0.39069832134944116,-0.673358721602757,GP,0.3141926965891345,1.798133388571319e+24,0.9870499677779994,0.3141926965891345
86,4.28,0.62,1173.9553407126762,318.0,622.9173772125624,0.0189,10417215459.434843,39969146.188128896,Selsis,-0.31391653587639506,-0.7309305822811212,linear,0.2877591655478311,2.9017497134716627e+24,0.8807244206382159,0.2877591655478311
87,4.28,0.62,1173.9553407126762,318.0,617.273244945832,0.0189,10514004090.951681,43029621.260556854,Selsis,-0.30769712280357364,-0.7586302416734646,log,0.330076578043945,3.423588001035293e+24,0.18356449567149014,0.330076578043945
88,4.28,0.62,1173.9553407126762,318.0,1456.744144934475,0.0189,4654819296.018427,13283932.311658721,Selsis,-0.3948896527538286,-0.605312121621496,log,0.09978056517060942,7.70461537820856e+23,0.9448350108081296,0.09978056517060942
89,4.28,0.62,1173.9553407126762,318.0,2029.9257297494653,0.0189,3530502406.714676,98690456.43024862,Selsis,-0.31274421572293637,-0.6804858443207957,linear,0.46581532454129343,3.800404604169914e+24,0.5874454391548889,0.46581532454129343
90,4.28,0.62,1173.9553407126762,318.0,21904.305793725656,0.0189,593892952.0771121,97938522.85406391,Selsis,-0.46740496161724754,-0.7021227298141632,GP,0.07990281535805778,2.118908040390745e+23,0.09039871578405756,0.07990281535805778
91,4.28,0.62,1173.9553407126762,318.0,1305.3233440593472,0.0189,5121601257.450662,74106736.74917407,Selsis,-0.41880553874329374,-0.6116822393052757,GP,0.0688306452383705,4.580500399657751e+23,0.6226291994090546,0.0688306452383705
92,4.28,0.62,1173.9553407126762,318.0,5927.5647846267075,0.0189,1518870550.4777606,67366867.57837082,Selsis,-0.4385367711200844,-0.78595836982125,log,0.2602122668514547,1.0396666226987756e+24,0.6855802976200644,0.2602122668514547
93,4.28,0.62,1173.9553407126762,318.0,791.4476362180649,0.0189,8208920998.918777,67758467.88382746,Selsis,-0.3264017147828149,-0.7354810599098333,linear,0.05244695860267997,4.5079434022098826e+23,0.9368112900312208,0.05244695860267997
94,4.28,0.62,1173.9553407126762,318.0,1770.271432766882,0.0189,8063368173.299277,89726831.49285588,Jackson,-0.2948627222261981,-0.6323378459860075,linear,0.12843827988088183,1.562108592170718e+24,0.8265414188100774,0.12843827988088183
95,4.28,0.62,1173.9553407126762,318.0,809.8149520959995,0.0189,8027566589.84527,28635836.408969034,Selsis,-0.4237043650173457,-0.7142035378324624,log,0.107757446418886,6.483339406776418e+23,0.6382588072640609,0.107757446418886
96,4.28,0.62,1173.9553407126762,318.0,3287.8815963509533,0.0189,3592109250.9067707,34278105.4971056,Jackson,-0.36228011866144283,-0.6654728690869054,GP,0.1560441180335524,9.552492292007492e+23,0.14663420164877616,0.1560441180335524
97,4.28,0.62,1173.9553407126762,318.0,1773.1587940057736,0.0189,3946584355.9406443,63421009.500739336,Selsis,-0.3908513583524034,-0.6065275764362946,linear,0.164142611599503,1.1437160618819343e+24,0.3815168568023425,0.164142611599503
98,4.28,0.62,1173.9553407126762,318.0,6016.525535427111,0.0189,1752383768.3200102,60588964.738924205,Jackson,-0.4205382240960536,-0.6632428055478025,log,0.1572572252278496,5.865948335642503e+23,0.09714595876434684,0.1572572252278496
99,4.28,0.62,1173.9553407126762,318.0,660.5725852450541,0.0189,9817570704.17364,47445360.79831191,Selsis,-0.28474374260666574,-0.7384255259359448,linear,0.15294950679283714,1.9074131322445642e+24,0.8917866558971337,0.15294950679283714
100,4.28,0.62,1173.9553407126762,318.0,1662.3903559354478,0.0189,8812011784.68011,44896472.58033842,Jackson,-0.37587974096178656,-0.6445015315985606,GP,0.05346092921015799,4.3053885761562207e+23,0.8535454887000937,0.05346092921015799
101,4.28,0.62,1173.9553407126762,318.0,14694.76508332259,0.0189,650911382.1239663,18332138.448034264,Jackson,-0.4600124970842785,-0.7260771646936682,log,0.22876637291839222,5.674447777531126e+23,0.8228236186136647,0.22876637291839222
102,4.28,0.62,1173.9553407126762,318.0,9809.541476733022,0.0189,1049230669.1841209,44186966.98005094,Selsis,-0.4286045716530692,-0.6171657655836604,log,0.37617569452075805,1.7043596211367325e+24,0.18186397350682293,0.37617569452075805
103,4.28,0.62,1173.9553407126762,318.0,1144.2220806304724,0.0189,5783507382.8155775,31476523.37683665,Selsis,-0.29423301677821817,-0.6520750932899918,GP,0.3980822393612876,4.6459218570797506e+24,0.42727319089112537,0.3980822393612876
104,4.28,0.62,1173.9553407126762,318.0,535.2962104597464,0.0189,12176015696.42929,22519037.782753706,Selsis,-0.2880167753410332,-0.6336316937616714,GP,0.21429469866420228,3.075881492314478e+24,0.7003801172421535,0.21429469866420228
105,4.28,0.62,1173.9553407126762,318.0,960.0442718674834,0.0189,6818549499.883354,91383350.76807661,Selsis,-0.4242450294112064,-0.6362473231800991,log,0.0556540942168206,3.490124944103354e+23,0.3264083706219868,0.0556540942168206
106,4.28,0.62,1173.9553407126762,318.0,1589.1210058051972,0.0189,4324917595.560224,17280385.93046128,Selsis,-0.4043100359847544,-0.6993827008971083,linear,0.06665521535134664,4.013393409630782e+23,0.997905848399711,0.06665521535134664
107,4.28,0.62,1173.9553407126762,318.0,7463.05146744645,0.0189,1376504847.9435897,17925660.4963579,Jackson,-0.42456434539149795,-0.7343389006035927,GP,0.1958820722912097,6.788432060857013e+23,0.08485782586672952,0.1958820722912097
108,4.28,0.62,1173.9553407126762,318.0,1470.778558688004,0.0189,4617076112.210055,14138361.920001931,Selsis,-0.36164558447507394,-0.6439313592924248,log,0.06722397953050532,5.237351948467253e+23,0.11539795377961126,0.06722397953050532
109,4.28,0.62,1173.9553407126762,318.0,3441.4579747387284,0.0189,3399536963.4975696,2658825.4545869557,Jackson,-0.37281129800662677,-0.777402609832988,GP,0.22503404873900665,1.2689982054248227e+24,0.27419744291489934,0.22503404873900665
110,4.28,0.62,1173.9553407126762,318.0,2346.2947400132516,0.0189,5462518776.137749,15001082.206717514,Jackson,-0.48726638351772744,-0.6074704990532269,linear,0.18242015311337986,1.1671894276301022e+24,0.6569023201883171,0.18242015311337986
111,4.28,0.62,1173.9553407126762,318.0,7719.266387149388,0.0189,1250967824.0108266,9443478.86189678,Selsis,-0.31030637873138356,-0.6994341013639164,GP,0.22689386493150748,1.7142400529954064e+24,0.5104563075505383,0.22689386493150748
112,4.28,0.62,1173.9553407126762,318.0,748.5460280530666,0.0189,8669679658.029917,71061847.27779514,Selsis,-0.4414505154129963,-0.7249588087749622,GP,0.0699421404115782,3.791487981194376e+23,0.3151204058845597,0.0699421404115782
113,4.28,0.62,1173.9553407126762,318.0,2654.4371271448845,0.0189,2837216408.255423,93278807.27801555,Selsis,-0.284035194420474,-0.7176848978104416,log,0.39484469334344413,3.817725055486527e+24,0.5077232302781837,0.39484469334344413
114,4.28,0.62,1173.9553407126762,318.0,1155.6809672039597,0.0189,5730190283.168874,55708334.70486223,Selsis,-0.4290801452430081,-0.793703258347795,log,0.05249606134611443,2.6981964749265945e+23,0.14617376971007812,0.05249606134611443
115,4.28,0.62,1173.9553407126762,318.0,2755.5405731005403,0.0189,4446504384.180811,36973876.78528693,Jackson,-0.28486754772668765,-0.712313196782135,log,0.26507631624744665,2.79484984585689e+24,0.40940018824679925,0.26507631624744665
116,4.28,0.62,1173.9553407126762,318.0,571.425342386587,0.0189,11378529382.065638,31175800.933875997,Selsis,-0.2939276324968584,-0.677896394099794,GP,0.3243003996019544,4.083235565945935e+24,0.3657300834272733,0.3243003996019544
117,4.28,0.62,1173.9553407126762,318.0,1900.5912660500228,0.0189,3726485736.5154734,27326102.03695796,Selsis,-0.4093539798727237,-0.6810563827897324,GP,0.34038626655998183,1.9826369739054752e+24,0.6220868125300416,0.34038626655998183
118,4.28,0.62,1173.9553407126762,318.0,3011.0716042196655,0.0189,2564191572.112288,16747655.199891187,Selsis,-0.3596014830430376,-0.6028385243520151,GP,0.05810072100264094,4.442243980230523e+23,0.15234917154862893,0.05810072100264094
119,4.28,0.62,1173.9553407126762,318.0,1199.3333273244907,0.0189,5536634130.3532505,10116169.292233672,Selsis,-0.47091696822751716,-0.7280973282591952,linear,0.06951040357081831,3.72230534905061e+23,0.06593319211784454,0.06951040357081831
120,4.28,0.62,1173.9553407126762,318.0,2420.202098130462,0.0189,5237326932.248979,50318978.69866828,Jackson,-0.45447682639089493,-0.7694389943396674,linear,0.11510472425451782,5.073242270190241e+23,0.951978196239986,0.11510472425451782
121,4.28,0.62,1173.9553407126762,318.0,796.3291859663873,0.0189,8159851346.947365,93229217.05947052,Selsis,-0.4793082341428374,-0.6387812694060624,GP,0.31321094872693084,1.8446627355823072e+24,0.9709611933851539,0.31321094872693084
122,4.28,0.62,1173.9553407126762,318.0,3603.8584398357484,0.0189,3215032136.3156576,2128726.1784066088,Jackson,-0.34244205492881136,-0.7838071949028224,linear,0.053171475765399406,3.47908403236564e+23,0.6648059439171122,0.053171475765399406
123,4.28,0.62,1173.9553407126762,318.0,3662.9855316416774,0.0189,3152512718.8196735,17739408.1092035,Jackson,-0.34371824611965307,-0.6545457326219767,log,0.20556580988423426,1.3876085511492227e+24,0.8396551028200767,0.20556580988423426
124,4.28,0.62,1173.9553407126762,318.0,1082.1904402442333,0.0189,6092454406.430061,55021645.66713175,Selsis,-0.3283742413384485,-0.7917054192163866,linear,0.2700142082734642,2.1788722742002842e+24,0.5557672057983255,0.2700142082734642
125,4.28,0.62,1173.9553407126762,318.0,2743.302546786036,0.0189,2763073375.497758,28706122.036623593,Selsis,-0.315790578340814,-0.7828812234070808,GP,0.21850370570330638,1.7680532682738435e+24,0.7294038449570373,0.21850370570330638
126,4.28,0.62,1173.9553407126762,318.0,1569.2462879926081,0.0189,4370959274.520061,78156572.6720464,Selsis,-0.325824368102163,-0.6640725316804971,GP,0.13939150761106323,1.1416358324395971e+24,0.947586985281065,0.13939150761106323
127,4.28,0.62,1173.9553407126762,318.0,6640.660309571672,0.0189,1568085993.4535198,82156050.13593915,Jackson,-0.4261390730972752,-0.6772633515225478,log,0.07431946976005381,2.444166566146888e+23,0.018699219184272753,0.07431946976005381
128,4.28,0.62,1173.9553407126762,318.0,1744.356096136601,0.0189,4000653892.4733973,46629287.70817888,Selsis,-0.31207153392402776,-0.766647371123414,log,0.32337520967385586,2.8021034745735724e+24,0.00625732653930855,0.32337520967385586
129,4.28,0.62,1173.9553407126762,318.0,2907.3773192584413,0.0189,4165895159.5748734,6614239.648177216,Jackson,-0.35016138122799745,-0.62908955425874,linear,0.13447293301436697,1.044387785578663e+24,0.619890770220131,0.13447293301436697
130,4.28,0.62,1173.9553407126762,318.0,3068.5083387662953,0.0189,2525828468.2865767,60729292.101196304,Selsis,-0.34491017497027976,-0.7013653378998383,linear,0.17190371282485123,1.1157894378418708e+24,0.21254472701903127,0.17190371282485123
131,4.28,0.62,1173.9553407126762,318.0,6144.122175006743,0.0189,1479021121.7246118,65166933.47885511,Selsis,-0.41676231073572545,-0.7540205091999561,GP,0.22741823232088793,9.590240712001226e+23,0.8953791201986357,0.22741823232088793
132,4.28,0.62,1173.9553407126762,318.0,3049.3982113189113,0.0189,3932430279.0783696,1064389.2303788164,Jackson,-0.3378682846440006,-0.7465996003921459,linear,0.10605346128500762,7.770052557476369e+23,0.060780619765999355,0.10605346128500762
133,4.28,0.62,1173.9553407126762,318.0,1852.4283741311547,0.0189,7566247108.390613,7720069.280629212,Jackson,-0.44991171292575133,-0.6354715916287542,linear,0.06986597457067958,4.742683455506021e+23,0.4025672373288003,0.06986597457067958
134,4.28,0.62,1173.9553407126762,318.0,1511.2559124743477,0.0189,4512087774.740009,84387536.6632197,Selsis,-0.4898389906654588,-0.6517394491291576,GP,0.48828851804831636,2.4869293233829533e+24,0.37962871085072836,0.48828851804831636
135,4.28,0.62,1173.9553407126762,318.0,3350.179643095896,0.0189,3512317304.1478515,50699443.70379024,Jackson,-0.31758881074025275,-0.6734227499720297,linear,0.46757224887671306,3.554886650971518e+24,0.9123433171947228,0.46757224887671306
136,4.28,0.62,1173.9553407126762,318.0,3716.0760725862806,0.0189,3098319039.038639,44068619.967315435,Jackson,-0.3754702677912162,-0.637900700381425,linear,0.2028885676787201,1.1604299599267386e+24,0.8027183041298646,0.2028885676787201
137,4.28,0.62,1173.9553407126762,318.0,10186.035722201683,0.0189,971525355.938928,20451910.07657756,Jackson,-0.2815841480926278,-0.6217292413170548,GP,0.28376322272280174,1.9691739657212e+24,0.05150280086236059,0.28376322272280174
138,4.28,0.62,1173.9553407126762,318.0,2858.180316918764,0.0189,2673415932.708982,90922632.38792673,Selsis,-0.34751257600865726,-0.6623116526444484,log,0.2730328389858537,1.7503998734445113e+24,0.7261449014594553,0.2730328389858537
139,4.28,0.62,1173.9553407126762,318.0,7177.2232199276405,0.0189,1319220555.1364524,49951332.07599118,Selsis,-0.45253159765992906,-0.6109628797194375,GP,0.19620274101644153,9.280499405513165e+23,0.016796602981905773,0.19620274101644153
140,4.28,0.62,1173.9553407126762,318.0,3760.223787506745,0.0189,3054588940.2905507,31152034.04271578,Jackson,-0.3632939503832609,-0.6824179765898336,log,0.11449009103386958,6.480776661288279e+23,0.11913167031775707,0.11449009103386958
141,4.28,0.62,1173.9553407126762,318.0,2382.1430965148525,0.0189,3096775193.51103,51138367.78526969,Selsis,-0.3121616814644562,-0.788206721335366,linear,0.2965363164210798,2.426859801093729e+24,0.4198791921752306,0.2965363164210798
142,4.28,0.62,1173.9553407126762,318.0,7725.668980615858,0.0189,1250213250.5462778,71746940.01223867,Selsis,-0.29389660913827664,-0.6726751968891643,GP,0.36662630331325835,2.7959944683925196e+24,0.169546476928351,0.36662630331325835
143,4.28,0.62,1173.9553407126762,318.0,2802.6576932754897,0.0189,2715876365.6264963,41116733.9465023,Selsis,-0.3337602959147142,-0.7712598756426363,GP,0.25819221709763496,1.8126305795259955e+24,0.10113133321872092,0.25819221709763496
144,4.28,0.62,1173.9553407126762,318.0,2116.8202465153404,0.0189,3410744751.2805853,37829547.68005954,Selsis,-0.421061118299539,-0.7563628061800836,log,0.19987599471489587,1.0228081062345562e+24,0.7924519393906213,0.19987599471489587
145,4.28,0.62,1173.9553407126762,318.0,1965.5071013584627,0.0189,6966521827.048326,17794101.94626748,Jackson,-0.35695082926100546,-0.7353891504705571,log,0.2525851124355981,1.8432550924440473e+24,0.06060898205892429,0.2525851124355981
146,4.28,0.62,1173.9553407126762,318.0,2345.1744010770512,0.0189,3136443018.625107,63582130.656668,Selsis,-0.3329907553469121,-0.7489225560905004,linear,0.23655082084086962,1.6665803497665177e+24,0.619586358704222,0.23655082084086962
147,4.28,0.62,1173.9553407126762,318.0,1670.0025715668028,0.0189,4148622378.9250374,33529265.441408243,Selsis,-0.49442801199934666,-0.6093581869713646,log,0.05313891963012509,3.272309507148902e+23,0.4101060953608502,0.05313891963012509
148,4.28,0.62,1173.9553407126762,318.0,1283.394022303914,0.0189,5201704411.032299,97713750.8058685,Selsis,-0.31615771603400333,-0.7288021556989025,GP,0.05567110710582735,4.602256366783496e+23,0.6170847988408407,0.05567110710582735
149,4.28,0.62,1173.9553407126762,318.0,2037.6352614734192,0.0189,6627450240.412561,19552076.523834493,Jackson,-0.3072509874371857,-0.659389302967879,log,0.21477026131689542,2.3116977394340483e+24,0.5249139814866405,0.21477026131689542
150,4.28,0.62,1173.9553407126762,318.0,1352.8660474472135,0.0189,4958215377.3180895,31372796.596909937,Selsis,-0.32406540598598765,-0.6062224834800608,GP,0.12656933246472002,1.2794850327159346e+24,0.9671120490317981,0.12656933246472002
151,4.28,0.62,1173.9553407126762,318.0,5207.952661502464,0.0189,2074217976.5037014,7234010.084628639,Jackson,-0.4747033086658342,-0.6490899611511781,GP,0.3336296563061399,1.4031247562829564e+24,0.5346264124367118,0.3336296563061399
152,4.28,0.62,1173.9553407126762,318.0,1867.3613959785805,0.0189,7481781052.043926,36764346.759348966,Jackson,-0.35203802853226823,-0.79558731041717,GP,0.1513667059771845,1.0894799629989618e+24,0.978891818481255,0.1513667059771845
153,4.28,0.62,1173.9553407126762,318.0,4525.322952239541,0.0189,2448848179.698672,13454465.445645878,Jackson,-0.4984382251049527,-0.7123446642439415,linear,0.10018642796535383,3.814446300132149e+23,0.5565839907446696,0.10018642796535383
154,4.28,0.62,1173.9553407126762,318.0,2594.4908596587984,0.0189,4786158490.451703,33038453.299807593,Jackson,-0.4491760342440563,-0.6788006205214918,GP,0.12297296218327082,6.142367341682767e+23,0.7091542709746849,0.12297296218327082
155,4.28,0.62,1173.9553407126762,318.0,2279.1106472766014,0.0189,5682985124.47003,68480385.46107875,Jackson,-0.35456523788533506,-0.7396944903107876,log,0.08064215349725261,5.203961576354335e+23,0.3415481195555198,0.08064215349725261
156,4.28,0.62,1173.9553407126762,318.0,3946.414422458399,0.0189,2882430935.9784565,98224956.50396647,Jackson,-0.4794734418323578,-0.7949114527719545,log,0.0916200099122535,2.956119572438528e+23,0.3471923158073916,0.0916200099122535
157,4.28,0.62,1173.9553407126762,318.0,3750.23701858014,0.0189,3064377908.5762386,39419081.74008756,Jackson,-0.37384870830572836,-0.6854172370139874,GP,0.4473125449043304,2.3745376312629144e+24,0.5217294463036916,0.4473125449043304
158,4.28,0.62,1173.9553407126762,318.0,2848.934446669043,0.0189,4269809032.7144084,51815336.32319805,Jackson,-0.3161741353547547,-0.7988741011813021,linear,0.4626294680791474,3.5168539894710154e+24,0.9497661464414867,0.4626294680791474
159,4.28,0.62,1173.9553407126762,318.0,2656.7894078955137,0.0189,2835195660.614625,16923393.74402625,Selsis,-0.3227738150656738,-0.7392951080160284,GP,0.08033989216019422,6.43811085476064e+23,0.24159079793723248,0.08033989216019422
160,4.28,0.62,1173.9553407126762,318.0,3205.7389368585004,0.0189,2439341435.274312,15708084.934063835,Selsis,-0.280561524725684,-0.6304709259034549,GP,0.3893100024651747,4.554921409038818e+24,0.6443996753315049,0.3893100024651747
161,4.28,0.62,1173.9553407126762,318.0,5339.677969265569,0.0189,2014285702.6757581,8699839.669813037,Jackson,-0.3424341635637158,-0.7867628296350445,linear,0.17219445857787186,9.432646555220659e+23,0.13662180828285264,0.17219445857787186
162,4.28,0.62,1173.9553407126762,318.0,668.9845499894141,0.0189,9693640886.963316,2174654.8548844336,Selsis,-0.4406704602969926,-0.7773215112056965,linear,0.49647892821188044,2.97978535836164e+24,0.3652112747419427,0.49647892821188044
163,4.28,0.62,1173.9553407126762,318.0,9539.692744606771,0.0189,1070814437.5675641,74686727.14061272,Selsis,-0.3842805176518615,-0.6403865085470256,GP,0.05842704286694398,2.653609407630522e+23,0.9975498031750962,0.05842704286694398
164,4.28,0.62,1173.9553407126762,318.0,6726.738918354615,0.0189,1545622384.0918977,2430127.245034366,Jackson,-0.4457967564443764,-0.7476956706430892,log,0.13096215031450062,4.8158572740306245e+23,0.1651963797550423,0.13096215031450062
165,4.28,0.62,1173.9553407126762,318.0,2340.794694941563,0.0189,3141219578.6650476,19564333.951793373,Selsis,-0.363650182257026,-0.7216858184212246,GP,0.07950494095809083,5.164335211582208e+23,0.1565278559217549,0.07950494095809083
166,4.28,0.62,1173.9553407126762,318.0,5328.069320911621,0.0189,2019433338.3234828,76198264.46699312,Jackson,-0.39241753836146226,-0.6968305549011653,log,0.0751686787657032,2.959272103677164e+23,0.0721259777401021,0.0751686787657032
167,4.28,0.62,1173.9553407126762,318.0,7729.198219261667,0.0189,1323993274.936675,62773712.43672506,Jackson,-0.34193992008767105,-0.6259896551538155,linear,0.44739067132276666,2.115949501523172e+24,0.14416084987934918,0.44739067132276666
168,4.28,0.62,1173.9553407126762,318.0,2231.245854535148,0.0189,3266543345.574926,11041705.19435212,Selsis,-0.4905559960135659,-0.7172182276503518,log,0.4147188205205917,2.0427676010015212e+24,0.7256385043819046,0.4147188205205917
169,4.28,0.62,1173.9553407126762,318.0,2480.1137040995304,0.0189,5066842365.109632,5603723.292752615,Jackson,-0.38584765069712484,-0.7699286193353251,log,0.47968060511112476,2.8080248856388866e+24,0.15526355701517724,0.47968060511112476
170,4.28,0.62,1173.9553407126762,318.0,1122.6605938298458,0.0189,5886883926.474751,40384333.09774014,Selsis,-0.3575264002705946,-0.7639795228288586,GP,0.14453650109006416,1.0069497006071675e+24,0.6998243323314225,0.14453650109006416
171,4.28,0.62,1173.9553407126762,318.0,4503.613674691138,0.0189,2462888922.1702046,13369641.340090742,Jackson,-0.38705067573329766,-0.6088638616690012,GP,0.22484463025357265,1.30535467650306e+24,0.5836265045295769,0.22484463025357265
172,4.28,0.62,1173.9553407126762,318.0,3042.7241880620973,0.0189,3942840143.334199,3576303.0300972923,Jackson,-0.31145050764849663,-0.7245418014914842,log,0.3945614394998082,3.437384283465912e+24,0.7521857815066715,0.3945614394998082
173,4.28,0.62,1173.9553407126762,318.0,1999.292254414455,0.0189,6803889454.402945,31473176.707828134,Jackson,-0.3863882976459106,-0.7452490929459478,linear,0.2530279751630696,1.5438111953501147e+24,0.3516166567372154,0.2530279751630696
174,4.28,0.62,1173.9553407126762,318.0,1116.7954440325614,0.0189,5915719473.789631,86756805.65567817,Selsis,-0.39391729750290433,-0.6218996920982094,GP,0.10501715958603984,7.269812723544602e+23,0.6661544949185845,0.10501715958603984
175,4.28,0.62,1173.9553407126762,318.0,1607.9529200412687,0.0189,4282320856.093436,30593402.257891484,Selsis,-0.29740087796942205,-0.7258479263682693,log,0.06856920325219588,7.007074511745421e+23,0.6162296573189322,0.06856920325219588
176,4.28,0.62,1173.9553407126762,318.0,1061.0139191974579,0.0189,6206517928.398371,72927334.84280571,Selsis,-0.4200501042065408,-0.7868634298774754,GP,0.3553332666065572,1.843130811924989e+24,0.01713790373401536,0.3553332666065572
177,4.28,0.62,1173.9553407126762,318.0,16519.90024646923,0.0189,722519568.7652277,58468443.03211172,Selsis,-0.344096432275824,-0.7964457899573696,log,0.4631375668321573,2.0327943883095643e+24,0.09925237114230923,0.4631375668321573
178,4.28,0.62,1173.9553407126762,318.0,954.87481133211,0.0189,6853494088.193174,49683810.70933704,Selsis,-0.33245004323831306,-0.6124219813807753,linear,0.2260272162287861,2.2317016945336993e+24,0.28319013693783424,0.2260272162287861
179,4.28,0.62,1173.9553407126762,318.0,4900.995956212019,0.0189,2228074905.843455,84168841.16218019,Jackson,-0.4720457286913227,-0.6335602858557965,GP,0.08194192745103185,3.125017605304309e+23,0.42448574170403186,0.08194192745103185
180,4.28,0.62,1173.9553407126762,318.0,1821.4506801901125,0.0189,3859660773.388249,9991743.505623693,Selsis,-0.3420145638541369,-0.7925844037042297,linear,0.12005800852330645,8.967784818190774e+23,0.5818564350625772,0.12005800852330645
181,4.28,0.62,1173.9553407126762,318.0,8575.35830486833,0.0189,1179030429.5390685,71274687.06819403,Jackson,-0.3335101610260364,-0.768467478408285,linear,0.2396788846163134,9.852673366965134e+23,0.256921980789249,0.2396788846163134
182,4.28,0.62,1173.9553407126762,318.0,1320.9609051934278,0.0189,12266526448.912525,74966088.84395476,Jackson,-0.4187211431468371,-0.6134280481866967,GP,0.23186348227430073,2.0077132029931427e+24,0.37677224516786434,0.23186348227430073
183,4.28,0.62,1173.9553407126762,318.0,4891.360532962705,0.0189,2233258822.792044,92818263.9348579,Jackson,-0.29541710688953376,-0.7978668950216149,log,0.390729476030367,2.621015729588139e+24,0.11380686408594254,0.390729476030367
184,4.28,0.62,1173.9553407126762,318.0,2097.8465305106656,0.0189,6366528767.117591,79310671.02604808,Jackson,-0.46963056961926164,-0.6101474905468297,GP,0.3090686904795158,1.9277033923397053e+24,0.9052788455811378,0.3090686904795158
185,4.28,0.62,1173.9553407126762,318.0,1590.459191369424,0.0189,9383888388.993725,37548956.870029636,Jackson,-0.35770929436898335,-0.7229212728138831,GP,0.216783247482961,1.6953181267828419e+24,0.9778832723360985,0.216783247482961
186,4.28,0.62,1173.9553407126762,318.0,1991.5001680717003,0.0189,6840786257.695481,59140718.847489305,Jackson,-0.46961455937545266,-0.633429533882899,GP,0.0512793712602932,3.052215210469333e+23,0.4409669087931405,0.0512793712602932
187,4.28,0.62,1173.9553407126762,318.0,2795.643249145928,0.0189,4368957224.634894,77294587.60595357,Jackson,-0.4703947478807409,-0.7854872272382466,linear,0.4396974008060357,1.695624251118939e+24,0.23564514253174507,0.4396974008060357
188,4.28,0.62,1173.9553407126762,318.0,6247.677281160956,0.0189,1679318100.2039437,98918736.19678031,Jackson,-0.2942982563596434,-0.6317026399705955,linear,0.09864389724170836,6.470182303045124e+23,0.238448785993307,0.09864389724170836
189,4.28,0.62,1173.9553407126762,318.0,1301.8299668455406,0.0189,5134176887.490397,39456081.167408004,Selsis,-0.3859725491196366,-0.7151710873514004,log,0.16712433756418357,1.0416624369055947e+24,0.7994587258794023,0.16712433756418357
190,4.28,0.62,1173.9553407126762,318.0,2900.740594821583,0.0189,4177452139.530814,71675116.75051141,Jackson,-0.34701125474713407,-0.6977185078010604,log,0.2189799817533558,1.380373582010129e+24,0.5867244717260012,0.2189799817533558
191,4.28,0.62,1173.9553407126762,318.0,3828.388655169417,0.0189,2989334865.3748493,93669051.3338091,Jackson,-0.49520408254749687,-0.6897200494665022,linear,0.06459064033227978,2.3017400411733306e+23,0.9574023260445166,0.06459064033227978
192,4.28,0.62,1173.9553407126762,318.0,1555.9388415124392,0.0189,9682481026.497517,55453772.92482957,Jackson,-0.3234731512507019,-0.6442560624987487,log,0.09264182483291536,9.982685357327218e+23,0.9921879620514289,0.09264182483291536
193,4.28,0.62,1173.9553407126762,318.0,5041.448384920084,0.0189,1714046982.1332464,70191345.33843873,Selsis,-0.35093463733737207,-0.647024230626614,log,0.14517316184564794,8.680148882974256e+23,0.7032563543786926,0.14517316184564794
194,4.28,0.62,1173.9553407126762,318.0,18823.995669530545,0.0189,659485879.8801625,36033060.45309084,Selsis,-0.43065950303757405,-0.7214512530807309,GP,0.18047025945806985,6.169846056625075e+23,0.8555115619733286,0.18047025945806985
195,4.28,0.62,1173.9553407126762,318.0,6140.4173590595055,0.0189,1712407097.5392084,1049131.503629401,Jackson,-0.4001108510902014,-0.7863367193056068,log,0.37053338786482054,1.5745852426420487e+24,0.0022143934024635437,0.37053338786482054
196,4.28,0.62,1173.9553407126762,318.0,1130.7766055552424,0.0189,5847492928.030794,83649223.98465073,Selsis,-0.3926394776561485,-0.654497783816269,log,0.09969838901388382,6.368924552101272e+23,0.718639740031466,0.09969838901388382
197,4.28,0.62,1173.9553407126762,318.0,7419.529373895059,0.0189,1385483459.5450745,81404014.04599358,Jackson,-0.3839769452581328,-0.7540779732704778,GP,0.06839964014831927,2.2843568568093213e+23,0.9892957035248784,0.06839964014831927
198,4.28,0.62,1173.9553407126762,318.0,941.3407378580455,0.0189,6946887189.197044,16969399.03601398,Selsis,-0.33215353654690705,-0.6351497856117587,linear,0.36139364896127085,3.5473082405224943e+24,0.1046601525762787,0.36139364896127085
199,4.28,0.62,1173.9553407126762,318.0,2185.1798333527827,0.0189,3322846684.330226,34332501.09964902,Selsis,-0.4123259814465084,-0.7713188942541271,log,0.3421005475685463,1.7819121306371576e+24,0.11868979840025706,0.3421005475685463
200,4.28,0.62,1173.9553407126762,318.0,1492.3298730993258,0.0189,10279439912.856783,23964886.824547354,Jackson,-0.4483421014581324,-0.6365464671727064,linear,0.0675859695820097,4.9329243848088756e+23,0.21494431507497413,0.0675859695820097
201,4.28,0.62,1173.9553407126762,318.0,2563.0719462106326,0.0189,2918435318.4362407,95045129.03269443,Selsis,-0.44414569862447095,-0.7011408866101295,GP,0.08606464375203,3.871794879824287e+23,0.5189734723268001,0.08606464375203
202,4.28,0.62,1173.9553407126762,318.0,3122.496046552218,0.0189,2490987467.930509,68435614.00413293,Selsis,-0.3629408288912947,-0.615392310807532,log,0.20648908872018354,1.375101161095514e+24,0.9635599860628724,0.20648908872018354
203,4.28,0.62,1173.9553407126762,318.0,1146.2004386083931,0.0189,5774223582.206104,2714979.4924514163,Selsis,-0.3536866194183778,-0.6371920207657444,GP,0.0650318082157886,5.750276797718662e+23,0.876249012828672,0.0650318082157886
204,4.28,0.62,1173.9553407126762,318.0,10399.667519009783,0.0189,1005547562.173955,68934165.23286593,Selsis,-0.48435915958146164,-0.6893608224744939,linear,0.1796704257155666,6.356428821656635e+23,0.5650231461445274,0.1796704257155666
205,4.28,0.62,1173.9553407126762,318.0,2610.3039871034616,0.0189,2875771971.480954,4310575.259415077,Selsis,-0.49608830805242515,-0.6312399012246712,log,0.09797557100430501,5.5851018544066966e+23,0.5844993797964342,0.09797557100430501
206,4.28,0.62,1173.9553407126762,318.0,813.4752669771617,0.0189,7992467398.777765,6566754.740690463,Selsis,-0.35199530070630497,-0.6608198276344764,linear,0.06379192710489628,5.6300343075128e+23,0.06459610216104694,0.06379192710489628
207,4.28,0.62,1173.9553407126762,318.0,8198.012015910277,0.0189,1240488068.2608933,56529738.01540959,Jackson,-0.4482667570285471,-0.7502691564024326,log,0.09229882741784415,2.6556693178176205e+23,0.050803965258953476,0.09229882741784415
208,4.28,0.62,1173.9553407126762,318.0,2578.8273811898225,0.0189,2904038270.4021783,90336634.15256505,Selsis,-0.4025354946909628,-0.7506610801071841,GP,0.06565419387520789,3.1613334662793105e+23,0.34969280439959516,0.06565419387520789
209,4.28,0.62,1173.9553407126762,318.0,5983.237007447763,0.0189,1763717221.3854842,27698837.60260508,Jackson,-0.46329831974555535,-0.6905051792246268,GP,0.17968044278023165,6.388077306791032e+23,0.5814906630959291,0.17968044278023165
210,4.28,0.62,1173.9553407126762,318.0,2824.4109920857063,0.0189,4314897007.068419,42426648.24693962,Jackson,-0.32271096048593884,-0.7444833913535582,linear,0.4865615029284521,3.654124382104686e+24,0.9565521050242372,0.4865615029284521
211,4.28,0.62,1173.9553407126762,318.0,1694.501127085376,0.0189,4098470315.9831223,55561265.40581474,Selsis,-0.33892189352400914,-0.7445465332863836,linear,0.3281412042906096,2.3700681732588254e+24,0.5467296779174983,0.3281412042906096
212,4.28,0.62,1173.9553407126762,318.0,2460.6466536412745,0.0189,3016315413.45917,9406133.783014009,Selsis,-0.38181543993704636,-0.7889200170512558,linear,0.2352006032688403,1.3978188171421455e+24,0.8487227909777523,0.2352006032688403
213,4.28,0.62,1173.9553407126762,318.0,3273.701411311428,0.0189,2398988140.1314316,41880164.928717114,Selsis,-0.47251457019948095,-0.7389508873290132,GP,0.08056980238862825,3.5708674427248565e+23,0.17365394968323355,0.08056980238862825
214,4.28,0.62,1173.9553407126762,318.0,1816.4414176731784,0.0189,7777019856.588441,28826909.034300856,Jackson,-0.35300653919362557,-0.7023662622873115,GP,0.08015322206754948,6.287933450902128e+23,0.7414849004887472,0.08015322206754948
215,4.28,0.62,1173.9553407126762,318.0,3151.6703459016558,0.0189,3779235282.2472553,67057968.43740781,Jackson,-0.4703430191601304,-0.6618545288865555,GP,0.2023977776077906,8.928967606226315e+23,0.7364726805140309,0.2023977776077906
216,4.28,0.62,1173.9553407126762,318.0,3958.015724275111,0.0189,2065852270.1413004,61570204.457629584,Selsis,-0.47953222439876075,-0.6463679121017339,GP,0.4806574649248325,2.2260833929030883e+24,0.9712657981157687,0.4806574649248325
217,4.28,0.62,1173.9553407126762,318.0,2453.723154680329,0.0189,5140676918.371154,46107255.82680479,Jackson,-0.2879729609422598,-0.7175127935871946,GP,0.06957528145513268,7.357310651519136e+23,0.6906217664893741,0.06957528145513268
218,4.28,0.62,1173.9553407126762,318.0,1548.9411006605872,0.0189,9745089375.358425,49007023.267678,Jackson,-0.4908148421419145,-0.7486012522624687,linear,0.12886582194940477,6.416036516820241e+23,0.5011469849826115,0.12886582194940477
219,4.28,0.62,1173.9553407126762,318.0,1788.6285052147036,0.0189,7947279787.464707,35200709.44213294,Jackson,-0.4428799333691208,-0.7255519717201101,log,0.07154998079206551,3.866297270709735e+23,0.4005956616919293,0.07154998079206551
220,4.28,0.62,1173.9553407126762,318.0,5257.203416876505,0.0189,2051413585.062812,86321764.7046716,Jackson,-0.4781948104719877,-0.7386529372337591,GP,0.14669543516966654,4.511867040643394e+23,0.23444422859047842,0.14669543516966654
221,4.28,0.62,1173.9553407126762,318.0,2958.149235737365,0.0189,2600787004.4197006,76355793.06197312,Selsis,-0.4026743090697905,-0.7586058430991683,linear,0.16277055470167404,7.842774660368747e+23,0.4992461677385803,0.16277055470167404
222,4.28,0.62,1173.9553407126762,318.0,2539.8030549027458,0.0189,2940009606.9024253,9977108.992839314,Selsis,-0.48369560880070855,-0.774410921374207,GP,0.3903380133856601,1.844857208251215e+24,0.78617259285225,0.3903380133856601
223,4.28,0.62,1173.9553407126762,318.0,1854.3312063150242,0.0189,7555388788.546941,29706916.94964972,Jackson,-0.3395109158138288,-0.6088019984237022,linear,0.07495923557208395,7.658687109989039e+23,0.9802479615854056,0.07495923557208395
224,4.28,0.62,1173.9553407126762,318.0,2569.664136581642,0.0189,4842941340.595512,14974713.328000821,Jackson,-0.41362408163056846,-0.7714552745593235,log,0.20024806504308323,1.0172731942381406e+24,0.6913882964285494,0.20024806504308323
225,4.28,0.62,1173.9553407126762,318.0,1319.554318540436,0.0189,5071075501.744933,20266057.18661214,Selsis,-0.40348506343508433,-0.7802704016818108,linear,0.12734477259860255,7.366970635333708e+23,0.6014280372336485,0.12734477259860255
226,4.28,0.62,1173.9553407126762,318.0,709.7368424658406,0.0189,9138197696.794773,1787551.4452248225,Selsis,-0.4765051270891509,-0.7111077615017215,GP,0.33289222470127955,2.0008010654074919e+24,0.8530778435392299,0.33289222470127955
227,4.28,0.62,1173.9553407126762,318.0,1334.443135368184,0.0189,5019392751.228025,89504931.74358164,Selsis,-0.49958544911823627,-0.7488300488434175,GP,0.20422595927832826,8.944292794645808e+23,0.6021546118675437,0.20422595927832826
228,4.28,0.62,1173.9553407126762,318.0,1200.978995030957,0.0189,5529614224.190494,21548902.145048086,Selsis,-0.31137102434282315,-0.7336857367512278,log,0.21348868704029567,2.0567990255928223e+24,0.3142813485178304,0.21348868704029567
229,4.28,0.62,1173.9553407126762,318.0,3739.566502752066,0.0189,2159751352.2032843,60994138.14302649,Selsis,-0.34610195425018114,-0.7814299284869188,log,0.05617633482432491,3.381286317336176e+23,0.9404136927146693,0.05617633482432491
230,4.28,0.62,1173.9553407126762,318.0,8158.164340384254,0.0189,1247180338.1939497,15456960.981289335,Jackson,-0.40693953265632443,-0.6756379286622162,linear,0.21463351549739562,7.967448356085648e+23,0.2799940743989925,0.21463351549739562
231,4.28,0.62,1173.9553407126762,318.0,2037.398730828519,0.0189,6628513266.311924,99523167.86099619,Jackson,-0.4537123513251955,-0.731254378584412,linear,0.425498171980589,1.9243987245855883e+24,0.6437323761138555,0.425498171980589
232,4.28,0.62,1173.9553407126762,318.0,1340.7037713327816,0.0189,4998010599.616785,69101747.26455416,Selsis,-0.3018193521422391,-0.7659957515010971,log,0.0564419663463744,5.313835888017134e+23,0.3720002904683306,0.0564419663463744
233,4.28,0.62,1173.9553407126762,318.0,4698.500041295534,0.0189,2342101613.2632694,12207630.685339471,Jackson,-0.4342081002941493,-0.6382285883855815,linear,0.24855586069278662,1.1639770825973216e+24,0.17263600377847266,0.24855586069278662
234,4.28,0.62,1173.9553407126762,318.0,1507.8440756407383,0.0189,4520723139.731085,42666298.045856796,Selsis,-0.4342000536040087,-0.6361228808804302,GP,0.4121871608292679,2.512939864170529e+24,0.09351883381271242,0.4121871608292679
235,4.28,0.62,1173.9553407126762,318.0,7906.894598616792,0.0189,1291073151.6754258,34299010.50633535,Jackson,-0.3999395354963234,-0.7876533170778434,linear,0.14506286369120894,4.936329001896161e+23,0.3804865999327248,0.14506286369120894
236,4.28,0.62,1173.9553407126762,318.0,2208.532333576698,0.0189,3294021968.032381,5518422.919857123,Selsis,-0.28543917954325193,-0.762453612864024,linear,0.25227878836626494,2.856017440634138e+24,0.7402999572430745,0.25227878836626494
237,4.28,0.62,1173.9553407126762,318.0,833.6437024659932,0.0189,7804942263.275207,43170401.67706899,Selsis,-0.4618301511995965,-0.7576626698646062,GP,0.12201860374188113,6.336748402786655e+23,0.3831831448243138,0.12201860374188113
238,4.28,0.62,1173.9553407126762,318.0,1482.8527676329666,0.0189,10374030874.623074,67383946.58386305,Jackson,-0.4774205093221866,-0.787735773959982,log,0.2592933709756114,1.255430200996767e+24,0.20349839773346767,0.2592933709756114
239,4.28,0.62,1173.9553407126762,318.0,2570.8185408045842,0.0189,4840272696.621397,91478929.35000074,Jackson,-0.31044238000316604,-0.6137696788202772,log,0.19861300754614275,1.8657554878436798e+24,0.1662870079540648,0.19861300754614275
240,4.28,0.62,1173.9553407126762,318.0,4258.645882211404,0.0189,2631989026.958336,68081340.21167172,Jackson,-0.4486577151106946,-0.7051084289038134,log,0.0856995038998194,3.2170433557285835e+23,0.8920236162096439,0.0856995038998194
241,4.28,0.62,1173.9553407126762,318.0,5802.502579084857,0.0189,1827799498.2769668,56675876.79486304,Jackson,-0.3266947271277664,-0.6354470583427752,log,0.41573755116386224,2.4405169886988793e+24,0.7885393216433187,0.41573755116386224
242,4.28,0.62,1173.9553407126762,318.0,2621.6929431265726,0.0189,4725377782.05107,93160298.10325092,Jackson,-0.46141434979074375,-0.6546563666277793,linear,0.07989846105538582,3.7585014029314905e+23,0.8239402797416359,0.07989846105538582
243,4.28,0.62,1173.9553407126762,318.0,2400.692395262833,0.0189,5295112762.527211,71167434.89554366,Jackson,-0.45062646143819296,-0.755263282847528,log,0.45276435025838807,1.9718597155037737e+24,0.19818436799015748,0.45276435025838807
244,4.28,0.62,1173.9553407126762,318.0,7911.43229738544,0.0189,1228725848.8028286,81709008.13130277,Selsis,-0.3563442583745336,-0.7173880411545334,GP,0.3374436090312182,1.6386880691566628e+24,0.5139089080075979,0.3374436090312182
245,4.28,0.62,1173.9553407126762,318.0,2627.4801817272532,0.0189,4712635453.867542,72461749.52181342,Jackson,-0.3488932035910566,-0.6783475573222392,linear,0.48904427550087226,3.2532097690553786e+24,0.3721944698272788,0.48904427550087226
246,4.28,0.62,1173.9553407126762,318.0,2990.031159016535,0.0189,4026912336.9777446,25516192.086802475,Jackson,-0.49233199811989664,-0.6900409742254769,log,0.2982234430819544,1.3190564529367446e+24,0.9331245606415567,0.2982234430819544
247,4.28,0.62,1173.9553407126762,318.0,2419.3862900177814,0.0189,5239720282.07607,60574764.067450866,Jackson,-0.4251101006418706,-0.6562631890150595,linear,0.07982367222809819,4.371061434427316e+23,0.4132890865900458,0.07982367222809819
248,4.28,0.62,1173.9553407126762,318.0,4034.830386533542,0.0189,2035096472.2028332,69736807.82494727,Selsis,-0.49883505205172046,-0.6852508645696377,GP,0.10484979233136263,4.392970309914959e+23,0.0939512287943125,0.10484979233136263
249,4.28,0.62,1173.9553407126762,318.0,2752.115217834956,0.0189,4453249579.64371,31298258.097386476,Jackson,-0.43897197560969003,-0.7925809405432879,linear,0.11695929603738014,5.201884475492738e+23,0.9881899863929372,0.11695929603738014
250,4.28,0.62,1173.9553407126762,318.0,3604.0783912017164,0.0189,3214795193.0806875,88166558.13437991,Jackson,-0.3797467469741664,-0.6067810546042502,linear,0.06347531403558389,3.697589779695227e+23,0.6930803289413805,0.06347531403558389
251,4.28,0.62,1173.9553407126762,318.0,594.0923504996814,0.0189,10932749079.370293,90992422.56669474,Selsis,-0.3853803749766124,-0.6297005777522613,linear,0.09755019988865968,7.60479638914113e+23,0.5033405196350866,0.09755019988865968
252,4.28,0.62,1173.9553407126762,318.0,3148.4716674127353,0.0189,2474620151.7649446,30719345.19774504,Selsis,-0.32247880358623177,-0.6450382759125641,log,0.16396560693348186,1.3452885375963233e+24,0.6218667931346842,0.16396560693348186
253,4.28,0.62,1173.9553407126762,318.0,759.2064781878356,0.0189,8549978123.157526,52799212.11261173,Selsis,-0.45003267477842324,-0.6677923607679487,GP,0.179875091152793,1.0845460806003484e+24,0.7949832076881721,0.179875091152793
254,4.28,0.62,1173.9553407126762,318.0,857.1778507490018,0.0189,7597945755.104299,66133829.18678671,Selsis,-0.3321115248169018,-0.7715168546240943,linear,0.0861840212230105,6.937546551870225e+23,0.2517120505339129,0.0861840212230105
255,4.28,0.62,1173.9553407126762,318.0,2145.349433302364,0.0189,6173479099.273433,9650088.39584821,Jackson,-0.41700969806146443,-0.6298651716404138,linear,0.08730027913102247,6.016485963372421e+23,0.6864514966088231,0.08730027913102247
256,4.28,0.62,1173.9553407126762,318.0,3049.624787147608,0.0189,3932077796.3964996,15548826.422615647,Jackson,-0.37542102393590715,-0.7794897357522813,log,0.3851988042505863,2.129075807349627e+24,0.9546938534450042,0.3851988042505863
257,4.28,0.62,1173.9553407126762,318.0,3061.705244464941,0.0189,3913371258.10693,32141251.085580386,Jackson,-0.4357952304524407,-0.7909966473828569,linear,0.0625322225498072,2.7069172617188978e+23,0.500785417783984,0.0625322225498072
258,4.28,0.62,1173.9553407126762,318.0,820.277781962676,0.0189,7928122203.051816,48572053.38583021,Selsis,-0.325570976505677,-0.7035861807714032,GP,0.10666522725229596,9.649850327748857e+23,0.05330417071776916,0.10666522725229596
259,4.28,0.62,1173.9553407126762,318.0,4564.690924442943,0.0189,2423773232.817408,2691139.658662157,Jackson,-0.37926745051857697,-0.6138982617165392,linear,0.08052480551797489,4.9058512630506556e+23,0.713609264995383,0.08052480551797489
260,4.28,0.62,1173.9553407126762,318.0,2686.235319508506,0.0189,4586873314.825148,17304416.260333166,Jackson,-0.45944377957487254,-0.7007708180794916,GP,0.2962949885900225,1.4192682390016506e+24,0.050759144903852804,0.2962949885900225
261,4.28,0.62,1173.9553407126762,318.0,7146.406946669172,0.0189,1444562579.5290978,88159460.18732144,Jackson,-0.4415043150273851,-0.6079173160483229,log,0.1554236084185491,5.5568347695449834e+23,0.6022171682450499,0.1554236084185491
262,4.28,0.62,1173.9553407126762,318.0,8359.840734335341,0.0189,1213502085.5623088,62956179.45819939,Jackson,-0.37411999394400297,-0.7487713719609151,linear,0.11482785167998111,3.971160415105287e+23,0.6914864721430506,0.11482785167998111
263,4.28,0.62,1173.9553407126762,318.0,1486.2615730325056,0.0189,4576252131.948437,5403306.67678579,Selsis,-0.39557083611594673,-0.6802453798118073,GP,0.39404068653011104,2.6032900830245283e+24,0.32516773306833313,0.39404068653011104
264,4.28,0.62,1173.9553407126762,318.0,1219.0662454893506,0.0189,5453745240.108695,29441592.435542986,Selsis,-0.3247610351719391,-0.688992398932837,log,0.13507726029203246,1.2062792496288593e+24,0.2650273020651578,0.13507726029203246
265,4.28,0.62,1173.9553407126762,318.0,2863.337226419343,0.0189,4243744654.340737,80190578.75828262,Jackson,-0.3375780516692171,-0.7514401343041891,GP,0.18232243811759355,1.1579623856653915e+24,0.3329055177290934,0.18232243811759355
266,4.28,0.62,1173.9553407126762,318.0,3645.9840675763885,0.0189,3170251029.9503517,68441587.64048867,Jackson,-0.419071255828529,-0.6507696945686336,GP,0.1585626278987829,7.430116895506473e+23,0.0284690998778081,0.1585626278987829
267,4.28,0.62,1173.9553407126762,318.0,4794.76190542853,0.0189,2286535357.990018,58615625.46576214,Jackson,-0.4011332565054722,-0.609796400284444,linear,0.4047539229125351,2.0099068653528933e+24,0.014384827234538489,0.4047539229125351
268,4.28,0.62,1173.9553407126762,318.0,3305.427425441344,0.0189,3569287699.060935,86066927.0151974,Jackson,-0.45894613953447644,-0.7101362198139628,linear,0.34769681254685736,1.3557806565861096e+24,0.41108771851302583,0.34769681254685736
269,4.28,0.62,1173.9553407126762,318.0,4305.368944514143,0.0189,2598057549.029599,9863878.876317734,Jackson,-0.49996579085668663,-0.7647361418279953,linear,0.170776914203805,6.401501479754623e+23,0.2508689091128803,0.170776914203805
270,4.28,0.62,1173.9553407126762,318.0,1716.6167239747317,0.0189,8420798192.188374,12289462.738877315,Jackson,-0.4593988991928609,-0.6519947234331851,GP,0.2076000094290246,1.3432275925977604e+24,0.9618878982693302,0.2076000094290246
271,4.28,0.62,1173.9553407126762,318.0,1341.015981161952,0.0189,4996949634.221692,13386019.653505988,Selsis,-0.36198063966614125,-0.7149733023753251,linear,0.38572740066828887,2.76940932846965e+24,0.04123945832630738,0.38572740066828887
272,4.28,0.62,1173.9553407126762,318.0,1709.7429882213764,0.0189,8468649296.838929,70887438.62696247,Jackson,-0.3944547716216791,-0.6546850069963145,log,0.0857482474073411,5.991833763889895e+23,0.8289331063918791,0.0857482474073411
273,4.28,0.62,1173.9553407126762,318.0,872.4228064096501,0.0189,7470161654.08223,42580069.12356652,Selsis,-0.32004188177670656,-0.730006945661712,linear,0.4242041945572262,3.8993603331926667e+24,0.5731667497231796,0.4242041945572262
274,4.28,0.62,1173.9553407126762,318.0,1102.6239376696,0.0189,5986705023.766267,30847621.765046883,Selsis,-0.4115222130041349,-0.6837500229394845,log,0.40115626438271684,2.4836909359881774e+24,0.5332326706667174,0.40115626438271684
275,4.28,0.62,1173.9553407126762,318.0,3103.85043386233,0.0189,2502890873.507516,76400674.4169379,Selsis,-0.2880047792202094,-0.7513675071281506,linear,0.0872688159430792,8.066920998700086e+23,0.6999379259006028,0.0872688159430792
276,4.28,0.62,1173.9553407126762,318.0,1737.5626724796703,0.0189,8277935620.927579,30226454.940861408,Jackson,-0.2967171272324213,-0.6666470652308006,log,0.09299797151993848,1.1366745147024522e+24,0.8193874071180643,0.09299797151993848
277,4.28,0.62,1173.9553407126762,318.0,3055.9005339703613,0.0189,3922338572.415421,56109875.973122865,Jackson,-0.34833382393826884,-0.6454923413727717,log,0.24370305844037432,1.6549355257685075e+24,0.3522050168123667,0.24370305844037432
278,4.28,0.62,1173.9553407126762,318.0,1995.7295345387122,0.0189,6820714798.447669,92287374.89734489,Jackson,-0.34642393030666596,-0.6037941215571918,linear,0.3308205384683082,2.9801462937425293e+24,0.33863960010796024,0.3308205384683082
279,4.28,0.62,1173.9553407126762,318.0,2526.3701613818425,0.0189,4945080283.301107,8974237.828268187,Jackson,-0.43094697678303445,-0.6389773389588301,linear,0.12738624798440573,7.703122164664341e+23,0.23708069453808112,0.12738624798440573
280,4.28,0.62,1173.9553407126762,318.0,2567.695025424009,0.0189,4847499799.490379,81014509.1566601,Jackson,-0.30899270006067053,-0.7633063170572407,GP,0.11255448535902852,9.118295440624163e+23,0.8376344166633389,0.11255448535902852
281,4.28,0.62,1173.9553407126762,318.0,3301.1658111947286,0.0189,2383125992.1324325,12698909.474205118,Selsis,-0.2926781540887217,-0.7982657005408968,log,0.12782987648310884,1.2443318000975245e+24,0.17693178109918317,0.12782987648310884
282,4.28,0.62,1173.9553407126762,318.0,5857.836637188562,0.0189,1532270210.0533772,45707330.175273366,Selsis,-0.4690327536314467,-0.7834459528665768,log,0.3180641808448432,1.269819786109519e+24,0.8766281481563453,0.3180641808448432
283,4.28,0.62,1173.9553407126762,318.0,4989.82189636531,0.0189,2181350934.0768375,34183717.46402792,Jackson,-0.3192228398337313,-0.7813559407877226,linear,0.12407225408272816,7.654029816617685e+23,0.5993804864600387,0.12407225408272816
284,4.28,0.62,1173.9553407126762,318.0,5856.004579742938,0.0189,1532626187.091612,6941194.956301123,Selsis,-0.3452098082067271,-0.7997131069847581,GP,0.0662099759743947,4.1405152128040044e+23,0.8151062862728915,0.0662099759743947
285,4.28,0.62,1173.9553407126762,318.0,1318.4616781442262,0.0189,5074915302.464811,86070436.21065843,Selsis,-0.4295927741204939,-0.6182992213901576,GP,0.15721235166575806,9.813550746293207e+23,0.3492684406916696,0.15721235166575806
286,4.28,0.62,1173.9553407126762,318.0,2653.4209639848655,0.0189,2838090407.1531467,80061677.62019433,Selsis,-0.2857228954084843,-0.7377382282597067,log,0.21428390237336442,2.0707444942211126e+24,0.44982042218418106,0.21428390237336442
287,4.28,0.62,1173.9553407126762,318.0,1362.6503773258892,0.0189,4927685916.007054,61121505.79383159,Selsis,-0.3394570556805709,-0.6997217519145623,GP,0.3203345854678761,2.4322671924211845e+24,0.5041603772016343,0.3203345854678761
288,4.28,0.62,1173.9553407126762,318.0,1647.5235515091265,0.0189,8925007865.465353,25375701.64448873,Jackson,-0.43843091266051,-0.7894846109620912,log,0.10508576378803926,5.645091522809208e+23,0.7954594834672811,0.10508576378803926
289,4.28,0.62,1173.9553407126762,318.0,2702.295084143814,0.0189,4553601957.810705,87916400.7856388,Jackson,-0.28517737816425215,-0.7203724160546457,linear,0.23152378493528403,2.2691344136443833e+24,0.47601449809979457,0.23152378493528403
290,4.28,0.62,1173.9553407126762,318.0,3085.091486555145,0.0189,3877636589.7762084,98850434.17274475,Jackson,-0.29894349182192925,-0.6884259014146124,linear,0.47891026261469566,3.967240405166175e+24,0.0810813521564484,0.47891026261469566
291,4.28,0.62,1173.9553407126762,318.0,2133.077286820486,0.0189,6222328343.123449,35115751.122747414,Jackson,-0.45267546599681496,-0.7229997105321435,linear,0.05928244228267728,2.940735057715089e+23,0.3257914810289301,0.05928244228267728
292,4.28,0.62,1173.9553407126762,318.0,2054.464696501682,0.0189,6552597992.937673,63581201.81737153,Jackson,-0.4632870932941383,-0.7079791266612506,log,0.16693233514604372,8.08265005256568e+23,0.8732520114878498,0.16693233514604372
293,4.28,0.62,1173.9553407126762,318.0,1566.4739215877873,0.0189,4377472748.592961,78033684.84927012,Selsis,-0.424637993171487,-0.6051783412827209,GP,0.2323665034593961,1.5050797021589823e+24,0.018715195600031542,0.2323665034593961
294,4.28,0.62,1173.9553407126762,318.0,6953.923134099436,0.0189,1350113817.0179155,70229965.74317777,Selsis,-0.32169692005629086,-0.7236656598327401,linear,0.06476440712273583,4.024616531691732e+23,0.03803935803686098,0.06476440712273583
295,4.28,0.62,1173.9553407126762,318.0,1530.5742047414603,0.0189,9912910691.894464,15052145.665139379,Jackson,-0.3936440508371764,-0.7091887282698639,GP,0.12059650097826086,8.515957532340506e+23,0.09923750606830795,0.12059650097826086
296,4.28,0.62,1173.9553407126762,318.0,2570.3775711963126,0.0189,2911738630.851715,9060410.401999831,Selsis,-0.3279441148092374,-0.6577398012462454,log,0.24020322115713375,2.0273804846942603e+24,0.45996872091647656,0.24020322115713375
297,4.28,0.62,1173.9553407126762,318.0,2960.8738056991106,0.0189,4074918681.3880696,76022126.78821962,Jackson,-0.4406609280979008,-0.7205837153360919,log,0.20962037182862614,8.875257510139227e+23,0.7238975340843026,0.20962037182862614
298,4.28,0.62,1173.9553407126762,318.0,3370.3085758665025,0.0189,3486854937.319507,60970049.89220147,Jackson,-0.3886163154141408,-0.7372199550354099,linear,0.38264900776349986,1.8255524364739498e+24,0.8761679689992302,0.38264900776349986
299,4.28,0.62,1173.9553407126762,318.0,3257.4386748321126,0.0189,3632375245.3805203,17720745.42272315,Jackson,-0.4712122242040035,-0.6801588277948722,linear,0.05494179237102038,2.502128881285958e+23,0.633691026884182,0.05494179237102038
300,4.28,0.62,1173.9553407126762,318.0,767.9838047245174,0.0189,8454092721.662954,55857505.237374246,Selsis,-0.437014009861983,-0.6789329981312675,GP,0.2659659108014197,1.5942902135913865e+24,0.8806801086053282,0.2659659108014197
301,4.28,0.62,1173.9553407126762,318.0,3583.97073225322,0.0189,2233149384.33373,12338745.77949558,Selsis,-0.3659230271371805,-0.6074330601226247,linear,0.31665761934813524,2.282083638904946e+24,0.7771982504395015,0.31665761934813524
302,4.28,0.62,1173.9553407126762,318.0,1668.7456169777654,0.0189,4151234300.045515,63106119.68436917,Selsis,-0.32684505032919825,-0.7780981027635784,linear,0.0669854128364527,5.112117403388065e+23,0.4157047053320242,0.0669854128364527
303,4.28,0.62,1173.9553407126762,318.0,5785.311892734457,0.0189,1546518609.3404958,78883144.5868446,Selsis,-0.42716509944520337,-0.7867291751861009,log,0.10958587862400312,4.390825177406333e+23,0.8846172353597933,0.10958587862400312
304,4.28,0.62,1173.9553407126762,318.0,3838.3530744109835,0.0189,2980018185.628541,5049937.155911967,Jackson,-0.3635346187166227,-0.7764372050784349,GP,0.4961054293540242,2.777854626379813e+24,0.03593894129215991,0.4961054293540242
305,4.28,0.62,1173.9553407126762,318.0,8875.443296266169,0.0189,1134089518.6441705,63939694.9288491,Jackson,-0.37614352771858445,-0.6842720863920356,GP,0.052094712644999396,1.8086651706548557e+23,0.17858836482575413,0.052094712644999396
306,4.28,0.62,1173.9553407126762,318.0,8143.931311622819,0.0189,1249587981.431681,1469713.2199761285,Jackson,-0.4675533972159278,-0.7749953763424557,GP,0.3008854977295342,1.0072544277324614e+24,0.5033592901595644,0.3008854977295342
307,4.28,0.62,1173.9553407126762,318.0,8773.586577777189,0.0189,1138534098.1612113,40121949.13301641,Selsis,-0.48917792521857795,-0.6254514773610985,linear,0.33410524303419586,1.433427792228038e+24,0.6331229065342803,0.33410524303419586
308,4.28,0.62,1173.9553407126762,318.0,4698.076454290465,0.0189,2342351834.87355,12782359.522723254,Jackson,-0.3737652440674517,-0.7881014393530272,log,0.06783699843407347,3.262177812918158e+23,0.13466057240981522,0.06783699843407347
309,4.28,0.62,1173.9553407126762,318.0,2517.476133982281,0.0189,2961068251.8316255,90140255.12032336,Selsis,-0.44139026680908305,-0.7360361218189205,GP,0.4054089577174728,1.7959641843406851e+24,0.98605752692856,0.4054089577174728
310,4.28,0.62,1173.9553407126762,318.0,967.6935998931584,0.0189,6767558164.5016365,61541810.976110324,Selsis,-0.2827301497625942,-0.799369894623407,linear,0.22329520204170317,2.59781423420533e+24,0.39134872001941834,0.22329520204170317
311,4.28,0.62,1173.9553407126762,318.0,2172.673478586716,0.0189,6067174157.730753,6403088.450597317,Jackson,-0.45572994501393305,-0.7388954800746632,log,0.19290084868999835,9.829756319903587e+23,0.2535585675263875,0.19290084868999835
312,4.28,0.62,1173.9553407126762,318.0,2058.7191568830676,0.0189,6533917057.728598,87297096.632174,Jackson,-0.4047765683595899,-0.699971012438425,linear,0.2865061893010201,1.571184452815123e+24,0.5608763782024487,0.2865061893010201
313,4.28,0.62,1173.9553407126762,318.0,3369.04858225578,0.0189,3488439658.66153,91012055.07329014,Jackson,-0.41200277331895474,-0.7113552744609859,GP,0.12902764785027263,5.5137548509981635e+23,0.5717381754253857,0.12902764785027263
314,4.28,0.62,1173.9553407126762,318.0,5686.63781738185,0.0189,1871290636.4964945,31577285.695490208,Jackson,-0.4590309348224931,-0.6716463887195658,log,0.17722673264652553,6.588562572410107e+23,0.6865762757572189,0.17722673264652553
315,4.28,0.62,1173.9553407126762,318.0,1944.8047062108576,0.0189,7069703051.206642,80443847.01726857,Jackson,-0.36109327460211005,-0.7510747173586549,log,0.25604515101377673,1.6630203884511353e+24,0.06283137634405178,0.25604515101377673
316,4.28,0.62,1173.9553407126762,318.0,4814.188771205404,0.0189,1775117099.0174472,63870041.733062744,Selsis,-0.46314880856312357,-0.7626932726674465,log,0.06743400234157908,2.7186973436037334e+23,0.49814320307181004,0.06743400234157908
317,4.28,0.62,1173.9553407126762,318.0,3093.4745218135936,0.0189,3864978440.3354435,28369703.099812333,Jackson,-0.4203025670723343,-0.7324642208636825,linear,0.05068459987378462,2.3781253899120754e+23,0.43812489089398243,0.05068459987378462
318,4.28,0.62,1173.9553407126762,318.0,7618.962243073613,0.0189,1262937818.6569428,15946030.059378324,Selsis,-0.36317756929279327,-0.7103830079633039,log,0.15670011286426838,8.536021904010073e+23,0.7716019758933153,0.15670011286426838
319,4.28,0.62,1173.9553407126762,318.0,3202.622890173834,0.0189,3707097124.572882,88623191.56492962,Jackson,-0.37011344941270735,-0.6743710665671306,log,0.07873733855718504,4.249475389243742e+23,0.11952894736375796,0.07873733855718504
320,4.28,0.62,1173.9553407126762,318.0,1385.6463949277706,0.0189,4857615016.916133,64504638.51236377,Selsis,-0.3287775680651517,-0.788756298426165,linear,0.11318660512644767,8.697040603736614e+23,0.7588396207938845,0.11318660512644767
321,4.28,0.62,1173.9553407126762,318.0,2197.0518533559416,0.0189,5975094549.309598,62888515.519491166,Jackson,-0.3153914497038339,-0.6807568194831072,log,0.15582863045874903,1.403167277511782e+24,0.8478225549287587,0.15582863045874903
322,4.28,0.62,1173.9553407126762,318.0,7737.6180392917295,0.0189,1248808004.7058978,39459322.513871044,Selsis,-0.4358921256310035,-0.7486794370483978,log,0.1527941726677032,6.257001426899195e+23,0.24912076522205684,0.1527941726677032
323,4.28,0.62,1173.9553407126762,318.0,2106.8810883469264,0.0189,3423982642.508397,7248608.731385966,Selsis,-0.3213677156203374,-0.7465521107557823,linear,0.11681678337896699,9.995136987393615e+23,0.015273168005047522,0.11681678337896699
324,4.28,0.62,1173.9553407126762,318.0,1372.7564677117155,0.0189,4896605358.68857,87611707.99768768,Selsis,-0.4642280455090945,-0.7725315575187375,linear,0.2910670620595825,1.311158959787456e+24,0.8980424566484821,0.2910670620595825
325,4.28,0.62,1173.9553407126762,318.0,3807.9099150808297,0.0189,3008657857.9728436,69863763.26967025,Jackson,-0.35438771894355553,-0.7313196416894988,GP,0.12890272276616083,6.797538651688732e+23,0.2490501804002494,0.12890272276616083
326,4.28,0.62,1173.9553407126762,318.0,3791.4625543821344,0.0189,3024350297.8949356,72714385.78421098,Jackson,-0.29343125929622615,-0.6975781716342145,GP,0.3493255900910693,2.868100326429204e+24,0.266484300400208,0.3493255900910693
327,4.28,0.62,1173.9553407126762,318.0,1231.127191636428,0.0189,5404428576.883335,73684661.01278228,Selsis,-0.366481358896945,-0.7556884283996976,log,0.06871921726152981,4.3249615763784845e+23,0.7490291485942503,0.06871921726152981
328,4.28,0.62,1173.9553407126762,318.0,1460.208889689273,0.0189,4645434963.399347,85295806.4430178,Selsis,-0.44662723870485965,-0.7736423313161231,linear,0.3284834528088156,1.5205936663590295e+24,0.22412386937083784,0.3284834528088156
329,4.28,0.62,1173.9553407126762,318.0,4683.037924607908,0.0189,1813230715.8980072,7086206.231288177,Selsis,-0.43855467759484945,-0.6702343409346612,linear,0.10068774051664175,5.1305313847748055e+23,0.16150822705983114,0.10068774051664175
330,4.28,0.62,1173.9553407126762,318.0,5795.60344509377,0.0189,1544476957.6540744,71864283.1845137,Selsis,-0.33278422782336536,-0.6500204630536686,GP,0.12447562439633073,7.897449772614529e+23,0.01296447613102536,0.12447562439633073
331,4.28,0.62,1173.9553407126762,318.0,1427.3923430167958,0.0189,10960217247.667944,3936286.3228081777,Jackson,-0.34281411196394546,-0.6206736501963939,linear,0.31853268289201575,3.6702200568812487e+24,0.018270606616729856,0.31853268289201575
332,4.28,0.62,1173.9553407126762,318.0,6671.808060860714,0.0189,1391803658.2583358,28823856.4745931,Selsis,-0.4867290024940676,-0.6886060437337884,linear,0.1009156969024974,4.226384046441671e+23,0.840709275629523,0.1009156969024974
333,4.28,0.62,1173.9553407126762,318.0,540.872813916758,0.0189,12045181614.623995,41790432.64306646,Selsis,-0.31830114552013766,-0.6237641051121552,GP,0.19696148753233997,2.2877239154786114e+24,0.30276464872136566,0.19696148753233997
334,4.28,0.62,1173.9553407126762,318.0,3894.610281766898,0.0189,2928440556.2931285,3795919.8656158396,Jackson,-0.3567423165270363,-0.7737813824645681,log,0.07531999858440579,4.3807372541497545e+23,0.15807998614537444,0.07531999858440579
335,4.28,0.62,1173.9553407126762,318.0,831.2837039303076,0.0189,7826386124.371739,44924189.23528568,Selsis,-0.41242280374978163,-0.7884671861131056,linear,0.11291469830971301,6.422308184638364e+23,0.9152941209598502,0.11291469830971301
336,4.28,0.62,1173.9553407126762,318.0,2139.865008240952,0.0189,3380508327.1401653,78607482.68200551,Selsis,-0.45512889263775663,-0.7569542135693543,log,0.11044648287056709,4.913785612398429e+23,0.4331536204315344,0.11044648287056709
337,4.28,0.62,1173.9553407126762,318.0,6549.078914751315,0.0189,1592698194.9112525,79199558.35395768,Jackson,-0.37177687656857306,-0.623578530066777,linear,0.20838760333327683,9.050389281820284e+23,0.8508891644521994,0.20838760333327683
338,4.28,0.62,1173.9553407126762,318.0,2552.7375542176196,0.0189,2927970759.0689054,91101416.3100521,Selsis,-0.3559878969906923,-0.7572358608014097,GP,0.06178718487085095,3.5858696614485764e+23,0.6007186916324957,0.06178718487085095
339,4.28,0.62,1173.9553407126762,318.0,3710.494302088354,0.0189,3103933090.206465,76387497.12308325,Jackson,-0.4191011511043525,-0.600484389526753,GP,0.2514667636210017,1.3554594133296702e+24,0.6999117925042981,0.2514667636210017
340,4.28,0.62,1173.9553407126762,318.0,3196.227903696243,0.0189,3716006216.5386806,56238422.1081322,Jackson,-0.4050825470728868,-0.6057097805412793,linear,0.15790211124728076,9.524437706096388e+23,0.33009686756674594,0.15790211124728076
341,4.28,0.62,1173.9553407126762,318.0,1904.1206806677244,0.0189,3720796402.568462,12153429.903558394,Selsis,-0.2930511347770093,-0.6979845858616933,linear,0.06710389387726094,7.288468891568134e+23,0.7934607561487604,0.06710389387726094
342,4.28,0.62,1173.9553407126762,318.0,2498.0139406190374,0.0189,5017851678.92308,2115589.146015749,Jackson,-0.4527402897714526,-0.7425678716782378,log,0.08938150846969861,4.4608712019120874e+23,0.4944434686226742,0.08938150846969861
343,4.28,0.62,1173.9553407126762,318.0,2321.5530280794933,0.0189,5541875614.015185,81132205.13750818,Jackson,-0.40424454490418404,-0.7793980908273658,GP,0.31420904261725363,1.528922005231168e+24,0.4897088683564741,0.31420904261725363
344,4.28,0.62,1173.9553407126762,318.0,2028.6109124316656,0.0189,3532373387.207868,90281761.93801598,Selsis,-0.34830648069465325,-0.6467466505072055,GP,0.20511088146667353,1.4283218473525523e+24,0.43758787611933525,0.20511088146667353
345,4.28,0.62,1173.9553407126762,318.0,2897.0882375813108,0.0189,4183838342.732824,54754747.613470264,Jackson,-0.44857940932576756,-0.6393867966633583,linear,0.2799593076318782,1.433162812141829e+24,0.14656445536395546,0.2799593076318782
346,4.28,0.62,1173.9553407126762,318.0,858.6606397680711,0.0189,7585306122.62476,67271126.95822519,Selsis,-0.3525567786733938,-0.6442427380482554,linear,0.10382307706777477,8.535729272282018e+23,0.7398180288164716,0.10382307706777477
347,4.28,0.62,1173.9553407126762,318.0,523.8536763264527,0.0189,12454219104.66219,4962285.161032572,Selsis,-0.3098770436482436,-0.7636156269804714,linear,0.1676006206679429,1.8626318596253524e+24,0.25912217682971794,0.1676006206679429
348,4.28,0.62,1173.9553407126762,318.0,634.1224534008395,0.0189,10230646131.405342,8703531.141147042,Selsis,-0.37614690661239014,-0.6277890742676459,GP,0.3190355667920441,2.844530899680527e+24,0.2230573435401627,0.3190355667920441
349,4.28,0.62,1173.9553407126762,318.0,4489.96724297531,0.0189,2471793963.425369,74211832.7732875,Jackson,-0.3214927939062637,-0.6067448158981602,log,0.14907196821501523,1.0488914617001477e+24,0.4082667883920522,0.14907196821501523
350,4.28,0.62,1173.9553407126762,318.0,1455.247973983076,0.0189,10658613144.48828,75848500.50219384,Jackson,-0.4901334952088159,-0.684636114059223,log,0.13330387571742625,7.4242509799841e+23,0.20484679265764183,0.13330387571742625
351,4.28,0.62,1173.9553407126762,318.0,1436.6719292614384,0.0189,10858069258.56329,52528794.382951684,Jackson,-0.41716494066109244,-0.7044793933535941,linear,0.16436840936443636,1.0560512092203123e+24,0.9281308260656174,0.16436840936443636
352,4.28,0.62,1173.9553407126762,318.0,6691.239793279203,0.0189,1388830346.5318465,53278372.54466042,Selsis,-0.354412465876721,-0.6510696630784257,GP,0.08837413986412956,5.027077731584607e+23,0.6669264466596351,0.08837413986412956
353,4.28,0.62,1173.9553407126762,318.0,1599.9284126378277,0.0189,4300351768.701381,45469705.793755814,Selsis,-0.42931334790821507,-0.6069113807035579,GP,0.16880270115537582,1.123882910888265e+24,0.30531175731808247,0.16880270115537582
354,4.28,0.62,1173.9553407126762,318.0,604.9829554965239,0.0189,10731627511.485079,32654703.796706606,Selsis,-0.4711379419916537,-0.6321881275375371,linear,0.07825136931547613,5.422487360048922e+23,0.866356991594377,0.07825136931547613
355,4.28,0.62,1173.9553407126762,318.0,13170.985703706796,0.0189,732569318.9488958,52443364.71083838,Jackson,-0.3918511561336778,-0.6624463267138317,log,0.08007435702699997,2.2875396570748765e+23,0.33051926721042735,0.08007435702699997
356,4.28,0.62,1173.9553407126762,318.0,5593.248891807785,0.0189,1907820597.4744966,13209201.503157256,Jackson,-0.47264816320984376,-0.6650597072588674,log,0.08907858311762111,3.4629850169730876e+23,0.5532543414102756,0.08907858311762111
357,4.28,0.62,1173.9553407126762,318.0,2132.3503708861085,0.0189,3390298797.604125,40566300.628219806,Selsis,-0.32342464751478645,-0.7962528669701613,linear,0.26518294128900893,2.0632758513594193e+24,0.6537813059765942,0.26518294128900893
358,4.28,0.62,1173.9553407126762,318.0,7540.701348770634,0.0189,1360766389.6620078,59126780.984315254,Jackson,-0.29644675018775196,-0.7905388910294227,GP,0.37242681562938684,2.1900869840909735e+24,0.23227216162280584,0.37242681562938684
359,4.28,0.62,1173.9553407126762,318.0,13787.125842104108,0.0189,820795697.7970272,32217063.724009037,Selsis,-0.33700849998236376,-0.7417441196964228,GP,0.16578360539452894,8.535261794664746e+23,0.013764614630441319,0.16578360539452894
360,4.28,0.62,1173.9553407126762,318.0,805.9964545644817,0.0189,8064544458.551469,5100970.231192344,Selsis,-0.4888842854771878,-0.6728391370273793,GP,0.17107230068803048,1.0429625080217904e+24,0.8834718671639914,0.17107230068803048
361,4.28,0.62,1173.9553407126762,318.0,7870.8819543514865,0.0189,1297614134.4371257,72140114.45015179,Jackson,-0.3182237865670871,-0.7028001569644136,log,0.31750984157945833,1.5422033462624948e+24,0.6575141342659568,0.31750984157945833
362,4.28,0.62,1173.9553407126762,318.0,3349.986226964346,0.0189,3512559778.5873976,84874906.69304964,Jackson,-0.4030068204120278,-0.6468256070655954,log,0.4443849135523929,2.2157924527195567e+24,0.8053602716209616,0.4443849135523929
363,4.28,0.62,1173.9553407126762,318.0,2975.660329834467,0.0189,2588541689.967126,49653210.942452714,Selsis,-0.3677970586008859,-0.7956198079477211,GP,0.26036550943445214,1.4791068786118267e+24,0.3993481964102211,0.26036550943445214
364,4.28,0.62,1173.9553407126762,318.0,875.2002520517206,0.0189,7447387592.221597,45106321.56440697,Selsis,-0.3452074510789048,-0.7739025358818794,linear,0.053385854276359355,4.0652997361997534e+23,0.3407854966876891,0.053385854276359355
365,4.28,0.62,1173.9553407126762,318.0,1336.4610132798168,0.0189,5012478691.745154,62656783.93738929,Selsis,-0.30293820490952533,-0.7718462664930801,linear,0.22780536771953314,2.1429943409971705e+24,0.1791550134455797,0.22780536771953314
366,4.28,0.62,1173.9553407126762,318.0,4024.1006086351376,0.0189,2039326700.094315,18381936.740406502,Selsis,-0.3001268848026207,-0.7042718196810434,linear,0.34588450279363603,3.101196975472295e+24,0.8080911476719428,0.34588450279363603
367,4.28,0.62,1173.9553407126762,318.0,2457.7607179902743,0.0189,3019186133.62711,90413477.40436146,Selsis,-0.37410733745708513,-0.7578964387310964,log,0.39157990364290896,2.1007965991973277e+24,0.17477308236843947,0.39157990364290896
368,4.28,0.62,1173.9553407126762,318.0,3172.6615651702455,0.0189,3749193679.1388626,75065619.06978683,Jackson,-0.483786100761533,-0.624645217125276,linear,0.23570051535188932,1.1275717347457416e+24,0.9660127181260796,0.23570051535188932
369,4.28,0.62,1173.9553407126762,318.0,5081.896548577413,0.0189,1703789515.383508,75604453.22881742,Selsis,-0.48372454255605807,-0.7754703313226254,log,0.22609208631329158,8.582547753067216e+23,0.6636164842698294,0.22609208631329158
370,4.28,0.62,1173.9553407126762,318.0,1444.578549888547,0.0189,10772366288.921936,55225068.68006228,Jackson,-0.3423438684546398,-0.6345778024307345,GP,0.3570406371860044,3.670337611793344e+24,0.560801149665868,0.3570406371860044
371,4.28,0.62,1173.9553407126762,318.0,1640.7339559669733,0.0189,8977480430.445572,98869530.82713342,Jackson,-0.4742524338403924,-0.7553475036126098,linear,0.4079935830766196,1.8821860247278213e+24,0.7027118191326531,0.4079935830766196
372,4.28,0.62,1173.9553407126762,318.0,3929.456934512789,0.0189,2897338918.144557,52537449.74054584,Jackson,-0.34130833224015844,-0.7521251101566081,log,0.056086770871974334,3.2095002364126246e+23,0.6493721794520035,0.056086770871974334
373,4.28,0.62,1173.9553407126762,318.0,1837.0919218380486,0.0189,3832458678.4263196,74105511.22277169,Selsis,-0.4466173015072749,-0.6859629463663155,GP,0.05518215286889071,2.7454788008086453e+23,0.40338342185912157,0.05518215286889071
374,4.28,0.62,1173.9553407126762,318.0,865.1645611020547,0.0189,7530406652.749416,38817060.494040936,Selsis,-0.31518368016242343,-0.7482529767544488,log,0.3057442039176572,2.8976989055660317e+24,0.6562895791979858,0.3057442039176572
375,4.28,0.62,1173.9553407126762,318.0,3388.737399660505,0.0189,3463831976.9191203,66944256.82617087,Jackson,-0.4427082609214945,-0.751414561351753,log,0.06451901557118662,2.5581578268623952e+23,0.7630086537014525,0.06451901557118662
376,4.28,0.62,1173.9553407126762,318.0,4852.119921772443,0.0189,2254611382.769812,30253937.852571975,Jackson,-0.44476274036012203,-0.7322700168878563,log,0.21888648479200157,8.260388115610073e+23,0.4515012723122589,0.21888648479200157
377,4.28,0.62,1173.9553407126762,318.0,6440.828367336079,0.0189,1428386905.441072,59092692.47664203,Selsis,-0.32428408743737025,-0.6493391858615658,linear,0.05358793807239462,3.58356599870739e+23,0.4493571666154115,0.05358793807239462
378,4.28,0.62,1173.9553407126762,318.0,2053.8232016225616,0.0189,6555423117.084,51343650.87941547,Jackson,-0.4881924151365662,-0.7873429526073312,linear,0.1879454962265456,8.171087187224962e+23,0.008287021903620628,0.1879454962265456
379,4.28,0.62,1173.9553407126762,318.0,2777.932915502471,0.0189,2735303382.39467,66709360.195138745,Selsis,-0.34301387586973586,-0.6558903807780194,GP,0.08596857083235755,5.9569534662862036e+23,0.3764209116372408,0.08596857083235755
380,4.28,0.62,1173.9553407126762,318.0,3125.9645250852977,0.0189,2488787989.6738954,69019364.57942347,Selsis,-0.3426849709612174,-0.6786463798795853,log,0.08807878968763812,5.803966607208447e+23,0.41931018787887275,0.08807878968763812
381,4.28,0.62,1173.9553407126762,318.0,1807.330399778188,0.0189,7832065830.80623,65436266.099475205,Jackson,-0.37125265462286194,-0.6277105680291403,log,0.12799491863567589,1.0355411403983537e+24,0.1596560377899413,0.12799491863567589
382,4.28,0.62,1173.9553407126762,318.0,1571.8954847914297,0.0189,9542377284.291683,27134478.412938677,Jackson,-0.28591039885125064,-0.6880270664494376,linear,0.05687759428898326,7.781480480069829e+23,0.19460972164504098,0.05687759428898326
383,4.28,0.62,1173.9553407126762,318.0,1696.3362437308049,0.0189,4094770471.1472673,90139705.51483054,Selsis,-0.30225136695061267,-0.720729627959851,GP,0.18503457795132072,1.6558211965425866e+24,0.3453990186171314,0.18503457795132072
384,4.28,0.62,1173.9553407126762,318.0,7193.3222493716485,0.0189,1434065269.0181296,80807472.69730113,Jackson,-0.40452789518270665,-0.6488278837961114,linear,0.1104409484340532,3.887407764071737e+23,0.31098500504864024,0.1104409484340532
385,4.28,0.62,1173.9553407126762,318.0,4683.381089519979,0.0189,1813128412.5053487,55738904.64923224,Selsis,-0.29688125670255305,-0.6545528539320145,log,0.4753688160840672,4.1192472864680023e+24,0.9682858561250948,0.4753688160840672
386,4.28,0.62,1173.9553407126762,318.0,2007.6573553037204,0.0189,6764677592.456605,9402214.785595205,Jackson,-0.35005755532698857,-0.633705248739597,log,0.08635813013465507,7.723762554784274e+23,0.9815263616130575,0.08635813013465507
387,4.28,0.62,1173.9553407126762,318.0,1677.9327284853825,0.0189,4132231788.5206585,56588693.633786045,Selsis,-0.37910769955424184,-0.760146487915506,log,0.14516658103388247,8.498199857717878e+23,0.882324095224232,0.14516658103388247
388,4.28,0.62,1173.9553407126762,318.0,8438.291585105004,0.0189,1200729625.0710807,82206678.22972348,Jackson,-0.31084409137858743,-0.7134561699139031,GP,0.4553992226851789,2.1876759871915782e+24,0.37554146073561456,0.4553992226851789
389,4.28,0.62,1173.9553407126762,318.0,1258.6888462225345,0.0189,5295373922.421299,57425263.07722398,Selsis,-0.3719648281841538,-0.6025364567794291,log,0.14471828881955337,1.1656524248743467e+24,0.07223639444589203,0.14471828881955337
390,4.28,0.62,1173.9553407126762,318.0,1663.6810671296557,0.0189,4161797353.233781,15237211.798421208,Selsis,-0.32477169810195256,-0.6828657257509869,linear,0.07605190612486525,6.694726460330093e+23,0.6371152069177723,0.07605190612486525
391,4.28,0.62,1173.9553407126762,318.0,1626.8486257929396,0.0189,4240550372.574262,43739648.985608295,Selsis,-0.36796655186831495,-0.7447337438847558,log,0.08166353377842057,5.178267523517009e+23,0.3832250228963905,0.08166353377842057
392,4.28,0.62,1173.9553407126762,318.0,1898.394861664757,0.0189,7311575085.630661,67055864.69936826,Jackson,-0.48553956904173295,-0.6634575838774941,log,0.4258452496499303,2.2706806311444762e+24,0.9841724191757505,0.4258452496499303
393,4.28,0.62,1173.9553407126762,318.0,1262.456407907972,0.0189,5280846288.220078,87369978.06158438,Selsis,-0.39361381492686104,-0.7667188318506335,linear,0.09588045325141326,5.222459550503949e+23,0.5623713676227776,0.09588045325141326
394,4.28,0.62,1173.9553407126762,318.0,2569.3374447121455,0.0189,4843697063.544045,14921736.399269696,Jackson,-0.3574722620873369,-0.7232405132364578,GP,0.06615542679161591,4.3964812804079755e+23,0.402278862955449,0.06615542679161591
395,4.28,0.62,1173.9553407126762,318.0,5082.521035682859,0.0189,2134553561.5061104,54282442.50889718,Jackson,-0.2956198720199095,-0.6266163591746856,linear,0.08434650379292073,6.653680075350633e+23,0.326183751146885,0.08434650379292073
396,4.28,0.62,1173.9553407126762,318.0,2521.830087941488,0.0189,4956028343.555347,45126626.51007442,Jackson,-0.30159729375717553,-0.6201848354345096,log,0.14211956796404823,1.4996947473084864e+24,0.7985777739106374,0.14211956796404823
397,4.28,0.62,1173.9553407126762,318.0,1416.1747673293464,0.0189,11086006990.674753,83365962.09012397,Jackson,-0.46345330984287825,-0.7156443989026564,GP,0.08558533120608794,4.647300911545297e+23,0.1841732560849315,0.08558533120608794
398,4.28,0.62,1173.9553407126762,318.0,2643.2057782354273,0.0189,4678338378.452074,5958477.546029646,Jackson,-0.2941404519307509,-0.6416738743219436,linear,0.0800439107768752,9.016544961828904e+23,0.9918820972371342,0.0800439107768752
399,4.28,0.62,1173.9553407126762,318.0,2817.682852151242,0.0189,4327426028.728976,78514710.81607944,Jackson,-0.3224112524293943,-0.6661757439360242,GP,0.0908094198154927,6.954139771503638e+23,0.6249604707101603,0.0908094198154927
400,4.28,0.62,1173.9553407126762,318.0,5190.0678962301945,0.0189,2082619972.3452263,82136020.33655915,Jackson,-0.3744829709734752,-0.6042279332257291,GP,0.22242093848857247,1.1254201482711574e+24,0.38815944317786655,0.22242093848857247
401,4.28,0.62,1173.9553407126762,318.0,939.8414556861804,0.0189,6957406649.848144,58230153.335081294,Selsis,-0.39086475463282416,-0.6237085695905543,log,0.10565440863538657,7.880172101548751e+23,0.20350037842483282,0.10565440863538657
402,4.28,0.62,1173.9553407126762,318.0,1499.0415713528816,0.0189,10213377834.47856,4160966.174745919,Jackson,-0.310812853763523,-0.6547216220647303,log,0.1118351042173887,1.4042809062925613e+24,0.3258263454298498,0.1118351042173887
403,4.28,0.62,1173.9553407126762,318.0,2587.278567043183,0.0189,2896384640.1568604,22374153.981005438,Selsis,-0.44416742897680983,-0.7722310353513578,log,0.3801245271721676,1.8422419641489302e+24,0.3745193400486625,0.3801245271721676
404,4.28,0.62,1173.9553407126762,318.0,787.8414779235372,0.0189,8245587211.924935,36030466.05810558,Selsis,-0.4536195164581977,-0.6375304955600641,log,0.06352495763952885,4.202177419931666e+23,0.4858576487547962,0.06352495763952885
405,4.28,0.62,1173.9553407126762,318.0,1354.47710955615,0.0189,11826421891.536783,57103045.28443112,Jackson,-0.33346631746878785,-0.7121951981914854,linear,0.11789353994145117,1.1356800654807181e+24,0.7755471425934852,0.11789353994145117
406,4.28,0.62,1173.9553407126762,318.0,4015.5288086048445,0.0189,2823155888.956121,75855457.84802298,Jackson,-0.4390568771884232,-0.6271774783660377,GP,0.2211043333474802,1.0031478596777791e+24,0.15691691664988638,0.2211043333474802
407,4.28,0.62,1173.9553407126762,318.0,2808.3733791279546,0.0189,4344876627.623703,98788669.5164198,Jackson,-0.497362789409215,-0.7447876989696136,GP,0.4575597362810735,1.6816592758920142e+24,0.5522350508021073,0.4575597362810735
408,4.28,0.62,1173.9553407126762,318.0,3808.4662137697023,0.0189,3008129807.985447,85151391.24850404,Jackson,-0.2869220991818567,-0.730115136332288,linear,0.23980607719456168,2.000168200883941e+24,0.4680839482110608,0.23980607719456168
409,4.28,0.62,1173.9553407126762,318.0,1873.2075771376076,0.0189,3771332397.253774,97118379.02966374,Selsis,-0.36770539282767206,-0.6006124672220018,linear,0.10477747959977106,7.561428897579795e+23,0.13130790539957582,0.10477747959977106
410,4.28,0.62,1173.9553407126762,318.0,6239.997814931279,0.0189,1462182287.816056,27706541.194786858,Selsis,-0.41096362069546966,-0.729121489405216,linear,0.052674343407691504,2.4404381110954554e+23,0.2916431366091463,0.052674343407691504
411,4.28,0.62,1173.9553407126762,318.0,2795.6221143429343,0.0189,4368997414.940122,79299917.89512256,Jackson,-0.3120043405759141,-0.7388782185654345,log,0.295132435146593,2.2871856354588393e+24,0.18308808711559887,0.295132435146593
412,4.28,0.62,1173.9553407126762,318.0,693.8571920513696,0.0189,9346237068.948437,37138176.263260014,Selsis,-0.4532266638309984,-0.6870330495731044,log,0.09991234442093525,5.9564151375127425e+23,0.8233417914831815,0.09991234442093525
413,4.28,0.62,1173.9553407126762,318.0,4260.888683683014,0.0189,2630340887.4309626,97080667.37809093,Jackson,-0.4945365685851146,-0.6946426966529047,linear,0.09227593947309964,3.105890362555911e+23,0.9133846057061243,0.09227593947309964
414,4.28,0.62,1173.9553407126762,318.0,2095.340187114739,0.0189,3439505998.7126255,57688482.616391495,Selsis,-0.2874918809338467,-0.786656961870174,GP,0.36581714328403,3.698812363826016e+24,0.14781316144571333,0.36581714328403
415,4.28,0.62,1173.9553407126762,318.0,3982.7781559821033,0.0189,2850950987.543055,7907160.252044388,Jackson,-0.4551480261285818,-0.7671977954608585,log,0.07722395564157755,3.1648329418871444e+23,0.8693137475441257,0.07722395564157755
416,4.28,0.62,1173.9553407126762,318.0,9238.423243608799,0.0189,1096245245.2137418,79199837.96663779,Selsis,-0.4116078324226068,-0.6368841828999333,linear,0.45029830889771516,1.9095248108220356e+24,0.14610414943894245,0.45029830889771516
417,4.28,0.62,1173.9553407126762,318.0,7715.925425579499,0.0189,1326518548.812756,32796947.922349956,Jackson,-0.31541450944396066,-0.6720440733426312,linear,0.051923583575748694,2.8984322008044183e+23,0.7538154515927076,0.051923583575748694
418,4.28,0.62,1173.9553407126762,318.0,8691.423064775274,0.0189,1161243888.3208883,6509240.876380434,Jackson,-0.3876014881432212,-0.6350828529153666,linear,0.41891360764008745,1.7728209840132668e+24,0.3940710965243721,0.41891360764008745
419,4.28,0.62,1173.9553407126762,318.0,2601.2471712745273,0.0189,2883838255.1570573,61206817.300303034,Selsis,-0.44534200167224675,-0.7722082374093883,linear,0.18281867955585893,8.264516714017693e+23,0.1504975604742712,0.18281867955585893
420,4.28,0.62,1173.9553407126762,318.0,993.7467177554162,0.0189,6600036616.707571,90504003.5705854,Selsis,-0.3791643179654338,-0.645620524353991,linear,0.42917137907341757,2.969256400456508e+24,0.8394434438203635,0.42917137907341757
421,4.28,0.62,1173.9553407126762,318.0,687.7055962981852,0.0189,9429624541.244492,40470620.31208115,Selsis,-0.35934662981036436,-0.6417205303623164,linear,0.08313743479593642,7.16618799181934e+23,0.35101748949892686,0.08313743479593642
422,4.28,0.62,1173.9553407126762,318.0,1626.643147404636,0.0189,4240999492.452973,87287690.98292568,Selsis,-0.37064502372805797,-0.7800370355964024,linear,0.05466099259573626,3.145461085096727e+23,0.919964190452719,0.05466099259573626
423,4.28,0.62,1173.9553407126762,318.0,25521.530811520104,0.0189,535249716.4435291,37640051.47003201,Selsis,-0.4510662128620078,-0.7390147484512284,GP,0.24604976394987335,7.318333481604301e+23,0.47983905007438654,0.24604976394987335
424,4.28,0.62,1173.9553407126762,318.0,766.1534101895423,0.0189,8473894198.879778,61667325.54271787,Selsis,-0.34152722778786937,-0.7331719968009728,GP,0.3021900029302345,2.3962975885477074e+24,0.7410977264166871,0.3021900029302345
425,4.28,0.62,1173.9553407126762,318.0,3970.290582514637,0.0189,2861687129.944367,2942210.296293542,Jackson,-0.3835422712772742,-0.6959748920680774,linear,0.056201884839340674,3.039751359996163e+23,0.9150337450020946,0.056201884839340674
426,4.28,0.62,1173.9553407126762,318.0,1929.8495385103279,0.0189,7146050503.7859535,41983478.437500246,Jackson,-0.3471409582136903,-0.7315947278899388,linear,0.28222693676009064,2.1285039734517554e+24,0.8205202165826033,0.28222693676009064
427,4.28,0.62,1173.9553407126762,318.0,1827.6422017211037,0.0189,7710295482.611118,82530348.01094796,Jackson,-0.46567113356023737,-0.6422756305491513,GP,0.05914109095255681,3.4636695148458924e+23,0.021529338256166763,0.05914109095255681
428,4.28,0.62,1173.9553407126762,318.0,1111.4690784491177,0.0189,5942179346.670828,26187245.954115402,Selsis,-0.4733118447668649,-0.6118014635401792,log,0.06632164231178526,4.4706963482866993e+23,0.2516536367514458,0.06632164231178526
429,4.28,0.62,1173.9553407126762,318.0,2923.324769309133,0.0189,4138372443.1781135,51458532.27491812,Jackson,-0.3582230092091784,-0.6299522272105771,GP,0.22115895315376702,1.5221094899170983e+24,0.4047612313390926,0.22115895315376702
430,4.28,0.62,1173.9553407126762,318.0,4225.685611025286,0.0189,1963205011.3447154,36887043.7168579,Selsis,-0.325898543833126,-0.6767821636735887,log,0.05491392701885006,3.9978209997726754e+23,0.12162152009509197,0.05491392701885006
431,4.28,0.62,1173.9553407126762,318.0,5717.210542369493,0.0189,1560197105.1598842,13069399.782718789,Selsis,-0.40318192788252444,-0.6734459005966508,log,0.15106627586457005,7.845428755700167e+23,0.13484772093900954,0.15106627586457005
432,4.28,0.62,1173.9553407126762,318.0,2611.993375883484,0.0189,4746881655.379374,7163351.858745344,Jackson,-0.44999888999066784,-0.6827218028800367,log,0.23216118177434933,1.2092293036778606e+24,0.46809606810797044,0.23216118177434933
433,4.28,0.62,1173.9553407126762,318.0,5535.3100706356445,0.0189,1931181060.9238977,15728076.194043504,Jackson,-0.4332933431034541,-0.7978803422284552,linear,0.05426252542478805,2.0080822127051925e+23,0.8210660323090748,0.05426252542478805
434,4.28,0.62,1173.9553407126762,318.0,1225.7361148737637,0.0189,5426349094.806571,38799377.724638335,Selsis,-0.447479800911578,-0.6044131235011625,GP,0.33885991346563865,2.342836732299241e+24,0.41022936668478893,0.33885991346563865
435,4.28,0.62,1173.9553407126762,318.0,684.2303700471541,0.0189,9477450843.941174,29991271.883837327,Selsis,-0.40724428991429673,-0.6827685783732498,linear,0.19983688839661604,1.347740330195874e+24,0.9212123672671942,0.19983688839661604
436,4.28,0.62,1173.9553407126762,318.0,1688.9528632999297,0.0189,4109704061.250656,47919612.81434891,Selsis,-0.3764032763139119,-0.7348215908379258,GP,0.08838105750313789,5.373709987728752e+23,0.006784933120955738,0.08838105750313789
437,4.28,0.62,1173.9553407126762,318.0,7403.22296400058,0.0189,1388877162.353813,56736571.002193525,Jackson,-0.4688832879301739,-0.6141200575804553,GP,0.20041248997607927,7.1622685007875e+23,0.8965659938373675,0.20041248997607927
438,4.28,0.62,1173.9553407126762,318.0,1899.4552831548842,0.0189,3728321265.907424,87263362.51578242,Selsis,-0.44078443977086834,-0.7247515743543932,linear,0.1371266825667871,6.41118151839209e+23,0.8216636586609841,0.1371266825667871
439,4.28,0.62,1173.9553407126762,318.0,4300.092635790939,0.0189,1936790330.2434525,91470138.64366145,Selsis,-0.39621660668366193,-0.6117703419988036,linear,0.12767414530547883,6.919385004905345e+23,0.5416972611226973,0.12767414530547883
440,4.28,0.62,1173.9553407126762,318.0,2986.61393665945,0.0189,4032482740.6240206,16133262.40979423,Jackson,-0.29141807587167257,-0.642466261352737,GP,0.06906219896095474,7.369302978570362e+23,0.4375319790824225,0.06906219896095474
441,4.28,0.62,1173.9553407126762,318.0,2132.226449052846,0.0189,6225741043.37392,89351076.48704688,Jackson,-0.42290620207124663,-0.7180333079533899,GP,0.14817846933600676,7.335547379802857e+23,0.019808417536628542,0.14817846933600676
442,4.28,0.62,1173.9553407126762,318.0,1715.7976148028613,0.0189,8426474868.114559,19969198.357459493,Jackson,-0.3346638201426014,-0.6279662126694909,linear,0.26856903083485706,2.795963732201185e+24,0.21456302588511755,0.26856903083485706
443,4.28,0.62,1173.9553407126762,318.0,3913.9323730554192,0.0189,2911116782.6895523,57365685.11737471,Jackson,-0.39447347629472385,-0.6640954977040354,linear,0.4938611590393324,2.3896493141712258e+24,0.32449231945965307,0.4938611590393324
444,4.28,0.62,1173.9553407126762,318.0,3852.5766510660405,0.0189,2966814799.0934963,47589161.323343076,Jackson,-0.4438313261715977,-0.7120639026189675,GP,0.45859427422998367,1.8591923429146995e+24,0.7762239321444645,0.45859427422998367
445,4.28,0.62,1173.9553407126762,318.0,1370.478915764212,0.0189,4903570163.262531,62027975.17893622,Selsis,-0.338983070502687,-0.7684122108915976,GP,0.33470973466586,2.437809648011383e+24,0.388279759443681,0.33470973466586
446,4.28,0.62,1173.9553407126762,318.0,4331.038688270855,0.0189,2579769675.2307396,9546447.627594775,Jackson,-0.43507840630538736,-0.6921266718326073,log,0.08451212259835114,3.713265312545198e+23,0.608343435776048,0.08451212259835114
447,4.28,0.62,1173.9553407126762,318.0,3858.746609472214,0.0189,2961122033.735878,38758894.098606326,Jackson,-0.4951929552044134,-0.7263212078003473,log,0.27656503346010214,1.0397864380757897e+24,0.4025112248394971,0.27656503346010214
448,4.28,0.62,1173.9553407126762,318.0,1026.3146911544632,0.0189,6403086564.145668,78622225.17819877,Selsis,-0.4939695339279354,-0.7955080015264738,log,0.3958520019364437,1.7747026183583852e+24,0.15022004857551197,0.3958520019364437
449,4.28,0.62,1173.9553407126762,318.0,969.9331186798231,0.0189,6752788465.384727,7991885.6536075445,Selsis,-0.29733089420580866,-0.7455766054316739,linear,0.1367558284149854,1.549117350576001e+24,0.6428996236167027,0.1367558284149854
450,4.28,0.62,1173.9553407126762,318.0,2220.4917625841294,0.0189,3279486126.327364,29992773.88255308,Selsis,-0.4734985417151901,-0.7879859706081841,log,0.09580276335119141,4.425511242274183e+23,0.1626560577434546,0.09580276335119141
451,4.28,0.62,1173.9553407126762,318.0,674.7267105022897,0.0189,9610970695.552984,25425087.9447482,Selsis,-0.3334387653668335,-0.6748664840514785,log,0.14989043418754053,1.417599837186262e+24,0.18642419151454392,0.14989043418754053
452,4.28,0.62,1173.9553407126762,318.0,1077.330080118439,0.0189,6118221709.1698265,52294990.46236741,Selsis,-0.44261933007473925,-0.6457231389627702,log,0.3541017991974646,2.1602133600143653e+24,0.5923808646059971,0.3541017991974646
453,4.28,0.62,1173.9553407126762,318.0,2011.9514795290286,0.0189,6744706891.557366,57678592.400335945,Jackson,-0.34958550460997306,-0.7354855878385237,linear,0.06429549713581702,4.5865637530296704e+23,0.6956952413289585,0.06429549713581702
454,4.28,0.62,1173.9553407126762,318.0,1019.879412611966,0.0189,6440964668.331603,92720485.7594232,Selsis,-0.4386156869385108,-0.7096181144205059,linear,0.05940991328274802,3.060900329194086e+23,0.1213346352805903,0.05940991328274802
455,4.28,0.62,1173.9553407126762,318.0,771.1049470598686,0.0189,8420559771.71154,59979312.80169762,Selsis,-0.3238537831219756,-0.7659823042916969,linear,0.31954732304526745,2.7879568311434814e+24,0.09368388942123829,0.31954732304526745
456,4.28,0.62,1173.9553407126762,318.0,2462.961671346937,0.0189,5114608213.695196,34939968.5826601,Jackson,-0.2880122113786202,-0.7084322192316642,GP,0.057260932901526576,6.169437407727638e+23,0.3581182004889555,0.057260932901526576
457,4.28,0.62,1173.9553407126762,318.0,2350.877973704378,0.0189,3130248220.099459,60071086.60127613,Selsis,-0.4386810695808263,-0.6102912117801329,linear,0.08373539105096918,4.955700551301176e+23,0.701346959530495,0.08373539105096918
458,4.28,0.62,1173.9553407126762,318.0,9412.782502732643,0.0189,1061439196.4652694,10653341.917047074,Jackson,-0.4403437302028065,-0.663649280998378,GP,0.16416633551689747,5.5370641859467725e+23,0.708360156771206,0.16416633551689747
459,4.28,0.62,1173.9553407126762,318.0,3596.260094824466,0.0189,3223237939.8086514,82535706.17527115,Jackson,-0.28010387385390034,-0.7275012203479357,log,0.387264386050803,3.542604774005104e+24,0.35971535590084547,0.387264386050803
460,4.28,0.62,1173.9553407126762,318.0,2577.865823069928,0.0189,4824041803.334269,39503066.90686095,Jackson,-0.34368800198869254,-0.6105304563383279,GP,0.2953784598340836,2.472211018524534e+24,0.5731742074473987,0.2953784598340836
461,4.28,0.62,1173.9553407126762,318.0,27160.8057880575,0.0189,513171103.0652195,10104153.577633992,Selsis,-0.45034189828239163,-0.6188119688581177,linear,0.16573662985414128,5.923631392386188e+23,0.6430595352105719,0.16573662985414128
462,4.28,0.62,1173.9553407126762,318.0,3993.95854747568,0.0189,2841403760.1844482,46992588.20085511,Jackson,-0.36294416463585,-0.7283576204054435,GP,0.4963315061290858,2.560756306731438e+24,0.8657278659752247,0.4963315061290858
463,4.28,0.62,1173.9553407126762,318.0,2500.9786407641864,0.0189,5009820821.720166,97982157.81280777,Jackson,-0.328137839942265,-0.756457266543099,GP,0.43563116659377144,3.022803440446419e+24,0.8891192490960076,0.43563116659377144
464,4.28,0.62,1173.9553407126762,318.0,2492.490240299415,0.0189,5032877082.097076,20285824.301299695,Jackson,-0.34612425603270647,-0.6602472170687533,log,0.20310562958439737,1.5556304213729328e+24,0.484484866769784,0.20310562958439737
465,4.28,0.62,1173.9553407126762,318.0,2646.222649632049,0.0189,2844299951.498626,4397361.517900078,Selsis,-0.39470828723336104,-0.6737605448942501,linear,0.09809317124014942,6.084613687682072e+23,0.08794733259577792,0.09809317124014942
466,4.28,0.62,1173.9553407126762,318.0,3092.5213483376424,0.0189,3866413727.2532353,69996686.06104708,Jackson,-0.2908198927799425,-0.7683016847615699,log,0.37446371355186947,3.3311968914016465e+24,0.9471504254516564,0.37446371355186947
467,4.28,0.62,1173.9553407126762,318.0,3913.3306280315196,0.0189,2084261908.6349106,40111331.646017686,Selsis,-0.43926472597258415,-0.7171684931284174,log,0.4666022747494448,2.1584096826123386e+24,0.30063899101032465,0.4666022747494448
468,4.28,0.62,1173.9553407126762,318.0,5038.194409190599,0.0189,2156688271.247749,59591291.523502424,Jackson,-0.40440172902493504,-0.608276012370871,GP,0.10311903990391542,4.978519890732457e+23,0.4372723047685867,0.10311903990391542
469,4.28,0.62,1173.9553407126762,318.0,1189.6241799407305,0.0189,5578457742.234316,10001456.62092052,Selsis,-0.2900761029990566,-0.6888614411570605,GP,0.3583684175692523,4.307203305158272e+24,0.6340906486221333,0.3583684175692523
470,4.28,0.62,1173.9553407126762,318.0,1002.9080637609449,0.0189,6543287048.7494955,49875264.74372853,Selsis,-0.4453542767079835,-0.7953896541632475,linear,0.06525266218521841,3.311765130244619e+23,0.44339456781169795,0.06525266218521841
471,4.28,0.62,1173.9553407126762,318.0,3092.5207927897745,0.0189,2510190001.1117163,27297618.13455629,Selsis,-0.33940501072038615,-0.6780250549028585,log,0.07531581640277095,5.4216501693216536e+23,0.043163147849218264,0.07531581640277095
472,4.28,0.62,1173.9553407126762,318.0,4495.487604647205,0.0189,2468184222.962678,53795482.4716781,Jackson,-0.37643248554754133,-0.6760747836842641,log,0.06761229281981887,3.25822839257711e+23,0.8272329915959782,0.06761229281981887
473,4.28,0.62,1173.9553407126762,318.0,1464.8721541442837,0.0189,10557829393.908539,68599833.09615314,Jackson,-0.35479096414855893,-0.6675062121437448,linear,0.15340403769356603,1.3330361133986788e+24,0.4617824098033556,0.15340403769356603
474,4.28,0.62,1173.9553407126762,318.0,2560.395783028361,0.0189,4864468710.713083,83025458.56455702,Jackson,-0.3456867210944945,-0.6149852703086277,log,0.3114690909094416,2.4104586166175306e+24,0.7199118173585012,0.3114690909094416
475,4.28,0.62,1173.9553407126762,318.0,10019.689958988696,0.0189,989589081.9929851,75509644.04682212,Jackson,-0.44954123910894334,-0.7712702333586551,log,0.08841923742217345,2.1905034247705957e+23,0.5396500761468678,0.08841923742217345
476,4.28,0.62,1173.9553407126762,318.0,884.4586805238281,0.0189,7372562460.939226,58344302.888467625,Selsis,-0.40777094318495655,-0.7751060400588902,GP,0.11295240381408114,6.389805126013449e+23,0.4891103249913028,0.11295240381408114
477,4.28,0.62,1173.9553407126762,318.0,1232.5490366142217,0.0189,5398680099.651366,26361748.79808442,Selsis,-0.30205443284856154,-0.7924700486968351,GP,0.34281929653138776,3.4419088711079385e+24,0.44010143300938454,0.34281929653138776
478,4.28,0.62,1173.9553407126762,318.0,3970.933653162938,0.0189,2861132367.3437247,19915705.661313854,Jackson,-0.3274671109897097,-0.7425933416252359,log,0.13313915922626626,8.825343473868928e+23,0.8652330073673461,0.13313915922626626
479,4.28,0.62,1173.9553407126762,318.0,1382.7876375248934,0.0189,4866200270.526512,85127550.02917273,Selsis,-0.330584187109336,-0.7322843328318358,GP,0.07203467256109412,5.425912251630021e+23,0.6370757863408024,0.07203467256109412
480,4.28,0.62,1173.9553407126762,318.0,1340.0872345199962,0.0189,5000107224.654219,14787962.808328552,Selsis,-0.44749751847220215,-0.6213787441429275,log,0.4391127633186892,2.9149074830066227e+24,0.13811796109369334,0.4391127633186892
481,4.28,0.62,1173.9553407126762,318.0,2207.2855388509543,0.0189,5937192106.73183,6735120.369422717,Jackson,-0.4451525317899089,-0.6716552598816055,GP,0.22271897520071068,1.2791101624763786e+24,0.7009852972694142,0.22271897520071068
482,4.28,0.62,1173.9553407126762,318.0,8267.389200045616,0.0189,1228896993.1909795,89484888.32356918,Jackson,-0.3404034855811167,-0.7146920830364614,GP,0.4033352103602293,1.578221716819938e+24,0.3644131148137525,0.4033352103602293
483,4.28,0.62,1173.9553407126762,318.0,2804.3209172718116,0.0189,4352514886.49444,51063224.459516674,Jackson,-0.45007573165334747,-0.7783329730669553,GP,0.15702152859855284,6.603881028404495e+23,0.2974297384370922,0.15702152859855284
484,4.28,0.62,1173.9553407126762,318.0,2488.7064277748646,0.0189,5043217032.904444,39955666.79735425,Jackson,-0.4799832138911207,-0.7572098867991768,log,0.12568101142131463,5.3876793520958156e+23,0.8453993957333319,0.12568101142131463
485,4.28,0.62,1173.9553407126762,318.0,1407.4161016022429,0.0189,11186025071.560453,64557789.47220692,Jackson,-0.3546689682638093,-0.6219451002420708,GP,0.14255609157966773,1.441184152018582e+24,0.5356218510922188,0.14255609157966773
486,4.28,0.62,1173.9553407126762,318.0,1132.8271946013645,0.0189,5837632847.505196,7097049.999333897,Selsis,-0.338336070886452,-0.6973461140713832,GP,0.08840033374448912,7.608190911719726e+23,0.14604564689627242,0.08840033374448912
487,4.28,0.62,1173.9553407126762,318.0,1794.6639966746104,0.0189,3907314643.836454,54650696.04415188,Selsis,-0.4964413735676567,-0.7677048514615602,GP,0.09275496562642631,4.138102124035011e+23,0.864280677469833,0.09275496562642631
488,4.28,0.62,1173.9553407126762,318.0,3209.0270516372307,0.0189,3698216091.227869,5909845.787570068,Jackson,-0.3938280022418504,-0.7066818635971321,GP,0.1756021415211628,9.58229440605939e+23,0.5829508705437646,0.1756021415211628
489,4.28,0.62,1173.9553407126762,318.0,2441.9462452358184,0.0189,5174260663.447635,14159334.62727978,Jackson,-0.47684062361002727,-0.6355683275388813,log,0.1071509031697221,6.097025177906364e+23,0.9465774201882963,0.1071509031697221
490,4.28,0.62,1173.9553407126762,318.0,1115.7376739821818,0.0189,5920953345.14971,74527075.13078126,Selsis,-0.4712920888037434,-0.6957221220630538,linear,0.40898092223986576,2.067278265824694e+24,0.41971958988803026,0.40898092223986576
491,4.28,0.62,1173.9553407126762,318.0,1152.2270371556006,0.0189,5746145725.758594,97029695.26008576,Selsis,-0.3774422022480499,-0.7778672333447718,log,0.09829106557998726,5.662422186586406e+23,0.8667994713047861,0.09829106557998726
492,4.28,0.62,1173.9553407126762,318.0,1539.6921917945301,0.0189,4441579231.797401,7369728.133788996,Selsis,-0.41347021824431107,-0.6287018534577782,linear,0.44163366286526556,3.0469805415646356e+24,0.7009478166769132,0.44163366286526556
493,4.28,0.62,1173.9553407126762,318.0,2896.8293384636963,0.0189,2644772875.6498594,11280510.932840595,Selsis,-0.35542941793233646,-0.7413849751391799,log,0.11263585340926391,7.449079184301853e+23,0.39170674173914377,0.11263585340926391
494,4.28,0.62,1173.9553407126762,318.0,2266.2855052697837,0.0189,5726914912.106158,35625894.371527635,Jackson,-0.370500317236503,-0.6406415452587492,GP,0.10631007438454482,7.713922589537363e+23,0.4957097907562732,0.10631007438454482
495,4.28,0.62,1173.9553407126762,318.0,2291.3763049748013,0.0189,5641540398.969866,9066535.789347813,Jackson,-0.4913651753958684,-0.6870150933919382,linear,0.26191329539815106,1.32790441747156e+24,0.5198638524007844,0.26191329539815106
496,4.28,0.62,1173.9553407126762,318.0,10284.91694519558,0.0189,961089695.7602584,4694862.43345451,Jackson,-0.33783107166857895,-0.6243719358432582,log,0.196582963964132,9.821959455180602e+23,0.7372874211933655,0.196582963964132
497,4.28,0.62,1173.9553407126762,318.0,1134.5374881880525,0.0189,5829437254.354605,24700358.0599594,Selsis,-0.42469169920789557,-0.7153552882929506,linear,0.448189704819252,2.586629421688768e+24,0.668745129941464,0.448189704819252
498,4.28,0.62,1173.9553407126762,318.0,1264.2458282500909,0.0189,5273977432.999424,31895359.7631556,Selsis,-0.44490433008728747,-0.7557884545526502,linear,0.35700016853589456,1.857066682514191e+24,0.7441344035938983,0.35700016853589456
499,4.28,0.62,1173.9553407126762,318.0,676.2881379451223,0.0189,9588754196.952862,8571859.825007832,Selsis,-0.3946961469344826,-0.7839261253507943,log,0.0884761900723657,5.834679416462812e+23,0.2690279097110403,0.0884761900723657
500,4.28,0.62,1173.9553407126762,318.0,2129.2587339672996,0.0189,3394346101.561468,84296548.8370579,Selsis,-0.3183179264213058,-0.6496947924617676,log,0.09989384786385759,8.243700311123989e+23,0.4271151922059361,0.09989384786385759
501,4.28,0.62,1173.9553407126762,318.0,5108.851257009366,0.0189,1697036520.0926387,80414875.29646689,Selsis,-0.4550293953521627,-0.62877867078089,GP,0.427045759841835,1.9469529441203116e+24,0.4981708605329538,0.427045759841835
502,4.28,0.62,1173.9553407126762,318.0,913.8125543800709,0.0189,7145886608.341556,79516046.64911824,Selsis,-0.42042205429264273,-0.6681002110678465,log,0.15178053141648098,9.079753649545065e+23,0.4361971498470931,0.15178053141648098
503,4.28,0.62,1173.9553407126762,318.0,638.4141779481994,0.0189,10161081712.195463,83365471.49738103,Selsis,-0.49116788044064663,-0.6842903795263541,log,0.12770189529446702,6.898206137982254e+23,0.6770364596305957,0.12770189529446702
504,4.28,0.62,1173.9553407126762,318.0,1970.4192547693353,0.0189,3617588816.63569,58102493.61325741,Selsis,-0.39674886153478334,-0.7994743151120351,GP,0.30428740249053615,1.6057300894603843e+24,0.8774097165546043,0.30428740249053615
505,4.28,0.62,1173.9553407126762,318.0,2313.9475457615827,0.0189,5566691474.440953,13780404.443764077,Jackson,-0.368782986350063,-0.760105721106862,linear,0.26424309077263997,1.6842262626687954e+24,0.08569085675717891,0.26424309077263997
506,4.28,0.62,1173.9553407126762,318.0,2421.1327738611412,0.0189,5234599019.669008,10234946.224219404,Jackson,-0.28420344082843035,-0.7385643345381224,linear,0.06180962627207115,7.125016835161542e+23,0.17142355168202883,0.06180962627207115
507,4.28,0.62,1173.9553407126762,318.0,5750.033415960974,0.0189,1847250775.9863696,26601586.695705693,Jackson,-0.4686384249047498,-0.6976069100517054,linear,0.2792058203365786,9.939993194815949e+23,0.2673467077437832,0.2792058203365786
508,4.28,0.62,1173.9553407126762,318.0,3839.28303530615,0.0189,2979151502.7004547,99232202.42612286,Jackson,-0.35449100639093584,-0.6885713322716234,GP,0.2438995138162859,1.2629228047367602e+24,0.9836266874778808,0.2438995138162859
509,4.28,0.62,1173.9553407126762,318.0,1542.2447469921692,0.0189,9805682618.192463,64856024.83529055,Jackson,-0.4823385637200279,-0.7587925157444494,GP,0.11253751656878318,5.494395625226477e+23,0.007258694803741417,0.11253751656878318
510,4.28,0.62,1173.9553407126762,318.0,2109.9302176805963,0.0189,6316394082.575455,30750388.660819948,Jackson,-0.4819681507194074,-0.7322053371083402,linear,0.2228712019165589,1.050798339495283e+24,0.5469348871046669,0.2228712019165589
511,4.28,0.62,1173.9553407126762,318.0,4735.8049398331505,0.0189,1797661277.557746,32734525.19356384,Selsis,-0.3400117886382205,-0.7739214479827822,log,0.059408122881121184,3.740330591305423e+23,0.7476844340256477,0.059408122881121184
512,4.28,0.62,1173.9553407126762,318.0,1102.8828971988596,0.0189,5985390919.426593,58001036.90733225,Selsis,-0.3942794985729462,-0.6478275578748376,GP,0.09884752478706424,6.644721206573772e+23,0.5331274232394849,0.09884752478706424
513,4.28,0.62,1173.9553407126762,318.0,3298.0325331484055,0.0189,2384923035.280612,73694155.24711035,Selsis,-0.31178201872595024,-0.6954375268067596,GP,0.06671691715022011,5.185476824538979e+23,0.6364419891051549,0.06671691715022011
514,4.28,0.62,1173.9553407126762,318.0,2336.337429353469,0.0189,3146098358.1467657,30798355.9370454,Selsis,-0.39162286451747796,-0.7167925552775603,linear,0.2470964811254933,1.4123117033521078e+24,0.8317641080790762,0.2470964811254933
515,4.28,0.62,1173.9553407126762,318.0,2749.2606095382216,0.0189,2758248200.952421,87612579.173231,Selsis,-0.35814815659769345,-0.7017323396531148,log,0.3092604890561729,1.8242072060200024e+24,0.40501703764259234,0.3092604890561729
516,4.28,0.62,1173.9553407126762,318.0,3637.4826786992417,0.0189,3179192348.6799564,23267950.727299023,Jackson,-0.4747273267631315,-0.6738644759299988,linear,0.0939123611324306,4.093600550791264e+23,0.03701081246411675,0.0939123611324306
517,4.28,0.62,1173.9553407126762,318.0,3253.8055947729054,0.0189,3637238353.5455647,35283948.64362376,Jackson,-0.4310473570515209,-0.7578220659041967,linear,0.4967341088848035,2.158770087182764e+24,0.3352036141964667,0.4967341088848035
518,4.28,0.62,1173.9553407126762,318.0,2523.2200002165446,0.0189,2955616670.625279,21420127.71196687,Selsis,-0.4716766595021305,-0.6293014265041201,GP,0.0697970215107854,3.917332423711062e+23,0.809247246624842,0.0697970215107854
519,4.28,0.62,1173.9553407126762,318.0,3030.187074998543,0.0189,3962537892.3231864,36741740.88485413,Jackson,-0.45590807750640966,-0.7569203202254663,log,0.17483539414988095,7.359326504856857e+23,0.5064114322702397,0.17483539414988095
520,4.28,0.62,1173.9553407126762,318.0,2525.367637141146,0.0189,4947493848.671465,98800753.57483336,Jackson,-0.38761676502372694,-0.750605089868594,linear,0.05329738579694743,2.6492315307838706e+23,0.08430578046723858,0.05329738579694743
521,4.28,0.62,1173.9553407126762,318.0,16866.154303538868,0.0189,712085914.018213,46327373.76850032,Selsis,-0.49727606441379996,-0.7782954634835585,log,0.05894123875900536,1.8472317891420358e+23,0.5050534893980642,0.05894123875900536
522,4.28,0.62,1173.9553407126762,318.0,14345.218456452223,0.0189,798053518.5874377,72889046.49188277,Selsis,-0.3737769948016549,-0.7216656083649464,linear,0.4205049624815595,1.656084178414448e+24,0.13018836250455423,0.4205049624815595
523,4.28,0.62,1173.9553407126762,318.0,680.5528959976494,0.0189,9528637189.782785,86044709.92924331,Selsis,-0.372805146440624,-0.7437885219936896,GP,0.11407001337430228,7.490312631530932e+23,0.40870403396668686,0.11407001337430228
524,4.28,0.62,1173.9553407126762,318.0,5398.013602964384,0.0189,1628484237.930838,33185442.896379493,Selsis,-0.42369987455533314,-0.7679954980223415,linear,0.1517373551161366,6.800416804214555e+23,0.6564186081204207,0.1517373551161366
525,4.28,0.62,1173.9553407126762,318.0,1466.7919276236976,0.0189,4627725089.4811735,80449383.49518861,Selsis,-0.4141022554706177,-0.7159002752161213,linear,0.22562830352948882,1.1860896439997292e+24,0.114695326870912,0.22562830352948882
526,4.28,0.62,1173.9553407126762,318.0,2443.4949632131993,0.0189,5169821482.268894,21812055.04027552,Jackson,-0.39094453907328613,-0.7745033051581781,GP,0.06160952200167257,3.4009925570739645e+23,0.21307099511759242,0.06160952200167257
527,4.28,0.62,1173.9553407126762,318.0,1530.5069671207325,0.0189,4464072747.400006,52327255.227563955,Selsis,-0.37335328492988035,-0.6096656502938196,linear,0.2610962162148606,1.985725139330022e+24,0.5357514976835124,0.2610962162148606
528,4.28,0.62,1173.9553407126762,318.0,643.5020057715668,0.0189,10079924997.251625,99124929.61246414,Selsis,-0.3618653338374325,-0.6897688504560181,log,0.22822858208295607,1.6615347135395008e+24,0.4335419594612002,0.22822858208295607
529,4.28,0.62,1173.9553407126762,318.0,3235.0585344786327,0.0189,3662531727.309218,42679696.4073569,Jackson,-0.28508529771130414,-0.729526915499097,log,0.05408113918796478,5.25622254775695e+23,0.7733702391864463,0.05408113918796478
530,4.28,0.62,1173.9553407126762,318.0,4705.706172349043,0.0189,1806502614.6765575,76650850.75281604,Selsis,-0.30968655210058893,-0.6748921066414132,log,0.10690901335423705,7.957222448250942e+23,0.27802877586171537,0.10690901335423705
531,4.28,0.62,1173.9553407126762,318.0,2988.076239208387,0.0189,2579941807.268241,33820836.87387447,Selsis,-0.4514780483051927,-0.7015183763456511,log,0.34867151110389133,1.6839971056255915e+24,0.15258052989661186,0.34867151110389133
532,4.28,0.62,1173.9553407126762,318.0,1995.6151255547873,0.0189,6821256353.122826,39512637.59749636,Jackson,-0.39711656348248453,-0.6918019920831094,log,0.13285402144379602,8.213447597150901e+23,0.6940923264219028,0.13285402144379602
533,4.28,0.62,1173.9553407126762,318.0,2731.0701168985065,0.0189,2773042700.0818,56843692.002439246,Selsis,-0.4838152292458257,-0.7581430209045269,log,0.3175175830829484,1.3701230992349756e+24,0.2636580060611552,0.3175175830829484
534,4.28,0.62,1173.9553407126762,318.0,722.2765478080925,0.0189,8980883032.141203,42961689.2067966,Selsis,-0.3663541463918299,-0.680154079305055,linear,0.36230017681606735,2.774195553223139e+24,0.012989675139581491,0.36230017681606735
535,4.28,0.62,1173.9553407126762,318.0,1907.9211333197657,0.0189,3714692932.3296576,90778458.96322982,Selsis,-0.49226349415130893,-0.6344936042112356,GP,0.08162050408136103,4.1455470974927767e+23,0.532034316061119,0.08162050408136103
536,4.28,0.62,1173.9553407126762,318.0,2769.8698518113774,0.0189,4418496780.339661,29762047.999790207,Jackson,-0.30455056673897146,-0.7610475630939137,linear,0.15091386772896895,1.327095499705114e+24,0.4907176841725487,0.15091386772896895
537,4.28,0.62,1173.9553407126762,318.0,1687.7658160206943,0.0189,4112116868.8281245,26099085.901779525,Selsis,-0.37703242501245,-0.790777034212594,GP,0.3121467050993844,1.9083512274579157e+24,0.54095471228974,0.3121467050993844
538,4.28,0.62,1173.9553407126762,318.0,3077.123919160937,0.0189,3889740990.101424,62837903.63649773,Jackson,-0.4982625783293143,-0.7117516137258983,GP,0.2236062480008767,8.830873493681313e+23,0.036226380100003786,0.2236062480008767
539,4.28,0.62,1173.9553407126762,318.0,2439.166053779425,0.0189,5182247106.154254,83655078.0240463,Jackson,-0.29239108013955667,-0.6467089356104723,linear,0.46194908040399424,4.806446759473728e+24,0.4734537723158877,0.46194908040399424
540,4.28,0.62,1173.9553407126762,318.0,4987.040249675554,0.0189,1728084746.3609736,67039235.93842953,Selsis,-0.3773716895091686,-0.7213189460058598,log,0.41912342067800135,2.0970617790585483e+24,0.3262930187225014,0.41912342067800135
541,4.28,0.62,1173.9553407126762,318.0,3409.4469363971734,0.0189,3438302203.9776974,34842118.438714534,Jackson,-0.32021963699891326,-0.690683943373464,linear,0.08341889565900425,6.22075577075759e+23,0.660470233793553,0.08341889565900425
542,4.28,0.62,1173.9553407126762,318.0,3030.328661832411,0.0189,3962314388.9443593,54778256.798887774,Jackson,-0.3003240670164875,-0.6734999988918026,log,0.31415085590154934,2.814313237437128e+24,0.7316241535332413,0.31415085590154934
543,4.28,0.62,1173.9553407126762,318.0,2687.868012995855,0.0189,4583469740.941222,6300815.637082838,Jackson,-0.2889922414095086,-0.7966266787877476,GP,0.06241022152529865,6.597979775935093e+23,0.07377472485872949,0.06241022152529865
544,4.28,0.62,1173.9553407126762,318.0,1025.6213417115082,0.0189,6407143852.670044,54436559.394516245,Selsis,-0.3903598188144359,-0.7028264737314972,linear,0.1455040404302934,9.158171521841008e+23,0.47712893257430267,0.1455040404302934
545,4.28,0.62,1173.9553407126762,318.0,2581.2513722494996,0.0189,4816281097.848175,72173504.86776671,Jackson,-0.32116101971862165,-0.7945001138711326,GP,0.09264504224145813,6.841430777769941e+23,0.6673384758939516,0.09264504224145813
546,4.28,0.62,1173.9553407126762,318.0,2270.7019586912966,0.0189,5711717932.136522,60628920.57754264,Jackson,-0.4248022914316662,-0.78731372155753,GP,0.06354835113143963,2.9997619855157648e+23,0.36395639730551843,0.06354835113143963
547,4.28,0.62,1173.9553407126762,318.0,1817.8623153702536,0.0189,7768497944.017057,81639938.86494201,Jackson,-0.48415250280848415,-0.6065680191850576,log,0.2509975608294993,1.6859060915854256e+24,0.5534439436257178,0.2509975608294993
548,4.28,0.62,1173.9553407126762,318.0,1585.5724328669685,0.0189,9425150157.197603,32730625.69037901,Jackson,-0.29311930017070137,-0.6837651961755089,GP,0.21996767263724687,2.8159181767100347e+24,0.688722497519582,0.21996767263724687
549,4.28,0.62,1173.9553407126762,318.0,3612.696542422766,0.0189,3205537370.462443,29877561.44159297,Jackson,-0.406416009274674,-0.6532151808509277,linear,0.19956674657387546,1.0289161807239041e+24,0.8612309244491523,0.19956674657387546
550,4.28,0.62,1173.9553407126762,318.0,1969.3526516372535,0.0189,3619196061.2601547,48846595.04512004,Selsis,-0.4132146664962631,-0.7316076228235245,GP,0.24128887261498566,1.2693692814876046e+24,0.3219474398385983,0.24128887261498566
551,4.28,0.62,1173.9553407126762,318.0,4603.316088775585,0.0189,1837379763.2008243,66524416.560324796,Selsis,-0.3968589305226299,-0.7411886491040566,GP,0.18201485700381562,8.547023491883554e+23,0.7724004520833033,0.18201485700381562
552,4.28,0.62,1173.9553407126762,318.0,858.8758716217915,0.0189,7583475276.424955,34591994.91453084,Selsis,-0.40661226419075686,-0.7023974918893316,linear,0.054994519096110764,3.462514323665118e+23,0.05325416378965531,0.054994519096110764
553,4.28,0.62,1173.9553407126762,318.0,18895.69821888706,0.0189,657741625.8913982,8388029.942325892,Selsis,-0.37826170181613733,-0.7899093815054603,log,0.14350303335949546,5.981737832810994e+23,0.9824308120430448,0.14350303335949546
554,4.28,0.62,1173.9553407126762,318.0,1706.2171650898617,0.0189,4074982587.7880692,7955442.148280274,Selsis,-0.38396663014055943,-0.6034555956753392,GP,0.0521368427721613,4.125530411595215e+23,0.9060510284352118,0.0521368427721613
555,4.28,0.62,1173.9553407126762,318.0,3147.0849920432643,0.0189,3785858928.685021,23259028.799186006,Jackson,-0.34496121317197376,-0.7286045485935182,GP,0.09259498925971715,6.0057481281918564e+23,0.8343530130327584,0.09259498925971715
556,4.28,0.62,1173.9553407126762,318.0,693.692452779558,0.0189,9348449323.104523,21771579.375281397,Selsis,-0.45254689354486693,-0.776497546352683,log,0.08510057922638714,4.6728892596355505e+23,0.8470117265244459,0.08510057922638714
557,4.28,0.62,1173.9553407126762,318.0,8200.405527777944,0.0189,1240088336.9652014,89125475.73735765,Jackson,-0.370667638973258,-0.7613424107697402,log,0.07317747635796,2.412302154028644e+23,0.6551872044278195,0.07317747635796
558,4.28,0.62,1173.9553407126762,318.0,8421.463564631324,0.0189,1203447301.680703,29375228.777037505,Jackson,-0.4413040883028308,-0.7879080214980761,log,0.13554495907348393,4.1144234156112335e+23,0.9602950265786091,0.13554495907348393
559,4.28,0.62,1173.9553407126762,318.0,3056.361055390673,0.0189,3921625710.7690253,47748798.00682212,Jackson,-0.484572199001481,-0.6042542968616361,log,0.07473239376866948,4.1185804855396224e+23,0.2740240069092572,0.07473239376866948
560,4.28,0.62,1173.9553407126762,318.0,2665.6527915649867,0.0189,4630196144.209801,46304749.04208804,Jackson,-0.47798934799464504,-0.6186383333010088,linear,0.08882265931267032,4.9266668422881e+23,0.17490945377639366,0.08882265931267032
561,4.28,0.62,1173.9553407126762,318.0,3485.1495491675714,0.0189,3347949383.750787,38669342.02636727,Jackson,-0.42875860724352616,-0.7838792197801209,log,0.2838304016732504,1.1884935060939878e+24,0.8344963197717921,0.2838304016732504
562,4.28,0.62,1173.9553407126762,318.0,6387.135150411899,0.0189,1638121765.3568563,75713774.81344986,Jackson,-0.28273446755244697,-0.7268370500415059,GP,0.10816369786880124,7.569316768909274e+23,0.5804310816131019,0.10816369786880124
563,4.28,0.62,1173.9553407126762,318.0,2691.740781112092,0.0189,2805566553.717574,25687479.467965163,Selsis,-0.381703030963095,-0.7387259250859439,log,0.0685591882829712,3.959926611058291e+23,0.6989731701981351,0.0685591882829712
564,4.28,0.62,1173.9553407126762,318.0,1510.0386661139858,0.0189,4515164223.93763,25418705.474580918,Selsis,-0.41544161183187334,-0.6484886244701963,linear,0.21734850460489494,1.3709170461129886e+24,0.6203740965271101,0.21734850460489494
565,4.28,0.62,1173.9553407126762,318.0,1368.7452496367491,0.0189,4908887144.5968,73874893.52737935,Selsis,-0.4340647755579097,-0.6253908188966962,GP,0.17001696736338173,1.0395535365348034e+24,0.33760668136629024,0.17001696736338173
566,4.28,0.62,1173.9553407126762,318.0,9389.921496436456,0.0189,1064344736.8261076,4545396.227171764,Jackson,-0.3204533534671045,-0.7882576260456599,GP,0.3665627265140768,1.9033794994326725e+24,0.9846958193002975,0.3665627265140768
567,4.28,0.62,1173.9553407126762,318.0,4209.753808256911,0.0189,2668415178.9326134,31449599.193445135,Jackson,-0.47395477539331365,-0.6215070856725647,linear,0.4365680363799819,2.0323205128973617e+24,0.3629750772129351,0.4365680363799819
568,4.28,0.62,1173.9553407126762,318.0,3817.0609550811623,0.0189,2125290673.5707705,36314166.66094974,Selsis,-0.2850899494201575,-0.6017011131711869,log,0.28928565624435065,3.1744769350298113e+24,0.38975212628959377,0.28928565624435065
569,4.28,0.62,1173.9553407126762,318.0,1230.105161880361,0.0189,5408569051.637577,72356730.34435663,Selsis,-0.4388950553308311,-0.7320432220374665,linear,0.06033739919288307,3.05053175913219e+23,0.5665686937940353,0.06033739919288307
570,4.28,0.62,1173.9553407126762,318.0,5402.52382625171,0.0189,1627468174.5493422,58215131.06544986,Selsis,-0.29602386570557637,-0.6347268484998081,log,0.14902895554475096,1.2839957906699486e+24,0.5687222366648802,0.14902895554475096
571,4.28,0.62,1173.9553407126762,318.0,1227.1088329216625,0.0189,5420748728.704969,87319658.83223107,Selsis,-0.4525742777778294,-0.662626378341584,GP,0.3001732008726677,1.605256406403187e+24,0.61887028739946,0.3001732008726677
572,4.28,0.62,1173.9553407126762,318.0,2053.077004119625,0.0189,6558712120.521304,22997809.25519716,Jackson,-0.33815146227563325,-0.6722787209769048,GP,0.33954202341549233,2.8922007577644414e+24,0.6944675586635494,0.33954202341549233
573,4.28,0.62,1173.9553407126762,318.0,3764.5826735925793,0.0189,3050335054.311117,93915205.45060429,Jackson,-0.4104304289942975,-0.6428324318964977,log,0.06284643461204412,2.895596788575807e+23,0.47341410179290866,0.06284643461204412
574,4.28,0.62,1173.9553407126762,318.0,1654.6244745086024,0.0189,8870714696.194399,81604187.51442657,Jackson,-0.3506487485295327,-0.6840729490330726,log,0.05264450365963325,4.20633161952996e+23,0.3804501086902965,0.05264450365963325
575,4.28,0.62,1173.9553407126762,318.0,2242.2470023542737,0.0189,5810933685.946868,49480232.76400875,Jackson,-0.4646320250134219,-0.6805601448862056,GP,0.11224047239901352,5.62839549619577e+23,0.4023324579553892,0.11224047239901352
576,4.28,0.62,1173.9553407126762,318.0,4895.396096408333,0.0189,1752465918.867565,66401243.118066646,Selsis,-0.45024905258728154,-0.7839442756294666,linear,0.40584233112585655,1.6429114239135538e+24,0.4077940306860839,0.40584233112585655
577,4.28,0.62,1173.9553407126762,318.0,1717.2022601124113,0.0189,4053244060.7045317,62451762.05550944,Selsis,-0.480946384712856,-0.7062166406162508,GP,0.31374536310316803,1.4875235674019944e+24,0.23955929302368373,0.31374536310316803
578,4.28,0.62,1173.9553407126762,318.0,2114.653759606631,0.0189,6296990129.795101,14135727.447683945,Jackson,-0.36550797889147874,-0.7640837586927564,linear,0.14618030027066345,9.775390200983266e+23,0.6640896785258149,0.14618030027066345
579,4.28,0.62,1173.9553407126762,318.0,1384.0108358162277,0.0189,4862522535.3280325,18688240.65311029,Selsis,-0.3736392136973959,-0.6774435661527676,log,0.31100813860811055,2.1773212729046988e+24,0.9712567024010578,0.31100813860811055
580,4.28,0.62,1173.9553407126762,318.0,1907.1453060545853,0.0189,7264838418.969777,12915786.923868751,Jackson,-0.38934228372939217,-0.737425114016739,GP,0.1852186536429778,1.1809522907666533e+24,0.9388173722970015,0.1852186536429778
581,4.28,0.62,1173.9553407126762,318.0,794.405373491538,0.0189,8179112825.3026085,43150668.28909614,Selsis,-0.30231420909506174,-0.7698254887097692,GP,0.16385093343598847,1.7078641006155702e+24,0.921259778743873,0.16385093343598847
582,4.28,0.62,1173.9553407126762,318.0,3695.394109888949,0.0189,3119218214.889248,16709167.462454243,Jackson,-0.3600447504226137,-0.7975100423887082,log,0.05807417495874188,3.210148772320277e+23,0.2815510848386147,0.05807417495874188
583,4.28,0.62,1173.9553407126762,318.0,4580.371648730915,0.0189,2413921859.112622,11533787.97657151,Jackson,-0.4793580100357865,-0.660791197370092,GP,0.4573874476245902,1.92556800124644e+24,0.28863114808517853,0.4573874476245902
584,4.28,0.62,1173.9553407126762,318.0,2894.382454952641,0.0189,4188581456.755684,93220276.1260056,Jackson,-0.46288465299479054,-0.6953747566056188,GP,0.13339487620312068,5.4888331782232655e+23,0.7759828125680397,0.13339487620312068
585,4.28,0.62,1173.9553407126762,318.0,3906.1801118477324,0.0189,2918043740.574482,52797083.56532107,Jackson,-0.3240104617999707,-0.7532623255847921,linear,0.3350242271261812,2.1515725475720908e+24,0.9984685179886148,0.3350242271261812
586,4.28,0.62,1173.9553407126762,318.0,4000.785577590018,0.0189,2835603955.412594,70632473.9748128,Jackson,-0.47581626084055845,-0.6910856932354915,GP,0.05837520802236121,2.1833267381368035e+23,0.47843921962335556,0.05837520802236121
587,4.28,0.62,1173.9553407126762,318.0,5326.3591586213515,0.0189,2020193813.659942,96543025.27575324,Jackson,-0.2910573118761704,-0.695773619399716,log,0.25191361397311895,1.7332076075909282e+24,0.41829662310556115,0.25191361397311895
588,4.28,0.62,1173.9553407126762,318.0,9889.851311532557,0.0189,1004150330.763067,47246507.09410102,Jackson,-0.4669329068632126,-0.6955105203648222,GP,0.09964175530947408,2.742396842289251e+23,0.9096919502810664,0.09964175530947408
589,4.28,0.62,1173.9553407126762,318.0,3120.6907236771594,0.0189,3824421516.345074,28257382.538481764,Jackson,-0.33324815103872846,-0.6008658252377754,GP,0.46397392983157815,3.9413802285587063e+24,0.8694818236663217,0.46397392983157815
590,4.28,0.62,1173.9553407126762,318.0,979.1591056640225,0.0189,6692687446.967613,46826831.9266615,Selsis,-0.43712677343289136,-0.6187568455202974,GP,0.2900023838013492,1.9903276134770562e+24,0.9626364885838609,0.2900023838013492
591,4.28,0.62,1173.9553407126762,318.0,1596.2338441680165,0.0189,4308713070.107727,35566356.54495745,Selsis,-0.46690974513567884,-0.7941932161206966,log,0.11973916393024288,5.7073098288293064e+23,0.9512827385368308,0.11973916393024288
592,4.28,0.62,1173.9553407126762,318.0,2040.6441865593483,0.0189,3515336723.0650535,2814291.059968948,Selsis,-0.4753480627981841,-0.7984993903010786,log,0.28525816650924984,1.4257083716436349e+24,0.7519622482304031,0.28525816650924984
593,4.28,0.62,1173.9553407126762,318.0,1902.373912578021,0.0189,7290255741.944245,60923679.52926839,Jackson,-0.306493844252924,-0.7425416944710859,linear,0.06211713999462109,6.069732059531762e+23,0.2825654168667927,0.06211713999462109
594,4.28,0.62,1173.9553407126762,318.0,3788.4165780861517,0.0189,3027273609.791166,44043503.160544425,Jackson,-0.36813179149712166,-0.7275054674050934,GP,0.07525934465142582,3.8870373273128385e+23,0.7481950264147978,0.07525934465142582
595,4.28,0.62,1173.9553407126762,318.0,3260.2330786353255,0.0189,2406858903.443156,64678957.40488488,Selsis,-0.3129454665279158,-0.7539582192239909,log,0.08818210813946702,6.73497025079759e+23,0.45961948420123966,0.08818210813946702
596,4.28,0.62,1173.9553407126762,318.0,4138.295789549326,0.0189,2723421307.8425117,43105433.33655658,Jackson,-0.3750687678859171,-0.7771894173098859,log,0.2516491311655436,1.187485513604746e+24,0.591207395910215,0.2516491311655436
597,4.28,0.62,1173.9553407126762,318.0,4004.922333776433,0.0189,2046940430.223597,34938971.0715562,Selsis,-0.4523538904182761,-0.7863621697704634,log,0.24151966330525626,1.0620927203550297e+24,0.012327381709220098,0.24151966330525626
598,4.28,0.62,1173.9553407126762,318.0,960.3952852346621,0.0189,6816190992.664518,69515256.75015438,Selsis,-0.3048001964322677,-0.6990730685442704,linear,0.15423022753446855,1.5416310009965857e+24,0.6172255180380969,0.15423022753446855
599,4.28,0.62,1173.9553407126762,318.0,1881.5041365404695,0.0189,3757611570.23547,28378783.440604355,Selsis,-0.4126665523269225,-0.6587799924012225,linear,0.27487259798717445,1.645902598503593e+24,0.9425830382364275,0.27487259798717445
600,4.28,0.62,1173.9553407126762,318.0,4791.663185293071,0.0189,2288284685.3163586,83825006.40716243,Jackson,-0.33364650539244334,-0.6042388998900694,GP,0.2227991159715959,1.4017096688147434e+24,0.16317417854355654,0.2227991159715959
601,4.28,0.62,1173.9553407126762,318.0,4877.5488757197645,0.0189,2240730015.8205886,75609454.00939687,Jackson,-0.36271745120918175,-0.6818795291345586,linear,0.10465044155939907,4.9263703398079194e+23,0.2110805812248644,0.10465044155939907
602,4.28,0.62,1173.9553407126762,318.0,10935.282422559454,0.0189,969551197.6885821,68144150.04904117,Selsis,-0.4674415193929234,-0.7278657855374047,GP,0.326955716928346,1.1331559624435095e+24,0.6354095352825859,0.326955716928346
603,4.28,0.62,1173.9553407126762,318.0,2373.102083084972,0.0189,3106368695.1078653,38228651.48111654,Selsis,-0.4261454376377858,-0.6413396845411168,log,0.05867603405906547,3.3577204646115164e+23,0.7945374724781722,0.05867603405906547
604,4.28,0.62,1173.9553407126762,318.0,1978.8965923006947,0.0189,6901236880.641019,6199491.095017178,Jackson,-0.28491470023574306,-0.7209372772053143,linear,0.48576876196024577,6.157751743310077e+24,0.02824360095470091,0.48576876196024577
605,4.28,0.62,1173.9553407126762,318.0,1090.6919625548007,0.0189,6047956837.832316,45687052.66673035,Selsis,-0.4617893053943695,-0.6895676482760467,linear,0.2712224042647752,1.4710264483503192e+24,0.03445725672636335,0.2712224042647752
606,4.28,0.62,1173.9553407126762,318.0,2643.2697022900406,0.0189,2846856591.780459,2707488.5640219273,Selsis,-0.4094288175270707,-0.7877900989726496,linear,0.34926807078020616,1.9365081817796076e+24,0.3371183511203113,0.34926807078020616
607,4.28,0.62,1173.9553407126762,318.0,4098.639325982193,0.0189,2754892709.1331296,62320174.1933872,Jackson,-0.47221276391375394,-0.6576094627933776,linear,0.17332895446531277,6.989934352816125e+23,0.24622931566582706,0.17332895446531277
608,4.28,0.62,1173.9553407126762,318.0,15657.922936849773,0.0189,608106828.0810533,18979110.077442255,Jackson,-0.46032712729558106,-0.7627098115177885,log,0.062418436106087,1.477665088550125e+23,0.5321930531341839,0.062418436106087
609,4.28,0.62,1173.9553407126762,318.0,7037.797772241019,0.0189,1469452027.5783412,18641907.807823613,Jackson,-0.4267126813017467,-0.7459300008580297,GP,0.05802834139148534,2.027405004273099e+23,0.6111596228783097,0.05802834139148534
610,4.28,0.62,1173.9553407126762,318.0,8289.098108868642,0.0189,1187133237.4377224,25489037.356321372,Selsis,-0.4981888320677214,-0.607279566989693,log,0.10082416628554561,4.7047509639316905e+23,0.7775916625460487,0.10082416628554561
611,4.28,0.62,1173.9553407126762,318.0,4620.933827536189,0.0189,1831976623.3329873,72183692.19553405,Selsis,-0.332851769599246,-0.6510734162537704,log,0.07816321679989964,5.186867474697768e+23,0.34300915534909937,0.07816321679989964
612,4.28,0.62,1173.9553407126762,318.0,6571.63304170006,0.0189,1407383828.3933883,49436961.23533221,Selsis,-0.47751967914746424,-0.6677558401134271,log,0.3274450939708656,1.3674466483819794e+24,0.475571671266123,0.3274450939708656
613,4.28,0.62,1173.9553407126762,318.0,10898.618322261615,0.0189,900922184.6764277,60204773.18448996,Jackson,-0.4512749238227894,-0.7037866220398153,linear,0.22582046873855918,5.821618421697431e+23,0.060656185715716404,0.22582046873855918
614,4.28,0.62,1173.9553407126762,318.0,1742.6326081172763,0.0189,4003944422.743385,16408868.129079998,Selsis,-0.41357224814447,-0.6855614273481435,GP,0.10733795314811573,6.343824305160747e+23,0.666735311207932,0.10733795314811573
615,4.28,0.62,1173.9553407126762,318.0,1843.6507502903855,0.0189,7616701559.362767,27787946.72170691,Jackson,-0.3241427435543079,-0.6768451863915703,log,0.109079821954838,1.0507869537817273e+24,0.7542678871232394,0.109079821954838
616,4.28,0.62,1173.9553407126762,318.0,4275.760917327452,0.0189,1945334027.1884532,91964716.7923967,Selsis,-0.4914099729343732,-0.6633195524817285,log,0.07817918831682245,3.231504132236307e+23,0.9231002835887727,0.07817918831682245
617,4.28,0.62,1173.9553407126762,318.0,2701.799146815141,0.0189,4554622531.739665,30318083.241013195,Jackson,-0.41334004478102754,-0.6605093161270801,linear,0.45432692461907487,2.532902220865491e+24,0.22289509678390884,0.45432692461907487
618,4.28,0.62,1173.9553407126762,318.0,12555.741341972122,0.0189,771583650.2487985,99741735.55390127,Jackson,-0.4602691830735797,-0.7598073052955288,GP,0.2670469600176872,5.4102220237416984e+23,0.534879376701009,0.2670469600176872
619,4.28,0.62,1173.9553407126762,318.0,2643.5458235930214,0.0189,4677601988.525682,58018311.56640297,Jackson,-0.4023357741168073,-0.7092377310264124,GP,0.3312925033446251,1.7005745482478012e+24,0.8670790601177484,0.3312925033446251
620,4.28,0.62,1173.9553407126762,318.0,768.0636041599728,0.0189,8453231737.994617,69991379.99864595,Selsis,-0.47011665598822383,-0.6310901848141964,log,0.18334214470464427,1.1650031638425542e+24,0.9923966831653092,0.18334214470464427
621,4.28,0.62,1173.9553407126762,318.0,1566.9366255138725,0.0189,9585527001.40262,17277304.750003874,Jackson,-0.3944121363543298,-0.6219472797830712,log,0.34443893429405176,2.9782960378530793e+24,0.9248187128769327,0.34443893429405176
622,4.28,0.62,1173.9553407126762,318.0,9696.27025280944,0.0189,1026653129.8299686,3273708.6867691632,Jackson,-0.29536181934167766,-0.7159438911877539,GP,0.12055958096936913,7.69331775417189e+23,0.4784699518083756,0.12055958096936913
623,4.28,0.62,1173.9553407126762,318.0,4166.94260693512,0.0189,2701111642.793624,29742969.007856023,Jackson,-0.39875785092010196,-0.7378773479771595,log,0.4449927561135279,1.9937235932121648e+24,0.45522700451891884,0.4449927561135279
624,4.28,0.62,1173.9553407126762,318.0,2177.562020192006,0.0189,6048504289.548811,86066219.55351608,Jackson,-0.4037103235898639,-0.7070239023734506,GP,0.21822007095302196,1.1610718822397972e+24,0.5155080521903348,0.21822007095302196
625,4.28,0.62,1173.9553407126762,318.0,20134.257793105782,0.0189,467565994.7786717,51277353.267519765,Jackson,-0.31899883960395,-0.6398702239907925,GP,0.07161539635138464,2.3119550202307775e+23,0.9525959441287054,0.07161539635138464
626,4.28,0.62,1173.9553407126762,318.0,2487.129826351784,0.0189,5047536799.180784,76118158.83944437,Jackson,-0.4929413883180743,-0.6316910441757205,log,0.46750430582463254,2.3952341862600823e+24,0.1743730505224561,0.46750430582463254
627,4.28,0.62,1173.9553407126762,318.0,7508.280612772961,0.0189,1367294390.5741522,16655114.010704452,Jackson,-0.3135125183563863,-0.7583261121457964,GP,0.17712665098035366,1.01113607770618e+24,0.27332718647958887,0.17712665098035366
628,4.28,0.62,1173.9553407126762,318.0,772.7895855326022,0.0189,8402580763.346125,87741190.18621182,Selsis,-0.3184325720162846,-0.6845549411302624,GP,0.3652117022702896,3.3856975676655003e+24,0.48187244481790026,0.3652117022702896
629,4.28,0.62,1173.9553407126762,318.0,2499.285474500499,0.0189,5014404446.817318,63381413.10635954,Jackson,-0.4382652646713721,-0.6771902065799804,log,0.12399560377702135,6.158770948362362e+23,0.9701613494417695,0.12399560377702135
630,4.28,0.62,1173.9553407126762,318.0,2530.7291115895823,0.0189,4934612085.230082,70513242.85408694,Jackson,-0.48540746279439345,-0.6750072659619737,linear,0.26111204597149407,1.1861397699875475e+24,0.10542313065729159,0.26111204597149407
631,4.28,0.62,1173.9553407126762,318.0,5883.966667402496,0.0189,1798368968.489093,18154740.851452824,Jackson,-0.2800481656454139,-0.6901951926721667,GP,0.4995806388898152,4.248337453960957e+24,0.7307143978374167,0.4995806388898152
632,4.28,0.62,1173.9553407126762,318.0,1383.3693423255754,0.0189,4864450482.003473,41689920.87860814,Selsis,-0.388483585274407,-0.7943076225468649,GP,0.11263414032886555,6.562484633912744e+23,0.510490807190265,0.11263414032886555
633,4.28,0.62,1173.9553407126762,318.0,7476.78870847018,0.0189,1373694537.8032227,75264146.22013292,Jackson,-0.39182267380414365,-0.7887744851630226,linear,0.06724311503508151,2.182536832243499e+23,0.8380368697944858,0.06724311503508151
634,4.28,0.62,1173.9553407126762,318.0,1284.1221009299122,0.0189,5198999931.675896,83396935.00924565,Selsis,-0.4696021561442179,-0.6587644936625093,GP,0.1090673291454304,5.735887336307641e+23,0.964083212921549,0.1090673291454304
635,4.28,0.62,1173.9553407126762,318.0,2222.9344397813443,0.0189,3276535736.827434,86886035.75222518,Selsis,-0.3874542268254887,-0.6621022831303505,linear,0.05613551161490145,3.197348625135204e+23,0.4003696658608429,0.05613551161490145
636,4.28,0.62,1173.9553407126762,318.0,2146.3849278453736,0.0189,6169389082.871416,73482078.9324409,Jackson,-0.4845985201327697,-0.6310426574742841,linear,0.2695702318786295,1.5043677809276724e+24,0.057336606877750995,0.2695702318786295
637,4.28,0.62,1173.9553407126762,318.0,1725.28829719989,0.0189,4037414884.1901956,3920453.691548465,Selsis,-0.3057988013676589,-0.7940107020704429,linear,0.3750623878183224,3.700354689799749e+24,0.22059095587422417,0.3750623878183224
638,4.28,0.62,1173.9553407126762,318.0,5285.1694550414,0.0189,2038677668.092928,16809404.68017218,Jackson,-0.3720789458418922,-0.6442250176425425,GP,0.2872856756897292,1.4908287875879264e+24,0.3812619910017093,0.2872856756897292
639,4.28,0.62,1173.9553407126762,318.0,3215.181119835945,0.0189,2433638762.592582,40537996.083181,Selsis,-0.34353482894500637,-0.6084007504251541,GP,0.10381421718182494,7.961054909680438e+23,0.4141641245960531,0.10381421718182494
640,4.28,0.62,1173.9553407126762,318.0,7755.139194259,0.0189,1319084948.3968441,75355811.52449676,Jackson,-0.45266915970606486,-0.6167372266375103,linear,0.42761695911427244,1.4481288196569402e+24,0.9352578387257292,0.42761695911427244
641,4.28,0.62,1173.9553407126762,318.0,1221.2722172200843,0.0189,5444650258.878013,44583178.496705025,Selsis,-0.41589831568823704,-0.7815204884300974,linear,0.22910342989612126,1.2386712824469797e+24,0.6413926022696617,0.22910342989612126
642,4.28,0.62,1173.9553407126762,318.0,618.9501533730753,0.0189,10485045573.738142,92855147.55444919,Selsis,-0.41313548913729015,-0.7833838376058071,linear,0.0955617562234253,5.2451807684139425e+23,0.10216312869534072,0.0955617562234253
643,4.28,0.62,1173.9553407126762,318.0,4335.519818053817,0.0189,1924510164.691965,2778091.3017491545,Selsis,-0.3451440574654167,-0.6566267424284183,log,0.10651029598167586,7.717680909061902e+23,0.03707531688783894,0.10651029598167586
644,4.28,0.62,1173.9553407126762,318.0,4486.942764035101,0.0189,1874056854.4464135,7438917.580428392,Selsis,-0.40945795164818677,-0.7136319590603546,linear,0.09277175426153052,4.839436541970899e+23,0.4120002690921586,0.09277175426153052
645,4.28,0.62,1173.9553407126762,318.0,1702.7655842573242,0.0189,4081869399.3299923,46936071.13075283,Selsis,-0.33438926633091526,-0.71921720412828,GP,0.41471283541494774,3.1611494985659715e+24,0.19696747823569583,0.41471283541494774
646,4.28,0.62,1173.9553407126762,318.0,6613.998608857103,0.0189,1400742636.5029597,71375758.85501394,Selsis,-0.4619515567226574,-0.6867469940762583,GP,0.09839554592800483,3.905966780521843e+23,0.6032000450682264,0.09839554592800483
647,4.28,0.62,1173.9553407126762,318.0,3000.7362230958915,0.0189,2571242304.758628,71975070.72109428,Selsis,-0.3020832304606927,-0.7384063377554169,GP,0.14032905598566964,1.172761615452513e+24,0.1907909520718053,0.14032905598566964
648,4.28,0.62,1173.9553407126762,318.0,1990.9663320126854,0.0189,6843327286.87449,62298510.91879319,Jackson,-0.48899317565851447,-0.7036679851460204,linear,0.1286944217874926,6.127709732361098e+23,0.648942616103099,0.1286944217874926
649,4.28,0.62,1173.9553407126762,318.0,15464.96113923533,0.0189,756823933.072848,60835668.78933144,Selsis,-0.3125505734670521,-0.7403940070767664,linear,0.34133048932157417,1.8639003758546863e+24,0.12340632595457146,0.34133048932157417
650,4.28,0.62,1173.9553407126762,318.0,994.8783865487842,0.0189,6592967521.855408,3090820.181934349,Selsis,-0.3002037883081162,-0.6020397531957106,GP,0.12923205014985997,1.7178535687004574e+24,0.8705978166434513,0.12923205014985997
651,4.28,0.62,1173.9553407126762,318.0,4193.62111309224,0.0189,1974856731.5922642,71811893.54234187,Selsis,-0.4724057887988017,-0.6407614114120697,log,0.24238658698341187,1.1118778364550054e+24,0.299423800682603,0.24238658698341187
652,4.28,0.62,1173.9553407126762,318.0,5908.42600482753,0.0189,1522519814.725736,77160993.67237161,Selsis,-0.36892173965176445,-0.7301743658689283,linear,0.2895501604659698,1.4174680597499314e+24,0.8393148596978043,0.2895501604659698
653,4.28,0.62,1173.9553407126762,318.0,2488.215658755169,0.0189,5044560980.723219,29165655.663473543,Jackson,-0.39430536592134663,-0.7016252947973566,log,0.313797149839131,1.787471815006626e+24,0.9820982529119683,0.313797149839131
654,4.28,0.62,1173.9553407126762,318.0,4723.1080357574265,0.0189,2327652485.747923,60141878.80600476,Jackson,-0.46835505822757384,-0.6803761325441587,linear,0.3151663644585822,1.1588525357860636e+24,0.04122387972957953,0.3151663644585822
655,4.28,0.62,1173.9553407126762,318.0,2405.850718423443,0.0189,5279721956.435827,17803308.3547341,Jackson,-0.47594705757641187,-0.7172379806753979,log,0.20711022804830487,9.797678331358064e+23,0.48349495528709974,0.20711022804830487
656,4.28,0.62,1173.9553407126762,318.0,11960.986552102268,0.0189,813409614.7186334,38080006.523794346,Jackson,-0.30466805309108186,-0.6078196261695838,GP,0.2450644175138212,1.2764315843137915e+24,0.07338463467825496,0.2450644175138212
657,4.28,0.62,1173.9553407126762,318.0,1021.5971504849991,0.0189,6430805459.696739,17750233.74620333,Selsis,-0.3884681384576293,-0.6560288049686998,GP,0.20736832394639607,1.495903987401149e+24,0.7427820155449101,0.20736832394639607
658,4.28,0.62,1173.9553407126762,318.0,5000.369400373792,0.0189,1724619838.4285848,30292619.673123285,Selsis,-0.3485182298951765,-0.7906498133249295,log,0.3188028737608186,1.8985878244674014e+24,0.4527860969855827,0.3188028737608186
659,4.28,0.62,1173.9553407126762,318.0,8299.488158634595,0.0189,1223509097.8141127,34102389.18812378,Jackson,-0.3119336403488547,-0.798694863785549,GP,0.20673969154251653,1.0873390094022577e+24,0.8095676639853211,0.20673969154251653
660,4.28,0.62,1173.9553407126762,318.0,1068.8532035093663,0.0189,6163745086.662021,29471491.6181712,Selsis,-0.31210041871721256,-0.6031431377130517,GP,0.06284684765991227,7.191936824523024e+23,0.7084145804365858,0.06284684765991227
661,4.28,0.62,1173.9553407126762,318.0,6243.002325430211,0.0189,1461662185.0340466,30340783.22290162,Selsis,-0.42303924943271604,-0.6780642206393427,log,0.06524117000771971,3.045380490248157e+23,0.9860453003198913,0.06524117000771971
662,4.28,0.62,1173.9553407126762,318.0,1672.1146686661893,0.0189,4144242125.670738,24494507.234870583,Selsis,-0.3012575285846296,-0.6464256411250472,log,0.20001514281831112,2.12475521480098e+24,0.9724198038108298,0.20001514281831112
663,4.28,0.62,1173.9553407126762,318.0,8229.351420379753,0.0189,1193483256.0694942,69499380.8651271,Selsis,-0.3018403858876061,-0.7709839428401714,GP,0.07822356285474011,5.352894176947465e+23,0.1867334410381557,0.07822356285474011
664,4.28,0.62,1173.9553407126762,318.0,10559.538319287318,0.0189,933223235.0571012,41566964.582289234,Jackson,-0.4607683064499252,-0.6649304528168634,linear,0.17917516734801858,5.083807782621473e+23,0.7008464738590202,0.17917516734801858
665,4.28,0.62,1173.9553407126762,318.0,1164.4718592650588,0.0189,5690021655.720609,7351638.492431573,Selsis,-0.4373840477358202,-0.6017688642952511,GP,0.3100025536499013,2.3438625216334059e+24,0.030747554379607744,0.3100025536499013
666,4.28,0.62,1173.9553407126762,318.0,1254.45190472305,0.0189,5311818445.29416,81939500.5937955,Selsis,-0.3836367993679119,-0.6689277739358809,GP,0.44785003793211414,2.8257050245082084e+24,0.4443189684941551,0.44785003793211414
667,4.28,0.62,1173.9553407126762,318.0,1816.6209171350463,0.0189,7775942370.524309,23231852.14180226,Jackson,-0.4081067364764771,-0.7310109365105197,linear,0.19611290978128537,1.1743165032947058e+24,0.9553215601196338,0.19611290978128537
668,4.28,0.62,1173.9553407126762,318.0,2209.9597902443534,0.0189,5927359243.059186,97445643.37552996,Jackson,-0.3146191854680998,-0.6721464228470391,linear,0.20747176547953902,1.809210383321278e+24,0.29777751552576537,0.20747176547953902
669,4.28,0.62,1173.9553407126762,318.0,9957.142259805072,0.0189,996551929.2455297,54371657.68684093,Jackson,-0.4247328027001486,-0.6255563797262417,GP,0.11156111120340617,3.595354432277135e+23,0.4416328633030647,0.11156111120340617
670,4.28,0.62,1173.9553407126762,318.0,4633.904483520545,0.0189,2380859743.910147,21790808.379048295,Jackson,-0.3210060475109356,-0.7647511460346185,linear,0.4353818919778315,2.8100221078745207e+24,0.3285307584883357,0.4353818919778315
671,4.28,0.62,1173.9553407126762,318.0,2928.2474299644355,0.0189,2622017825.1415334,42332010.47966177,Selsis,-0.37112324035391525,-0.6897998859643718,GP,0.19077719161682588,1.1453465022931983e+24,0.2152316411797245,0.19077719161682588
672,4.28,0.62,1173.9553407126762,318.0,5244.9137525521055,0.0189,2057058818.7068605,81825599.45838921,Jackson,-0.2868400355912103,-0.7135285881768804,GP,0.05966820732142553,4.374763708337224e+23,0.7978226892307647,0.05966820732142553
673,4.28,0.62,1173.9553407126762,318.0,1001.2967874029983,0.0189,6553189553.393773,84117622.28196782,Selsis,-0.3781858669093909,-0.7843755666154792,linear,0.40102529318666347,2.386894713964919e+24,0.3334068502139217,0.40102529318666347
674,4.28,0.62,1173.9553407126762,318.0,5256.948102605624,0.0189,2051530560.5615585,30446431.773412634,Jackson,-0.37088497722920166,-0.7663016977797994,GP,0.08157226630785444,3.683121218549365e+23,0.5999284757090156,0.08157226630785444
675,4.28,0.62,1173.9553407126762,318.0,881.4282199351443,0.0189,7396871446.3832445,56043471.13308205,Selsis,-0.3558069886956876,-0.6834760675715332,linear,0.18505723929636114,1.4116863543059476e+24,0.24426354124239424,0.18505723929636114
676,4.28,0.62,1173.9553407126762,318.0,4235.398929923905,0.0189,2649189332.5753045,36597334.22130625,Jackson,-0.36640088462065207,-0.6010805690181167,GP,0.09360971679655194,5.879878189814455e+23,0.5656153945768456,0.09360971679655194
677,4.28,0.62,1173.9553407126762,318.0,6172.339839674576,0.0189,1702426800.430682,8602235.78519711,Jackson,-0.41584923945012636,-0.7189931547445607,linear,0.4382901604753202,1.7335309168991935e+24,0.18270786554043317,0.4382901604753202
678,4.28,0.62,1173.9553407126762,318.0,1995.0858503778522,0.0189,6823762687.115357,7239350.547739261,Jackson,-0.37331357738233384,-0.6733556710944743,linear,0.07067634187528703,5.239373928905587e+23,0.8429053163245565,0.07067634187528703
679,4.28,0.62,1173.9553407126762,318.0,3352.7630010215303,0.0189,3509046220.7341723,37062711.38832452,Jackson,-0.311422741797786,-0.7687730958851045,log,0.07171536525296099,5.479009481357354e+23,0.08247218021804303,0.07171536525296099
680,4.28,0.62,1173.9553407126762,318.0,3063.4909345233486,0.0189,3910620531.859022,81730873.24705276,Jackson,-0.48889759770874774,-0.648023547136801,GP,0.06621062383808465,2.924967858806047e+23,0.2774137216511914,0.06621062383808465
681,4.28,0.62,1173.9553407126762,318.0,2615.2749251608225,0.0189,2871367330.977022,62666032.56330365,Selsis,-0.39246112294803626,-0.6406500782180526,linear,0.34698119359394614,2.0491586484262478e+24,0.8190724580443913,0.34698119359394614
682,4.28,0.62,1173.9553407126762,318.0,2083.9487144692025,0.0189,3454991185.5618005,85285100.91055992,Selsis,-0.43637424115008966,-0.6975756398132272,log,0.17766926750730522,8.545069659323761e+23,0.32148305448499026,0.17766926750730522
683,4.28,0.62,1173.9553407126762,318.0,991.177004323097,0.0189,6616151170.350004,32450175.89418653,Selsis,-0.3024370074650597,-0.7926860330182287,log,0.34998443816992175,3.570444485015548e+24,0.06763470361732582,0.34998443816992175
684,4.28,0.62,1173.9553407126762,318.0,2729.109794440058,0.0189,4499061055.257392,82190125.46884808,Jackson,-0.4274468558709623,-0.6507528113853587,linear,0.19849213251249634,1.0078083497065419e+24,0.69922686052622,0.19849213251249634
685,4.28,0.62,1173.9553407126762,318.0,13359.453046871327,0.0189,721387469.730914,86303084.8048326,Jackson,-0.42744179016615524,-0.6091853336781361,GP,0.0564814499445157,1.4697618627759302e+23,0.35694861833758484,0.0564814499445157
686,4.28,0.62,1173.9553407126762,318.0,2589.0823079196607,0.0189,4798420744.12207,21237848.9431268,Jackson,-0.45835961822803406,-0.7699149116515916,linear,0.28317670732522227,1.2703436900634235e+24,0.9861889370583602,0.28317670732522227
687,4.28,0.62,1173.9553407126762,318.0,1830.9794973771677,0.0189,3843035289.8811183,96967601.3073385,Selsis,-0.4175064089605983,-0.6377422034926749,GP,0.06390865946669667,3.580898252342733e+23,0.18964020561384043,0.06390865946669667
688,4.28,0.62,1173.9553407126762,318.0,6996.433506324059,0.0189,1344095525.894706,45723137.277594514,Selsis,-0.3781744901364847,-0.6199732765881221,linear,0.08822483489462517,4.8395203157030167e+23,0.03076239507218259,0.08822483489462517
689,4.28,0.62,1173.9553407126762,318.0,14727.459403083958,0.0189,649356669.3896205,82132141.06998645,Jackson,-0.46522627286029344,-0.7743187524694932,GP,0.13531602807916127,2.6460397315015427e+23,0.09637420727383561,0.13531602807916127
690,4.28,0.62,1173.9553407126762,318.0,1556.9764081310861,0.0189,9673259220.484304,3412533.782265949,Jackson,-0.3205063762581788,-0.7718564699694442,GP,0.17197147524860065,1.769773277698162e+24,0.9979296362005926,0.17197147524860065
691,4.28,0.62,1173.9553407126762,318.0,1512.9899659127489,0.0189,4507713562.466306,92435492.89380482,Selsis,-0.3905873368106798,-0.7276405651535881,GP,0.08360100925195711,4.5742561999800074e+23,0.30686176218440486,0.08360100925195711
692,4.28,0.62,1173.9553407126762,318.0,8912.315225760389,0.0189,1128796625.4983752,19845247.837176062,Jackson,-0.3137779815312802,-0.6455073660955025,GP,0.08302542865907792,4.66105850387465e+23,0.7831847851019054,0.08302542865907792
693,4.28,0.62,1173.9553407126762,318.0,714.8653581364171,0.0189,9073139394.661818,79555761.27667297,Selsis,-0.2833773218634583,-0.6402920401567667,linear,0.08389661967361513,1.0989819868145985e+24,0.9199758695541337,0.08389661967361513
694,4.28,0.62,1173.9553407126762,318.0,3928.9112732316194,0.0189,2897821074.6424356,35013171.08428262,Jackson,-0.4209784881155682,-0.7634393231981282,linear,0.16446352353296595,6.856691668518489e+23,0.08071010793708633,0.16446352353296595
695,4.28,0.62,1173.9553407126762,318.0,1179.4720136355809,0.0189,5622907136.63339,35781360.53141197,Selsis,-0.3413317464214613,-0.7166097404833373,log,0.44337384023826054,3.474818929420942e+24,0.8501253104907937,0.44337384023826054
696,4.28,0.62,1173.9553407126762,318.0,4603.641601807058,0.0189,2399442962.0584755,31896219.855809037,Jackson,-0.30117128421337713,-0.629689019298763,linear,0.08726287766973137,7.137033336045983e+23,0.8437777809945008,0.08726287766973137
697,4.28,0.62,1173.9553407126762,318.0,2490.0647884634823,0.0189,2987415498.238016,60243426.24886274,Selsis,-0.4922351975083541,-0.7900431959647364,linear,0.1900581607162947,8.056406428942816e+23,0.8071123702403645,0.1900581607162947
698,4.28,0.62,1173.9553407126762,318.0,11111.846894114118,0.0189,958339918.0048339,83159939.94969672,Selsis,-0.3177139332815651,-0.7930105453981376,log,0.28555232692214516,1.5578044091273376e+24,0.173326248309421,0.28555232692214516
699,4.28,0.62,1173.9553407126762,318.0,1598.6290580625353,0.0189,9315623539.522778,25506057.69801125,Jackson,-0.3377741640309326,-0.7782151665742979,linear,0.14410111192809416,1.235849448658727e+24,0.581695354280602,0.14410111192809416
700,4.28,0.62,1173.9553407126762,318.0,3328.6342717422176,0.0189,3539525965.1893563,71112689.55613692,Jackson,-0.4284442463639427,-0.7074479892657826,linear,0.19505417132953207,8.33790077846945e+23,0.32432001218614437,0.19505417132953207
701,4.28,0.62,1173.9553407126762,318.0,1372.1566537906679,0.0189,4898437381.325311,42414188.799906425,Selsis,-0.37742517056771463,-0.676742347161432,linear,0.2816716011658095,1.8768991465603347e+24,0.08969672674677964,0.2816716011658095
702,4.28,0.62,1173.9553407126762,318.0,10578.579822721467,0.0189,993169051.0579629,43597370.0407064,Selsis,-0.39231284731820626,-0.744955088690938,GP,0.3920875562411313,1.6588184753466213e+24,0.0007009122806748147,0.3920875562411313
703,4.28,0.62,1173.9553407126762,318.0,616.9429638308677,0.0189,10519728055.274305,99055535.75318319,Selsis,-0.3575142591637164,-0.6969733124021272,log,0.2670688462765,1.9790037467540119e+24,0.8398074782239037,0.2670688462765
704,4.28,0.62,1173.9553407126762,318.0,5884.06213484227,0.0189,1527196580.3522925,42514609.72937035,Selsis,-0.47270776880855914,-0.7781693645835784,log,0.20086823387283806,8.039916092749413e+23,0.8000445564917611,0.20086823387283806
705,4.28,0.62,1173.9553407126762,318.0,1344.7480145851864,0.0189,4984306196.589885,73032409.7159465,Selsis,-0.29632301009997813,-0.7597179833604045,log,0.21670649813169252,2.1252670342169292e+24,0.737955175629363,0.21670649813169252
706,4.28,0.62,1173.9553407126762,318.0,2895.8377029174076,0.0189,4186029200.2026844,16318787.766330818,Jackson,-0.47925938033221654,-0.6781813334672686,GP,0.2490785000074894,1.1777409211099886e+24,0.6694011536020347,0.2490785000074894
707,4.28,0.62,1173.9553407126762,318.0,3572.489676623241,0.0189,3249168125.4305778,67167235.61815575,Jackson,-0.4252167317504414,-0.6393416522982271,log,0.19974942166218151,9.607008706553356e+23,0.1551694710918009,0.19974942166218151
708,4.28,0.62,1173.9553407126762,318.0,14071.87438641957,0.0189,682007993.6368564,45787132.973635636,Jackson,-0.46355073901689464,-0.7652067096860276,GP,0.09882622769756803,2.2432478509029596e+23,0.4812109752145963,0.09882622769756803
709,4.28,0.62,1173.9553407126762,318.0,1465.6665654950516,0.0189,10549586370.754425,47798627.356525905,Jackson,-0.41545273088011864,-0.6343559696542239,linear,0.23483576074493576,1.824277947933466e+24,0.2125079241024962,0.23483576074493576
710,4.28,0.62,1173.9553407126762,318.0,1648.3729365819943,0.0189,4194110624.1062365,77872298.1325962,Selsis,-0.3930215136250008,-0.6580362130609738,log,0.23993662425544815,1.4402949545073737e+24,0.6809303010675416,0.23993662425544815
711,4.28,0.62,1173.9553407126762,318.0,5654.993064941739,0.0189,1883517035.5973825,2484470.2258462715,Jackson,-0.3314604985876626,-0.6556273947702803,linear,0.2206711124499308,1.4201962642547344e+24,0.40307256862892815,0.2206711124499308
712,4.28,0.62,1173.9553407126762,318.0,1501.9040331956019,0.0189,10185433412.5083,15613081.369360985,Jackson,-0.4623358851723956,-0.651112330427778,GP,0.2324728063785963,1.5861756472259822e+24,0.3985490989801599,0.2324728063785963
713,4.28,0.62,1173.9553407126762,318.0,3103.9277000957713,0.0189,3849304588.9840584,16880486.133521244,Jackson,-0.49128405713901563,-0.6401949164693164,log,0.1038249523231532,5.189153849422757e+23,0.1682852153734843,0.1038249523231532
714,4.28,0.62,1173.9553407126762,318.0,4538.850971532829,0.0189,2440175929.0889225,10339094.356097365,Jackson,-0.4787429280306225,-0.7099921096261957,GP,0.13191766098578156,5.187796134169009e+23,0.6597609115396429,0.13191766098578156
715,4.28,0.62,1173.9553407126762,318.0,1463.8877797220227,0.0189,4635518555.477494,37698421.5194486,Selsis,-0.30992870957988183,-0.6306491965780604,linear,0.08848979703572801,9.067534247205708e+23,0.24411640174061922,0.08848979703572801
716,4.28,0.62,1173.9553407126762,318.0,3771.658307615361,0.0189,3043453862.4135156,60913397.79516319,Jackson,-0.2828262514658812,-0.7713092231309228,log,0.1989412384730502,1.7792417889157583e+24,0.8199272658303014,0.1989412384730502
717,4.28,0.62,1173.9553407126762,318.0,4288.693773727678,0.0189,2610070946.328905,80073239.01040502,Jackson,-0.43966025828151867,-0.7472976402275522,log,0.22114389246707075,7.908011355389748e+23,0.5961090196614863,0.22114389246707075
718,4.28,0.62,1173.9553407126762,318.0,2841.791106122617,0.0189,2685785399.0010343,98788408.92075203,Selsis,-0.47470109195724636,-0.6079471431003993,GP,0.45065594740761233,2.3284542650941063e+24,0.6392853036191781,0.45065594740761233
719,4.28,0.62,1173.9553407126762,318.0,2310.6706757231946,0.0189,3174543609.013565,43658675.340557165,Selsis,-0.3773722330344105,-0.791935216285184,GP,0.15441144977976556,8.808459442375539e+23,0.28311230508342555,0.15441144977976556
720,4.28,0.62,1173.9553407126762,318.0,2484.5558201657273,0.0189,2992777632.3035603,75516304.55995944,Selsis,-0.46896701442766486,-0.6587429225108573,GP,0.2549131372453904,1.2273382483346427e+24,0.7437722804687591,0.2549131372453904
721,4.28,0.62,1173.9553407126762,318.0,4832.521101722623,0.0189,2265423070.176859,59766137.861526415,Jackson,-0.47814445197690425,-0.7256795588936618,GP,0.15229058654882607,5.182634206203781e+23,0.8909840488629199,0.15229058654882607
722,4.28,0.62,1173.9553407126762,318.0,10336.866576936724,0.0189,955694324.0732654,23903786.951151554,Jackson,-0.4951328897820738,-0.6464985685468496,log,0.10676685576395699,3.1988928543307966e+23,0.04276498363093861,0.10676685576395699
723,4.28,0.62,1173.9553407126762,318.0,45410.701093413874,0.0189,363586240.2145881,79986388.85498168,Selsis,-0.32709113996023703,-0.6634973080667078,GP,0.07840375216759607,2.339550787376804e+23,0.6979631072659725,0.07840375216759607
724,4.28,0.62,1173.9553407126762,318.0,1478.7416305073205,0.0189,4595974753.081824,2664870.62832444,Selsis,-0.34023964335966506,-0.7198961759455386,GP,0.3677008957751507,3.0275789638929236e+24,0.4300329473814699,0.3677008957751507
725,4.28,0.62,1173.9553407126762,318.0,646.858000532514,0.0189,10027155091.795794,78383580.65345363,Selsis,-0.45307462821048705,-0.7738632488959927,linear,0.175716966663166,8.935883029156137e+23,0.887552645052732,0.175716966663166
726,4.28,0.62,1173.9553407126762,318.0,8181.070894506763,0.0189,1243324608.4270952,9639748.731896622,Jackson,-0.47779541400477316,-0.7813124283480305,linear,0.4023216998903629,1.2475540898468424e+24,0.35926688364415604,0.4023216998903629
727,4.28,0.62,1173.9553407126762,318.0,1941.776355415087,0.0189,3661341916.013309,65721283.78750652,Selsis,-0.4093208347659566,-0.7236158434393276,linear,0.06120113768589741,3.1937210426885825e+23,0.9098032314646036,0.06120113768589741
728,4.28,0.62,1173.9553407126762,318.0,2355.6712258194584,0.0189,3125063923.941884,67666517.28125276,Selsis,-0.45880968844884423,-0.7027933159067453,linear,0.25826665327301285,1.2031942991373853e+24,0.059244572468816536,0.25826665327301285
729,4.28,0.62,1173.9553407126762,318.0,5267.6200980607,0.0189,2046651946.3315551,50090144.283048086,Jackson,-0.29941006876413395,-0.6766022351183988,GP,0.05667871725842524,4.057540125219923e+23,0.5659985990849374,0.05667871725842524
730,4.28,0.62,1173.9553407126762,318.0,4569.742434289493,0.0189,2420591250.009527,83339499.00810996,Jackson,-0.3653674152336156,-0.6534056029204567,linear,0.3682778148100978,1.8131820300559258e+24,0.7070582816079738,0.3682778148100978
731,4.28,0.62,1173.9553407126762,318.0,12914.87580931045,0.0189,748325693.4059675,17150902.45193529,Jackson,-0.49329120577518604,-0.7467407883453889,linear,0.13613929022702825,3.432466223212766e+23,0.5746630590217857,0.13613929022702825
732,4.28,0.62,1173.9553407126762,318.0,1759.465844881997,0.0189,8133136349.848696,52389654.3992794,Jackson,-0.4588997382077623,-0.7566469635506009,linear,0.09602405766208084,4.748292135568795e+23,0.2845060359922146,0.09602405766208084
733,4.28,0.62,1173.9553407126762,318.0,3063.366819215854,0.0189,2529207095.0670996,63588291.91710614,Selsis,-0.34236748557296004,-0.6866993902235402,log,0.22026603911351536,1.461062750786477e+24,0.6939347836787861,0.22026603911351536
734,4.28,0.62,1173.9553407126762,318.0,1137.072227591821,0.0189,5817337890.54706,58421450.886368185,Selsis,-0.4497129444841681,-0.7986447247716902,linear,0.12470088818739637,6.100546788393201e+23,0.3789003693158145,0.12470088818739637
735,4.28,0.62,1173.9553407126762,318.0,4123.467349977447,0.0189,2735108364.605599,65594676.54611094,Jackson,-0.43494279449249845,-0.6721622146997002,log,0.07824370736406659,3.227918399452659e+23,0.4923117837969585,0.07824370736406659
736,4.28,0.62,1173.9553407126762,318.0,9542.886929609831,0.0189,1070552547.7565993,8118273.8349747155,Selsis,-0.4506804321033835,-0.6334491321712805,GP,0.13939254535064874,6.487390420737212e+23,0.6462484241824146,0.13939254535064874
737,4.28,0.62,1173.9553407126762,318.0,3029.2314375851174,0.0189,3964047053.328107,63975102.10490919,Jackson,-0.2875633056343676,-0.7472475667981677,GP,0.09524553485988874,8.936808757120418e+23,0.49799291464333717,0.09524553485988874
738,4.28,0.62,1173.9553407126762,318.0,2592.317960004234,0.0189,4791077723.844485,34713518.144821845,Jackson,-0.43940270910431856,-0.7993629688204401,log,0.11349204342276425,5.094127626248221e+23,0.9066302417894159,0.11349204342276425
739,4.28,0.62,1173.9553407126762,318.0,1920.1401882158862,0.0189,7196417906.349352,47632887.723832585,Jackson,-0.39634242380945034,-0.6759859189194125,linear,0.34290531732842877,2.2041002219454195e+24,0.8361529905177938,0.34290531732842877
740,4.28,0.62,1173.9553407126762,318.0,1852.2775467505037,0.0189,7567108991.553249,18239150.0900479,Jackson,-0.3066025349540805,-0.6028165037491648,log,0.395221966163856,5.05264243988438e+24,0.38578312674957527,0.395221966163856
741,4.28,0.62,1173.9553407126762,318.0,2881.741166936326,0.0189,2655868020.8472896,20292163.841920454,Selsis,-0.4742068543325605,-0.6609979520123456,log,0.30865870837688064,1.5781999130404552e+24,0.42199748675616366,0.30865870837688064
742,4.28,0.62,1173.9553407126762,318.0,3725.1181034961264,0.0189,3089265673.126358,74811900.25629199,Jackson,-0.3009415874156923,-0.6615616183737846,log,0.11893669397434141,9.532468024905942e+23,0.7721967868329337,0.11893669397434141
743,4.28,0.62,1173.9553407126762,318.0,2105.9530783298337,0.0189,3425224809.269375,40780607.781012274,Selsis,-0.38694857680238315,-0.7735245963271792,linear,0.06152749459726547,3.457024451355672e+23,0.6537210840782621,0.06152749459726547
744,4.28,0.62,1173.9553407126762,318.0,2508.6636356087806,0.0189,4989112050.407883,84257926.37789053,Jackson,-0.31304863909495695,-0.7496527927057934,log,0.10910061902515539,8.651889646692714e+23,0.9413433180233691,0.10910061902515539
745,4.28,0.62,1173.9553407126762,318.0,2026.621907063788,0.0189,6677275925.446087,65830585.496811196,Jackson,-0.4496725616077581,-0.6622688105566729,GP,0.29328173832220283,1.612630301276019e+24,0.29734951424243994,0.29328173832220283
746,4.28,0.62,1173.9553407126762,318.0,40182.91738139529,0.0189,229831535.88047615,4796231.346210014,Jackson,-0.3677534210232306,-0.7122077373283657,linear,0.05875826734574072,1.1471288456633912e+23,0.2817225249020734,0.05875826734574072
747,4.28,0.62,1173.9553407126762,318.0,1641.3519237302876,0.0189,4209127944.0372844,34725942.56542374,Selsis,-0.4684728406872027,-0.765824593941525,linear,0.06804541044160861,3.274115792511792e+23,0.574525013678976,0.06804541044160861
748,4.28,0.62,1173.9553407126762,318.0,3096.592539966646,0.0189,3860290435.6345553,7612650.114098404,Jackson,-0.3289380258297747,-0.6272262006511505,log,0.28177752601564476,2.3946098719672337e+24,0.2993546272677786,0.28177752601564476
749,4.28,0.62,1173.9553407126762,318.0,5662.917070854403,0.0189,1880441082.9810538,49294481.76223836,Jackson,-0.4207326593515126,-0.7671615648115202,linear,0.3282223303775514,1.1646342231454823e+24,0.14511291851281027,0.3282223303775514
750,4.28,0.62,1173.9553407126762,318.0,2670.5817492920746,0.0189,2823415418.6039834,15498131.999601316,Selsis,-0.2958297168821718,-0.6073659522094846,GP,0.057775526954573025,6.406362474745938e+23,0.20192091485881147,0.057775526954573025
751,4.28,0.62,1173.9553407126762,318.0,948.3119614697163,0.0189,6898432739.980112,86365958.15801878,Selsis,-0.4093221701692058,-0.6447618586099323,linear,0.1376599621690454,8.811678633160743e+23,0.6986098137855026,0.1376599621690454
752,4.28,0.62,1173.9553407126762,318.0,7262.482242529686,0.0189,1418860898.7490401,97565645.97164665,Jackson,-0.40634304353145856,-0.7427362111374199,GP,0.08359706412759947,2.521477187047673e+23,0.24840837932615045,0.08359706412759947
753,4.28,0.62,1173.9553407126762,318.0,7398.667812829609,0.0189,1389828102.964244,72743350.42230581,Jackson,-0.4809836934113514,-0.6126791481985748,log,0.1555491462907587,5.322232857527513e+23,0.9844112817892513,0.1555491462907587
754,4.28,0.62,1173.9553407126762,318.0,5998.700085560729,0.0189,1505492577.3955402,96395376.44769302,Selsis,-0.33484769685133786,-0.686940222941462,GP,0.45131353575717437,2.584265705519619e+24,0.5021728350795757,0.45131353575717437
755,4.28,0.62,1173.9553407126762,318.0,4175.025675656276,0.0189,2694879779.0629086,54982521.720843196,Jackson,-0.2848609718791139,-0.7232020989313759,linear,0.12862724769868322,1.1099693666277472e+24,0.13928279536133215,0.12862724769868322
756,4.28,0.62,1173.9553407126762,318.0,672.2715104332469,0.0189,9646130687.150553,99678627.38008004,Selsis,-0.363962427816585,-0.761194207549024,log,0.1350027458443847,8.967720657080891e+23,0.7724973238560263,0.1350027458443847
757,4.28,0.62,1173.9553407126762,318.0,2026.998588687305,0.0189,3534670910.010459,60562052.869176894,Selsis,-0.40627222498473536,-0.6232864074064295,GP,0.19561844955819135,1.217520398830709e+24,0.28321650400407994,0.19561844955819135
758,4.28,0.62,1173.9553407126762,318.0,1657.537712104791,0.0189,4174695054.7591324,6769683.330213127,Selsis,-0.4835565169218323,-0.6543038108183566,log,0.05597648623383156,3.215058935705764e+23,0.10698495697763999,0.05597648623383156
759,4.28,0.62,1173.9553407126762,318.0,1636.9632161797206,0.0189,4218578945.7543592,64913285.8943226,Selsis,-0.4913615789382161,-0.6818093711910521,linear,0.2629144799570364,1.2806095285232852e+24,0.2983417006416115,0.2629144799570364
760,4.28,0.62,1173.9553407126762,318.0,2070.8538332216153,0.0189,6481160307.808723,69732865.22570932,Jackson,-0.4704460761308859,-0.744796660153399,GP,0.1593195271364886,7.154005731917788e+23,0.40869282333540446,0.1593195271364886
761,4.28,0.62,1173.9553407126762,318.0,36184.92647161954,0.0189,255482204.96108392,2033236.7755708026,Jackson,-0.3701988075760275,-0.7002052045947358,log,0.15280028108018123,3.35253115211052e+23,0.2386650356697274,0.15280028108018123
762,4.28,0.62,1173.9553407126762,318.0,3753.1605775225953,0.0189,3061506069.0840297,75753233.73765694,Jackson,-0.41975844811439905,-0.7858277254199592,log,0.06550913706113604,2.5567470759345068e+23,0.8912518102039851,0.06550913706113604
763,4.28,0.62,1173.9553407126762,318.0,41223.765685843646,0.0189,387814604.1259722,46353169.62283661,Selsis,-0.4086236643584903,-0.7818551837024144,GP,0.21119275346513083,5.294526860142462e+23,0.05808492186356151,0.21119275346513083
764,4.28,0.62,1173.9553407126762,318.0,3899.850094793386,0.0189,2923723239.737178,52212394.32999793,Jackson,-0.33499527716591004,-0.7125710544614833,GP,0.17485911470587787,1.0687646913518137e+24,0.45645490206127215,0.17485911470587787
765,4.28,0.62,1173.9553407126762,318.0,4984.743156319226,0.0189,2183971720.682928,57916281.71426358,Jackson,-0.49446578064101,-0.7067890922301191,linear,0.216945412478273,7.337924065818745e+23,0.8704918557665091,0.216945412478273
766,4.28,0.62,1173.9553407126762,318.0,1835.6285657580172,0.0189,3834984571.280259,13132680.881366974,Selsis,-0.4888046795102798,-0.6139715089535841,GP,0.07938586212997298,4.925490796761252e+23,0.6570325025157577,0.07938586212997298
767,4.28,0.62,1173.9553407126762,318.0,2550.0017819620607,0.0189,4888827645.914403,29774708.55806,Jackson,-0.3924878281733995,-0.7966655296319086,GP,0.3881289011973271,2.0485912732299962e+24,0.9755145611085858,0.3881289011973271
768,4.28,0.62,1173.9553407126762,318.0,1997.5073601430547,0.0189,3577325588.174083,78588688.9330739,Selsis,-0.32288490694104094,-0.7779994232464018,linear,0.10801720750929283,8.05793660221058e+23,0.3543574588832886,0.10801720750929283
769,4.28,0.62,1173.9553407126762,318.0,2793.3155255023034,0.0189,2723178344.2898026,71910828.77951904,Selsis,-0.3855930871814144,-0.7626260110403548,linear,0.09906720341899916,5.133555426718222e+23,0.6583360037523209,0.09906720341899916
770,4.28,0.62,1173.9553407126762,318.0,1778.5297013648114,0.0189,8010768872.096159,55939749.602038115,Jackson,-0.49177020185662,-0.7553901909986526,GP,0.3855233529811365,1.7898566035202766e+24,0.41509737331005914,0.3855233529811365
771,4.28,0.62,1173.9553407126762,318.0,4842.3532484108655,0.0189,1767181626.4344954,2180881.258888083,Selsis,-0.3799254484009631,-0.7768184813097327,linear,0.23036099911242358,1.3079551634704266e+24,0.24324159852911553,0.23036099911242358
772,4.28,0.62,1173.9553407126762,318.0,3136.1594602482887,0.0189,2482349659.050796,32723431.609936804,Selsis,-0.3402795597296103,-0.6231849315490823,log,0.15197603054308614,1.1653876529894565e+24,0.8567631907640487,0.15197603054308614
773,4.28,0.62,1173.9553407126762,318.0,3087.205571094894,0.0189,3874436921.467264,85156997.01020078,Jackson,-0.4074270568407029,-0.7880164948629464,linear,0.09534972759501328,4.0795822224507706e+23,0.5264043416337261,0.09534972759501328
774,4.28,0.62,1173.9553407126762,318.0,1404.5120279436037,0.0189,4801826118.984503,37572181.34972862,Selsis,-0.3667799142092544,-0.6968121508108853,linear,0.2524825274144506,1.7210088224225536e+24,0.8493355252265186,0.2524825274144506
775,4.28,0.62,1173.9553407126762,318.0,3537.3038589227367,0.0189,2256342480.075576,15473701.285741596,Selsis,-0.3976044586537467,-0.7659604426327262,log,0.07194254972316716,3.8185315138802396e+23,0.5585895982550437,0.07194254972316716
776,4.28,0.62,1173.9553407126762,318.0,882.3564504755323,0.0189,7389406873.797867,39550861.08702133,Selsis,-0.4390110482850635,-0.6270009385569268,GP,0.10050994685159899,6.872978880449466e+23,0.3194504421203237,0.10050994685159899
777,4.28,0.62,1173.9553407126762,318.0,2786.584727306124,0.0189,2728468093.548737,76525623.48453368,Selsis,-0.41190090027664245,-0.7455048159316346,log,0.3301295702141084,1.5720565881198816e+24,0.10602080049020579,0.3301295702141084
778,4.28,0.62,1173.9553407126762,318.0,733.6767849410029,0.0189,8842885347.993132,96868747.07468472,Selsis,-0.39239279712282404,-0.782541683170113,GP,0.28156224596487095,1.6160343069174052e+24,0.4893353679072675,0.28156224596487095
779,4.28,0.62,1173.9553407126762,318.0,1494.9334024574937,0.0189,4553751010.249943,45342118.929835156,Selsis,-0.45946768225588996,-0.7582475361558331,linear,0.08094122733578392,3.938484285490099e+23,0.29900627446571615,0.08094122733578392
780,4.28,0.62,1173.9553407126762,318.0,2732.9723209205154,0.0189,4491306967.83033,86022859.77404806,Jackson,-0.399576461595761,-0.7470818934430142,log,0.48228599019701524,2.2714328273000753e+24,0.8817917610243414,0.48228599019701524
781,4.28,0.62,1173.9553407126762,318.0,1883.9316548157794,0.0189,7390022480.045465,74403775.37563284,Jackson,-0.33208507721306463,-0.60827080133719,log,0.09630441868570583,9.66815678111461e+23,0.5040908578210062,0.09630441868570583
782,4.28,0.62,1173.9553407126762,318.0,1170.170397885288,0.0189,5664315835.187388,22423961.61509692,Selsis,-0.30609521771953996,-0.6158820315093326,GP,0.15969007215690997,1.8333824447726806e+24,0.06130140807558537,0.15969007215690997
783,4.28,0.62,1173.9553407126762,318.0,878.0102369975973,0.0189,7424501599.849191,68037774.1156898,Selsis,-0.4865749395394577,-0.7273740457170977,log,0.17158918607207882,8.488463410814783e+23,0.8401839616306407,0.17158918607207882
784,4.28,0.62,1173.9553407126762,318.0,3594.61380391748,0.0189,3225021103.705073,51972241.87378869,Jackson,-0.3743997793122008,-0.753485375909106,linear,0.12492010219841254,6.206634093648438e+23,0.3154418892587598,0.12492010219841254
785,4.28,0.62,1173.9553407126762,318.0,631.7823036280955,0.0189,10269012829.217686,23754050.70027798,Selsis,-0.42257787583121587,-0.6032494852282886,linear,0.39632030652836064,3.324987939511078e+24,0.9904121214227606,0.39632030652836064
786,4.28,0.62,1173.9553407126762,318.0,13532.121564498597,0.0189,711435503.1859494,39635297.591208525,Jackson,-0.34565227775871604,-0.6087213691969036,linear,0.2878190612108171,1.0992939900701461e+24,0.1522389169893954,0.2878190612108171
787,4.28,0.62,1173.9553407126762,318.0,24504.571658283596,0.0189,381133424.6638857,69311556.44964103,Jackson,-0.4101669548580217,-0.6790762589295963,linear,0.1661416695471942,2.879411886872522e+23,0.9266459277463549,0.1661416695471942
788,4.28,0.62,1173.9553407126762,318.0,1151.1688046864895,0.0189,5751054031.317558,64988650.291687265,Selsis,-0.3147707749615838,-0.6687409821972558,log,0.05192623933742396,4.871753145628207e+23,0.8811731318328346,0.05192623933742396
789,4.28,0.62,1173.9553407126762,318.0,4067.4675973065578,0.0189,2780122635.199062,58184417.34642984,Jackson,-0.30559323067919275,-0.7977740432290649,linear,0.3528903792418654,2.509117670926915e+24,0.198127655721146,0.3528903792418654
790,4.28,0.62,1173.9553407126762,318.0,2319.952738836167,0.0189,5547080479.44016,33403037.608062748,Jackson,-0.4765925544824168,-0.7260408476377708,GP,0.10949902177294624,5.045277158367008e+23,0.755661145235036,0.10949902177294624
791,4.28,0.62,1173.9553407126762,318.0,588.7600289983685,0.0189,11034213585.478994,77213063.73753037,Selsis,-0.31596342832478075,-0.6331539304589623,log,0.08350177918950943,9.092698723709486e+23,0.4210807802100385,0.08350177918950943
792,4.28,0.62,1173.9553407126762,318.0,8984.536070378172,0.0189,1118855003.3572626,40161185.84564571,Selsis,-0.37801970791207606,-0.7091196383112078,linear,0.37341376188258985,1.759423429963645e+24,0.5435111026342455,0.37341376188258985
793,4.28,0.62,1173.9553407126762,318.0,1434.8054938728053,0.0189,4715278190.329322,19624188.158884928,Selsis,-0.48762173721308544,-0.6405545369224468,log,0.12356547793374355,7.234305071002726e+23,0.9323148473501245,0.12356547793374355
794,4.28,0.62,1173.9553407126762,318.0,1457.034412334061,0.0189,4654031411.830177,67753111.65827955,Selsis,-0.47949889323273864,-0.7924182354862179,log,0.2000127164787158,8.979060126995623e+23,0.300839924067967,0.2000127164787158
795,4.28,0.62,1173.9553407126762,318.0,3090.795693428342,0.0189,3869014806.8837433,33639317.35540113,Jackson,-0.43079539233362946,-0.7686096988567103,GP,0.4371791137150542,1.926618106326722e+24,0.9279922519700178,0.4371791137150542
796,4.28,0.62,1173.9553407126762,318.0,2860.0144723907815,0.0189,2672040016.007042,18470999.128924422,Selsis,-0.425045949932083,-0.6705299093799476,GP,0.07554289552685496,4.1233156754518745e+23,0.5900360755179596,0.07554289552685496
797,4.28,0.62,1173.9553407126762,318.0,1702.443763604626,0.0189,4082512903.6318846,83456141.39162984,Selsis,-0.34035959069515176,-0.7235758134010309,GP,0.10199845987854642,7.073188011192956e+23,0.9954572971729693,0.10199845987854642
798,4.28,0.62,1173.9553407126762,318.0,2845.518484466656,0.0189,4276035615.4186263,80220371.39942291,Jackson,-0.4178032514681055,-0.761220076750885,GP,0.1452898640531907,6.340492261907052e+23,0.9362277848120258,0.1452898640531907
799,4.28,0.62,1173.9553407126762,318.0,2385.663160273297,0.0189,5340423621.256584,37343763.851520464,Jackson,-0.37854562487986404,-0.6302502780792116,linear,0.11782102633517155,8.303103030862438e+23,0.07285383596463813,0.11782102633517155
800,4.28,0.62,1173.9553407126762,318.0,1918.2124492011937,0.0189,7206494298.215842,91581819.64684656,Jackson,-0.45650097497360287,-0.6415746923545184,linear,0.08001125261678439,4.5977804707825425e+23,0.10102993541243377,0.08001125261678439
801,4.28,0.62,1173.9553407126762,318.0,3678.188214455565,0.0189,3136810558.124862,36196419.175504275,Jackson,-0.35997208028652683,-0.6600666855392696,GP,0.12824356441426377,7.626306782099521e+23,0.492088285930241,0.12824356441426377
802,4.28,0.62,1173.9553407126762,318.0,3672.6516164841923,0.0189,3142511775.204694,68810700.35581636,Jackson,-0.38461549545364443,-0.7025249542334661,log,0.21525813342491668,1.0273532972096717e+24,0.6805495581221032,0.21525813342491668
803,4.28,0.62,1173.9553407126762,318.0,6864.262224517366,0.0189,1511013444.08807,72376088.10354926,Jackson,-0.3581640730996832,-0.7192213380012048,log,0.07193665842973794,2.8995678536324158e+23,0.5291019133240922,0.07193665842973794
804,4.28,0.62,1173.9553407126762,318.0,2932.4046096324137,0.0189,4122856475.6410594,95360148.27042864,Jackson,-0.4353362115824472,-0.7137863141661931,GP,0.05767420106032268,2.41819307478148e+23,0.09646442706317415,0.05767420106032268
805,4.28,0.62,1173.9553407126762,318.0,5810.6941815577275,0.0189,1824798261.2324476,13367513.043817079,Jackson,-0.44683351373958596,-0.754681741983735,log,0.1287253346739316,4.669625883508118e+23,0.32687577997057604,0.1287253346739316
806,4.28,0.62,1173.9553407126762,318.0,2050.9373156529614,0.0189,6568159757.5155945,48054513.23719562,Jackson,-0.487718255347355,-0.6839625845840077,log,0.08177104263733685,4.094798076079449e+23,0.6865549058754963,0.08177104263733685
807,4.28,0.62,1173.9553407126762,318.0,5390.969240662571,0.0189,1991840140.7711809,74939075.81355715,Jackson,-0.31503441728099646,-0.7469719638178826,GP,0.055409333973754034,3.187734422519847e+23,0.35870668460884947,0.055409333973754034
808,4.28,0.62,1173.9553407126762,318.0,732.976497639727,0.0189,8851229059.29432,63420651.30620225,Selsis,-0.45866114806764763,-0.7440105916332704,GP,0.060669449193046274,3.159981487574963e+23,0.9175048458050932,0.060669449193046274
809,4.28,0.62,1173.9553407126762,318.0,1234.8866664504174,0.0189,5389258702.554424,50854122.903992236,Selsis,-0.3674765652869942,-0.7045963711048047,log,0.23300590645376282,1.5696682769155504e+24,0.1399215153386354,0.23300590645376282
810,4.28,0.62,1173.9553407126762,318.0,3518.9780925616096,0.0189,3309019459.1549845,81686821.8621442,Jackson,-0.41746695976521475,-0.7041193411904878,linear,0.12927308810572904,5.481925536780202e+23,0.9523782373336639,0.12927308810572904
811,4.28,0.62,1173.9553407126762,318.0,9399.536204265502,0.0189,1082463088.0422192,15353979.540508037,Selsis,-0.4052186684705705,-0.6173296978656858,linear,0.18766660013404596,9.576848964804347e+23,0.2523241992997015,0.18766660013404596
812,4.28,0.62,1173.9553407126762,318.0,6150.022994052475,0.0189,1709391969.611007,73598559.57822324,Jackson,-0.360788654403526,-0.6209134974270989,log,0.4348953389847025,2.0730160108786064e+24,0.3130575891212456,0.4348953389847025
813,4.28,0.62,1173.9553407126762,318.0,1131.8101656248782,0.0189,5842518522.447894,50327367.717004,Selsis,-0.44503297949406545,-0.6953165752785905,linear,0.059734653683813824,3.262200630469064e+23,0.7573683605497952,0.059734653683813824
814,4.28,0.62,1173.9553407126762,318.0,3797.0933901192384,0.0189,3018960372.751699,85617809.59354945,Jackson,-0.2923146911913465,-0.7869746498650712,log,0.10101730085431117,7.900643900959689e+23,0.7795922478083811,0.10101730085431117
815,4.28,0.62,1173.9553407126762,318.0,3000.605404021523,0.0189,2571331843.5169187,3739566.2268598885,Selsis,-0.3282375975462996,-0.7470110764314484,GP,0.27162520456391115,2.1459834825080837e+24,0.8252989803610177,0.27162520456391115
816,4.28,0.62,1173.9553407126762,318.0,1703.3819693162982,0.0189,4080637553.4522176,59903885.45852036,Selsis,-0.30223955544056424,-0.6980872405186052,GP,0.06263174887909048,5.946184042323635e+23,0.30670307617865356,0.06263174887909048
817,4.28,0.62,1173.9553407126762,318.0,801.816712285804,0.0189,8105450801.658416,65880471.46457049,Selsis,-0.37921393069240056,-0.7835738761214136,linear,0.06043156402284656,3.788901419041075e+23,0.9892449178570629,0.06043156402284656
818,4.28,0.62,1173.9553407126762,318.0,1654.1494522577004,0.0189,4181848590.7294836,18358944.0558108,Selsis,-0.45935302627692587,-0.6057627235344265,GP,0.14970152322478902,9.919497084241249e+23,0.5428817285410542,0.14970152322478902
819,4.28,0.62,1173.9553407126762,318.0,8109.202439398143,0.0189,1255501252.3873136,66939923.03308998,Jackson,-0.35316088621859204,-0.6820402648714308,GP,0.1325913036043291,5.296711611835718e+23,0.14838159737347578,0.1325913036043291
820,4.28,0.62,1173.9553407126762,318.0,4233.126255750464,0.0189,2650882418.760495,46982273.76045465,Jackson,-0.3748158062502285,-0.7329656672896009,GP,0.28374683912277576,1.3494529904865472e+24,0.5500070069482542,0.28374683912277576
821,4.28,0.62,1173.9553407126762,318.0,752.0515629601232,0.0189,8629915805.564232,72924169.9630927,Selsis,-0.31148304242997094,-0.6485781097260293,linear,0.2726213912641781,2.8580131744898554e+24,0.3323301739425205,0.2726213912641781
822,4.28,0.62,1173.9553407126762,318.0,2937.5751347202327,0.0189,4114070364.2406535,24199779.086619545,Jackson,-0.39746937224337614,-0.6652685645365624,linear,0.18763378151593937,1.0619341343675538e+24,0.508451915460106,0.18763378151593937
823,4.28,0.62,1173.9553407126762,318.0,2458.2862438019188,0.0189,5127770925.920784,67459779.56958924,Jackson,-0.34103687579084385,-0.7890133228245048,log,0.20557140246178893,1.3609237887618188e+24,0.8858894093586556,0.20557140246178893
824,4.28,0.62,1173.9553407126762,318.0,1035.0784696502403,0.0189,6352290576.424865,46244009.36127255,Selsis,-0.37413529574639337,-0.6921958982475096,GP,0.07183712591604786,4.9279299068014564e+23,0.948404249028819,0.07183712591604786
825,4.28,0.62,1173.9553407126762,318.0,3393.8487671053263,0.0189,3457497492.651772,95059841.95042132,Jackson,-0.4427217322856927,-0.6098869937535198,log,0.09219513469636444,4.629992491020422e+23,0.8557632317213167,0.09219513469636444
826,4.28,0.62,1173.9553407126762,318.0,1584.5955152324523,0.0189,9433437824.795982,62974412.84269079,Jackson,-0.4954688404948021,-0.7346477438139277,linear,0.3563923060760698,1.7474922961262115e+24,0.8540181174604782,0.3563923060760698
827,4.28,0.62,1173.9553407126762,318.0,4612.1526030136,0.0189,2394188713.6761723,91209915.21438146,Jackson,-0.47992021368536825,-0.6605456328462651,linear,0.07990873642756348,2.8521587342457513e+23,0.16126342877339594,0.07990873642756348
828,4.28,0.62,1173.9553407126762,318.0,1860.2541033078762,0.0189,3792991789.739536,95963363.31748511,Selsis,-0.42384180597546944,-0.7636320857770501,linear,0.12124527797376937,5.657737856665426e+23,0.5965293133473026,0.12124527797376937
829,4.28,0.62,1173.9553407126762,318.0,1726.2824064193626,0.0189,8354327210.718465,65030060.5537182,Jackson,-0.48088988484055334,-0.7809546392054686,linear,0.37100056666200276,1.7049834037422592e+24,0.1281629023152746,0.37100056666200276
830,4.28,0.62,1173.9553407126762,318.0,5954.476052819567,0.0189,1513775360.2515006,31833539.136475753,Selsis,-0.2952612892215425,-0.6793665928761292,log,0.32352189197156345,2.769261477562852e+24,0.2181544962437667,0.32352189197156345
831,4.28,0.62,1173.9553407126762,318.0,5374.338788577159,0.0189,1999064947.5615046,79906584.28478244,Jackson,-0.4410111789347372,-0.6215670213741942,linear,0.18121860397150866,7.239409979401731e+23,0.8992895740557523,0.18121860397150866
832,4.28,0.62,1173.9553407126762,318.0,3002.8180757940436,0.0189,2569818380.86976,73842162.23820895,Selsis,-0.2941531775101749,-0.7382863891076933,GP,0.2058950461564749,1.8302399818493403e+24,0.6620021965092044,0.2058950461564749
833,4.28,0.62,1173.9553407126762,318.0,1726.2530109267454,0.0189,4035536012.2891116,95213748.32410689,Selsis,-0.28999105739948355,-0.6968233088871499,log,0.08938247650888274,8.877095039220291e+23,0.00966437704560752,0.08938247650888274
834,4.28,0.62,1173.9553407126762,318.0,1553.7534035206072,0.0189,9701956559.81645,98547806.2950338,Jackson,-0.3112880493020658,-0.6822940522538733,log,0.05538004528570957,5.7830413698585107e+23,0.42835507533909534,0.05538004528570957
835,4.28,0.62,1173.9553407126762,318.0,2266.089090631506,0.0189,3225420623.7834206,20262652.82288479,Selsis,-0.4334843989107406,-0.7489118208042315,GP,0.14654702702125166,7.483824045409417e+23,0.8681362070523394,0.14654702702125166
836,4.28,0.62,1173.9553407126762,318.0,1973.7463285563376,0.0189,6926217489.616829,91027765.23561257,Jackson,-0.49165174254153604,-0.7068424424884197,log,0.32540763946187357,1.4741515238936385e+24,0.9986209404130157,0.32540763946187357
837,4.28,0.62,1173.9553407126762,318.0,2310.4056574390193,0.0189,5578317234.38269,40599534.19330885,Jackson,-0.3091417745410223,-0.6421827589707914,GP,0.08590922982951395,8.616312986352712e+23,0.5379646693504466,0.08590922982951395
838,4.28,0.62,1173.9553407126762,318.0,704.5409945271507,0.0189,9205153349.516256,63211328.74774427,Selsis,-0.4410799827321333,-0.6310724200134724,log,0.17453672077438728,1.1860377262267197e+24,0.4618551597901701,0.17453672077438728
839,4.28,0.62,1173.9553407126762,318.0,881.2124347032368,0.0189,7398609109.778772,61047388.220228255,Selsis,-0.3604913412438215,-0.6498127893625195,linear,0.41954864968150657,3.29805488382122e+24,0.8615050340114817,0.41954864968150657
840,4.28,0.62,1173.9553407126762,318.0,4195.413586471935,0.0189,2679282653.7510905,23152749.929275524,Jackson,-0.46000565893461265,-0.6673230204328812,GP,0.18605185861094245,7.952596177889566e+23,0.15099043796376055,0.18605185861094245
841,4.28,0.62,1173.9553407126762,318.0,2940.5425902150346,0.0189,4109043968.0711493,2693744.074622719,Jackson,-0.4632411826636074,-0.6620401547549332,log,0.20505974543685473,1.0704531597993755e+24,0.33628936985933144,0.20505974543685473
842,4.28,0.62,1173.9553407126762,318.0,10525.984806462286,0.0189,996768881.1273623,75305478.92092526,Selsis,-0.29728837626874793,-0.7342858666621345,GP,0.13009432069846624,8.633327510434608e+23,0.803481472150219,0.13009432069846624
843,4.28,0.62,1173.9553407126762,318.0,23037.667877067866,0.0189,406442386.7604413,46365741.86324853,Jackson,-0.3085071360767488,-0.6970337274856787,log,0.3832371023348495,1.1915149395880055e+24,0.5730080751223747,0.3832371023348495
844,4.28,0.62,1173.9553407126762,318.0,5854.842857858006,0.0189,1808785104.241873,64174652.91269677,Jackson,-0.4634063470174877,-0.7905200582131575,GP,0.12903187978480285,3.983052878500794e+23,0.7556032115561251,0.12903187978480285
845,4.28,0.62,1173.9553407126762,318.0,2193.517526812299,0.0189,5988286653.203077,54410538.69138677,Jackson,-0.4797683857387676,-0.706801542124513,linear,0.05414042173032041,2.527338481073749e+23,0.824488013900582,0.05414042173032041
846,4.28,0.62,1173.9553407126762,318.0,1992.1616310504992,0.0189,6837640094.821832,56415419.61043034,Jackson,-0.4179082952582597,-0.7184454253456343,GP,0.2109247696656139,1.1440845294898087e+24,0.2223955072127093,0.2109247696656139
847,4.28,0.62,1173.9553407126762,318.0,1315.2130414946262,0.0189,5086370310.797085,85837329.32191008,Selsis,-0.28817518526994884,-0.6627686627227256,log,0.21490595854464392,2.3598509350793587e+24,0.4359455691140681,0.21490595854464392
848,4.28,0.62,1173.9553407126762,318.0,3139.549452385283,0.0189,3796792500.800985,69818510.7140389,Jackson,-0.3034222159173657,-0.6868777080313027,linear,0.07186824823102049,5.9736943041560225e+23,0.1857495573286616,0.07186824823102049
849,4.28,0.62,1173.9553407126762,318.0,2069.22445623211,0.0189,6488199348.895849,32435244.132827017,Jackson,-0.4335457415308526,-0.64643336917208,GP,0.4333343836450524,2.6677527001394396e+24,0.7633346900514526,0.4333343836450524
850,4.28,0.62,1173.9553407126762,318.0,1008.996133284193,0.0189,6506168831.786785,97246737.6800235,Selsis,-0.49373890871651943,-0.7050579296712246,log,0.16250483078308328,7.704410155970415e+23,0.1993666302640259,0.16250483078308328
851,4.28,0.62,1173.9553407126762,318.0,3432.4304675800217,0.0189,3410384831.557141,38925764.18647117,Jackson,-0.3351507664312719,-0.7945212628903957,log,0.17334931767071116,1.0958974251951205e+24,0.3043220568887527,0.17334931767071116
852,4.28,0.62,1173.9553407126762,318.0,1632.390468796353,0.0189,4228479123.2589746,39007635.279223934,Selsis,-0.4190281239924491,-0.7037233286069337,log,0.11593753541751128,6.413405842918477e+23,0.6949945259864267,0.11593753541751128
853,4.28,0.62,1173.9553407126762,318.0,1719.8348593926705,0.0189,8398561875.300043,98642532.7791721,Jackson,-0.31198678862070217,-0.6872867809276526,log,0.0651903695389995,6.402020587479414e+23,0.5573101975962237,0.0651903695389995
854,4.28,0.62,1173.9553407126762,318.0,2404.9862996376537,0.0189,5282295433.339385,27432186.938102964,Jackson,-0.4215082048386159,-0.6541727975230698,GP,0.11569955121433417,6.751615909873351e+23,0.7342691406514199,0.11569955121433417
855,4.28,0.62,1173.9553407126762,318.0,1480.042180214242,0.0189,4592549673.780532,81909736.7969369,Selsis,-0.37390907199973555,-0.6957154343661586,GP,0.07193895758328857,4.42238218254512e+23,0.10145087573849809,0.07193895758328857
856,4.28,0.62,1173.9553407126762,318.0,1959.7012174710835,0.0189,6995177957.313288,18012412.478261158,Jackson,-0.2938281006184811,-0.7101154278022357,linear,0.14700435207227072,1.6989701203970501e+24,0.660194761645664,0.14700435207227072
857,4.28,0.62,1173.9553407126762,318.0,762.266025081116,0.0189,8516286400.329945,76444957.83201411,Selsis,-0.3818289555256287,-0.7772874012111863,GP,0.1887851953090716,1.163448485931761e+24,0.7957390237497528,0.1887851953090716
858,4.28,0.62,1173.9553407126762,318.0,2509.3355852816976,0.0189,2968835379.8828254,62572771.55756684,Selsis,-0.2839279644073372,-0.6148316945418018,linear,0.053152995225106546,5.9838212021460465e+23,0.36103137226187265,0.053152995225106546
859,4.28,0.62,1173.9553407126762,318.0,3049.6322536645744,0.0189,2538285279.1461554,76864651.7442554,Selsis,-0.2863981796441876,-0.7990317730884205,log,0.15561262359656453,1.4496286974956377e+24,0.675801127738064,0.15561262359656453
860,4.28,0.62,1173.9553407126762,318.0,3458.8490617693437,0.0189,2296657533.414331,37512225.114573784,Selsis,-0.3615081751890447,-0.6370458542778377,GP,0.0770900131657297,5.0776414417804195e+23,0.2551445358073937,0.0770900131657297
861,4.28,0.62,1173.9553407126762,318.0,5161.065799503611,0.0189,2096384439.0540705,39734374.145228304,Jackson,-0.3416121347751098,-0.741914898433728,GP,0.3653484555820507,1.9220615155574946e+24,0.7714114774515035,0.3653484555820507
862,4.28,0.62,1173.9553407126762,318.0,2272.0542877134476,0.0189,3218501955.718713,69778578.5979568,Selsis,-0.29010431007257986,-0.6870507931077172,log,0.1544170716134683,1.535077577903797e+24,0.051540661528271636,0.1544170716134683
863,4.28,0.62,1173.9553407126762,318.0,1901.711903359843,0.0189,7293794944.698939,4334090.909733399,Jackson,-0.3893997217271563,-0.7110165165398593,linear,0.09721393062337189,6.55365092891817e+23,0.5555162239488294,0.09721393062337189
864,4.28,0.62,1173.9553407126762,318.0,2178.4827719610917,0.0189,3331222866.4511695,14494386.309521034,Selsis,-0.4572915617724121,-0.7380901241814891,GP,0.2771045344118421,1.388825526536442e+24,0.3233423877430993,0.2771045344118421
865,4.28,0.62,1173.9553407126762,318.0,700.8013544806992,0.0189,9254007797.18048,95410984.40839158,Selsis,-0.37085349923480254,-0.6733457343687063,log,0.34734763912151445,2.4735671759380634e+24,0.5460538954097451,0.34734763912151445
866,4.28,0.62,1173.9553407126762,318.0,1094.4801963793948,0.0189,6028360085.628909,24392130.861738008,Selsis,-0.3085927959725075,-0.7583539102807472,log,0.15507482173890497,1.5213616163913714e+24,0.391714337652075,0.15507482173890497
867,4.28,0.62,1173.9553407126762,318.0,835.0444237057468,0.0189,7792275611.347545,81652201.75429505,Selsis,-0.3868649462680957,-0.731493616959992,log,0.22825940742608936,1.3964825771463339e+24,0.18556672730975332,0.22825940742608936
868,4.28,0.62,1173.9553407126762,318.0,603.4937407477738,0.0189,10758658586.87202,88757345.09251802,Selsis,-0.3126871527811421,-0.7304700337553144,linear,0.052275880155098035,5.0155414346255314e+23,0.9612091347959385,0.052275880155098035
869,4.28,0.62,1173.9553407126762,318.0,1263.7505000066155,0.0189,5275876799.175201,65456076.973043226,Selsis,-0.4212156363951428,-0.6149844056182543,log,0.05545178380949111,3.696396060339232e+23,0.26723953547721635,0.05545178380949111
870,4.28,0.62,1173.9553407126762,318.0,3293.219118979766,0.0189,3585137333.1366386,33606817.31542943,Jackson,-0.3695993372666578,-0.7839255644656354,GP,0.060540874869226956,3.231653431832998e+23,0.4171497931839572,0.060540874869226956
871,4.28,0.62,1173.9553407126762,318.0,8179.744604288894,0.0189,1243547215.1556745,78235857.24848159,Jackson,-0.40144469186336534,-0.7993242693520703,linear,0.08004611712107731,2.3950508453484438e+23,0.43585328665447665,0.08004611712107731
872,4.28,0.62,1173.9553407126762,318.0,1456.986788195266,0.0189,10640277586.549877,27984823.354667902,Jackson,-0.358558585714954,-0.7151782989179623,GP,0.07127139113557017,5.884117781115025e+23,0.9332322523711386,0.07127139113557017
873,4.28,0.62,1173.9553407126762,318.0,5174.136318545039,0.0189,2090159589.1541586,21809567.78023181,Jackson,-0.46566928419828446,-0.6179129941727564,log,0.15729946305369863,6.995697289691976e+23,0.5788570591186524,0.15729946305369863
874,4.28,0.62,1173.9553407126762,318.0,2753.7920647725746,0.0189,4449945108.645765,13547584.795015424,Jackson,-0.3245830240026982,-0.7465380078699856,GP,0.2165461122540269,1.698284936043133e+24,0.6574318822124156,0.2165461122540269
875,4.28,0.62,1173.9553407126762,318.0,3728.684449170947,0.0189,3085708708.6474447,78280046.53910337,Jackson,-0.31968709296640346,-0.7126903150238394,linear,0.13133381967939672,8.674075049665988e+23,0.216804772078262,0.13133381967939672
876,4.28,0.62,1173.9553407126762,318.0,2341.3225076810136,0.0189,5478300501.766565,7449851.283432804,Jackson,-0.37155833830139556,-0.7977216911357505,log,0.1027244287598914,6.427781624178999e+23,0.8849746500068567,0.1027244287598914
877,4.28,0.62,1173.9553407126762,318.0,3903.299073525561,0.0189,2920626089.3458576,45309183.657107435,Jackson,-0.49023191893095763,-0.6738950586741428,GP,0.06780302756306854,2.7188428393734252e+23,0.2962893037996289,0.06780302756306854
878,4.28,0.62,1173.9553407126762,318.0,3888.6027683538764,0.0189,2933866925.9588327,81904676.13594873,Jackson,-0.3449494746937432,-0.6152405453661587,GP,0.0955098267692048,6.104244240379493e+23,0.010350557410870764,0.0955098267692048
879,4.28,0.62,1173.9553407126762,318.0,910.8638389825416,0.0189,7167962165.05561,52213508.32328096,Selsis,-0.48133927701396817,-0.7428579700567987,log,0.21106477924178785,1.0542577181985819e+24,0.20912699367003207,0.21106477924178785
880,4.28,0.62,1173.9553407126762,318.0,735.042083743773,0.0189,8826667388.02348,96719479.64951463,Selsis,-0.35147041206507895,-0.6510526310920217,log,0.1979008644293842,1.5932468841394805e+24,0.031303164245775505,0.1979008644293842
881,4.28,0.62,1173.9553407126762,318.0,5485.080448860708,0.0189,1951882738.7229128,45000814.68064765,Jackson,-0.42752128125542993,-0.6228943538473145,GP,0.30269430511874834,1.309822697362075e+24,0.9306811392352139,0.30269430511874834
882,4.28,0.62,1173.9553407126762,318.0,1890.8952873336918,0.0189,7352063890.092568,48413903.59699606,Jackson,-0.4379185490665283,-0.7402614682050003,log,0.14602406734467832,7.535866520182141e+23,0.6566033059441716,0.14602406734467832
883,4.28,0.62,1173.9553407126762,318.0,1766.7861784909214,0.0189,3958399547.8327365,61018616.683149554,Selsis,-0.4535073114813331,-0.6733276959033189,log,0.2606925910735461,1.3449052090967834e+24,0.11805286580153063,0.2606925910735461
884,4.28,0.62,1173.9553407126762,318.0,961.4500901824678,0.0189,6809114459.28242,99780212.77574752,Selsis,-0.28782124857998365,-0.712067498901137,GP,0.37769025179332805,4.113532500836263e+24,0.1389841574002626,0.37769025179332805
885,4.28,0.62,1173.9553407126762,318.0,3733.2838470113225,0.0189,3081132919.554209,39861758.441203475,Jackson,-0.3867263919966728,-0.6339400123194899,log,0.06323234860081711,3.522207056880876e+23,0.35017869094259324,0.06323234860081711
886,4.28,0.62,1173.9553407126762,318.0,1802.6282301297385,0.0189,7860749871.196678,65726067.66885312,Jackson,-0.31943204451322516,-0.6847501464004545,GP,0.4269963661589095,4.057817082686939e+24,0.24257957122260854,0.4269963661589095
887,4.28,0.62,1173.9553407126762,318.0,1041.318980158073,0.0189,6316661440.672086,13362851.592712121,Selsis,-0.46717952757186654,-0.7513060344545421,GP,0.08259075244585831,4.388061409488752e+23,0.5154164404285082,0.08259075244585831
888,4.28,0.62,1173.9553407126762,318.0,4250.971619992602,0.0189,2637643495.9273906,99356202.69010626,Jackson,-0.2843075253849534,-0.7729557607635423,linear,0.46342251626383085,3.6290393037982995e+24,0.2580917383202199,0.46342251626383085
889,4.28,0.62,1173.9553407126762,318.0,4175.667516031633,0.0189,2694386112.8823247,54595633.69584215,Jackson,-0.36372529921701,-0.6901546960349895,log,0.27314873525705785,1.4082984067423658e+24,0.7808825909643332,0.27314873525705785
890,4.28,0.62,1173.9553407126762,318.0,6995.857879988862,0.0189,1479289732.1427982,19026248.24555998,Jackson,-0.4090233043613554,-0.6079340148814443,log,0.18917208521830145,8.46553391135667e+23,0.698071524004679,0.18917208521830145
891,4.28,0.62,1173.9553407126762,318.0,3244.123325933186,0.0189,2416354251.3632765,39313092.438505106,Selsis,-0.3708636503462505,-0.7176238238516918,linear,0.2506118963812558,1.4557426428884305e+24,0.22910746964994333,0.2506118963812558
892,4.28,0.62,1173.9553407126762,318.0,1961.38803476193,0.0189,6986830422.244634,31730961.848786846,Jackson,-0.39367680786997233,-0.7868537384889748,GP,0.0722952056960506,4.1909912532777774e+23,0.648777781177456,0.0722952056960506
893,4.28,0.62,1173.9553407126762,318.0,2073.531293599164,0.0189,6469623413.577504,30293527.001543242,Jackson,-0.4537083229336483,-0.6437180971361574,linear,0.05738727225380019,3.4362009667312846e+23,0.7405702947006167,0.05738727225380019
894,4.28,0.62,1173.9553407126762,318.0,4200.134698439844,0.0189,1972476396.4193206,73231763.44443174,Selsis,-0.4450147976186834,-0.7223582097060859,linear,0.1806854779786549,7.678512183063997e+23,0.6948662747409363,0.1806854779786549
895,4.28,0.62,1173.9553407126762,318.0,1341.6428174607872,0.0189,4994821012.811464,86927987.11484659,Selsis,-0.42399875976610696,-0.6459039574991056,log,0.1318121478427526,7.631276825195988e+23,0.8626021766290054,0.1318121478427526
896,4.28,0.62,1173.9553407126762,318.0,1601.5992276352995,0.0189,9291025781.835352,59363110.24479997,Jackson,-0.3196691760181525,-0.6643213473537254,linear,0.3820275018388461,3.9824063878225735e+24,0.308065333785817,0.3820275018388461
897,4.28,0.62,1173.9553407126762,318.0,1338.9082728223584,0.0189,5004121947.062024,13677388.611953864,Selsis,-0.44494313571841687,-0.704908990769206,linear,0.41068289039823597,2.2989930357190783e+24,0.8163576353680868,0.41068289039823597
898,4.28,0.62,1173.9553407126762,318.0,2570.995181577685,0.0189,2911174163.733609,41573454.84037343,Selsis,-0.32397431360251117,-0.6691081993707951,log,0.053607358814730735,4.306375071849386e+23,0.8291401441115601,0.053607358814730735
899,4.28,0.62,1173.9553407126762,318.0,3617.6328197864727,0.0189,3200257538.071311,31769502.57937349,Jackson,-0.34466661444015895,-0.7072017415602453,linear,0.3110516748615726,1.9191784411348612e+24,0.38304892535609725,0.3110516748615726
900,4.28,0.62,1173.9553407126762,318.0,3424.6462222802447,0.0189,3419791711.960584,83044058.3985876,Jackson,-0.4748630780365411,-0.6680339473701525,linear,0.14615358689421487,5.939817907461031e+23,0.7862671792055115,0.14615358689421487
901,4.28,0.62,1173.9553407126762,318.0,6139.493103949857,0.0189,1712697761.6854556,50342440.92452892,Jackson,-0.42637180309043493,-0.7356965703350212,log,0.14601997041422293,5.026421623852561e+23,0.8582136550760778,0.14601997041422293
902,4.28,0.62,1173.9553407126762,318.0,1950.4158573888158,0.0189,7041452453.495374,95911684.0171861,Jackson,-0.49101610802825535,-0.658478067497176,log,0.34477582531059014,1.7583150863028392e+24,0.09101557578826724,0.34477582531059014
903,4.28,0.62,1173.9553407126762,318.0,1602.8255308447162,0.0189,4293821610.62482,93677593.82822803,Selsis,-0.349539958517448,-0.7143090765955359,GP,0.22530013611428026,1.482918945312517e+24,0.031701471214421795,0.22530013611428026
904,4.28,0.62,1173.9553407126762,318.0,560.2521447042998,0.0189,11612977194.79681,6943652.077109778,Selsis,-0.48707032912097664,-0.6371529767398185,GP,0.3362094126798419,2.3866529973844944e+24,0.9557880979102328,0.3362094126798419
905,4.28,0.62,1173.9553407126762,318.0,2015.742281548575,0.0189,6727165339.408308,47557059.47272786,Jackson,-0.2851282825462146,-0.663554015513311,log,0.23174300581406893,2.8639733195437765e+24,0.16720407364056977,0.23174300581406893
906,4.28,0.62,1173.9553407126762,318.0,1557.095189831727,0.0189,4399676051.025215,1477202.2728204117,Selsis,-0.28806234105458706,-0.6110364576814091,log,0.3076523866885973,4.1331315898019973e+24,0.16960192220199477,0.3076523866885973
907,4.28,0.62,1173.9553407126762,318.0,3134.4859871768695,0.0189,2483403780.0650434,75988065.9376419,Selsis,-0.30030662735950947,-0.6650607342001522,log,0.23937326872531797,2.0877399268642885e+24,0.28704431806865305,0.23937326872531797
908,4.28,0.62,1173.9553407126762,318.0,5553.779198455025,0.0189,1923674969.941085,27505554.69251755,Jackson,-0.42121391722681445,-0.7351842978174188,log,0.20206048747251337,7.675131977914806e+23,0.8965080544385885,0.20206048747251337
909,4.28,0.62,1173.9553407126762,318.0,6527.895448940227,0.0189,1598499245.7606568,29374623.942203406,Jackson,-0.4745929294429115,-0.731864226193287,linear,0.14765570981896733,4.798427062816048e+23,0.6552098543268854,0.14765570981896733
910,4.28,0.62,1173.9553407126762,318.0,1322.6008530867553,0.0189,5060403488.460885,27049783.016340625,Selsis,-0.4043522619401868,-0.7848206520066097,log,0.09880903004754556,5.62087530960594e+23,0.12274362378724302,0.09880903004754556
911,4.28,0.62,1173.9553407126762,318.0,961.3286864771527,0.0189,6809928111.431101,4991826.640918654,Selsis,-0.48365389419740945,-0.6959427384572707,linear,0.05816369659963423,3.338130246438292e+23,0.10872160279231025,0.05816369659963423
912,4.28,0.62,1173.9553407126762,318.0,7541.392039866562,0.0189,1360627983.2982547,39697427.72281379,Jackson,-0.2956534798618324,-0.6049051657371673,GP,0.24062916456293681,1.6883700985806237e+24,0.5005535636858756,0.24062916456293681
913,4.28,0.62,1173.9553407126762,318.0,2728.222428116555,0.0189,4500846056.685606,54352651.17760282,Jackson,-0.33251140783284483,-0.6121733993071082,linear,0.26163458677259516,2.2096173339123604e+24,0.2898553349870858,0.26163458677259516
914,4.28,0.62,1173.9553407126762,318.0,1342.0790256852113,0.0189,4993340926.968912,86246490.41970938,Selsis,-0.39683420256922014,-0.7830525099098375,linear,0.09898968498211451,5.255522583411442e+23,0.6057342556510144,0.09898968498211451
915,4.28,0.62,1173.9553407126762,318.0,1333.3325227428957,0.0189,5023207272.805971,14818567.811453901,Selsis,-0.4023062222832983,-0.7181365712679734,linear,0.49894903063859336,3.04634855292054e+24,0.6044755497357011,0.49894903063859336
916,4.28,0.62,1173.9553407126762,318.0,2006.8554656194408,0.0189,3563674138.233931,19869921.42676493,Selsis,-0.45179953778143805,-0.6536336963176262,linear,0.06275177220715872,3.53516791914035e+23,0.7127785346866444,0.06275177220715872
917,4.28,0.62,1173.9553407126762,318.0,1945.1354067084114,0.0189,3656146432.177179,75563919.67972997,Selsis,-0.38453915201125694,-0.6769275391445859,GP,0.07492759249658618,4.386829828001984e+23,0.2169550796807742,0.07492759249658618
918,4.28,0.62,1173.9553407126762,318.0,1857.89831378241,0.0189,7535108887.859397,8425604.172196459,Jackson,-0.39980464343338323,-0.6124073277516741,linear,0.22533695912215942,1.859546434723236e+24,0.9830239499024331,0.22533695912215942
919,4.28,0.62,1173.9553407126762,318.0,20518.039436053015,0.0189,458494176.5279363,94433341.44693558,Jackson,-0.3876344311476062,-0.7017283934992583,GP,0.337769136474353,6.20350270623154e+23,0.020980896146324146,0.337769136474353
920,4.28,0.62,1173.9553407126762,318.0,856.7481830179598,0.0189,7601616996.35455,74389391.8537904,Selsis,-0.4270345585518699,-0.6695194929255972,log,0.15426708201177702,9.223826952657473e+23,0.022575127565970465,0.15426708201177702
921,4.28,0.62,1173.9553407126762,318.0,3007.3172572194744,0.0189,2566747456.1247616,34043922.887541994,Selsis,-0.3262032225091186,-0.7275379806986199,linear,0.12055404962668462,9.02701800181245e+23,0.749700742543902,0.12055404962668462
922,4.28,0.62,1173.9553407126762,318.0,878.0617110591394,0.0189,7424083811.0553255,7063862.938933863,Selsis,-0.290607475521498,-0.7414253419517056,linear,0.10683988025074458,1.3026397502521462e+24,0.3912062770016296,0.10683988025074458
923,4.28,0.62,1173.9553407126762,318.0,7039.373525574557,0.0189,1338083050.469872,23356875.13379186,Selsis,-0.29195846071919085,-0.6599386078470197,GP,0.4736833672388777,4.1468022330338627e+24,0.1886464537353073,0.4736833672388777
924,4.28,0.62,1173.9553407126762,318.0,1622.7586688220408,0.0189,9119105481.77151,45909274.96082548,Jackson,-0.31002471418697974,-0.7785690939315962,log,0.12814881203893538,1.3047606608209014e+24,0.9576366137053859,0.12814881203893538
925,4.28,0.62,1173.9553407126762,318.0,1076.123042907706,0.0189,6124658340.533691,55081713.8831059,Selsis,-0.33776494274190133,-0.608166275591656,GP,0.09635869360166924,9.10268856328578e+23,0.14794818603899518,0.09635869360166924
926,4.28,0.62,1173.9553407126762,318.0,591.9657377188064,0.0189,10972973320.21865,32422885.231479,Selsis,-0.44317465259836747,-0.701556302851201,GP,0.14808934657229844,9.025589429105311e+23,0.058828245871206275,0.14808934657229844
927,4.28,0.62,1173.9553407126762,318.0,5760.026471474694,0.0189,1843515515.7986498,75138769.95841534,Jackson,-0.3846051199679362,-0.6094214653112667,log,0.055233013548308355,2.5588500592748903e+23,0.24161520025084804,0.055233013548308355
928,4.28,0.62,1173.9553407126762,318.0,2060.654880598922,0.0189,3487170917.878106,65371788.14366926,Selsis,-0.46736261351118863,-0.7179265785814668,log,0.0787149091061879,3.64366304440721e+23,0.7159396906352509,0.0787149091061879
929,4.28,0.62,1173.9553407126762,318.0,601.6792945550401,0.0189,10791791818.850786,81764657.55013964,Selsis,-0.3542619731095018,-0.697810854440702,log,0.05902119611158158,4.563135316850091e+23,0.8597729328947975,0.05902119611158158
930,4.28,0.62,1173.9553407126762,318.0,987.7838517390028,0.0189,6637563549.461333,43000281.72449694,Selsis,-0.4903572610313767,-0.7612643067506168,linear,0.3361430709605951,1.643272451207748e+24,0.3029807408028302,0.3361430709605951
931,4.28,0.62,1173.9553407126762,318.0,11149.325345373683,0.0189,878411985.8995024,38021050.875360005,Jackson,-0.4367117266670518,-0.7593611449119327,GP,0.32499835887324346,8.745467006845234e+23,0.4959493505312468,0.32499835887324346
932,4.28,0.62,1173.9553407126762,318.0,798.0898352991442,0.0189,8142310260.470527,95421744.30993247,Selsis,-0.4969186326696674,-0.7698922110352435,GP,0.05118674249440869,2.321304597132665e+23,0.8588050854732628,0.05118674249440869
933,4.28,0.62,1173.9553407126762,318.0,724.0572864389422,0.0189,8959019104.673147,66371848.63518608,Selsis,-0.45763045054593016,-0.7185107426000349,linear,0.19244432299400854,1.0319720854574876e+24,0.6497269363670016,0.19244432299400854
934,4.28,0.62,1173.9553407126762,318.0,2638.3157936662565,0.0189,4688952365.296229,96137197.54568744,Jackson,-0.2984467731077682,-0.7523412316404766,log,0.10341926509263703,8.87383510603445e+23,0.09984803683181243,0.10341926509263703
935,4.28,0.62,1173.9553407126762,318.0,1138.763819654192,0.0189,5809294215.799956,97061656.62890095,Selsis,-0.43331383051544586,-0.6656908858419599,log,0.38088907885714746,2.0902907950472563e+24,0.13445687985422783,0.38088907885714746
936,4.28,0.62,1173.9553407126762,318.0,3303.99806189371,0.0189,3571136457.730184,42213858.47865208,Jackson,-0.40628551583264916,-0.6165583284969833,log,0.12166859178225278,7.073570507234538e+23,0.7623525929290442,0.12166859178225278
937,4.28,0.62,1173.9553407126762,318.0,2470.9359014043994,0.0189,5092299709.022496,12211346.77131826,Jackson,-0.49733494936077716,-0.6759945005798011,log,0.20987807803174152,1.0428839721326871e+24,0.26687274491665836,0.20987807803174152
938,4.28,0.62,1173.9553407126762,318.0,7004.573409383563,0.0189,1477234742.277448,37417183.60291394,Jackson,-0.42722221292789964,-0.6177109699427507,GP,0.2841216981417138,1.139186941668939e+24,0.9629710704260969,0.2841216981417138
939,4.28,0.62,1173.9553407126762,318.0,4612.580104034203,0.0189,1834533837.033735,43938228.26180851,Selsis,-0.3821444703825789,-0.7133658225710746,linear,0.08445108565776342,4.408271902830969e+23,0.06016286976378127,0.08445108565776342
940,4.28,0.62,1173.9553407126762,318.0,778.3124004770096,0.0189,8344223076.831217,6450479.216924452,Selsis,-0.4734635804485559,-0.6902216456159975,linear,0.45801729340855096,2.7448952941691967e+24,0.496670935179784,0.45801729340855096
941,4.28,0.62,1173.9553407126762,318.0,793.5351869594572,0.0189,8187857979.847221,32928384.454654485,Selsis,-0.40094857929917077,-0.7747606679014869,GP,0.06212197331395093,3.776963411371965e+23,0.5286017170614405,0.06212197331395093
942,4.28,0.62,1173.9553407126762,318.0,2541.024842811068,0.0189,2938867419.42774,84200122.904927,Selsis,-0.3410774776808035,-0.7253932211652959,linear,0.2177890472988363,1.4101152202333564e+24,0.3805799225572436,0.2177890472988363
943,4.28,0.62,1173.9553407126762,318.0,5826.595917032915,0.0189,1538368280.5541112,59554440.358967096,Selsis,-0.3241734141372759,-0.7572717677910447,GP,0.17702656945687423,1.1334581124578216e+24,0.6053049956368349,0.17702656945687423
944,4.28,0.62,1173.9553407126762,318.0,2718.535980630528,0.0189,4520419013.552843,79713663.11336267,Jackson,-0.3609347114519295,-0.7352801374119797,log,0.27564708626744444,1.575520440106442e+24,0.49506077372133794,0.27564708626744444
945,4.28,0.62,1173.9553407126762,318.0,1774.203513333663,0.0189,3944655260.153006,55303718.00777914,Selsis,-0.35815630082592403,-0.6882643089286123,linear,0.21990755401568474,1.4839507595708385e+24,0.5203077719608395,0.21990755401568474
946,4.28,0.62,1173.9553407126762,318.0,1478.0036572354686,0.0189,4597920892.265756,66077229.23403263,Selsis,-0.3655167310471126,-0.6126442229115807,GP,0.3343980918292229,2.5612986968007775e+24,0.22165179313064176,0.3343980918292229
947,4.28,0.62,1173.9553407126762,318.0,940.5198116086701,0.0189,6952642722.844926,40056156.633226834,Selsis,-0.4381913786756791,-0.6437732475087504,GP,0.07900385043991562,5.0789384165999006e+23,0.9363021947428996,0.07900385043991562
948,4.28,0.62,1173.9553407126762,318.0,1945.4483324477355,0.0189,7066450312.470356,5873324.753980044,Jackson,-0.3318846890946591,-0.6373132231378269,log,0.13283026210603707,1.3309474159926842e+24,0.05450976752578085,0.13283026210603707
949,4.28,0.62,1173.9553407126762,318.0,5297.3587708879995,0.0189,2033173975.730421,51749494.25722454,Jackson,-0.29042977648990587,-0.6020258306564218,log,0.054222943303244134,4.587309303834566e+23,0.632059084193805,0.054222943303244134
950,4.28,0.62,1173.9553407126762,318.0,2972.0758395995067,0.0189,4056346461.364146,16637035.563220305,Jackson,-0.3710447893965828,-0.6932160722499716,GP,0.2586482685288231,1.5667466416482584e+24,0.4771397262985171,0.2586482685288231
951,4.28,0.62,1173.9553407126762,318.0,3187.198940150161,0.0189,2450631614.80199,2789089.9428768526,Selsis,-0.38855664860778377,-0.7382650784998135,log,0.4203116259889812,2.476191697201729e+24,0.11769068241394565,0.4203116259889812
952,4.28,0.62,1173.9553407126762,318.0,1387.960989196187,0.0189,4850689608.736924,31931161.14053945,Selsis,-0.4969135578360867,-0.6029382368207236,GP,0.13989368745417793,9.126628126661692e+23,0.4221333317126419,0.13989368745417793
953,4.28,0.62,1173.9553407126762,318.0,57609.58067243648,0.0189,263739656.86902452,38428518.89084187,Selsis,-0.3387683063339055,-0.6383784612792932,linear,0.06496822219937522,1.5579825633306134e+23,0.45377797599075176,0.06496822219937522
954,4.28,0.62,1173.9553407126762,318.0,599.7095597528772,0.0189,10828010359.774591,66650981.38138624,Selsis,-0.4638100729695482,-0.6012669376377362,linear,0.14949751249771415,1.143035147798767e+24,0.20983040561678434,0.14949751249771415
955,4.28,0.62,1173.9553407126762,318.0,4614.828024780327,0.0189,1833844867.3942192,24407400.630299255,Selsis,-0.45521942938358084,-0.7484570821534807,GP,0.14582205531794518,6.477209930466795e+23,0.8556670137987727,0.14582205531794518
956,4.28,0.62,1173.9553407126762,318.0,6531.561860219425,0.0189,1597492248.2309656,99329785.90892862,Jackson,-0.3030263651326625,-0.6053707126574853,GP,0.13963555714772194,8.779996990741593e+23,0.7939017476268373,0.13963555714772194
957,4.28,0.62,1173.9553407126762,318.0,3946.267209448163,0.0189,2070654756.0224266,59856623.749451675,Selsis,-0.4599697610090134,-0.6313038595118823,GP,0.11167069242013014,5.488536924229018e+23,0.8934314174612146,0.11167069242013014
958,4.28,0.62,1173.9553407126762,318.0,6908.413670603077,0.0189,1500222272.6720223,74453566.75532219,Jackson,-0.451723976769004,-0.7138773164509199,log,0.1296663598255846,3.899051520145214e+23,0.44488632525530325,0.1296663598255846
959,4.28,0.62,1173.9553407126762,318.0,1034.116866117422,0.0189,6357820433.006305,31340732.880442973,Selsis,-0.4117484705971782,-0.7515062540660107,linear,0.07005254563825863,4.056924515294632e+23,0.9352433688722098,0.07005254563825863
960,4.28,0.62,1173.9553407126762,318.0,3472.5112378650892,0.0189,3362717956.1355953,15837195.308961261,Jackson,-0.36532254679087706,-0.7750884198892715,GP,0.37415817401794843,2.0771696579763296e+24,0.3626817963200176,0.37415817401794843
961,4.28,0.62,1173.9553407126762,318.0,1457.5122750944636,0.0189,4652735004.257763,50605418.592142515,Selsis,-0.36584405635244877,-0.6147748656989684,log,0.4537418102322068,3.532258022215401e+24,0.10357662458250927,0.4537418102322068
962,4.28,0.62,1173.9553407126762,318.0,5141.030689136463,0.0189,1689059468.0307028,75229379.16549596,Selsis,-0.42223111402068875,-0.6070450187839463,log,0.1922016815616092,9.871678811388474e+23,0.9191905650514425,0.1922016815616092
963,4.28,0.62,1173.9553407126762,318.0,2721.366950160038,0.0189,4514681881.89844,72858163.10831797,Jackson,-0.4007359842919362,-0.6164872482295656,GP,0.10149573660354647,6.245120943147537e+23,0.043486030522032926,0.10149573660354647
964,4.28,0.62,1173.9553407126762,318.0,2609.365305021125,0.0189,4752740108.536252,19091291.369501196,Jackson,-0.4254363186898807,-0.6144735957120349,log,0.365524960705822,2.3469195793911167e+24,0.35724507792309523,0.365524960705822
965,4.28,0.62,1173.9553407126762,318.0,1374.7242911565932,0.0189,4890606119.235364,67937130.48633863,Selsis,-0.4222856624492416,-0.6946318128089763,log,0.22945885222738485,1.2471339028128023e+24,0.49229727063430917,0.22945885222738485
966,4.28,0.62,1173.9553407126762,318.0,1995.1751100300387,0.0189,3580750700.5943923,80547410.12631838,Selsis,-0.3340602438790991,-0.703910897979672,log,0.08864586987546058,6.349472484874863e+23,0.15632697771020643,0.08864586987546058
967,4.28,0.62,1173.9553407126762,318.0,4860.435040993115,0.0189,2250054163.7277565,84518267.49209656,Jackson,-0.3755196232948794,-0.6624121609905621,log,0.456899139491486,2.0572377061253346e+24,0.930692826268662,0.456899139491486
968,4.28,0.62,1173.9553407126762,318.0,2066.2498187016563,0.0189,6501085747.261748,86840992.2110281,Jackson,-0.320050704884126,-0.6670239277337814,log,0.22275887712256703,1.9734312574770312e+24,0.2593011553158868,0.22275887712256703
969,4.28,0.62,1173.9553407126762,318.0,5099.634480715734,0.0189,2126124083.5371819,94093815.76514903,Jackson,-0.4865580114438496,-0.7448557134495919,linear,0.2064396728558788,6.22050217223554e+23,0.30683069270044205,0.2064396728558788
970,4.28,0.62,1173.9553407126762,318.0,1882.7935810646372,0.0189,3755489604.1234446,2233152.015791508,Selsis,-0.4259749434877488,-0.6489461973288473,log,0.16718801121783217,1.06358203519394e+24,0.4651228450334819,0.16718801121783217
971,4.28,0.62,1173.9553407126762,318.0,1669.4446510606306,0.0189,4149781250.2528973,52677828.39369853,Selsis,-0.4647126406293927,-0.6737549768917511,log,0.49338240914637854,2.555455680384019e+24,0.9634016682015571,0.49338240914637854
972,4.28,0.62,1173.9553407126762,318.0,2511.4348691395876,0.0189,2966827791.8051863,6379406.581593366,Selsis,-0.33445837738523476,-0.6155963693978285,GP,0.10316372227482522,9.122334605278682e+23,0.7389334799012603,0.10316372227482522
973,4.28,0.62,1173.9553407126762,318.0,2382.3830766751066,0.0189,5350406363.8383665,70727082.14754409,Jackson,-0.39231716011866513,-0.6895372687946731,log,0.2936019413544444,1.644441997382279e+24,0.2757086827921189,0.2936019413544444
974,4.28,0.62,1173.9553407126762,318.0,4722.018135711649,0.0189,2328288831.2602086,7156468.354995061,Jackson,-0.47464330986235714,-0.7535125456608377,linear,0.19680274085841554,7.502770518747332e+23,0.5656695292723131,0.19680274085841554
975,4.28,0.62,1173.9553407126762,318.0,1914.4623696594372,0.0189,7226169195.467443,67442878.12650649,Jackson,-0.41474421592591776,-0.7543046766867166,log,0.13535707275964157,7.131752693371743e+23,0.8489227720410084,0.13535707275964157
976,4.28,0.62,1173.9553407126762,318.0,2434.0241234039736,0.0189,3043044552.276229,42320936.29387907,Selsis,-0.39815435128299465,-0.6742833404520361,GP,0.2562996749952703,1.4655713242243934e+24,0.8113608869802288,0.2562996749952703
977,4.28,0.62,1173.9553407126762,318.0,2771.2044647925577,0.0189,2740647201.2849503,87243487.4861099,Selsis,-0.34882012281263053,-0.692456302280755,log,0.44108224967509335,2.7477662827342633e+24,0.1406242934305536,0.44108224967509335
978,4.28,0.62,1173.9553407126762,318.0,2889.0532531019694,0.0189,4197953337.4827476,7915128.664992361,Jackson,-0.3335681071081272,-0.7473505213175202,linear,0.08127514909333633,5.982385795016982e+23,0.8742484077788896,0.08127514909333633
979,4.28,0.62,1173.9553407126762,318.0,1205.894885204878,0.0189,5508762082.15934,24539464.403629515,Selsis,-0.323538465527493,-0.6006346123614665,linear,0.43273142864685726,4.5918459235034187e+24,0.3790350250925638,0.43273142864685726
980,4.28,0.62,1173.9553407126762,318.0,1533.8015061496471,0.0189,4455974379.88882,14735691.734669307,Selsis,-0.3487065921525432,-0.6643112849103745,log,0.35235933091732047,2.7973276088542663e+24,0.9897448833027889,0.35235933091732047
981,4.28,0.62,1173.9553407126762,318.0,2625.9753754325366,0.0189,4715942447.889134,10950975.798008911,Jackson,-0.4778247591123451,-0.7890143186455861,linear,0.06718997080683406,2.9442244784369463e+23,0.15732215104065417,0.06718997080683406
982,4.28,0.62,1173.9553407126762,318.0,8978.290018163176,0.0189,1119445117.3926904,37865502.94637906,Jackson,-0.2832770010589337,-0.6737241440817853,log,0.12907218765179118,8.554002578835942e+23,0.8848976944197445,0.12907218765179118
983,4.28,0.62,1173.9553407126762,318.0,4254.718090596743,0.0189,2634880159.9267764,57878104.95935612,Jackson,-0.467910594879913,-0.709581907391071,linear,0.13762448212100725,5.080511540372874e+23,0.06813174160599289,0.13762448212100725
984,4.28,0.62,1173.9553407126762,318.0,2483.2606369595796,0.0189,5058166672.568135,82843703.25872144,Jackson,-0.37159212294629457,-0.6311621150430596,log,0.22215097549652976,1.4798826703112672e+24,0.4177642940704195,0.22215097549652976
985,4.28,0.62,1173.9553407126762,318.0,1626.004956381576,0.0189,4242395112.403114,38400879.43403196,Selsis,-0.30450421215124135,-0.6650780301952752,GP,0.2925282160804557,2.9176818071735363e+24,0.26804891269835307,0.2925282160804557
986,4.28,0.62,1173.9553407126762,318.0,1468.6963637368688,0.0189,10518253580.575714,64227831.7746936,Jackson,-0.3536463459035672,-0.7956649776440399,log,0.1560869100125703,1.1872177963813788e+24,0.1791519539637635,0.1560869100125703
987,4.28,0.62,1173.9553407126762,318.0,1804.064955504614,0.0189,3890433734.288548,12792988.45702053,Selsis,-0.4563017122049201,-0.758516111906136,log,0.3020533717706538,1.5348012057138224e+24,0.8309993019212281,0.3020533717706538
988,4.28,0.62,1173.9553407126762,318.0,11631.92341263721,0.0189,838532518.7216717,39548786.54053952,Jackson,-0.3537874463240623,-0.74707994482239,GP,0.3540528869581722,1.2236149582435162e+24,0.4007144492561925,0.3540528869581722
989,4.28,0.62,1173.9553407126762,318.0,1671.7846653444444,0.0189,4144925803.4614387,39122532.36150189,Selsis,-0.32636839300921555,-0.6652851465076094,GP,0.17938033559536332,1.531725074320912e+24,0.9512264286117086,0.17938033559536332
990,4.28,0.62,1173.9553407126762,318.0,1347.044864615568,0.0189,4976587515.806164,61863837.80367894,Selsis,-0.3176955266424356,-0.6264095404586983,linear,0.35170189339030733,3.3871675888976397e+24,0.5592369120580377,0.35170189339030733
991,4.28,0.62,1173.9553407126762,318.0,2712.753885808163,0.0189,4532179967.102049,94573360.04637375,Jackson,-0.28736225720800107,-0.7393726196310837,log,0.11086294699800715,1.0436708969512921e+24,0.673826587502981,0.11086294699800715
992,4.28,0.62,1173.9553407126762,318.0,1436.4806730886687,0.0189,4710597444.646324,79870269.43783586,Selsis,-0.43809040290716644,-0.7434632417336244,GP,0.07605999596541903,3.693996797045483e+23,0.837228852484765,0.07605999596541903
993,4.28,0.62,1173.9553407126762,318.0,635.0150407825251,0.0189,10216093591.228281,13362899.478186674,Selsis,-0.40712139232708056,-0.7347606667038871,GP,0.4381233349868449,2.859636675147252e+24,0.41838205402213635,0.4381233349868449
994,4.28,0.62,1173.9553407126762,318.0,6546.251892156997,0.0189,1411399799.4984245,39866590.58380039,Selsis,-0.3198126581096377,-0.6647416752622197,GP,0.10433373749301045,7.29321353590597e+23,0.17631281933650533,0.10433373749301045
995,4.28,0.62,1173.9553407126762,318.0,551.7502236743028,0.0189,11798437986.51913,98075498.12836725,Selsis,-0.31145841567211136,-0.6681870635701788,linear,0.053620969857742645,5.5580809046521257e+23,0.014079249655361337,0.053620969857742645
996,4.28,0.62,1173.9553407126762,318.0,836.1856132820706,0.0189,7781989185.5264015,49142697.39615003,Selsis,-0.4031065428095318,-0.6164346556343775,GP,0.2986236898797001,2.279952847443918e+24,0.5768718726864281,0.2986236898797001
997,4.28,0.62,1173.9553407126762,318.0,8053.746953439394,0.0189,1265058668.7776468,52704013.25263104,Jackson,-0.4205093426532432,-0.7638924535496188,GP,0.47706445850068435,1.4684521820230962e+24,0.9586107011632105,0.47706445850068435
998,4.28,0.62,1173.9553407126762,318.0,3138.1330250318465,0.0189,2481107875.246812,3217377.571243101,Selsis,-0.31458103044634333,-0.6090676151095165,GP,0.3245519581831925,3.1939364164470035e+24,0.5687114725596438,0.3245519581831925
999,4.28,0.62,1173.9553407126762,318.0,1307.933109965265,0.0189,5112251336.258023,34693148.85414824,Selsis,-0.3355752156787503,-0.7212141350273654,log,0.3337750010844635,2.6627792058687145e+24,0.4614112210403447,0.3337750010844635
