pl_mass,pl_radius,mass_source,st_mass,pl_teff,pl_insol,pl_XUV_flux,pl_orbsmax,orbit_source,st_age,pl_form_yr,x-ray-model,euv_gamma1,euv_gamma2,co2_fit,ch4_eta,N2O2_frac,C_loss,atmospheric_loss
1.86,1.264,catalog,0.36,771.7762452717325,59.4,13365.20077942302,0.01589,catalog,975562647.6572903,6101450.855020671,Selsis,-0.4578588810475767,-0.6537720665072767,log,0.12070307803374145,0.7005059897236995,1.1172514959830597e+22,4.096588818604552e+22
1.86,1.264,catalog,0.36,771.7762452717325,59.4,1660.7999015197852,0.01589,catalog,4471333858.2446165,13159693.077195175,Selsis,-0.29689830943539713,-0.6006038159945325,log,0.16434895521494836,0.8890022250141837,4.260386309803761e+22,1.5621416469280456e+23
1.86,1.264,catalog,0.36,771.7762452717325,59.4,984.5685470705549,0.01589,catalog,6871067710.408973,40715630.825207,Selsis,-0.4802903960490083,-0.6279692044903302,GP,0.2523691418836624,0.34699043623881076,2.777737301802318e+22,1.0185036773275166e+23
1.86,1.264,catalog,0.36,771.7762452717325,59.4,5106.409574379323,0.01589,catalog,869939776.9194623,35580632.567029506,Jackson,-0.39823977345721606,-0.6406473550750011,log,0.4976586893255135,0.14503150614082028,5.999094965316818e+21,2.1996681539494995e+22
1.86,1.264,catalog,0.36,771.7762452717325,59.4,1863.3052342496983,0.01589,catalog,2143214880.8101997,51578691.70193395,Jackson,-0.4705507336892766,-0.6188257683832928,GP,0.4010952200091119,0.6415168185941742,9.534464115843178e+21,3.495970175809165e+22
1.86,1.264,catalog,0.36,771.7762452717325,59.4,544.714142048257,0.01589,catalog,7299464941.788783,8220649.799564191,Jackson,-0.32645248645233277,-0.7162317800525452,GP,0.42564101906367563,0.3112087861562497,2.062980828730702e+22,7.56426303867924e+22
1.86,1.264,catalog,0.36,771.7762452717325,59.4,1748.8911799059158,0.01589,catalog,2273869829.811533,40053578.31094141,Jackson,-0.44959878956498717,-0.774118787110442,log,0.3962728624673176,0.39385453326725617,7.227879540851874e+21,2.6502224983123537e+22
1.86,1.264,catalog,0.36,771.7762452717325,59.4,3334.424013696319,0.01589,catalog,1263114518.9199677,78795771.53171688,Jackson,-0.41646129891380496,-0.7540141571065662,log,0.17327838282013122,0.8618590260358797,5.753489293666346e+21,2.1096127410109938e+22
1.86,1.264,catalog,0.36,771.7762452717325,59.4,734.3947180220293,0.01589,catalog,5328836806.942458,52444235.549049884,Jackson,-0.44504876481498945,-0.6862855546682199,GP,0.15880273932817224,0.3931897661421545,1.1139876825167313e+22,4.084621502561348e+22
1.86,1.264,catalog,0.36,771.7762452717325,59.4,1094.117888168316,0.01589,catalog,6286447380.5903845,9125684.24948582,Selsis,-0.3027552510718629,-0.7890652162589373,GP,0.2417487138108832,0.026873720902782394,4.725368009679723e+22,1.732634936882565e+23
1.86,1.264,catalog,0.36,771.7762452717325,59.4,2641.015412868046,0.01589,catalog,3123696937.709054,34453748.82154259,Selsis,-0.32223473901602473,-0.67770554396189,linear,0.39777536760482946,0.5246916840509531,4.52467266644644e+23,1.6590466443636946e+24
1.86,1.264,catalog,0.36,771.7762452717325,59.4,713.0759729957355,0.01589,catalog,5493735567.781572,56177356.82108013,Jackson,-0.37599100615914716,-0.6597671324043443,GP,0.3979350925036258,0.30284521725192637,1.4559630961110107e+22,5.338531352407039e+22
1.86,1.264,catalog,0.36,771.7762452717325,59.4,1689.0226542856483,0.01589,catalog,4412109182.637417,37760686.04661865,Selsis,-0.33158572456358976,-0.7373482987954282,log,0.150174535231017,0.29419233246100496,2.878316806224769e+22,1.0553828289490819e+23
1.86,1.264,catalog,0.36,771.7762452717325,59.4,4126.9440945585775,0.01589,catalog,2242792657.375084,24059187.434513666,Selsis,-0.4507028470959289,-0.6685407119327778,GP,0.34281462741082447,0.8729688082354277,1.9727910205901563e+22,7.23356707549724e+22
1.86,1.264,catalog,0.36,771.7762452717325,59.4,2427.4999299381843,0.01589,catalog,3329198009.7142453,27762925.884814486,Selsis,-0.37142754183086224,-0.6245128510969243,linear,0.384409436435814,0.41840591893762646,3.955809358200187e+23,1.4504634313400686e+24
1.86,1.264,catalog,0.36,771.7762452717325,59.4,1742.1953088776438,0.01589,catalog,4305446604.334031,15749752.812655814,Selsis,-0.4032326005523151,-0.699494533810032,GP,0.17947745778070823,0.993613872786358,2.5819754436776126e+22,9.467243293484578e+22
1.86,1.264,catalog,0.36,771.7762452717325,59.4,898.4034459168477,0.01589,catalog,7428941737.777673,45076665.09719369,Selsis,-0.41461925235814034,-0.7051102339697327,log,0.45994889584956156,0.08507554866047429,2.4085733884275074e+22,8.831435757567526e+22
1.86,1.264,catalog,0.36,771.7762452717325,59.4,4319.453130905239,0.01589,catalog,2169082949.639091,1960751.6176785892,Selsis,-0.391236863099301,-0.6351383409068684,log,0.2314452165311725,0.7293048770359559,2.0579223257251666e+22,7.5457151943256104e+22
1.86,1.264,catalog,0.36,771.7762452717325,59.4,2151.1750197578394,0.01589,catalog,1876434205.1568046,79492432.80837996,Jackson,-0.46271932818017597,-0.7207866538434147,GP,0.19081314267585778,0.8278376371992188,6.912129279763346e+21,2.5344474025798933e+22
1.86,1.264,catalog,0.36,771.7762452717325,59.4,544.7099671594276,0.01589,catalog,7299525073.055035,30338605.517479923,Jackson,-0.4699584211938872,-0.6409874791068148,linear,0.4986231172472099,0.6311668347039845,1.9429889106899864e+23,7.12429267252995e+23
1.86,1.264,catalog,0.36,771.7762452717325,59.4,428.7683336844935,0.01589,catalog,9484062417.051958,93628563.39058541,Jackson,-0.3495064131459245,-0.6303791015353133,GP,0.10639645225109691,0.08298896755258467,2.0772321225830614e+22,7.616517782804558e+22
1.86,1.264,catalog,0.36,771.7762452717325,59.4,11306.342133587446,0.01589,catalog,1094145047.3082662,7527690.792642952,Selsis,-0.42686924032468293,-0.7585055947973499,GP,0.08302882614646383,0.006739497881296019,1.449966958996976e+22,5.316545516322245e+22
1.86,1.264,catalog,0.36,771.7762452717325,59.4,421.22249705230985,0.01589,catalog,9673749446.450766,88025092.21824308,Jackson,-0.4918099883382784,-0.6495593381293601,log,0.15492505034996515,0.8127194776483189,1.2997632871505974e+22,4.7657987195521905e+22
1.86,1.264,catalog,0.36,771.7762452717325,59.4,1197.1173399740228,0.01589,catalog,5832072581.6710415,8075951.286263076,Selsis,-0.3694216325989797,-0.7600518329472674,log,0.0876262225418918,0.9271488395896417,2.6516532719418283e+22,9.722728663786703e+22
1.86,1.264,catalog,0.36,771.7762452717325,59.4,728.3808207149341,0.01589,catalog,8912463562.763393,76311217.92086847,Selsis,-0.41633256502431165,-0.6495936100537489,linear,0.31707510514308795,0.8982902539017583,4.137153876871594e+23,1.5169564215195845e+24
1.86,1.264,catalog,0.36,771.7762452717325,59.4,16051.734047246251,0.01589,catalog,847442230.6661841,61526583.27803411,Selsis,-0.45724310987198263,-0.732085539267451,GP,0.2923867694043846,0.5807800726507565,9.770967786207337e+21,3.5826881882760233e+22
1.86,1.264,catalog,0.36,771.7762452717325,59.4,441.1872448070098,0.01589,catalog,9187849581.719778,66615224.017853394,Jackson,-0.30210351947637043,-0.7048907254797534,linear,0.24937242675792332,0.29946103294569326,3.396441542993251e+23,1.2453618990975253e+24
1.86,1.264,catalog,0.36,771.7762452717325,59.4,2397.2965401063484,0.01589,catalog,1699312517.1082127,36040569.96435974,Jackson,-0.34883189299064105,-0.7686618375950849,GP,0.13191023936407434,0.260700381070443,1.0403160357608257e+22,3.814492131123027e+22
1.86,1.264,catalog,0.36,771.7762452717325,59.4,2851.7247247640676,0.01589,catalog,1452403147.6775851,3895721.3021375895,Jackson,-0.2873745455359451,-0.6665099045191707,GP,0.10333488702747322,0.7883879157146235,1.8468256770829998e+22,6.771694149304333e+22
1.86,1.264,catalog,0.36,771.7762452717325,59.4,537.802283561323,0.01589,catalog,7400436159.180353,54698770.713571034,Jackson,-0.28529444445069946,-0.612766830529103,linear,0.49350837044923884,0.8264565132393497,4.2462690028830294e+23,1.5569653010571108e+24
1.86,1.264,catalog,0.36,771.7762452717325,59.4,650.0995428656623,0.01589,catalog,6049763707.504385,43491910.50392268,Jackson,-0.49213380774229704,-0.6889594511561264,log,0.13573336971060856,0.6432106516752327,1.020990649891025e+22,3.743632382933758e+22
1.86,1.264,catalog,0.36,771.7762452717325,59.4,2600.0335314169374,0.01589,catalog,3160733853.7068434,33000660.02536238,Selsis,-0.3037302767271222,-0.6729086165801207,GP,0.2768805197799914,0.9944044667015096,3.995332223331663e+22,1.464955148554943e+23
1.86,1.264,catalog,0.36,771.7762452717325,59.4,923.2354546783184,0.01589,catalog,7257653025.422788,37058015.167559795,Selsis,-0.37865283099094665,-0.6712294894989791,log,0.11897445084562659,0.9578376331793369,2.830113681649962e+22,1.0377083499383193e+23
1.86,1.264,catalog,0.36,771.7762452717325,59.4,855.1148559718981,0.01589,catalog,7751023264.8477,85265542.52303858,Selsis,-0.4282496067004823,-0.7081124525071387,linear,0.18378648790588842,0.021077976736126214,3.464897664386273e+23,1.2704624769416334e+24
1.86,1.264,catalog,0.36,771.7762452717325,59.4,10060.296295145488,0.01589,catalog,295444854.92755604,16785210.257109363,Jackson,-0.2851506597198031,-0.6561832118485423,log,0.13095823036439536,0.5563566177385535,4.5945892740170006e+21,1.6846827338062335e+22
1.86,1.264,catalog,0.36,771.7762452717325,59.4,4041.377423346809,0.01589,catalog,1066061175.7465637,84246325.16680583,Jackson,-0.28085635476214504,-0.6394824581872307,GP,0.1447521649505142,0.8148548391288932,1.396781751148231e+22,5.1215330875435135e+22
1.86,1.264,catalog,0.36,771.7762452717325,59.4,898.8927160798439,0.01589,catalog,4336399362.390683,7377409.285588624,Jackson,-0.3814391563671283,-0.7368113984074568,log,0.49106234335517324,0.8615134753240812,1.1984521595393545e+22,4.394324584977633e+22
1.86,1.264,catalog,0.36,771.7762452717325,59.4,10762.7873538338,0.01589,catalog,1131952008.7659035,73900636.51815836,Selsis,-0.4255385284801315,-0.6120896245977431,log,0.36740265433252983,0.2204452780043482,1.2172239622109496e+22,4.4631545281068145e+22
1.86,1.264,catalog,0.36,771.7762452717325,59.4,820.0472762840539,0.01589,catalog,4758892423.777136,37477993.49121996,Jackson,-0.4314720960213045,-0.6925354623524854,GP,0.10676893365701885,0.6713930380930783,1.1084184867455673e+22,4.06420111806708e+22
1.86,1.264,catalog,0.36,771.7762452717325,59.4,2769.587560149008,0.01589,catalog,3014039002.0845923,16455492.610997261,Selsis,-0.3813075205038259,-0.659672358433254,log,0.05031128965412986,0.3994639508002069,2.2233658193008315e+22,8.152341337436381e+22
1.86,1.264,catalog,0.36,771.7762452717325,59.4,2211.605839521984,0.01589,catalog,3574465713.6575503,26583522.494164772,Selsis,-0.37230180948018543,-0.6391719122916429,linear,0.13455102501320787,0.9722829681671317,3.9191934951535425e+23,1.4370376148896322e+24
1.86,1.264,catalog,0.36,771.7762452717325,59.4,772.1000054755546,0.01589,catalog,8468844737.485252,59457673.52139262,Selsis,-0.40079474676062393,-0.794291600292929,log,0.06019231242925713,0.19012074014892488,2.3891288864114096e+22,8.760139250175168e+22
1.86,1.264,catalog,0.36,771.7762452717325,59.4,1159.7533975985505,0.01589,catalog,5987845266.314513,79488145.21231471,Selsis,-0.3799557899220002,-0.6152733909172245,linear,0.17449921432550397,0.4954730402585775,4.523578517499197e+23,1.6586454564163722e+24
1.86,1.264,catalog,0.36,771.7762452717325,59.4,1425.8656688293222,0.01589,catalog,2758482011.517567,69080949.9790776,Jackson,-0.42437067877916596,-0.6357393612537626,linear,0.060720624393597496,0.6305639015608202,1.453794885701379e+23,5.330581247571723e+23
1.86,1.264,catalog,0.36,771.7762452717325,59.4,500.96534300005726,0.01589,catalog,7991120804.093404,41012571.42503804,Jackson,-0.3139471590772133,-0.7820177765039462,GP,0.17367108099584652,0.5658289170608194,2.0935592088625102e+22,7.676383765829204e+22
1.86,1.264,catalog,0.36,771.7762452717325,59.4,2223.502630619809,0.01589,catalog,3559700962.9228196,78326445.44365473,Selsis,-0.37774352833124186,-0.7865502192532126,log,0.3252184475162331,0.7682908013221434,2.0504029491990016e+22,7.518144147063006e+22
1.86,1.264,catalog,0.36,771.7762452717325,59.4,1344.7009915519982,0.01589,catalog,2917906018.4008236,22557607.656105082,Jackson,-0.4193989880585869,-0.7828688362441332,linear,0.0851865337441885,0.5787879427714984,1.2939698656781746e+23,4.744556174153307e+23
1.86,1.264,catalog,0.36,771.7762452717325,59.4,701.0057774635577,0.01589,catalog,9218479232.173077,74563847.81796786,Selsis,-0.31334861226735355,-0.6211689009582619,log,0.07128900658955645,0.610148139377945,4.4088091123868796e+22,1.6165633412085223e+23
1.86,1.264,catalog,0.36,771.7762452717325,59.4,6056.494694641404,0.01589,catalog,751381238.836792,58714749.19266384,Jackson,-0.3344350469365781,-0.6761579020703489,linear,0.06563304586332488,0.8376263954740666,9.981071979515869e+22,3.659726392489152e+23
1.86,1.264,catalog,0.36,771.7762452717325,59.4,992.8014476338072,0.01589,catalog,3925661128.266422,92110360.14242382,Jackson,-0.33952119603274594,-0.7889055158101419,GP,0.13051208697373737,0.11447125102090838,1.3396870323867245e+22,4.912185785417989e+22
1.86,1.264,catalog,0.36,771.7762452717325,59.4,450.73915670351886,0.01589,catalog,8972549819.704893,75753049.51980221,Jackson,-0.48325979224328386,-0.6135398452987719,log,0.1598495748894394,0.7853142429111308,1.5256042573389422e+22,5.593882276909455e+22
1.86,1.264,catalog,0.36,771.7762452717325,59.4,439.8085593148537,0.01589,catalog,9219799520.123924,64556705.555040464,Jackson,-0.43924068618162565,-0.6652733113313809,linear,0.07376760911497432,0.49474395690221606,1.9616426690531866e+23,7.19268978652835e+23
1.86,1.264,catalog,0.36,771.7762452717325,59.4,2450.8551795514654,0.01589,catalog,1665485964.7805872,27756574.749369845,Jackson,-0.4023339322623153,-0.7354500284797775,GP,0.2469954387255515,0.6897507041881334,8.333693345110177e+21,3.0556875598737313e+22
1.86,1.264,catalog,0.36,771.7762452717325,59.4,1005.3504464047473,0.01589,catalog,6750591937.67282,22146966.32775192,Selsis,-0.47526935923510877,-0.6613218080209912,log,0.15823601594114547,0.6232735205522306,2.3222324885289748e+22,8.514852457939573e+22
1.86,1.264,catalog,0.36,771.7762452717325,59.4,3120.626525374131,0.01589,catalog,2757021696.535436,7995923.005909744,Selsis,-0.49376038400863337,-0.6107719122742982,log,0.089911925903557,0.3499708908691881,2.01634287099372e+22,7.39325719364364e+22
1.86,1.264,catalog,0.36,771.7762452717325,59.4,1215.3228279548068,0.01589,catalog,5759535319.637137,30008238.04278961,Selsis,-0.4424777495434482,-0.7810058865173704,log,0.05252573035227342,0.3131185229617782,2.0345679944996413e+22,7.460082646498684e+22
1.86,1.264,catalog,0.36,771.7762452717325,59.4,16635.499544426508,0.01589,catalog,357474408.4448607,32612981.5571689,Selsis,-0.39944994081535223,-0.6311495071996784,log,0.23439977927160693,0.1609670958186118,4.4308982208681806e+21,1.6246626809849995e+22
1.86,1.264,catalog,0.36,771.7762452717325,59.4,5374.97837174742,0.01589,catalog,832341880.6224716,82377470.15671763,Jackson,-0.4191718980231732,-0.6863438042536611,log,0.131515055052285,0.1791234380805531,4.6535714073653024e+21,1.7063095160339442e+22
1.86,1.264,catalog,0.36,771.7762452717325,59.4,1706.9780707790196,0.01589,catalog,2326174994.332312,7846153.077853795,Jackson,-0.3106275232930944,-0.7304936917558776,linear,0.14503292620645647,0.23139160038687068,2.238926396600891e+23,8.2093967875366e+23
1.86,1.264,catalog,0.36,771.7762452717325,59.4,1759.6487282202572,0.01589,catalog,4271759409.2350693,8336628.686800932,Selsis,-0.32960338477586865,-0.6739159813588532,GP,0.22787898135596799,0.10713669382169211,3.793659274077694e+22,1.3910084004951543e+23
1.86,1.264,catalog,0.36,771.7762452717325,59.4,442.0598450197628,0.01589,catalog,9167744264.125216,44345244.61478343,Jackson,-0.325193321810362,-0.6553827182340645,linear,0.3519704551410149,0.6128329523382199,3.201860426475342e+23,1.1740154897076253e+24
1.86,1.264,catalog,0.36,771.7762452717325,59.4,607.6016365309952,0.01589,catalog,6496491876.580206,53110558.56541206,Jackson,-0.4647365623737673,-0.6225635624795103,log,0.11377702873653196,0.3477383103022381,1.348912393893546e+22,4.946012110943002e+22
1.86,1.264,catalog,0.36,771.7762452717325,59.4,4900.5325396061435,0.01589,catalog,1978481003.8536994,31715371.13769745,Selsis,-0.3101130202991528,-0.7063196318658083,log,0.24120836780415866,0.7326759116685854,2.471353963688506e+22,9.061631200191188e+22
1.86,1.264,catalog,0.36,771.7762452717325,59.4,2165.1952002580615,0.01589,catalog,1865261025.1020453,2436261.353456012,Jackson,-0.28477043694740856,-0.6449872068323471,GP,0.23967464307751815,0.9920922183159299,2.1529504642488896e+22,7.894151702245929e+22
1.86,1.264,catalog,0.36,771.7762452717325,59.4,526.321769249739,0.01589,catalog,7574667156.608578,46540635.73852741,Jackson,-0.40862557403824223,-0.6646265212596977,GP,0.09362765689543201,0.5681230059433818,1.4673604929063509e+22,5.380321807323286e+22
1.86,1.264,catalog,0.36,771.7762452717325,59.4,683.8827995622785,0.01589,catalog,5737657164.789291,74203946.65860102,Jackson,-0.38640467078629925,-0.7855104506616266,GP,0.0790709822469045,0.3994221825522051,1.1993534281817715e+22,4.397629236666496e+22
1.86,1.264,catalog,0.36,771.7762452717325,59.4,855.0366600848282,0.01589,catalog,4561146959.278154,58223337.228207,Jackson,-0.4057449311679717,-0.6621395098190106,GP,0.3952584077708604,0.2901659684818523,1.2183699045100403e+22,4.4673563165368145e+22
1.86,1.264,catalog,0.36,771.7762452717325,59.4,3357.1976433808463,0.01589,catalog,1255507054.3381689,5344253.956189876,Jackson,-0.4536792026259355,-0.6745024330146422,log,0.08393808152723894,0.2630763990004721,6.817823878933859e+21,2.4998687556090815e+22
1.86,1.264,catalog,0.36,771.7762452717325,59.4,2250.382112354066,0.01589,catalog,1800369586.0011706,3547338.6686001234,Jackson,-0.45559481884251335,-0.7294132639290113,log,0.06097282133615028,0.225938612140414,7.467242638560311e+21,2.737988967472114e+22
1.86,1.264,catalog,0.36,771.7762452717325,59.4,1753.4787273302327,0.01589,catalog,4283596178.4487085,94394250.63922119,Selsis,-0.42812008274040275,-0.7958682178773783,GP,0.07636047383339149,0.4494797744763228,2.070818266135618e+22,7.593000309163931e+22
1.86,1.264,catalog,0.36,771.7762452717325,59.4,957.5982698201294,0.01589,catalog,7035062121.519767,95701801.67728178,Selsis,-0.42136380680813956,-0.7360155944936314,log,0.35000321680777496,0.19186802560555793,2.18696160454687e+22,8.018859216671856e+22
1.86,1.264,catalog,0.36,771.7762452717325,59.4,837.6190663117858,0.01589,catalog,4657378269.679752,2152186.4065304194,Jackson,-0.4786546144170202,-0.6406260315430328,log,0.37480102430803736,0.1769591392987081,1.1946360485596583e+22,4.38033217805208e+22
1.86,1.264,catalog,0.36,771.7762452717325,59.4,2033.5765089462068,0.01589,catalog,3814528032.681143,66736462.91488893,Selsis,-0.47587201062573425,-0.6398300825047584,log,0.3625361118765825,0.017536201786590877,1.9798959987623998e+22,7.259618662128799e+22
1.86,1.264,catalog,0.36,771.7762452717325,59.4,471.53691032464025,0.01589,catalog,8537648960.886645,53078392.50786974,Jackson,-0.3630627419606133,-0.7121840968416718,GP,0.11543411940248878,0.34342614794847837,1.667310752845997e+22,6.113472760435322e+22
1.86,1.264,catalog,0.36,771.7762452717325,59.4,3783.5170828166556,0.01589,catalog,1129605768.529993,73168844.47126053,Jackson,-0.3633256469009611,-0.6219523795399209,GP,0.40870305073468993,0.030677475324221715,8.892325088883761e+21,3.260519199257379e+22
1.86,1.264,catalog,0.36,771.7762452717325,59.4,5290.788144616665,0.01589,catalog,1871734999.3775916,23271554.612855844,Selsis,-0.4617988083638635,-0.6411139050435666,log,0.4354463194575865,0.2248131272697632,1.5856023991407044e+22,5.813875463515916e+22
1.86,1.264,catalog,0.36,771.7762452717325,59.4,1961.4856417634849,0.01589,catalog,2043369117.960411,15149336.107916363,Jackson,-0.4458904400806255,-0.6764563028235252,log,0.14891404763923244,0.4628697548986218,8.156146099164134e+21,2.990586903026849e+22
1.86,1.264,catalog,0.36,771.7762452717325,59.4,10063.85823347112,0.01589,catalog,421686986.0532662,78405287.06962779,Jackson,-0.38377718111746684,-0.6333758775283272,GP,0.26584736442939777,0.11285930329870608,3.4691872054371166e+21,1.272035308660276e+22
1.86,1.264,catalog,0.36,771.7762452717325,59.4,1182.147942347763,0.01589,catalog,3305398561.658318,47141278.63166328,Jackson,-0.35304135181614965,-0.6723804697835851,linear,0.07627930128965861,0.40340600757627276,1.8930975380862588e+23,6.941357639649616e+23
1.86,1.264,catalog,0.36,771.7762452717325,59.4,1321.7235633353068,0.01589,catalog,2966704497.0223703,24683655.58618188,Jackson,-0.29203736068875924,-0.6879338995433558,GP,0.14582071172873398,0.7186083036916503,2.0667647417174335e+22,7.578137386297256e+22
1.86,1.264,catalog,0.36,771.7762452717325,59.4,2106.9627043245864,0.01589,catalog,1912644953.303275,41149422.75820676,Jackson,-0.29926167802006015,-0.71941640697646,GP,0.06549753471457989,0.24653832986382462,1.5796630572972238e+22,5.7920978767564866e+22
1.86,1.264,catalog,0.36,771.7762452717325,59.4,3945.390598553073,0.01589,catalog,1088769506.1406488,17230233.844065633,Jackson,-0.4325538873325295,-0.7440554387684354,linear,0.3746880836562778,0.0061662040460418455,8.998730194803584e+22,3.299534404761314e+23
1.86,1.264,catalog,0.36,771.7762452717325,59.4,2907.9733061694456,0.01589,catalog,1427160304.3191273,93819293.46391167,Jackson,-0.43537630746258066,-0.7748572828842764,log,0.11212386175984466,0.0013980468180982975,5.671662042275424e+21,2.079609415500989e+22
1.86,1.264,catalog,0.36,771.7762452717325,59.4,2564.167245617767,0.01589,catalog,3194037694.689457,55559900.67389382,Selsis,-0.416347325457057,-0.6827784879844535,log,0.05655456643209707,0.7491774460608902,1.9121685394581266e+22,7.011284644679797e+22
1.86,1.264,catalog,0.36,771.7762452717325,59.4,728.6548451371917,0.01589,catalog,5372208719.078676,48929435.70398184,Jackson,-0.3065602708708919,-0.714853663790962,log,0.16877716830287756,0.6779670503556846,1.8664540489198235e+22,6.843664846039353e+22
1.86,1.264,catalog,0.36,771.7762452717325,59.4,4966.803785227264,0.01589,catalog,1959297846.5792155,69959442.17996313,Selsis,-0.45484839611564665,-0.7299838630342133,GP,0.0809653892825356,0.977975716242645,1.6412519961491923e+22,6.017923985880371e+22
1.86,1.264,catalog,0.36,771.7762452717325,59.4,685.157004255695,0.01589,catalog,5726539508.7461,5767065.941005164,Jackson,-0.33308769384260295,-0.7478674625235361,log,0.22148273242256197,0.4488856597173775,1.6648398401773716e+22,6.104412747317029e+22
1.86,1.264,catalog,0.36,771.7762452717325,59.4,2411.3445304486922,0.01589,catalog,1690295310.9467657,14485937.878871182,Jackson,-0.4359967679238432,-0.6646271138962752,log,0.2910842539277094,0.654888800063092,7.86183750867534e+21,2.8826737531809576e+22
1.86,1.264,catalog,0.36,771.7762452717325,59.4,871.820472532981,0.01589,catalog,4472291677.636062,92043708.18372363,Jackson,-0.38520960367060997,-0.612853592665324,linear,0.10701570333100112,0.6720727299358604,2.0711905363361656e+23,7.594365299899274e+23
1.86,1.264,catalog,0.36,771.7762452717325,59.4,3334.3162274987894,0.01589,catalog,2624871530.638757,47004412.37684014,Selsis,-0.39880436379914785,-0.741535049560565,log,0.15605620832604156,0.1665977571185614,1.7942969299112844e+22,6.579088743008043e+22
1.86,1.264,catalog,0.36,771.7762452717325,59.4,6615.593917845002,0.01589,catalog,1594108462.0357711,97868484.20355089,Selsis,-0.3384230403383189,-0.7600296752289282,GP,0.06935289516101338,0.19723011208095675,2.1327009665286163e+22,7.81990354393826e+22
1.86,1.264,catalog,0.36,771.7762452717325,59.4,1230.8438844295051,0.01589,catalog,5699333234.013061,50767136.25254405,Selsis,-0.3516751164899952,-0.7089036660668581,linear,0.22091189499309924,0.7192101434641867,4.363431385555368e+23,1.5999248413703015e+24
1.86,1.264,catalog,0.36,771.7762452717325,59.4,2168.7697390810063,0.01589,catalog,3628873576.394237,44820720.33483224,Selsis,-0.3841300227337504,-0.718979942773295,GP,0.17655179542299934,0.08044321756183104,2.4886479835952394e+22,9.125042606515877e+22
1.86,1.264,catalog,0.36,771.7762452717325,59.4,1080.6678456854445,0.01589,catalog,3609224444.0134754,21599838.22514708,Jackson,-0.37102707376198796,-0.6498582719845161,log,0.0649833574374996,0.05563756194452529,1.29754729654429e+22,4.7576734206623964e+22
1.86,1.264,catalog,0.36,771.7762452717325,59.4,2226.0686909198403,0.01589,catalog,3556535522.0094404,49879939.793229565,Selsis,-0.36343646674394103,-0.7900157330670411,GP,0.4399574047391715,0.9842795455735547,2.6104192583535195e+22,9.571537280629572e+22
1.86,1.264,catalog,0.36,771.7762452717325,59.4,4605.759907975986,0.01589,catalog,2069773097.117355,37794421.546649575,Selsis,-0.3184679260823394,-0.693391590596651,linear,0.38613190892534605,0.5870880319139044,3.9004717461178685e+23,1.4301729735765519e+24
1.86,1.264,catalog,0.36,771.7762452717325,59.4,1267.8916675610876,0.01589,catalog,3088189419.6342916,14881385.86306888,Jackson,-0.43605928743629546,-0.6144514859637259,linear,0.10220350561304206,0.280810118947147,1.739769563730705e+23,6.379155067012585e+23
1.86,1.264,catalog,0.36,771.7762452717325,59.4,913.6603990816718,0.01589,catalog,4265874058.861688,4716109.878536403,Jackson,-0.4035010039264165,-0.6035144120739744,GP,0.22701263191321386,0.623264561034068,1.6408361837830087e+22,6.016399340537698e+22
1.86,1.264,catalog,0.36,771.7762452717325,59.4,5887.404834433924,0.01589,catalog,769788230.8987083,74891991.99751957,Jackson,-0.36134028244062816,-0.724575835480822,log,0.37209364204369644,0.8482490303535805,5.223369193892134e+21,1.9152353710937825e+22
1.86,1.264,catalog,0.36,771.7762452717325,59.4,343.05403475036957,0.01589,catalog,12213268926.410292,5173632.178793934,Jackson,-0.28640479521827517,-0.7998348121543432,GP,0.07230860878642427,0.41025081647416106,3.151991244104263e+22,1.1557301228382296e+23
1.86,1.264,catalog,0.36,771.7762452717325,59.4,6379.967377273495,0.01589,catalog,1636010660.2225473,5865086.24694127,Selsis,-0.33105958497915805,-0.6542450801281586,linear,0.14385307073916165,0.808749201215511,3.5951233162510586e+23,1.3182118826253882e+24
1.86,1.264,catalog,0.36,771.7762452717325,59.4,451.6920793966178,0.01589,catalog,8951634711.96184,60461834.030667245,Jackson,-0.3284663453152595,-0.7510198002643601,linear,0.2260658526328931,0.6793317142425832,2.69260747614634e+23,9.872894079203246e+23
1.86,1.264,catalog,0.36,771.7762452717325,59.4,382.85895944491233,0.01589,catalog,10771307302.529118,43130154.25722657,Jackson,-0.4650042850077008,-0.673665291378448,linear,0.35950064627061296,0.26531484087833135,1.943155001019435e+23,7.124901670404595e+23
1.86,1.264,catalog,0.36,771.7762452717325,59.4,394.3689222940839,0.01589,catalog,10416330944.487017,81580069.54896387,Jackson,-0.34466663436968276,-0.705477546288627,log,0.4198335563513637,0.38769810228281965,1.7764863831529415e+22,6.513783404894119e+22
1.86,1.264,catalog,0.36,771.7762452717325,59.4,769.8107095695624,0.01589,catalog,8490824170.297,59564845.18862722,Selsis,-0.47859860731697473,-0.6764118023748564,linear,0.08521082371697569,0.7163415954314007,3.475065768052087e+23,1.2741907816190985e+24
1.86,1.264,catalog,0.36,771.7762452717325,59.4,1517.8729119049294,0.01589,catalog,4803088415.748625,11887268.5797295,Selsis,-0.4899573297948722,-0.7301933752681723,linear,0.465809241570104,0.8918850310815606,2.966552449439677e+23,1.0877358981278815e+24
1.86,1.264,catalog,0.36,771.7762452717325,59.4,3175.2959390152723,0.01589,catalog,2721675932.461809,54729978.810455784,Selsis,-0.4022631510017501,-0.7843837437423422,GP,0.11702350971152573,0.023158734748540688,2.0619287159838863e+22,7.560405291940917e+22
1.86,1.264,catalog,0.36,771.7762452717325,59.4,1403.068613757356,0.01589,catalog,2801344376.632709,78914032.72702353,Jackson,-0.32935082597406534,-0.6090842370346047,GP,0.20876325156740516,0.47547052743050766,1.6472854275057644e+22,6.040046567521136e+22
1.86,1.264,catalog,0.36,771.7762452717325,59.4,552.1004930867651,0.01589,catalog,7194655000.882902,68474692.44645408,Jackson,-0.3324287663012314,-0.6252991863541353,linear,0.08616392706255431,0.3812807925566628,3.0042266489898173e+23,1.1015497712962663e+24
1.86,1.264,catalog,0.36,771.7762452717325,59.4,1838.5476483861148,0.01589,catalog,2170092294.9697328,65366391.143584736,Jackson,-0.45576620707530946,-0.6535609776832774,log,0.21455507287728265,0.816819716797448,7.929677202354808e+21,2.907548307530096e+22
1.86,1.264,catalog,0.36,771.7762452717325,59.4,6753.029624690515,0.01589,catalog,1570869493.1417747,94577403.20478567,Selsis,-0.44839241400791097,-0.7570901120469808,linear,0.1649720352369063,0.7816468288694005,1.9227593872726517e+23,7.050117753333056e+23
1.86,1.264,catalog,0.36,771.7762452717325,59.4,2140.07933138982,0.01589,catalog,1885380771.6244295,61830351.897203304,Jackson,-0.31536445927032936,-0.6187298040469706,linear,0.057743913919646395,0.9289763355291966,2.0327327169896105e+23,7.453353295628572e+23
1.86,1.264,catalog,0.36,771.7762452717325,59.4,484.6135806846639,0.01589,catalog,8285611174.643522,26892051.01243259,Jackson,-0.3433370435056397,-0.7644937157750656,log,0.07454780025504751,0.6843257100967436,1.6500945135221684e+22,6.050346549581284e+22
1.86,1.264,catalog,0.36,771.7762452717325,59.4,1028.987683139652,0.01589,catalog,3788458447.0643983,2983733.222872471,Jackson,-0.3437508106741612,-0.7253255371369215,log,0.11309162532535823,0.9675433202781032,1.4173571661606863e+22,5.1969762759225165e+22
1.86,1.264,catalog,0.36,771.7762452717325,59.4,438.4883911809806,0.01589,catalog,9250606587.439365,44371593.495126516,Jackson,-0.46310082315865275,-0.6150427833130439,linear,0.07341135681449051,0.9996638705982281,2.3527706124609204e+23,8.626825579023374e+23
1.86,1.264,catalog,0.36,771.7762452717325,59.4,1616.1640658187061,0.01589,catalog,4568979382.142507,46121649.53474367,Selsis,-0.29786555283531824,-0.7296367660657369,GP,0.06258572143408082,0.6323300759739006,4.4212392624298045e+22,1.6211210628909282e+23
1.86,1.264,catalog,0.36,771.7762452717325,59.4,2539.3560445620633,0.01589,catalog,3217581131.1128874,7772944.359126786,Selsis,-0.3043480842417123,-0.7928568508695499,linear,0.11476681032196563,0.03546262208757256,5.177652472472071e+23,1.898472573239759e+24
1.86,1.264,catalog,0.36,771.7762452717325,59.4,3438.391956834341,0.01589,catalog,2565928676.8858533,70165952.0276033,Selsis,-0.4248401069418353,-0.6683466109828673,GP,0.22950172318993747,0.2693235775407683,2.04483026402205e+22,7.4977109680808505e+22
1.86,1.264,catalog,0.36,771.7762452717325,59.4,1386.8382279653838,0.01589,catalog,2832743424.9341936,38893187.02295967,Jackson,-0.35077274728936997,-0.6451307002945615,GP,0.30193818051959476,0.2664115530223792,1.4086982713911053e+22,5.165226995100719e+22
1.86,1.264,catalog,0.36,771.7762452717325,59.4,3018.911233752684,0.01589,catalog,2825876483.7171574,44891815.33254914,Selsis,-0.3076732395807755,-0.7121878261892848,GP,0.1410030647579588,0.778150663141966,3.5900389179799946e+22,1.3163476032593313e+23
1.86,1.264,catalog,0.36,771.7762452717325,59.4,3414.160052783207,0.01589,catalog,2579361247.558386,6671864.66577612,Selsis,-0.33195971664724266,-0.6490493533045573,linear,0.07957807550969714,0.7042229420777757,4.334593577760213e+23,1.589350978512078e+24
1.86,1.264,catalog,0.36,771.7762452717325,59.4,2445.3440162452607,0.01589,catalog,1668898606.8927612,14449933.027525207,Jackson,-0.38531324784162885,-0.6658031162039997,GP,0.3263180945865702,0.24299052476166016,1.0081917017578919e+22,3.6967029064456034e+22
1.86,1.264,catalog,0.36,771.7762452717325,59.4,6016.400435869267,0.01589,catalog,1706353675.544045,50900085.72190475,Selsis,-0.46437073937396006,-0.7409723467375318,GP,0.158294907136405,0.17500104954925855,1.5562368555037806e+22,5.7062018035138616e+22
1.86,1.264,catalog,0.36,771.7762452717325,59.4,1893.2308388432912,0.01589,catalog,4033307204.1092634,18222482.853243284,Selsis,-0.45341638100357673,-0.7585792479799894,linear,0.29869398585542684,0.3191993655156259,2.899091890372622e+23,1.0630003598032948e+24
1.86,1.264,catalog,0.36,771.7762452717325,59.4,1408.4619402714684,0.01589,catalog,5101750322.5211735,90403983.33353214,Selsis,-0.4419730826478346,-0.6958555711965095,log,0.26567629904790174,0.18798032653432506,2.016913298357967e+22,7.3953487606458786e+22
1.86,1.264,catalog,0.36,771.7762452717325,59.4,16426.770381750714,0.01589,catalog,812785351.3489251,34936527.9110687,Selsis,-0.461184936211413,-0.7396896439735738,linear,0.06718671837037792,0.9784906009698556,1.2978904539433652e+23,4.7589316644590056e+23
1.86,1.264,catalog,0.36,771.7762452717325,59.4,3053.2752090758045,0.01589,catalog,2802147182.8926864,77264831.12202562,Selsis,-0.3458487396890353,-0.6811404553378971,log,0.09542091848664645,0.13549269414932552,2.277771873469167e+22,8.351830202720279e+22
1.86,1.264,catalog,0.36,771.7762452717325,59.4,1468.9146869928074,0.01589,catalog,2681265464.7756743,66119284.76634725,Jackson,-0.454467921413069,-0.6027069897326766,GP,0.3890375131536833,0.4963098401643684,1.1202598992073151e+22,4.107619630426822e+22
1.86,1.264,catalog,0.36,771.7762452717325,59.4,1659.1398203862673,0.01589,catalog,4474876638.403575,14043510.379397443,Selsis,-0.459991580236341,-0.7644916062428133,log,0.3149673668326427,0.5497446437044986,1.917422578377337e+22,7.030549454050235e+22
1.86,1.264,catalog,0.36,771.7762452717325,59.4,1445.6632760876068,0.01589,catalog,4994493557.46178,57341318.00549831,Selsis,-0.41804108700917225,-0.6856268599387867,linear,0.05169911668565895,0.7434557832827676,3.359456716788815e+23,1.231800796155899e+24
1.86,1.264,catalog,0.36,771.7762452717325,59.4,1302.3914179488593,0.01589,catalog,5439754316.166587,60266241.60883643,Selsis,-0.48743783702542026,-0.7639384525447108,log,0.15099707199523732,0.45626423265352467,1.8425195632133396e+22,6.755905065115578e+22
1.86,1.264,catalog,0.36,771.7762452717325,59.4,1791.599422033542,0.01589,catalog,4211690849.765897,85039463.82220168,Selsis,-0.3279987638714431,-0.7987816292258947,linear,0.22956933051084688,0.4782754792001497,4.32639786959959e+23,1.5863458855198496e+24
1.86,1.264,catalog,0.36,771.7762452717325,59.4,3206.64716571938,0.01589,catalog,2701901145.047234,51415075.93309422,Selsis,-0.3246932455958934,-0.6033306126224468,log,0.18520197892406257,0.8881563736262775,2.8506091529894703e+22,1.045223356096139e+23
1.86,1.264,catalog,0.36,771.7762452717325,59.4,450.384401841781,0.01589,catalog,8980361641.32779,29430085.74104925,Jackson,-0.3532061245949437,-0.6464593822940244,GP,0.13484324513438323,0.5518403012466998,2.0331080401757938e+22,7.454729480644577e+22
1.86,1.264,catalog,0.36,771.7762452717325,59.4,3251.276870771829,0.01589,catalog,2674349391.6045804,53891617.54810676,Selsis,-0.49902656676932583,-0.7602506252541631,GP,0.2811057688544718,0.4760495192586217,1.7333166984272581e+22,6.355494560899946e+22
1.86,1.264,catalog,0.36,771.7762452717325,59.4,2585.2117309916134,0.01589,catalog,3174393902.964347,83788033.19117898,Selsis,-0.4634460048368109,-0.7556166186410515,linear,0.06826386115957045,0.9169837679063894,2.496549807235676e+23,9.154015959864145e+23
1.86,1.264,catalog,0.36,771.7762452717325,59.4,1538.8109479903487,0.01589,catalog,4750846469.672966,15906447.694207327,Selsis,-0.2882994600015275,-0.790647826329588,linear,0.40772508664390017,0.7666472299194454,6.458381470101354e+23,2.36807320570383e+24
1.86,1.264,catalog,0.36,771.7762452717325,59.4,805.5513443948631,0.01589,catalog,4846208178.537875,37350829.93336717,Jackson,-0.36669822762568177,-0.6846416530728717,log,0.20520578034902923,0.11602537561111392,1.3407437612390503e+22,4.916060457876518e+22
1.86,1.264,catalog,0.36,771.7762452717325,59.4,934.625229339445,0.01589,catalog,4169809117.355886,53582646.1796378,Jackson,-0.4129595668865128,-0.611592288134437,log,0.38795336347735404,0.04581459255634557,1.3055653559520473e+22,4.7870729718241736e+22
1.86,1.264,catalog,0.36,771.7762452717325,59.4,1923.2550949582092,0.01589,catalog,2081025836.1014132,55713984.61758217,Jackson,-0.3542062742501446,-0.7431851287341256,linear,0.45360833038093207,0.7579326288316879,1.4555536211116479e+23,5.3370299440760424e+23
1.86,1.264,catalog,0.36,771.7762452717325,59.4,688.4693397286891,0.01589,catalog,9366788543.979746,95902324.2722659,Selsis,-0.48583168335502463,-0.7122666357516325,linear,0.1944321735143259,0.43876683135649897,3.222434213113308e+23,1.1815592114748794e+24
1.86,1.264,catalog,0.36,771.7762452717325,59.4,2782.346385322779,0.01589,catalog,3003663863.78853,95170223.27718036,Selsis,-0.35605640730846466,-0.7556576144171294,linear,0.05024190349128616,0.8022813275751092,3.327640640950555e+23,1.22013490168187e+24
1.86,1.264,catalog,0.36,771.7762452717325,59.4,1362.5781948678182,0.01589,catalog,5241759946.238186,39812201.388149075,Selsis,-0.28335967029492903,-0.6139704437761121,log,0.060251853712228444,0.8663778970877074,4.65744395108965e+22,1.7077294487328718e+23
1.86,1.264,catalog,0.36,771.7762452717325,59.4,1147.095014430305,0.01589,catalog,3403924316.2685366,80870840.04667406,Jackson,-0.4634144161192279,-0.605644941611391,GP,0.32945135895943795,0.7257890818929373,1.1750171144803876e+22,4.308396086428087e+22
1.86,1.264,catalog,0.36,771.7762452717325,59.4,4819.670508630894,0.01589,catalog,2002526685.2067297,7287834.807775742,Selsis,-0.40891212836993435,-0.7080566879849093,log,0.22573715726001312,0.593581175773837,1.706701327346454e+22,6.257904866936998e+22
1.86,1.264,catalog,0.36,771.7762452717325,59.4,4751.837934095474,0.01589,catalog,2023262663.7950227,55404724.631680235,Selsis,-0.42856022771492547,-0.7643559897860398,GP,0.15411058607593364,0.9527305687661783,1.746542569492841e+22,6.40398942147375e+22
1.86,1.264,catalog,0.36,771.7762452717325,59.4,1647.3842577163816,0.01589,catalog,2405199873.9246645,19249727.740529623,Jackson,-0.45372440494455224,-0.6450009133270702,linear,0.16359345190171562,0.5939572730314969,1.3718376284700678e+23,5.030071304390248e+23
1.86,1.264,catalog,0.36,771.7762452717325,59.4,2467.158554528798,0.01589,catalog,1655479367.4505932,4305005.238654241,Jackson,-0.38592289275710223,-0.6592917455610989,linear,0.10964171561462065,0.978424840268202,1.440000141856382e+23,5.280000520140067e+23
1.86,1.264,catalog,0.36,771.7762452717325,59.4,1549.6449053222946,0.01589,catalog,4724340332.819947,91871596.79855548,Selsis,-0.29002897848507275,-0.7745794570133904,GP,0.06289514518892554,0.909730215151355,4.535696618433575e+22,1.6630887600923107e+23
1.86,1.264,catalog,0.36,771.7762452717325,59.4,810.6859492786691,0.01589,catalog,8117010465.103199,96630572.33767933,Selsis,-0.3860623825816025,-0.6178268742685298,linear,0.1684045052493579,0.46263091554180324,4.756123233247849e+23,1.743911852190878e+24
1.86,1.264,catalog,0.36,771.7762452717325,59.4,843.0883919462265,0.01589,catalog,4626703354.079694,96720847.38478254,Jackson,-0.49528429538739643,-0.6112098721657655,GP,0.1695770326709335,0.08669891774534699,1.2082275770646558e+22,4.430167782570405e+22
1.86,1.264,catalog,0.36,771.7762452717325,59.4,1120.1208085411963,0.01589,catalog,6164082030.541487,86334579.12875858,Selsis,-0.3276591003206089,-0.7839140937148209,GP,0.08488477813970738,0.41111266699152715,3.579910151432334e+22,1.3126337221918557e+23
1.86,1.264,catalog,0.36,771.7762452717325,59.4,2281.8825630933543,0.01589,catalog,3489529823.1413636,17980328.728119347,Selsis,-0.33825379185648596,-0.78561168901627,GP,0.10449655449690726,0.7210858777565273,3.1320138360456844e+22,1.1484050732167509e+23
1.86,1.264,catalog,0.36,771.7762452717325,59.4,1481.1367060118375,0.01589,catalog,2660181700.794703,13060189.395157047,Jackson,-0.33673964405820794,-0.6246857825804374,log,0.10628384148603344,0.332845676185592,1.4415199280687028e+22,5.285573069585243e+22
1.86,1.264,catalog,0.36,771.7762452717325,59.4,3940.2727659180655,0.01589,catalog,2320440990.852766,7870759.668948802,Selsis,-0.28664239607424935,-0.7518698126029113,GP,0.0662831074130088,0.4890014596461685,4.2336375437843575e+22,1.5523337660542643e+23
1.86,1.264,catalog,0.36,771.7762452717325,59.4,823.3087986200103,0.01589,catalog,4739699984.310449,49663649.79068572,Jackson,-0.30770562362342146,-0.7064622032251437,GP,0.096100918784436,0.4527892733135622,1.9771317648418253e+22,7.249483137753359e+22
1.86,1.264,catalog,0.36,771.7762452717325,59.4,16851.874269312986,0.01589,catalog,630493311.9201058,95758172.20954338,Selsis,-0.3920083405197552,-0.7060552491477817,linear,0.4742662176747562,0.0004402838987862534,1.0013772058295901e+23,3.671716421375164e+23
1.86,1.264,catalog,0.36,771.7762452717325,59.4,2490.364295812819,0.01589,catalog,1641461091.4301333,89683245.7665608,Jackson,-0.39383753014180345,-0.7579646988434698,GP,0.051131676501886714,0.6369088111329171,7.554307310110305e+21,2.7699126803737784e+22
1.86,1.264,catalog,0.36,771.7762452717325,59.4,651.884471027419,0.01589,catalog,6032390838.245852,71197030.2988017,Jackson,-0.4873090772433523,-0.6938621774771266,log,0.081873188154472,0.36194298363252975,9.873237459226644e+21,3.6201870683831026e+22
1.86,1.264,catalog,0.36,771.7762452717325,59.4,588.3583710122505,0.01589,catalog,6722142922.4571295,86238914.69696514,Jackson,-0.35822769315469344,-0.7610311465030717,linear,0.32793978512588096,0.9102871601844192,2.0084186837241387e+23,7.364201840321842e+23
1.86,1.264,catalog,0.36,771.7762452717325,59.4,779.9718665716994,0.01589,catalog,5008793865.768741,93549494.55855781,Jackson,-0.4190421378417718,-0.6087338955848921,log,0.12604397138723875,0.11619210392455459,1.3579006664666977e+22,4.9789691103778915e+22
1.86,1.264,catalog,0.36,771.7762452717325,59.4,1664.3672143598867,0.01589,catalog,2382093449.856845,78645214.87894262,Jackson,-0.3368863332488362,-0.7944633220616759,linear,0.05524453198384773,0.7296603824806017,1.6138814840686026e+23,5.917565441584876e+23
1.86,1.264,catalog,0.36,771.7762452717325,59.4,1240.619809682098,0.01589,catalog,3153900648.463966,94475870.92570007,Jackson,-0.37222958295245795,-0.6669048737368604,linear,0.2906473562527119,0.5722868981825848,1.6292511698765612e+23,5.973920956214058e+23
1.86,1.264,catalog,0.36,771.7762452717325,59.4,6222.427228407126,0.01589,catalog,1665593816.747766,94576112.525141,Selsis,-0.4027842088931893,-0.6145236281833125,GP,0.40252069400055324,0.8349316156822799,1.952756319104573e+22,7.160106503383434e+22
1.86,1.264,catalog,0.36,771.7762452717325,59.4,1776.6839663949445,0.01589,catalog,4239479816.0224214,40518621.53297939,Selsis,-0.3728923248921525,-0.6934667966898449,log,0.06366508110256429,0.38725749615844884,2.399099197215657e+22,8.796697056457409e+22
1.86,1.264,catalog,0.36,771.7762452717325,59.4,1928.0034058853928,0.01589,catalog,3976328514.4536786,5270056.277303994,Selsis,-0.4375893859671947,-0.6182426799420978,linear,0.07575652419632503,0.1455986909571767,3.76324308435769e+23,1.3798557975978196e+24
1.86,1.264,catalog,0.36,771.7762452717325,59.4,513.0080793362897,0.01589,catalog,7787609122.791185,24399604.776670594,Jackson,-0.41024872727935047,-0.633068575696165,GP,0.4430651369904245,0.2409665610820355,1.6540021907004064e+22,6.064674699234823e+22
1.86,1.264,catalog,0.36,771.7762452717325,59.4,1189.0949723671015,0.01589,catalog,5864718698.236711,95895091.88066298,Selsis,-0.43169428527220144,-0.7650116810223256,log,0.1962217876745439,0.5374544260010545,2.0015549933760778e+22,7.339034975712285e+22
1.86,1.264,catalog,0.36,771.7762452717325,59.4,3584.4444791500277,0.01589,catalog,2488459384.680778,26031277.83795192,Selsis,-0.31882590760768126,-0.7748107042476483,log,0.07087439766463996,0.4641037447883085,2.551343790637922e+22,9.354927232339046e+22
1.86,1.264,catalog,0.36,771.7762452717325,59.4,4264.653066865445,0.01589,catalog,1017090027.839066,20706159.37790826,Jackson,-0.47185410387294224,-0.7129653650433091,linear,0.25218538265361107,0.06060513575734239,8.23639558080823e+22,3.0200117129630176e+23
1.86,1.264,catalog,0.36,771.7762452717325,59.4,2262.2508610287628,0.01589,catalog,3512612211.9541574,64874256.75558724,Selsis,-0.3530030349300009,-0.71587633355021,GP,0.26576918023525364,0.48838067163043497,2.797719446495352e+22,1.0258304637149623e+23
1.86,1.264,catalog,0.36,771.7762452717325,59.4,1352.6018205863825,0.01589,catalog,5273407476.566856,9698432.71034319,Selsis,-0.47192896933146855,-0.6070832693054085,GP,0.07199947073813387,0.23272463098273222,2.9769646887921814e+22,1.0915537192237997e+23
1.86,1.264,catalog,0.36,771.7762452717325,59.4,1334.9562790043046,0.01589,catalog,2938389845.9594417,87856889.32797623,Jackson,-0.4028666863492327,-0.6982099529596874,linear,0.11614297324403697,0.5937592302921473,1.3475523666156467e+23,4.9410253442573715e+23
1.86,1.264,catalog,0.36,771.7762452717325,59.4,335.85634246313555,0.01589,catalog,12516649265.683798,30917570.97011417,Jackson,-0.43960547407986106,-0.6483916154270319,GP,0.3449787439692445,0.6534295053798986,1.8533429646405279e+22,6.795590870348602e+22
1.86,1.264,catalog,0.36,771.7762452717325,59.4,909.890326630238,0.01589,catalog,4283647630.3315926,86838077.6512696,Jackson,-0.29736446186643806,-0.7927912129609255,log,0.08840899858554056,0.15544071882036103,1.721800098551575e+22,6.313267028022441e+22
1.86,1.264,catalog,0.36,771.7762452717325,59.4,695.9751721440265,0.01589,catalog,9277346533.341665,48497285.08092189,Selsis,-0.3703239680301175,-0.6544099032644822,linear,0.21774323266778828,0.444364334192233,4.878188133739715e+23,1.7886689823712288e+24
1.86,1.264,catalog,0.36,771.7762452717325,59.4,832.6109751855073,0.01589,catalog,7931555421.198494,49199344.165567964,Selsis,-0.37366359219095047,-0.6311106726023876,GP,0.31266437675839026,0.02554408917568185,3.5935585385472997e+22,1.3176381308006765e+23
1.86,1.264,catalog,0.36,771.7762452717325,59.4,1960.2619343086515,0.01589,catalog,3925162325.2036467,53966383.07654999,Selsis,-0.3453578236822675,-0.723357317465122,log,0.061723096238076695,0.7832246267086495,2.554182523607583e+22,9.365335919894472e+22
1.86,1.264,catalog,0.36,771.7762452717325,59.4,497.07902946667457,0.01589,catalog,8059149884.818224,45136166.67614531,Jackson,-0.36223992024063184,-0.7046931394150631,log,0.2855983013576532,0.117215819949269,1.5456760747251267e+22,5.667478940658798e+22
1.86,1.264,catalog,0.36,771.7762452717325,59.4,1105.3838062802415,0.01589,catalog,3529710176.3596854,1568201.6143692336,Jackson,-0.4813896827175891,-0.6940939492079241,linear,0.24297920267933032,0.48440659699267963,1.4300800674013218e+23,5.2436269138048466e+23
1.86,1.264,catalog,0.36,771.7762452717325,59.4,1022.0580879274567,0.01589,catalog,6657216017.502298,83023828.79649884,Selsis,-0.3689763812316028,-0.7584842876170615,linear,0.3309279646982311,0.6357276594228446,3.933360405939114e+23,1.442232148844342e+24
1.86,1.264,catalog,0.36,771.7762452717325,59.4,928.6365887915127,0.01589,catalog,4196781227.92073,66416301.8162486,Jackson,-0.3239378824590054,-0.7231031896465038,GP,0.1467249935477571,0.5294995590535142,1.6292772568153803e+22,5.974016608323061e+22
1.86,1.264,catalog,0.36,771.7762452717325,59.4,968.1134044359014,0.01589,catalog,6970057350.379186,24574809.229518786,Selsis,-0.29165337727655116,-0.7057059560867968,GP,0.23341743492304176,0.8874020201208379,5.3296024626873925e+22,1.954187569652044e+23
1.86,1.264,catalog,0.36,771.7762452717325,59.4,752.0907772765414,0.01589,catalog,5199611198.678696,46361792.0112622,Jackson,-0.4707981967777581,-0.7630112860045407,GP,0.17672409644558737,0.7392387622213275,9.77493287812902e+21,3.5841420553139735e+22
1.86,1.264,catalog,0.36,771.7762452717325,59.4,2925.526142007195,0.01589,catalog,2892922246.958412,80719772.0449297,Selsis,-0.4767924790886618,-0.602602210938243,GP,0.28354617615542155,0.034991420579758126,2.3085644237083026e+22,8.464736220263777e+22
1.86,1.264,catalog,0.36,771.7762452717325,59.4,3448.253981266023,0.01589,catalog,2560510811.993059,98534030.98665099,Selsis,-0.31365831195360505,-0.7329585786433575,GP,0.2770633505506383,0.5740506230065575,3.123149386218568e+22,1.1451547749468082e+23
1.86,1.264,catalog,0.36,771.7762452717325,59.4,1134.94796174034,0.01589,catalog,6096749867.021671,37812828.19525637,Selsis,-0.46204315821798564,-0.7049581402151316,GP,0.23737483906540868,0.3371775965971443,2.334747202936169e+22,8.560739744099286e+22
1.86,1.264,catalog,0.36,771.7762452717325,59.4,402.76608325993004,0.01589,catalog,10171965591.757677,64621403.57969867,Jackson,-0.4866138330788292,-0.7643740706582858,linear,0.07056739552614286,0.3830620435693064,1.4813596664664135e+23,5.431652110376849e+23
1.86,1.264,catalog,0.36,771.7762452717325,59.4,1327.9021477461088,0.01589,catalog,2953411440.2478375,71190927.20638601,Jackson,-0.36397645934661704,-0.6097961723074848,linear,0.3771348437158752,0.2568077640315328,1.954024507656367e+23,7.164756528073345e+23
1.86,1.264,catalog,0.36,771.7762452717325,59.4,548.7652613837183,0.01589,catalog,7241593895.881851,11608228.07228364,Jackson,-0.4265830378207304,-0.6514307716276516,linear,0.4084951554366235,0.6066036845118681,2.0870873039440902e+23,7.652653447794997e+23
1.86,1.264,catalog,0.36,771.7762452717325,59.4,875.8995273035787,0.01589,catalog,4451244300.727329,29008937.2943683,Jackson,-0.2956328142977279,-0.7852432725198488,log,0.10738229228350235,0.8771737108871228,1.881319986244837e+22,6.898173282897735e+22
1.86,1.264,catalog,0.36,771.7762452717325,59.4,822.8319402461748,0.01589,catalog,8013059187.971592,92123516.51622728,Selsis,-0.49541518087947994,-0.6967127515321718,log,0.2369080798396578,0.5815058148013622,2.0942037253927905e+22,7.678746993106899e+22
1.86,1.264,catalog,0.36,771.7762452717325,59.4,443.4835219205981,0.01589,catalog,9135133822.055235,45074356.65155191,Jackson,-0.39687118006147326,-0.7185170754171981,linear,0.10241478501802362,0.19865527541514116,1.9933918435796018e+23,7.309103426458539e+23
1.86,1.264,catalog,0.36,771.7762452717325,59.4,616.7282244061022,0.01589,catalog,6394865731.9291315,27088588.89024389,Jackson,-0.47795278794720686,-0.640739939787104,log,0.10889924135204121,0.0479536961961341,1.2560284409154427e+22,4.605437616689956e+22
1.86,1.264,catalog,0.36,771.7762452717325,59.4,2538.6057241419944,0.01589,catalog,1613134678.2488263,57576024.70959429,Jackson,-0.3353704760331871,-0.7724937454196924,linear,0.06829162665128298,0.23389245551135918,1.4398215343181053e+23,5.2793456258330525e+23
1.86,1.264,catalog,0.36,771.7762452717325,59.4,1963.8346142568655,0.01589,catalog,3919592307.2127485,24513492.610421363,Selsis,-0.2823826932150414,-0.7457906894033013,GP,0.103863504569224,0.6743749141790268,4.9745596959554326e+22,1.824005221850325e+23
1.86,1.264,catalog,0.36,771.7762452717325,59.4,439.6994040353685,0.01589,catalog,9222338795.836578,80139652.42996764,Jackson,-0.33633397724731334,-0.6495369146790612,linear,0.07388866509750917,0.8638686663976592,2.964771993405818e+23,1.0870830642487999e+24
1.86,1.264,catalog,0.36,771.7762452717325,59.4,1657.294904835438,0.01589,catalog,4478821728.175756,92553759.63067871,Selsis,-0.4437784797934018,-0.7797417016127782,log,0.08066243073608739,0.9229443969374972,1.8153673693330223e+22,6.656347020887748e+22
1.86,1.264,catalog,0.36,771.7762452717325,59.4,2813.533410690429,0.01589,catalog,1470110573.387611,65762484.50481759,Jackson,-0.4880144404572735,-0.6377125183485303,linear,0.3587646711017389,0.9163003301300229,1.0028278625128909e+23,3.6770354958806e+23
1.86,1.264,catalog,0.36,771.7762452717325,59.4,1774.5452743762687,0.01589,catalog,4243500383.4154806,66023675.939740755,Selsis,-0.4926619908940217,-0.6305918496617542,GP,0.4715539171651537,0.9417704908764438,2.3591954625640706e+22,8.650383362734924e+22
1.86,1.264,catalog,0.36,771.7762452717325,59.4,742.5924896636625,0.01589,catalog,8762522657.14232,34032969.03664932,Selsis,-0.34670733292476974,-0.7366830245477742,linear,0.18002483210100087,0.6268395941114314,4.926615899285118e+23,1.8064258297378763e+24
1.86,1.264,catalog,0.36,771.7762452717325,59.4,1097.6206181678654,0.01589,catalog,3554281391.042541,51542392.147524096,Jackson,-0.35710474414391924,-0.6396576878751816,log,0.42857908112511484,0.1141531609045826,1.3434580491086814e+22,4.926012846731831e+22
1.86,1.264,catalog,0.36,771.7762452717325,59.4,535.9959887832957,0.01589,catalog,7427299725.935942,82113940.91145618,Jackson,-0.3511963407912936,-0.7585527072189904,GP,0.34900253341627996,0.1489013081265863,1.5668800318882355e+22,5.745226783590197e+22
1.86,1.264,catalog,0.36,771.7762452717325,59.4,5931.004556968297,0.01589,catalog,764945722.4903764,55809942.47675496,Jackson,-0.3009064751786951,-0.6893560388178074,log,0.08587843462453502,0.573298104293837,7.817022736887089e+21,2.8662416701919326e+22
1.86,1.264,catalog,0.36,771.7762452717325,59.4,1549.9842573777485,0.01589,catalog,4723515750.395445,10902576.52958455,Selsis,-0.473682005082607,-0.7684920455388214,linear,0.23341092055656293,0.09548358889109743,2.9428569595461636e+23,1.0790475518335933e+24
1.86,1.264,catalog,0.36,771.7762452717325,59.4,575.4026145423305,0.01589,catalog,11000334406.472279,54419354.41054145,Selsis,-0.3221031761036826,-0.7246528547549355,linear,0.35952621195739887,0.6394850389597773,5.9618743969422196e+23,2.1860206122121472e+24
1.86,1.264,catalog,0.36,771.7762452717325,59.4,4793.742192041492,0.01589,catalog,2010390681.7757466,9588790.60171382,Selsis,-0.3523206212957641,-0.7653397251578227,linear,0.07274463452592253,0.6917390369703232,3.248232821458348e+23,1.1910187012013943e+24
1.86,1.264,catalog,0.36,771.7762452717325,59.4,961.7181232920192,0.01589,catalog,4052224158.598295,35678199.95997761,Jackson,-0.3996428838342571,-0.6519744696254632,linear,0.24998071688765267,0.1339167780794076,1.7818009901937016e+23,6.533270297376905e+23
1.86,1.264,catalog,0.36,771.7762452717325,59.4,2523.4052342922246,0.01589,catalog,1621943944.7993352,94914867.61177333,Jackson,-0.4853295535560282,-0.6892305924810983,linear,0.24757868771256994,0.7594132046383234,8.986246977025135e+22,3.294957224909216e+23
1.86,1.264,catalog,0.36,771.7762452717325,59.4,1252.210642589376,0.01589,catalog,3125610506.638811,44788724.61338837,Jackson,-0.4067932384281957,-0.7913405701941815,log,0.27866286336774343,0.43757465791746863,8.863735708489041e+21,3.2500364264459817e+22
1.86,1.264,catalog,0.36,771.7762452717325,59.4,712.4911510255971,0.01589,catalog,5498409637.887901,90411388.08096789,Jackson,-0.4480156421954368,-0.6234868859147394,GP,0.08226005063265274,0.06404049336666717,1.2954096535961027e+22,4.749835396519043e+22
1.86,1.264,catalog,0.36,771.7762452717325,59.4,934.593541775111,0.01589,catalog,7182296753.823943,47768948.81757294,Selsis,-0.32179914526839914,-0.6617943179716833,GP,0.32896242981663276,0.3258841513514764,4.339053274685906e+22,1.5909862007181654e+23
1.86,1.264,catalog,0.36,771.7762452717325,59.4,850.2731617835576,0.01589,catalog,7789064652.867396,40053780.13733418,Selsis,-0.3489445423043624,-0.7967330519407383,GP,0.057077104576605656,0.9723735258096624,3.382921834203723e+22,1.240404672541365e+23
1.86,1.264,catalog,0.36,771.7762452717325,59.4,1121.1539409920824,0.01589,catalog,6159334340.64089,56172893.01775403,Selsis,-0.4023166084555042,-0.6353644717243113,log,0.11005315265999678,0.8637154797545528,2.662533284874042e+22,9.762622044538154e+22
1.86,1.264,catalog,0.36,771.7762452717325,59.4,916.5682659974838,0.01589,catalog,7302743902.630168,62381120.3786644,Selsis,-0.3367370382678771,-0.7388611632681746,linear,0.05290902352674099,0.8058851766549395,4.8903219082581055e+23,1.793118033027972e+24
1.86,1.264,catalog,0.36,771.7762452717325,59.4,2039.1095054675045,0.01589,catalog,3806480210.125628,71703668.40448982,Selsis,-0.41831710392856186,-0.7866782750069375,linear,0.26025125850068387,0.8138922609333243,2.8626677041683732e+23,1.0496448248617368e+24
1.86,1.264,catalog,0.36,771.7762452717325,59.4,619.4922037037576,0.01589,catalog,6364735457.797259,28379612.779326584,Jackson,-0.3856370695794435,-0.7733083178035143,GP,0.12696649672226668,0.4878285099406209,1.3320849191419305e+22,4.884311370187078e+22
1.86,1.264,catalog,0.36,771.7762452717325,59.4,1136.851302107081,0.01589,catalog,6088230134.560719,12391772.995082663,Selsis,-0.4678542214809032,-0.6094380597553813,log,0.10329728742339538,0.5373205194090138,2.682797121869468e+22,9.836922780188049e+22
1.86,1.264,catalog,0.36,771.7762452717325,59.4,908.062471370212,0.01589,catalog,4292321231.942326,48107547.78363005,Jackson,-0.38215580682085,-0.6729212409027373,linear,0.1060716464725262,0.9024053036989185,1.81191038897123e+23,6.643671426227843e+23
1.86,1.264,catalog,0.36,771.7762452717325,59.4,16549.971076617938,0.01589,catalog,801887317.4556928,64349404.78862852,Selsis,-0.29047948777601096,-0.6029484762172571,log,0.06318530606204101,0.06116399063273292,1.5333299376383534e+22,5.622209771340629e+22
1.86,1.264,catalog,0.36,771.7762452717325,59.4,3189.9666071278116,0.01589,catalog,2712378429.995139,16145318.164013378,Selsis,-0.29854349993948065,-0.6087961707294713,log,0.08348558529744138,0.373417832346128,3.4323129897742613e+22,1.2585147629172291e+23
1.86,1.264,catalog,0.36,771.7762452717325,59.4,1083.3184032407264,0.01589,catalog,3600515279.6679444,4106548.9109705132,Jackson,-0.3975242099714639,-0.7532962486623123,log,0.30505640932122574,0.05542618318862147,1.0635315548754153e+22,3.899615701209856e+22
1.86,1.264,catalog,0.36,771.7762452717325,59.4,769.1164780165858,0.01589,catalog,5081318813.99181,76192738.50879055,Jackson,-0.39460235506696445,-0.7494774572120296,linear,0.4609307917999144,0.32991778319791576,1.5845233981380104e+23,5.8099191265060376e+23
1.86,1.264,catalog,0.36,771.7762452717325,59.4,3055.3743556356217,0.01589,catalog,1365362776.8418758,43203886.825926706,Jackson,-0.44611755704937317,-0.655190768228504,GP,0.4088802310249232,0.21468226610517227,7.429136354181655e+21,2.72401666319994e+22
1.86,1.264,catalog,0.36,771.7762452717325,59.4,1271.1731630144614,0.01589,catalog,3080479357.8288198,68079081.9279174,Jackson,-0.31893613789401903,-0.7121665298223963,linear,0.06998438084881965,0.5430113295504471,2.1108717033740185e+23,7.739862912371401e+23
1.86,1.264,catalog,0.36,771.7762452717325,59.4,1280.6660169374672,0.01589,catalog,3058405450.2810955,1880745.5244792227,Jackson,-0.47966526635060347,-0.7744571848968193,log,0.11874926536795691,0.7040101647248609,8.33634632723104e+21,3.0566603199847145e+22
1.86,1.264,catalog,0.36,771.7762452717325,59.4,5316.750062148394,0.01589,catalog,1865132156.0547836,83379419.5786345,Selsis,-0.28075616140014886,-0.7319541527334974,linear,0.051546548293678454,0.5225859199017732,4.639295403333748e+23,1.7010749812223744e+24
1.86,1.264,catalog,0.36,771.7762452717325,59.4,2593.08935446113,0.01589,catalog,3167115898.8270555,91052394.19932267,Selsis,-0.3537595194102731,-0.7978071147104187,GP,0.10899124159244264,0.8176779250536335,2.5574349440413505e+22,9.377261461484952e+22
1.86,1.264,catalog,0.36,771.7762452717325,59.4,1182.0070167568556,0.01589,catalog,5893919314.999865,12511820.996339712,Selsis,-0.42300128431732015,-0.7380407682009518,GP,0.0964237610806239,0.22784994501850175,2.527587811499312e+22,9.267821975497477e+22
1.86,1.264,catalog,0.36,771.7762452717325,59.4,488.5491908943177,0.01589,catalog,12782335137.177898,15645823.9785894,Selsis,-0.35744310350576103,-0.7306597228294164,linear,0.23366242149596442,0.8351364560308755,5.155201295720884e+23,1.8902404750976573e+24
1.86,1.264,catalog,0.36,771.7762452717325,59.4,604.3218856086806,0.01589,catalog,6533835684.526011,54894294.99615948,Jackson,-0.3062048323738826,-0.7759806737286985,linear,0.27630315817493056,0.7632392362669137,2.8743921546452882e+23,1.0539437900366056e+24
1.86,1.264,catalog,0.36,771.7762452717325,59.4,934.5491198841025,0.01589,catalog,7182587961.737552,17241668.03395197,Selsis,-0.33062019023629186,-0.6796504893054397,linear,0.14179899944638358,0.004072970416589605,5.544993408864538e+23,2.0331642499169972e+24
1.86,1.264,catalog,0.36,771.7762452717325,59.4,2659.929652517474,0.01589,catalog,3106956595.418237,26906666.222793907,Selsis,-0.464806122305531,-0.7473122881459402,linear,0.14700783236733828,0.847083387328198,2.6417492871526495e+23,9.686414052893048e+23
1.86,1.264,catalog,0.36,771.7762452717325,59.4,1032.7195540726545,0.01589,catalog,6599176330.887532,81593645.27672683,Selsis,-0.3889111983017064,-0.6226983597489949,linear,0.22468961619407798,0.882740007538809,4.4178501186216e+23,1.61987837682792e+24
1.86,1.264,catalog,0.36,771.7762452717325,59.4,764.637518977284,0.01589,catalog,5111888539.665378,75254818.36685137,Jackson,-0.38124794316825183,-0.6018020793099099,GP,0.17977891397854706,0.4084896414287207,1.6749925967032108e+22,6.141639521245106e+22
1.86,1.264,catalog,0.36,771.7762452717325,59.4,1396.8347150937457,0.01589,catalog,2813315617.169451,95330239.0983391,Jackson,-0.38760104106207166,-0.7576584230676404,log,0.4140540360599327,0.3697692306276209,8.807762183570663e+21,3.229512800642576e+22
1.86,1.264,catalog,0.36,771.7762452717325,59.4,1145.6351676555264,0.01589,catalog,3408163800.211176,89200668.04690577,Jackson,-0.4823588735909318,-0.6046563888417847,GP,0.05043135834865159,0.4997660207145129,1.1453337783055405e+22,4.199557187120315e+22
1.86,1.264,catalog,0.36,771.7762452717325,59.4,1076.6074258949166,0.01589,catalog,6372089263.62374,30895816.65733941,Selsis,-0.48355562016517506,-0.7494581091835967,log,0.20792266983001212,0.24417006362966154,1.985968512624351e+22,7.281884546289287e+22
1.86,1.264,catalog,0.36,771.7762452717325,59.4,3890.6986624794463,0.01589,catalog,2342190000.8149705,98563550.51271267,Selsis,-0.30945352028527073,-0.7656549236312453,log,0.08769768853668224,0.7369509565145559,2.463349666890233e+22,9.032282111930854e+22
1.86,1.264,catalog,0.36,771.7762452717325,59.4,1246.9360696510616,0.01589,catalog,5638445542.195464,43741899.19076933,Selsis,-0.46424722872230184,-0.7040778985245192,GP,0.17961343664341023,0.5554929818529117,2.2758065465501453e+22,8.344624004017198e+22
1.86,1.264,catalog,0.36,771.7762452717325,59.4,981.2102900292322,0.01589,catalog,3971867633.5335445,55479397.76225676,Jackson,-0.45302737830190093,-0.746145545445855,linear,0.11588709897989533,0.08464778432834796,1.2693879138542078e+23,4.6544223507987617e+23
1.86,1.264,catalog,0.36,771.7762452717325,59.4,2349.4803124041414,0.01589,catalog,1730810462.2077205,36928187.21071313,Jackson,-0.4162176441296771,-0.710787090903898,linear,0.20513799151427048,0.8592664700533335,1.1173439041826486e+23,4.0969276486697115e+23
1.86,1.264,catalog,0.36,771.7762452717325,59.4,1137.437922453638,0.01589,catalog,3432179708.8035507,58273816.248713784,Jackson,-0.32005449601067537,-0.7611801586517284,linear,0.2105615517711946,0.31023244718876697,2.1352009835126836e+23,7.829070272879839e+23
1.86,1.264,catalog,0.36,771.7762452717325,59.4,840.9345832199024,0.01589,catalog,4638732215.42293,50672271.25337584,Jackson,-0.42844126385535425,-0.6601996491451025,linear,0.3502383079240367,0.24374023925031096,1.6536540879546158e+23,6.063398322500258e+23
1.86,1.264,catalog,0.36,771.7762452717325,59.4,995.394387042711,0.01589,catalog,3915480054.4267545,30335772.634782333,Jackson,-0.4490016290834956,-0.6134569762422685,linear,0.07105087855773123,0.7719644618479883,1.8106139498177585e+23,6.638917815998447e+23
1.86,1.264,catalog,0.36,771.7762452717325,59.4,16636.740108241425,0.01589,catalog,366596956.4898054,52586073.3416886,Selsis,-0.2810520472873336,-0.6198649194932621,log,0.4651778569663663,0.4960475569407877,7.202364551556683e+21,2.6408670022374504e+22
1.86,1.264,catalog,0.36,771.7762452717325,59.4,586.8861384271067,0.01589,catalog,6740077541.663679,71362334.18414034,Jackson,-0.3071503876007882,-0.6504192450107371,log,0.29009901724623915,0.9357657558258151,2.1359145307031114e+22,7.831686612578074e+22
1.86,1.264,catalog,0.36,771.7762452717325,59.4,1247.6767112882283,0.01589,catalog,5635679706.39076,51332122.32805889,Selsis,-0.497816735753182,-0.6617345823175583,GP,0.20408210822573222,0.2406238034652579,2.339655368331663e+22,8.57873635054943e+22
1.86,1.264,catalog,0.36,771.7762452717325,59.4,3553.5050014193594,0.01589,catalog,2504388841.014699,83577893.19697766,Selsis,-0.3859885188330711,-0.6203742558468863,GP,0.12621226805024705,0.599347591298721,2.449159529174498e+22,8.980251606973158e+22
1.86,1.264,catalog,0.36,771.7762452717325,59.4,1689.989995623232,0.01589,catalog,4410112305.937993,88099322.830488,Selsis,-0.3816889174029842,-0.759067554922465,GP,0.17775107661507028,0.033787990902823806,2.4799374312295685e+22,9.093103914508418e+22
1.86,1.264,catalog,0.36,771.7762452717325,59.4,833.887048034544,0.01589,catalog,4678556197.867002,41928043.63779618,Jackson,-0.39623116387399765,-0.6701691219893549,GP,0.05563395426289074,0.9822491540483324,1.26998251325664e+22,4.65660254860768e+22
1.86,1.264,catalog,0.36,771.7762452717325,59.4,1772.7615642991252,0.01589,catalog,2245201521.6679144,75986867.7295793,Jackson,-0.42911671680288,-0.756227058329871,GP,0.05999142271764764,0.010462434614405103,7.706872953951025e+21,2.8258534164487087e+22
1.86,1.264,catalog,0.36,771.7762452717325,59.4,1917.3433610673922,0.01589,catalog,3993590535.88815,91975123.5201717,Selsis,-0.34386285423977014,-0.6523945401601943,linear,0.10101651433272048,0.27687445085419937,4.2424057816260896e+23,1.5555487865962327e+24
1.86,1.264,catalog,0.36,771.7762452717325,59.4,7421.386543005607,0.01589,catalog,1468812565.1211636,76112575.17829038,Selsis,-0.4167564235111736,-0.6223184924936228,linear,0.4875946168730528,0.01987186533100016,2.3135044952844994e+23,8.482849816043164e+23
1.86,1.264,catalog,0.36,771.7762452717325,59.4,1481.8150726060562,0.01589,catalog,4896333558.1012945,47728780.47355994,Selsis,-0.3311787959067696,-0.7245000650488881,linear,0.0937452988279804,0.27341315811547917,4.6723741496980794e+23,1.7132038548892957e+24
1.86,1.264,catalog,0.36,771.7762452717325,59.4,534.6842747624962,0.01589,catalog,7446934109.076841,70968492.37089606,Jackson,-0.48997118659677164,-0.7280351579445384,GP,0.41551705920019194,0.947449685485553,1.1277096172631496e+22,4.134935263298215e+22
1.86,1.264,catalog,0.36,771.7762452717325,59.4,2861.0540264728065,0.01589,catalog,1448148606.320427,42561506.64251419,Jackson,-0.44244638480718984,-0.6368989140133584,linear,0.36138466686166576,0.37115737877526533,1.1032835997279489e+23,4.045373199002479e+23
1.86,1.264,catalog,0.36,771.7762452717325,59.4,712.3675091531222,0.01589,catalog,9088602723.571014,33155267.024069928,Selsis,-0.42737334245031533,-0.6831711645007084,log,0.29705849770847653,0.4596420912985213,2.5569233761037657e+22,9.375385712380473e+22
1.86,1.264,catalog,0.36,771.7762452717325,59.4,5706.60560375588,0.01589,catalog,1772460824.2940228,63060585.21847759,Selsis,-0.4950256396036061,-0.6352074427582852,linear,0.26699541883086236,0.8961383976420201,2.2825447491408864e+23,8.369330746849917e+23
1.86,1.264,catalog,0.36,771.7762452717325,59.4,2100.566890368006,0.01589,catalog,3719751269.931288,7172018.402515923,Selsis,-0.44835449296437163,-0.7242661160041893,log,0.13464067088500484,0.016047085880322,1.9348350471725306e+22,7.094395172965945e+22
1.86,1.264,catalog,0.36,771.7762452717325,59.4,3195.3495242365616,0.01589,catalog,2708986483.221488,17476656.22247413,Selsis,-0.3507518476890126,-0.7551784026307069,log,0.09073659780996228,0.9132228895726198,2.2504435043856667e+22,8.251626182747444e+22
1.86,1.264,catalog,0.36,771.7762452717325,59.4,6179.175162034014,0.01589,catalog,1673950040.8576496,56607311.719413616,Selsis,-0.4621275834132205,-0.7085704412845004,GP,0.0829678018820987,0.9811872882806901,1.5691408704429397e+22,5.753516524957445e+22
1.86,1.264,catalog,0.36,771.7762452717325,59.4,1365.6474562890935,0.01589,catalog,2874895088.685151,41390087.265393205,Jackson,-0.3352482943532278,-0.6597131890660738,log,0.27496279014626734,0.443959385260174,1.3352023160114368e+22,4.895741825375268e+22
1.86,1.264,catalog,0.36,771.7762452717325,59.4,1257.505841545059,0.01589,catalog,3112866037.530399,19150850.83998821,Jackson,-0.284045343484245,-0.6701260725665549,linear,0.3397687812129114,0.1903679876438218,3.0859545101560215e+23,1.1315166537238744e+24
1.86,1.264,catalog,0.36,771.7762452717325,59.4,393.2013991863712,0.01589,catalog,10451253865.326061,93900884.74639933,Jackson,-0.38908250302087394,-0.7565758185787519,GP,0.4822827410481926,0.6905068898496366,1.5505601474901437e+22,5.68538720746386e+22
1.86,1.264,catalog,0.36,771.7762452717325,59.4,1668.4052318949207,0.01589,catalog,4455188350.274618,99708044.87332326,Selsis,-0.4601707723232956,-0.653813824710518,GP,0.11435103434291626,0.7735977010948109,2.269592833456489e+22,8.32184038934046e+22
1.86,1.264,catalog,0.36,771.7762452717325,59.4,1628.7588740064,0.01589,catalog,2431104607.200026,39519642.17391685,Jackson,-0.369824594710722,-0.785781187358066,log,0.07872483075001392,0.41451082386810034,9.478352038547994e+21,3.4753957474675974e+22
1.86,1.264,catalog,0.36,771.7762452717325,59.4,3014.835511556952,0.01589,catalog,1381764714.1015432,71013804.22179906,Jackson,-0.42502244302468994,-0.6289986312277559,GP,0.17365164184954632,0.8151871448111725,7.966193306340429e+21,2.9209375456581573e+22
1.86,1.264,catalog,0.36,771.7762452717325,59.4,695.6211743998186,0.01589,catalog,5636908790.762112,81517350.11600906,Jackson,-0.4936917086165425,-0.7521954282761406,GP,0.1196875825864558,0.2388881694774646,9.555413435499598e+21,3.503651593016519e+22
1.86,1.264,catalog,0.36,771.7762452717325,59.4,425.36895779630504,0.01589,catalog,9568569733.39809,26078801.47247411,Jackson,-0.38872739938612066,-0.7887409531231926,linear,0.077993752427427,0.045239875215158265,1.9755013577420086e+23,7.243504978387364e+23
1.86,1.264,catalog,0.36,771.7762452717325,59.4,8871.205275248189,0.01589,catalog,1294893579.0223434,23732341.7317957,Selsis,-0.36490572206742655,-0.6128547991564033,log,0.1795879852786295,0.6397093822291702,1.6714401612085493e+22,6.1286139244313475e+22
1.86,1.264,catalog,0.36,771.7762452717325,59.4,381.0535989702231,0.01589,catalog,10829223145.467007,65611423.30731903,Jackson,-0.47888583301260373,-0.6385478709776822,GP,0.4026739440571551,0.527362288134493,1.6308081259884e+22,5.9796297952908e+22
1.86,1.264,catalog,0.36,771.7762452717325,59.4,11537.202037540881,0.01589,catalog,1079029073.651003,37085980.62915197,Selsis,-0.41363641868065754,-0.7138893690314054,log,0.05524592182343596,0.03962436252313284,1.119855258840689e+22,4.106135949082526e+22
1.86,1.264,catalog,0.36,771.7762452717325,59.4,1077.4521544606375,0.01589,catalog,3619850824.5344415,30909961.16928082,Jackson,-0.37546633810204566,-0.6565257555740316,GP,0.11816648649181088,0.2146853809721998,1.340693139873788e+22,4.915874846203889e+22
1.86,1.264,catalog,0.36,771.7762452717325,59.4,1210.3736967547156,0.01589,catalog,5779045507.035351,76334326.18939865,Selsis,-0.4268201535771008,-0.6561922307939676,log,0.06589363881461882,0.5837921342506479,2.321520656049266e+22,8.512242405513975e+22
1.86,1.264,catalog,0.36,771.7762452717325,59.4,570.8846831831313,0.01589,catalog,11079306822.11309,86131349.71734713,Selsis,-0.3371972816781656,-0.6754411620582254,log,0.0955538232758313,0.6534197097993463,3.6619086214493997e+22,1.3426998278647798e+23
1.86,1.264,catalog,0.36,771.7762452717325,59.4,8417.630256331993,0.01589,catalog,1343614066.3099842,7694576.992994966,Selsis,-0.4959099760799943,-0.727297981384609,log,0.2524459000034675,0.6763217604200884,1.2347159841013791e+22,4.527291941705057e+22
1.86,1.264,catalog,0.36,771.7762452717325,59.4,891.1541093644065,0.01589,catalog,7480722752.995092,39229168.717620775,Selsis,-0.39548446577007146,-0.7354638068639491,log,0.10802526158699217,0.4065966079093509,2.489204641326224e+22,9.12708368486282e+22
1.86,1.264,catalog,0.36,771.7762452717325,59.4,1417.6865651318208,0.01589,catalog,2773697198.9313684,84756134.35692973,Jackson,-0.29141221402888423,-0.6346934373426986,log,0.08225159323484216,0.7416126502124905,1.707229360848057e+22,6.259840989776208e+22
1.86,1.264,catalog,0.36,771.7762452717325,59.4,853.141852827791,0.01589,catalog,7766473580.985995,73580753.01083471,Selsis,-0.3165901920879409,-0.7321540822410345,GP,0.46916688409806634,0.6872035527838378,4.1987355889325685e+22,1.5395363826086085e+23
1.86,1.264,catalog,0.36,771.7762452717325,59.4,372.01472997901755,0.01589,catalog,11128936117.420479,94264598.0101035,Jackson,-0.3166536755235353,-0.6009658751906047,log,0.13312187146348942,0.13811471780035378,2.7089965077294213e+22,9.932987195007878e+22
1.86,1.264,catalog,0.36,771.7762452717325,59.4,2184.1810646324197,0.01589,catalog,3609070626.0627713,56466786.24161462,Selsis,-0.47164087984140257,-0.6289969069484416,linear,0.080242475775281,0.5831555742360813,3.137303832043988e+23,1.150344738416129e+24
1.86,1.264,catalog,0.36,771.7762452717325,59.4,444.9766729053586,0.01589,catalog,9101185455.774483,77666047.41358754,Jackson,-0.47151266950672416,-0.738198133592547,log,0.08464516722893048,0.1873314688601101,1.0314953467777643e+22,3.782149604851802e+22
1.86,1.264,catalog,0.36,771.7762452717325,59.4,1000.6961297061756,0.01589,catalog,3894836074.530698,24478856.49121116,Jackson,-0.3422444556012165,-0.7155596399619402,GP,0.06767341340618979,0.6743201856694178,1.5065741693107317e+22,5.5241052874726825e+22
1.86,1.264,catalog,0.36,771.7762452717325,59.4,3076.6261543977753,0.01589,catalog,2786298382.416474,15228584.35940707,Selsis,-0.33425212831528783,-0.7627375465350511,log,0.236284978646095,0.6193199855180871,2.4808207711497573e+22,9.09634282754911e+22
1.86,1.264,catalog,0.36,771.7762452717325,59.4,1316.6046656678272,0.01589,catalog,2977815201.7410283,10343988.156661287,Jackson,-0.4535008658491268,-0.6884868976238346,GP,0.2981187341996449,0.9259722581023597,9.787265837568396e+21,3.588664140441745e+22
1.86,1.264,catalog,0.36,771.7762452717325,59.4,6064.853222569973,0.01589,catalog,1696546433.8634522,88097469.95012611,Selsis,-0.43766683008767865,-0.748412727067503,linear,0.2428213169615621,0.19187839351994307,2.0548249908746316e+23,7.534358299873649e+23
1.86,1.264,catalog,0.36,771.7762452717325,59.4,796.4570393214191,0.01589,catalog,4902727139.837826,68437444.12787974,Jackson,-0.33096169314951557,-0.6567137924972494,GP,0.33957173290021986,0.43061202821881295,1.7762564085149587e+22,6.512940164554848e+22
1.86,1.264,catalog,0.36,771.7762452717325,59.4,1231.5628424204708,0.01589,catalog,3176390421.639209,41002895.6122198,Jackson,-0.41674619655240586,-0.6682705182923714,linear,0.3075803253399221,0.10300291229119074,1.4852332795490848e+23,5.445855358346644e+23
1.86,1.264,catalog,0.36,771.7762452717325,59.4,1840.8142158674716,0.01589,catalog,4123002050.1245327,74966047.0031103,Selsis,-0.3469352131709698,-0.7513852902719389,GP,0.10876727364426723,0.3106225087718556,2.9399952455378e+22,1.0779982566971932e+23
1.86,1.264,catalog,0.36,771.7762452717325,59.4,374.6039372437987,0.01589,catalog,11041380388.72089,86374370.77971642,Jackson,-0.3993375491180698,-0.731405552629654,linear,0.11590050018270596,0.686430635337202,1.971172814124827e+23,7.227633651791031e+23
1.86,1.264,catalog,0.36,771.7762452717325,59.4,1718.6220328936138,0.01589,catalog,4351966964.458594,70851031.50914785,Selsis,-0.29579890292787137,-0.6050145022834448,linear,0.11906017295886924,0.1851188943173906,6.452508546927025e+23,2.3659198005399093e+24
1.86,1.264,catalog,0.36,771.7762452717325,59.4,1266.737816753434,0.01589,catalog,3090910280.6016498,4428912.408117839,Jackson,-0.33328950154725273,-0.6605830300556652,GP,0.06092113126036308,0.8311309598273044,1.704447592341144e+22,6.2496411719175275e+22
1.86,1.264,catalog,0.36,771.7762452717325,59.4,970.6424364569467,0.01589,catalog,4015010549.0344386,28988796.036669016,Jackson,-0.35853657062657435,-0.7058603977462113,log,0.3859338868137466,0.44087500486969466,1.282764324965478e+22,4.703469191540086e+22
1.86,1.264,catalog,0.36,771.7762452717325,59.4,774.7623552768847,0.01589,catalog,5043326009.324817,8997090.50090149,Jackson,-0.49610387476327533,-0.7142757699140672,linear,0.4259646245113721,0.3623615365624402,1.4341210372397948e+23,5.258443803212581e+23
1.86,1.264,catalog,0.36,771.7762452717325,59.4,752.6466876301951,0.01589,catalog,5195657738.001689,73461604.49529977,Jackson,-0.2957900889308274,-0.6462994945846239,GP,0.48854159599391045,0.7960403362796503,2.354684233219703e+22,8.633842188472244e+22
1.86,1.264,catalog,0.36,771.7762452717325,59.4,3545.9531827047044,0.01589,catalog,2508315123.327294,90973408.80697103,Selsis,-0.3750945181306339,-0.6304672290219878,log,0.19219332295148892,0.8127083829872175,2.0457831322335624e+22,7.501204818189729e+22
1.86,1.264,catalog,0.36,771.7762452717325,59.4,3297.485801780168,0.01589,catalog,2646537292.6188684,48071335.01286849,Selsis,-0.46561534619888256,-0.6563520131086976,GP,0.4398940177607935,0.09480150502153495,2.0145294967123357e+22,7.386608154611897e+22
1.86,1.264,catalog,0.36,771.7762452717325,59.4,905.6750266317222,0.01589,catalog,4303706199.080094,58666471.64268103,Jackson,-0.36632632781168806,-0.6564027292444367,GP,0.08749098184583715,0.9871342118827932,1.4184019630263873e+22,5.20080719776342e+22
1.86,1.264,catalog,0.36,771.7762452717325,59.4,578.3833717350107,0.01589,catalog,6845626861.361983,74666527.38403597,Jackson,-0.33774478375510514,-0.7843061007890623,log,0.2362098533653208,0.7832779489469829,1.5280191894469076e+22,5.602737027971994e+22
1.86,1.264,catalog,0.36,771.7762452717325,59.4,2900.158460345966,0.01589,catalog,1430609562.8691664,1251974.7045639046,Jackson,-0.29184057882482745,-0.6275753834158275,log,0.15923069399195774,0.3755907898389428,1.5151599200958478e+22,5.555586373684775e+22
1.86,1.264,catalog,0.36,771.7762452717325,59.4,1309.9887809834652,0.01589,catalog,2992307962.533864,37773368.80572066,Jackson,-0.43153825637894,-0.6667816480480354,log,0.11222594747260382,0.050136311744103046,9.482315456243992e+21,3.476849000622797e+22
1.86,1.264,catalog,0.36,771.7762452717325,59.4,3187.806294156771,0.01589,catalog,2713742639.1090393,13144757.479106473,Selsis,-0.42274422325168126,-0.7122817071166111,log,0.18290193800902715,0.21253900401593995,1.8269444030720337e+22,6.6987961445974565e+22
1.86,1.264,catalog,0.36,771.7762452717325,59.4,1651.1643487465867,0.01589,catalog,4491990779.96522,53127301.050901175,Selsis,-0.3361190505930947,-0.7136280055031491,linear,0.17239650414637697,0.13944677120988436,4.4369900454535884e+23,1.626896349999649e+24
1.86,1.264,catalog,0.36,771.7762452717325,59.4,639.2719401107628,0.01589,catalog,6157421359.222586,12969537.877913976,Jackson,-0.2932810964587619,-0.6899446730044235,log,0.3593264053211858,0.0413255744251656,2.298907820322748e+22,8.429328674516742e+22
1.86,1.264,catalog,0.36,771.7762452717325,59.4,1549.5517627511365,0.01589,catalog,4724566717.267528,93523918.30528525,Selsis,-0.2852445932878716,-0.7764689006106414,log,0.1961789128982928,0.3617207855662318,3.833043765685945e+22,1.405449380751513e+23
1.86,1.264,catalog,0.36,771.7762452717325,59.4,1808.895323352367,0.01589,catalog,2203262615.88917,52093332.98479829,Jackson,-0.3794445414033977,-0.790114937965638,linear,0.31797189217786737,0.153755852202892,1.292160766986805e+23,4.737922812284951e+23
1.86,1.264,catalog,0.36,771.7762452717325,59.4,848.0030696334092,0.01589,catalog,4599499399.359393,89309333.71022728,Jackson,-0.4367666670574061,-0.7809174979024381,log,0.2597781289802614,0.540357056657068,8.752945875169787e+21,3.209413487562255e+22
1.86,1.264,catalog,0.36,771.7762452717325,59.4,1191.6502878906388,0.01589,catalog,5854273943.870099,55365046.181357935,Selsis,-0.4582105868609691,-0.7544296291778338,GP,0.20991228689028527,0.695927214681859,2.1857931399071663e+22,8.014574846326276e+22
1.86,1.264,catalog,0.36,771.7762452717325,59.4,1345.0792850587814,0.01589,catalog,2917116997.932534,82256506.77526549,Jackson,-0.49839770430283703,-0.7158849041097084,GP,0.07096081012171042,0.29648653084765064,7.608421502765935e+21,2.789754551014176e+22
1.86,1.264,catalog,0.36,771.7762452717325,59.4,1866.346591186692,0.01589,catalog,4078721458.1080375,15493457.04112941,Selsis,-0.30902281652028574,-0.7014451262378022,GP,0.06034212876594982,0.19670679919441925,4.1571603758150735e+22,1.5242921377988602e+23
1.86,1.264,catalog,0.36,771.7762452717325,59.4,4993.006841968262,0.01589,catalog,1951838878.944207,28261149.05070866,Selsis,-0.28816171556876613,-0.6042134191950091,linear,0.3312516749491929,0.5567492913628782,5.2466511332189435e+23,1.9237720821802792e+24
1.86,1.264,catalog,0.36,771.7762452717325,59.4,1450.1969015301727,0.01589,catalog,2714261367.4369493,4839001.508446306,Jackson,-0.3330734096222048,-0.7180453551373105,log,0.08805292359646984,0.9699059287211019,1.3391949085635248e+22,4.910381331399591e+22
1.86,1.264,catalog,0.36,771.7762452717325,59.4,798.936337624431,0.01589,catalog,4887182113.521133,99724500.73228838,Jackson,-0.32833987215164157,-0.6077711985473008,GP,0.17181852581696114,0.7208957572867246,1.998319428558711e+22,7.327171238048607e+22
1.86,1.264,catalog,0.36,771.7762452717325,59.4,959.987806725551,0.01589,catalog,4059524078.286313,4883881.667744001,Jackson,-0.3618373787258913,-0.7194357037665908,GP,0.0827113669217139,0.4487880221275361,1.4338451298730706e+22,5.257432142867926e+22
1.86,1.264,catalog,0.36,771.7762452717325,59.4,353.4291465556184,0.01589,catalog,11801128125.333872,1499760.1435225913,Jackson,-0.3048484395023351,-0.6280531321105126,GP,0.09266497864004737,0.2341454443839679,3.285688004243285e+22,1.2047522682225378e+23
1.86,1.264,catalog,0.36,771.7762452717325,59.4,1120.0125477966687,0.01589,catalog,3484449832.7778425,50753501.25842273,Jackson,-0.42502020243592525,-0.60729583099875,GP,0.05419177923406197,0.40526200562286163,1.2993859095168041e+22,4.764415001561615e+22
1.86,1.264,catalog,0.36,771.7762452717325,59.4,613.8885810441977,0.01589,catalog,6426130626.271239,92076513.05481322,Jackson,-0.3869408781991284,-0.6753267420007661,GP,0.14998610628575954,0.09963286906369173,1.3776348974744825e+22,5.051327957406436e+22
1.86,1.264,catalog,0.36,771.7762452717325,59.4,511.51790867360575,0.01589,catalog,12250335320.018488,66658769.72139,Selsis,-0.47286621425999664,-0.7735764708932503,linear,0.22589392122394875,0.5881749649962472,3.28733398459495e+23,1.2053557943514816e+24
1.86,1.264,catalog,0.36,771.7762452717325,59.4,2413.354236627708,0.01589,catalog,3343990290.756184,16025241.326187884,Selsis,-0.3339432825800672,-0.6907895583135755,GP,0.34111322722944254,0.24850964509625362,3.3338600426537637e+22,1.2224153489730466e+23
1.86,1.264,catalog,0.36,771.7762452717325,59.4,6663.626324003891,0.01589,catalog,1585890045.2230833,42278353.17640724,Selsis,-0.30404062293711953,-0.7029821068486268,GP,0.49337383288551817,0.15305176207443383,2.937505644418095e+22,1.0770854029533014e+23
1.86,1.264,catalog,0.36,771.7762452717325,59.4,388.2559429114498,0.01589,catalog,10601854395.640757,39960426.83190593,Jackson,-0.4831328459280278,-0.6235159772995492,log,0.22266019161954753,0.7661436514404268,1.5793378178012342e+22,5.790905331937859e+22
1.86,1.264,catalog,0.36,771.7762452717325,59.4,5459.6203272858975,0.01589,catalog,1829801444.0539875,89125596.39180773,Selsis,-0.44648475977045593,-0.79482291051017,log,0.12189726483573432,0.39872708864391293,1.312774958046762e+22,4.813508179504794e+22
1.86,1.264,catalog,0.36,771.7762452717325,59.4,953.4241865649685,0.01589,catalog,4087469664.647788,41185447.10985137,Jackson,-0.3372972647416214,-0.6067708290958839,linear,0.17212807410091704,0.7697825354207276,2.6097128052449594e+23,9.56894695256485e+23
1.86,1.264,catalog,0.36,771.7762452717325,59.4,2301.050514748529,0.01589,catalog,1764052136.6716764,24021803.61669855,Jackson,-0.4661593292463028,-0.6398884753993223,linear,0.24127582967370023,0.25520212524035324,1.1976140977649758e+23,4.391251691804911e+23
1.86,1.264,catalog,0.36,771.7762452717325,59.4,365.3200667520491,0.01589,catalog,11361967126.42942,29036488.546254113,Jackson,-0.42893807881626805,-0.645218850519404,log,0.07851899735187307,0.5302777442094339,1.618975974630859e+22,5.93624524031315e+22
1.86,1.264,catalog,0.36,771.7762452717325,59.4,4892.194240781688,0.01589,catalog,902738939.6816453,84899898.95321982,Jackson,-0.4921601572874505,-0.6533305161166446,linear,0.21945787057097635,0.05314020278123788,7.107952741957052e+22,2.6062493387175854e+23
1.86,1.264,catalog,0.36,771.7762452717325,59.4,4892.625231995995,0.01589,catalog,902670168.5193353,55421266.53263195,Jackson,-0.4169765250977635,-0.730111455605997,GP,0.16681933233024074,0.5433258312875425,5.667732899602047e+21,2.0781687298540836e+22
1.86,1.264,catalog,0.36,771.7762452717325,59.4,1285.7690014586237,0.01589,catalog,3046678663.4735236,7730289.982330674,Jackson,-0.2878437562348087,-0.7832524377020388,log,0.13749094763202915,0.61219554580901,1.838000593254874e+22,6.7393355086012044e+22
1.86,1.264,catalog,0.36,771.7762452717325,59.4,911.2177784153088,0.01589,catalog,7339400149.6994,74047437.32215236,Selsis,-0.4062574092291802,-0.6008554164366559,log,0.24801065058567828,0.9121249182853768,3.069545956354811e+22,1.1255001839967639e+23
1.86,1.264,catalog,0.36,771.7762452717325,59.4,4019.712309300029,0.01589,catalog,1071094391.3107953,91977971.83269434,Jackson,-0.41052161714220764,-0.642767977086872,linear,0.43862420018717635,0.9628467024703569,9.113504083497633e+22,3.341618163949132e+23
1.86,1.264,catalog,0.36,771.7762452717325,59.4,16641.014177973084,0.01589,catalog,399851672.51799285,90912148.98817916,Selsis,-0.28564493111382605,-0.7243125369460425,GP,0.26510409221722253,0.42220236686190804,8.340921356311871e+21,3.0583378306476857e+22
1.86,1.264,catalog,0.36,771.7762452717325,59.4,4207.651741908293,0.01589,catalog,1029111923.1150506,29369613.101371296,Jackson,-0.36421586595240857,-0.6581015433100175,GP,0.05060534743586781,0.04937285279874293,8.583617728549367e+21,3.1473265004681013e+22
1.86,1.264,catalog,0.36,771.7762452717325,59.4,1873.3686796437398,0.01589,catalog,4066741571.228347,29675353.01794431,Selsis,-0.47973631725070115,-0.7797951073663283,linear,0.3045429608064013,0.5935089716960081,2.722345226804289e+23,9.981932498282393e+23
1.86,1.264,catalog,0.36,771.7762452717325,59.4,1625.9245088645139,0.01589,catalog,4547195119.708652,53455911.80904038,Selsis,-0.29144735848226555,-0.7011041036001922,GP,0.06889227293699891,0.7195177218500662,4.700669040122049e+22,1.7235786480447513e+23
1.86,1.264,catalog,0.36,771.7762452717325,59.4,1170.7017771935155,0.01589,catalog,3336896241.265179,27499789.262852468,Jackson,-0.3523649711773599,-0.6776120798258916,GP,0.1302132764081787,0.18498967463499238,1.413867970726803e+22,5.184182559331611e+22
1.86,1.264,catalog,0.36,771.7762452717325,59.4,886.2573488545934,0.01589,catalog,4398725306.475395,70735399.67646103,Jackson,-0.3506147892620159,-0.6217102609313302,log,0.46537944792444275,0.24724179637720922,1.5478766233383111e+22,5.675547618907141e+22
1.86,1.264,catalog,0.36,771.7762452717325,59.4,2785.016196661198,0.01589,catalog,1483645621.34938,78402197.02170041,Jackson,-0.34057417518760125,-0.7922751751210656,GP,0.05315808340004649,0.7965860261792339,9.55365780238987e+21,3.5030078608762854e+22
1.86,1.264,catalog,0.36,771.7762452717325,59.4,6183.673011662947,0.01589,catalog,1673076222.035951,83633698.88494684,Selsis,-0.43605859257708746,-0.7884619765806973,GP,0.18972987782975717,0.4627431821032528,1.5265398470610365e+22,5.597312772557133e+22
1.86,1.264,catalog,0.36,771.7762452717325,59.4,707.7977593577909,0.01589,catalog,5536223553.890374,69496121.5640211,Jackson,-0.2836632893382639,-0.6871676063151181,linear,0.09731170381022655,0.30927600828826673,3.432305726316974e+23,1.2585120996495572e+24
1.86,1.264,catalog,0.36,771.7762452717325,59.4,2126.978918936096,0.01589,catalog,3683914829.6295314,84949018.38963327,Selsis,-0.3264048778380479,-0.6480754528041294,linear,0.48599305460805325,0.8459734832827563,4.602601739062561e+23,1.6876206376562722e+24
1.86,1.264,catalog,0.36,771.7762452717325,59.4,493.8396332362575,0.01589,catalog,8116770382.952744,82675217.57090886,Jackson,-0.4660228504398227,-0.7504953895692449,linear,0.09084326894887926,0.16549752879513524,1.4568014678009344e+23,5.3416053819367596e+23
1.86,1.264,catalog,0.36,771.7762452717325,59.4,1740.6894373402956,0.01589,catalog,4308382886.669922,17496054.24932235,Selsis,-0.3878796243169268,-0.7180192268393776,log,0.3205026488361593,0.04055959913057594,2.2981945944427876e+22,8.426713512956887e+22
1.86,1.264,catalog,0.36,771.7762452717325,59.4,892.0794631823243,0.01589,catalog,4369773663.463051,83504117.80453584,Jackson,-0.48811656232838424,-0.7224751754004016,log,0.17030048782588864,0.21793517994814438,8.365346785549017e+21,3.067293821367973e+22
1.86,1.264,catalog,0.36,771.7762452717325,59.4,3966.8571669091702,0.01589,catalog,2308980428.9239545,39745622.9178187,Selsis,-0.4982753100560241,-0.6559708538244798,log,0.2189538756942198,0.7707055031424241,1.601207583043639e+22,5.87109447116001e+22
1.86,1.264,catalog,0.36,771.7762452717325,59.4,868.3096067933038,0.01589,catalog,7649484696.755729,15534831.067775873,Selsis,-0.3518422709556678,-0.7057123233052116,GP,0.117643073528061,0.6639350097488781,3.606224037697945e+22,1.322282147155913e+23
1.86,1.264,catalog,0.36,771.7762452717325,59.4,533.289958602248,0.01589,catalog,7467922542.521598,72967221.58519319,Jackson,-0.4316448910967634,-0.7783934790257565,linear,0.06473745693503943,0.04385278173074658,1.516505230676235e+23,5.560519179146195e+23
1.86,1.264,catalog,0.36,771.7762452717325,59.4,5972.418045082741,0.01589,catalog,760408844.566919,67543468.07621624,Jackson,-0.4208230215144795,-0.6152985625908176,GP,0.19679402045969613,0.16441483990542582,5.966266555260752e+21,2.1876310702622757e+22
1.86,1.264,catalog,0.36,771.7762452717325,59.4,1669.6411546567692,0.01589,catalog,4452577689.552114,82514909.94085306,Selsis,-0.330633315257104,-0.6436004663504101,linear,0.06699733293538623,0.14228264497575682,4.8156412094958116e+23,1.7657351101484642e+24
1.86,1.264,catalog,0.36,771.7762452717325,59.4,884.6710576605007,0.01589,catalog,7527740186.407302,10418666.826474845,Selsis,-0.41116645268796315,-0.7606234211974883,log,0.24222014518259302,0.30266302786046095,2.412084692240014e+22,8.844310538213384e+22
1.86,1.264,catalog,0.36,771.7762452717325,59.4,636.8296383332126,0.01589,catalog,6182257897.496145,91786623.27572073,Jackson,-0.3434695101722326,-0.788011517863077,GP,0.09300915683072813,0.1741873056686497,1.497694245817064e+22,5.491545567995901e+22
1.86,1.264,catalog,0.36,771.7762452717325,59.4,2989.644896367272,0.01589,catalog,2846477247.8269153,24745613.889650993,Selsis,-0.34149921956648743,-0.6746154913201836,GP,0.06945479636597301,0.6820537045451444,3.034328027799691e+22,1.1125869435265533e+23
1.86,1.264,catalog,0.36,771.7762452717325,59.4,1413.6613122615445,0.01589,catalog,2781251602.8791656,9432711.05848396,Jackson,-0.3434754769535091,-0.6156597306945086,GP,0.08571168390773264,0.8388059995810677,1.6802275226172357e+22,6.16083424959653e+22
1.86,1.264,catalog,0.36,771.7762452717325,59.4,1477.404656054324,0.01589,catalog,2666581808.3135705,51962563.993057154,Jackson,-0.41061383314620004,-0.7970803515324068,GP,0.10083611225718785,0.8738231631866403,8.704773706441113e+21,3.191750359028408e+22
1.86,1.264,catalog,0.36,771.7762452717325,59.4,561.5230140344726,0.01589,catalog,7065375125.240524,42423885.29167248,Jackson,-0.39490043754504955,-0.6667606905135098,GP,0.058479983392201854,0.4761654373879558,1.4849974715042452e+22,5.444990728848899e+22
1.86,1.264,catalog,0.36,771.7762452717325,59.4,1468.3659647016627,0.01589,catalog,2682220485.270296,28897312.716008272,Jackson,-0.4077984315912948,-0.6510550107897953,log,0.16383214442375935,0.13295158020937026,1.0113251155822483e+22,3.7081920904682434e+22
1.86,1.264,catalog,0.36,771.7762452717325,59.4,1124.4684397615547,0.01589,catalog,6144160035.641881,90014091.06373471,Selsis,-0.43575228670342653,-0.7742828963445619,linear,0.49444979396255506,0.048646804389230414,3.050041458570088e+23,1.1183485348090322e+24
1.86,1.264,catalog,0.36,771.7762452717325,59.4,507.866705971176,0.01589,catalog,7873176476.354309,4045779.955962417,Jackson,-0.4973281527006796,-0.6840303351742475,GP,0.25976916183294235,0.3957515611904945,1.3576481717078171e+22,4.978043296261996e+22
1.86,1.264,catalog,0.36,771.7762452717325,59.4,1395.6568409497859,0.01589,catalog,5139935504.234413,83889751.73569433,Selsis,-0.4789571853161402,-0.793114372044493,linear,0.2874997857798484,0.49399129438516576,2.7117254442725666e+23,9.942993295666077e+23
1.86,1.264,catalog,0.36,771.7762452717325,59.4,1450.9892062136748,0.01589,catalog,2712846984.260568,10713355.335147245,Jackson,-0.4874956928221025,-0.7509410006107726,log,0.10693790517791534,0.1455691986865455,7.79190295306492e+21,2.8570310827904703e+22
1.86,1.264,catalog,0.36,771.7762452717325,59.4,1341.0642220386587,0.01589,catalog,2925514773.642574,82226824.94661097,Jackson,-0.43477099666237407,-0.7875264653810705,GP,0.1216434004057982,0.02231918206379624,8.006311554839689e+21,2.9356475701078857e+22
1.86,1.264,catalog,0.36,771.7762452717325,59.4,856.4519803136661,0.01589,catalog,7740592521.302152,25869766.1478789,Selsis,-0.3813130618806779,-0.7299792963866369,linear,0.05168746501305947,0.10290287021033806,4.121793343746976e+23,1.5113242260405578e+24
1.86,1.264,catalog,0.36,771.7762452717325,59.4,772.6653268626161,0.01589,catalog,8463437130.907991,23156639.89001025,Selsis,-0.35835632394233913,-0.6794743116930406,log,0.08723688058498819,0.7368472676561663,3.199482201784186e+22,1.1731434739875347e+23
1.86,1.264,catalog,0.36,771.7762452717325,59.4,1698.9376086305106,0.01589,catalog,4391743394.945194,37585416.394191146,Selsis,-0.45016792130602745,-0.7859163872606874,linear,0.2821753375232117,0.1946683129567065,2.8601018196987638e+23,1.0487040005562134e+24
1.86,1.264,catalog,0.36,771.7762452717325,59.4,2085.042657566545,0.01589,catalog,3741209193.8839498,48368825.47966547,Selsis,-0.43165266684891257,-0.6305666436379831,GP,0.3613494128743995,0.8110093425859574,2.5109392629670003e+22,9.206777297545668e+22
1.86,1.264,catalog,0.36,771.7762452717325,59.4,937.336656779078,0.01589,catalog,4157717220.7740602,19788964.966213822,Jackson,-0.2920560560168354,-0.7863382113453469,linear,0.2904986706879024,0.9169218296124706,2.9607624005010548e+23,1.08561288018372e+24
1.86,1.264,catalog,0.36,771.7762452717325,59.4,913.6939951125574,0.01589,catalog,4265716373.857174,92375000.54366684,Jackson,-0.3980472234561628,-0.6564050486641619,GP,0.2438017232654216,0.3291162392675516,1.1995311233742162e+22,4.39828078570546e+22
1.86,1.264,catalog,0.36,771.7762452717325,59.4,1083.7983040052916,0.01589,catalog,3598943201.730845,30832831.013943497,Jackson,-0.4025328710236767,-0.6830708651092059,linear,0.44300467115845804,0.6458520818749985,1.594442114915714e+23,5.846287754690951e+23
1.86,1.264,catalog,0.36,771.7762452717325,59.4,1782.6673013113584,0.01589,catalog,2233533083.3941135,19964428.955277927,Jackson,-0.34910763275721624,-0.7489824768727095,log,0.11763902457344436,0.2887750863187939,1.0690381125059277e+22,3.919806412521735e+22
1.86,1.264,catalog,0.36,771.7762452717325,59.4,711.4820804012667,0.01589,catalog,5506493986.673928,82145957.5386576,Jackson,-0.3330714191484074,-0.7184979538517902,log,0.07173973881547177,0.7234356930677851,1.5314757472408341e+22,5.6154110732163915e+22
1.86,1.264,catalog,0.36,771.7762452717325,59.4,767.9106644340952,0.01589,catalog,5089510978.597329,29329931.018845618,Jackson,-0.42795386524682966,-0.6849737621910086,linear,0.24667435649389094,0.21175094799740846,1.651220580220017e+23,6.054475460806729e+23
1.86,1.264,catalog,0.36,771.7762452717325,59.4,4041.672401132098,0.01589,catalog,1065993009.1967666,90872391.57806751,Jackson,-0.40463526609132994,-0.6585120623989082,log,0.15777042590840148,0.4047324324991338,5.819220773067404e+21,2.133714283458048e+22
1.86,1.264,catalog,0.36,771.7762452717325,59.4,9730.23722810043,0.01589,catalog,1213799458.5202086,83834506.39715254,Selsis,-0.4389374555771142,-0.7796349771291168,log,0.054895882980034234,0.862088771373383,1.0596337148045564e+22,3.88532362095004e+22
1.86,1.264,catalog,0.36,771.7762452717325,59.4,946.2632428401729,0.01589,catalog,4118426363.90195,34527591.10538964,Jackson,-0.3605348798358532,-0.7848640105612875,linear,0.15757716287525828,0.6275742568863034,1.7914584138511838e+23,6.568680850787674e+23
1.86,1.264,catalog,0.36,771.7762452717325,59.4,906.3407225540152,0.01589,catalog,4300525303.828936,83766788.87685159,Jackson,-0.28995645960536126,-0.7394857711164495,GP,0.0563353734249828,0.07629268901610653,2.0996425197569295e+22,7.698689239108742e+22
1.86,1.264,catalog,0.36,771.7762452717325,59.4,848.435937777676,0.01589,catalog,7803612405.231518,45806767.135553844,Selsis,-0.45497827895191983,-0.7964759406781078,linear,0.1458742600116361,0.07944117634886094,3.146348531444521e+23,1.1536611281963243e+24
1.86,1.264,catalog,0.36,771.7762452717325,59.4,3817.063772729397,0.01589,catalog,2375435940.6068287,22948922.738192048,Selsis,-0.2836896740691223,-0.648791005993063,GP,0.057233193716807636,0.9860388847191967,4.438350551876632e+22,1.627395202354765e+23
1.86,1.264,catalog,0.36,771.7762452717325,59.4,2451.865388391761,0.01589,catalog,3304087390.5154796,21970866.30322456,Selsis,-0.3403652203064183,-0.7834661547968028,log,0.4310548822113917,0.3658807342169663,2.5076897951392868e+22,9.194862582177385e+22
1.86,1.264,catalog,0.36,771.7762452717325,59.4,3289.6691989042542,0.01589,catalog,2651192069.1718955,33598855.80908615,Selsis,-0.298512233140317,-0.6514729238457009,log,0.33335893346066664,0.20131826209888903,3.1418846899874256e+22,1.1520243863287227e+23
1.86,1.264,catalog,0.36,771.7762452717325,59.4,555.2776127943764,0.01589,catalog,11362244381.996279,87007567.93850856,Selsis,-0.37234780774874937,-0.6879212513036571,linear,0.4514661502260391,0.46046925657787785,4.661526819837344e+23,1.709226500607026e+24
1.86,1.264,catalog,0.36,771.7762452717325,59.4,1457.491112790262,0.01589,catalog,4961706552.890356,71858787.54162744,Selsis,-0.35816778324524506,-0.6614011924905954,log,0.2464914202655937,0.3678369108227385,2.7146781021234197e+22,9.953819707785872e+22
1.86,1.264,catalog,0.36,771.7762452717325,59.4,866.0995229136693,0.01589,catalog,4502166831.68245,65759791.951526195,Jackson,-0.3328241496474787,-0.7834580046520779,linear,0.07983397595342652,0.658669662077855,2.0950653594598263e+23,7.681906318019363e+23
1.86,1.264,catalog,0.36,771.7762452717325,59.4,12587.917845227368,0.01589,catalog,1016367940.0744643,47607978.83726689,Selsis,-0.3973385526421052,-0.779182184010767,GP,0.18579368781304115,0.5029209540208288,1.3206024582148252e+22,4.842209013454359e+22
1.86,1.264,catalog,0.36,771.7762452717325,59.4,1444.961980600992,0.01589,catalog,4996466587.681196,79636198.2263363,Selsis,-0.3245000961160315,-0.6210019254160932,linear,0.09940022368529731,0.6329390374384684,5.40096894956246e+23,1.9803552815062353e+24
1.86,1.264,catalog,0.36,771.7762452717325,59.4,3137.945452762448,0.01589,catalog,2745703188.645009,35855487.74690533,Selsis,-0.3526452204573202,-0.6308714448266102,log,0.2142693394513605,0.8575753467095902,2.4287869761836456e+22,8.9055522460067e+22
1.86,1.264,catalog,0.36,771.7762452717325,59.4,1571.8629287785818,0.01589,catalog,4671065133.401577,17825732.02041149,Selsis,-0.34401249103139203,-0.6932266977864208,linear,0.4478532991399358,0.46971587843452034,4.537660672475681e+23,1.663808913241083e+24
1.86,1.264,catalog,0.36,771.7762452717325,59.4,11832.479655446163,0.01589,catalog,1060444890.1438284,8417933.819405204,Selsis,-0.3744406161775893,-0.7992281352881927,log,0.42097525917465195,0.7011774522379238,1.2960319570882635e+22,4.752117175990299e+22
1.86,1.264,catalog,0.36,771.7762452717325,59.4,894.4472640071215,0.01589,catalog,4358113875.023698,87933647.44456193,Jackson,-0.43393295411550653,-0.7855640682412535,linear,0.05732455201768059,0.47847475157029085,1.2755603082777648e+23,4.677054463685137e+23
1.86,1.264,catalog,0.36,771.7762452717325,59.4,1809.962703360457,0.01589,catalog,2202049524.9942746,1784535.4191504272,Jackson,-0.3008542346205491,-0.7714869337238126,GP,0.19916525874862465,0.8369056543832879,1.835956240921224e+22,6.731839550044488e+22
1.86,1.264,catalog,0.36,771.7762452717325,59.4,429.0559991597227,0.01589,catalog,9476980882.152012,98436600.95445658,Jackson,-0.2904033974809328,-0.7112134384847298,GP,0.3388081353206735,0.43954526597203547,2.616822463462482e+22,9.595015699362434e+22
1.86,1.264,catalog,0.36,771.7762452717325,59.4,2260.064489881365,0.01589,catalog,1793303778.3270113,99966518.53960064,Jackson,-0.4820448814403755,-0.6326136227065557,linear,0.0799361265167061,0.281210683347897,1.0739682637491506e+23,3.937883633746886e+23
1.86,1.264,catalog,0.36,771.7762452717325,59.4,3371.2376612105736,0.01589,catalog,2603583704.958929,25556885.162365448,Selsis,-0.4350894617822601,-0.7987469690002793,GP,0.2431733035194157,0.9224797304162505,1.9319267339913757e+22,7.083731357968377e+22
1.86,1.264,catalog,0.36,771.7762452717325,59.4,1137.1912493649947,0.01589,catalog,3432907992.395451,85787026.27668664,Jackson,-0.48016721451871797,-0.6618867186617999,linear,0.17730100452383793,0.5023379466792847,1.302314568139862e+23,4.775153416512827e+23
1.86,1.264,catalog,0.36,771.7762452717325,59.4,2262.2682402705295,0.01589,catalog,3512591427.8791885,44838614.9863513,Selsis,-0.45328864450952605,-0.6401098948542197,log,0.056673072622057744,0.7155407346809153,2.0103652968519248e+22,7.3713394217903905e+22
1.86,1.264,catalog,0.36,771.7762452717325,59.4,866.603472132412,0.01589,catalog,7662441725.033355,90814507.72061552,Selsis,-0.4943109463042568,-0.6515938955304965,linear,0.3179781246373057,0.6690365429615373,3.468948608260129e+23,1.271947823028714e+24
1.86,1.264,catalog,0.36,771.7762452717325,59.4,557.3161918784638,0.01589,catalog,7122496578.373625,38789196.67425234,Jackson,-0.4414687677441187,-0.7384434861295287,log,0.21905607820425682,0.6921087907796514,1.071047061808249e+22,3.92717255996358e+22
1.86,1.264,catalog,0.36,771.7762452717325,59.4,4250.253954151829,0.01589,catalog,2194885824.546731,52163181.17541192,Selsis,-0.3301326271917293,-0.6739868920216433,GP,0.36802434858368627,0.09960453810856995,2.8493733848206545e+22,1.0447702411009067e+23
1.86,1.264,catalog,0.36,771.7762452717325,59.4,1003.2072011821667,0.01589,catalog,3885138683.269159,74485462.18970959,Jackson,-0.4823793604416363,-0.6915557020715388,linear,0.14695930190860013,0.3977131158754794,1.274709684548307e+23,4.6739355100104586e+23
1.86,1.264,catalog,0.36,771.7762452717325,59.4,550.841865033747,0.01589,catalog,7212294558.141825,62510434.35609259,Jackson,-0.31889209006612707,-0.6603615057367419,linear,0.29252446422185086,0.9475456568236152,3.0087800524981955e+23,1.1032193525826717e+24
1.86,1.264,catalog,0.36,771.7762452717325,59.4,1929.6036445727905,0.01589,catalog,3973752623.740101,21725624.119201764,Selsis,-0.38170081037707965,-0.6542396086865532,linear,0.09201384255911035,0.5012028300640189,3.833484849691722e+23,1.4056111115536313e+24
1.86,1.264,catalog,0.36,771.7762452717325,59.4,1561.7887258658948,0.01589,catalog,2529514490.1887555,40177046.32603768,Jackson,-0.37616020824608876,-0.6173373271825043,linear,0.22616956962670884,0.11757586003270426,1.777380643696649e+23,6.517062360221047e+23
1.86,1.264,catalog,0.36,771.7762452717325,59.4,1008.924773287024,0.01589,catalog,3863247957.6393228,48566034.542804174,Jackson,-0.4942054306584276,-0.6087348505462324,GP,0.39956778991132524,0.29402992530842664,1.2121236222232578e+22,4.444453281485278e+22
1.86,1.264,catalog,0.36,771.7762452717325,59.4,2097.8734750550384,0.01589,catalog,1920278951.398164,73604907.9828619,Jackson,-0.4078676295895028,-0.7562723876925979,log,0.4196775829114369,0.09704660956422628,7.228168174394307e+21,2.650328330611246e+22
1.86,1.264,catalog,0.36,771.7762452717325,59.4,1022.6921245383371,0.01589,catalog,3811594252.6803794,4833277.388825705,Jackson,-0.33511414850379234,-0.6076203522366606,GP,0.05676042339336239,0.4136403342356648,2.0404013384441195e+22,7.481471574295104e+22
1.86,1.264,catalog,0.36,771.7762452717325,59.4,1803.6988985458354,0.01589,catalog,4189465614.73249,97431416.43496513,Selsis,-0.39125080301090936,-0.6449345680245602,log,0.05201846270464261,0.14885255929520724,2.3060571038435523e+22,8.455542714093025e+22
1.86,1.264,catalog,0.36,771.7762452717325,59.4,1885.2209071194413,0.01589,catalog,2120017674.5415123,43048665.79861224,Jackson,-0.36609654475127007,-0.6830460859471252,GP,0.49552160245342775,0.8288286008185776,1.087691999775864e+22,3.988203999178168e+22
1.86,1.264,catalog,0.36,771.7762452717325,59.4,1421.4611691813595,0.01589,catalog,2766653136.4780164,41060503.69308785,Jackson,-0.4377834559234672,-0.7905028608727699,GP,0.13162268037441938,0.4301210283312562,8.271830112469836e+21,3.033004374572273e+22
1.86,1.264,catalog,0.36,771.7762452717325,59.4,1600.1649539275445,0.01589,catalog,2472068926.229801,87144360.32837498,Jackson,-0.4395651285804148,-0.7674456908113749,log,0.07733091452882472,0.8783526341735276,7.183295016584454e+21,2.6338748394142995e+22
1.86,1.264,catalog,0.36,771.7762452717325,59.4,638.8680897305762,0.01589,catalog,10011197925.369833,49205127.01495226,Selsis,-0.45398904837512055,-0.7691083825720393,log,0.14762794498104487,0.6627116753158748,2.197546438814693e+22,8.057670275653875e+22
1.86,1.264,catalog,0.36,771.7762452717325,59.4,9860.160560364306,0.01589,catalog,1202680514.4779627,59666143.78090939,Selsis,-0.4913738845482939,-0.7273333127750681,log,0.1256410378949877,0.5027962467507534,1.044332706677757e+22,3.829219924485109e+22
1.86,1.264,catalog,0.36,771.7762452717325,59.4,1182.5683590062356,0.01589,catalog,5891594362.517136,71575407.91969596,Selsis,-0.4114889668139546,-0.6843201865885378,GP,0.31023158170039006,0.10113398142675845,2.5876821562571075e+22,9.48816790627606e+22
1.86,1.264,catalog,0.36,771.7762452717325,59.4,3813.994144082774,0.01589,catalog,2376847059.1789403,30431223.855900027,Selsis,-0.3183102214821503,-0.7905431961847619,log,0.07086452523050732,0.20007768572706308,2.490520666660533e+22,9.13190911108862e+22
1.86,1.264,catalog,0.36,771.7762452717325,59.4,1352.2305956223765,0.01589,catalog,2902286848.2224483,98065943.98487994,Jackson,-0.3022682275245704,-0.7763688058237249,linear,0.21781558593356803,0.48690950972126024,2.1942226812350142e+23,8.045483164528386e+23
1.86,1.264,catalog,0.36,771.7762452717325,59.4,1366.3281839097478,0.01589,catalog,5229978822.564496,82605278.424176,Selsis,-0.3836258659111564,-0.68717631909699,log,0.07994634167995814,0.33702779836360175,2.3991623069944594e+22,8.796928458979684e+22
1.86,1.264,catalog,0.36,771.7762452717325,59.4,915.3007846100289,0.01589,catalog,7311389242.354685,80519376.88333881,Selsis,-0.3791660820567314,-0.7467658557129605,log,0.27688283629846566,0.800820443340498,2.53213087927385e+22,9.284479890670783e+22
1.86,1.264,catalog,0.36,771.7762452717325,59.4,15824.789192192145,0.01589,catalog,869562575.084738,9872773.3300651,Selsis,-0.4543428773127182,-0.7007037503029803,linear,0.4767479583336214,0.6000781052340707,1.5502353128027748e+23,5.684196146943507e+23
1.86,1.264,catalog,0.36,771.7762452717325,59.4,2547.776740934094,0.01589,catalog,1607870238.295598,47889671.10915835,Jackson,-0.37084101368416855,-0.6893564424666526,log,0.3810498756748422,0.3368683063820743,8.33416703707536e+21,3.055861246927632e+22
1.86,1.264,catalog,0.36,771.7762452717325,59.4,3082.902099818797,0.01589,catalog,2782076041.6666317,49813543.61860567,Selsis,-0.38699110519134616,-0.6927913206316598,GP,0.15084979374862825,0.47154200577508054,2.317017654623074e+22,8.495731400284604e+22
1.86,1.264,catalog,0.36,771.7762452717325,59.4,2151.89052481497,0.01589,catalog,3650865173.520795,7767669.748490004,Selsis,-0.3767964724825839,-0.7809686205717553,GP,0.12236982943681732,0.36813698774071857,2.654905715583883e+22,9.734654290474238e+22
1.86,1.264,catalog,0.36,771.7762452717325,59.4,605.1059295637016,0.01589,catalog,10511096471.659683,72276223.35638954,Selsis,-0.36303501077576533,-0.6958414129995106,log,0.2912706401725537,0.5401090380404939,3.119251050700995e+22,1.1437253852570315e+23
1.86,1.264,catalog,0.36,771.7762452717325,59.4,1855.7032004700015,0.01589,catalog,4097041347.395517,36021015.2377886,Selsis,-0.28377269822754886,-0.68701511292938,linear,0.08356194092905801,0.08100478775800368,6.493337277815124e+23,2.3808903351988786e+24
1.86,1.264,catalog,0.36,771.7762452717325,59.4,1713.4754498445982,0.01589,catalog,4362283593.380016,39971274.53552596,Selsis,-0.40116390880917147,-0.7118671380555812,log,0.06545311901459697,0.48289061086842155,2.1658334941556477e+22,7.941389478570707e+22
1.86,1.264,catalog,0.36,771.7762452717325,59.4,537.7376031980324,0.01589,catalog,7401394640.788082,63857700.33029682,Jackson,-0.3862804154654865,-0.6514189755982676,GP,0.27610226923793135,0.32753940419390315,1.5764689706719302e+22,5.780386225797077e+22
1.86,1.264,catalog,0.36,771.7762452717325,59.4,1911.964155581847,0.01589,catalog,4002369555.091646,62566088.81447803,Selsis,-0.3912815576116901,-0.7786370077519644,GP,0.1694664014544613,0.7976995813428663,2.363867167152188e+22,8.667512946224689e+22
1.86,1.264,catalog,0.36,771.7762452717325,59.4,3533.0438962532153,0.01589,catalog,2515061976.527276,84558104.32669489,Selsis,-0.3925877205492547,-0.6527049061611702,linear,0.19866871343995285,0.34389095117719903,2.970657979589169e+23,1.0892412591826953e+24
1.86,1.264,catalog,0.36,771.7762452717325,59.4,1895.0747398202338,0.01589,catalog,2109764154.5447497,89048130.3249373,Jackson,-0.3150984529836375,-0.6185698050951475,GP,0.2067456722077635,0.7466790080096515,1.5452580554166776e+22,5.665946203194484e+22
1.86,1.264,catalog,0.36,771.7762452717325,59.4,2136.49806538928,0.01589,catalog,3671201339.527073,50847642.953012906,Selsis,-0.45279199749969645,-0.6524929495959516,linear,0.26865618528506535,0.08124995379749711,3.066179342486971e+23,1.1242657589118892e+24
1.86,1.264,catalog,0.36,771.7762452717325,59.4,1512.4678049086162,0.01589,catalog,2607727302.073213,79875970.33841053,Jackson,-0.29125456479632256,-0.6519854348097683,linear,0.4049418228498716,0.9245919500372027,2.5539433646772654e+23,9.364459003816639e+23
1.86,1.264,catalog,0.36,771.7762452717325,59.4,3362.857554424858,0.01589,catalog,2608378234.112379,63293175.1340207,Selsis,-0.45162220245948254,-0.6989133589483908,GP,0.056979843441595804,0.45735881202881745,1.8885141076650393e+22,6.924551728105144e+22
1.86,1.264,catalog,0.36,771.7762452717325,59.4,2458.9911476597385,0.01589,catalog,3296830270.831732,21029984.089813925,Selsis,-0.29870101529463305,-0.6247460058068421,linear,0.1551014211269537,0.4007671859511468,5.857296227492926e+23,2.1476752834140728e+24
1.86,1.264,catalog,0.36,771.7762452717325,59.4,3215.183389896729,0.01589,catalog,2696577652.9950385,2712445.9213832193,Selsis,-0.41246870901319005,-0.6236571974736917,GP,0.2159302281668094,0.5775603064347594,2.639638486680054e+22,9.678674451160198e+22
1.86,1.264,catalog,0.36,771.7762452717325,59.4,986.5867325465777,0.01589,catalog,3950292772.419901,11427898.23191271,Jackson,-0.48693675173928874,-0.7265784961737938,GP,0.45939962084949676,0.38911619719632407,9.513416555743481e+21,3.488252737105943e+22
1.86,1.264,catalog,0.36,771.7762452717325,59.4,787.4977401483385,0.01589,catalog,8324325163.160944,31984031.2674043,Selsis,-0.3504169334632256,-0.6838904079307438,linear,0.25998253797389165,0.29048493541408604,5.0287947701361095e+23,1.8438914157165734e+24
1.86,1.264,catalog,0.36,771.7762452717325,59.4,1061.8930643091453,0.01589,catalog,3672220267.5557446,42303535.14190999,Jackson,-0.30332530661662543,-0.7196608650521688,linear,0.2544676783514675,0.055316377519218474,2.5811170350027976e+23,9.464095795010258e+23
1.86,1.264,catalog,0.36,771.7762452717325,59.4,4290.621970956494,0.01589,catalog,2179742389.6219497,65090942.827280216,Selsis,-0.34534167600391785,-0.7552067700043124,log,0.10356705971574803,0.43396110748911576,1.9959533468372303e+22,7.318495605069844e+22
1.86,1.264,catalog,0.36,771.7762452717325,59.4,2414.8415668084717,0.01589,catalog,3342427471.8297796,47900824.66108287,Selsis,-0.47457767050986277,-0.7780360630272659,linear,0.3477651813967619,0.3159060095370049,2.5546418592203596e+23,9.367020150474652e+23
1.86,1.264,catalog,0.36,771.7762452717325,59.4,780.326053219111,0.01589,catalog,5006464063.203534,91916080.52857739,Jackson,-0.4240945210448178,-0.7000166470355287,GP,0.09293525738742602,0.7612677776797379,1.0680389302842869e+22,3.916142744375718e+22
1.86,1.264,catalog,0.36,771.7762452717325,59.4,526.2549166604387,0.01589,catalog,7575706485.853849,14938432.647735532,Jackson,-0.48317808355733144,-0.7230592810894663,log,0.3896017013866014,0.09190084693633294,1.0626529334763675e+22,3.896394089413348e+22
1.86,1.264,catalog,0.36,771.7762452717325,59.4,812.5859405408636,0.01589,catalog,4803418962.929894,9704388.376538457,Jackson,-0.28051254008941534,-0.7551555927592476,log,0.19468046611434867,0.04406480035507865,2.2717291808700777e+22,8.329673663190285e+22
1.86,1.264,catalog,0.36,771.7762452717325,59.4,1621.7030728307923,0.01589,catalog,4556586515.597716,93744963.56575899,Selsis,-0.458995059751611,-0.658212037637708,linear,0.08370929650647249,0.4626871660627029,3.092497427645457e+23,1.1339157234700008e+24
1.86,1.264,catalog,0.36,771.7762452717325,59.4,1034.591758485863,0.01589,catalog,3768112883.975335,18254733.511776675,Jackson,-0.3105102400239647,-0.6928665349342551,log,0.08369801037136636,0.6308928243829753,1.7090422884856339e+22,6.266488391113991e+22
1.86,1.264,catalog,0.36,771.7762452717325,59.4,946.5992729718333,0.01589,catalog,4116962625.3690987,77911511.4075503,Jackson,-0.47930675378236354,-0.6833247846544123,GP,0.15805779458050465,0.34600826434832554,9.344320028389328e+21,3.426250677076087e+22
1.86,1.264,catalog,0.36,771.7762452717325,59.4,1042.3126946391455,0.01589,catalog,6547944688.399394,44055682.25002354,Selsis,-0.4915725383480509,-0.6778063595485286,linear,0.1296788390908962,0.8920372474277738,3.260677624181665e+23,1.1955817955332771e+24
1.86,1.264,catalog,0.36,771.7762452717325,59.4,3636.6501696532896,0.01589,catalog,2462022464.747379,24969042.760966007,Selsis,-0.31703800668187176,-0.7610620640070191,GP,0.09752344722264458,0.33376835654968295,3.2306416495437885e+22,1.1845686048327224e+23
1.86,1.264,catalog,0.36,771.7762452717325,59.4,1269.4928827793751,0.01589,catalog,5555607435.839275,23676342.479422748,Selsis,-0.4029588682592184,-0.699810259041072,linear,0.07096853754129613,0.38926581901459323,3.657513357486991e+23,1.3410882310785632e+24
1.86,1.264,catalog,0.36,771.7762452717325,59.4,700.356557491983,0.01589,catalog,5597302101.93826,89141233.98316745,Jackson,-0.38289759500643433,-0.6819478171672789,log,0.05062652066992736,0.3593701862569625,1.260923145677206e+22,4.6233848674830885e+22
1.86,1.264,catalog,0.36,771.7762452717325,59.4,723.7476636037031,0.01589,catalog,5409878255.435456,57295293.56474785,Jackson,-0.35530263159899816,-0.7748692825575026,GP,0.12775144074550734,0.2831175132782351,1.391913515600622e+22,5.103682890535614e+22
1.86,1.264,catalog,0.36,771.7762452717325,59.4,917.264688632199,0.01589,catalog,4249026962.9168906,77335642.44626692,Jackson,-0.46394944217691325,-0.6036838097503632,GP,0.08832742856602649,0.7076524943601341,1.2892564248279843e+22,4.727273557702609e+22
1.86,1.264,catalog,0.36,771.7762452717325,59.4,2486.972648473373,0.01589,catalog,1643493703.6590981,54936302.46509308,Jackson,-0.404749684570594,-0.700520598106513,log,0.0646550383555079,0.953051716940018,7.314386480713328e+21,2.681941709594887e+22
1.86,1.264,catalog,0.36,771.7762452717325,59.4,696.7421788248746,0.01589,catalog,9268315880.421627,9139427.407224918,Selsis,-0.46953074180319143,-0.7885327925907993,log,0.09216886701371017,0.835262500674225,2.1794936399656445e+22,7.99147667987403e+22
1.86,1.264,catalog,0.36,771.7762452717325,59.4,551.6624640047302,0.01589,catalog,11430124759.883026,35198354.18537629,Selsis,-0.44546276909021226,-0.6058264304674554,GP,0.1770552015628935,0.44202244691935255,3.6048802105504087e+22,1.3217894105351498e+23
1.86,1.264,catalog,0.36,771.7762452717325,59.4,501.5188158953955,0.01589,catalog,7981528190.0494585,54157255.786201194,Jackson,-0.3373537550068728,-0.6454585219995841,linear,0.21225004252266033,0.3091588260770478,2.901597655558864e+23,1.0639191403715834e+24
1.86,1.264,catalog,0.36,771.7762452717325,59.4,782.090599911206,0.01589,catalog,8374428656.643289,50638704.454472974,Selsis,-0.36952709732374245,-0.677268401367448,log,0.1239999987099261,0.8220256500095554,2.983454212007223e+22,1.093933211069315e+23
1.86,1.264,catalog,0.36,771.7762452717325,59.4,551.4370649675515,0.01589,catalog,7203941774.594163,78675555.35605451,Jackson,-0.46900468975552634,-0.7006875828894035,log,0.35638453780229035,0.6927386136938306,1.0471334431119567e+22,3.839489291410508e+22
1.86,1.264,catalog,0.36,771.7762452717325,59.4,1750.6692894106568,0.01589,catalog,2271707008.8813524,74551917.90728703,Jackson,-0.3983662363086063,-0.6701725525214238,GP,0.05103731324915474,0.6482584416206358,9.528390328493225e+21,3.4937431204475156e+22
1.86,1.264,catalog,0.36,771.7762452717325,59.4,2009.6606919748879,0.01589,catalog,1997971779.6933079,65168551.16440721,Jackson,-0.47353662092704524,-0.6673607872179086,GP,0.1194439150340867,0.9330243245773543,7.777844413824471e+21,2.851876285068973e+22
1.86,1.264,catalog,0.36,771.7762452717325,59.4,3093.9194410215027,0.01589,catalog,1350160138.2318556,91091518.44811869,Jackson,-0.38821868252405956,-0.7041474369039896,log,0.3463532550296594,0.19511026814709165,6.605947766521326e+21,2.422180847724486e+22
1.86,1.264,catalog,0.36,771.7762452717325,59.4,2711.150947467802,0.01589,catalog,1520013565.951704,97894558.78448676,Jackson,-0.41033374617656976,-0.7393545424692188,linear,0.2428774912444496,0.6251016114034044,9.525030506459514e+22,3.4925111857018216e+23
1.86,1.264,catalog,0.36,771.7762452717325,59.4,1192.631228119887,0.01589,catalog,5850275899.98286,6101442.058249555,Selsis,-0.4887332312291731,-0.7937496031086222,GP,0.18397341638550865,0.5753488628337879,2.2241196996571104e+22,8.155105565409405e+22
1.86,1.264,catalog,0.36,771.7762452717325,59.4,1654.327912517721,0.01589,catalog,2395694273.79711,94483583.4744479,Jackson,-0.3739194851462385,-0.621129494635828,linear,0.06601933533299775,0.915270608418819,1.618670696293216e+23,5.935125886408458e+23
1.86,1.264,catalog,0.36,771.7762452717325,59.4,1367.201540754331,0.01589,catalog,2871758063.578714,37098126.585063696,Jackson,-0.48466659745891705,-0.7895323164917497,GP,0.35845956130555545,0.1929269080246202,7.694275557116584e+21,2.8212343709427476e+22
1.86,1.264,catalog,0.36,771.7762452717325,59.4,657.4533783976863,0.01589,catalog,5978848860.177408,77305025.90072514,Jackson,-0.46500166307886387,-0.6837100276019777,GP,0.07253868617969929,0.46240648829854714,1.1070407677352578e+22,4.0591494816959455e+22
1.86,1.264,catalog,0.36,771.7762452717325,59.4,4482.96851391722,0.01589,catalog,2110968189.0863059,66268341.84005281,Selsis,-0.3926266445829216,-0.7243460538026251,GP,0.46435894262600225,0.002658720498115441,1.976150763270307e+22,7.245886131991125e+22
1.86,1.264,catalog,0.36,771.7762452717325,59.4,853.4810520474697,0.01589,catalog,4569571239.778492,36152976.07371832,Jackson,-0.49933649972788097,-0.7923802190481062,log,0.3883050885315093,0.0557060650035579,8.161657293332834e+21,2.992607674222039e+22
1.86,1.264,catalog,0.36,771.7762452717325,59.4,804.2157181920243,0.01589,catalog,4854422970.356808,83693360.81214784,Jackson,-0.2964678839408805,-0.651587877631634,GP,0.08302224270774393,0.16391237599899156,2.2506864437277934e+22,8.252516960335242e+22
1.86,1.264,catalog,0.36,771.7762452717325,59.4,3001.350462036316,0.01589,catalog,2838193692.0026374,9626606.718089359,Selsis,-0.4409022226728901,-0.7478797163098106,linear,0.06809930751151404,0.9815960002227998,2.7656999670496687e+23,1.0140899879182118e+24
1.86,1.264,catalog,0.36,771.7762452717325,59.4,1100.7047652716165,0.01589,catalog,3544476338.7733703,23937314.993434887,Jackson,-0.4555367662024826,-0.6656134072641839,GP,0.12652204929144142,0.41243851996943093,1.039871402834764e+22,3.812861810394135e+22
1.86,1.264,catalog,0.36,771.7762452717325,59.4,2211.360369121648,0.01589,catalog,3574771913.117952,78543969.51202446,Selsis,-0.2943292771116789,-0.7084370656996402,log,0.4946766104740615,0.2321078819727772,3.3558584364914922e+22,1.2304814267135471e+23
1.86,1.264,catalog,0.36,771.7762452717325,59.4,866.0092400970703,0.01589,catalog,4502641664.54071,52204927.62215196,Jackson,-0.46154357576086297,-0.6364917232439306,GP,0.08688867665002525,0.5400504370595403,1.16463182809443e+22,4.27031670301291e+22
1.86,1.264,catalog,0.36,771.7762452717325,59.4,985.8177089158512,0.01589,catalog,3953363531.6119375,10950398.184794245,Jackson,-0.46884560722213536,-0.6743556768186436,linear,0.2891590328365967,0.8051787970056278,1.498047779970238e+23,5.492841859890872e+23
1.86,1.264,catalog,0.36,771.7762452717325,59.4,2974.928220248052,0.01589,catalog,2856975924.29518,64406289.70947157,Selsis,-0.3183733542857112,-0.7286623094565091,log,0.17414077855345314,0.15373024173226357,2.6250749666804793e+22,9.625274877828424e+22
1.86,1.264,catalog,0.36,771.7762452717325,59.4,506.8231667234576,0.01589,catalog,7890780543.856164,41238645.68540082,Jackson,-0.49386543176988035,-0.6580331225454764,log,0.09521925653074192,0.6314528881857733,1.217680638574723e+22,4.464829008107318e+22
1.86,1.264,catalog,0.36,771.7762452717325,59.4,1095.4866230914588,0.01589,catalog,6279865423.336302,7635862.354743885,Selsis,-0.49827747776391673,-0.6623128540679007,log,0.34648762758402385,0.4700977382063426,2.274170648654069e+22,8.338625711731588e+22
1.86,1.264,catalog,0.36,771.7762452717325,59.4,888.559184461355,0.01589,catalog,4387230745.577726,5893851.9036389515,Jackson,-0.34007493440009745,-0.7072882357962839,log,0.18878470902951225,0.720920272674883,1.5227204221570902e+22,5.583308214575997e+22
1.86,1.264,catalog,0.36,771.7762452717325,59.4,2065.2892470168244,0.01589,catalog,3768947066.9098644,11679954.029992076,Selsis,-0.30962274759302494,-0.633963580035853,linear,0.33927695910579514,0.387910027762547,5.693154922039813e+23,2.0874901380812648e+24
1.86,1.264,catalog,0.36,771.7762452717325,59.4,1077.3154155136167,0.01589,catalog,3620304158.006786,35389242.95561355,Jackson,-0.4342523509148694,-0.6142864987121855,log,0.053731637020576574,0.3123638523474631,1.1941483390882921e+22,4.3785439099904045e+22
1.86,1.264,catalog,0.36,771.7762452717325,59.4,2028.3961009566385,0.01589,catalog,3822100132.293161,59116431.685368694,Selsis,-0.3664289247510749,-0.7368175183340849,GP,0.13332387221114322,0.7253787188485771,2.6523007974087422e+22,9.725102923832055e+22
1.86,1.264,catalog,0.36,771.7762452717325,59.4,824.8237231794004,0.01589,catalog,4730840612.448648,69742027.9897756,Jackson,-0.3078688647277987,-0.7615439697724602,linear,0.07519325879320407,0.9447969378603306,2.5588808968018613e+23,9.382563288273491e+23
1.86,1.264,catalog,0.36,771.7762452717325,59.4,631.255772890089,0.01589,catalog,6239727550.290458,66105828.88601765,Jackson,-0.3880140499527376,-0.7479843667196242,log,0.06164756138252083,0.35244779365043866,1.184150695655962e+22,4.341885884071861e+22
1.86,1.264,catalog,0.36,771.7762452717325,59.4,1545.072657405865,0.01589,catalog,2555450913.035834,11815485.382691933,Jackson,-0.29287944185162973,-0.7364413840742744,log,0.37095215731748726,0.7292228849788854,1.6611350431230996e+22,6.090828491451365e+22
1.86,1.264,catalog,0.36,771.7762452717325,59.4,790.1925145321579,0.01589,catalog,4942471620.4210615,80059723.13413481,Jackson,-0.48427641885780187,-0.7090249317562547,GP,0.05280471953046756,0.7127156631451818,9.526984829761573e+21,3.4932277709125766e+22
1.86,1.264,catalog,0.36,771.7762452717325,59.4,1594.9100310009255,0.01589,catalog,4617287166.235263,80179625.74985223,Selsis,-0.4490206257158136,-0.7918050971742695,log,0.19740624936149012,0.19973487151381009,1.8197260460721407e+22,6.672328835597849e+22
1.86,1.264,catalog,0.36,771.7762452717325,59.4,2490.6093969896497,0.01589,catalog,3265090184.4759774,33875165.01639426,Selsis,-0.36746024443646785,-0.7733645045565327,GP,0.2516985758176573,0.9880486395031861,2.5604400854181725e+22,9.388280313199966e+22
1.86,1.264,catalog,0.36,771.7762452717325,59.4,8726.82831454337,0.01589,catalog,1309918153.045095,76605621.48877802,Selsis,-0.47892633288222325,-0.7130340731004651,GP,0.1487099601369969,0.3100672634050926,1.3182749974022603e+22,4.833674990474954e+22
1.86,1.264,catalog,0.36,771.7762452717325,59.4,853.8043936887912,0.01589,catalog,4567817511.659251,20552219.24220972,Jackson,-0.4940233630541382,-0.6713608648792834,log,0.29845825628300987,0.11643937677316141,1.009199300340277e+22,3.700397434581015e+22
1.86,1.264,catalog,0.36,771.7762452717325,59.4,9948.295076793416,0.01589,catalog,1195282491.7693498,16372352.786470372,Selsis,-0.49647897366076055,-0.6282282704797071,GP,0.2102277363814798,0.9706038672069112,1.551974180715875e+22,5.690571995958208e+22
1.86,1.264,catalog,0.36,771.7762452717325,59.4,620.0212168003786,0.01589,catalog,10283433195.7401,50484212.39287418,Selsis,-0.30913940419757574,-0.7803060114912531,GP,0.20013135412380817,0.587437203270733,4.667271957317264e+22,1.71133305101633e+23
1.86,1.264,catalog,0.36,771.7762452717325,59.4,918.6416482283039,0.01589,catalog,4242627822.5356383,10582826.29858805,Jackson,-0.3915140288287515,-0.7861491847872829,log,0.09534528499531676,0.6742319974209547,1.0945252524230923e+22,4.013259258884672e+22
1.86,1.264,catalog,0.36,771.7762452717325,59.4,1736.192469714194,0.01589,catalog,2289446620.901991,57477484.63435882,Jackson,-0.2876799751273077,-0.7147687056951988,GP,0.08489102988739781,0.5969777172888382,1.8241454310256389e+22,6.688533247094009e+22
1.86,1.264,catalog,0.36,771.7762452717325,59.4,720.4303857560799,0.01589,catalog,5435657405.476656,54268554.843743764,Jackson,-0.4554470343279624,-0.781339131863774,log,0.4263871357663315,0.9894770391732809,9.06188822053035e+21,3.322692347527795e+22
1.86,1.264,catalog,0.36,771.7762452717325,59.4,1670.7717869556416,0.01589,catalog,4450192625.745872,13196083.343303343,Selsis,-0.40222076708578836,-0.7685132540879588,GP,0.10011141734823975,0.7227242151846905,2.4966681668143444e+22,9.154449944985928e+22
1.86,1.264,catalog,0.36,771.7762452717325,59.4,884.219764126462,0.01589,catalog,4408953403.828003,67615631.2626586,Jackson,-0.4980357694724303,-0.7805018955193003,log,0.257353333701086,0.7346980902154255,7.868227981316317e+21,2.8850169264826495e+22
1.86,1.264,catalog,0.36,771.7762452717325,59.4,972.8273418993858,0.01589,catalog,4006009571.5190763,50653818.12476547,Jackson,-0.4255656965169912,-0.7165007341788252,GP,0.4642608524421455,0.5269600762995407,1.0039188498424674e+22,3.6810357827557134e+22
1.86,1.264,catalog,0.36,771.7762452717325,59.4,1075.2055765817875,0.01589,catalog,6379063058.062134,9376843.679627795,Selsis,-0.3227501906218177,-0.6849865610845778,GP,0.4302037146945642,0.013971528525122623,4.299454375375984e+22,1.5764666043045273e+23
1.86,1.264,catalog,0.36,771.7762452717325,59.4,1255.9024350502755,0.01589,catalog,5605173468.128641,60309209.126038596,Selsis,-0.340649774330419,-0.702562673989732,linear,0.40246166769237046,0.0369956037514666,4.600949948590445e+23,1.6870149811498299e+24
1.86,1.264,catalog,0.36,771.7762452717325,59.4,1193.8914470250686,0.01589,catalog,3273734887.910606,43218067.40436923,Jackson,-0.3239743843577658,-0.6835112917597927,log,0.396102990991373,0.8413268216001708,1.448680697466115e+22,5.311829224042421e+22
1.86,1.264,catalog,0.36,771.7762452717325,59.4,1247.4349397696608,0.01589,catalog,5636582224.040415,59214373.89166733,Selsis,-0.2942465484006803,-0.629208512981445,linear,0.0714996193269312,0.25403954949097807,6.814499535124699e+23,2.4986498295457227e+24
1.86,1.264,catalog,0.36,771.7762452717325,59.4,1362.5344356678047,0.01589,catalog,2881201100.8198557,61481394.22684982,Jackson,-0.36974797326344666,-0.6717496404670337,log,0.12139044960780707,0.20490121738205702,1.0861471671750809e+22,3.982539612975296e+22
1.86,1.264,catalog,0.36,771.7762452717325,59.4,2234.193791959941,0.01589,catalog,3546557104.1093554,40569053.18902915,Selsis,-0.3005116143329951,-0.7602499325035925,GP,0.4876134068094493,0.11649997398924239,4.022534023144345e+22,1.474929141819593e+23
1.86,1.264,catalog,0.36,771.7762452717325,59.4,1927.6762076161533,0.01589,catalog,2076594091.7121038,13641694.148308035,Jackson,-0.4465608165900991,-0.7325214613351484,GP,0.07960565775164455,0.39385811281707406,8.310109995377825e+21,3.047040331638536e+22
1.86,1.264,catalog,0.36,771.7762452717325,59.4,5445.804104066321,0.01589,catalog,1833145775.505951,63330047.33886824,Selsis,-0.3820296919116987,-0.6892244156956654,log,0.0955031343516511,0.9434371667610882,1.6407033581203716e+22,6.015912313108029e+22
1.86,1.264,catalog,0.36,771.7762452717325,59.4,3006.105319687226,0.01589,catalog,1385353961.5499458,99005657.32133588,Jackson,-0.3588191558238675,-0.6839923900623001,log,0.38449973889944855,0.12366263666655963,7.598990933819327e+21,2.7862966757337533e+22
1.86,1.264,catalog,0.36,771.7762452717325,59.4,1568.7888489164607,0.01589,catalog,4678351120.405559,48884817.10341268,Selsis,-0.3909129665362929,-0.6489051442386864,GP,0.07362295883197159,0.6269958583336347,2.8350667627172064e+22,1.0395244796629757e+23
1.86,1.264,catalog,0.36,771.7762452717325,59.4,545.279778956181,0.01589,catalog,7291327462.19401,79303900.51763503,Jackson,-0.36122508566762745,-0.689296470192472,linear,0.06348594871830356,0.2144238715981357,2.2212409750599298e+23,8.144550241886409e+23
1.86,1.264,catalog,0.36,771.7762452717325,59.4,1001.6412638370434,0.01589,catalog,3891180090.9441657,91930854.41296539,Jackson,-0.38788109908284835,-0.6901477067959498,GP,0.06033220964421946,0.21982135466421993,1.123797979946396e+22,4.120592593136785e+22
1.86,1.264,catalog,0.36,771.7762452717325,59.4,1176.1700290892472,0.01589,catalog,3321769120.3737144,64179988.86917255,Jackson,-0.29060703138143007,-0.7865666188809961,linear,0.09351057640252759,0.6339397175891295,2.6192890766753484e+23,9.604059947809611e+23
1.86,1.264,catalog,0.36,771.7762452717325,59.4,893.8956439277133,0.01589,catalog,4360824358.487479,21021658.87219277,Jackson,-0.33014420139474443,-0.7210445806939769,GP,0.48240104569865205,0.9024910435373806,1.687487234189545e+22,6.187453192028331e+22
1.86,1.264,catalog,0.36,771.7762452717325,59.4,548.3666741372998,0.01589,catalog,7247245785.17351,67098501.37370752,Jackson,-0.3661450158107751,-0.7778086637264284,linear,0.23817579357884122,0.6341482083511306,1.9745716237170388e+23,7.240095953629143e+23
1.86,1.264,catalog,0.36,771.7762452717325,59.4,1587.176231001077,0.01589,catalog,4635168481.714574,32080170.615757003,Selsis,-0.4208968494249908,-0.7177620639193558,linear,0.060496471257023704,0.9140590077482226,3.2344499668815024e+23,1.1859649878565508e+24
1.86,1.264,catalog,0.36,771.7762452717325,59.4,510.88242320460046,0.01589,catalog,7822753327.254284,19172990.205149464,Jackson,-0.44963641369289453,-0.7434937594023912,GP,0.15269213405606918,0.9989200878348359,1.2766551219604935e+22,4.68106878052181e+22
1.86,1.264,catalog,0.36,771.7762452717325,59.4,3155.8486877980426,0.01589,catalog,1326499969.082963,65951425.20397934,Jackson,-0.38051214249144427,-0.6629756608347646,GP,0.06457212399540312,0.9122937521167165,8.322992602636797e+21,3.051763954300159e+22
1.86,1.264,catalog,0.36,771.7762452717325,59.4,6707.447894086585,0.01589,catalog,1578483259.8403678,70382693.64935397,Selsis,-0.41560191884413306,-0.7789223872541001,linear,0.0897052584087478,0.2772350166724453,2.0953037846408067e+23,7.682780543682957e+23
1.86,1.264,catalog,0.36,771.7762452717325,59.4,2608.8574936430846,0.01589,catalog,1573745724.539095,91669749.81904414,Jackson,-0.2910100628173042,-0.6800842562066783,linear,0.07132548332223038,0.0650130975751847,1.9625578964335656e+23,7.196045620256407e+23
1.86,1.264,catalog,0.36,771.7762452717325,59.4,1502.2684263740193,0.01589,catalog,4842920131.423657,71053055.8196243,Selsis,-0.3954010235886246,-0.6193519019685442,log,0.274152836652217,0.6898195555361544,2.589183546179717e+22,9.493673002658963e+22
1.86,1.264,catalog,0.36,771.7762452717325,59.4,1365.079266315483,0.01589,catalog,2876043855.1185102,52424574.22690561,Jackson,-0.32565717038647063,-0.7261392353686736,linear,0.0695823058234595,0.6211485045403101,1.9843504254722425e+23,7.275951560064889e+23
1.86,1.264,catalog,0.36,771.7762452717325,59.4,9579.773326846791,0.01589,catalog,1227004996.7764852,64367196.40176003,Selsis,-0.4060565702017182,-0.7444498079335173,linear,0.13583620514805012,0.08177635612154244,1.8907507341083595e+23,6.932752691730651e+23
1.86,1.264,catalog,0.36,771.7762452717325,59.4,1031.270510914585,0.01589,catalog,6606995837.569967,97802070.45877816,Selsis,-0.4002220357134328,-0.6540008677630779,linear,0.20046370570594213,0.6436188818378534,3.905090418995048e+23,1.4318664869648507e+24
1.86,1.264,catalog,0.36,771.7762452717325,59.4,579.8657707366117,0.01589,catalog,6826979537.402368,61018737.785473906,Jackson,-0.4978538025305458,-0.622950676349336,linear,0.1952851702855395,0.1777828881527821,1.9261256378610878e+23,7.062460672157322e+23
1.86,1.264,catalog,0.36,771.7762452717325,59.4,1327.0395667077155,0.01589,catalog,2955259589.621018,45472229.61305337,Jackson,-0.2808113755581698,-0.620106660211125,linear,0.18377434092927614,0.6182895672389424,3.1847353214640304e+23,1.167736284536811e+24
1.86,1.264,catalog,0.36,771.7762452717325,59.4,826.5018124356046,0.01589,catalog,4721067581.373097,61741463.678212374,Jackson,-0.4413797191507281,-0.6475719459035696,GP,0.06627893265839045,0.2908913513797733,1.167039962453797e+22,4.279146528997256e+22
1.86,1.264,catalog,0.36,771.7762452717325,59.4,517.464467225519,0.01589,catalog,7714973810.044627,73210289.01743986,Jackson,-0.3893483454290966,-0.723443923056722,linear,0.17296678128004353,0.8953113853627059,1.8921212761062356e+23,6.937778012389531e+23
1.86,1.264,catalog,0.36,771.7762452717325,59.4,964.4651414107431,0.01589,catalog,6992453262.353478,87431144.29170085,Selsis,-0.28551559238603036,-0.7467473807698635,linear,0.052423491892428946,0.20991637485251313,6.887474015680172e+23,2.5254071390827295e+24
1.86,1.264,catalog,0.36,771.7762452717325,59.4,1183.3005058940225,0.01589,catalog,5888565186.979222,20677913.858566504,Selsis,-0.43211751830596806,-0.6913926443853475,linear,0.06751818173388649,0.43179989829824905,3.493348768521137e+23,1.2808945484577502e+24
1.86,1.264,catalog,0.36,771.7762452717325,59.4,5211.70710093045,0.01589,catalog,1892209175.5463953,12458423.741880389,Selsis,-0.49506761785853565,-0.675856424141292,linear,0.14156423966744175,0.04730534152605159,2.374352024609038e+23,8.705957423566472e+23
1.86,1.264,catalog,0.36,771.7762452717325,59.4,1395.5101718926323,0.01589,catalog,2815873365.760079,47738322.23958052,Jackson,-0.47058320118897984,-0.7960603143821173,log,0.15273904980808292,0.7373421067733755,7.304583238276208e+21,2.6783471873679428e+22
1.86,1.264,catalog,0.36,771.7762452717325,59.4,10290.026493733458,0.01589,catalog,1167646998.90777,75588371.36021608,Selsis,-0.34896066066283393,-0.7352380883193362,GP,0.37497542872216894,0.9060149834735592,1.7261131312118278e+22,6.329081481110035e+22
1.86,1.264,catalog,0.36,771.7762452717325,59.4,1153.3327208720602,0.01589,catalog,3385935532.7168403,10212473.252546519,Jackson,-0.37290366274136455,-0.7266214735648969,linear,0.21053520454336977,0.9249847925689654,1.7348137640150115e+23,6.360983801388375e+23
1.86,1.264,catalog,0.36,771.7762452717325,59.4,861.5271290862212,0.01589,catalog,4526348185.93639,90296148.55422401,Jackson,-0.4088898041126864,-0.7150349611640332,linear,0.08200720537564718,0.20100440794708363,1.4903148209132718e+23,5.464487676681996e+23
1.86,1.264,catalog,0.36,771.7762452717325,59.4,588.1299299803062,0.01589,catalog,6724919295.518236,95469690.4540993,Jackson,-0.2844925393379765,-0.7809393435354146,linear,0.07999347758397368,0.6329189165269508,3.3381515469943675e+23,1.2239889005646014e+24
1.86,1.264,catalog,0.36,771.7762452717325,59.4,2472.9493596962584,0.01589,catalog,1651956715.2125955,99092004.21895936,Jackson,-0.28659093220811943,-0.6172237329900166,linear,0.26761675901894527,0.7543352135129602,2.2273418981882424e+23,8.166920293356888e+23
1.86,1.264,catalog,0.36,771.7762452717325,59.4,2777.800522482293,0.01589,catalog,1487113942.1431825,63862498.53903527,Jackson,-0.4581097852985417,-0.6113482105493798,linear,0.056479940783831506,0.40078767651143166,1.1432890969145999e+23,4.192060022020199e+23
1.86,1.264,catalog,0.36,771.7762452717325,59.4,1297.6334876500464,0.01589,catalog,3019782201.735964,73871948.43193257,Jackson,-0.3748012578429947,-0.6287205298237617,log,0.24145394761938938,0.43256322006991244,1.1778815187638704e+22,4.318898902134191e+22
1.86,1.264,catalog,0.36,771.7762452717325,59.4,2689.561551441892,0.01589,catalog,3081164553.244478,37314166.40035449,Selsis,-0.355575284705267,-0.6324676137495061,linear,0.07179876077784383,0.31721507482164557,3.987313794386084e+23,1.462015057941564e+24
1.86,1.264,catalog,0.36,771.7762452717325,59.4,800.3779929259682,0.01589,catalog,8207692300.534529,91632317.55505534,Selsis,-0.48047518890912244,-0.7743472598192898,GP,0.35785934009497394,0.6108222688520444,2.226315908465734e+22,8.163158331041025e+22
1.86,1.264,catalog,0.36,771.7762452717325,59.4,669.2639499832545,0.01589,catalog,5868505207.971415,12000213.851787612,Jackson,-0.43667087254979114,-0.6388161092734717,log,0.13726719861135528,0.013779805276421753,1.3427365573948219e+22,4.923367377114347e+22
1.86,1.264,catalog,0.36,771.7762452717325,59.4,2925.4508582232274,0.01589,catalog,2892977870.2036295,34210382.82859738,Selsis,-0.46351934308317805,-0.7289194787955605,linear,0.19602435785937852,0.7828348091270896,2.5950785257415986e+23,9.515287927719194e+23
1.86,1.264,catalog,0.36,771.7762452717325,59.4,12362.497966695615,0.01589,catalog,1029030388.4936903,94479273.01168986,Selsis,-0.37602670698748236,-0.7682439195463513,linear,0.3742617658637637,0.9439984897757137,1.7381589683678475e+23,6.373249550682107e+23
1.86,1.264,catalog,0.36,771.7762452717325,59.4,1501.5725545433822,0.01589,catalog,2625713897.6184235,52602373.37380262,Jackson,-0.33817465732824115,-0.6662307980911473,linear,0.11093598734141122,0.8409390509031958,1.8892664066658615e+23,6.927310157774825e+23
1.86,1.264,catalog,0.36,771.7762452717325,59.4,629.453348152782,0.01589,catalog,10145121911.228868,71971179.07088982,Selsis,-0.34030637523595325,-0.6416955715442062,GP,0.16234054568408748,0.8532795697543201,4.247892545738922e+22,1.5575606001042713e+23
1.86,1.264,catalog,0.36,771.7762452717325,59.4,2386.965412499165,0.01589,catalog,3372016464.659307,52502847.19928769,Selsis,-0.4828572056721534,-0.7500582549753372,log,0.08212061566907855,0.967415235404067,1.6602441253931822e+22,6.087561793108334e+22
1.86,1.264,catalog,0.36,771.7762452717325,59.4,16717.023851650116,0.01589,catalog,489925669.5164919,1431534.9440167213,Selsis,-0.45374083946149574,-0.7624073862716145,GP,0.1296637912315429,0.2850134589427765,7.897962529235896e+21,2.8959195940531617e+22
1.86,1.264,catalog,0.36,771.7762452717325,59.4,1290.4127611898982,0.01589,catalog,3036090505.536831,25825555.59692868,Jackson,-0.345516507807538,-0.7759380260790364,linear,0.2606529407199158,0.4555210851648869,1.8089371524975438e+23,6.632769559157661e+23
1.86,1.264,catalog,0.36,771.7762452717325,59.4,1042.5145148702193,0.01589,catalog,3739741605.966224,21917601.36035736,Jackson,-0.4471768506055121,-0.6501666089620438,linear,0.11980828828452715,0.35426255943898477,1.5869012917289897e+23,5.818638069672962e+23
1.86,1.264,catalog,0.36,771.7762452717325,59.4,391.94295675038074,0.01589,catalog,10489163336.50859,18951763.194503307,Jackson,-0.31528669420007577,-0.6974256169859929,linear,0.055331474300092054,0.5364479169849778,3.4025384911384434e+23,1.2475974467507625e+24
1.86,1.264,catalog,0.36,771.7762452717325,59.4,1783.189489185943,0.01589,catalog,4227305680.4974117,44710953.545370236,Selsis,-0.37681557667981513,-0.6498355163559381,GP,0.09586104847219876,0.8793296106112031,2.9133289209584842e+22,1.0682206043514441e+23
1.86,1.264,catalog,0.36,771.7762452717325,59.4,762.1494320912553,0.01589,catalog,8565338884.594164,77092716.12878577,Selsis,-0.4826040965741528,-0.728922394618713,linear,0.18651655614272955,0.4820456073113287,3.1472523317862046e+23,1.1539925216549417e+24
1.86,1.264,catalog,0.36,771.7762452717325,59.4,16630.396261563306,0.01589,catalog,322279539.7304679,48069300.80828766,Selsis,-0.40636102883533726,-0.7093507048316164,log,0.05210276023831149,0.5126640614792762,3.3222688376449165e+21,1.2181652404698027e+22
1.86,1.264,catalog,0.36,771.7762452717325,59.4,1237.8243533477364,0.01589,catalog,3160805784.0212994,83207072.50874199,Jackson,-0.3205284065088949,-0.793077194219421,linear,0.21511095222883328,0.9096315794349126,1.9898900534740653e+23,7.296263529404906e+23
1.86,1.264,catalog,0.36,771.7762452717325,59.4,545.8648835638312,0.01589,catalog,11540911393.71914,29131027.522166792,Selsis,-0.336591469862806,-0.6847834219987269,linear,0.3708575711365006,0.5016263851964797,5.84382138053572e+23,2.1427345061964306e+24
1.86,1.264,catalog,0.36,771.7762452717325,59.4,996.264665907879,0.01589,catalog,3912075462.6340184,35721158.21929928,Jackson,-0.36580882819630367,-0.6647710459241881,log,0.09907139885619423,0.01946005489774738,1.2962637499500484e+22,4.7529670831501776e+22
1.86,1.264,catalog,0.36,771.7762452717325,59.4,2435.210729019547,0.01589,catalog,1675213502.0217721,82476318.61437364,Jackson,-0.4416220062246314,-0.6135825045676836,GP,0.22326203024644983,0.8171979789732821,8.756637806672065e+21,3.210767195779757e+22
1.86,1.264,catalog,0.36,771.7762452717325,59.4,2005.2477338525941,0.01589,catalog,3856381466.2478886,73192097.31286025,Selsis,-0.3000518264109906,-0.6091114926127296,log,0.17402538245803226,0.42291500349616573,3.6781532453553633e+22,1.3486561899636331e+23
1.86,1.264,catalog,0.36,771.7762452717325,59.4,4420.351932942122,0.01589,catalog,2132765650.0107398,4678340.001958146,Selsis,-0.48785930866542454,-0.7483816838593439,linear,0.19058092599331933,0.7229984407703147,2.4154447950713342e+23,8.856630915261558e+23
1.86,1.264,catalog,0.36,771.7762452717325,59.4,1059.8636676448455,0.01589,catalog,3679169859.6875596,50158833.752034426,Jackson,-0.4328129587982386,-0.6915993738252276,log,0.19530709136817428,0.7526269869800055,9.53445207308865e+21,3.495965760132505e+22
1.86,1.264,catalog,0.36,771.7762452717325,59.4,1207.3843422920918,0.01589,catalog,3238143960.854851,6193090.1277454775,Jackson,-0.37902423344128455,-0.6754442639523692,GP,0.1630476192141642,0.3302290487692342,1.3116718696171578e+22,4.8094635219295786e+22
1.86,1.264,catalog,0.36,771.7762452717325,59.4,500.8461719280557,0.01589,catalog,7993189338.054157,77661279.41035916,Jackson,-0.42392040577337176,-0.7555508515713241,GP,0.23127135788363357,0.9138456007063974,1.257514159964743e+22,4.610885253204057e+22
1.86,1.264,catalog,0.36,771.7762452717325,59.4,1993.8218973688724,0.01589,catalog,3873576218.875097,48147570.268854424,Selsis,-0.32245298229127983,-0.763026239677149,linear,0.19210113424580177,0.6926663278602023,4.5537087027372935e+23,1.6696931910036742e+24
1.86,1.264,catalog,0.36,771.7762452717325,59.4,2024.6353502021407,0.01589,catalog,3827619794.525393,64870051.36599572,Selsis,-0.36105152818932684,-0.7607980443316761,log,0.16934834594855497,0.1751665963943878,2.291107874651815e+22,8.40072887372332e+22
1.86,1.264,catalog,0.36,771.7762452717325,59.4,3529.8847372139626,0.01589,catalog,2516719865.428244,40137584.4964008,Selsis,-0.43889241142254887,-0.6877642906032804,log,0.08309514683781553,0.07858219565347513,1.6932658808285947e+22,6.20864156303818e+22
1.86,1.264,catalog,0.36,771.7762452717325,59.4,3331.990696344393,0.01589,catalog,2626226683.7168484,4195774.182363533,Selsis,-0.39374990843669255,-0.6035174546903054,GP,0.40525470959642457,0.18283248554229425,2.8883993642962147e+22,1.059079766908612e+23
1.86,1.264,catalog,0.36,771.7762452717325,59.4,783.6505597289022,0.01589,catalog,8359903041.517695,15811645.867786977,Selsis,-0.45136690084133263,-0.7627492388614497,log,0.08206353126583255,0.5931163171629683,2.2187800357317957e+22,8.135526797683251e+22
1.86,1.264,catalog,0.36,771.7762452717325,59.4,2470.9641857033635,0.01589,catalog,3284723232.920068,23802614.28604242,Selsis,-0.4224547258811495,-0.6301000468387626,log,0.06426954273324396,0.1561110076602531,2.159349807742024e+22,7.917615961720755e+22
1.86,1.264,catalog,0.36,771.7762452717325,59.4,822.0916163590996,0.01589,catalog,8019307865.68116,5443211.595894239,Selsis,-0.33084337047201784,-0.7980246922545862,log,0.2604859903904905,0.4426812126014589,3.4644091266989187e+22,1.2702833464562701e+23
1.86,1.264,catalog,0.36,771.7762452717325,59.4,2604.4215217564847,0.01589,catalog,3156717171.9660597,32638770.035967235,Selsis,-0.41334690189143275,-0.6572344936676923,linear,0.06686972480300514,0.2020453029022321,3.18672325918006e+23,1.1684651950326887e+24
1.86,1.264,catalog,0.36,771.7762452717325,59.4,756.9097622933047,0.01589,catalog,5165547973.995947,31196258.309861407,Jackson,-0.36971047042441374,-0.7094856385068827,linear,0.08362401048868089,0.021904950863526396,1.954012471965808e+23,7.164712397207962e+23
1.86,1.264,catalog,0.36,771.7762452717325,59.4,781.6329588590108,0.01589,catalog,8378700965.74968,78621401.3723573,Selsis,-0.3696811657974191,-0.7967586025760689,GP,0.3695428666839995,0.40266045548787266,2.9800405665348955e+22,1.092681541062795e+23
1.86,1.264,catalog,0.36,771.7762452717325,59.4,523.0313174490179,0.01589,catalog,7626173260.969035,28592588.789359607,Jackson,-0.31984253116219624,-0.6143649124597426,linear,0.14032831139950275,0.236714620871884,3.5233869391469074e+23,1.291908544353866e+24
1.86,1.264,catalog,0.36,771.7762452717325,59.4,1495.8593078006775,0.01589,catalog,4859508236.589504,88591952.87337755,Selsis,-0.4316665715827432,-0.7904185678802983,log,0.22955176871572547,0.44198679575902833,1.8979688301944654e+22,6.959219044046373e+22
1.86,1.264,catalog,0.36,771.7762452717325,59.4,1946.935536757002,0.01589,catalog,3946107490.393972,26539538.552500933,Selsis,-0.45762481734235383,-0.7372983297791119,log,0.12220283787301478,0.5439794683934287,1.8578509723054656e+22,6.812120231786707e+22
1.86,1.264,catalog,0.36,771.7762452717325,59.4,7123.297225301946,0.01589,catalog,654620910.6532762,39586514.133497134,Jackson,-0.2877510173444113,-0.7939267027902552,log,0.22118912527800902,0.41376004577170367,7.771544132577469e+21,2.849566181945072e+22
1.86,1.264,catalog,0.36,771.7762452717325,59.4,511.35187456470265,0.01589,catalog,7814963694.725426,21230519.684688836,Jackson,-0.4052198726578665,-0.6081971240428964,linear,0.34477010651480144,0.34707985979567046,2.6235405734028982e+23,9.61964876914396e+23
1.86,1.264,catalog,0.36,771.7762452717325,59.4,2413.4067707924137,0.01589,catalog,1688980390.4682086,70168240.88157396,Jackson,-0.48970332487000273,-0.6696405473244332,GP,0.16347853325826814,0.3713203247281829,7.049058771863718e+21,2.5846548830166964e+22
1.86,1.264,catalog,0.36,771.7762452717325,59.4,2670.3960276685953,0.01589,catalog,3097786609.8858128,21883143.81904216,Selsis,-0.3198984363757079,-0.7745227153105687,log,0.20513062125109807,0.11673747076429575,2.7684873838367034e+22,1.0151120407401245e+23
1.86,1.264,catalog,0.36,771.7762452717325,59.4,1267.7320319125504,0.01589,catalog,5561971666.54053,31677522.168325957,Selsis,-0.4926473264707687,-0.660321294746715,log,0.05904716910256486,0.5943652406785003,2.1506108654999453e+22,7.8855731734998e+22
1.86,1.264,catalog,0.36,771.7762452717325,59.4,1034.1484120104728,0.01589,catalog,3769714005.0201306,76322948.3911503,Jackson,-0.3637180565565839,-0.6039046778175153,GP,0.0851880906380005,0.21533093103985956,1.5891376354185668e+22,5.826837996534745e+22
1.86,1.264,catalog,0.36,771.7762452717325,59.4,8004.060377119353,0.01589,catalog,593383753.017266,57197573.00460566,Jackson,-0.4119969206480388,-0.6961157221964108,linear,0.21161005610939476,0.4059522929629277,5.929508625936144e+22,2.174153162843253e+23
1.86,1.264,catalog,0.36,771.7762452717325,59.4,2473.4554444201026,0.01589,catalog,1651649634.3752458,42458539.85152368,Jackson,-0.3194135909932125,-0.7480360094218872,GP,0.055113561387683335,0.6796252698103886,1.248534464284782e+22,4.577959702377534e+22
1.86,1.264,catalog,0.36,771.7762452717325,59.4,672.7068252560961,0.01589,catalog,5837132433.090506,93939318.76030162,Jackson,-0.29317257421136866,-0.6834694447534668,linear,0.16924621481223084,0.6448207426492059,3.1802735223832365e+23,1.16610029154052e+24
1.86,1.264,catalog,0.36,771.7762452717325,59.4,1983.5445362896344,0.01589,catalog,3889200615.2034855,38424153.48261055,Selsis,-0.48142658896589874,-0.6767908482192889,linear,0.29589790857004117,0.9712380465240847,2.9136242293102092e+23,1.06832888408041e+24
1.86,1.264,catalog,0.36,771.7762452717325,59.4,881.3511510279193,0.01589,catalog,4423438307.628599,67486833.64154106,Jackson,-0.46085589003886185,-0.7029417131659303,linear,0.4191059008680742,0.733212661052899,1.3539209343050996e+23,4.964376759118698e+23
1.86,1.264,catalog,0.36,771.7762452717325,59.4,7666.153139942037,0.01589,catalog,1435398461.736438,73941800.20473032,Selsis,-0.3439388736089719,-0.6226084112505746,GP,0.2364114934794555,0.1808555036514452,2.241753197959748e+22,8.219761725852409e+22
1.86,1.264,catalog,0.36,771.7762452717325,59.4,5176.15206563659,0.01589,catalog,1901596397.9039035,90699383.06091867,Selsis,-0.3575980656160375,-0.6840202092623654,linear,0.4356121813421029,0.017375911860839977,2.8726240840847746e+23,1.0532954974977507e+24
1.86,1.264,catalog,0.36,771.7762452717325,59.4,1395.2745869578969,0.01589,catalog,2816328813.319047,37113952.57668668,Jackson,-0.49075156657131297,-0.6618394301416285,GP,0.40533385918373743,0.03862802635462892,9.077100188164144e+21,3.328270068993519e+22
1.86,1.264,catalog,0.36,771.7762452717325,59.4,14264.176319337368,0.01589,catalog,933210417.7521722,34302524.186399624,Selsis,-0.4298500275246261,-0.6590403334870365,log,0.13167340170507214,0.006340694166501737,1.0186663336023243e+22,3.735109889875189e+22
1.86,1.264,catalog,0.36,771.7762452717325,59.4,918.7351799413797,0.01589,catalog,4242193890.753558,7890147.135529864,Jackson,-0.4128429423821186,-0.7119780022317047,log,0.25904291460841977,0.7669005454389659,1.0931922252692038e+22,4.008371492653747e+22
1.86,1.264,catalog,0.36,771.7762452717325,59.4,6412.524823168497,0.01589,catalog,715670406.6120741,18250453.81216644,Jackson,-0.4558548690722992,-0.7251681578964202,GP,0.11692483096402978,0.5192644970630795,5.131868434804984e+21,1.8816850927618273e+22
1.86,1.264,catalog,0.36,771.7762452717325,59.4,1442.6656039376296,0.01589,catalog,5002940074.430088,33431395.12883681,Selsis,-0.37092424781392297,-0.6584039229723678,linear,0.06250451626113278,0.4817090838214443,4.172050118945167e+23,1.5297517102798946e+24
1.86,1.264,catalog,0.36,771.7762452717325,59.4,1710.1053177923511,0.01589,catalog,2322182549.9558644,31936311.819601126,Jackson,-0.41747280063383535,-0.7703993268844422,log,0.08833216418239204,0.5994485745279925,7.98408218459799e+21,2.927496801019263e+22
1.86,1.264,catalog,0.36,771.7762452717325,59.4,991.3745349852234,0.01589,catalog,3931287803.1771784,7289395.633626363,Jackson,-0.468581212975416,-0.6868639136493381,linear,0.21226700693874734,0.18383410685422374,1.4725500645928887e+23,5.399350236840592e+23
1.86,1.264,catalog,0.36,771.7762452717325,59.4,3696.003849173529,0.01589,catalog,2432692134.6338587,11418171.881589469,Selsis,-0.3006235804942153,-0.7232448412855471,GP,0.13158094562261835,0.24527089846388073,3.800911508308148e+22,1.3936675530463208e+23
1.86,1.264,catalog,0.36,771.7762452717325,59.4,2321.8895081341775,0.01589,catalog,1749575013.076305,28447415.779672243,Jackson,-0.432142972743663,-0.7177295548350482,GP,0.17299663220026032,0.9631967758035728,7.890472859507511e+21,2.8931733818194205e+22
1.86,1.264,catalog,0.36,771.7762452717325,59.4,951.1352445687533,0.01589,catalog,7075718464.12872,31209551.838754684,Selsis,-0.4928880777572055,-0.6310995788836445,log,0.11787228108674863,0.13451281322977837,2.485178285492468e+22,9.11232038013905e+22
1.86,1.264,catalog,0.36,771.7762452717325,59.4,2384.9824846037204,0.01589,catalog,3374145492.7164154,3926823.637140164,Selsis,-0.32146041260707786,-0.7610088353603454,linear,0.10693562551653928,0.08917349355307647,4.741802269689706e+23,1.7386608322195588e+24
1.86,1.264,catalog,0.36,771.7762452717325,59.4,1438.4028344268615,0.01589,catalog,5015009247.830809,60156966.70285758,Selsis,-0.3189976791770991,-0.7309135228856044,log,0.06404918396461898,0.8627517327568677,3.1795129491367764e+22,1.1658214146834846e+23
1.86,1.264,catalog,0.36,771.7762452717325,59.4,1354.2436394834758,0.01589,catalog,2898141376.172989,24930710.733336244,Jackson,-0.2827488308318493,-0.6829429066156041,linear,0.08815362498205848,0.9366531389268942,2.972308194996874e+23,1.0898463381655204e+24
1.86,1.264,catalog,0.36,771.7762452717325,59.4,4372.162963785318,0.01589,catalog,995244286.003305,42701948.375270195,Jackson,-0.4655806654306662,-0.7397822629803853,linear,0.14613519884813747,0.030712064458241484,7.550891099673929e+22,2.7686600698804405e+23
1.86,1.264,catalog,0.36,771.7762452717325,59.4,725.3593252260337,0.01589,catalog,8945101258.953712,72963022.07609342,Selsis,-0.31341252410573084,-0.6153861121633334,linear,0.07039550863509994,0.7513572403165129,6.918296067760822e+23,2.536708558178968e+24
1.86,1.264,catalog,0.36,771.7762452717325,59.4,1000.0993606670673,0.01589,catalog,3897148257.580712,24113255.542889036,Jackson,-0.4022435895927597,-0.6966986406549819,linear,0.21960397082105168,0.4185959668853283,1.6187434211865197e+23,5.935392544350572e+23
1.86,1.264,catalog,0.36,771.7762452717325,59.4,11475.627230479435,0.01589,catalog,1083009055.6275926,68121219.59946233,Selsis,-0.4322036033965898,-0.7181449281697613,linear,0.18518055974303055,0.21352981485929,1.6484684834928398e+23,6.044384439473746e+23
1.86,1.264,catalog,0.36,771.7762452717325,59.4,796.8596688585376,0.01589,catalog,8239178474.7518,83969581.50756554,Selsis,-0.4392290120700329,-0.6698458606683794,linear,0.09837849730206402,0.0525910863796617,3.662097122012428e+23,1.3427689447378904e+24
1.86,1.264,catalog,0.36,771.7762452717325,59.4,1125.0610303716358,0.01589,catalog,6141456218.808106,97235803.00591215,Selsis,-0.4879392477185207,-0.6900269967727923,GP,0.26124544605055205,0.3233898868502858,2.1962646403521484e+22,8.052970347957877e+22
1.86,1.264,catalog,0.36,771.7762452717325,59.4,758.0705064391356,0.01589,catalog,5157412895.258435,56734844.07812325,Jackson,-0.44526600081614454,-0.7552375130250202,GP,0.07556279614937425,0.7699285424489225,1.007946320709986e+22,3.6958031759366156e+22
1.86,1.264,catalog,0.36,771.7762452717325,59.4,813.5124938806172,0.01589,catalog,4797842080.396891,39622786.157217816,Jackson,-0.3596178915784126,-0.7428075305840659,log,0.0602608677246618,0.8334513624692467,1.2866959683604296e+22,4.717885217321575e+22
1.86,1.264,catalog,0.36,771.7762452717325,59.4,2221.6284874700136,0.01589,catalog,3562017159.2842216,35651687.355967715,Selsis,-0.4935781117584974,-0.6156916917687785,GP,0.29746260056039875,0.6756467458229065,2.42927669259928e+22,8.907347872864027e+22
1.86,1.264,catalog,0.36,771.7762452717325,59.4,455.0905455650561,0.01589,catalog,8877848231.826302,36567407.806754574,Jackson,-0.43828873479463315,-0.7023599744640623,log,0.2195639117795145,0.19565044271608256,1.2266696701164537e+22,4.4977887904269966e+22
1.86,1.264,catalog,0.36,771.7762452717325,59.4,1235.8239815048373,0.01589,catalog,3165766832.124959,29112186.611743808,Jackson,-0.49139930546572547,-0.7301602042984194,log,0.06703589996442552,0.3850799091964431,7.975302659685397e+21,2.9242776418846455e+22
1.86,1.264,catalog,0.36,771.7762452717325,59.4,701.3409602180868,0.01589,catalog,5589141346.344231,54869233.106589735,Jackson,-0.39505833225725434,-0.6101149601142034,log,0.1352498449439841,0.1400066233510595,1.5385371389078136e+22,5.641302842661983e+22
1.86,1.264,catalog,0.36,771.7762452717325,59.4,536.7053145058201,0.01589,catalog,7416726564.154627,22209882.38675942,Jackson,-0.3008995338495717,-0.6767363107939337,linear,0.0774824076390815,0.04013461659869155,3.496960637942896e+23,1.282218900579062e+24
1.86,1.264,catalog,0.36,771.7762452717325,59.4,910.877752954167,0.01589,catalog,4278977430.622568,18906490.86730843,Jackson,-0.3559514361450782,-0.6616075394908174,linear,0.1553096501826267,0.170496290582561,2.172019852551556e+23,7.964072792689039e+23
1.86,1.264,catalog,0.36,771.7762452717325,59.4,2096.8883212332175,0.01589,catalog,3724809107.304475,8579761.588396376,Selsis,-0.4740766075450435,-0.7447523819746934,linear,0.07049777752777943,0.4674402159424198,2.8412252553212796e+23,1.0417825936178025e+24
1.86,1.264,catalog,0.36,771.7762452717325,59.4,4942.08746013034,0.01589,catalog,1966398463.9399264,71854360.23450889,Selsis,-0.33105900683368117,-0.7598495082924998,log,0.47766093173858826,0.3987824027148018,2.0360696700007354e+22,7.465588790002697e+22
1.86,1.264,catalog,0.36,771.7762452717325,59.4,780.715926019178,0.01589,catalog,5003902146.653844,56172333.18213734,Jackson,-0.37553704754158124,-0.70860975444516,linear,0.1372087317486066,0.3201356794996485,1.828348229763271e+23,6.703943509131993e+23
1.86,1.264,catalog,0.36,771.7762452717325,59.4,3096.069350382505,0.01589,catalog,2773268012.0095406,63938036.202979244,Selsis,-0.3928217078614264,-0.7170562793523285,log,0.057797818480801365,0.3753210742199026,1.8592999228919178e+22,6.817433050603698e+22
1.86,1.264,catalog,0.36,771.7762452717325,59.4,350.8160547205881,0.01589,catalog,11902267305.722836,83309609.0255349,Jackson,-0.2930061106020679,-0.6423251788232226,GP,0.3291054718633178,0.4048579750527369,3.0566768348230486e+22,1.1207815061017844e+23
1.86,1.264,catalog,0.36,771.7762452717325,59.4,699.8861229744531,0.01589,catalog,9231507577.064877,73534718.2381404,Selsis,-0.4904493256612959,-0.7552889784100065,GP,0.457121021660997,0.9304796516971917,2.334766396228721e+22,8.560810119505309e+22
1.86,1.264,catalog,0.36,771.7762452717325,59.4,1585.9912007201187,0.01589,catalog,2492951479.179465,46759593.186823085,Jackson,-0.48484603454349,-0.6797054050347956,linear,0.26656335932040237,0.47566523654772774,1.1602028278109723e+23,4.2540770353068984e+23
1.86,1.264,catalog,0.36,771.7762452717325,59.4,1650.402177791952,0.01589,catalog,4493634450.815512,20499335.586297974,Selsis,-0.33163157429416146,-0.7089270070645042,GP,0.0600835864329818,0.3650832850387027,3.5793177160346684e+22,1.3124164958793783e+23
1.86,1.264,catalog,0.36,771.7762452717325,59.4,1862.6822936556187,0.01589,catalog,2143882306.3388662,7201995.002302109,Jackson,-0.3150212294212396,-0.6532989833273033,GP,0.4581768104199656,0.020380601673091414,1.7039801416953872e+22,6.247927186216419e+22
1.86,1.264,catalog,0.36,771.7762452717325,59.4,1360.6992235528833,0.01589,catalog,5247686444.920476,52312166.89078299,Selsis,-0.36678775569354116,-0.6116910353829277,GP,0.14041928551710237,0.9600781647249698,3.5079674180430438e+22,1.286254719949116e+23
1.86,1.264,catalog,0.36,771.7762452717325,59.4,390.7950600247054,0.01589,catalog,10523986771.576317,17969120.62470115,Jackson,-0.4342696738708097,-0.7658588614925943,GP,0.3449737882676829,0.14971594527947896,1.456540090752456e+22,5.340646999425672e+22
1.86,1.264,catalog,0.36,771.7762452717325,59.4,3550.767547931515,0.01589,catalog,1194683447.387994,62512224.0593822,Jackson,-0.4072023419660058,-0.6299363900670422,GP,0.12041889821043408,0.15189285910649453,7.83349680344998e+21,2.8722821612649925e+22
1.86,1.264,catalog,0.36,771.7762452717325,59.4,1497.6676484634352,0.01589,catalog,2632225597.1944246,41885151.556144044,Jackson,-0.345723793471838,-0.639559157694997,GP,0.06196617430994914,0.8730991378553313,1.4208211049028008e+22,5.2096773846436025e+22
1.86,1.264,catalog,0.36,771.7762452717325,59.4,921.317360327826,0.01589,catalog,4230250995.8539824,23378910.748147298,Jackson,-0.3174830625116967,-0.665039424457356,linear,0.10851178058365371,0.42150401520083614,2.6606230389572225e+23,9.755617809509816e+23
1.86,1.264,catalog,0.36,771.7762452717325,59.4,8134.225421812506,0.01589,catalog,1376471271.959738,62427684.901363246,Selsis,-0.29118487727606435,-0.7699339269767457,linear,0.4927520426025582,0.29163233481498063,3.65970186233747e+23,1.3418906828570724e+24
1.86,1.264,catalog,0.36,771.7762452717325,59.4,923.4446602561148,0.01589,catalog,4220465178.0612254,70415208.23486587,Jackson,-0.3004262204270742,-0.6522097111918304,linear,0.055168139923619464,0.2896012902773618,2.878187109422468e+23,1.055335273454905e+24
1.86,1.264,catalog,0.36,771.7762452717325,59.4,589.2860819580505,0.01589,catalog,6710892268.426962,39598824.380113535,Jackson,-0.3336111878751678,-0.7241953902194233,log,0.18701880138189828,0.2690511247248665,1.6788451842169544e+22,6.1557656754621654e+22
1.86,1.264,catalog,0.36,771.7762452717325,59.4,1016.7249597567925,0.01589,catalog,3833801630.6337967,37580573.15053449,Jackson,-0.31891847687953334,-0.6060224850226714,GP,0.292490026831744,0.296582581640616,2.085898481367905e+22,7.648294431682318e+22
1.86,1.264,catalog,0.36,771.7762452717325,59.4,2302.0471371858603,0.01589,catalog,1763353810.0160394,33774781.086539455,Jackson,-0.3726197608031537,-0.7119734762509833,GP,0.08611850249808307,0.29708384674872623,9.688242513499115e+21,3.5523555882830087e+22
1.86,1.264,catalog,0.36,771.7762452717325,59.4,2996.4053784751586,0.01589,catalog,2841685931.548539,12479668.983615562,Selsis,-0.2809115990004541,-0.7695899026227226,linear,0.1303141096884671,0.5026080625318965,5.9785566371996134e+23,2.1921374336398583e+24
1.86,1.264,catalog,0.36,771.7762452717325,59.4,2297.4042458336235,0.01589,catalog,1766612210.2413204,81821467.77086423,Jackson,-0.47179537820686496,-0.6462901564939532,log,0.35809484513031264,0.2839171063998134,7.050015433003953e+21,2.585005658768116e+22
1.86,1.264,catalog,0.36,771.7762452717325,59.4,531.3267832387286,0.01589,catalog,7497681402.638373,21491947.24561401,Jackson,-0.42962310040427915,-0.6433023459458119,GP,0.10606381907753534,0.284245183050682,1.5188020837539222e+22,5.568940973764381e+22
1.86,1.264,catalog,0.36,771.7762452717325,59.4,977.6308542541805,0.01589,catalog,3986370281.042703,24833621.019814547,Jackson,-0.3325502309391307,-0.7140498651365078,log,0.16370873367429517,0.27722036533564953,1.4701603545237238e+22,5.3905879665869865e+22
1.86,1.264,catalog,0.36,771.7762452717325,59.4,1293.5391972945902,0.01589,catalog,5470369268.778173,18361588.20329426,Selsis,-0.44174765686820117,-0.6385894955935606,GP,0.3818535986827184,0.35608331214094757,2.7692924464149333e+22,1.0154072303521422e+23
1.86,1.264,catalog,0.36,771.7762452717325,59.4,1000.1885351143388,0.01589,catalog,3896802566.165646,79025332.52165423,Jackson,-0.47572497524127905,-0.6734744563841149,log,0.17568024262703424,0.6833688101547049,9.079840104835948e+21,3.329274705106514e+22
1.86,1.264,catalog,0.36,771.7762452717325,59.4,610.6097393883516,0.01589,catalog,10425770412.636742,46576125.154637426,Selsis,-0.34951812827777806,-0.6658721549353629,linear,0.16675889400092278,0.9372253702609962,5.40042900996845e+23,1.9801573036550983e+24
1.86,1.264,catalog,0.36,771.7762452717325,59.4,403.6152221214307,0.01589,catalog,10147901189.450357,1195250.811276494,Jackson,-0.4815331780019103,-0.7265308364624425,log,0.1174124352568099,0.9212922439968362,1.1930278820851745e+22,4.37443556764564e+22
1.86,1.264,catalog,0.36,771.7762452717325,59.4,1071.076306293806,0.01589,catalog,3641117939.006316,23238074.68779875,Jackson,-0.387301518614135,-0.756985609420288,GP,0.25383098857736097,0.5459589562279011,1.1224117485078841e+22,4.115509744528908e+22
1.86,1.264,catalog,0.36,771.7762452717325,59.4,2569.860763797146,0.01589,catalog,1595346490.4916034,27091462.684340067,Jackson,-0.47040531082856873,-0.7741848114948011,log,0.46395827017342095,0.2953137473220915,6.259159675710048e+21,2.2950252144270175e+22
1.86,1.264,catalog,0.36,771.7762452717325,59.4,1251.8334669204105,0.01589,catalog,5620215437.6701145,18479034.636175614,Selsis,-0.3647408382885789,-0.6477933043097289,log,0.10057888299508401,0.5535726840494593,2.9430993655988503e+22,1.0791364340529116e+23
1.86,1.264,catalog,0.36,771.7762452717325,59.4,747.2973397049038,0.01589,catalog,5233963711.444543,42272603.84057169,Jackson,-0.4894686762967529,-0.6066610773253014,log,0.11602326298650072,0.4462624280355887,1.3183479476477386e+22,4.833942474708375e+22
1.86,1.264,catalog,0.36,771.7762452717325,59.4,2092.9843864337536,0.01589,catalog,3730194921.4734306,88778849.34136283,Selsis,-0.47167309022198256,-0.6852946956711375,log,0.0878915578339725,0.6986775327498868,1.78567001230206e+22,6.547456711774219e+22
1.86,1.264,catalog,0.36,771.7762452717325,59.4,2012.2664728356428,0.01589,catalog,1995578605.1685972,1711421.0435629564,Jackson,-0.33397523968538156,-0.709562260342383,log,0.10250250101291779,0.40905266080039715,1.2173331191635424e+22,4.463554770266322e+22
1.86,1.264,catalog,0.36,771.7762452717325,59.4,977.5669531382053,0.01589,catalog,6912787700.235571,16381354.790403215,Selsis,-0.4581472728724777,-0.7949015335145332,GP,0.06822214516014335,0.6254156261139691,2.3418209607830093e+22,8.586676856204367e+22
1.86,1.264,catalog,0.36,771.7762452717325,59.4,2643.409294925901,0.01589,catalog,1555135473.7119012,34298600.56591617,Jackson,-0.37195688909196517,-0.6198163008188556,linear,0.08709948490654787,0.6789762062717173,1.4666912597858015e+23,5.3778679525479385e+23
1.86,1.264,catalog,0.36,771.7762452717325,59.4,4055.3994844948643,0.01589,catalog,2271789812.8059225,43946553.37772886,Selsis,-0.3847923289867824,-0.6203113803122223,linear,0.4702217713480746,0.8031956892496456,3.239526349635392e+23,1.1878263281996438e+24
1.86,1.264,catalog,0.36,771.7762452717325,59.4,917.8300036522231,0.01589,catalog,4246397311.8411794,18649602.355533496,Jackson,-0.3931630811968386,-0.7171252395812467,GP,0.41812492858400413,0.6643485874555594,1.2008458290503946e+22,4.40310137318478e+22
1.86,1.264,catalog,0.36,771.7762452717325,59.4,2057.592516976012,0.01589,catalog,3779889210.16013,50254888.91094071,Selsis,-0.38736268771213256,-0.6544478682967743,linear,0.2790186153346832,0.8283270066632504,3.5809419752697384e+23,1.313012057598904e+24
1.86,1.264,catalog,0.36,771.7762452717325,59.4,570.6884328506104,0.01589,catalog,6944140760.630887,39147097.357584,Jackson,-0.48043868628330244,-0.6529320694900446,log,0.14781476114097009,0.7110152117019908,1.2124992809092388e+22,4.445830696667209e+22
1.86,1.264,catalog,0.36,771.7762452717325,59.4,564.7864965082805,0.01589,catalog,7021709606.334281,92123300.76337558,Jackson,-0.35388415107335497,-0.7816325003386525,linear,0.4187637871484951,0.8325438853671538,2.0463055415417998e+23,7.503120318986599e+23
1.86,1.264,catalog,0.36,771.7762452717325,59.4,5268.646512227264,0.01589,catalog,1877412135.37404,3302640.5759204677,Selsis,-0.4414227218836825,-0.6907265785212579,GP,0.12146312080429009,0.41805733619896923,1.950794117902281e+22,7.152911765641696e+22
1.86,1.264,catalog,0.36,771.7762452717325,59.4,1862.0147539230124,0.01589,catalog,4086153923.2666564,91573353.11319797,Selsis,-0.32648630965910636,-0.7455531890650136,log,0.08668941740176778,0.7797828901273136,2.7665257911329793e+22,1.0143927900820924e+23
1.86,1.264,catalog,0.36,771.7762452717325,59.4,3301.2774867406347,0.01589,catalog,1274370952.4816167,71823892.95709012,Jackson,-0.40177377801760616,-0.6654404701791002,linear,0.34376290346382704,0.9087686585876699,1.0156141707976245e+23,3.723918626257956e+23
1.86,1.264,catalog,0.36,771.7762452717325,59.4,1107.4626158002814,0.01589,catalog,6222951017.182318,16882944.219500974,Selsis,-0.3805157970667171,-0.7652442608920401,linear,0.05530945462242631,0.0755590766057509,3.9062657529371536e+23,1.4322974427436228e+24
1.86,1.264,catalog,0.36,771.7762452717325,59.4,3620.0988317268875,0.01589,catalog,2470356799.3626223,48773592.823176995,Selsis,-0.30653829443319314,-0.651474773010045,log,0.2608882552994237,0.5935768524071229,2.8424873877644174e+22,1.0422453755136197e+23
1.86,1.264,catalog,0.36,771.7762452717325,59.4,651.1052739936583,0.01589,catalog,6039962056.916215,89271351.22422297,Jackson,-0.4446266994543383,-0.7067238669721678,linear,0.06540044896734289,0.09089317919632445,1.498342230367873e+23,5.4939215113488675e+23
1.86,1.264,catalog,0.36,771.7762452717325,59.4,1720.3673866371487,0.01589,catalog,4348481497.230899,23916305.692079674,Selsis,-0.49074522616930083,-0.6364344759956919,log,0.1871601061129057,0.5386459419388152,2.1417198342087517e+22,7.85297272543209e+22
1.86,1.264,catalog,0.36,771.7762452717325,59.4,1563.228569581953,0.01589,catalog,4691598613.573466,52641620.47880605,Selsis,-0.2907084097289898,-0.6427525181704181,GP,0.2870752079320068,0.086268084575023,5.0293785846390635e+22,1.844105481034323e+23
1.86,1.264,catalog,0.36,771.7762452717325,59.4,848.6905964887626,0.01589,catalog,7801592205.627686,85720951.49690334,Selsis,-0.4413811830932666,-0.6637881000795997,GP,0.13597145730373558,0.6521333801605459,2.64216595162191e+22,9.68794182261367e+22
1.86,1.264,catalog,0.36,771.7762452717325,59.4,2397.766013107091,0.01589,catalog,1699009468.8830743,10809126.835896213,Jackson,-0.3543841915557608,-0.7918683652729632,GP,0.07019516270201394,0.3424445973820086,1.0752631386714424e+22,3.9426315084619554e+22
1.86,1.264,catalog,0.36,771.7762452717325,59.4,1980.9807471454774,0.01589,catalog,3893121871.4851923,64664512.39657918,Selsis,-0.30278697683613776,-0.6456388100331277,GP,0.14016573460157206,0.12360368583084391,4.2735178129724875e+22,1.5669565314232454e+23
1.86,1.264,catalog,0.36,771.7762452717325,59.4,4408.104168172338,0.01589,catalog,988171771.8134604,18786488.08426628,Jackson,-0.2843063225170904,-0.6778789589297398,GP,0.1517612522943698,0.7549861203639586,1.4625022846710894e+22,5.362508377127327e+22
1.86,1.264,catalog,0.36,771.7762452717325,59.4,1198.7250497041814,0.01589,catalog,5825581073.988504,6486807.650966775,Selsis,-0.422980560545868,-0.7738021736590697,log,0.19315099850180673,0.3537224308367861,2.2145696789981953e+22,8.120088822993382e+22
1.86,1.264,catalog,0.36,771.7762452717325,59.4,2942.0119650295296,0.01589,catalog,2880804311.2832203,79927047.69803159,Selsis,-0.32421349796351784,-0.7365642457492466,linear,0.08636883875009004,0.42098639151497874,4.0103350587082636e+23,1.47045618819303e+24
1.86,1.264,catalog,0.36,771.7762452717325,59.4,2083.328545255591,0.01589,catalog,1932634270.1364524,63659181.14043289,Jackson,-0.3783017129546045,-0.6005928015601627,log,0.12149705773702993,0.39309332190154334,1.0448242312006154e+22,3.831022181068923e+22
1.86,1.264,catalog,0.36,771.7762452717325,59.4,1447.0876755733009,0.01589,catalog,2719827159.14454,86238738.1358539,Jackson,-0.3638034872456178,-0.6196012632639406,log,0.13111722000345954,0.4033251652191664,1.1867396316555337e+22,4.3513786494036235e+22
1.86,1.264,catalog,0.36,771.7762452717325,59.4,530.1532449361156,0.01589,catalog,7515587485.218645,97440634.70772569,Jackson,-0.3879870864153669,-0.7383649570406323,log,0.07736501269144809,0.360275719821574,1.2331787431485068e+22,4.521655391544525e+22
1.86,1.264,catalog,0.36,771.7762452717325,59.4,5853.348124428155,0.01589,catalog,1740416184.056501,17745718.277264405,Selsis,-0.2929879958308138,-0.700227812924238,linear,0.17091364774055715,0.9384332438231006,4.4759213814148885e+23,1.641171173185459e+24
1.86,1.264,catalog,0.36,771.7762452717325,59.4,16684.686043240537,0.01589,catalog,790232842.1862311,25844023.574732196,Selsis,-0.291452320269867,-0.7918363201681116,linear,0.08985853614880317,0.6380956909353067,2.533060628433142e+23,9.28788897092152e+23
1.86,1.264,catalog,0.36,771.7762452717325,59.4,1513.3691094573437,0.01589,catalog,4814504756.308227,3588896.801755367,Selsis,-0.34595618062035116,-0.6030223178412145,log,0.4538323796595747,0.2833271035764586,3.434600224969218e+22,1.2593534158220466e+23
1.86,1.264,catalog,0.36,771.7762452717325,59.4,1979.0894624375248,0.01589,catalog,3896020630.628874,59933610.28049,Selsis,-0.3624842913675221,-0.6066479786464491,GP,0.23681268292121,0.7858691541941328,3.2966330072341594e+22,1.2087654359858585e+23
1.86,1.264,catalog,0.36,771.7762452717325,59.4,1798.7831521903556,0.01589,catalog,4198461363.6794944,37352449.11105902,Selsis,-0.4916044704079168,-0.7769429757631011,linear,0.18093931311995162,0.03815931500345204,2.6836912588225887e+23,9.840201282349491e+23
1.86,1.264,catalog,0.36,771.7762452717325,59.4,16638.685694441494,0.01589,catalog,296619167.0541145,13039503.76299451,Selsis,-0.47217823515202056,-0.7310302534561723,linear,0.2222106513156816,0.3573002619784762,5.762352329590576e+22,2.1128625208498776e+23
1.86,1.264,catalog,0.36,771.7762452717325,59.4,944.4435656865344,0.01589,catalog,4126371979.133471,26319647.794000607,Jackson,-0.40652131761279076,-0.788029509727646,GP,0.06826326391614083,0.35970116109539874,1.055298705293616e+22,3.8694285860765925e+22
1.86,1.264,catalog,0.36,771.7762452717325,59.4,1972.091969195784,0.01589,catalog,3906790798.1763844,62991771.57183442,Selsis,-0.4979753174842675,-0.6382253449923794,GP,0.08194628308580718,0.4056370690438209,2.2501437253692393e+22,8.250526993020544e+22
1.86,1.264,catalog,0.36,771.7762452717325,59.4,1286.6927196396746,0.01589,catalog,3044566214.6335087,29287611.269745152,Jackson,-0.4718586048469331,-0.7070859397438121,log,0.09231642047546657,0.5375135870424602,8.340784317326027e+21,3.058287583019543e+22
1.86,1.264,catalog,0.36,771.7762452717325,59.4,919.7522428135561,0.01589,catalog,7281129980.030014,38541818.41819501,Selsis,-0.4418447969094644,-0.6105358710466663,GP,0.1434875380053079,0.1661361172947894,3.1753522607170056e+22,1.1642958289295686e+23
1.86,1.264,catalog,0.36,771.7762452717325,59.4,9545.465737888571,0.01589,catalog,510834009.6091828,7348446.748137996,Jackson,-0.43941256910241927,-0.7720617953693026,log,0.4612019397345184,0.8225616414316306,3.7379117970567216e+21,1.370567658920798e+22
1.86,1.264,catalog,0.36,771.7762452717325,59.4,494.711451710052,0.01589,catalog,12634580595.791737,20841611.160034508,Selsis,-0.40863189156304325,-0.7841869919716611,GP,0.1856439864749523,0.6149288954034339,3.0702004199678515e+22,1.1257401539882122e+23
1.86,1.264,catalog,0.36,771.7762452717325,59.4,2283.9132791302136,0.01589,catalog,3487164471.834063,48573227.908210464,Selsis,-0.4682876411611246,-0.6146069397129523,linear,0.25696767027082984,0.93233687728547,3.277085070786892e+23,1.2015978592885269e+24
1.86,1.264,catalog,0.36,771.7762452717325,59.4,2588.563232938015,0.01589,catalog,1584906350.057393,51923068.68382792,Jackson,-0.3314068006631179,-0.6147916367565547,log,0.11039873616528406,0.6387740347496795,1.113474224624621e+22,4.08273882362361e+22
1.86,1.264,catalog,0.36,771.7762452717325,59.4,2316.163134307722,0.01589,catalog,3450113765.077844,24770805.775049843,Selsis,-0.313555312531037,-0.6292201210424028,log,0.17372328088198444,0.2495509011046103,3.283182727337946e+22,1.2038336666905802e+23
1.86,1.264,catalog,0.36,771.7762452717325,59.4,2530.98011866591,0.01589,catalog,3225624737.2334256,84343763.2107223,Selsis,-0.3046772878188915,-0.7448614733270136,log,0.06297270683087908,0.14599461058594165,2.9479062373762276e+22,1.0808989537046168e+23
1.86,1.264,catalog,0.36,771.7762452717325,59.4,1970.4823577684326,0.01589,catalog,2034721427.0862052,96670321.58189452,Jackson,-0.4380717832179109,-0.6001577728303266,GP,0.14833945523344913,0.4428236621494698,9.999169300511158e+21,3.666362076854091e+22
1.86,1.264,catalog,0.36,771.7762452717325,59.4,1419.627356885771,0.01589,catalog,5068993604.590056,77043503.97454877,Selsis,-0.49159914502103774,-0.7735180118309744,GP,0.06879734231229431,0.16727992302979444,1.9665677400088185e+22,7.2107483800323345e+22
1.86,1.264,catalog,0.36,771.7762452717325,59.4,1316.0094892899983,0.01589,catalog,5393431362.061259,1196522.5404330625,Selsis,-0.43683146980608784,-0.7103247276108369,log,0.2753161976398775,0.9625405369383805,2.258462247148585e+22,8.281028239544812e+22
1.86,1.264,catalog,0.36,771.7762452717325,59.4,505.9030148054952,0.01589,catalog,7906370375.015782,46978195.97374894,Jackson,-0.38380818416574114,-0.7355788149374235,log,0.0700747156731321,0.8959657264028322,1.3311545766113595e+22,4.880900114241651e+22
1.86,1.264,catalog,0.36,771.7762452717325,59.4,947.1957868568315,0.01589,catalog,7100768232.937838,18129753.51830237,Selsis,-0.31746587213732586,-0.6334204108480781,linear,0.09760504837737537,0.1156386255163524,6.406608974751922e+23,2.349089957409038e+24
1.86,1.264,catalog,0.36,771.7762452717325,59.4,859.7711979839161,0.01589,catalog,7714838612.957936,70738885.61696424,Selsis,-0.3063947897395036,-0.6464593192450733,linear,0.442864255926199,0.9217482055362153,6.572501491942552e+23,2.409917213712269e+24
1.86,1.264,catalog,0.36,771.7762452717325,59.4,1898.3737792860659,0.01589,catalog,4024756830.1362257,10129070.203950383,Selsis,-0.3086495251952272,-0.7101873237198095,linear,0.4317178624390457,0.6492659670103615,5.4579359240946825e+23,2.00124317216805e+24
1.86,1.264,catalog,0.36,771.7762452717325,59.4,1675.3798054121298,0.01589,catalog,2367364618.7371707,15276080.596765546,Jackson,-0.4761055795970873,-0.6802850916150809,linear,0.21205068251106426,0.1865705930585373,1.2257389111837925e+23,4.494376007673906e+23
1.86,1.264,catalog,0.36,771.7762452717325,59.4,2142.2609034052934,0.01589,catalog,3663555768.729684,8412162.988321515,Selsis,-0.4449690974678346,-0.62196343141335,log,0.2578144918672863,0.6073462082610017,2.2671845614981246e+22,8.313010058826457e+22
1.86,1.264,catalog,0.36,771.7762452717325,59.4,3477.166463639507,0.01589,catalog,1217034369.4975293,53152505.24284398,Jackson,-0.3275371276587313,-0.7837150973136051,linear,0.4442547530172188,0.22311014715130217,1.3323917384923795e+23,4.885436374472058e+23
1.86,1.264,catalog,0.36,771.7762452717325,59.4,443.27996010981104,0.01589,catalog,9139782051.137997,13084116.374638438,Jackson,-0.35485333030611743,-0.6140476995663402,GP,0.4445831751093973,0.0958831907332296,2.2958492346695935e+22,8.418113860455176e+22
1.86,1.264,catalog,0.36,771.7762452717325,59.4,916.64852184363,0.01589,catalog,4251897077.7119207,68833812.56874211,Jackson,-0.4125592096059537,-0.6064018194477391,linear,0.053706167908078827,0.23865680966537917,1.974958950835062e+23,7.241516153061893e+23
1.86,1.264,catalog,0.36,771.7762452717325,59.4,848.5969267053304,0.01589,catalog,7802335145.358966,10676114.992364103,Selsis,-0.28006637135390877,-0.7690039441428962,log,0.05059464477677029,0.36010709662541607,4.930918231737279e+22,1.808003351637002e+23
1.86,1.264,catalog,0.36,771.7762452717325,59.4,5921.941755574337,0.01589,catalog,1725883061.1206205,39131538.2904986,Selsis,-0.4248443125176842,-0.6330377881619806,GP,0.3258596836725084,0.8244592719205213,1.933466515754604e+22,7.089377224433548e+22
1.86,1.264,catalog,0.36,771.7762452717325,59.4,2341.131366274339,0.01589,catalog,1736441712.7821436,86870087.71610333,Jackson,-0.3175381642100058,-0.7729733992839826,linear,0.074885894088163,0.194178635815775,1.6092965327485146e+23,5.90075395341122e+23
1.86,1.264,catalog,0.36,771.7762452717325,59.4,16867.26254191561,0.01589,catalog,725210708.5052278,32628796.207402438,Selsis,-0.3826226890400665,-0.7225145863963045,linear,0.17943303899876678,0.9145108711044736,1.390342614851196e+23,5.0979229211210516e+23
1.86,1.264,catalog,0.36,771.7762452717325,59.4,964.6356567924174,0.01589,catalog,4039978241.947933,54003042.463999316,Jackson,-0.39805450374190143,-0.7092223115836903,log,0.4244840094716708,0.04915440242480473,1.0529317825543554e+22,3.86074986936597e+22
1.86,1.264,catalog,0.36,771.7762452717325,59.4,675.5440990162399,0.01589,catalog,5811539453.106711,56080599.10589536,Jackson,-0.4678189380547679,-0.6731207377675567,GP,0.05800710737966655,0.24833972315369457,1.1368284079056797e+22,4.168370828987492e+22
1.86,1.264,catalog,0.36,771.7762452717325,59.4,830.2499582960709,0.01589,catalog,7951058824.5679865,59731534.12059461,Selsis,-0.2900385051489115,-0.7099859549917201,log,0.06263374685147015,0.9213217112185352,4.478721895826028e+22,1.6421980284695435e+23
1.86,1.264,catalog,0.36,771.7762452717325,59.4,1155.125307654761,0.01589,catalog,3380803349.63115,28916205.340756934,Jackson,-0.3792080435740227,-0.747032215234876,linear,0.10119049164033712,0.6706807106092285,1.5873111048580478e+23,5.820140717812842e+23
1.86,1.264,catalog,0.36,771.7762452717325,59.4,1715.6426457876803,0.01589,catalog,4357932218.280916,18505280.551820207,Selsis,-0.3680039741494381,-0.721462232901395,log,0.07264569820860588,0.7903141172125847,2.4733123967737175e+22,9.06881212150363e+22
1.86,1.264,catalog,0.36,771.7762452717325,59.4,4711.007514288662,0.01589,catalog,2036002135.2433088,84375487.35424154,Selsis,-0.32953777805295437,-0.6435030787564758,log,0.056077908476900154,0.8754161060754262,2.2143809102808835e+22,8.119396671029906e+22
1.86,1.264,catalog,0.36,771.7762452717325,59.4,1489.6101865032972,0.01589,catalog,2645772478.4719615,95571169.5594047,Jackson,-0.43918014791169646,-0.7794041781299201,GP,0.08012147704693862,0.15782434420745373,7.584246826730485e+21,2.780890503134511e+22
1.86,1.264,catalog,0.36,771.7762452717325,59.4,2023.9895151435383,0.01589,catalog,3828569613.6978517,91867363.4015665,Selsis,-0.48049729368522187,-0.7000288512530692,linear,0.14540264444664452,0.9078212277589434,2.6799281679490672e+23,9.826403282479912e+23
1.86,1.264,catalog,0.36,771.7762452717325,59.4,448.4262560115464,0.01589,catalog,9023731927.578312,7037076.227741046,Jackson,-0.4729341619313252,-0.6581559673478141,linear,0.4849260815536568,0.8469222011473052,2.024018364195868e+23,7.421400668718182e+23
1.86,1.264,catalog,0.36,771.7762452717325,59.4,1591.2207857141357,0.01589,catalog,2485200209.794713,21816490.874879405,Jackson,-0.35481105666314583,-0.797079921622129,GP,0.06445643419884156,0.6871606696417576,1.1716378644437273e+22,4.296005502960333e+22
1.86,1.264,catalog,0.36,771.7762452717325,59.4,16854.47386970932,0.01589,catalog,645579840.1232216,67157680.97403601,Selsis,-0.3476350026107828,-0.6953330649564358,log,0.42139773706670475,0.9925264012310023,8.002537050182783e+21,2.9342635850670205e+22
1.86,1.264,catalog,0.36,771.7762452717325,59.4,2030.7230591275083,0.01589,catalog,3818694404.648333,17745254.339953475,Selsis,-0.42679215114907887,-0.7763290959981747,GP,0.1786563039203348,0.9619027664983096,2.219336326990663e+22,8.137566532299097e+22
1.86,1.264,catalog,0.36,771.7762452717325,59.4,1986.1687234680273,0.01589,catalog,3885196775.9527283,85409191.1875579,Selsis,-0.4850925094453524,-0.7664115924397016,linear,0.4977113704343845,0.33759722181019236,2.549462229888618e+23,9.348028176258265e+23
1.86,1.264,catalog,0.36,771.7762452717325,59.4,3001.7233872378474,0.01589,catalog,1387163262.1233203,84545428.03612988,Jackson,-0.46204976815532955,-0.7617262247249514,GP,0.23732105138279092,0.8388372352179012,5.879986417430441e+21,2.155995019724495e+22
1.86,1.264,catalog,0.36,771.7762452717325,59.4,1323.728565342623,0.01589,catalog,2962376755.5087075,19531713.893155143,Jackson,-0.2901054892169353,-0.6157750099653784,linear,0.23226267754931762,0.15389178208270582,3.129430066961633e+23,1.1474576912192654e+24
1.86,1.264,catalog,0.36,771.7762452717325,59.4,1817.6118701382939,0.01589,catalog,2193398327.3520045,74604349.40337847,Jackson,-0.30576944394434663,-0.7323956041107965,linear,0.08096127997654744,0.39392729866716514,2.001232406795189e+23,7.337852158249026e+23
1.86,1.264,catalog,0.36,771.7762452717325,59.4,871.7418510031541,0.01589,catalog,4472699414.427664,35063424.58276622,Jackson,-0.3901782621399703,-0.6310674002207358,linear,0.1304833749606017,0.751869244131345,2.023741542682846e+23,7.420385656503769e+23
1.86,1.264,catalog,0.36,771.7762452717325,59.4,555.6597311208651,0.01589,catalog,7145251069.25356,73214276.23152795,Jackson,-0.4703771109969137,-0.6035069625782755,GP,0.08724913884421717,0.6089060847158047,1.5429818703848933e+22,5.657600191411275e+22
1.86,1.264,catalog,0.36,771.7762452717325,59.4,1436.0230208593682,0.01589,catalog,5021777033.299075,62083248.00408558,Selsis,-0.3206217385858725,-0.7195602228441333,GP,0.10040011831975285,0.5090294767398706,3.760945756966813e+22,1.3790134442211648e+23
1.86,1.264,catalog,0.36,771.7762452717325,59.4,1223.2192435428037,0.01589,catalog,5728722666.799828,21433539.668803234,Selsis,-0.3885355394917862,-0.6162262226555809,GP,0.14781570290433405,0.12073020030564652,3.3913843651594204e+22,1.243507600558454e+23
1.86,1.264,catalog,0.36,771.7762452717325,59.4,647.1745710111884,0.01589,catalog,6078458832.782209,69836115.18673213,Jackson,-0.4029112891057027,-0.6339049128659661,linear,0.15090463861030884,0.4437991484945697,2.070113316855225e+23,7.590415495135825e+23
1.86,1.264,catalog,0.36,771.7762452717325,59.4,10004.464521139113,0.01589,catalog,490496492.43676513,34607418.657460816,Jackson,-0.3649469444119784,-0.696402702732277,GP,0.21791742949312728,0.02688081526512698,4.79339396532011e+21,1.7575777872840403e+22
1.86,1.264,catalog,0.36,771.7762452717325,59.4,1012.4735588832737,0.01589,catalog,3849791770.399242,49025146.60685181,Jackson,-0.3520387923006461,-0.6305011385358935,linear,0.15801377035399938,0.4082300431026158,2.194068456663705e+23,8.044917674433584e+23
1.86,1.264,catalog,0.36,771.7762452717325,59.4,3775.7468000266226,0.01589,catalog,2394603442.871194,27696161.56321227,Selsis,-0.4399378896970973,-0.693325475968617,GP,0.21264508256174652,0.30221453767564754,1.975648834830412e+22,7.244045727711511e+22
1.86,1.264,catalog,0.36,771.7762452717325,59.4,773.6694318732834,0.01589,catalog,5050634087.457784,2854828.8309426773,Jackson,-0.36809982600806607,-0.7736180202652359,linear,0.10074493907853257,0.7379261019654288,1.9850110755877475e+23,7.27837394382174e+23
1.86,1.264,catalog,0.36,771.7762452717325,59.4,589.8118037202933,0.01589,catalog,6704533955.504137,41305134.760075115,Jackson,-0.4655001992800814,-0.601272405742921,GP,0.29456457796954094,0.9003336444100625,1.5815784718423594e+22,5.799121063421984e+22
1.86,1.264,catalog,0.36,771.7762452717325,59.4,4265.344903119825,0.01589,catalog,2189194480.8101063,3482084.013963007,Selsis,-0.2803477266611541,-0.7479088688670237,linear,0.07113002349737281,0.9416867310219345,5.660060836490646e+23,2.0753556400465701e+24
1.86,1.264,catalog,0.36,771.7762452717325,59.4,757.2387901998717,0.01589,catalog,8613892855.25082,20394912.044886287,Selsis,-0.383626898582419,-0.638093393592228,GP,0.2648324172180073,0.5398700519953982,3.5619155695327777e+22,1.3060357088286852e+23
1.86,1.264,catalog,0.36,771.7762452717325,59.4,842.2822996114498,0.01589,catalog,7852797232.281209,90657651.32707414,Selsis,-0.378235097685873,-0.7963294749884399,log,0.11686885269874267,0.7198987954597011,2.5072500982332522e+22,9.193250360188591e+22
1.86,1.264,catalog,0.36,771.7762452717325,59.4,610.5135830562454,0.01589,catalog,6463704786.319892,87995358.39877829,Jackson,-0.2838448288761171,-0.7786394608547058,log,0.12595001645200057,0.32066534465834884,2.199667307755097e+22,8.065446795102022e+22
1.86,1.264,catalog,0.36,771.7762452717325,59.4,501.80731106419086,0.01589,catalog,7976537456.346324,51279237.03604026,Jackson,-0.38187718520701824,-0.7094519960281489,GP,0.297619061928785,0.47863402184219206,1.5109843509611057e+22,5.540275953524054e+22
1.86,1.264,catalog,0.36,771.7762452717325,59.4,8294.893207162573,0.01589,catalog,575889534.463648,55930348.551395245,Jackson,-0.3830124096508339,-0.6615957356617475,GP,0.09241640189927969,0.6451825845402435,4.961144024234975e+21,1.8190861422194908e+22
1.86,1.264,catalog,0.36,771.7762452717325,59.4,1548.4055313623269,0.01589,catalog,2550233998.2369514,55332851.34825425,Jackson,-0.3540854144775864,-0.7033192365961057,GP,0.26330620606002975,0.06011449348370679,1.182554751928929e+22,4.336034090406073e+22
1.86,1.264,catalog,0.36,771.7762452717325,59.4,2534.152721592699,0.01589,catalog,1615704488.5421574,80876354.41251858,Jackson,-0.3711180792920405,-0.6703544413364118,linear,0.11810736239843636,0.115271179949747,1.2479774725742333e+23,4.575917399438855e+23
1.86,1.264,catalog,0.36,771.7762452717325,59.4,333.17451511908996,0.01589,catalog,12633600693.475565,55581532.32082046,Jackson,-0.37230794808936646,-0.6952960961329756,log,0.19929905902028136,0.40467681709734116,1.698265330313515e+22,6.226972877816221e+22
1.86,1.264,catalog,0.36,771.7762452717325,59.4,1230.7611503651442,0.01589,catalog,3178397670.722229,56890667.50398026,Jackson,-0.4971398147903947,-0.7232118180601139,GP,0.4153843256864557,0.5419465129752392,8.016322931257943e+21,2.939318408127912e+22
1.86,1.264,catalog,0.36,771.7762452717325,59.4,758.0024544398245,0.01589,catalog,8606300830.855366,55490547.849846646,Selsis,-0.3467694772820674,-0.6306948400123052,GP,0.4452591567239985,0.12138602243859142,4.111784320370375e+22,1.5076542508024707e+23
1.86,1.264,catalog,0.36,771.7762452717325,59.4,1618.3863758307582,0.01589,catalog,4563997603.359904,49150356.904295824,Selsis,-0.39394686410590035,-0.7926632493523048,GP,0.22803615669685967,0.30613921656841336,2.4323608233876243e+22,8.918656352421289e+22
1.86,1.264,catalog,0.36,771.7762452717325,59.4,534.7286212783393,0.01589,catalog,7446268561.667891,56088898.38223091,Jackson,-0.4851462561525815,-0.6465115618226672,GP,0.09425042838351827,0.6027555664404027,1.3265268382220146e+22,4.8639317401473865e+22
1.86,1.264,catalog,0.36,771.7762452717325,59.4,4640.873364873055,0.01589,catalog,2058353412.4375246,92897269.52849253,Selsis,-0.46424497035885937,-0.6447377579624861,linear,0.1405407676398783,0.3995461886540631,2.391295002870933e+23,8.76808167719342e+23
1.86,1.264,catalog,0.36,771.7762452717325,59.4,7449.516754782452,0.01589,catalog,1464873826.1823812,31126520.193468966,Selsis,-0.48775530414400114,-0.7438948623899867,GP,0.07338906763788142,0.9876580668665426,1.460102144843519e+22,5.353707864426236e+22
1.86,1.264,catalog,0.36,771.7762452717325,59.4,2697.5188765114904,0.01589,catalog,1526940886.6206198,93924587.82466653,Jackson,-0.43015617600625605,-0.7910545951654148,log,0.2031350519529275,0.15413158880538025,5.890570846488513e+21,2.159875977045788e+22
1.86,1.264,catalog,0.36,771.7762452717325,59.4,652.828862232027,0.01589,catalog,6023240897.521654,55881044.512082316,Jackson,-0.44618841673742554,-0.7444770662491461,log,0.13744091495709154,0.3869596517410997,9.858371171367436e+21,3.61473609616806e+22
1.86,1.264,catalog,0.36,771.7762452717325,59.4,1234.2494455161454,0.01589,catalog,3169683503.779673,37147105.03423687,Jackson,-0.28754312205759985,-0.668904384046977,log,0.1593790987244616,0.3506013270970214,1.8734594279722113e+22,6.869351235898108e+22
1.86,1.264,catalog,0.36,771.7762452717325,59.4,1476.0784631058293,0.01589,catalog,2668864089.209019,12948190.636591718,Jackson,-0.3262631826709084,-0.6241433345350224,log,0.2926668970827104,0.3315372568969299,1.5252930813308025e+22,5.592741298212943e+22
1.86,1.264,catalog,0.36,771.7762452717325,59.4,699.2921237995581,0.01589,catalog,5606154346.780372,97665502.02551433,Jackson,-0.4378090333310092,-0.7486011583494446,log,0.330525578983374,0.8337323552793441,9.454930392262554e+21,3.4668078104962694e+22
1.86,1.264,catalog,0.36,771.7762452717325,59.4,3325.33715960388,0.01589,catalog,2630113384.8555555,45234343.28780078,Selsis,-0.3190203398401637,-0.7949475074129475,linear,0.06618490088223287,0.16329366740208717,4.093442527145792e+23,1.5009289266201237e+24
1.86,1.264,catalog,0.36,771.7762452717325,59.4,546.621127566008,0.01589,catalog,7272104874.666643,78720279.92247322,Jackson,-0.349498280793336,-0.7237867223952258,log,0.23293729480325642,0.48427948430934864,1.5175970321769735e+22,5.56452245131557e+22
1.86,1.264,catalog,0.36,771.7762452717325,59.4,6277.40782414865,0.01589,catalog,1655119587.5059342,64506280.089039676,Selsis,-0.4041227259995412,-0.6308586362208123,log,0.13709533930248277,0.3018947718501186,1.5760290037974044e+22,5.778773013923816e+22
1.86,1.264,catalog,0.36,771.7762452717325,59.4,1271.3303363989412,0.01589,catalog,3080111103.334839,12743366.44963741,Jackson,-0.30206050084806163,-0.7745729430656081,GP,0.1500964669176687,0.21162055736571472,1.8875660657022244e+22,6.921075574241489e+22
1.86,1.264,catalog,0.36,771.7762452717325,59.4,3520.9879086690676,0.01589,catalog,2521403279.2721114,15873744.228360225,Selsis,-0.4924077984720251,-0.7928826024226046,GP,0.2208102795979164,0.11012798353306252,1.7986545175824729e+22,6.595066564469067e+22
1.86,1.264,catalog,0.36,771.7762452717325,59.4,779.8128111405003,0.01589,catalog,8395742463.983002,74397625.31848751,Selsis,-0.3727054741451466,-0.6358629124003122,linear,0.4537699867942098,0.48338535386029235,4.832924868820716e+23,1.772072451900929e+24
1.86,1.264,catalog,0.36,771.7762452717325,59.4,2264.5389377107144,0.01589,catalog,3509890956.727037,54656973.39937179,Selsis,-0.35092931242111436,-0.6362139668056386,linear,0.4873310124430174,0.7549127439420662,4.1549044710755596e+23,1.523464972727705e+24
1.86,1.264,catalog,0.36,771.7762452717325,59.4,1779.1936802268324,0.01589,catalog,4234773342.276625,32133000.246417355,Selsis,-0.31961092859517276,-0.7372483231798271,GP,0.11904959789547656,0.10880868293306756,3.7095110493068583e+22,1.3601540514125146e+23
1.86,1.264,catalog,0.36,771.7762452717325,59.4,901.252830496064,0.01589,catalog,7408814133.418881,22722849.43662104,Selsis,-0.3654146543187419,-0.618085785850556,log,0.2886146429966163,0.06086661007308969,3.3936382704475896e+22,1.2443340324974495e+23
1.86,1.264,catalog,0.36,771.7762452717325,59.4,720.2846508121803,0.01589,catalog,5436795825.689404,90527166.71255419,Jackson,-0.3833209755541117,-0.7149121010129381,linear,0.05277182776795382,0.6651517506929898,1.740497717827642e+23,6.38182496536802e+23
1.86,1.264,catalog,0.36,771.7762452717325,59.4,2393.2932326258037,0.01589,catalog,3365244151.6652603,20064603.05090013,Selsis,-0.39090861626583356,-0.6966395500598425,GP,0.21579595310850525,0.0012238024938486802,2.5118633930842637e+22,9.2101657746423e+22
1.86,1.264,catalog,0.36,771.7762452717325,59.4,1172.896539214457,0.01589,catalog,3330807128.9004393,92712478.14513095,Jackson,-0.40457463302500374,-0.6038564690141442,linear,0.16032923691048764,0.3031392678642384,1.806159246721911e+23,6.622583904647006e+23
1.86,1.264,catalog,0.36,771.7762452717325,59.4,490.82184432715206,0.01589,catalog,8171215252.328402,69847619.46937864,Jackson,-0.3666979729723578,-0.7082105957926516,log,0.2888328608845471,0.02212644146248932,1.4800870717342561e+22,5.426985929692272e+22
1.86,1.264,catalog,0.36,771.7762452717325,59.4,1279.4270354540095,0.01589,catalog,5520019013.930352,30045541.260681167,Selsis,-0.4526915888460902,-0.6337795588444635,log,0.18798832369231214,0.8611642406501512,2.400079529739313e+22,8.800291609044147e+22
1.86,1.264,catalog,0.36,771.7762452717325,59.4,7361.926187746586,0.01589,catalog,1477225576.2602987,59321173.957476065,Selsis,-0.3736655567560879,-0.7292273505066977,log,0.19078844899781205,0.14123140342893237,1.475093958553461e+22,5.408677848029357e+22
1.86,1.264,catalog,0.36,771.7762452717325,59.4,665.1335517631948,0.01589,catalog,5906609524.321501,68117233.45843786,Jackson,-0.40497637809487974,-0.7330539608923291,log,0.2943085861225323,0.37071702920137406,1.1082970694224682e+22,4.063755921215717e+22
1.86,1.264,catalog,0.36,771.7762452717325,59.4,2410.972926905285,0.01589,catalog,1690532490.1063087,35966129.938585,Jackson,-0.34448344089780475,-0.772167925541612,log,0.05092911417167739,0.5079850077717475,9.360441600767134e+21,3.4321619202812825e+22
1.86,1.264,catalog,0.36,771.7762452717325,59.4,1062.2940109443628,0.01589,catalog,6444138036.833844,67525571.84644726,Selsis,-0.34670542962703127,-0.6463912640002946,linear,0.27941324104218385,0.8515013133258013,4.948955020803079e+23,1.8146168409611288e+24
1.86,1.264,catalog,0.36,771.7762452717325,59.4,873.5939044941356,0.01589,catalog,4463115293.822967,46222362.13949738,Jackson,-0.3050827597194269,-0.7100679253121559,log,0.18822954740728415,0.07687742411670895,1.7837269083580443e+22,6.540331997312829e+22
1.86,1.264,catalog,0.36,771.7762452717325,59.4,1394.5530250358188,0.01589,catalog,5143258579.505765,22359944.486378405,Selsis,-0.44419496682049014,-0.7091737238755716,linear,0.07190397192301293,0.6678662399988106,3.2225777276431085e+23,1.1816118334691397e+24
1.86,1.264,catalog,0.36,771.7762452717325,59.4,1713.4140998007897,0.01589,catalog,4362406925.089711,88947540.39372312,Selsis,-0.4324533299420697,-0.6812565056597141,log,0.08747301197969894,0.7448203299127097,2.002145944468475e+22,7.341201796384408e+22
1.86,1.264,catalog,0.36,771.7762452717325,59.4,1419.1778951464523,0.01589,catalog,2770909519.5942583,20589739.444657676,Jackson,-0.3613149750804877,-0.6267374456633755,GP,0.09579081834549905,0.9842235640952868,1.4421739162652092e+22,5.287971026305766e+22
1.86,1.264,catalog,0.36,771.7762452717325,59.4,506.7486732929293,0.01589,catalog,7892040310.969326,74609803.13688923,Jackson,-0.46613182092231714,-0.7405265633626411,linear,0.3730719697234246,0.18273959854790112,1.4770539313634307e+23,5.415864414999246e+23
1.86,1.264,catalog,0.36,771.7762452717325,59.4,609.7276203779451,0.01589,catalog,10439340486.793186,43880875.78531533,Selsis,-0.3516390529003051,-0.6194657610629365,log,0.3618779811581826,0.7091704691597821,3.870046679440537e+22,1.4190171157948636e+23
1.86,1.264,catalog,0.36,771.7762452717325,59.4,1456.5964013115313,0.01589,catalog,4964150720.309708,35969550.12761491,Selsis,-0.3848886472882341,-0.6657177265771875,GP,0.3974813961678103,0.9440239716763457,2.8870760926984932e+22,1.0585945673227809e+23
1.86,1.264,catalog,0.36,771.7762452717325,59.4,3939.1269932363275,0.01589,catalog,2320938074.9005313,11481581.771456841,Selsis,-0.4808393483807764,-0.6898874820974764,GP,0.30673744692994204,0.6747797581867258,1.9170581949432702e+22,7.029213381458657e+22
1.86,1.264,catalog,0.36,771.7762452717325,59.4,1280.7459204168556,0.01589,catalog,3058221085.4142947,60236543.3641869,Jackson,-0.361105596964883,-0.7054269445420207,linear,0.38274011476948555,0.08015921056839725,1.661542308457628e+23,6.092321797677969e+23
1.86,1.264,catalog,0.36,771.7762452717325,59.4,16859.208580634473,0.01589,catalog,673989135.5099698,61097578.1723475,Selsis,-0.3872006905427334,-0.6630334525396011,log,0.465201097426777,0.2268576205284728,7.557951754553977e+21,2.7712489766697914e+22
1.86,1.264,catalog,0.36,771.7762452717325,59.4,1232.0482114402346,0.01589,catalog,3175176487.410134,81880962.24928236,Jackson,-0.44011526416515695,-0.6626115516018984,linear,0.3070571071631455,0.5455096800269599,1.3550368338238125e+23,4.968468390687312e+23
1.86,1.264,catalog,0.36,771.7762452717325,59.4,977.5077297377125,0.01589,catalog,6913143091.810742,98023129.12846671,Selsis,-0.4178842893713937,-0.7492346452950279,log,0.17666331532706644,0.17228163409405117,2.1720399402715243e+22,7.964146447662256e+22
1.86,1.264,catalog,0.36,771.7762452717325,59.4,1470.3030570527276,0.01589,catalog,4927017103.112417,1573218.5277213664,Selsis,-0.409816393470593,-0.7611456461094792,linear,0.2910069696182641,0.7413241655287488,3.515755426843456e+23,1.2891103231759338e+24
1.86,1.264,catalog,0.36,771.7762452717325,59.4,1645.4469146200663,0.01589,catalog,2407866584.024462,63881329.85300659,Jackson,-0.29131653820020703,-0.7171842463003328,GP,0.1230592426543259,0.4035246554372063,1.7792613109019905e+22,6.5239581399739645e+22
1.86,1.264,catalog,0.36,771.7762452717325,59.4,15134.27902718619,0.01589,catalog,896393649.804784,19554628.08180644,Selsis,-0.2975815885427394,-0.6568707395835005,linear,0.20051029570683016,0.9586677219599705,2.8887639867328433e+23,1.0592134618020425e+24
1.86,1.264,catalog,0.36,771.7762452717325,59.4,3452.0180861422104,0.01589,catalog,2558450334.5250325,75317473.4916889,Selsis,-0.47273783107608053,-0.6247384863733346,log,0.36194456355483573,0.6626550049780363,1.758383422342171e+22,6.447405881921294e+22
1.86,1.264,catalog,0.36,771.7762452717325,59.4,11174.375931147013,0.01589,catalog,1103029350.004549,71180754.97520852,Selsis,-0.39586856209900784,-0.7412427074185913,log,0.07339283028444353,0.6444842565507916,1.111729750299349e+22,4.0763424177642795e+22
1.86,1.264,catalog,0.36,771.7762452717325,59.4,686.2207586496737,0.01589,catalog,5717292403.607722,6268702.036435979,Jackson,-0.4527129492145165,-0.7816687898839109,log,0.07786674887835227,0.846379366684916,9.977687453003332e+21,3.658485399434555e+22
1.86,1.264,catalog,0.36,771.7762452717325,59.4,447.24662403141036,0.01589,catalog,9050066324.241474,4943228.408480477,Jackson,-0.44006198914406736,-0.7302278347770483,GP,0.36519952031105496,0.4572131207233544,1.4554343310449065e+22,5.336592547164657e+22
1.86,1.264,catalog,0.36,771.7762452717325,59.4,1928.3213719233127,0.01589,catalog,2075949089.1480134,96952650.08012368,Jackson,-0.36632786672259005,-0.6369597231565491,linear,0.11011740676642394,0.47660154733679927,1.4951674899278052e+23,5.482280796401952e+23
1.86,1.264,catalog,0.36,771.7762452717325,59.4,1279.9159779324893,0.01589,catalog,3060137209.21896,2016986.0386975107,Jackson,-0.49454944622385505,-0.6927238058784949,GP,0.07341549793500968,0.48176285894576043,9.66517215785816e+21,3.543896457881325e+22
1.86,1.264,catalog,0.36,771.7762452717325,59.4,1521.9748156118649,0.01589,catalog,4792746568.286808,29379819.643781297,Selsis,-0.3140472280869309,-0.7810422429129424,log,0.05822185663830429,0.847569898631251,3.2738888890737658e+22,1.200425925993714e+23
1.86,1.264,catalog,0.36,771.7762452717325,59.4,2590.7478681791213,0.01589,catalog,1583696597.4559984,78572056.81959647,Jackson,-0.3840698738765586,-0.7294075712805538,linear,0.13021671473307372,0.27680923009179303,1.1014498259764541e+23,4.038649361913665e+23
1.86,1.264,catalog,0.36,771.7762452717325,59.4,747.8615766091294,0.01589,catalog,5229895415.279775,52742278.12736802,Jackson,-0.32844793479202333,-0.703756739362428,linear,0.17919036643461309,0.918292028559726,2.4222541648680024e+23,8.881598604516008e+23
1.86,1.264,catalog,0.36,771.7762452717325,59.4,1862.4631015975901,0.01589,catalog,4085383155.441724,24762172.571141925,Selsis,-0.4656298040492684,-0.6076438927176591,log,0.12139064739551077,0.24608566104897922,2.337438258606732e+22,8.570606948224682e+22
1.86,1.264,catalog,0.36,771.7762452717325,59.4,555.749641823568,0.01589,catalog,11353448133.692717,98448300.91415112,Selsis,-0.34177487717503197,-0.6157049460080196,linear,0.20093748463836877,0.5556403705572545,6.228825871237131e+23,2.2839028194536146e+24
1.86,1.264,catalog,0.36,771.7762452717325,59.4,2624.696943803262,0.01589,catalog,1565153969.3043811,69385977.76407064,Jackson,-0.2841279283266759,-0.71485590483244,GP,0.25766469895077776,0.3384873338477671,1.5894120620855795e+22,5.827844227647125e+22
1.86,1.264,catalog,0.36,771.7762452717325,59.4,10046.621713476095,0.01589,catalog,1187162862.1922717,44157373.634238675,Selsis,-0.3758463369565431,-0.6039561086650128,linear,0.08106751536374227,0.7898257384112725,2.4492002338319232e+23,8.980400857383718e+23
1.86,1.264,catalog,0.36,771.7762452717325,59.4,5503.842168019312,0.01589,catalog,1819197940.7026367,87103320.38730153,Selsis,-0.3296080760545954,-0.7575140346467969,GP,0.07072402451421626,0.9868596545580589,2.4280721527967375e+22,8.90293122692137e+22
1.86,1.264,catalog,0.36,771.7762452717325,59.4,2125.5937482701333,0.01589,catalog,3685773654.2120686,83403472.10273825,Selsis,-0.3349233894683465,-0.6292656850636088,GP,0.24994065755088635,0.5229481111491402,3.437368293301202e+22,1.2603683742104407e+23
1.86,1.264,catalog,0.36,771.7762452717325,59.4,1614.9242907464459,0.01589,catalog,4571764229.055722,49463680.343869194,Selsis,-0.37689254669189287,-0.6184994385349235,log,0.21489877045358932,0.5118826885560113,2.7257910310999322e+22,9.994567114033084e+22
1.86,1.264,catalog,0.36,771.7762452717325,59.4,1118.2355253917458,0.01589,catalog,3489875779.1738353,74164904.28571682,Jackson,-0.33791631818991874,-0.6818016783874497,log,0.29203823668738316,0.5240794078256561,1.327547921806585e+22,4.8676757132908115e+22
1.86,1.264,catalog,0.36,771.7762452717325,59.4,879.2620492399227,0.01589,catalog,4434050403.512685,27616756.42687584,Jackson,-0.3962928465971876,-0.6540709234183786,GP,0.06957236080750105,0.41897254183625066,1.3296320691321793e+22,4.87531758681799e+22
1.86,1.264,catalog,0.36,771.7762452717325,59.4,993.0385424643795,0.01589,catalog,6821369279.767384,13117641.781488895,Selsis,-0.34523395321681244,-0.6533578931985993,GP,0.09418631479761172,0.7215389440037406,3.9357884489481765e+22,1.443122431280998e+23
1.86,1.264,catalog,0.36,771.7762452717325,59.4,529.2113138801495,0.01589,catalog,7530023511.805399,23455120.195127383,Jackson,-0.4762752668795869,-0.6137147815431898,linear,0.37045826811109295,0.7663791706313494,2.220076319475997e+23,8.140279838078655e+23
1.86,1.264,catalog,0.36,771.7762452717325,59.4,5666.030446158562,0.01589,catalog,1781574661.280906,84361793.67945395,Selsis,-0.3804853418262994,-0.7980165574757602,log,0.07850962661570703,0.6267819621566928,1.522393331415385e+22,5.582108881856411e+22
1.86,1.264,catalog,0.36,771.7762452717325,59.4,1144.1144262631944,0.01589,catalog,3412592111.1804028,21125786.054603342,Jackson,-0.3754060763773046,-0.7416426249357229,log,0.05914837289712594,0.06394283228384245,1.1001882735471904e+22,4.034023669673031e+22
1.86,1.264,catalog,0.36,771.7762452717325,59.4,7823.559863732933,0.01589,catalog,1414888362.3760793,4282617.557995463,Selsis,-0.39962214868807633,-0.7507412952841955,linear,0.0761440483824977,0.2738632844426895,2.377945283853867e+23,8.71913270746418e+23
1.86,1.264,catalog,0.36,771.7762452717325,59.4,2999.0611181141094,0.01589,catalog,2839809131.840424,54743042.23334246,Selsis,-0.4717369209964335,-0.7996221046337504,GP,0.17837089639944867,0.5568444192081144,1.7876245996089387e+22,6.554623531899442e+22
1.86,1.264,catalog,0.36,771.7762452717325,59.4,755.3835510257759,0.01589,catalog,5176285414.743759,20981523.15563224,Jackson,-0.40586013564490325,-0.6026255703665397,GP,0.0839017193780113,0.09968016322372064,1.6611728059295127e+22,6.090966955074879e+22
1.86,1.264,catalog,0.36,771.7762452717325,59.4,2159.739923821126,0.01589,catalog,3640598579.8515673,43444274.4301198,Selsis,-0.2826533745779472,-0.7536976898871437,GP,0.3523601982810843,0.6050047306256687,4.7366832265478564e+22,1.736783849734214e+23
1.86,1.264,catalog,0.36,771.7762452717325,59.4,7210.500475582935,0.01589,catalog,1499203701.6902943,94089221.12267229,Selsis,-0.43009492885395156,-0.7251681323233905,log,0.16578076268613454,0.1270447932133114,1.2379927445897086e+22,4.539306730162265e+22
1.86,1.264,catalog,0.36,771.7762452717325,59.4,2088.240703381957,0.01589,catalog,1928442271.3699627,75010892.08354922,Jackson,-0.2809999153418754,-0.7356229422363446,GP,0.12162442080074735,0.9044348995059689,1.7553929187880562e+22,6.4364407022228725e+22
1.86,1.264,catalog,0.36,771.7762452717325,59.4,1499.4184690511988,0.01589,catalog,4850279788.546843,12384845.365883324,Selsis,-0.331840034998079,-0.6171631700411432,log,0.11671044553923061,0.9793677757873606,3.4801892951302464e+22,1.2760694082144236e+23
1.86,1.264,catalog,0.36,771.7762452717325,59.4,2185.5062999220613,0.01589,catalog,1849329150.3243554,88954285.55528072,Jackson,-0.42687945828374946,-0.6022944060158397,GP,0.09080062885070671,0.27600479684674606,9.779224877996804e+21,3.5857157885988283e+22
1.86,1.264,catalog,0.36,771.7762452717325,59.4,695.0338431084778,0.01589,catalog,5641862027.811837,3633546.715337117,Jackson,-0.3603551890425157,-0.7394995519670653,GP,0.4261830557036816,0.5595848765846799,1.5650809035945572e+22,5.73862997984671e+22
1.86,1.264,catalog,0.36,771.7762452717325,59.4,1013.1407181512865,0.01589,catalog,6706678488.467628,37276734.42177557,Selsis,-0.4565620277601607,-0.6002773435561928,log,0.2268953704089572,0.6937784732608576,2.8228507181573275e+22,1.0350452633243533e+23
1.86,1.264,catalog,0.36,771.7762452717325,59.4,1634.5679232939099,0.01589,catalog,2422960743.8163414,57383458.82397797,Jackson,-0.4752607095709353,-0.7450172999419089,GP,0.37642148352573046,0.4159160604364823,7.404103697614517e+21,2.714838022458656e+22
1.86,1.264,catalog,0.36,771.7762452717325,59.4,566.3800733055947,0.01589,catalog,7000589353.399608,65393285.19992488,Jackson,-0.32529235979840004,-0.6316596910993625,GP,0.46242947976194954,0.3610588688372416,2.180260719262438e+22,7.994289303962272e+22
1.86,1.264,catalog,0.36,771.7762452717325,59.4,4070.350131039778,0.01589,catalog,2265654312.0901327,92791110.99132629,Selsis,-0.331925823024769,-0.6239969848681546,GP,0.286382136225149,0.8206111864955085,2.9373034996927564e+22,1.0770112832206774e+23
1.86,1.264,catalog,0.36,771.7762452717325,59.4,551.2065344252399,0.01589,catalog,7207174572.799606,43484237.72116632,Jackson,-0.3966983443217801,-0.7221208903131807,log,0.20485639379771323,0.5952369326974903,1.2577219601119901e+22,4.611647187077297e+22
1.86,1.264,catalog,0.36,771.7762452717325,59.4,982.4263033629819,0.01589,catalog,3966966145.3837547,43464274.65459093,Jackson,-0.3444366525922672,-0.7581680493890659,log,0.45229185648355275,0.13652470491803848,1.2937065947129142e+22,4.7435908472806855e+22
1.86,1.264,catalog,0.36,771.7762452717325,59.4,2734.7236517835304,0.01589,catalog,1508196171.173816,64958743.479650594,Jackson,-0.3938304829623492,-0.7541169810412941,GP,0.35369332866357056,0.9343474097695463,7.588641926569237e+21,2.7825020397420536e+22
1.86,1.264,catalog,0.36,771.7762452717325,59.4,489.1322990004309,0.01589,catalog,8202025412.740758,2933240.202806008,Jackson,-0.3585621205079817,-0.7054946928891078,GP,0.1502207848764076,0.6763256852634474,1.854193247551865e+22,6.798708574356838e+22
1.86,1.264,catalog,0.36,771.7762452717325,59.4,1224.2482692575325,0.01589,catalog,3194805431.4277344,67733567.55942488,Jackson,-0.4804660554507291,-0.6593957807871574,GP,0.16226346896093674,0.9374897674118471,9.211568231048992e+21,3.377575018051297e+22
1.86,1.264,catalog,0.36,771.7762452717325,59.4,9213.743146836145,0.01589,catalog,526741265.0576443,38465439.99337045,Jackson,-0.36715297365179395,-0.6117987477703432,log,0.23386890666914767,0.23847240857617347,4.73872181472259e+21,1.7375313320649494e+22
1.86,1.264,catalog,0.36,771.7762452717325,59.4,1381.4801942768172,0.01589,catalog,2843275654.0797787,21366945.48424986,Jackson,-0.2905652976131374,-0.7197209036452247,linear,0.2718694287017196,0.41563378692678843,2.7178133876627455e+23,9.9653157547634e+23
1.86,1.264,catalog,0.36,771.7762452717325,59.4,1164.046802264079,0.01589,catalog,3355505742.891302,23960636.799538184,Jackson,-0.48861559933658694,-0.7113534652556734,GP,0.07821709661078602,0.42657922133047277,8.868784719477884e+21,3.2518877304752242e+22
1.86,1.264,catalog,0.36,771.7762452717325,59.4,773.577212566219,0.01589,catalog,5051251748.269002,11826610.806814298,Jackson,-0.3036344409696149,-0.7660070048294385,GP,0.10023330746853135,0.10625928347121782,2.1381876292670737e+22,7.840021307312603e+22
1.86,1.264,catalog,0.36,771.7762452717325,59.4,1289.048902762383,0.01589,catalog,3039192037.325093,34880773.494394936,Jackson,-0.42003734894727623,-0.7002523051567029,linear,0.3506060236160729,0.19141782669485718,1.3800359370258098e+23,5.060131769094636e+23
1.86,1.264,catalog,0.36,771.7762452717325,59.4,625.8832464094438,0.01589,catalog,6296181701.311264,66019130.57907505,Jackson,-0.42271983785009626,-0.7742025293158872,log,0.41901060046097266,0.8597959763783852,1.021155200673971e+22,3.7442357358045606e+22
1.86,1.264,catalog,0.36,771.7762452717325,59.4,498.94883734870837,0.01589,catalog,12535174236.885302,81924628.57127175,Selsis,-0.34719077265299847,-0.7716027292925859,GP,0.24154500006187127,0.2143949459873261,3.7260863347236574e+22,1.366231656065341e+23
1.86,1.264,catalog,0.36,771.7762452717325,59.4,3185.0982934962317,0.01589,catalog,2715455081.331835,29307256.183957215,Selsis,-0.3023870978991958,-0.6542810149123776,GP,0.18424232945793279,0.10064824249802917,3.9331993948814334e+22,1.4421731114565256e+23
1.86,1.264,catalog,0.36,771.7762452717325,59.4,16849.149719780817,0.01589,catalog,615059247.0529356,49908110.5372821,Selsis,-0.46519644821606804,-0.6959531477377923,linear,0.06546027071031314,0.8284966400423002,9.592884958482276e+22,3.517391151443501e+23
1.86,1.264,catalog,0.36,771.7762452717325,59.4,607.607276730447,0.01589,catalog,6496428037.353788,58743224.26673809,Jackson,-0.40491287603502407,-0.6531706799978033,log,0.28145901344363194,0.9191872891882982,1.3544228580585487e+22,4.966217146214678e+22
1.86,1.264,catalog,0.36,771.7762452717325,59.4,2610.048408039579,0.01589,catalog,3151584560.967281,51797703.06809746,Selsis,-0.4754497229379303,-0.7977367762132487,log,0.17518618619126855,0.8835979755140844,1.6102688180020508e+22,5.9043189993408526e+22
1.86,1.264,catalog,0.36,771.7762452717325,59.4,939.6606143268943,0.01589,catalog,4147412093.427606,91313048.96718107,Jackson,-0.44672158769343234,-0.7669111313687329,linear,0.32438573210459204,0.6506843332731646,1.2296790604738444e+23,4.5088232217374295e+23
1.86,1.264,catalog,0.36,771.7762452717325,59.4,1727.8488274912695,0.01589,catalog,4333616194.939032,62310449.628064275,Selsis,-0.37790759727029033,-0.7493245617786618,GP,0.08336046214113062,0.48060357093669603,2.5743949005995104e+22,9.439447968864871e+22
1.86,1.264,catalog,0.36,771.7762452717325,59.4,2751.155656901766,0.01589,catalog,3029182693.131187,93483109.68364474,Selsis,-0.28627971377192096,-0.673227660685653,linear,0.20941855541723114,0.30904066357880555,5.5257023773103616e+23,2.0260908716804658e+24
1.86,1.264,catalog,0.36,771.7762452717325,59.4,510.5993480377462,0.01589,catalog,7827458129.522453,75332451.07638842,Jackson,-0.4251443660922975,-0.6034108488781837,GP,0.08394394083674864,0.33552229852254645,1.7104026541034796e+22,6.271476398379425e+22
1.86,1.264,catalog,0.36,771.7762452717325,59.4,967.666772673127,0.01589,catalog,6972790220.034344,15006452.300061174,Selsis,-0.49357118758870483,-0.7002723704098596,GP,0.0750795142910695,0.15920687044454152,2.4084782861476103e+22,8.831087049207904e+22
1.86,1.264,catalog,0.36,771.7762452717325,59.4,572.0852716438286,0.01589,catalog,6926040600.035213,14970369.84329251,Jackson,-0.334796629912053,-0.7795590503719989,GP,0.14605791686399197,0.9137715887920127,1.81404100105733e+22,6.651483670543543e+22
1.86,1.264,catalog,0.36,771.7762452717325,59.4,1404.7424237352304,0.01589,catalog,2798148685.7835503,79997281.91139777,Jackson,-0.49728870266013914,-0.7584765236591605,log,0.18108980109148426,0.6892567692780176,6.917366629221138e+21,2.536367764047751e+22
1.86,1.264,catalog,0.36,771.7762452717325,59.4,632.9513779518677,0.01589,catalog,6222127790.701457,88608913.6007423,Jackson,-0.43627337526512866,-0.7955067958798421,log,0.40693412709200905,0.5140827299215793,9.429726229331409e+21,3.457566284088183e+22
1.86,1.264,catalog,0.36,771.7762452717325,59.4,1569.701536865349,0.01589,catalog,4676185107.369176,74592577.78411196,Selsis,-0.3724907120562806,-0.7182343769009771,GP,0.4073150773364466,0.2161846575925963,2.7112797520426206e+22,9.941359090822943e+22
1.86,1.264,catalog,0.36,771.7762452717325,59.4,2516.0181023805203,0.01589,catalog,1626263264.332812,26057102.815008357,Jackson,-0.4899789610203297,-0.660367039023263,log,0.2708910137833274,0.20996503789317877,7.03445289083338e+21,2.5792993933055725e+22
1.86,1.264,catalog,0.36,771.7762452717325,59.4,2745.479083455949,0.01589,catalog,3033884035.7458377,47982794.10454173,Selsis,-0.3482175431136177,-0.7499540026925808,linear,0.09611739806787732,0.531411877066895,3.6315954162070654e+23,1.3315849859425906e+24
1.86,1.264,catalog,0.36,771.7762452717325,59.4,2299.92494895184,0.01589,catalog,3468649386.158833,25984064.051194366,Selsis,-0.4289313367820242,-0.6688436300925726,GP,0.327357440244855,0.49484275993204396,2.3403235331048554e+22,8.581186288051136e+22
1.86,1.264,catalog,0.36,771.7762452717325,59.4,1006.3837040624966,0.01589,catalog,6744729219.14032,26431751.507367805,Selsis,-0.45780338707210666,-0.7126319211178672,log,0.05599789591087041,0.8844553157680426,2.170182979823496e+22,7.957337592686151e+22
1.86,1.264,catalog,0.36,771.7762452717325,59.4,2772.447986501992,0.01589,catalog,3011705384.3719263,85246162.5680373,Selsis,-0.4848353799685019,-0.7056443976688135,log,0.16920258787777354,0.9626486037505367,1.6060420721783115e+22,5.888820931320475e+22
1.86,1.264,catalog,0.36,771.7762452717325,59.4,1928.37583526962,0.01589,catalog,3975728660.915103,95980675.12839672,Selsis,-0.322680551624867,-0.6000251105900555,linear,0.1653655114872973,0.5896366204197329,5.2579206372381567e+23,1.9279042336539908e+24
1.86,1.264,catalog,0.36,771.7762452717325,59.4,875.5016428787485,0.01589,catalog,7595414948.545088,34121626.61280505,Selsis,-0.4646939769166272,-0.6427497668370301,log,0.2606968683661268,0.79614892870123,2.5121295442315984e+22,9.211141662182527e+22
1.86,1.264,catalog,0.36,771.7762452717325,59.4,610.2635142830334,0.01589,catalog,6466506966.074169,17936099.68925825,Jackson,-0.2986931370930375,-0.7172046408099281,linear,0.08365951122121545,0.5707876314575541,3.3018135600150666e+23,1.2106649720055244e+24
1.86,1.264,catalog,0.36,771.7762452717325,59.4,1455.6557037060968,0.01589,catalog,2704548630.9995894,11236098.245962776,Jackson,-0.4828930513517261,-0.7302242637081359,linear,0.37889009479411495,0.2284903119371976,1.1902329715543663e+23,4.3641875623660096e+23
1.86,1.264,catalog,0.36,771.7762452717325,59.4,4127.85031946527,0.01589,catalog,2242431180.6367335,31190799.04472464,Selsis,-0.43082326892691164,-0.635248321016461,linear,0.06958630126779836,0.256815101636341,2.8402096291805145e+23,1.0414101973661886e+24
1.86,1.264,catalog,0.36,771.7762452717325,59.4,603.6436987585967,0.01589,catalog,6541613231.6350975,63322921.88868653,Jackson,-0.2971456040498508,-0.7319175123594132,log,0.06610538937321454,0.6852693258928026,2.0745797364268508e+22,7.606792366898452e+22
1.86,1.264,catalog,0.36,771.7762452717325,59.4,1374.5826281706918,0.01589,catalog,2856958549.5997357,35111440.28246593,Jackson,-0.3997762348126275,-0.7499747353573084,GP,0.12833515654650476,0.0359423216078979,9.771676655411672e+21,3.5829481069842797e+22
1.86,1.264,catalog,0.36,771.7762452717325,59.4,1650.5007480663553,0.01589,catalog,4493421797.01211,94551349.48950318,Selsis,-0.49810409339989614,-0.7032763131528453,log,0.24206966604057625,0.6920963606593398,1.7886598593249249e+22,6.558419484191391e+22
1.86,1.264,catalog,0.36,771.7762452717325,59.4,3980.227734946191,0.01589,catalog,2303268646.793895,12456912.79315589,Selsis,-0.47673671113773836,-0.6932684999099492,GP,0.15012173203581428,0.6829486395915619,1.9079450973766727e+22,6.9957986903811326e+22
1.86,1.264,catalog,0.36,771.7762452717325,59.4,1158.4618798788467,0.01589,catalog,3371294757.476399,45527364.36784006,Jackson,-0.410696490774101,-0.7392122371765886,GP,0.06236386853191281,0.11694635196828362,9.771612684438024e+21,3.5829246509606087e+22
1.86,1.264,catalog,0.36,771.7762452717325,59.4,1407.381718945315,0.01589,catalog,2793125534.812762,68016862.28867465,Jackson,-0.2923441117103007,-0.7386674657486412,linear,0.15572314187216646,0.8066831302676023,2.4570012023327803e+23,9.009004408553527e+23
1.86,1.264,catalog,0.36,771.7762452717325,59.4,2342.7222668945437,0.01589,catalog,1735365584.3160977,40351050.18500957,Jackson,-0.49077989076534073,-0.6416032682595183,log,0.0824284658198762,0.052257834319629604,7.368026565774919e+21,2.701609740784137e+22
1.86,1.264,catalog,0.36,771.7762452717325,59.4,739.0791451168723,0.01589,catalog,5293978865.410625,71370494.51775524,Jackson,-0.3006231017138492,-0.6083925404982617,log,0.49811839300993516,0.17840321262399128,2.232763384651325e+22,8.186799077054857e+22
1.86,1.264,catalog,0.36,771.7762452717325,59.4,1367.1121681470079,0.01589,catalog,5227523666.602903,45723323.282927684,Selsis,-0.40571139407249085,-0.7887103996805995,linear,0.22691960444308015,0.16483232136242454,3.2826697575751575e+23,1.2036455777775577e+24
1.86,1.264,catalog,0.36,771.7762452717325,59.4,12158.369767768363,0.01589,catalog,1040847515.6213021,77396256.32509756,Selsis,-0.37661214227961326,-0.7818613815245701,log,0.09712904135242753,0.13830927438751317,1.1049308996691764e+22,4.05141329878698e+22
1.86,1.264,catalog,0.36,771.7762452717325,59.4,779.7492519445391,0.01589,catalog,5010259365.226691,28233161.90691084,Jackson,-0.4080271949288843,-0.6569203961815973,linear,0.3060409527144465,0.5782475083815164,1.860832758737358e+23,6.823053448703645e+23
1.86,1.264,catalog,0.36,771.7762452717325,59.4,1242.9080732536074,0.01589,catalog,5653543317.806745,87106970.97738625,Selsis,-0.404172599832682,-0.6624695985816571,GP,0.06706460170045413,0.7852981580153237,2.6918210721483745e+22,9.870010597877372e+22
1.86,1.264,catalog,0.36,771.7762452717325,59.4,1205.0941098179765,0.01589,catalog,5800029249.101049,18504991.97368633,Selsis,-0.360681035973026,-0.7206048756711511,linear,0.1951677607169601,0.5421283776817414,4.300748520710232e+23,1.5769411242604183e+24
1.86,1.264,catalog,0.36,771.7762452717325,59.4,5434.6142178547225,0.01589,catalog,1835865497.0966055,24463253.265320335,Selsis,-0.36911487243268565,-0.6808007511308305,log,0.052762349462710884,0.36945464852529286,1.8188792291065426e+22,6.669223840057323e+22
1.86,1.264,catalog,0.36,771.7762452717325,59.4,1130.019887023473,0.01589,catalog,3454225796.851226,25315685.39042435,Jackson,-0.35101072197136507,-0.7646943164351825,linear,0.07370509840050912,0.9037305404715678,1.8362206561555448e+23,6.732809072570331e+23
1.86,1.264,catalog,0.36,771.7762452717325,59.4,1038.4733158375373,0.01589,catalog,3754156225.478963,8462245.437715506,Jackson,-0.45345905660038893,-0.7816568464809664,GP,0.479849412363013,0.371702764087128,9.540801978341253e+21,3.498294058725126e+22
1.86,1.264,catalog,0.36,771.7762452717325,59.4,16686.24965806609,0.01589,catalog,464740051.96929914,36296522.3454465,Selsis,-0.3104979278101876,-0.6496149365032319,linear,0.1248577048817217,0.5802359285956518,1.3254707306188978e+23,4.860059345602625e+23
1.86,1.264,catalog,0.36,771.7762452717325,59.4,1741.4639458684278,0.01589,catalog,4306872084.342733,80552748.58923416,Selsis,-0.32579334396851484,-0.6620506754190288,GP,0.07061634201792569,0.9208777401346745,3.619250277784781e+22,1.327058435187753e+23
1.86,1.264,catalog,0.36,771.7762452717325,59.4,9674.427823371849,0.01589,catalog,1218655706.4619617,69954617.10761084,Selsis,-0.48387279396080024,-0.7412222535076531,log,0.10661715195679129,0.8248666067784264,1.038401915356555e+22,3.8074736896407014e+22
1.86,1.264,catalog,0.36,771.7762452717325,59.4,869.7050331484323,0.01589,catalog,4483289858.517261,95637836.92438473,Jackson,-0.4160414046162357,-0.627323298671704,linear,0.297230102744721,0.3207876049419205,1.7931901347948452e+23,6.575030494247766e+23
1.86,1.264,catalog,0.36,771.7762452717325,59.4,339.24445789056733,0.01589,catalog,12371974086.77132,45985807.49022235,Jackson,-0.43926210311752434,-0.7458618516461433,log,0.2113410614328959,0.46662974335706264,1.2166778571341515e+22,4.461152142825222e+22
1.86,1.264,catalog,0.36,771.7762452717325,59.4,2241.65448139588,0.01589,catalog,1806790964.4111009,51373429.061560325,Jackson,-0.4726036812238235,-0.7382133868099816,log,0.05492738267299072,0.47019868009879895,6.420797623507512e+21,2.3542924619527544e+22
1.86,1.264,catalog,0.36,771.7762452717325,59.4,4195.611894255336,0.01589,catalog,2215801544.505417,15613535.392520748,Selsis,-0.34767304652848474,-0.6984737770618801,linear,0.21690653667950366,0.6710138637438074,3.502695423804707e+23,1.2843216553950593e+24
1.86,1.264,catalog,0.36,771.7762452717325,59.4,384.864880184303,0.01589,catalog,10707688908.503355,23784564.37729616,Jackson,-0.2887671091816032,-0.7292590646549829,GP,0.4361016809795835,0.060658340018929,2.9232036930280963e+22,1.071841354110302e+23
1.86,1.264,catalog,0.36,771.7762452717325,59.4,7512.837420983015,0.01589,catalog,1456103231.8364248,91549276.36230446,Selsis,-0.47443488154944496,-0.6217439633221079,linear,0.15390922805533702,0.8530873140584369,2.0913085112986858e+23,7.668131208095181e+23
1.86,1.264,catalog,0.36,771.7762452717325,59.4,1270.2306098793538,0.01589,catalog,3082689721.4602847,99804747.60031956,Jackson,-0.4605384442480374,-0.6863749748792894,log,0.053266167221895505,0.6514680825418304,8.128749420935303e+21,2.9805414543429443e+22
1.86,1.264,catalog,0.36,771.7762452717325,59.4,1039.7329862561135,0.01589,catalog,3749650452.6240373,69430602.60184157,Jackson,-0.3800931585111098,-0.6757212350585784,GP,0.06639230425040057,0.6514829468237406,1.2091582609958868e+22,4.433580290318251e+22
1.86,1.264,catalog,0.36,771.7762452717325,59.4,1956.8071368750238,0.01589,catalog,3930566636.630232,32371992.202464305,Selsis,-0.3085781273354274,-0.7754510703810574,linear,0.267512802056056,0.041606092102075,5.114202826966302e+23,1.8752077032209773e+24
1.86,1.264,catalog,0.36,771.7762452717325,59.4,633.2444441416752,0.01589,catalog,6219096315.883135,86871426.78738596,Jackson,-0.2988490924615462,-0.7744124731637625,GP,0.24270001367170094,0.19189588087149634,2.105154267774531e+22,7.718898981839947e+22
1.86,1.264,catalog,0.36,771.7762452717325,59.4,1633.6983711908922,0.01589,catalog,2424176041.179001,67061061.33675075,Jackson,-0.4039152430181004,-0.7078959044677354,log,0.11380848000156511,0.42637439028284396,8.457113519177749e+21,3.1009416236985076e+22
1.86,1.264,catalog,0.36,771.7762452717325,59.4,5120.190060280421,0.01589,catalog,1916607290.1149817,25221465.16506373,Selsis,-0.44218534183705926,-0.686141771519657,linear,0.14125768509207312,0.07010953798786235,2.4367173139349407e+23,8.934630151094782e+23
1.86,1.264,catalog,0.36,771.7762452717325,59.4,3105.970965475296,0.01589,catalog,2766689265.8815975,47787270.69595407,Selsis,-0.3961416599187439,-0.7241345665788577,GP,0.17277422922454025,0.7519873816515917,2.1899746336634374e+22,8.02990699009927e+22
1.86,1.264,catalog,0.36,771.7762452717325,59.4,1935.9136659555345,0.01589,catalog,2068391259.7598484,49043888.10682174,Jackson,-0.3289304992095264,-0.7439046426658823,log,0.061252047918588653,0.3884385880574216,1.1071185033027056e+22,4.05943451210992e+22
1.86,1.264,catalog,0.36,771.7762452717325,59.4,882.3408037071177,0.01589,catalog,4418429789.987026,95403943.76793967,Jackson,-0.48822794709620687,-0.6904363416997548,linear,0.30910655206058163,0.7709425090160364,1.294813958771187e+23,4.7476511821610186e+23
1.86,1.264,catalog,0.36,771.7762452717325,59.4,698.7815341666512,0.01589,catalog,5610410985.2355175,1218930.195892154,Jackson,-0.32369119194066953,-0.7177965025511698,GP,0.08306822650847133,0.2419532654684725,2.048115791932453e+22,7.509757903752328e+22
1.86,1.264,catalog,0.36,771.7762452717325,59.4,1058.3384323765288,0.01589,catalog,3684411384.637151,4874259.058297989,Jackson,-0.4912719827460721,-0.7494025994046875,log,0.07024146930689953,0.9782190364994643,8.652505981582294e+21,3.1725855265801743e+22
1.86,1.264,catalog,0.36,771.7762452717325,59.4,438.2279861208306,0.01589,catalog,9256708143.75041,10148456.901447466,Jackson,-0.4058319748025563,-0.7838901385084045,linear,0.08754737314285425,0.4778913406109644,1.8884476059297757e+23,6.924307888409177e+23
1.86,1.264,catalog,0.36,771.7762452717325,59.4,3176.7014240908215,0.01589,catalog,2720781828.8375716,84410325.95297211,Selsis,-0.2838782797646663,-0.7540731195486003,log,0.05530981439441475,0.028340095393477593,3.214123080210279e+22,1.1785117960771022e+23
1.86,1.264,catalog,0.36,771.7762452717325,59.4,1010.2681915381131,0.01589,catalog,3858142309.902268,16501795.545559786,Jackson,-0.30493794696273185,-0.664663498618074,GP,0.42060448775566683,0.47578024201851343,2.111438147535217e+22,7.741939874295795e+22
1.86,1.264,catalog,0.36,771.7762452717325,59.4,2198.861622727651,0.01589,catalog,1839013978.4582422,22590278.17549628,Jackson,-0.4750327306881676,-0.7088923249081004,linear,0.28093826502526725,0.6430312643362129,1.0516765572153005e+23,3.8561473764561016e+23
1.86,1.264,catalog,0.36,771.7762452717325,59.4,7074.632793754633,0.01589,catalog,1519630550.3190033,31586100.42001117,Selsis,-0.3305514689756015,-0.7994534976365436,GP,0.14498851606862379,0.1158140692611479,2.3614917434530712e+22,8.658803059327927e+22
1.86,1.264,catalog,0.36,771.7762452717325,59.4,16703.453320790253,0.01589,catalog,788630506.8983076,25012784.32058491,Selsis,-0.4890154362644013,-0.6873291230167157,log,0.22200808097311245,0.04349896372160622,8.116578181420397e+21,2.976078666520812e+22
1.86,1.264,catalog,0.36,771.7762452717325,59.4,1084.7352132409094,0.01589,catalog,6332002111.599172,90783579.69793117,Selsis,-0.2978582865332071,-0.688895346043443,linear,0.43785191223261266,0.5010399643571087,6.258975272181516e+23,2.2949575997998892e+24
1.86,1.264,catalog,0.36,771.7762452717325,59.4,894.2289773320492,0.01589,catalog,4359186040.549823,97182827.24682568,Jackson,-0.40860782531377154,-0.6448278006760654,linear,0.1756951324079753,0.5464342911357462,1.7033413334083935e+23,6.245584889164109e+23
1.86,1.264,catalog,0.36,771.7762452717325,59.4,817.9685710814348,0.01589,catalog,8054313884.544068,36676880.00359342,Selsis,-0.3063519892038495,-0.6834587784437364,GP,0.18344926792922725,0.4136111505621973,4.886656966121789e+22,1.7917742209113227e+23
1.86,1.264,catalog,0.36,771.7762452717325,59.4,5206.98376016922,0.01589,catalog,1893449629.006736,57318284.866675004,Selsis,-0.464061470032666,-0.6775206885374081,log,0.053101539952863416,0.4978883824473527,1.438207359479991e+22,5.273426984759966e+22
1.86,1.264,catalog,0.36,771.7762452717325,59.4,768.9124977230597,0.01589,catalog,5082702691.437873,30125816.3262326,Jackson,-0.3327071373694557,-0.6587305119987306,GP,0.12593596488407865,0.891358665977184,1.8542829126044581e+22,6.7990373462163465e+22
1.86,1.264,catalog,0.36,771.7762452717325,59.4,1126.2926472431218,0.01589,catalog,3465417298.000109,95779233.96073389,Jackson,-0.4853636851533521,-0.6528295851736964,linear,0.23064802513364727,0.1168622992224514,1.320650460301399e+23,4.8423850211051295e+23
1.86,1.264,catalog,0.36,771.7762452717325,59.4,824.2553104926498,0.01589,catalog,8001076613.506434,35968421.30142014,Selsis,-0.3546801624577276,-0.7727732760768167,linear,0.09323761684613673,0.9224132578718931,4.5303815590716886e+23,1.6611399049929523e+24
1.86,1.264,catalog,0.36,771.7762452717325,59.4,5320.525596547231,0.01589,catalog,1864176725.713999,94104879.8845592,Selsis,-0.32372625528692905,-0.7300068173687477,GP,0.39359851308275867,0.19605832530673573,2.5620044619699945e+22,9.394016360556645e+22
1.86,1.264,catalog,0.36,771.7762452717325,59.4,1394.1241758490871,0.01589,catalog,5144551005.306791,16423059.368975956,Selsis,-0.40055736999528607,-0.691889875840968,linear,0.20462716299715258,0.596147769589032,3.6896991167803854e+23,1.352889676152808e+24
1.86,1.264,catalog,0.36,771.7762452717325,59.4,966.5802452342016,0.01589,catalog,6979448865.1725235,31997896.07417297,Selsis,-0.3070504807254525,-0.7813131264690669,linear,0.17407360817659012,0.4857913766979911,5.9789521488025315e+23,2.1922824545609283e+24
1.86,1.264,catalog,0.36,771.7762452717325,59.4,1344.587481741849,0.01589,catalog,2918142859.190475,5068161.407463264,Jackson,-0.29509620624892036,-0.7942885508875179,linear,0.08382624652749152,0.7449681344541309,2.7030039669333605e+23,9.911014545422321e+23
1.86,1.264,catalog,0.36,771.7762452717325,59.4,1649.728433278721,0.01589,catalog,2401981686.198511,47512552.5176721,Jackson,-0.41304588768677947,-0.7976429425831956,linear,0.1513107868870962,0.3426886161705939,1.1774609945160517e+23,4.3173569798921895e+23
1.86,1.264,catalog,0.36,771.7762452717325,59.4,394.53275202659063,0.01589,catalog,10411449405.775934,3198965.292928981,Jackson,-0.31080295243390205,-0.701582360902177,log,0.08613027850434343,0.9628837789243565,2.3975740539399465e+22,8.79110486444647e+22
1.86,1.264,catalog,0.36,771.7762452717325,59.4,807.8665980138873,0.01589,catalog,4832037104.258467,16500764.97562373,Jackson,-0.4116860897272028,-0.6727840028385677,linear,0.32140141820903656,0.1170721888045747,1.7862190217403774e+23,6.549469746381383e+23
1.86,1.264,catalog,0.36,771.7762452717325,59.4,1769.9296028279887,0.01589,catalog,4252208587.5406513,38206847.00574912,Selsis,-0.33798807610601306,-0.7500458600820928,log,0.14803607677990824,0.6051359202877785,2.729749628458828e+22,1.0009081971015703e+23
1.86,1.264,catalog,0.36,771.7762452717325,59.4,1953.9006692717016,0.01589,catalog,3935127036.2208495,93359671.4356579,Selsis,-0.3022300726776607,-0.772866791009299,log,0.3794807946053477,0.5358298892886529,3.1774205126466005e+22,1.1650541879704201e+23
1.86,1.264,catalog,0.36,771.7762452717325,59.4,4078.8537527623507,0.01589,catalog,1057477576.1028299,21780431.088254623,Jackson,-0.3545329422566677,-0.7704706014866651,GP,0.18553701558416627,0.013817400113105727,8.53820675095956e+21,3.130675808685172e+22
1.86,1.264,catalog,0.36,771.7762452717325,59.4,548.7214593429022,0.01589,catalog,7242214555.457373,7782648.241429888,Jackson,-0.4495811037000997,-0.7823436022463893,GP,0.23032757378058522,0.16185294999994382,1.2356747070482852e+22,4.5308072591770455e+22
1.86,1.264,catalog,0.36,771.7762452717325,59.4,4376.045664222931,0.01589,catalog,2148527590.633054,75673160.86125496,Selsis,-0.48104559061414354,-0.7778388187112308,GP,0.08434058605013255,0.9436399761007358,1.5966162598598617e+22,5.854259619486159e+22
1.86,1.264,catalog,0.36,771.7762452717325,59.4,712.8792454820499,0.01589,catalog,9082850959.840368,67434395.28612909,Selsis,-0.45496852944389826,-0.6390520181462209,log,0.11191304626600349,0.4752563871864963,2.6373286434963263e+22,9.670205026153197e+22
1.86,1.264,catalog,0.36,771.7762452717325,59.4,1101.5534433027995,0.01589,catalog,3541788324.144633,92602664.28753649,Jackson,-0.4428781945272774,-0.6716893033316127,linear,0.23404065444003144,0.3031421894784919,1.356041193937901e+23,4.9721510444389705e+23
1.86,1.264,catalog,0.36,771.7762452717325,59.4,1419.0368911429107,0.01589,catalog,2771172834.657339,84899663.59655158,Jackson,-0.344100674212428,-0.7282971019894423,linear,0.3229952454544766,0.4401382440577961,1.6742773377513163e+23,6.139016905088159e+23
1.86,1.264,catalog,0.36,771.7762452717325,59.4,810.4487664768698,0.01589,catalog,8119071227.674176,92565743.35650957,Selsis,-0.31316340439114615,-0.7283176049775933,linear,0.2545969126975601,0.09513282039597792,5.777287397198188e+23,2.1183387123060023e+24
1.86,1.264,catalog,0.36,771.7762452717325,59.4,553.4117047469897,0.01589,catalog,7176372929.343413,74768170.11998712,Jackson,-0.48085128135560457,-0.6259954550380781,linear,0.4634512545921938,0.9344957682559356,1.944991776992397e+23,7.131636515638788e+23
1.86,1.264,catalog,0.36,771.7762452717325,59.4,4932.834475400359,0.01589,catalog,1969073088.7750082,87426111.00836942,Selsis,-0.2830714878621619,-0.6746792295768035,log,0.07077767336996654,0.35741492946837117,2.860096878983647e+22,1.0487021889606705e+23
1.86,1.264,catalog,0.36,771.7762452717325,59.4,587.6901483209724,0.01589,catalog,10791827467.703478,73501639.10136281,Selsis,-0.48169964374528873,-0.7668740502716508,log,0.07104790925851069,0.727805924083179,2.0964207184313668e+22,7.686875967581678e+22
1.86,1.264,catalog,0.36,771.7762452717325,59.4,3774.3360560853853,0.01589,catalog,1132024224.9831722,55937334.42192768,Jackson,-0.3722078706646285,-0.6219890954666843,linear,0.12524112785702768,0.06383234750360511,1.1877605523658949e+23,4.355122025341614e+23
1.86,1.264,catalog,0.36,771.7762452717325,59.4,3202.618036168312,0.01589,catalog,2704422809.8436494,8200778.42284404,Selsis,-0.3724130114441765,-0.6598198412644445,log,0.10275118327038295,0.8008653971115502,2.2385735384569257e+22,8.20810297434206e+22
1.86,1.264,catalog,0.36,771.7762452717325,59.4,1920.60359250702,0.01589,catalog,3988292146.2058444,48284091.08439248,Selsis,-0.31837050682261114,-0.7536878680635251,GP,0.06060069488779947,0.3851749987234493,3.5954150955965787e+22,1.3183188683854122e+23
1.86,1.264,catalog,0.36,771.7762452717325,59.4,2559.389076753908,0.01589,catalog,1601258177.530799,73245179.49459967,Jackson,-0.49828343876684233,-0.6364286836967493,log,0.22560611121005286,0.549894979230294,6.802635730291372e+21,2.494299767773503e+22
1.86,1.264,catalog,0.36,771.7762452717325,59.4,990.8485951270734,0.01589,catalog,3933366027.075466,45833745.41893112,Jackson,-0.4031699159599707,-0.7177468995502161,log,0.20634418336207588,0.8506531737078822,1.0237133397364914e+22,3.753615579033802e+22
1.86,1.264,catalog,0.36,771.7762452717325,59.4,1892.4746583925905,0.01589,catalog,4034568058.2310967,90762712.26500295,Selsis,-0.4896378881260606,-0.609110394209905,linear,0.0749877324398548,0.5482826131986441,3.321878061311194e+23,1.2180219558141043e+24
1.86,1.264,catalog,0.36,771.7762452717325,59.4,4364.68738414852,0.01589,catalog,996729520.3102858,92830300.59166399,Jackson,-0.3977708444441076,-0.6477000625007786,linear,0.2020655478659205,0.7438327117821358,8.926408186400586e+22,3.273016335013548e+23
1.86,1.264,catalog,0.36,771.7762452717325,59.4,2550.671783389492,0.01589,catalog,1606216206.2086523,38501054.709126666,Jackson,-0.39536911911500416,-0.7426518392888762,log,0.48279712944310627,0.029764678097507713,7.395686615464098e+21,2.7117517590035025e+22
1.86,1.264,catalog,0.36,771.7762452717325,59.4,975.7812564576293,0.01589,catalog,6923522026.540779,57602283.29931975,Selsis,-0.49373493614432884,-0.6449748168960605,log,0.15574915890525165,0.5399797602613783,2.3181678727106996e+22,8.499948866605898e+22
1.86,1.264,catalog,0.36,771.7762452717325,59.4,950.7936175572205,0.01589,catalog,4098784269.3294683,29152381.39219359,Jackson,-0.4185928981051579,-0.7505791841080146,linear,0.2491010591661529,0.4703793704214543,1.4469517219360446e+23,5.30548964709883e+23
1.86,1.264,catalog,0.36,771.7762452717325,59.4,566.9562351365358,0.01589,catalog,6992985541.369188,57072393.26576962,Jackson,-0.3948643251341547,-0.6319613028309046,linear,0.2087638069197869,0.3497149957255945,2.2674782025192064e+23,8.314086742570423e+23
1.86,1.264,catalog,0.36,771.7762452717325,59.4,624.2438239783752,0.01589,catalog,10220988792.385286,15981094.001338448,Selsis,-0.33708389985795995,-0.734453587842391,GP,0.09188886126549473,0.11374934476849607,4.063867337285816e+22,1.4900846903381324e+23
1.86,1.264,catalog,0.36,771.7762452717325,59.4,1288.431085507108,0.01589,catalog,3040599240.716375,68269949.99822661,Jackson,-0.3725768895252104,-0.6742898469301667,GP,0.18795324368158908,0.024958062226944522,1.1727226099264047e+22,4.299982903063484e+22
1.86,1.264,catalog,0.36,771.7762452717325,59.4,1873.5572045788704,0.01589,catalog,2132295200.1115928,99882996.12402385,Jackson,-0.3564685567914513,-0.7538622369122077,log,0.19856712397896878,0.4650699187625812,9.006305072662451e+21,3.302311859976232e+22
1.86,1.264,catalog,0.36,771.7762452717325,59.4,7101.542788841714,0.01589,catalog,1515529890.523118,32221452.05498613,Selsis,-0.33558463031312036,-0.6736948265261933,GP,0.4277070687155384,0.33783290197061466,2.399607256186268e+22,8.798559939349649e+22
1.86,1.264,catalog,0.36,771.7762452717325,59.4,2293.7386221753145,0.01589,catalog,3475774658.9623957,10238362.159078266,Selsis,-0.2927114214711458,-0.7563898772039075,GP,0.3505833592801127,0.021841856681343308,4.507011364932822e+22,1.6525708338087014e+23
1.86,1.264,catalog,0.36,771.7762452717325,59.4,2089.6656127052393,0.01589,catalog,1927229966.6685944,2348190.174403277,Jackson,-0.411202446657827,-0.7810721969970186,linear,0.12590672836680117,0.7942196061184347,1.2601740341539359e+23,4.620638125231098e+23
1.86,1.264,catalog,0.36,771.7762452717325,59.4,3533.492993286576,0.01589,catalog,1199847454.563473,60137995.28248056,Jackson,-0.39411850035721946,-0.761052653454249,log,0.3898003854935259,0.9336526119177221,6.144812146247723e+21,2.253097786957498e+22
1.86,1.264,catalog,0.36,771.7762452717325,59.4,3071.6555129048234,0.01589,catalog,1358895474.996939,79373907.34917107,Jackson,-0.28068772774360307,-0.6307202589238902,GP,0.08949468592917609,0.0753609473945398,1.6257254525055015e+22,5.960993325853505e+22
1.86,1.264,catalog,0.36,771.7762452717325,59.4,4582.841202691858,0.01589,catalog,955320236.2925376,10249146.806273252,Jackson,-0.4240926221534298,-0.7732704186385896,log,0.15142931915538993,0.8086853741723619,5.670041032997333e+21,2.0790150454323555e+22
1.86,1.264,catalog,0.36,771.7762452717325,59.4,1048.648445823535,0.01589,catalog,6514611142.632648,51658290.18569708,Selsis,-0.34593438761810624,-0.6494393338206896,GP,0.3352503866639857,0.15618018362406816,3.7293893010638135e+22,1.3674427437233982e+23
1.86,1.264,catalog,0.36,771.7762452717325,59.4,877.6464617453054,0.01589,catalog,7579459876.742596,61058793.123764664,Selsis,-0.30270670895431584,-0.6206017311727927,log,0.1946183705047549,0.2436817726651297,4.4738204011013916e+22,1.6404008137371767e+23
1.86,1.264,catalog,0.36,771.7762452717325,59.4,882.2343580892742,0.01589,catalog,4418967925.195421,75905066.83976604,Jackson,-0.456985781952487,-0.7397974416011717,GP,0.21451385816352128,0.1110103378029158,9.183800480507293e+21,3.3673935095193408e+22
1.86,1.264,catalog,0.36,771.7762452717325,59.4,1168.9616504592882,0.01589,catalog,3341740925.534536,68220727.8548288,Jackson,-0.45624367221712625,-0.6320256808144022,linear,0.26104215801613856,0.5750961348981803,1.4948552826168427e+23,5.481136036261756e+23
1.86,1.264,catalog,0.36,771.7762452717325,59.4,1861.7220728521077,0.01589,catalog,4086657267.7211847,85688365.90700965,Selsis,-0.3808623057932066,-0.7453667327838344,linear,0.4944115139748399,0.3869608948961546,3.318337444976231e+23,1.2167237298246181e+24
1.86,1.264,catalog,0.36,771.7762452717325,59.4,2385.564281115968,0.01589,catalog,3373520492.0564704,88770092.6018897,Selsis,-0.32749025563784484,-0.726402834352273,linear,0.09576153386447869,0.8683939594687827,4.135560697080474e+23,1.5163722555961738e+24
1.86,1.264,catalog,0.36,771.7762452717325,59.4,1243.1266376886322,0.01589,catalog,3147735827.442265,26857064.68567255,Jackson,-0.37535824398082035,-0.6275243435321196,linear,0.3696297344070192,0.5979877854070268,1.9222249896509383e+23,7.048158295386774e+23
1.86,1.264,catalog,0.36,771.7762452717325,59.4,3919.5271602106736,0.01589,catalog,1095073396.8654048,30483516.511147488,Jackson,-0.49460343027982995,-0.669836093172672,GP,0.11045914741447434,0.22205448007148787,6.289890971388685e+21,2.306293356175851e+22
1.86,1.264,catalog,0.36,771.7762452717325,59.4,2297.7157806438545,0.01589,catalog,3471189792.1948667,7423518.932881755,Selsis,-0.39103730228232997,-0.6913395701862648,log,0.14848996928865021,0.7731449302478197,2.220843106739376e+22,8.143091391377712e+22
1.86,1.264,catalog,0.36,771.7762452717325,59.4,5391.409140892182,0.01589,catalog,1846461046.3847814,97580026.40595625,Selsis,-0.42574199289212233,-0.786521566883022,linear,0.27888470766613094,0.8560954242760329,2.141293593970733e+23,7.851409844559354e+23
1.86,1.264,catalog,0.36,771.7762452717325,59.4,2401.0184042019155,0.01589,catalog,3357020910.4220295,69620357.92703266,Selsis,-0.42570335745135135,-0.6086563001036521,GP,0.1064491741865825,0.2520826656953986,2.5725484248610577e+22,9.432677557823878e+22
1.86,1.264,catalog,0.36,771.7762452717325,59.4,672.9681903559082,0.01589,catalog,9557870051.158619,96375844.62189484,Selsis,-0.48582191224238674,-0.7984941928597136,linear,0.21507605571554045,0.3620881971817107,2.9870380873813697e+23,1.0952472987065021e+24
1.86,1.264,catalog,0.36,771.7762452717325,59.4,751.2650506038555,0.01589,catalog,5205495147.080766,2723615.124351229,Jackson,-0.2932547590378703,-0.6996088463268305,linear,0.3647745847184763,0.7277883478417989,3.445745732167071e+23,1.2634401017945926e+24
1.86,1.264,catalog,0.36,771.7762452717325,59.4,1456.0291064150363,0.01589,catalog,2703886973.045059,41544888.28738844,Jackson,-0.3255984328276489,-0.6465016255900051,linear,0.2283547648065579,0.7028425226835389,2.160414007583899e+23,7.921518027807629e+23
1.86,1.264,catalog,0.36,771.7762452717325,59.4,699.6460526356425,0.01589,catalog,5603207696.526024,99140582.2825712,Jackson,-0.49131570317781376,-0.7091946217480499,GP,0.25036181901766347,0.861208948963875,9.81513216777338e+21,3.598881794850239e+22
1.86,1.264,catalog,0.36,771.7762452717325,59.4,1217.9071923949132,0.01589,catalog,5749408330.458414,57489654.83398613,Selsis,-0.4101796160322368,-0.7887193035150174,linear,0.09896900026519234,0.65616769068106,3.273081619787965e+23,1.200129927255587e+24
1.86,1.264,catalog,0.36,771.7762452717325,59.4,508.78786932386777,0.01589,catalog,7857703779.557475,72460691.72773819,Jackson,-0.4756414799851375,-0.6493562786284457,GP,0.3670989272480333,0.2278535474820268,1.3427609108722573e+22,4.923456673198276e+22
1.86,1.264,catalog,0.36,771.7762452717325,59.4,3252.474187163533,0.01589,catalog,2673619702.917208,90509624.831722,Selsis,-0.3915029818693895,-0.6137916241132689,GP,0.08144779142682157,0.3915244844609267,2.497999252582813e+22,9.159330592803647e+22
1.86,1.264,catalog,0.36,771.7762452717325,59.4,7426.707129972992,0.01589,catalog,1468065564.6496499,34160323.8398602,Selsis,-0.4528770787305443,-0.6180937589261476,log,0.07442875408231657,0.4009409963359011,1.45510960790201e+22,5.335401895640703e+22
1.86,1.264,catalog,0.36,771.7762452717325,59.4,1676.4707892136005,0.01589,catalog,4438216791.285783,33735178.06433185,Selsis,-0.48839649003271995,-0.6554397070731808,GP,0.06540207026613258,0.3964861216809684,2.3144982138848054e+22,8.486493450910953e+22
1.86,1.264,catalog,0.36,771.7762452717325,59.4,819.3073403096522,0.01589,catalog,4763269332.442561,89165667.25463118,Jackson,-0.31658115370328893,-0.7156354722889903,log,0.13876239743057872,0.23344817027805986,1.613778236331068e+22,5.917186866547249e+22
1.86,1.264,catalog,0.36,771.7762452717325,59.4,854.0765044296245,0.01589,catalog,4566342745.141224,67414903.67658517,Jackson,-0.4368780311745661,-0.738834453586515,log,0.3510852723983454,0.5055572376528231,9.269361875025978e+21,3.398766020842858e+22
1.86,1.264,catalog,0.36,771.7762452717325,59.4,2047.742399487059,0.01589,catalog,1963606450.670572,40276230.408460945,Jackson,-0.32004096944455773,-0.7462299489189057,log,0.18720561002906022,0.4853757649702527,1.1593048016691432e+22,4.250784272786858e+22
1.86,1.264,catalog,0.36,771.7762452717325,59.4,7042.478374232224,0.01589,catalog,1524566738.6187017,8807359.640108345,Selsis,-0.43094643876978955,-0.6415402846332239,log,0.17249317111223123,0.5913726963586531,1.541481650632266e+22,5.652099385651642e+22
1.86,1.264,catalog,0.36,771.7762452717325,59.4,1748.2936124758494,0.01589,catalog,4293604249.508337,69930864.44027437,Selsis,-0.31336111344053014,-0.7988882911540766,GP,0.13635916106736676,0.9605881566644592,3.6897144143991697e+22,1.3528952852796955e+23
1.86,1.264,catalog,0.36,771.7762452717325,59.4,1676.5324901336933,0.01589,catalog,4438087553.57174,77077201.9524442,Selsis,-0.47319963484308686,-0.6799944727975736,GP,0.32001715152428184,0.04286174827173028,2.1473250706832625e+22,7.873525259171962e+22
1.86,1.264,catalog,0.36,771.7762452717325,59.4,927.9995210453754,0.01589,catalog,4199672214.0098567,7779772.033520173,Jackson,-0.40508222802908644,-0.7832167294373433,GP,0.07227635844382589,0.8126776614615583,1.124498706184377e+22,4.123161922676049e+22
1.86,1.264,catalog,0.36,771.7762452717325,59.4,3067.5241804562434,0.01589,catalog,2792449963.492369,45315618.777832404,Selsis,-0.2999274619181789,-0.6706226974739545,log,0.1810969392496639,0.39189749472918245,3.0869646266123113e+22,1.1318870297578474e+23
1.86,1.264,catalog,0.36,771.7762452717325,59.4,622.1469004686774,0.01589,catalog,10251890711.354778,29282076.92316981,Selsis,-0.43178482734073037,-0.7982770932634361,log,0.058608036828124925,0.0946072599706399,2.3154690468294032e+22,8.490053171707811e+22
1.86,1.264,catalog,0.36,771.7762452717325,59.4,1684.4730129003558,0.01589,catalog,2355350383.7198763,71668216.23051152,Jackson,-0.4685329260347274,-0.7906999325847714,linear,0.2935221183589617,0.8239563507767959,9.937042194501312e+22,3.643582137983814e+23
1.86,1.264,catalog,0.36,771.7762452717325,59.4,3172.4731003615725,0.01589,catalog,1320303280.158654,96665299.82642075,Jackson,-0.3739024450148689,-0.6423799551086294,log,0.30386171671718865,0.5438765254404773,7.427778126425926e+21,2.7235186463561728e+22
1.86,1.264,catalog,0.36,771.7762452717325,59.4,7607.714803511268,0.01589,catalog,1443203423.2988858,22437901.801649284,Selsis,-0.41327338406476466,-0.7054756270483749,GP,0.06370972540589745,0.2824385852120137,1.7057617994844574e+22,6.254459931443011e+22
1.86,1.264,catalog,0.36,771.7762452717325,59.4,1728.1580728105246,0.01589,catalog,4333004345.266944,19836024.742437776,Selsis,-0.4766547549241701,-0.6610387846644982,linear,0.31295444177679477,0.27825223754805917,3.180620923495522e+23,1.166227671948358e+24
1.86,1.264,catalog,0.36,771.7762452717325,59.4,549.2459911763364,0.01589,catalog,7234789327.8266945,12786915.729396299,Jackson,-0.4899129968789034,-0.685182527936069,linear,0.08148491431230495,0.32606049964845374,1.6811826781729815e+23,6.164336486634266e+23
1.86,1.264,catalog,0.36,771.7762452717325,59.4,1422.4829284868763,0.01589,catalog,2764752962.0658526,89601338.23308267,Jackson,-0.3131523684567542,-0.6411344121671033,log,0.3993255842038871,0.9523256844351772,1.4568687280892443e+22,5.341852002993896e+22
1.86,1.264,catalog,0.36,771.7762452717325,59.4,855.6837660704008,0.01589,catalog,7746581319.736443,62117370.12815279,Selsis,-0.3231160813567416,-0.6060526004484089,GP,0.16007783581359833,0.16953783359842223,4.856315969670432e+22,1.7806491888791584e+23
1.86,1.264,catalog,0.36,771.7762452717325,59.4,1122.6922321848342,0.01589,catalog,6152280967.774396,52602194.5335811,Selsis,-0.47082145302621964,-0.7668045954381826,linear,0.11233690476593056,0.007400175476737103,2.956461862579824e+23,1.0840360162792688e+24
1.86,1.264,catalog,0.36,771.7762452717325,59.4,3084.4829424573322,0.01589,catalog,1353847428.3221812,54805735.67510712,Jackson,-0.2873292534349691,-0.7086006142477574,log,0.24675336607090112,0.9256385627935431,1.218197460762679e+22,4.466724022796489e+22
1.86,1.264,catalog,0.36,771.7762452717325,59.4,2282.8999502650245,0.01589,catalog,3488344298.372296,48271938.79337042,Selsis,-0.47425961806338834,-0.7064434909198151,GP,0.067566275102822,0.9147233341052116,2.000520902697947e+22,7.335243309892472e+22
1.86,1.264,catalog,0.36,771.7762452717325,59.4,1652.3532746733704,0.01589,catalog,4489429641.294806,93073561.19744541,Selsis,-0.46248498354206663,-0.7427604294771296,linear,0.22522641482084121,0.5710479607214,2.745660453111289e+23,1.0067421661408059e+24
1.86,1.264,catalog,0.36,771.7762452717325,59.4,482.65165984823807,0.01589,catalog,8322448625.587768,71803092.0088025,Jackson,-0.324633072540834,-0.6940610330662305,linear,0.14911973926198685,0.748858819673922,2.8459307266074747e+23,1.0435079330894074e+24
1.86,1.264,catalog,0.36,771.7762452717325,59.4,1232.5018228115487,0.01589,catalog,3174042876.78568,71493630.66896145,Jackson,-0.39620859082869353,-0.7705005795617074,GP,0.13718448569226638,0.4345247158852521,9.542932999803733e+21,3.4990754332613687e+22
1.86,1.264,catalog,0.36,771.7762452717325,59.4,1080.4349903688294,0.01589,catalog,6353138071.282935,8700194.86336669,Selsis,-0.42009877310437227,-0.6122137912930946,GP,0.0700697442262015,0.042487019152923855,3.321491072404994e+22,1.217880059881831e+23
1.86,1.264,catalog,0.36,771.7762452717325,59.4,733.9558027240033,0.01589,catalog,8852950802.110878,98968878.76249819,Selsis,-0.48530595719543046,-0.7610994520944455,linear,0.2958214877075648,0.23125891653323327,3.016425221500739e+23,1.1060225812169376e+24
1.86,1.264,catalog,0.36,771.7762452717325,59.4,718.2189068855429,0.01589,catalog,5452986294.866493,50428374.00722388,Jackson,-0.3334026491227764,-0.656389355498472,log,0.15906830732360208,0.8721871399794194,1.7093399044372335e+22,6.2675796496031894e+22
1.86,1.264,catalog,0.36,771.7762452717325,59.4,863.26424217354,0.01589,catalog,4517129215.748297,2852683.6767049436,Jackson,-0.4426739698859642,-0.7636758640673952,GP,0.05043803947433617,0.6306060119886211,1.0813693760711768e+22,3.965021045594315e+22
1.86,1.264,catalog,0.36,771.7762452717325,59.4,9869.399707494886,0.01589,catalog,1201899566.3923345,79626307.93932267,Selsis,-0.3012390733604877,-0.743400073732329,linear,0.11724241892331268,0.48643036314984056,3.0410519437035804e+23,1.1150523793579794e+24
1.86,1.264,catalog,0.36,771.7762452717325,59.4,2273.177499730159,0.01589,catalog,3499713566.3851695,71717891.01926994,Selsis,-0.48988032493154465,-0.634083169737888,GP,0.42851108456227516,0.9874372469833465,2.2044296351814836e+22,8.082908662332106e+22
1.86,1.264,catalog,0.36,771.7762452717325,59.4,3352.5604595427176,0.01589,catalog,2614299288.449509,69605445.37587778,Selsis,-0.4509805461738722,-0.6323929762991131,GP,0.118942724666648,0.47648222282532193,2.1116758066409717e+22,7.742811291016896e+22
1.86,1.264,catalog,0.36,771.7762452717325,59.4,6653.60983515429,0.01589,catalog,1587595193.224467,39742209.244444646,Selsis,-0.3690975061935101,-0.7891484348200394,GP,0.11588576771051642,0.26601930369260596,1.9347367715058636e+22,7.094034828854833e+22
1.86,1.264,catalog,0.36,771.7762452717325,59.4,4090.066314849684,0.01589,catalog,2257625012.6514106,52393342.567480795,Selsis,-0.3839778674437749,-0.7350985297444054,linear,0.07366295108018654,0.16540418476883634,2.794070751052311e+23,1.0244926087191807e+24
1.86,1.264,catalog,0.36,771.7762452717325,59.4,1524.775981357082,0.01589,catalog,4785714496.415395,71514900.20840485,Selsis,-0.3506451536440216,-0.6968168273970625,log,0.13521142198921654,0.3174810136980315,2.6663661174615523e+22,9.776675764025692e+22
1.86,1.264,catalog,0.36,771.7762452717325,59.4,5888.687219340185,0.01589,catalog,769644818.0040938,1261915.601620043,Jackson,-0.3843566789430742,-0.6404727833026989,GP,0.06974632882558035,0.6072071757328193,8.32406837620011e+21,3.0521584046067067e+22
1.86,1.264,catalog,0.36,771.7762452717325,59.4,5894.296586490189,0.01589,catalog,1731704066.1680498,30570145.217009585,Selsis,-0.39719033491825645,-0.7759343705085986,linear,0.2888403537546497,0.7966770253548657,2.431977594542679e+23,8.917251179989824e+23
1.86,1.264,catalog,0.36,771.7762452717325,59.4,813.7087385312884,0.01589,catalog,4796662637.584274,86616903.08548017,Jackson,-0.4194074978056355,-0.7204243526496641,linear,0.21877496181131373,0.931850307310752,1.4619317114910213e+23,5.360416275467078e+23
1.86,1.264,catalog,0.36,771.7762452717325,59.4,1217.3116631402406,0.01589,catalog,3212480954.9172544,18242491.897641305,Jackson,-0.459298211026656,-0.626461233624308,GP,0.09132184210022123,0.531894076061509,1.156586039771471e+22,4.24081547916206e+22
1.86,1.264,catalog,0.36,771.7762452717325,59.4,1088.249272425717,0.01589,catalog,3584431761.485463,36014090.39712005,Jackson,-0.33330926860832094,-0.6497270466814301,GP,0.06687245891283407,0.2645403485872434,1.6747832385618491e+22,6.14087187472678e+22
1.86,1.264,catalog,0.36,771.7762452717325,59.4,2336.921391840654,0.01589,catalog,1739296505.8242693,9310981.188514536,Jackson,-0.3552214479391182,-0.7859222637023385,GP,0.24391707652446062,0.878400796371388,1.0882669075689573e+22,3.99031199441951e+22
1.86,1.264,catalog,0.36,771.7762452717325,59.4,16869.521653697884,0.01589,catalog,740263695.9208792,27110204.421960216,Selsis,-0.4218241538831583,-0.6873778042076101,log,0.05160233056595431,0.8750871361368353,8.218650715545494e+21,3.013505262366681e+22
1.86,1.264,catalog,0.36,771.7762452717325,59.4,2141.6218566911953,0.01589,catalog,3664401706.0498214,46222832.82523095,Selsis,-0.4872518271895349,-0.6573181761557984,linear,0.47944052073541,0.6717965574193017,2.9263874473676858e+23,1.0730087307014847e+24
1.86,1.264,catalog,0.36,771.7762452717325,59.4,1038.9514812492157,0.01589,catalog,3752444501.4080887,88139927.0849502,Jackson,-0.3679337783671565,-0.6557593605305049,log,0.08036943442185608,0.9516692570220497,1.2209887108866213e+22,4.476958606584278e+22
1.86,1.264,catalog,0.36,771.7762452717325,59.4,481.06117915734745,0.01589,catalog,8352559221.640981,68612269.7230113,Jackson,-0.35789665820459976,-0.6807464099761615,log,0.07104880484529127,0.3707651600866335,1.6334428310513658e+22,5.9892903805216744e+22
1.86,1.264,catalog,0.36,771.7762452717325,59.4,3846.040875429432,0.01589,catalog,1113435486.6153326,57645272.39413788,Jackson,-0.28304268794152354,-0.7243653174404847,GP,0.06636971648028107,0.6277619012469723,1.385191111268068e+22,5.0790340746495826e+22
1.86,1.264,catalog,0.36,771.7762452717325,59.4,2324.705003789751,0.01589,catalog,1747638923.9898045,75407253.38627325,Jackson,-0.485615810131138,-0.6238640165329561,log,0.2849918448718997,0.439760997570551,7.444249358270285e+21,2.7295580980324375e+22
1.86,1.264,catalog,0.36,771.7762452717325,59.4,1729.3485961897468,0.01589,catalog,2297937827.4994206,58620052.91580725,Jackson,-0.4883964351154034,-0.7132382797128958,log,0.4648240432165965,0.7433841318234372,7.021755188209654e+21,2.5746435690102065e+22
