pl_mass,pl_radius,mass_source,st_mass,pl_teff,pl_insol,pl_XUV_flux,pl_orbsmax,orbit_source,st_age,pl_form_yr,x-ray-model,euv_gamma1,euv_gamma2,co2_fit,ch4_eta,N2O2_frac,C_loss,atmospheric_loss
1.83705,1.192,catalog,0.19,582.685382291061,19.3,250.09597214008633,0.0157,catalog,11869419763.987795,15460862.761879317,Jackson,-0.49493971282086074,-0.6952365423562661,GP,0.12530710837658743,0.28303077541669597,3.0046340098908984e+23,4.006178679854531e+23
1.83705,1.192,catalog,0.19,582.685382291061,19.3,4307.852918899001,0.0157,catalog,1955327292.1635485,45111749.51882151,Selsis,-0.2882928963187081,-0.7765945568578172,GP,0.0501311920384176,0.8722964343681548,1.644224805191959e+23,2.192299740255945e+23
1.83705,1.192,catalog,0.19,582.685382291061,19.3,771.4379763987101,0.0157,catalog,3947149890.3773193,68323488.0732012,Jackson,-0.3397494244783206,-0.6313345871078234,GP,0.052446452556558484,0.1489308595894563,1.527866847864233e+23,2.0371557971523107e+23
1.83705,1.192,catalog,0.19,582.685382291061,19.3,443.54977705231795,0.0157,catalog,6670658774.255977,40007361.9753676,Jackson,-0.38065174030202714,-0.6944193827196137,log,0.3412054833442586,0.9203858365821569,8.921855668856623e+23,1.1895807558475498e+24
1.83705,1.192,catalog,0.19,582.685382291061,19.3,671.19592161222,0.0157,catalog,4492779880.313952,86257760.30992404,Jackson,-0.28852655011007355,-0.7424326097972077,GP,0.34728902269150796,0.9109882794707842,1.3349874846917754e+24,1.7799833129223672e+24
1.83705,1.192,catalog,0.19,582.685382291061,19.3,420.94298299736084,0.0157,catalog,10976140732.504492,66947185.08982434,Selsis,-0.4111527768233176,-0.7913506062962619,log,0.34384924522198157,0.3398073528286346,1.0874744688716938e+24,1.4499659584955917e+24
1.83705,1.192,catalog,0.19,582.685382291061,19.3,5188.834951156033,0.0157,catalog,928212587.2766196,83079833.6931692,Selsis,-0.40866928505304223,-0.7069672792643209,GP,0.09493670603208701,0.8225703777337382,7.35579150322222e+22,9.807722004296293e+22
1.83705,1.192,catalog,0.19,582.685382291061,19.3,2604.3036656616296,0.0157,catalog,2765722947.4967694,82331021.96166885,Selsis,-0.4653087690661803,-0.7966438976979605,GP,0.32165220832597596,0.9148848556548766,5.7488305613688765e+23,7.665107415158502e+23
1.83705,1.192,catalog,0.19,582.685382291061,19.3,2497.023664499726,0.0157,catalog,1400966942.8751674,59527366.3742805,Jackson,-0.3607737630888498,-0.6699089239478065,GP,0.46161734026969875,0.9153488606405097,8.164349975735014e+23,1.0885799967646684e+24
1.83705,1.192,catalog,0.19,582.685382291061,19.3,1446.2291030160218,0.0157,catalog,2243391695.9557285,78640614.25528683,Jackson,-0.3741368367011072,-0.628947922471815,log,0.1142213626895428,0.5089320706421461,2.3469242304632155e+23,3.129232307284287e+23
1.83705,1.192,catalog,0.19,582.685382291061,19.3,632.4314890054292,0.0157,catalog,7896067979.169407,87369152.94765706,Selsis,-0.4249034678952031,-0.7793332062755609,linear,0.13418878442986648,0.42844141816306813,3.768407444609069e+23,5.0245432594787584e+23
1.83705,1.192,catalog,0.19,582.685382291061,19.3,654.6165082230293,0.0157,catalog,4599321607.194002,99221012.62046619,Jackson,-0.4346312443862429,-0.774643525965542,log,0.09969078502342484,0.46250715222914063,1.7496472520810372e+23,2.3328630027747163e+23
1.83705,1.192,catalog,0.19,582.685382291061,19.3,990.7079106422245,0.0157,catalog,3141016418.1097026,76194420.58633299,Jackson,-0.33276839586338325,-0.6807923732338391,linear,0.1761100274071206,0.333697345633461,4.606478678273391e+23,6.141971571031188e+23
1.83705,1.192,catalog,0.19,582.685382291061,19.3,1691.3411434468817,0.0157,catalog,3754634166.5829215,58470945.69231154,Selsis,-0.4507776207449614,-0.7038611843283895,log,0.24339150547308216,0.5091588395741651,5.499657911512493e+23,7.33287721534999e+23
1.83705,1.192,catalog,0.19,582.685382291061,19.3,470.3897622526357,0.0157,catalog,6300821905.320435,69133474.34401543,Jackson,-0.4513389914567086,-0.7305201412862561,log,0.3668889273711562,0.8161724246420554,7.13256052084653e+23,9.51008069446204e+23
1.83705,1.192,catalog,0.19,582.685382291061,19.3,2455.2192790800304,0.0157,catalog,1421168734.1350029,57517339.71243808,Jackson,-0.44691457078809854,-0.780141595957325,GP,0.152070205436366,0.6884000460436769,2.0058252747695815e+23,2.6744336996927753e+23
1.83705,1.192,catalog,0.19,582.685382291061,19.3,2726.637814562311,0.0157,catalog,2678551281.8686447,22814140.884274695,Selsis,-0.3475925476881834,-0.6784840496164763,linear,0.05486321452012228,0.9064638315890744,1.574788572903969e+23,2.099718097205292e+23
1.83705,1.192,catalog,0.19,582.685382291061,19.3,439.40195885775086,0.0157,catalog,10594738951.313902,10558115.14771177,Selsis,-0.4108843987089767,-0.7690710366622547,linear,0.18939700117761116,0.19978485696733117,6.319503451855895e+23,8.426004602474526e+23
1.83705,1.192,catalog,0.19,582.685382291061,19.3,1825.6705309613783,0.0157,catalog,3554289357.3624597,99399191.88963747,Selsis,-0.32254595206368875,-0.7030756067644487,GP,0.40173596507166465,0.5433831333423019,1.425815973748703e+24,1.9010879649982705e+24
1.83705,1.192,catalog,0.19,582.685382291061,19.3,539.4979290917493,0.0157,catalog,5522984325.820248,97011244.20719534,Jackson,-0.32094076150282375,-0.6874245570475622,log,0.11254449777222403,0.0010741718465522299,3.607355487217125e+23,4.8098073162895e+23
1.83705,1.192,catalog,0.19,582.685382291061,19.3,1422.5970952943906,0.0157,catalog,4255492841.0882697,31226629.831051745,Selsis,-0.30546350931994365,-0.6352836615642681,GP,0.05867531292789995,0.25456055131673494,2.8662290285363215e+23,3.821638704715095e+23
1.83705,1.192,catalog,0.19,582.685382291061,19.3,3348.403263783779,0.0157,catalog,2323266763.902261,68868592.1309643,Selsis,-0.4797156061756813,-0.6204641261018118,log,0.06771480998458092,0.06519157391678387,1.3170125139504355e+23,1.7560166852672474e+23
1.83705,1.192,catalog,0.19,582.685382291061,19.3,1250.8673700409959,0.0157,catalog,2549768557.16828,44486634.508070126,Jackson,-0.38799109476735166,-0.6575046071142953,log,0.12154762744925235,0.11472676825054884,2.5146334063795524e+23,3.352844541839403e+23
1.83705,1.192,catalog,0.19,582.685382291061,19.3,332.61046508388466,0.0157,catalog,8867763019.70726,12867788.907413334,Jackson,-0.38878963230936653,-0.6138286307768246,linear,0.19598927951457562,0.8104024336193015,6.728611374265038e+23,8.971481832353385e+23
1.83705,1.192,catalog,0.19,582.685382291061,19.3,1186.0597066218886,0.0157,catalog,4862174807.584557,87519835.68962216,Selsis,-0.4720758129402461,-0.6286358511434772,log,0.21103317859571663,0.46854308190103977,5.774454416879337e+23,7.699272555839115e+23
1.83705,1.192,catalog,0.19,582.685382291061,19.3,1566.5501302736866,0.0157,catalog,3968032963.8160067,34969504.18310339,Selsis,-0.452092853477343,-0.7488282934593475,GP,0.06072597981686788,0.582876081050169,1.3807227181979687e+23,1.840963624263958e+23
1.83705,1.192,catalog,0.19,582.685382291061,19.3,5139.6351950261,0.0157,catalog,1643616337.4776978,77968924.42454785,Selsis,-0.40361707139484126,-0.6663173825801119,log,0.15341779627094151,0.4902403310280079,2.2803653238525667e+23,3.0404870984700885e+23
1.83705,1.192,catalog,0.19,582.685382291061,19.3,3895.101702550094,0.0157,catalog,2094284185.7272537,96049104.15852943,Selsis,-0.3493367180918821,-0.6141489495291833,log,0.24418523796350558,0.7203073328499637,5.997734291530095e+23,7.99697905537346e+23
1.83705,1.192,catalog,0.19,582.685382291061,19.3,3576.984183134243,0.0157,catalog,2220128832.9840126,73635777.22876295,Selsis,-0.32228760811105484,-0.6053370623623937,GP,0.06403848371194192,0.34376694777417416,1.979277982196878e+23,2.639037309595837e+23
1.83705,1.192,catalog,0.19,582.685382291061,19.3,5172.303030788098,0.0157,catalog,1584590798.4844387,28005546.765576396,Selsis,-0.4423353022367261,-0.7291068927825696,linear,0.07255022695369347,0.013670783283000865,9.694286359941796e+22,1.2925715146589062e+23
1.83705,1.192,catalog,0.19,582.685382291061,19.3,636.9932429218267,0.0157,catalog,4718744978.16089,24663843.34260152,Jackson,-0.42032658978144766,-0.7762499649484723,linear,0.05513412832707963,0.6645929602339791,1.148244898105273e+23,1.5309931974736973e+23
1.83705,1.192,catalog,0.19,582.685382291061,19.3,424.75428175443915,0.0157,catalog,6958612937.273503,72115519.79505889,Jackson,-0.3284875992960764,-0.7046081375026999,log,0.061454270929282004,0.49357006843629836,2.011354567007216e+23,2.6818060893429542e+23
1.83705,1.192,catalog,0.19,582.685382291061,19.3,463.5324793763773,0.0157,catalog,6391088325.321606,35708842.225106664,Jackson,-0.3025029264734812,-0.6249184268928116,linear,0.1464080494441212,0.17128884205114703,6.569270410789572e+23,8.759027214386095e+23
1.83705,1.192,catalog,0.19,582.685382291061,19.3,1648.0361810392153,0.0157,catalog,3825408795.1064277,80837544.37129486,Selsis,-0.32169323712664327,-0.6799453329469941,linear,0.39624480883926577,0.31759400676059835,1.5049800724878372e+24,2.0066400966504495e+24
1.83705,1.192,catalog,0.19,582.685382291061,19.3,395.30720450707315,0.0157,catalog,11562829332.662983,93084785.8605501,Selsis,-0.29819224972387204,-0.6854818626270968,GP,0.4602878525261952,0.7578480820615056,2.95547602091328e+24,3.94063469455104e+24
1.83705,1.192,catalog,0.19,582.685382291061,19.3,420.7042808097461,0.0157,catalog,7024172786.326277,73137775.82432316,Jackson,-0.35033036366876047,-0.7898334955974998,linear,0.10636866514536263,0.4926164232093637,2.9098350405174363e+23,3.879780054023248e+23
1.83705,1.192,catalog,0.19,582.685382291061,19.3,1574.9696551085797,0.0157,catalog,2082078648.7859051,85291041.39573023,Jackson,-0.3704375886691452,-0.6966154910371751,GP,0.2081298446287893,0.6853647406085993,3.8190056094761766e+23,5.092007479301569e+23
1.83705,1.192,catalog,0.19,582.685382291061,19.3,873.354046563999,0.0157,catalog,3521492309.3494315,98904478.96139649,Jackson,-0.36237563965453967,-0.6708749026522497,linear,0.08112510197981466,0.5267161916462173,1.8381133747628806e+23,2.450817833017174e+23
1.83705,1.192,catalog,0.19,582.685382291061,19.3,473.01238316806234,0.0157,catalog,6267015045.790474,86428770.80688274,Jackson,-0.30117172212303167,-0.7291830792385466,linear,0.3722870364789011,0.2701791007177766,1.405998431068126e+24,1.8746645747575012e+24
1.83705,1.192,catalog,0.19,582.685382291061,19.3,1194.150262838102,0.0157,catalog,2657048434.594193,59855455.91618582,Jackson,-0.41343757814366117,-0.7043631303867494,linear,0.13629732526593802,0.2986552129232837,2.4313032663981974e+23,3.24173768853093e+23
1.83705,1.192,catalog,0.19,582.685382291061,19.3,5188.834951156033,0.0157,catalog,1462015953.1469328,15311099.806725593,Selsis,-0.4759232001499961,-0.7772373229887178,log,0.2896553949545251,0.5566081754651935,3.466649246351886e+23,4.622198995135848e+23
1.83705,1.192,catalog,0.19,582.685382291061,19.3,862.5856138730185,0.0157,catalog,3561708020.6340504,33487426.35760452,Jackson,-0.39479205604963397,-0.6643520479005053,log,0.06033475655484748,0.667443471580579,1.36215053936026e+23,1.8162007191470133e+23
1.83705,1.192,catalog,0.19,582.685382291061,19.3,1028.5914573961377,0.0157,catalog,5412846469.370939,30773571.984976713,Selsis,-0.2801109541828974,-0.6191323054619101,linear,0.05585547312865244,0.6011627754193528,3.7529099867405e+23,5.0038799823206664e+23
1.83705,1.192,catalog,0.19,582.685382291061,19.3,1637.1445072164358,0.0157,catalog,2013004804.9642584,31628606.927208267,Jackson,-0.33574234781054946,-0.7098132490439575,GP,0.4107841288275552,0.5929580039524982,9.839664556357143e+23,1.3119552741809523e+24
1.83705,1.192,catalog,0.19,582.685382291061,19.3,350.92717121491006,0.0157,catalog,8403991419.403026,72580335.72925094,Jackson,-0.3609850743503143,-0.7192605887405533,linear,0.08643764392237646,0.8834937976474928,2.413419089892728e+23,3.2178921198569705e+23
1.83705,1.192,catalog,0.19,582.685382291061,19.3,679.803697195687,0.0157,catalog,7457793464.627405,20413951.884916365,Selsis,-0.38197161894430287,-0.7645381925532552,linear,0.3716537754817932,0.7887473602543768,1.2609743357347332e+24,1.6812991143129776e+24
1.83705,1.192,catalog,0.19,582.685382291061,19.3,3939.749510369011,0.0157,catalog,956540287.1632612,98868774.20998318,Jackson,-0.4625650850347133,-0.7458775683523451,GP,0.21391773367501096,0.06280792075854535,2.131780927327715e+23,2.8423745697702865e+23
1.83705,1.192,catalog,0.19,582.685382291061,19.3,376.6620792115859,0.0157,catalog,7832573934.513744,70225361.04582554,Jackson,-0.45252149010620984,-0.6169206705714885,GP,0.46992545141652,0.46814516198661804,1.213186881146572e+24,1.6175825081954292e+24
1.83705,1.192,catalog,0.19,582.685382291061,19.3,516.7008285000313,0.0157,catalog,9283371618.639225,17865420.31133027,Selsis,-0.44680555214019335,-0.6098242565189026,GP,0.28743989811180165,0.47844038214571627,1.1257718126922284e+24,1.5010290835896378e+24
1.83705,1.192,catalog,0.19,582.685382291061,19.3,872.2693205069575,0.0157,catalog,6141060731.410843,44109346.503135726,Selsis,-0.38276307092866324,-0.6437784795004574,linear,0.14425815119965182,0.33457739641377593,5.1558274973776046e+23,6.874436663170139e+23
1.83705,1.192,catalog,0.19,582.685382291061,19.3,881.3689143930408,0.0157,catalog,3492268227.5942974,30416483.050915927,Jackson,-0.3871930296269409,-0.7380902852760898,linear,0.06800282622889034,0.06598030459966409,1.472351520219591e+23,1.963135360292788e+23
1.83705,1.192,catalog,0.19,582.685382291061,19.3,1626.5167255710942,0.0157,catalog,3861829899.8096976,12895686.540485399,Selsis,-0.4344496166376343,-0.7348994508663282,GP,0.13636677049919604,0.949634847228627,3.305847412427947e+23,4.407796549903929e+23
1.83705,1.192,catalog,0.19,582.685382291061,19.3,517.630711047007,0.0157,catalog,5745980447.401825,47802505.18757635,Jackson,-0.37762371242922615,-0.7070784032515778,log,0.07588147773611767,0.9268938063671529,1.8894433391209844e+23,2.519257785494646e+23
1.83705,1.192,catalog,0.19,582.685382291061,19.3,896.6763800863349,0.0157,catalog,3437970850.579413,49950708.36339637,Jackson,-0.3908527665431998,-0.6674260983833875,GP,0.12972997242593334,0.15970032792313116,2.8244524640238254e+23,3.765936618698434e+23
1.83705,1.192,catalog,0.19,582.685382291061,19.3,360.31093673406684,0.0157,catalog,8185666938.026991,78575148.1438398,Jackson,-0.29663978841736555,-0.6728258784039766,GP,0.0721814732895701,0.009974534954844572,3.169143142118678e+23,4.2255241894915705e+23
1.83705,1.192,catalog,0.19,582.685382291061,19.3,2169.3211968412884,0.0157,catalog,3144527196.936861,25965491.62479506,Selsis,-0.3334936987941653,-0.6941130319013269,linear,0.0802144586943204,0.8523034970925054,2.6712189874594268e+23,3.5616253166125686e+23
1.83705,1.192,catalog,0.19,582.685382291061,19.3,1372.4836348116417,0.0157,catalog,2349036469.552614,67074569.125705495,Jackson,-0.4704364331055543,-0.788514498345861,GP,0.05821887291578798,0.7150906211855004,8.520642240911488e+22,1.1360856321215317e+23
1.83705,1.192,catalog,0.19,582.685382291061,19.3,415.28120566070095,0.0157,catalog,7114046307.224858,60258746.37234916,Jackson,-0.28261573754316016,-0.7605009322674328,GP,0.41061601181054064,0.7748177953660594,1.9159694991357288e+24,2.5546259988476384e+24
1.83705,1.192,catalog,0.19,582.685382291061,19.3,695.266971667251,0.0157,catalog,7326914890.719768,45453169.77217988,Selsis,-0.38309509863054825,-0.6061364934652624,log,0.17337706964180172,0.5773689627830112,7.265097192273313e+23,9.686796256364417e+23
1.83705,1.192,catalog,0.19,582.685382291061,19.3,1389.2627921161315,0.0157,catalog,4329656202.192651,95048763.8519188,Selsis,-0.2915922723285908,-0.617419568150594,GP,0.06336135081252402,0.5570369157471103,3.405254560550733e+23,4.540339414067644e+23
1.83705,1.192,catalog,0.19,582.685382291061,19.3,546.3234730506241,0.0157,catalog,5457131208.6905985,94094338.44663662,Jackson,-0.2941314448099712,-0.6298554706332135,GP,0.34961890544786806,0.005469498486404212,1.466004750698912e+24,1.9546730009318826e+24
1.83705,1.192,catalog,0.19,582.685382291061,19.3,266.4774257028434,0.0157,catalog,11113994760.639559,58944940.36396708,Jackson,-0.28722924343014716,-0.7392882367475355,GP,0.459593274754568,0.7241868984564077,2.282280516306551e+24,3.043040688408735e+24
1.83705,1.192,catalog,0.19,582.685382291061,19.3,1205.730230551578,0.0157,catalog,4803557031.704713,10027498.101834772,Selsis,-0.38253447785693795,-0.6901697163515116,log,0.06199563065115397,0.7086393810164386,1.9806972737799246e+23,2.6409296983732326e+23
1.83705,1.192,catalog,0.19,582.685382291061,19.3,1018.8145263141475,0.0157,catalog,3062806232.080183,92287691.48519112,Jackson,-0.327907763780848,-0.6825604011511989,linear,0.39869072327620003,0.8459917271355089,1.0410297428855776e+24,1.38803965718077e+24
1.83705,1.192,catalog,0.19,582.685382291061,19.3,786.6007503676416,0.0157,catalog,6652807620.752822,39961146.48883956,Selsis,-0.3057150873792976,-0.6953563155716401,GP,0.365695786215711,0.7108094021648288,1.944280295553064e+24,2.592373727404085e+24
1.83705,1.192,catalog,0.19,582.685382291061,19.3,506.69877623629964,0.0157,catalog,9431439389.266554,83806187.34407298,Selsis,-0.31170049624661866,-0.7813154308517727,GP,0.06902066978607194,0.4628086441619794,3.609897372959902e+23,4.813196497279869e+23
1.83705,1.192,catalog,0.19,582.685382291061,19.3,1051.6063840548668,0.0157,catalog,2976784533.0408344,71989856.13676551,Jackson,-0.34136090633698424,-0.647949289415858,linear,0.12345902555701233,0.07343819137559171,3.16178777297859e+23,4.21571703063812e+23
1.83705,1.192,catalog,0.19,582.685382291061,19.3,559.6308068291498,0.0157,catalog,5333474920.62827,11897826.222629951,Jackson,-0.30180791549853453,-0.6714036802128289,linear,0.05657870610724815,0.5075643306071638,2.4429762576172996e+23,3.257301676823066e+23
1.83705,1.192,catalog,0.19,582.685382291061,19.3,1947.1431739301104,0.0157,catalog,3394752304.7030277,82298543.9133488,Selsis,-0.37108782246266875,-0.6389442478733545,linear,0.37413913137858384,0.6469919355081895,1.0866373153730813e+24,1.4488497538307749e+24
1.83705,1.192,catalog,0.19,582.685382291061,19.3,3017.1552181396623,0.0157,catalog,2496613342.444133,32860968.689736452,Selsis,-0.39496457169029625,-0.7608324155500037,log,0.25069139396003376,0.011771435993852553,5.263633710573557e+23,7.018178280764742e+23
1.83705,1.192,catalog,0.19,582.685382291061,19.3,1276.1920270402097,0.0157,catalog,2504886355.616805,86081466.20760915,Jackson,-0.42326771041100886,-0.7314011216245384,linear,0.29164469785986646,0.8183675439985668,4.6796669641628506e+23,6.239555952217134e+23
1.83705,1.192,catalog,0.19,582.685382291061,19.3,2719.430433713761,0.0157,catalog,2683495951.2147117,76894345.9096722,Selsis,-0.4237942137993648,-0.6391948019161395,linear,0.2071998169032622,0.6663061704371401,4.5405522026622944e+23,6.054069603549726e+23
1.83705,1.192,catalog,0.19,582.685382291061,19.3,429.49461688688194,0.0157,catalog,6883514371.655942,51149435.21273355,Jackson,-0.4672311478426155,-0.7937427184744174,GP,0.4997989558454418,0.8347879565280816,9.501745229595364e+23,1.2668993639460485e+24
1.83705,1.192,catalog,0.19,582.685382291061,19.3,409.4015020769654,0.0157,catalog,7214295528.219677,5644634.92604141,Jackson,-0.33027882721045254,-0.7368895887433667,GP,0.1660894403432006,0.9453354776851289,6.145779308683873e+23,8.194372411578496e+23
1.83705,1.192,catalog,0.19,582.685382291061,19.3,781.3773025480074,0.0157,catalog,3900735139.1022487,91534577.48880485,Jackson,-0.34872364931299676,-0.6632332883913092,linear,0.12945314940794997,0.8122508469241434,3.295792372745224e+23,4.394389830326965e+23
1.83705,1.192,catalog,0.19,582.685382291061,19.3,1322.8318262543016,0.0157,catalog,2426630437.5802236,91559635.27657396,Jackson,-0.48542425919988114,-0.7813410251135773,linear,0.2623807661912301,0.38798459616444014,3.660078005580844e+23,4.880104007441125e+23
1.83705,1.192,catalog,0.19,582.685382291061,19.3,726.3251918564075,0.0157,catalog,4173894134.201309,97722483.8739846,Jackson,-0.35552849807535597,-0.6366172011695476,GP,0.11894489035603409,0.06036521963298391,3.099976627298944e+23,4.133302169731925e+23
1.83705,1.192,catalog,0.19,582.685382291061,19.3,1235.3439240146165,0.0157,catalog,2578171010.5961576,92183081.72332837,Jackson,-0.3530576234951019,-0.6426585288873566,linear,0.05819115997829801,0.08396375435450842,1.3103625893568245e+23,1.7471501191424325e+23
1.83705,1.192,catalog,0.19,582.685382291061,19.3,1368.204324393857,0.0157,catalog,2355507485.2312655,47975432.93946004,Jackson,-0.4695091573637545,-0.7838169835140831,log,0.18365087676247768,0.6292646729165723,2.804861459851647e+23,3.739815279802196e+23
1.83705,1.192,catalog,0.19,582.685382291061,19.3,1654.4156309868333,0.0157,catalog,1994710481.4942834,85241783.56886335,Jackson,-0.3256319293823859,-0.6962059110703316,log,0.08551245814759442,0.7119785397011532,1.959204816339013e+23,2.6122730884520172e+23
1.83705,1.192,catalog,0.19,582.685382291061,19.3,2105.7384857089028,0.0157,catalog,3211353264.5916,57826203.33263479,Selsis,-0.3391252692691083,-0.6468835509853043,log,0.3661806418691699,0.7717661409432789,1.2113396162329536e+24,1.6151194883106046e+24
1.83705,1.192,catalog,0.19,582.685382291061,19.3,2250.433454824113,0.0157,catalog,3064140329.249076,73303540.67466423,Selsis,-0.4263642820694149,-0.663414343699404,linear,0.29283665961570593,0.9708006953232586,6.582483102993842e+23,8.776644137325121e+23
1.83705,1.192,catalog,0.19,582.685382291061,19.3,1752.9749527116273,0.0157,catalog,3659309997.3351774,11085142.080805408,Selsis,-0.41458894468070606,-0.6694214456167326,GP,0.11032983367759702,0.7284036129030503,2.944494415386785e+23,3.925992553849046e+23
1.83705,1.192,catalog,0.19,582.685382291061,19.3,689.8525437214608,0.0157,catalog,7372115031.363102,70944362.29319336,Selsis,-0.3652980606960258,-0.7889215922674239,linear,0.27565095000196776,0.996401102595045,9.602123648920851e+23,1.2802831531894466e+24
1.83705,1.192,catalog,0.19,582.685382291061,19.3,924.84125684399,0.0157,catalog,3342737738.608114,14967940.947703373,Jackson,-0.3880324901367345,-0.6173261609495948,linear,0.09313862808043466,0.42493243285165017,2.4548880324383213e+23,3.2731840432510946e+23
1.83705,1.192,catalog,0.19,582.685382291061,19.3,1390.2891218349475,0.0157,catalog,4327325049.141798,26586045.008301787,Selsis,-0.42752872445609325,-0.6976742199835979,log,0.21143273661010623,0.2188474627935657,5.483947162825366e+23,7.311929550433821e+23
1.83705,1.192,catalog,0.19,582.685382291061,19.3,487.88685296056826,0.0157,catalog,6082382963.271342,28682698.032543503,Jackson,-0.34879653158278734,-0.6496946876852331,GP,0.06634484143329114,0.5142872149558079,2.1441597605368357e+23,2.8588796807157808e+23
1.83705,1.192,catalog,0.19,582.685382291061,19.3,428.0151612083651,0.0157,catalog,6906766557.993669,26738004.89963066,Jackson,-0.32081070800103545,-0.6657759322141894,GP,0.3020424673440465,0.060117658628401904,1.1632760327268652e+24,1.551034710302487e+24
1.83705,1.192,catalog,0.19,582.685382291061,19.3,3726.974254750061,0.0157,catalog,1001527340.5909384,10326632.522919472,Jackson,-0.4633541186488241,-0.7816900778710495,log,0.26476965772867966,0.5611661251497047,3.576749508865885e+23,4.7689993451545134e+23
1.83705,1.192,catalog,0.19,582.685382291061,19.3,412.8523784173758,0.0157,catalog,7155096449.739772,46687279.93274836,Jackson,-0.31082237046066746,-0.6235259304368206,GP,0.11649170800330703,0.41691488603754967,4.994868391628275e+23,6.659824522171033e+23
1.83705,1.192,catalog,0.19,582.685382291061,19.3,590.3503922719021,0.0157,catalog,5069784147.257318,78255933.04338789,Jackson,-0.32626084807451183,-0.6011561870920544,linear,0.17701075899877472,0.33009771728986004,6.33891944870309e+23,8.451892598270786e+23
1.83705,1.192,catalog,0.19,582.685382291061,19.3,605.5465319571384,0.0157,catalog,4949414920.639126,74695839.06679535,Jackson,-0.45700106714971744,-0.783292123947321,linear,0.09039185039450943,0.15591284369332903,1.5889081528714483e+23,2.1185442038285977e+23
1.83705,1.192,catalog,0.19,582.685382291061,19.3,1580.5904463543611,0.0157,catalog,2075617640.417872,24303916.394480716,Jackson,-0.474570464389621,-0.7637342164247538,linear,0.3176327505745273,0.4371783342085874,5.016321197422305e+23,6.68842826322974e+23
1.83705,1.192,catalog,0.19,582.685382291061,19.3,602.6788418823662,0.0157,catalog,4971670472.608185,37766620.25574765,Jackson,-0.44440267151709517,-0.7272187519912504,linear,0.45545736711959495,0.7786818687266749,9.050408969698566e+23,1.2067211959598088e+24
1.83705,1.192,catalog,0.19,582.685382291061,19.3,914.6313834356484,0.0157,catalog,3376586495.77236,62809151.52705726,Jackson,-0.29930534835974765,-0.6988434636686253,linear,0.0574440604120041,0.4633323078064401,1.960738245134047e+23,2.6143176601787293e+23
1.83705,1.192,catalog,0.19,582.685382291061,19.3,490.23622249765316,0.0157,catalog,9687698868.551085,59496477.9830912,Selsis,-0.4774392871295115,-0.6761595632378969,log,0.11782262341052413,0.28053226174712087,3.551771815548301e+23,4.735695754064401e+23
1.83705,1.192,catalog,0.19,582.685382291061,19.3,5188.834951156033,0.0157,catalog,1378264846.2299716,8489140.094475074,Selsis,-0.32222553620929334,-0.6646935941664187,log,0.4256476797529319,0.891051110663267,8.961961319673824e+23,1.1949281759565098e+24
1.83705,1.192,catalog,0.19,582.685382291061,19.3,603.398110801574,0.0157,catalog,8196631812.27418,15573076.76479195,Selsis,-0.32730881455930333,-0.687900671663995,GP,0.27798144672703146,0.5906422812740314,1.3833820487578373e+24,1.844509398343783e+24
1.83705,1.192,catalog,0.19,582.685382291061,19.3,407.55442970424247,0.0157,catalog,7246412133.588654,56535771.79719058,Jackson,-0.3588331167582786,-0.7774043985655892,log,0.19547443713392515,0.7170575591998026,5.2779755600496074e+23,7.03730074673281e+23
1.83705,1.192,catalog,0.19,582.685382291061,19.3,5147.34636796991,0.0157,catalog,1629452523.1929958,4257743.190449132,Selsis,-0.4739091496240129,-0.683856725305448,GP,0.22947823389790242,0.038896153956429425,3.395491871601157e+23,4.527322495468209e+23
1.83705,1.192,catalog,0.19,582.685382291061,19.3,2534.814419400063,0.0157,catalog,1383251718.7376258,93981643.27982101,Jackson,-0.3499719475203158,-0.7221790149534063,log,0.18176655529065006,0.6728291022271127,3.030464244422228e+23,4.04061899256297e+23
1.83705,1.192,catalog,0.19,582.685382291061,19.3,1493.7207285263898,0.0157,catalog,2180739238.398466,23285639.567334075,Jackson,-0.4530943585797117,-0.7912975437101895,log,0.07500525796830856,0.3656290946861164,1.2286093434835419e+23,1.638145791311389e+23
1.83705,1.192,catalog,0.19,582.685382291061,19.3,5188.834951156033,0.0157,catalog,446103461.0252427,38963071.11517767,Selsis,-0.3769480745470305,-0.7623501319198336,log,0.20808599305357217,0.7396018008477734,9.914124070225765e+22,1.3218832093634354e+23
1.83705,1.192,catalog,0.19,582.685382291061,19.3,3684.940030243886,0.0157,catalog,2175309025.007808,76059028.0077323,Selsis,-0.30045665347835837,-0.720170977313789,log,0.071782005571607,0.6055829053035311,2.262898005835141e+23,3.017197341113521e+23
1.83705,1.192,catalog,0.19,582.685382291061,19.3,460.1881469128598,0.0157,catalog,6436123244.827653,38083395.50845114,Jackson,-0.47782533816578376,-0.7500686818395343,GP,0.06211616576888688,0.524462132145264,1.2077357367772983e+23,1.6103143157030643e+23
1.83705,1.192,catalog,0.19,582.685382291061,19.3,891.8345013911625,0.0157,catalog,6037036158.9521,32663140.225877043,Selsis,-0.3337245680492437,-0.6416822654864062,linear,0.08841912464453466,0.13033567694630943,4.023306748292236e+23,5.3644089977229814e+23
1.83705,1.192,catalog,0.19,582.685382291061,19.3,2330.7769154647476,0.0157,catalog,1485389873.9165506,2378301.8936909945,Jackson,-0.28301513152530144,-0.697097774904542,GP,0.20242655068908202,0.6743085676706326,7.628223267987839e+23,1.0170964357317119e+24
1.83705,1.192,catalog,0.19,582.685382291061,19.3,355.57405785235153,0.0157,catalog,8294356155.476884,4182938.1830580905,Jackson,-0.3735983904971108,-0.7480010994872949,GP,0.11145475145078532,0.012525558968090711,3.356016202803289e+23,4.474688270404386e+23
1.83705,1.192,catalog,0.19,582.685382291061,19.3,285.12865735749443,0.0157,catalog,10367324906.577927,17841535.952626973,Jackson,-0.31414432099511563,-0.7437526487212341,linear,0.06850107207912103,0.4308046559543509,2.891101126520053e+23,3.854801502026737e+23
1.83705,1.192,catalog,0.19,582.685382291061,19.3,1943.8436988816106,0.0157,catalog,1735038382.211415,3590008.980896766,Jackson,-0.42582938728009684,-0.6952539428332029,log,0.16395778575342956,0.6321482478186032,3.1084390506449474e+23,4.14458540085993e+23
1.83705,1.192,catalog,0.19,582.685382291061,19.3,1411.4347637601209,0.0157,catalog,4279975950.968752,93615418.15363352,Selsis,-0.4550339394278685,-0.7272147079276827,GP,0.07102384524779812,0.2316947423658321,1.6042722241536854e+23,2.1390296322049137e+23
1.83705,1.192,catalog,0.19,582.685382291061,19.3,2596.755704675029,0.0157,catalog,1355278742.20557,88510051.4203019,Jackson,-0.3933212754595005,-0.6705275354193677,log,0.17391502928487954,0.019870494237835823,2.533092192753643e+23,3.377456257004857e+23
1.83705,1.192,catalog,0.19,582.685382291061,19.3,1496.3527860141617,0.0157,catalog,4102004643.8886375,95585300.37270314,Selsis,-0.32438480346611237,-0.6585561916312038,linear,0.056391132747547576,0.2602940037200083,2.198604298352495e+23,2.9314723978033266e+23
1.83705,1.192,catalog,0.19,582.685382291061,19.3,757.3070168542972,0.0157,catalog,4015248392.68691,92545885.3576151,Jackson,-0.3565729839680855,-0.7321402496729513,log,0.062445762969889074,0.37422315992440713,1.4429793198296098e+23,1.9239724264394797e+23
1.83705,1.192,catalog,0.19,582.685382291061,19.3,1984.3008506940093,0.0157,catalog,1704570261.8347538,89618811.72977415,Jackson,-0.362674126782419,-0.6735249582562948,GP,0.27118059239598064,0.5153142486392512,4.8395239398658935e+23,6.452698586487857e+23
1.83705,1.192,catalog,0.19,582.685382291061,19.3,766.7760257715753,0.0157,catalog,6786343432.123201,62074086.19476732,Selsis,-0.453913295981129,-0.6458881479680794,GP,0.07286499134463231,0.40816488854814703,2.209767349615701e+23,2.9463564661542677e+23
1.83705,1.192,catalog,0.19,582.685382291061,19.3,2740.5671007647716,0.0157,catalog,2669059676.0204678,72479415.06854899,Selsis,-0.3339435271141343,-0.7825430012078155,GP,0.1289477828545473,0.679635093404008,3.60433001007749e+23,4.8057733467699866e+23
1.83705,1.192,catalog,0.19,582.685382291061,19.3,5188.834951156033,0.0157,catalog,1445334671.5847757,34090795.717023335,Selsis,-0.40178861953085065,-0.6850669973179563,GP,0.25938637592988634,0.5620669943047966,3.5690056142709596e+23,4.758674152361279e+23
1.83705,1.192,catalog,0.19,582.685382291061,19.3,1742.2408254948841,0.0157,catalog,3675478249.360187,6517058.630851263,Selsis,-0.39254105104333137,-0.640072909776993,log,0.3015465612348526,0.2330546701717774,9.15942068258349e+23,1.221256091011132e+24
1.83705,1.192,catalog,0.19,582.685382291061,19.3,5086.079511766806,0.0157,catalog,1746102640.7121975,36541386.763661295,Selsis,-0.36176822223366123,-0.6529202999017952,GP,0.0680687706596152,0.030475377765490586,1.343141763027974e+23,1.7908556840372984e+23
1.83705,1.192,catalog,0.19,582.685382291061,19.3,648.6054001390521,0.0157,catalog,4639315083.841084,71214241.38426612,Jackson,-0.40634192007423814,-0.6110900592565752,log,0.12027920478871044,0.40434734408934614,2.9945952781747304e+23,3.9927937042329734e+23
1.83705,1.192,catalog,0.19,582.685382291061,19.3,2170.126414737366,0.0157,catalog,3143703129.3853493,58464566.52660593,Selsis,-0.45214143900027615,-0.7571030002147894,linear,0.10134191437089057,0.31060649595339307,2.0362992170428945e+23,2.715065622723859e+23
1.83705,1.192,catalog,0.19,582.685382291061,19.3,892.1246633508182,0.0157,catalog,6035525251.247181,56334974.128753975,Selsis,-0.33036121023006565,-0.7085431447841154,GP,0.3607877249666749,0.3481893124396681,1.524495393556043e+24,2.0326605247413906e+24
1.83705,1.192,catalog,0.19,582.685382291061,19.3,1208.0951817476453,0.0157,catalog,4796626090.047912,82610270.6345858,Selsis,-0.4061244298781259,-0.6959375268847987,GP,0.055051221547826205,0.4986033483490726,1.5020334102687919e+23,2.0027112136917224e+23
1.83705,1.192,catalog,0.19,582.685382291061,19.3,1583.4779860931308,0.0157,catalog,2072315758.5868669,28035165.463546354,Jackson,-0.35195011804735826,-0.7693087870568454,linear,0.07132500799802573,0.7602503643279003,1.5580362524355682e+23,2.0773816699140907e+23
1.83705,1.192,catalog,0.19,582.685382291061,19.3,572.191145376093,0.0157,catalog,5222160615.839482,18022363.942550767,Jackson,-0.2915549309738176,-0.7598276861336773,linear,0.10380787061876606,0.055452140665999905,4.537159598869731e+23,6.049546131826307e+23
1.83705,1.192,catalog,0.19,582.685382291061,19.3,4127.902972135375,0.0157,catalog,2012947895.976498,70300357.75461328,Selsis,-0.343144108976417,-0.6575468582600477,GP,0.05269522607829488,0.9327267799253971,1.2301789740739864e+23,1.6402386320986483e+23
1.83705,1.192,catalog,0.19,582.685382291061,19.3,2126.64977859344,0.0157,catalog,3188985481.3867865,44653358.192818865,Selsis,-0.39773938470987197,-0.6353319885688967,log,0.06041379370201339,0.8648705833635937,1.609733800837687e+23,2.1463117344502493e+23
1.83705,1.192,catalog,0.19,582.685382291061,19.3,576.8235400812672,0.0157,catalog,5182358034.162588,92927803.82302101,Jackson,-0.36956083035669374,-0.7796720043049734,log,0.15718893934341854,0.7420035423039683,3.554173242548787e+23,4.738897656731716e+23
1.83705,1.192,catalog,0.19,582.685382291061,19.3,320.8337755875091,0.0157,catalog,9195666978.360844,44291719.71470738,Jackson,-0.4304121503559592,-0.7528696318558591,linear,0.23091971637232744,0.1416515091840732,5.1524540532805416e+23,6.869938737707388e+23
1.83705,1.192,catalog,0.19,582.685382291061,19.3,646.8292211354159,0.0157,catalog,4651276917.246383,32199614.839951735,Jackson,-0.3627949088261449,-0.6560028294695578,linear,0.10374524029877677,0.9522638070872284,2.8788241224044557e+23,3.838432163205941e+23
1.83705,1.192,catalog,0.19,582.685382291061,19.3,3995.5319302160037,0.0157,catalog,2058188538.2213395,78119472.98878345,Selsis,-0.4106531337312251,-0.7941938466492948,linear,0.09224841322815006,0.35079941417083094,1.5248695300780315e+23,2.033159373437375e+23
1.83705,1.192,catalog,0.19,582.685382291061,19.3,2673.5108248703996,0.0157,catalog,2715547714.5977855,27945098.402470075,Selsis,-0.36170266080625185,-0.7357753645263233,linear,0.3075969177019317,0.7703118603981707,7.8989456843483e+23,1.0531927579131065e+24
1.83705,1.192,catalog,0.19,582.685382291061,19.3,4689.179279597964,0.0157,catalog,1845980418.3859248,67949224.98290774,Selsis,-0.36888623329012615,-0.6329478950477149,linear,0.3645434587241187,0.15047896677527162,7.282587570292025e+23,9.710116760389367e+23
1.83705,1.192,catalog,0.19,582.685382291061,19.3,2154.729192143539,0.0157,catalog,3159555055.431544,53869882.65319538,Selsis,-0.3929352860643734,-0.6463751742459185,log,0.13442130715938153,0.75139129538157,3.507581564050988e+23,4.676775418734651e+23
1.83705,1.192,catalog,0.19,582.685382291061,19.3,750.5723823267315,0.0157,catalog,6900369887.426266,73609667.3364597,Selsis,-0.28697889823484546,-0.7220631996967234,linear,0.06384355359688765,0.4357516409755785,3.87350987590538e+23,5.1646798345405065e+23
1.83705,1.192,catalog,0.19,582.685382291061,19.3,1918.3933588916152,0.0157,catalog,3430864822.238281,88979735.55878083,Selsis,-0.3159385546309864,-0.761641387017749,log,0.09559801654596432,0.7565094764702532,3.436595055001446e+23,4.582126740001928e+23
1.83705,1.192,catalog,0.19,582.685382291061,19.3,1022.4533759923274,0.0157,catalog,5437550538.363117,26939614.622243196,Selsis,-0.4251181282430997,-0.6860645535487149,log,0.12396812695910837,0.005646987108182233,3.540292806188016e+23,4.720390408250688e+23
1.83705,1.192,catalog,0.19,582.685382291061,19.3,977.9932822436283,0.0157,catalog,3177857803.4357243,74552203.42275754,Jackson,-0.4504138944929666,-0.7384036334057515,linear,0.07001705338352218,0.21535956825490332,1.1521185062499464e+23,1.5361580083332618e+23
1.83705,1.192,catalog,0.19,582.685382291061,19.3,5707.632118449543,0.0157,catalog,706066454.0938063,79759409.63882522,Jackson,-0.2960802998874845,-0.6916577337326579,linear,0.2494293947178759,0.6897589511307708,4.220613256318851e+23,5.6274843417584677e+23
1.83705,1.192,catalog,0.19,582.685382291061,19.3,1372.4059458633694,0.0157,catalog,2349153597.0265036,77761003.19605139,Jackson,-0.46776016626227285,-0.769914962839209,linear,0.43984553893535905,0.4630024639803447,6.374063536501645e+23,8.498751382002192e+23
1.83705,1.192,catalog,0.19,582.685382291061,19.3,674.0405994357342,0.0157,catalog,4475033534.025402,43700920.39832128,Jackson,-0.4400977534125476,-0.7611594895649665,linear,0.15661642269297427,0.080083228737719,2.9651017090128416e+23,3.953468945350455e+23
1.83705,1.192,catalog,0.19,582.685382291061,19.3,1522.9393479987284,0.0157,catalog,4049961125.889497,19778506.534193017,Selsis,-0.2811524362367869,-0.6640588271408973,log,0.20985312829723257,0.9800953163887981,1.2051112193294987e+24,1.606814959105998e+24
1.83705,1.192,catalog,0.19,582.685382291061,19.3,1876.4631881290272,0.0157,catalog,3485290262.308674,90478348.19234434,Selsis,-0.3955341525635812,-0.6824246912080246,GP,0.17722200986917508,0.16909212657171246,4.4371720069610245e+23,5.916229342614699e+23
1.83705,1.192,catalog,0.19,582.685382291061,19.3,3795.471340447257,0.0157,catalog,2131723994.5574756,60293858.988026634,Selsis,-0.3010118287761032,-0.7171220696486271,GP,0.08886260041848804,0.18974324935233355,2.7915056403026156e+23,3.722007520403487e+23
1.83705,1.192,catalog,0.19,582.685382291061,19.3,1513.8383951305284,0.0157,catalog,4067591627.283414,17791596.444879074,Selsis,-0.3725678583129364,-0.6184272516145538,linear,0.22578339114659543,0.6451510114569533,7.869138092652095e+23,1.0492184123536126e+24
1.83705,1.192,catalog,0.19,582.685382291061,19.3,2028.0189849741635,0.0157,catalog,3298052222.690092,68668610.6584801,Selsis,-0.37197843102049183,-0.7112821844106787,log,0.09036007019689585,0.19352216716844906,2.3809088025956665e+23,3.174545070127555e+23
1.83705,1.192,catalog,0.19,582.685382291061,19.3,651.8389270716335,0.0157,catalog,7709267180.635254,57582220.87338999,Selsis,-0.4725385762420109,-0.7631309408248708,GP,0.3401371933152177,0.44135241939076697,8.835518082397092e+23,1.1780690776529455e+24
1.83705,1.192,catalog,0.19,582.685382291061,19.3,1430.2819715293099,0.0157,catalog,4238837046.6928043,76831695.54517451,Selsis,-0.4936284681757934,-0.6323076609290684,linear,0.09047756606659492,0.9044793746799566,2.2877696627391415e+23,3.050359550318855e+23
1.83705,1.192,catalog,0.19,582.685382291061,19.3,1181.212018408687,0.0157,catalog,2682936081.517279,84987070.51527737,Jackson,-0.452346013173945,-0.6100944474927271,GP,0.14930760459995313,0.37782974779634537,2.832815158409194e+23,3.777086877878925e+23
1.83705,1.192,catalog,0.19,582.685382291061,19.3,463.64995305272237,0.0157,catalog,6389518660.216861,52378349.30860006,Jackson,-0.3502365770173145,-0.6280277497808766,log,0.11903232006901844,0.8751540683555652,3.873745176194147e+23,5.164993568258863e+23
1.83705,1.192,catalog,0.19,582.685382291061,19.3,1113.725468499478,0.0157,catalog,5096122646.809562,13592992.365860626,Selsis,-0.28983784933281115,-0.6472958729461266,log,0.051742481741165566,0.9448492415925384,3.086791284287849e+23,4.115721712383798e+23
1.83705,1.192,catalog,0.19,582.685382291061,19.3,462.1513480511675,0.0157,catalog,6409604809.2467165,70087612.84347531,Jackson,-0.31052279862180515,-0.613112276447134,GP,0.13514167574668126,0.46853891335661335,5.587481286870262e+23,7.449975049160349e+23
1.83705,1.192,catalog,0.19,582.685382291061,19.3,2122.1704762339414,0.0157,catalog,3193743950.1376348,38833023.52240069,Selsis,-0.46342003069245225,-0.7444406484164541,linear,0.44823513006403043,0.7172380532483424,9.143260938366053e+23,1.219101458448807e+24
1.83705,1.192,catalog,0.19,582.685382291061,19.3,1333.0991304898052,0.0157,catalog,4462141345.847655,36701870.018722326,Selsis,-0.38584920699136616,-0.7693841289331104,GP,0.4210196309791737,0.452489957957824,1.1830001139045567e+24,1.5773334852060755e+24
1.83705,1.192,catalog,0.19,582.685382291061,19.3,286.89807829299133,0.0157,catalog,10301897525.746117,9130679.815246033,Jackson,-0.3306107507795117,-0.6510529642623996,GP,0.13007881623246403,0.4183698793708406,5.5353616610938286e+23,7.380482214791771e+23
1.83705,1.192,catalog,0.19,582.685382291061,19.3,869.1839602566904,0.0157,catalog,6157861018.740459,81319096.75694509,Selsis,-0.3985189135582343,-0.630735852104149,linear,0.05746148403955595,0.11088722106233506,1.9670575286921293e+23,2.6227433715895056e+23
1.83705,1.192,catalog,0.19,582.685382291061,19.3,1170.007165855382,0.0157,catalog,4911333479.029582,14161411.444734234,Selsis,-0.4563778587876093,-0.6023847077532716,GP,0.08084889084633545,0.290367796364021,2.6380017250527814e+23,3.517335633403708e+23
1.83705,1.192,catalog,0.19,582.685382291061,19.3,1392.197142693998,0.0157,catalog,2319727661.926411,62982440.12846623,Jackson,-0.37625709353099995,-0.7127782618203701,linear,0.12338935008533052,0.5052745048995866,2.3545701761076482e+23,3.139426901476864e+23
1.83705,1.192,catalog,0.19,582.685382291061,19.3,1064.378294275012,0.0157,catalog,2944697087.1080394,12688211.902933143,Jackson,-0.28776190041260263,-0.7310083795081431,linear,0.17304248071490355,0.17453696733752821,6.988735969806513e+23,9.318314626408684e+23
1.83705,1.192,catalog,0.19,582.685382291061,19.3,1180.6248863887702,0.0157,catalog,4878682420.031871,10391036.9479591,Selsis,-0.42186822058574314,-0.665080961569534,GP,0.3223096551789167,0.16635243288810664,9.484341109717936e+23,1.264578814629058e+24
1.83705,1.192,catalog,0.19,582.685382291061,19.3,309.77705306096374,0.0157,catalog,9527707902.936705,5402470.785078191,Jackson,-0.36142314612853865,-0.7652075950901762,log,0.27170649971634436,0.3722366811193615,8.72905390909713e+23,1.163873854546284e+24
1.83705,1.192,catalog,0.19,582.685382291061,19.3,648.7152064637133,0.0157,catalog,7738622440.0554695,66161397.22360339,Selsis,-0.3599555994524747,-0.7994725256821299,GP,0.07173738495173135,0.2384215565560367,2.6020744813445033e+23,3.4694326417926706e+23
1.83705,1.192,catalog,0.19,582.685382291061,19.3,1640.4078405892917,0.0157,catalog,3838221733.5699244,96785683.06653962,Selsis,-0.4191271579768356,-0.6954354077080235,linear,0.3537575856390709,0.2822056163543518,8.477509700800925e+23,1.1303346267734566e+24
1.83705,1.192,catalog,0.19,582.685382291061,19.3,2685.330739355048,0.0157,catalog,2707205560.19535,42017996.52617812,Selsis,-0.36394579211599887,-0.6729065149229482,GP,0.38155237492592464,0.14371238152103905,9.959809298433376e+23,1.3279745731244502e+24
1.83705,1.192,catalog,0.19,582.685382291061,19.3,3288.5518093245364,0.0157,catalog,2352326105.500553,81885614.09889974,Selsis,-0.3174109134051457,-0.6991786082070897,linear,0.09405698256551932,0.28726747447188805,2.7710764701783895e+23,3.694768626904519e+23
1.83705,1.192,catalog,0.19,582.685382291061,19.3,682.3714970204752,0.0157,catalog,7435674559.367684,78814194.83896182,Selsis,-0.43492933371201953,-0.7617771402016517,GP,0.41412648213073766,0.8472199503032547,1.1321812008817438e+24,1.5095749345089917e+24
1.83705,1.192,catalog,0.19,582.685382291061,19.3,663.6405047592104,0.0157,catalog,4540662604.880352,40401159.7970805,Jackson,-0.39402396105369286,-0.6729725373301653,GP,0.3148520123606603,0.6685665645844733,7.369721546996139e+23,9.826295395994851e+23
1.83705,1.192,catalog,0.19,582.685382291061,19.3,1218.1928255557266,0.0157,catalog,4767307429.416264,33564971.6449947,Selsis,-0.47670079492044465,-0.7515664866037647,log,0.06524285934226408,0.22924682893703463,1.5219334709921854e+23,2.0292446279895805e+23
1.83705,1.192,catalog,0.19,582.685382291061,19.3,3030.6485192591513,0.0157,catalog,1189962059.2778993,79230913.54455681,Jackson,-0.3445024685248993,-0.7179968641405163,GP,0.18180128111744073,0.2464191490590698,3.0013583344205013e+23,4.001811112560668e+23
1.83705,1.192,catalog,0.19,582.685382291061,19.3,255.50849132083405,0.0157,catalog,11608223150.95216,98998911.3258058,Jackson,-0.4382649901293689,-0.7389439077275263,GP,0.31908783744377295,0.3716335385397518,6.871767358481482e+23,9.162356477975309e+23
1.83705,1.192,catalog,0.19,582.685382291061,19.3,4931.251267197438,0.0157,catalog,1784203202.322221,74343853.80973652,Selsis,-0.3764584512940008,-0.7726521711090136,linear,0.0721177424701767,0.30167775462164037,1.1939926654458849e+23,1.5919902205945132e+23
1.83705,1.192,catalog,0.19,582.685382291061,19.3,329.8118450594879,0.0157,catalog,8943435264.61498,90427001.17476177,Jackson,-0.4051486017970428,-0.6311451050080761,linear,0.12983496484321516,0.24792064287717197,3.5608590487606905e+23,4.7478120650142535e+23
1.83705,1.192,catalog,0.19,582.685382291061,19.3,499.8425218068544,0.0157,catalog,5942202609.866758,51274551.86296104,Jackson,-0.3370069590957457,-0.6783785464514318,linear,0.34361436232985254,0.9986278802426388,1.084390774785556e+24,1.4458543663807412e+24
1.83705,1.192,catalog,0.19,582.685382291061,19.3,362.93398285871973,0.0157,catalog,8126766604.906963,74590265.2697079,Jackson,-0.43826678127638385,-0.6703579651782704,log,0.0610560386202553,0.3327152989120259,1.3914662523221971e+23,1.855288336429596e+23
1.83705,1.192,catalog,0.19,582.685382291061,19.3,2804.452401382334,0.0157,catalog,2626588503.6520896,98579703.69209582,Selsis,-0.2936589802791489,-0.6074588446914349,linear,0.448805223247302,0.29097728262694,1.8545035189608568e+24,2.4726713586144755e+24
1.83705,1.192,catalog,0.19,582.685382291061,19.3,986.7162592890943,0.0157,catalog,3152481210.91466,55744926.41622422,Jackson,-0.34558700544289694,-0.7905270043500677,log,0.473712394195916,0.25307054074350666,1.1273276074283485e+24,1.5031034765711312e+24
1.83705,1.192,catalog,0.19,582.685382291061,19.3,3404.527946832166,0.0157,catalog,2296827498.1419883,29369460.215043437,Selsis,-0.35359694130013336,-0.7547899687102575,log,0.11556182753676579,0.17202142511552998,2.767546837546007e+23,3.6900624500613424e+23
1.83705,1.192,catalog,0.19,582.685382291061,19.3,418.06665443404347,0.0157,catalog,7067581559.674845,72923100.58613355,Jackson,-0.404002432178023,-0.7585396793363367,linear,0.11584438782674657,0.23537306515094614,2.530578739520841e+23,3.374104986027788e+23
1.83705,1.192,catalog,0.19,582.685382291061,19.3,1068.5693812104153,0.0157,catalog,5258345445.43822,56435528.83392533,Selsis,-0.4769200273835975,-0.6313638648236731,linear,0.42737674939241477,0.5541486433655504,1.2094382017772158e+24,1.6125842690362878e+24
1.83705,1.192,catalog,0.19,582.685382291061,19.3,2504.8315048959334,0.0157,catalog,1397265106.228248,16493278.526577363,Jackson,-0.46169100383239736,-0.6742388281099196,log,0.326996080970787,0.7355721708055857,5.1120315598011506e+23,6.816042079734868e+23
1.83705,1.192,catalog,0.19,582.685382291061,19.3,484.3015727238872,0.0157,catalog,6125813775.914858,91242973.08604512,Jackson,-0.43902644660995693,-0.721422815999347,log,0.11558228811459115,0.9289627615162412,2.24232609101576e+23,2.9897681213543466e+23
1.83705,1.192,catalog,0.19,582.685382291061,19.3,3254.7773178181274,0.0157,catalog,2369134982.6643744,46357304.884573765,Selsis,-0.4863346063550571,-0.7629460446000842,GP,0.08477580057415839,0.34416007151534833,1.410361294989006e+23,1.8804817266520078e+23
1.83705,1.192,catalog,0.19,582.685382291061,19.3,1962.0613727961222,0.0157,catalog,1721169191.9046493,8008793.935402366,Jackson,-0.35845218782166155,-0.6317920759435328,log,0.07359200301042895,0.2907986937612743,1.780409384095785e+23,2.3738791787943802e+23
1.83705,1.192,catalog,0.19,582.685382291061,19.3,364.2524812348815,0.0157,catalog,8097497335.036364,54635800.810978696,Jackson,-0.49096896905229426,-0.6304353654636168,GP,0.1336817465349845,0.512648356965598,3.233913560691346e+23,4.311884747588461e+23
1.83705,1.192,catalog,0.19,582.685382291061,19.3,5262.442287893309,0.0157,catalog,754278679.4436121,44899555.90872359,Jackson,-0.4020436385592283,-0.7022416774427463,GP,0.05452923677664489,0.07896893340158684,6.273643466218087e+22,8.364857954957449e+22
1.83705,1.192,catalog,0.19,582.685382291061,19.3,514.4630476287148,0.0157,catalog,5779900587.278736,80575106.29141307,Jackson,-0.31604239242263554,-0.6163252245688151,GP,0.15289973368556395,0.2997406125260361,5.810051897249272e+23,7.746735862999029e+23
1.83705,1.192,catalog,0.19,582.685382291061,19.3,5188.834951156033,0.0157,catalog,827845512.6382154,47501279.25054563,Selsis,-0.47119959696675867,-0.6851579918224969,log,0.07890374192011844,0.9327633483437567,5.3981942495457155e+22,7.197592332727621e+22
1.83705,1.192,catalog,0.19,582.685382291061,19.3,5188.834951156033,0.0157,catalog,1414707205.6171105,6446434.963628356,Selsis,-0.303464638995795,-0.6922928954543787,GP,0.12330650456967625,0.8306094218109059,3.0153524711789414e+23,4.020469961571922e+23
1.83705,1.192,catalog,0.19,582.685382291061,19.3,2107.943626553631,0.0157,catalog,1618432231.3583925,50712420.47800419,Jackson,-0.41246949458151927,-0.754676017330868,linear,0.08515589662620596,0.3342133170706145,1.2918768433575355e+23,1.7225024578100472e+23
1.83705,1.192,catalog,0.19,582.685382291061,19.3,451.52982805849103,0.0157,catalog,10360530827.26412,18413113.08689825,Selsis,-0.356836490743814,-0.7843092360090229,linear,0.0694298940086342,0.5495414089107014,2.8633643923686888e+23,3.817819189824918e+23
1.83705,1.192,catalog,0.19,582.685382291061,19.3,2707.0132156094924,0.0157,catalog,2692069003.5766907,43262286.090783596,Selsis,-0.3665405974641283,-0.7062463397154594,log,0.28961870977267384,0.6742159092640734,7.216412176837002e+23,9.621882902449335e+23
1.83705,1.192,catalog,0.19,582.685382291061,19.3,2539.934964890866,0.0157,catalog,2814539147.9725814,81473669.231565,Selsis,-0.4153085704282948,-0.6915545363414632,GP,0.20422270161937892,0.35494654274806303,4.312949747643286e+23,5.750599663524381e+23
1.83705,1.192,catalog,0.19,582.685382291061,19.3,1647.9228689129993,0.0157,catalog,2001544342.219384,17059189.284592696,Jackson,-0.4042986084023978,-0.6885976568042728,log,0.24354739619331173,0.039074570118544205,4.6631156764314173e+23,6.217487568575222e+23
1.83705,1.192,catalog,0.19,582.685382291061,19.3,957.3132527340293,0.0157,catalog,3239849936.058307,16679345.936979018,Jackson,-0.46439468219935476,-0.6460370827033038,linear,0.1861499070816086,0.611299564085353,3.864807048030264e+23,5.153076064040351e+23
1.83705,1.192,catalog,0.19,582.685382291061,19.3,2013.529151263135,0.0157,catalog,3314870359.263163,64174886.275608696,Selsis,-0.2847429896693949,-0.6937000037393551,linear,0.3231529770609242,0.8045647157153959,1.5392278793975513e+24,2.052303839196735e+24
1.83705,1.192,catalog,0.19,582.685382291061,19.3,5188.834951156033,0.0157,catalog,1253176359.1000376,44782262.67003063,Selsis,-0.44495156967332394,-0.62764051483979,GP,0.37362763218447803,0.8742167101822069,4.395681735240891e+23,5.860908980321188e+23
1.83705,1.192,catalog,0.19,582.685382291061,19.3,403.8364430147912,0.0157,catalog,7311991465.190103,1497911.1848875536,Jackson,-0.4110938920395503,-0.7676435197952081,log,0.20486320204366207,0.12182266608201575,5.4082892359214485e+23,7.21105231456193e+23
1.83705,1.192,catalog,0.19,582.685382291061,19.3,811.0941431953992,0.0157,catalog,6496242219.500197,44450890.60891497,Selsis,-0.47138721602538397,-0.6567355565710754,linear,0.11638020787482692,0.26626927150735336,3.349648577062057e+23,4.466198102749409e+23
1.83705,1.192,catalog,0.19,582.685382291061,19.3,593.0474822694696,0.0157,catalog,8310499081.084492,94689318.29721898,Selsis,-0.4835686041089886,-0.7007593983165947,linear,0.1523245066848731,0.16439068581391336,4.133088816123461e+23,5.5107850881646146e+23
1.83705,1.192,catalog,0.19,582.685382291061,19.3,1224.1957864125616,0.0157,catalog,4750085475.375888,48137522.198826864,Selsis,-0.4949274523697132,-0.6200180286140512,linear,0.4399203686742547,0.11484834224952023,1.2304810252083942e+24,1.6406413669445255e+24
1.83705,1.192,catalog,0.19,582.685382291061,19.3,2333.336168209037,0.0157,catalog,2987098088.157751,12071895.333748698,Selsis,-0.4093160325515255,-0.7112449688560823,log,0.4987974515935675,0.0015860865522036027,1.1750498728704016e+24,1.566733163827202e+24
1.83705,1.192,catalog,0.19,582.685382291061,19.3,1502.508240532242,0.0157,catalog,4089808241.5379744,69738512.36990526,Selsis,-0.4928495397511451,-0.6518237416957026,log,0.23265203953590824,0.6824172547078167,5.550420132390633e+23,7.400560176520844e+23
1.83705,1.192,catalog,0.19,582.685382291061,19.3,492.1914704181923,0.0157,catalog,9656405549.673105,47290729.49490951,Selsis,-0.3948374259795527,-0.7126820470831389,GP,0.07375151253030338,0.8352596015741375,2.5654526700176236e+23,3.420603560023498e+23
1.83705,1.192,catalog,0.19,582.685382291061,19.3,672.5580143695474,0.0157,catalog,4484263569.162914,77184845.57968137,Jackson,-0.35289532326935247,-0.6327031270332938,linear,0.314194394647461,0.3367597908556772,8.75685991401319e+23,1.1675813218684254e+24
1.83705,1.192,catalog,0.19,582.685382291061,19.3,845.2861072949561,0.0157,catalog,3628459613.519758,20426136.75012499,Jackson,-0.4416789309884482,-0.6523733413168786,GP,0.07968570008592882,0.9042923137905301,1.7135314128476695e+23,2.2847085504635593e+23
1.83705,1.192,catalog,0.19,582.685382291061,19.3,3222.0873226897093,0.0157,catalog,2385696421.7860565,95843685.78209554,Selsis,-0.48405155525661714,-0.6581126392594558,GP,0.07707590494575856,0.9544148627042253,1.363640725643949e+23,1.818187634191932e+23
1.83705,1.192,catalog,0.19,582.685382291061,19.3,772.7199475504584,0.0157,catalog,3941095897.1342907,1191470.8168610162,Jackson,-0.3752415279754591,-0.716884798993531,GP,0.4064254712859564,0.5256248614416928,1.1205995704862331e+24,1.4941327606483107e+24
1.83705,1.192,catalog,0.19,582.685382291061,19.3,530.4936646674319,0.0157,catalog,5612519742.248678,88196932.61771306,Jackson,-0.3357567624805294,-0.7962116035158082,GP,0.06056490832493972,0.008871466876446132,1.6866025043483657e+23,2.248803339131154e+23
1.83705,1.192,catalog,0.19,582.685382291061,19.3,2420.9238366180343,0.0157,catalog,1438238354.5425355,7152127.856658287,Jackson,-0.3763846472010177,-0.6333273941154439,log,0.14188630854259845,0.1661378243240329,3.025560486711467e+23,4.034080648948622e+23
1.83705,1.192,catalog,0.19,582.685382291061,19.3,424.4999842459608,0.0157,catalog,10900156373.062735,31491801.45885435,Selsis,-0.49036181149823543,-0.6764594793565103,linear,0.3074954136674286,0.6171684149178277,9.557758531321415e+23,1.2743678041761887e+24
1.83705,1.192,catalog,0.19,582.685382291061,19.3,420.9200718048499,0.0157,catalog,7020646461.939881,35612830.72870823,Jackson,-0.31711421698053077,-0.6794796743738427,linear,0.208016238132295,0.5203293562855398,7.971615798679224e+23,1.0628821064905632e+24
1.83705,1.192,catalog,0.19,582.685382291061,19.3,334.17566303548006,0.0157,catalog,8826027343.73555,85974721.35712346,Jackson,-0.4129948596970793,-0.754749596024063,linear,0.40959208246830087,0.5033225902248498,8.963962505830376e+23,1.1951950007773835e+24
1.83705,1.192,catalog,0.19,582.685382291061,19.3,2396.5075826466073,0.0157,catalog,2931558158.254969,67161703.29587711,Selsis,-0.48426799287166145,-0.7398072421101086,GP,0.14246647877070023,0.6002947474864295,2.6544179408686983e+23,3.539223921158264e+23
1.83705,1.192,catalog,0.19,582.685382291061,19.3,5188.834951156033,0.0157,catalog,1010173580.7130272,10186566.201285591,Selsis,-0.3218683168184549,-0.6280288790485323,linear,0.05017489024953861,0.6656458532991143,8.401950784772133e+22,1.1202601046362843e+23
1.83705,1.192,catalog,0.19,582.685382291061,19.3,2137.589359632633,0.0157,catalog,1599201870.5274367,2747415.0929510407,Jackson,-0.30431074389591567,-0.6044929676926342,linear,0.05070248312976866,0.294383124998712,1.788379493812932e+23,2.3845059917505758e+23
1.83705,1.192,catalog,0.19,582.685382291061,19.3,580.6393607323032,0.0157,catalog,8452059090.599391,13491658.00124509,Selsis,-0.3536282105831971,-0.7375840192396401,log,0.44024250419962513,0.6142018325744106,1.813834034413438e+24,2.4184453792179173e+24
1.83705,1.192,catalog,0.19,582.685382291061,19.3,2222.557937764055,0.0157,catalog,3091181887.5461216,60044612.00206737,Selsis,-0.28513902949981457,-0.607102999389059,log,0.3328220686668654,0.9644776556886198,1.6676145016944756e+24,2.2234860022593006e+24
1.83705,1.192,catalog,0.19,582.685382291061,19.3,270.2282384717446,0.0157,catalog,10954915202.53385,32390385.394758027,Jackson,-0.40179590456974024,-0.7118992680889258,log,0.10779914681397651,0.16619909530735566,2.873054623562957e+23,3.8307394980839424e+23
1.83705,1.192,catalog,0.19,582.685382291061,19.3,3806.276586611623,0.0157,catalog,2127581359.9560304,98755575.92741631,Selsis,-0.29624480687583077,-0.785124446708075,linear,0.05256222287155411,7.599570378002962e-05,1.6306471108419797e+23,2.174196147789306e+23
1.83705,1.192,catalog,0.19,582.685382291061,19.3,1177.019345470436,0.0157,catalog,2691444913.5737123,79758180.75747849,Jackson,-0.4550969131923425,-0.6670249625830422,linear,0.1347986155324739,0.03949369748863463,2.2484586254586136e+23,2.997944833944818e+23
1.83705,1.192,catalog,0.19,582.685382291061,19.3,2192.935659128166,0.0157,catalog,3120582238.3617134,13806231.707868861,Selsis,-0.3570451561652112,-0.731151687914632,log,0.06219543592209496,0.1533965333158127,1.802950918871233e+23,2.403934558494977e+23
1.83705,1.192,catalog,0.19,582.685382291061,19.3,2397.9793008944557,0.0157,catalog,2930294996.588251,2983890.6322467523,Selsis,-0.42406867506395074,-0.7951556948542481,log,0.08701208473575348,0.9675348187914794,1.9429508736682616e+23,2.5906011648910153e+23
1.83705,1.192,catalog,0.19,582.685382291061,19.3,677.9117876024264,0.0157,catalog,4451125734.901863,37914544.01814361,Jackson,-0.4986919357575777,-0.7422426439746495,linear,0.22438813950467668,0.6514378732468912,4.001476780869381e+23,5.3353023744925076e+23
1.83705,1.192,catalog,0.19,582.685382291061,19.3,376.7184807112629,0.0157,catalog,7831411742.874577,69899102.89929923,Jackson,-0.40429786498260056,-0.7665106583496899,log,0.34555380389906787,0.19991994487629206,7.693863883619114e+23,1.0258485178158818e+24
1.83705,1.192,catalog,0.19,582.685382291061,19.3,742.6929494023,0.0157,catalog,6957496114.116628,45795526.63530365,Selsis,-0.39889042603688574,-0.6586043766921033,GP,0.14463577834673133,0.8605910691686477,4.927017379121799e+23,6.569356505495731e+23
1.83705,1.192,catalog,0.19,582.685382291061,19.3,796.3552123666004,0.0157,catalog,6589380997.883473,3459275.975226443,Selsis,-0.4996289371384052,-0.6298066023881007,linear,0.1222627910159602,0.016773262516490917,3.916834247077462e+23,5.222445662769949e+23
1.83705,1.192,catalog,0.19,582.685382291061,19.3,321.6025882311801,0.0157,catalog,9173481705.172714,21808783.858609673,Jackson,-0.31613554733072047,-0.6143559304296673,GP,0.36798065507043254,0.21863177063140327,1.7316352482472396e+24,2.3088469976629862e+24
1.83705,1.192,catalog,0.19,582.685382291061,19.3,366.60173081021463,0.0157,catalog,8045895925.092339,29015796.486779824,Jackson,-0.3553693875520238,-0.6848376654802685,linear,0.0568517746099376,0.20028988655963742,1.796918778379488e+23,2.395891704505984e+23
1.83705,1.192,catalog,0.19,582.685382291061,19.3,867.1822149333818,0.0157,catalog,6168820132.513899,75855014.29259393,Selsis,-0.4994316447046197,-0.731758944670336,GP,0.0770946352979052,0.26196227844992614,1.8561447320240506e+23,2.474859642698734e+23
1.83705,1.192,catalog,0.19,582.685382291061,19.3,588.9006582078517,0.0157,catalog,8357180290.011071,16428165.234381482,Selsis,-0.48474787770380734,-0.6958104260412696,linear,0.49694034299329803,0.8194550385186538,1.436694643788994e+24,1.9155928583853254e+24
1.83705,1.192,catalog,0.19,582.685382291061,19.3,991.9176751804164,0.0157,catalog,3137559779.9801803,31190219.356521934,Jackson,-0.49607026194286813,-0.7398510662984039,log,0.2476891927334,0.5157203308894621,4.190712726616793e+23,5.587616968822391e+23
1.83705,1.192,catalog,0.19,582.685382291061,19.3,1117.5384686095028,0.0157,catalog,5082975721.740427,55353206.36797723,Selsis,-0.4708418103223504,-0.7127934089076572,GP,0.10488119984139634,0.58460247873368,2.5452821211272344e+23,3.393709494836312e+23
1.83705,1.192,catalog,0.19,582.685382291061,19.3,1582.4886087020004,0.0157,catalog,2073445788.7842002,58399873.20885301,Jackson,-0.45967364663359267,-0.6032599362467802,linear,0.21953430794351597,0.6783988325797469,4.040426675447651e+23,5.387235567263535e+23
1.83705,1.192,catalog,0.19,582.685382291061,19.3,5188.834951156033,0.0157,catalog,1174339433.1695101,11174818.976272147,Selsis,-0.43949269030530425,-0.6235987674409884,GP,0.33692141424294286,0.7867181309602086,4.2118463570395176e+23,5.615795142719357e+23
1.83705,1.192,catalog,0.19,582.685382291061,19.3,477.89036833542303,0.0157,catalog,6205156395.222529,4634969.88680172,Jackson,-0.4343204960266006,-0.7337667738176651,linear,0.2762524592785776,0.39368404580532,6.532406518978887e+23,8.709875358638515e+23
1.83705,1.192,catalog,0.19,582.685382291061,19.3,5105.042822362178,0.0157,catalog,1708972910.7281954,72055112.01451951,Selsis,-0.3951819750598801,-0.7934513062463417,log,0.09011411766656371,0.14719047893350745,1.3304914417676763e+23,1.7739885890235684e+23
1.83705,1.192,catalog,0.19,582.685382291061,19.3,767.7131063309533,0.0157,catalog,3964855628.8427796,39951353.64254907,Jackson,-0.3931759690258508,-0.7577218053078211,log,0.12316699931212803,0.673672849210927,2.6041983966154476e+23,3.4722645288205965e+23
1.83705,1.192,catalog,0.19,582.685382291061,19.3,1135.586502501455,0.0157,catalog,2778849108.155147,1290206.462579846,Jackson,-0.2946648230291479,-0.6540527229280121,linear,0.07550309548441864,0.7064601970134867,3.2518067758775204e+23,4.3357423678366937e+23
1.83705,1.192,catalog,0.19,582.685382291061,19.3,759.3607719729273,0.0157,catalog,4005192743.616924,86618381.77972727,Jackson,-0.4662843898531937,-0.7892529445840037,GP,0.05605689538880506,0.8178048932893871,9.103559278504238e+22,1.2138079038005651e+23
1.83705,1.192,catalog,0.19,582.685382291061,19.3,903.502409846934,0.0157,catalog,5976988925.319282,3482638.556226173,Selsis,-0.32959295672308775,-0.71769345396202,GP,0.47174499139368925,0.08374499499552579,2.1250270338616336e+24,2.833369378482178e+24
1.83705,1.192,catalog,0.19,582.685382291061,19.3,396.0058415040855,0.0157,catalog,7454327515.755585,36334046.31499695,Jackson,-0.36520558173323503,-0.7186314408722776,linear,0.24967816133286602,0.7617399463890144,7.032459877558347e+23,9.376613170077796e+23
1.83705,1.192,catalog,0.19,582.685382291061,19.3,8978.484911349473,0.0157,catalog,488359337.8382176,92945101.83873624,Jackson,-0.3693332508123935,-0.6804047191374313,linear,0.20009486554136163,0.5196456141711685,1.534888724458169e+23,2.0465182992775586e+23
1.83705,1.192,catalog,0.19,582.685382291061,19.3,520.0808329052676,0.0157,catalog,9234564027.102354,34717117.94692496,Selsis,-0.2932637342824648,-0.7071978790693912,log,0.1046263946926468,0.22540458595787627,6.724034912213634e+23,8.965379882951512e+23
1.83705,1.192,catalog,0.19,582.685382291061,19.3,1057.4862338548228,0.0157,catalog,5300101919.780925,64647516.61748642,Selsis,-0.2835883272231092,-0.7756367970414697,linear,0.2057630641800235,0.1883225498577411,1.1711839012360056e+24,1.5615785349813406e+24
1.83705,1.192,catalog,0.19,582.685382291061,19.3,3056.995797222627,0.0157,catalog,1181361135.066029,99338878.92713231,Jackson,-0.31257216044771496,-0.7917946065105815,linear,0.17900615264439165,0.43175203337017953,3.4002894603313733e+23,4.533719280441831e+23
1.83705,1.192,catalog,0.19,582.685382291061,19.3,1622.8357558798089,0.0157,catalog,2028446799.7066429,11780405.770827608,Jackson,-0.37044778496003977,-0.7338710573369985,linear,0.4457988916545521,0.21248443867048206,9.572516475569756e+23,1.2763355300759674e+24
1.83705,1.192,catalog,0.19,582.685382291061,19.3,1256.376937783961,0.0157,catalog,4660305068.68376,40007355.95785327,Selsis,-0.43606458648725277,-0.6824819971918451,GP,0.1720738403677819,0.6662849483274111,4.519613690591327e+23,6.026151587455102e+23
1.83705,1.192,catalog,0.19,582.685382291061,19.3,2414.893613747059,0.0157,catalog,1441287536.8406694,37737329.07286515,Jackson,-0.3093817864845831,-0.6171516544915739,linear,0.21199241115823525,0.4547802340511846,5.712443359016844e+23,7.616591145355792e+23
1.83705,1.192,catalog,0.19,582.685382291061,19.3,943.7520188453044,0.0157,catalog,5780418684.287104,10416925.074652564,Selsis,-0.46438138719718053,-0.6642268662230478,log,0.172780798684144,0.37418025231325025,4.9663656554548144e+23,6.621820873939752e+23
1.83705,1.192,catalog,0.19,582.685382291061,19.3,2519.6585111940185,0.0157,catalog,1390295555.293023,34548683.9365398,Jackson,-0.42658681636189744,-0.6249789494481576,GP,0.1195992929132004,0.008556792280701164,1.9876336066100426e+23,2.6501781421467232e+23
1.83705,1.192,catalog,0.19,582.685382291061,19.3,824.1938629267546,0.0157,catalog,3713640218.3565583,37755790.59865329,Jackson,-0.3019481648493428,-0.7529878100214676,linear,0.05241612814443353,0.44485025440090675,1.842004914547414e+23,2.4560065527298853e+23
1.83705,1.192,catalog,0.19,582.685382291061,19.3,2190.6743913745636,0.0157,catalog,3122855399.9208713,96386549.29242319,Selsis,-0.49648441859623993,-0.7595345915075713,log,0.20467054908261795,0.7492477420101484,3.766642681857123e+23,5.0221902424761636e+23
1.83705,1.192,catalog,0.19,582.685382291061,19.3,964.1077274268575,0.0157,catalog,3219191526.0189247,9657131.648941958,Jackson,-0.4729536151026656,-0.6733081800036712,linear,0.25821180123630844,0.8672356847146876,5.204575425945276e+23,6.939433901260368e+23
1.83705,1.192,catalog,0.19,582.685382291061,19.3,3751.612355540213,0.0157,catalog,2148751603.4392486,86004617.10380131,Selsis,-0.45042702051413813,-0.7884320368631459,log,0.16217084949834953,0.4771221211001062,2.52548895586889e+23,3.367318607825186e+23
1.83705,1.192,catalog,0.19,582.685382291061,19.3,1054.206031979444,0.0157,catalog,2970191121.7432604,43015408.67135501,Jackson,-0.2869783047090243,-0.6098761859209731,GP,0.2447200962926066,0.34129831769499697,1.0088381511146705e+24,1.3451175348195606e+24
1.83705,1.192,catalog,0.19,582.685382291061,19.3,603.6370228977281,0.0157,catalog,4964210243.249963,1595314.9929279832,Jackson,-0.3576622435483412,-0.6340101631989336,GP,0.06709806537330161,0.5512987769711345,2.3069825811598904e+23,3.0759767748798534e+23
1.83705,1.192,catalog,0.19,582.685382291061,19.3,3890.470114832646,0.0157,catalog,2095987762.761172,35331567.50211914,Selsis,-0.3540085030575713,-0.6818733251077298,log,0.09494345313935258,0.3583980425376704,2.1968016225899602e+23,2.929068830119947e+23
1.83705,1.192,catalog,0.19,582.685382291061,19.3,331.1383724672522,0.0157,catalog,8907397970.765299,18452747.066194575,Jackson,-0.3179492012756384,-0.6958454335488372,linear,0.3977733776311436,0.37173261994096796,1.6333412267641977e+24,2.1777883023522635e+24
1.83705,1.192,catalog,0.19,582.685382291061,19.3,771.434240551279,0.0157,catalog,3947167562.148249,37121206.960214324,Jackson,-0.2973595921351009,-0.7245016797832687,log,0.4775526899910001,0.030493968370239877,1.7898481978484894e+24,2.3864642637979857e+24
1.83705,1.192,catalog,0.19,582.685382291061,19.3,455.7158173355329,0.0157,catalog,10282478865.172237,77895817.438473,Selsis,-0.40054419782944606,-0.7410445874233642,log,0.06108472853108579,0.6678598927966426,2.0229884098921345e+23,2.697317879856179e+23
1.83705,1.192,catalog,0.19,582.685382291061,19.3,5168.370822995688,0.0157,catalog,1591561498.1075249,88930726.7469353,Selsis,-0.4334434174686548,-0.7402526336452112,linear,0.08477968298438411,0.5937891714681943,1.0517910171394144e+23,1.4023880228525525e+23
1.83705,1.192,catalog,0.19,582.685382291061,19.3,2773.3910395693033,0.0157,catalog,2647023981.41789,15777800.511461807,Selsis,-0.4958333436870572,-0.709538394164962,log,0.27231370696153007,0.714332145508407,5.1841278888221286e+23,6.912170518429504e+23
1.83705,1.192,catalog,0.19,582.685382291061,19.3,510.02412538862114,0.0157,catalog,9381596695.131107,83652509.38091277,Selsis,-0.4523985458900767,-0.7254609814958553,linear,0.08144412484715824,0.4239826588576854,2.32591569048353e+23,3.1012209206447063e+23
1.83705,1.192,catalog,0.19,582.685382291061,19.3,1151.1252116160906,0.0157,catalog,4970746661.367286,65844379.555287786,Selsis,-0.4922519748272575,-0.6965303376156726,log,0.37354865030769574,0.038733369133995055,8.880335277743982e+23,1.1840447036991976e+24
1.83705,1.192,catalog,0.19,582.685382291061,19.3,1063.3516437533276,0.0157,catalog,5277904003.408035,1799767.213111255,Selsis,-0.32195178080571096,-0.73416530147791,linear,0.07839367002255238,0.4277992067582138,3.5911407623719816e+23,4.788187683162642e+23
1.83705,1.192,catalog,0.19,582.685382291061,19.3,2566.447082697666,0.0157,catalog,1368805607.9477232,47052336.00252105,Jackson,-0.4790011398388773,-0.608799362656832,log,0.4048224744076924,0.3092819830581367,6.295031913768033e+23,8.393375885024043e+23
1.83705,1.192,catalog,0.19,582.685382291061,19.3,881.612776127744,0.0157,catalog,3491388511.222955,79769578.71879038,Jackson,-0.29570821414440884,-0.7396277017156678,linear,0.33479459679281276,0.15975256039351282,1.1384829917761682e+24,1.5179773223682242e+24
1.83705,1.192,catalog,0.19,582.685382291061,19.3,462.99857322070653,0.0157,catalog,6398232697.994142,64625001.664570436,Jackson,-0.3967954486306195,-0.7467517147563599,GP,0.08887964123457485,0.7114988428312229,1.986485122388935e+23,2.6486468298519132e+23
1.83705,1.192,catalog,0.19,582.685382291061,19.3,4223.870519951788,0.0157,catalog,903128999.2918148,9213644.815846395,Jackson,-0.4316332013911125,-0.6594951081751402,linear,0.18006377680684943,0.8897612936734557,2.6446071678444796e+23,3.526142890459306e+23
1.83705,1.192,catalog,0.19,582.685382291061,19.3,1178.696905919254,0.0157,catalog,2688033249.475598,70221931.5137224,Jackson,-0.4535747383185842,-0.781014088867015,GP,0.14581092891538858,0.8235383147729841,2.2581770082431875e+23,3.0109026776575834e+23
1.83705,1.192,catalog,0.19,582.685382291061,19.3,1998.4018021492743,0.0157,catalog,1694229733.7688913,24111463.567021187,Jackson,-0.3005984675408624,-0.6444273680113494,GP,0.24978967382506376,0.9271662312810954,7.699632871095214e+23,1.0266177161460285e+24
1.83705,1.192,catalog,0.19,582.685382291061,19.3,4149.781014689169,0.0157,catalog,2005711819.020938,90047233.35227185,Selsis,-0.42806685099627706,-0.607640293525959,log,0.11484757514395567,0.5017375505574728,2.1809625321316983e+23,2.9079500428422644e+23
1.83705,1.192,catalog,0.19,582.685382291061,19.3,1811.556070308938,0.0157,catalog,3574091650.3844256,82804258.86245055,Selsis,-0.4768698011976638,-0.7191330707762346,linear,0.1289895649502006,0.23614477735739436,2.665313066182338e+23,3.5537507549097836e+23
1.83705,1.192,catalog,0.19,582.685382291061,19.3,2885.7392907206026,0.0157,catalog,2574938390.7008715,22373589.13998981,Selsis,-0.482190983912069,-0.7344508893600684,log,0.19383791211712378,0.8625823633972546,3.569079568893395e+23,4.7587727585245267e+23
1.83705,1.192,catalog,0.19,582.685382291061,19.3,4689.113649530865,0.0157,catalog,828835485.9612043,95528166.97020726,Jackson,-0.35688672134614013,-0.655598270777743,log,0.1473812094302233,0.02391688595804875,1.8876159287991514e+23,2.5168212383988685e+23
1.83705,1.192,catalog,0.19,582.685382291061,19.3,936.7266022953532,0.0157,catalog,3304257510.99163,75384869.24650604,Jackson,-0.3430910991059392,-0.7536809364744953,GP,0.3064778632158294,0.24852504949280774,7.331299288153544e+23,9.775065717538059e+23
1.83705,1.192,catalog,0.19,582.685382291061,19.3,2315.0082597119567,0.0157,catalog,1493997847.9512577,62596420.05884273,Jackson,-0.4892287484603804,-0.7476218415473752,log,0.0941700522676829,0.8846766477448695,1.2015225830757617e+23,1.6020301107676823e+23
1.83705,1.192,catalog,0.19,582.685382291061,19.3,1654.0111773015428,0.0157,catalog,3815446753.8829746,81839546.28185594,Selsis,-0.34271658123144055,-0.6041365959237471,linear,0.11816409928397449,0.644281478246219,4.4728266547743385e+23,5.963768873032451e+23
1.83705,1.192,catalog,0.19,582.685382291061,19.3,1006.5160815860339,0.0157,catalog,5502987200.624517,5393201.161195042,Selsis,-0.3781007778944941,-0.7022739967882121,log,0.40485041248457543,0.8562886677835644,1.3761532628942687e+24,1.8348710171923582e+24
1.83705,1.192,catalog,0.19,582.685382291061,19.3,595.2714425079431,0.0157,catalog,5030125503.849559,8638357.990361879,Jackson,-0.3632553760166474,-0.7445578082011234,linear,0.08242768799328035,0.7403733500795067,2.3024436127526195e+23,3.0699248170034925e+23
1.83705,1.192,catalog,0.19,582.685382291061,19.3,1067.396479068094,0.0157,catalog,5262726736.862918,72227855.66233231,Selsis,-0.4284563788088275,-0.7547206836888232,linear,0.12088597733279483,0.8283998888321352,3.0733448954774266e+23,4.0977931939699016e+23
1.83705,1.192,catalog,0.19,582.685382291061,19.3,472.0562455590906,0.0157,catalog,9990536965.750345,13035119.721109875,Selsis,-0.35453486012210783,-0.6531812776544087,linear,0.08384546588967429,0.33691571674759235,3.946419277566293e+23,5.261892370088391e+23
1.83705,1.192,catalog,0.19,582.685382291061,19.3,1585.9351647395113,0.0157,catalog,2069515174.9928184,68906678.17821923,Jackson,-0.45806969421770466,-0.6532682795259968,log,0.07796193102515804,0.7937555341990391,1.2430362882215606e+23,1.6573817176287474e+23
1.83705,1.192,catalog,0.19,582.685382291061,19.3,1143.894545536322,0.0157,catalog,2760824092.180126,48717478.728967175,Jackson,-0.4515335034572599,-0.7701081654182526,GP,0.21305269761618661,0.028831748033460447,3.4880887945856784e+23,4.650785059447571e+23
1.83705,1.192,catalog,0.19,582.685382291061,19.3,792.9473037470449,0.0157,catalog,3848178137.4764,17152510.32015844,Jackson,-0.38785055615538955,-0.6975282811977865,log,0.23296204267615372,0.2550350688916232,5.5216450167510884e+23,7.362193355668117e+23
1.83705,1.192,catalog,0.19,582.685382291061,19.3,702.8069873374851,0.0157,catalog,4303745271.101559,2010556.3691883495,Jackson,-0.34065759364759407,-0.6042780760114271,log,0.4625567328387037,0.9247796541254694,1.7688943096944961e+24,2.358525746259328e+24
1.83705,1.192,catalog,0.19,582.685382291061,19.3,347.7290367233575,0.0157,catalog,8481244901.133827,30959789.014322836,Jackson,-0.4650619288527789,-0.6612832170866209,linear,0.12307017431349095,0.7398304585022267,2.955635900282844e+23,3.940847867043792e+23
1.83705,1.192,catalog,0.19,582.685382291061,19.3,495.6627391016757,0.0157,catalog,5990417262.244773,8836781.725606473,Jackson,-0.34773294045456327,-0.6383751378192225,linear,0.15537547398065282,0.1835355906485555,5.458595328820323e+23,7.278127105093763e+23
1.83705,1.192,catalog,0.19,582.685382291061,19.3,1337.9344287070874,0.0157,catalog,4450341218.599343,44471316.610942796,Selsis,-0.3750993119386444,-0.6866481447170317,GP,0.1782288939434987,0.6432356039397374,5.484344312014546e+23,7.312459082686061e+23
1.83705,1.192,catalog,0.19,582.685382291061,19.3,572.1146847105889,0.0157,catalog,8552682347.818978,55760726.77930278,Selsis,-0.4615225453865773,-0.7773810097160692,linear,0.09153069186627144,0.40276754036435114,2.4599326911499026e+23,3.2799102548665365e+23
1.83705,1.192,catalog,0.19,582.685382291061,19.3,657.3118073745165,0.0157,catalog,4581630123.86432,90642554.88509855,Jackson,-0.31557849249961517,-0.7804184601971224,log,0.2501987623543298,0.9035280488538355,7.630398830056385e+23,1.0173865106741846e+24
1.83705,1.192,catalog,0.19,582.685382291061,19.3,1377.0333208171796,0.0157,catalog,4357674299.767811,97578670.7280571,Selsis,-0.4493194257968282,-0.667308522751153,log,0.4585074161153467,0.5567307869143927,1.1292667613412549e+24,1.505689015121673e+24
1.83705,1.192,catalog,0.19,582.685382291061,19.3,1917.2768224770819,0.0157,catalog,1755718129.7162924,15673201.11527592,Jackson,-0.39396335890175677,-0.6492676271203344,linear,0.07301784380428321,0.0031211649979870915,1.458814075375181e+23,1.9450854338335746e+23
1.83705,1.192,catalog,0.19,582.685382291061,19.3,343.63485031954735,0.0157,catalog,8582363120.058559,3425744.5414220355,Jackson,-0.3827575311525574,-0.6319891358384967,log,0.4501545947895272,0.8181193045373287,1.555194215534142e+24,2.0735922873788559e+24
1.83705,1.192,catalog,0.19,582.685382291061,19.3,521.5913000835351,0.0157,catalog,5704165724.582797,13623049.140852105,Jackson,-0.4324477710668403,-0.6478569915079474,log,0.09391655382762348,0.8843618031338826,2.3621120701244444e+23,3.149482760165926e+23
1.83705,1.192,catalog,0.19,582.685382291061,19.3,4964.51549099494,0.0157,catalog,791017423.116255,96643623.06997542,Jackson,-0.30530547497704175,-0.6004674980922465,GP,0.2066952146692304,0.5591091525803614,3.687249096023532e+23,4.916332128031376e+23
1.83705,1.192,catalog,0.19,582.685382291061,19.3,579.7956290026713,0.0157,catalog,5157163514.283703,25785255.30814258,Jackson,-0.4916209037312858,-0.7361768556331709,GP,0.14827398624667343,0.9261772809755725,2.8364322207859416e+23,3.781909627714588e+23
1.83705,1.192,catalog,0.19,582.685382291061,19.3,3468.5921666635454,0.0157,catalog,2267560897.7765813,39571493.185681984,Selsis,-0.46196799602293176,-0.6599309210645694,log,0.1311173900960841,0.2992848214435547,2.415857485071152e+23,3.2211433134282026e+23
1.83705,1.192,catalog,0.19,582.685382291061,19.3,1642.9598599695075,0.0157,catalog,2006803344.710419,21429664.11614072,Jackson,-0.2940059107070452,-0.7920800130935306,GP,0.05855268604374875,0.7772492444793091,1.9138420952665893e+23,2.5517894603554524e+23
1.83705,1.192,catalog,0.19,582.685382291061,19.3,1637.3822484910897,0.0157,catalog,2012750442.6715462,53614364.347307436,Jackson,-0.3313336702334117,-0.7641783522539766,linear,0.11112648986313878,0.824569490977345,2.5404295647508132e+23,3.3872394196677505e+23
1.83705,1.192,catalog,0.19,582.685382291061,19.3,1501.2553063506978,0.0157,catalog,2171153818.494596,28654924.7247293,Jackson,-0.3955078391055955,-0.7762756515105111,linear,0.06606675815771669,0.7265694481345103,1.2163115410954743e+23,1.6217487214606322e+23
1.83705,1.192,catalog,0.19,582.685382291061,19.3,794.6044965025698,0.0157,catalog,6600657861.053645,82503606.9886496,Selsis,-0.3505305968491287,-0.7409133697185698,GP,0.32632412511524,0.04906134316359445,1.2093580860564383e+24,1.612477448075251e+24
1.83705,1.192,catalog,0.19,582.685382291061,19.3,562.4906852517898,0.0157,catalog,8669754712.267687,48518374.856618464,Selsis,-0.3690652905415775,-0.7087171949190348,GP,0.0887853942255106,0.4543595395719944,3.361165350258909e+23,4.481553800345212e+23
1.83705,1.192,catalog,0.19,582.685382291061,19.3,800.7238895944217,0.0157,catalog,3813709900.790293,46617854.60924057,Jackson,-0.4922681509131723,-0.7375139169512153,log,0.3599018512925786,0.626308244642332,6.158175298588523e+23,8.21090039811803e+23
1.83705,1.192,catalog,0.19,582.685382291061,19.3,5116.140709102201,0.0157,catalog,1687676237.4929454,14454716.09821834,Selsis,-0.3909678620802987,-0.6667311702376395,log,0.07963004158742791,0.9651177639336989,1.4038609064861224e+23,1.8718145419814965e+23
1.83705,1.192,catalog,0.19,582.685382291061,19.3,295.09731279717363,0.0157,catalog,10009678627.629519,76949966.03983328,Jackson,-0.4226586611917143,-0.7910120295671911,GP,0.11386853677453063,0.8356642993563028,2.4534208938678147e+23,3.2712278584904194e+23
1.83705,1.192,catalog,0.19,582.685382291061,19.3,733.8559073559132,0.0157,catalog,7022928324.113058,89646073.34910059,Selsis,-0.4160072084917168,-0.6214836379507984,linear,0.05007467992483826,0.8890662904039972,1.7482170877239025e+23,2.3309561169652032e+23
1.83705,1.192,catalog,0.19,582.685382291061,19.3,815.0656632737627,0.0157,catalog,6471681849.232669,14330154.869965985,Selsis,-0.36834516575238896,-0.6252859134080425,linear,0.3121371071435673,0.8246413832531103,1.2931364086831448e+24,1.724181878244193e+24
1.83705,1.192,catalog,0.19,582.685382291061,19.3,1109.8738710592468,0.0157,catalog,2836316951.127715,80378977.4216865,Jackson,-0.45850852653110585,-0.6076832800230849,linear,0.3778153429296553,0.40893403713796983,7.35457095166313e+23,9.806094602217507e+23
1.83705,1.192,catalog,0.19,582.685382291061,19.3,1870.0846888418023,0.0157,catalog,3493759309.653554,18237626.6389954,Selsis,-0.4363943394630199,-0.6143248903737409,log,0.15617302270835406,0.7362009108365889,4.350433177076634e+23,5.800577569435512e+23
1.83705,1.192,catalog,0.19,582.685382291061,19.3,346.92250914870186,0.0157,catalog,12898959410.410904,53199988.96445838,Selsis,-0.46978700232479775,-0.6048028443527328,log,0.19327146511068222,0.8151709896220977,7.985529691013676e+23,1.0647372921351568e+24
1.83705,1.192,catalog,0.19,582.685382291061,19.3,2965.4255141318463,0.0157,catalog,2526719683.9568458,63435231.652983725,Selsis,-0.4775738376360294,-0.7042933134685588,linear,0.07263534165411978,0.7391450328701128,1.2948990989939097e+23,1.7265321319918795e+23
1.83705,1.192,catalog,0.19,582.685382291061,19.3,355.0284449229416,0.0157,catalog,8307071996.904721,62444929.925273634,Jackson,-0.3472110195745128,-0.6181410554482387,GP,0.11773434353068987,0.34249931917397647,4.2144675310024646e+23,5.619290041336619e+23
1.83705,1.192,catalog,0.19,582.685382291061,19.3,892.8357466924269,0.0157,catalog,3451419917.244034,16249514.052474204,Jackson,-0.42635761357291074,-0.7456324886758304,linear,0.05417807337150482,0.43076536778689056,1.0860292791684997e+23,1.4480390388913328e+23
1.83705,1.192,catalog,0.19,582.685382291061,19.3,1546.2999894330999,0.0157,catalog,4005559910.2532344,62627028.020846605,Selsis,-0.4625169531970269,-0.701440453872656,linear,0.43567485519420335,0.15264109423506655,9.91078641939675e+23,1.3214381892529e+24
1.83705,1.192,catalog,0.19,582.685382291061,19.3,2920.330781006179,0.0157,catalog,2553724043.908869,72869223.08211619,Selsis,-0.41777782173934586,-0.7715483634942003,linear,0.35774130038816454,0.15361055423730863,6.799034370378554e+23,9.065379160504738e+23
1.83705,1.192,catalog,0.19,582.685382291061,19.3,2549.345694198645,0.0157,catalog,2807267094.3564744,81005917.06209593,Selsis,-0.3690217539255573,-0.6560905272940523,linear,0.36157511429898903,0.28141937713706555,9.305772557929881e+23,1.2407696743906507e+24
1.83705,1.192,catalog,0.19,582.685382291061,19.3,307.4600956202577,0.0157,catalog,9600515764.570532,68038078.57660054,Jackson,-0.42945870480324494,-0.617919620071147,GP,0.08208386508969488,0.8894599949110854,2.3217158718879723e+23,3.095621162517296e+23
1.83705,1.192,catalog,0.19,582.685382291061,19.3,598.2154652905149,0.0157,catalog,5006717923.471128,13630300.752052363,Jackson,-0.40884844904772477,-0.6641684833885606,log,0.16400743716178542,0.13474559881068193,4.0944765591330646e+23,5.459302078844086e+23
1.83705,1.192,catalog,0.19,582.685382291061,19.3,5188.834951156033,0.0157,catalog,1478539952.5862665,18665839.31256928,Selsis,-0.3142767834115016,-0.7079289608521094,log,0.10226109990586219,0.23060930602638485,2.2606078815262415e+23,3.0141438420349885e+23
1.83705,1.192,catalog,0.19,582.685382291061,19.3,2117.413059161006,0.0157,catalog,1612233558.4338536,17569183.535871986,Jackson,-0.2974264981894481,-0.6090834714913512,log,0.0795783223459192,0.9664471287235332,2.649082074624338e+23,3.53210943283245e+23
1.83705,1.192,catalog,0.19,582.685382291061,19.3,786.4323826034246,0.0157,catalog,6653915269.929038,98629011.2407873,Selsis,-0.32823590421978094,-0.7635294017054572,GP,0.088178938792007,0.6019912287512584,3.705419051323618e+23,4.940558735098157e+23
1.83705,1.192,catalog,0.19,582.685382291061,19.3,645.7766194075664,0.0157,catalog,7766481950.854408,38298919.10586528,Selsis,-0.3713233297001717,-0.6016863859838889,GP,0.3566624654097017,0.710294203157588,1.6201425567141625e+24,2.1601900756188832e+24
1.83705,1.192,catalog,0.19,582.685382291061,19.3,351.3496243456315,0.0157,catalog,8393897802.013225,77110930.19074082,Jackson,-0.42354849934138905,-0.7794768057482901,log,0.09718198856296341,0.08969737737688865,2.0339616617558222e+23,2.711948882341096e+23
1.83705,1.192,catalog,0.19,582.685382291061,19.3,1084.936840532574,0.0157,catalog,2894612671.4141355,56358664.02362625,Jackson,-0.29363727395974537,-0.7299288858140848,linear,0.2771794461162172,0.6051261952804808,9.448568064270568e+23,1.2598090752360756e+24
1.83705,1.192,catalog,0.19,582.685382291061,19.3,900.2628426975103,0.0157,catalog,5993516359.7480345,31864919.18960295,Selsis,-0.3048687165166079,-0.7685394827447897,GP,0.22206194154428693,0.38179528165051524,1.1224842505518138e+24,1.4966456674024185e+24
1.83705,1.192,catalog,0.19,582.685382291061,19.3,5188.834951156033,0.0157,catalog,1052321202.0062655,1749775.727620088,Selsis,-0.34941224414812794,-0.6939414097827085,linear,0.06219297346501725,0.1413833052507626,9.252483596801542e+22,1.2336644795735389e+23
1.83705,1.192,catalog,0.19,582.685382291061,19.3,4901.531817682426,0.0157,catalog,1791503868.1599638,90865604.76043007,Selsis,-0.39564532213973796,-0.7132836777531482,linear,0.0777433601456377,0.3992996836053121,1.2159842164715174e+23,1.6213122886286896e+23
1.83705,1.192,catalog,0.19,582.685382291061,19.3,5188.834951156033,0.0157,catalog,805212100.65605,78908034.76724102,Selsis,-0.4680768010922114,-0.6352703394262501,GP,0.38175479382372013,0.5750370067920066,2.556290525384603e+23,3.4083873671794706e+23
1.83705,1.192,catalog,0.19,582.685382291061,19.3,1802.450080464222,0.0157,catalog,3587013736.765411,93274052.19189593,Selsis,-0.43916876227728036,-0.673214034033904,linear,0.09728391625971346,0.7158277662187724,2.233983674081372e+23,2.9786448987751624e+23
1.83705,1.192,catalog,0.19,582.685382291061,19.3,5188.834951156033,0.0157,catalog,1502059176.8831348,46818471.370420374,Selsis,-0.472437928210399,-0.6388073285679778,GP,0.07931253909268615,0.07758648045512995,1.042670137492412e+23,1.3902268499898826e+23
1.83705,1.192,catalog,0.19,582.685382291061,19.3,744.6775450861385,0.0157,catalog,4078312916.3618464,61869591.03944144,Jackson,-0.49752998035996676,-0.7607538215585042,linear,0.13920167078778986,0.33304757969515586,2.3021646770747667e+23,3.069552902766355e+23
1.83705,1.192,catalog,0.19,582.685382291061,19.3,5188.834951156033,0.0157,catalog,1484900786.5197268,78232565.87522912,Selsis,-0.4606511725053018,-0.7345617750294534,linear,0.457002894418393,0.8973221567291706,5.12057098866376e+23,6.827427984885013e+23
1.83705,1.192,catalog,0.19,582.685382291061,19.3,1459.9069806429782,0.0157,catalog,2224940873.7603087,80045411.67308725,Jackson,-0.44158448889404467,-0.7759881825514313,linear,0.1725777498297331,0.9655643039088805,2.5483247439613337e+23,3.397766325281778e+23
1.83705,1.192,catalog,0.19,582.685382291061,19.3,2970.939585129268,0.0157,catalog,1209987910.1100862,52564242.68752786,Jackson,-0.48118351264105735,-0.762603346058179,linear,0.06619614654087597,0.7604117752819086,8.007532276795269e+22,1.0676709702393691e+23
1.83705,1.192,catalog,0.19,582.685382291061,19.3,5188.834951156033,0.0157,catalog,1121497401.139474,8087589.096078208,Selsis,-0.46543972769558706,-0.7644174483782743,log,0.07707154235983706,0.5863925160747128,7.690493400848339e+22,1.0253991201131117e+23
1.83705,1.192,catalog,0.19,582.685382291061,19.3,658.0477256613492,0.0157,catalog,7651699104.11176,17166449.540302385,Selsis,-0.3449126178112061,-0.7012388270134984,linear,0.051070885940294734,0.24646951632548597,2.2021335166369106e+23,2.9361780221825475e+23
1.83705,1.192,catalog,0.19,582.685382291061,19.3,1172.9269601336055,0.0157,catalog,4902301234.549382,91465100.1598737,Selsis,-0.35697590714124466,-0.6975435689836035,log,0.14465131090221467,0.8879622429531395,4.814846072503909e+23,6.419794763338545e+23
1.83705,1.192,catalog,0.19,582.685382291061,19.3,5089.2380330171,0.0157,catalog,1739852676.4967663,8764267.932639454,Selsis,-0.36600261121862543,-0.6824734074257226,linear,0.11581663774812084,0.9293789439793477,2.3141011597995394e+23,3.085468213066052e+23
1.83705,1.192,catalog,0.19,582.685382291061,19.3,783.5181506574407,0.0157,catalog,3890892710.464367,1971232.0852066511,Jackson,-0.37857809312933843,-0.7525116939069052,log,0.17197270819187208,0.9800059757142267,4.489991890786472e+23,5.986655854381962e+23
1.83705,1.192,catalog,0.19,582.685382291061,19.3,554.1326143222104,0.0157,catalog,5383828199.114808,75190664.08551516,Jackson,-0.4468194530806586,-0.6717291103646739,log,0.07566276896595511,0.6780031955072694,1.5356289318761683e+23,2.0475052425015576e+23
1.83705,1.192,catalog,0.19,582.685382291061,19.3,1384.6352238296085,0.0157,catalog,2330874024.0114245,1151008.773033125,Jackson,-0.46013255221992494,-0.6427637018425852,log,0.0710135789034721,0.836796068678232,1.547043974100181e+23,2.062725298800241e+23
1.83705,1.192,catalog,0.19,582.685382291061,19.3,2104.921359809553,0.0157,catalog,3212235281.817949,19594968.39153764,Selsis,-0.4684015794666624,-0.6626497971537947,GP,0.4317797658042585,0.9712588477261733,9.815075438268337e+23,1.3086767251024448e+24
1.83705,1.192,catalog,0.19,582.685382291061,19.3,596.3490897542324,0.0157,catalog,5021529901.090924,22025292.58642299,Jackson,-0.37004490615232916,-0.7512372682753786,log,0.1885488123753512,0.6510437552013101,4.83534003822632e+23,6.447120050968426e+23
1.83705,1.192,catalog,0.19,582.685382291061,19.3,696.0472855656072,0.0157,catalog,4342708227.458302,70201088.77047113,Jackson,-0.47289630406291305,-0.7402648057262714,log,0.24940738554799385,0.6086477787157376,4.2940570242617055e+23,5.7254093656822736e+23
1.83705,1.192,catalog,0.19,582.685382291061,19.3,673.80017688291,0.0157,catalog,4476527521.638064,6031564.884870471,Jackson,-0.37462978161130905,-0.7393007359130729,GP,0.1422963394988083,0.6485223538985037,3.752825403918459e+23,5.003767205224612e+23
1.83705,1.192,catalog,0.19,582.685382291061,19.3,315.6290816020811,0.0157,catalog,9348882204.865917,13608949.92792183,Jackson,-0.3548919454016363,-0.7716177220246673,GP,0.12122552634838289,0.5489852827340004,3.8566017678950966e+23,5.142135690526795e+23
1.83705,1.192,catalog,0.19,582.685382291061,19.3,690.0262694121051,0.0157,catalog,7370654418.753486,19438656.0638094,Selsis,-0.3921803544706182,-0.6358223743542627,log,0.05088123652639839,0.21755135920295587,1.9427901443883087e+23,2.5903868591844114e+23
1.83705,1.192,catalog,0.19,582.685382291061,19.3,568.2142606308215,0.0157,catalog,8599676102.404062,64066890.63609745,Selsis,-0.4740710556571098,-0.6103432092619475,linear,0.10366167280944166,0.45926144584541095,3.689742259521139e+23,4.9196563460281845e+23
1.83705,1.192,catalog,0.19,582.685382291061,19.3,558.8478352200361,0.0157,catalog,5340583526.288824,23149182.32129692,Jackson,-0.4964831158896314,-0.7798731638616848,log,0.4687798292252502,0.6998443117874124,8.811416069796602e+23,1.1748554759728802e+24
1.83705,1.192,catalog,0.19,582.685382291061,19.3,1375.8860080057211,0.0157,catalog,4360325842.3623905,85084001.89871113,Selsis,-0.31399925722620226,-0.7265862229262912,log,0.07259830830670211,0.7242822618414215,2.9829013503470165e+23,3.977201800462688e+23
1.83705,1.192,catalog,0.19,582.685382291061,19.3,3239.5846586646235,0.0157,catalog,2376795641.561798,39297867.35301661,Selsis,-0.33846845082595506,-0.6398726330458167,linear,0.2005944746384412,0.45620003133504317,5.757704473388119e+23,7.676939297850825e+23
1.83705,1.192,catalog,0.19,582.685382291061,19.3,632.8568869021277,0.0157,catalog,7891857753.686324,48619850.49008886,Selsis,-0.32556851632011796,-0.7575742690641917,linear,0.08291989039112412,0.9456585716321732,3.83591192476924e+23,5.1145492330256534e+23
1.83705,1.192,catalog,0.19,582.685382291061,19.3,2135.5284306103003,0.0157,catalog,3179605675.497213,38230405.79888765,Selsis,-0.44352549416034875,-0.712926059569267,linear,0.42519530592204763,0.03415250787934354,9.14546072976073e+23,1.2193947639680972e+24
1.83705,1.192,catalog,0.19,582.685382291061,19.3,1240.7459314757373,0.0157,catalog,2568208239.363028,40761690.66563001,Jackson,-0.3621395459976246,-0.7973571503710306,log,0.06119831586917534,0.7400525122204659,1.2993529248916213e+23,1.7324705665221617e+23
1.83705,1.192,catalog,0.19,582.685382291061,19.3,736.7271499323285,0.0157,catalog,4119130091.159695,45908163.361662775,Jackson,-0.4171047497002024,-0.6014217201214089,GP,0.13444544566347016,0.9939150922641597,3.393626539445961e+23,4.524835385927948e+23
1.83705,1.192,catalog,0.19,582.685382291061,19.3,1429.8405019636707,0.0157,catalog,4239789503.295106,28877478.398262467,Selsis,-0.3942619205984881,-0.7330909188218769,log,0.05197129101584775,0.8933169302740076,1.4254472246635738e+23,1.9005962995514317e+23
1.83705,1.192,catalog,0.19,582.685382291061,19.3,859.2360211680091,0.0157,catalog,3574422838.7103224,50232053.178634234,Jackson,-0.39008738787594494,-0.6882682029681827,log,0.07103452244817862,0.07523221860178941,1.524872114677997e+23,2.0331628195706625e+23
1.83705,1.192,catalog,0.19,582.685382291061,19.3,1386.8750011575285,0.0157,catalog,2327560210.876653,39780303.87138331,Jackson,-0.40599516018129617,-0.7503436074320428,linear,0.38081171834998717,0.8471243027968385,6.774615079279411e+23,9.032820105705881e+23
1.83705,1.192,catalog,0.19,582.685382291061,19.3,2288.378612652459,0.0157,catalog,1508792058.052328,22447685.951637708,Jackson,-0.44698745478168644,-0.7590713413185127,GP,0.06566642379532926,0.8992683264117972,9.886420151016698e+22,1.318189353468893e+23
1.83705,1.192,catalog,0.19,582.685382291061,19.3,243.53601083905718,0.0157,catalog,12202906372.403315,88218900.56634682,Jackson,-0.43748213125565427,-0.6801144326105776,GP,0.3203952402440564,0.18565722080587,7.724661468620716e+23,1.0299548624827621e+24
1.83705,1.192,catalog,0.19,582.685382291061,19.3,5173.046558937837,0.0157,catalog,1583276790.3524134,12526116.491491463,Selsis,-0.4716472123377721,-0.6833662048187019,linear,0.07460591327978551,0.554630568735956,1.0367909485978617e+23,1.3823879314638156e+23
1.83705,1.192,catalog,0.19,582.685382291061,19.3,1847.0447160970195,0.0157,catalog,3524815697.886009,7238751.021866639,Selsis,-0.3796426436752107,-0.6391855706302455,log,0.07074700301679794,0.4274219112727202,2.204299214315533e+23,2.9390656190873774e+23
1.83705,1.192,catalog,0.19,582.685382291061,19.3,1437.9168635866256,0.0157,catalog,2254771398.778259,18481874.829464134,Jackson,-0.28439356797457743,-0.7069328701231165,linear,0.41269062635517484,0.6203594579362255,1.566977967160013e+24,2.0893039562133504e+24
1.83705,1.192,catalog,0.19,582.685382291061,19.3,2393.3176408312497,0.0157,catalog,2934300751.030199,48988739.20457537,Selsis,-0.40864366863581814,-0.776284814041426,GP,0.14487551012927632,0.9663701058988007,3.109521927252517e+23,4.146029236336689e+23
1.83705,1.192,catalog,0.19,582.685382291061,19.3,5188.834951156033,0.0157,catalog,1170542144.0237222,29981449.84847217,Selsis,-0.33835350809035125,-0.6821988980805355,log,0.10308843224427025,0.8222039572290061,1.5441589305294702e+23,2.0588785740392936e+23
1.83705,1.192,catalog,0.19,582.685382291061,19.3,742.9757256547855,0.0157,catalog,4086975972.0614676,97825101.52824943,Jackson,-0.44419871844901354,-0.6654388528066432,linear,0.4286979894155536,0.41439981488411837,8.003589940863025e+23,1.0671453254484032e+24
1.83705,1.192,catalog,0.19,582.685382291061,19.3,1012.5437962583671,0.0157,catalog,5478015153.754827,99972561.56616579,Selsis,-0.29222006016814867,-0.7995316492128789,GP,0.3122457708067925,0.15996435646559104,1.624429672535353e+24,2.1659062300471375e+24
1.83705,1.192,catalog,0.19,582.685382291061,19.3,3494.513709560069,0.0157,catalog,2255984935.2609615,66866754.98666227,Selsis,-0.4206750665273108,-0.6895506200113986,linear,0.19036361243709898,0.07694559990119232,3.5063369117538035e+23,4.6751158823384046e+23
1.83705,1.192,catalog,0.19,582.685382291061,19.3,669.7000593524459,0.0157,catalog,4502173016.322563,67244907.43470715,Jackson,-0.42496681791893304,-0.6701504193757514,linear,0.09395857734856476,0.4288810894129259,1.9334593222491943e+23,2.5779457629989258e+23
1.83705,1.192,catalog,0.19,582.685382291061,19.3,676.1334808521818,0.0157,catalog,4462073818.888376,86111358.28391872,Jackson,-0.43721497695060346,-0.7161423383768739,linear,0.42212101628494353,0.33212311361911806,7.740264619593585e+23,1.032035282612478e+24
1.83705,1.192,catalog,0.19,582.685382291061,19.3,975.5100783298407,0.0157,catalog,3185164050.052608,10968262.91486048,Jackson,-0.4423055006603922,-0.6424581821745196,GP,0.13469457828686568,0.8987152415175365,2.9659556215223964e+23,3.954607495363195e+23
1.83705,1.192,catalog,0.19,582.685382291061,19.3,378.0260131656864,0.0157,catalog,7804571279.7011795,98074363.83000162,Jackson,-0.46527774360957386,-0.7461763952501729,linear,0.06492057779413431,0.5328325847728134,1.2213901537003485e+23,1.6285202049337978e+23
1.83705,1.192,catalog,0.19,582.685382291061,19.3,908.2759175612597,0.0157,catalog,5952834661.579755,66798747.16182644,Selsis,-0.29068530804890397,-0.7731196583587834,linear,0.41859860175567326,0.03851869967160981,2.3196292926491882e+24,3.092839056865584e+24
1.83705,1.192,catalog,0.19,582.685382291061,19.3,447.1551391129683,0.0157,catalog,10443602779.011286,63260662.5196455,Selsis,-0.4107140738626747,-0.6234347257524627,GP,0.22132292094254993,0.43173000321271404,8.865628647697429e+23,1.1820838196929905e+24
1.83705,1.192,catalog,0.19,582.685382291061,19.3,2037.1818801240045,0.0157,catalog,1666501156.8339436,76669208.58168438,Jackson,-0.32564893853121046,-0.7500247270436404,GP,0.39956044951696706,0.47254881312025465,8.484541766867638e+23,1.1312722355823518e+24
1.83705,1.192,catalog,0.19,582.685382291061,19.3,1619.8844645116005,0.0157,catalog,3873229246.953938,15467507.149108257,Selsis,-0.3287500413103842,-0.7118024257120449,linear,0.15165681684368523,0.5860045206209952,5.746437200553933e+23,7.661916267405244e+23
1.83705,1.192,catalog,0.19,582.685382291061,19.3,5095.926955111274,0.0157,catalog,1726703919.4325938,12483932.03474597,Selsis,-0.4353367570986001,-0.6955525694862468,GP,0.25786140736364427,0.01403385836809734,4.038150128286937e+23,5.384200171049249e+23
1.83705,1.192,catalog,0.19,582.685382291061,19.3,446.83054787600696,0.0157,catalog,6622977026.077433,77038356.24346823,Jackson,-0.46075437540130293,-0.7180955017759555,log,0.058184915983895635,0.37992113631683067,1.126265523181445e+23,1.5016873642419265e+23
1.83705,1.192,catalog,0.19,582.685382291061,19.3,2603.7545372878817,0.0157,catalog,2766130421.0183535,13891502.75690286,Selsis,-0.4883628896356645,-0.7272594819328373,log,0.09509739519304725,0.36253098138311735,1.846262271530534e+23,2.461683028707379e+23
1.83705,1.192,catalog,0.19,582.685382291061,19.3,1097.4827905133789,0.0157,catalog,5153063523.057617,72205123.16982691,Selsis,-0.3115553429115332,-0.685431378369391,log,0.13365155043598184,0.2404507199330197,6.155654068539424e+23,8.207538758052564e+23
1.83705,1.192,catalog,0.19,582.685382291061,19.3,5188.834951156033,0.0157,catalog,794906508.9287691,85490709.4097147,Selsis,-0.36339783053375524,-0.6354027054017403,linear,0.06672012334678216,0.3994249117960109,5.585044072175661e+22,7.446725429567548e+22
1.83705,1.192,catalog,0.19,582.685382291061,19.3,2003.3309394898106,0.0157,catalog,1690648094.7394435,27065229.844399955,Jackson,-0.36507885379920696,-0.7347303368947663,GP,0.41243985325804544,0.8316055205473214,8.040798347352432e+23,1.0721064463136574e+24
1.83705,1.192,catalog,0.19,582.685382291061,19.3,3884.8485447104063,0.0157,catalog,2098060205.3692715,60040556.97843453,Selsis,-0.46694690388812576,-0.7160990235681243,linear,0.17780738553015346,0.4307378236830959,2.8148732628658532e+23,3.753164350487804e+23
1.83705,1.192,catalog,0.19,582.685382291061,19.3,501.0254544197774,0.0157,catalog,5928707855.872208,48102310.015999205,Jackson,-0.4720452210536607,-0.68165988495599,log,0.08993342921669847,0.9700859358053436,1.839700526215257e+23,2.452934034953676e+23
1.83705,1.192,catalog,0.19,582.685382291061,19.3,5188.834951156033,0.0157,catalog,1429307942.981269,78407613.49262938,Selsis,-0.33252735648871934,-0.7673265056695655,GP,0.191714915247402,0.7582326610343003,3.179947922779955e+23,4.239930563706606e+23
1.83705,1.192,catalog,0.19,582.685382291061,19.3,370.6343047321101,0.0157,catalog,7958925164.524054,63269844.294274956,Jackson,-0.3813840697329373,-0.666802142366565,linear,0.051537039766951884,0.2936511293397779,1.4060393387532795e+23,1.874719118337706e+23
1.83705,1.192,catalog,0.19,582.685382291061,19.3,1343.6215124470696,0.0157,catalog,4436560461.887062,77775950.4492776,Selsis,-0.363182911294852,-0.6664356346031457,GP,0.3062232532408328,0.35531123987504687,9.933305769991237e+23,1.324440769332165e+24
1.83705,1.192,catalog,0.19,582.685382291061,19.3,5188.834951156038,0.0157,catalog,1371891034.9195426,74532798.42870083,Selsis,-0.40348985707551,-0.7349124412427247,GP,0.1327361746664917,0.04372658671259888,1.5545980510692443e+23,2.072797401425659e+23
1.83705,1.192,catalog,0.19,582.685382291061,19.3,752.9718519118103,0.0157,catalog,6883195613.161009,63914012.86104566,Selsis,-0.3225024897549946,-0.7013534594200367,GP,0.07508552705068298,0.012196052952815672,3.487698713329454e+23,4.6502649511059385e+23
1.83705,1.192,catalog,0.19,582.685382291061,19.3,862.2674815006013,0.0157,catalog,3562911384.002602,36452835.46319199,Jackson,-0.3565775782853566,-0.6989474934898343,linear,0.33149696279801283,0.345211234145931,8.325607627464175e+23,1.1100810169952233e+24
1.83705,1.192,catalog,0.19,582.685382291061,19.3,2298.3271588674043,0.0157,catalog,3019034130.6102805,55446991.13795034,Selsis,-0.34980923049796103,-0.782920998577076,linear,0.1926326173125077,0.575579876073046,5.3177673168557355e+23,7.090356422474314e+23
1.83705,1.192,catalog,0.19,582.685382291061,19.3,1437.3681031797908,0.0157,catalog,4223620983.2263584,86148620.99751145,Selsis,-0.33623040020882844,-0.7994780440501217,linear,0.06292340725757117,0.05953080866440186,2.1387775197896607e+23,2.8517033597195475e+23
1.83705,1.192,catalog,0.19,582.685382291061,19.3,5368.737284707163,0.0157,catalog,742092144.2724037,84509583.84880057,Jackson,-0.3405618775988746,-0.7604678587527733,linear,0.13110553461106417,0.3105616376117276,1.6468487141981726e+23,2.1957982855975634e+23
1.83705,1.192,catalog,0.19,582.685382291061,19.3,611.721756676133,0.0157,catalog,4902212288.220999,55347169.94227123,Jackson,-0.4704609645367051,-0.605539026769163,log,0.32539088936282623,0.46374258192683626,7.71624548485965e+23,1.0288327313146199e+24
1.83705,1.192,catalog,0.19,582.685382291061,19.3,335.02790514862926,0.0157,catalog,8803476288.765629,11203427.26226762,Jackson,-0.2811583299966418,-0.6997713318482903,log,0.09153329035650236,0.6825046851418762,5.1369750372851336e+23,6.849300049713511e+23
1.83705,1.192,catalog,0.19,582.685382291061,19.3,632.018640693419,0.0157,catalog,4753680094.378042,7889192.722445074,Jackson,-0.449619141559175,-0.6797946052974075,linear,0.21801839714537177,0.2797280498181045,4.940048833201568e+23,6.58673177760209e+23
1.83705,1.192,catalog,0.19,582.685382291061,19.3,971.4320680573367,0.0157,catalog,3197242927.7759175,26968334.87134839,Jackson,-0.3350641440484035,-0.7665392518896033,log,0.059092579131322764,0.6847078185139344,1.6116737750791674e+23,2.1488983667722232e+23
1.83705,1.192,catalog,0.19,582.685382291061,19.3,5116.9884349946915,0.0157,catalog,771717251.3413812,97641889.09539925,Jackson,-0.3858030714917311,-0.7907661335257322,linear,0.06097353559850366,0.9313050755790341,6.21525989011466e+22,8.287013186819547e+22
1.83705,1.192,catalog,0.19,582.685382291061,19.3,1813.1592333158496,0.0157,catalog,3571828619.5266886,2557100.9005963365,Selsis,-0.37117375167422473,-0.69623554811199,log,0.16583880027968304,0.08454591829288427,5.075079630086944e+23,6.766772840115926e+23
1.83705,1.192,catalog,0.19,582.685382291061,19.3,1651.2659424075391,0.0157,catalog,3820015844.9035025,87188086.37722306,Selsis,-0.36072836021793786,-0.7956248639937337,GP,0.16611098376981984,0.9636216390353566,4.7058938283963096e+23,6.274525104528412e+23
1.83705,1.192,catalog,0.19,582.685382291061,19.3,1305.8778722348188,0.0157,catalog,4530041867.634011,97242354.00104508,Selsis,-0.4477815641556764,-0.608868336743166,linear,0.05202946090746188,0.5102005808549279,1.51737513513095e+23,2.0231668468412665e+23
1.83705,1.192,catalog,0.19,582.685382291061,19.3,500.5161341666415,0.0157,catalog,5934510057.078763,18715370.593791205,Jackson,-0.29162028775651705,-0.6459545943892303,log,0.46956448402252454,0.952555908094318,2.264536494580775e+24,3.0193819927743663e+24
1.83705,1.192,catalog,0.19,582.685382291061,19.3,4099.129191934973,0.0157,catalog,2022566462.4175966,34941954.22020266,Selsis,-0.29976071185277675,-0.6492997199943566,log,0.14219680372356422,0.9385806253126844,4.6747090678801064e+23,6.232945423840141e+23
1.83705,1.192,catalog,0.19,582.685382291061,19.3,464.2247294067387,0.0157,catalog,6381850454.46652,93303612.36324652,Jackson,-0.284550455542838,-0.6836898068464645,linear,0.08091453910232263,0.2519538846340168,3.6051598255780115e+23,4.806879767437348e+23
1.83705,1.192,catalog,0.19,582.685382291061,19.3,2283.0581022297783,0.0157,catalog,1511787426.5501301,15101414.194626974,Jackson,-0.3836253941906652,-0.6598496928745424,log,0.4561032031767963,0.8652669454685165,8.845106365554655e+23,1.1793475154072873e+24
1.83705,1.192,catalog,0.19,582.685382291061,19.3,574.4114350591109,0.0157,catalog,8525293445.301649,80973192.24549817,Selsis,-0.28430013371606194,-0.6958398661222218,GP,0.4287919915159888,0.5986303216759756,2.859860330423942e+24,3.813147107231923e+24
1.83705,1.192,catalog,0.19,582.685382291061,19.3,1088.5000371656622,0.0157,catalog,5185222493.039754,63638089.81118017,Selsis,-0.37617752324903153,-0.7806362839551909,log,0.3682491093474546,0.9790291569750847,1.1057341658237844e+24,1.474312221098379e+24
1.83705,1.192,catalog,0.19,582.685382291061,19.3,356.08173914493943,0.0157,catalog,8282561264.558037,86324920.87770146,Jackson,-0.48477611077228083,-0.6768616447101521,GP,0.05703927151430745,0.8565044168356302,1.1808290241871715e+23,1.5744386989162286e+23
1.83705,1.192,catalog,0.19,582.685382291061,19.3,970.7536591196218,0.0157,catalog,3199262098.940309,36523874.13185011,Jackson,-0.3313008768205588,-0.6329581288580203,GP,0.08263932485479591,0.4934221668894945,2.5019552925047512e+23,3.335940390006335e+23
1.83705,1.192,catalog,0.19,582.685382291061,19.3,600.915752797192,0.0157,catalog,4985453923.55549,12070758.377223492,Jackson,-0.33426501906260725,-0.6996817519888274,GP,0.09845840377805637,0.018493633599089843,3.2579794404233497e+23,4.343972587231133e+23
1.83705,1.192,catalog,0.19,582.685382291061,19.3,742.0052846745749,0.0157,catalog,6962535499.278942,61493586.04649528,Selsis,-0.3818280048925391,-0.6522841124505842,linear,0.34163500936245766,0.4858943623081097,1.2380610192300375e+24,1.65074802564005e+24
1.83705,1.192,catalog,0.19,582.685382291061,19.3,5091.592899044636,0.0157,catalog,1735210148.485251,73104337.86850733,Selsis,-0.42743572502189053,-0.7612383497602189,log,0.40357161072917014,0.22533139652047596,5.5792349453671665e+23,7.438979927156222e+23
1.83705,1.192,catalog,0.19,582.685382291061,19.3,490.6921774747902,0.0157,catalog,6048857296.530823,14916751.25608767,Jackson,-0.35106858722425,-0.6498774225469837,GP,0.05826719902651496,0.08287014094516809,1.928737419775375e+23,2.571649893033833e+23
1.83705,1.192,catalog,0.19,582.685382291061,19.3,677.3518860426666,0.0157,catalog,7479060221.3579,24581200.569612406,Selsis,-0.3485386131195362,-0.7123105225568944,linear,0.3037212648785821,0.4730244452606406,1.2515441333249474e+24,1.66872551109993e+24
1.83705,1.192,catalog,0.19,582.685382291061,19.3,650.9719000669128,0.0157,catalog,7717388498.341444,44873869.22393167,Selsis,-0.4587469465472592,-0.6860397662250872,log,0.05727921875600303,0.8575063637396537,1.662805473775861e+23,2.217073965034481e+23
1.83705,1.192,catalog,0.19,582.685382291061,19.3,2885.502774957827,0.0157,catalog,2575084973.2700214,56659263.83706526,Selsis,-0.31388803223984263,-0.7576695867253896,linear,0.07605247256121346,0.6171383776097533,2.4371654651304547e+23,3.2495539535072725e+23
1.83705,1.192,catalog,0.19,582.685382291061,19.3,6474.709590013297,0.0157,catalog,637548180.0209771,40063799.71861342,Jackson,-0.39468293848269537,-0.6388195616998947,GP,0.0693011542177859,0.5977706934478914,7.922740266512444e+22,1.0563653688683259e+23
1.83705,1.192,catalog,0.19,582.685382291061,19.3,1176.975681713351,0.0157,catalog,2691533840.3387003,59693780.81110367,Jackson,-0.42488401170358286,-0.705848117071946,linear,0.25992890990398976,0.2897188554519359,4.522872739317794e+23,6.0304969857570583e+23
1.83705,1.192,catalog,0.19,582.685382291061,19.3,1091.4556285694218,0.0157,catalog,5174587639.183015,57016428.17397084,Selsis,-0.4604771912100638,-0.7302431728902149,GP,0.09099397078612305,0.46098133944340436,2.2165960881949238e+23,2.955461450926565e+23
1.83705,1.192,catalog,0.19,582.685382291061,19.3,1358.2706381902294,0.0157,catalog,2370682189.5101585,8453625.252858095,Jackson,-0.38678589313923173,-0.7776656036070975,linear,0.08834084764710343,0.300092362412239,1.8649984108222993e+23,2.4866645477630656e+23
1.83705,1.192,catalog,0.19,582.685382291061,19.3,851.5418238421963,0.0157,catalog,3604008261.787136,31170308.299390655,Jackson,-0.289124874193025,-0.6059273802454004,GP,0.15550239545525052,0.3306754765294464,6.906425000741927e+23,9.208566667655902e+23
1.83705,1.192,catalog,0.19,582.685382291061,19.3,912.1436375021941,0.0157,catalog,3384948190.4850135,39434111.17153672,Jackson,-0.44652127658432567,-0.7855247061865226,GP,0.1752647503396619,0.5873651172339659,3.0843302780784735e+23,4.112440370771298e+23
1.83705,1.192,catalog,0.19,582.685382291061,19.3,1621.1452344999543,0.0157,catalog,3871055844.8500485,55280952.918805584,Selsis,-0.42872772895709416,-0.7280518260262141,log,0.059545635212863025,0.4937111960732512,1.3973257275193891e+23,1.863100970025852e+23
1.83705,1.192,catalog,0.19,582.685382291061,19.3,9025.231072074796,0.0157,catalog,465749535.6244926,83665474.79238118,Jackson,-0.424382864597562,-0.7617377545798306,GP,0.0847724939571004,0.6948198174678153,5.2926558357282e+22,7.0568744476375995e+22
1.83705,1.192,catalog,0.19,582.685382291061,19.3,605.5300150946487,0.0157,catalog,4949542489.2924,79293540.13721572,Jackson,-0.31408635315603706,-0.6569248881367308,linear,0.12807166431252803,0.38957607382559833,4.413037677680485e+23,5.884050236907313e+23
1.83705,1.192,catalog,0.19,582.685382291061,19.3,969.5581920372268,0.0157,catalog,5662339973.794442,80713377.1039539,Selsis,-0.3000104978985809,-0.7594453223036518,linear,0.3124582011334132,0.6301796704854771,1.5642000088712536e+24,2.085600011828338e+24
1.83705,1.192,catalog,0.19,582.685382291061,19.3,9065.91963938743,0.0157,catalog,353641183.309467,58966606.00354498,Jackson,-0.39756769748690207,-0.6734660774317508,linear,0.05940250401616321,0.9446756127517211,3.4994684429214476e+22,4.665957923895263e+22
1.83705,1.192,catalog,0.19,582.685382291061,19.3,377.53891114087037,0.0157,catalog,7814547468.06702,58114684.08477052,Jackson,-0.3680702156245054,-0.674817417158718,linear,0.42086937509825717,0.5091993057316054,1.2005311378495573e+24,1.6007081837994096e+24
1.83705,1.192,catalog,0.19,582.685382291061,19.3,1527.3332785134432,0.0157,catalog,4041516648.4519196,81736230.35600698,Selsis,-0.44536145793157594,-0.6869149750845522,linear,0.19162553522279555,0.9170860181129417,4.519140029533898e+23,6.0255200393785305e+23
1.83705,1.192,catalog,0.19,582.685382291061,19.3,419.64689218666297,0.0157,catalog,7041506667.50166,20552690.193094935,Jackson,-0.31184367717473777,-0.7723446933513826,log,0.14883061983743637,0.1797498631447254,5.813328271372358e+23,7.751104361829811e+23
1.83705,1.192,catalog,0.19,582.685382291061,19.3,1226.1496370108161,0.0157,catalog,4744512999.701203,15927450.896846054,Selsis,-0.3489074500033848,-0.7798046901049677,log,0.2721436048319726,0.24891765447296932,9.549089372986273e+23,1.2732119163981697e+24
1.83705,1.192,catalog,0.19,582.685382291061,19.3,505.7326557584018,0.0157,catalog,5875653303.142743,10319044.094875444,Jackson,-0.3363415534589638,-0.6838168600356802,linear,0.07712494884955332,0.7500391854978102,2.671674364982527e+23,3.562232486643369e+23
1.83705,1.192,catalog,0.19,582.685382291061,19.3,1497.6340861951921,0.0157,catalog,4099458461.1656027,96233038.15583496,Selsis,-0.413284469415031,-0.7101766468000802,GP,0.05347870042544332,0.9845235364440188,1.3181556929356901e+23,1.7575409239142535e+23
1.83705,1.192,catalog,0.19,582.685382291061,19.3,974.3189356475558,0.0157,catalog,5641187979.608834,86722713.33365625,Selsis,-0.2857425550706658,-0.7318170174428786,GP,0.3560759253586791,0.8798606061362474,2.0272805025728074e+24,2.7030406700970764e+24
1.83705,1.192,catalog,0.19,582.685382291061,19.3,5090.926546186171,0.0157,catalog,1736522351.314595,65218327.51657331,Selsis,-0.39594577542926523,-0.7556500121174562,linear,0.17052144709002162,0.7934071193409068,2.598923931986323e+23,3.465231909315097e+23
1.83705,1.192,catalog,0.19,582.685382291061,19.3,5188.834951156033,0.0157,catalog,1529517261.070251,17695536.40627127,Selsis,-0.3441673664302327,-0.7444604055485132,log,0.48231859215847595,0.8976219580877725,8.951972766272882e+23,1.1935963688363842e+24
1.83705,1.192,catalog,0.19,582.685382291061,19.3,400.3876743934614,0.0157,catalog,7373961433.952345,1778999.5563889276,Jackson,-0.4641940916481964,-0.7361028271636192,log,0.21032065153689938,0.5118321212371787,5.0203550385054206e+23,6.693806718007228e+23
1.83705,1.192,catalog,0.19,582.685382291061,19.3,1127.3166195663105,0.0157,catalog,5049634131.014172,64313498.775555246,Selsis,-0.32809881978675837,-0.6930694074785512,GP,0.2576479881534788,0.7732763688450394,1.047037341668499e+24,1.396049788891332e+24
1.83705,1.192,catalog,0.19,582.685382291061,19.3,2468.073241174173,0.0157,catalog,1414887646.1062925,71384538.31541407,Jackson,-0.490466522904229,-0.7152460832047663,log,0.3945338863177155,0.6500089619582587,4.9215728132929666e+23,6.562097084390622e+23
1.83705,1.192,catalog,0.19,582.685382291061,19.3,1838.831014365347,0.0157,catalog,3536069668.001543,71320456.80310959,Selsis,-0.3125653444894352,-0.698660494211955,GP,0.25060219455082583,0.39876833548092694,9.726186737926254e+23,1.296824898390167e+24
1.83705,1.192,catalog,0.19,582.685382291061,19.3,2990.096671173631,0.0157,catalog,2512247622.9598227,56045117.1985866,Selsis,-0.4436605144528212,-0.725290137793218,linear,0.12228405031255991,0.05069033654100574,2.2581410251689284e+23,3.0108547002252377e+23
1.83705,1.192,catalog,0.19,582.685382291061,19.3,841.6452850789331,0.0157,catalog,3642857735.521753,4321230.062578877,Jackson,-0.49243385201250506,-0.6147409230141662,log,0.09222499514014308,0.6959183114517079,2.227475856215101e+23,2.9699678082868014e+23
1.83705,1.192,catalog,0.19,582.685382291061,19.3,1487.3513532894306,0.0157,catalog,2188915922.7029057,45874963.581529245,Jackson,-0.31297507868302843,-0.789160672223447,GP,0.14493483523731923,0.860131037673443,3.9118968084666794e+23,5.2158624112889054e+23
1.83705,1.192,catalog,0.19,582.685382291061,19.3,850.8852261088805,0.0157,catalog,6259820964.402568,18014413.764374353,Selsis,-0.29974240056765955,-0.7840467180960549,linear,0.1494185625927871,0.5213417400432313,8.08571074280941e+23,1.0780947657079212e+24
1.83705,1.192,catalog,0.19,582.685382291061,19.3,570.1315707922777,0.0157,catalog,8576499427.891532,33070077.544661295,Selsis,-0.3251179270126837,-0.7017652877925413,linear,0.14400702943322347,0.11602102639342404,7.135782320462494e+23,9.514376427283326e+23
1.83705,1.192,catalog,0.19,582.685382291061,19.3,523.5550555080333,0.0157,catalog,5683674252.407316,92460870.73391381,Jackson,-0.3111733074388691,-0.7348651162569482,GP,0.13753814432332692,0.3847417356698932,4.6416701684219214e+23,6.188893557895895e+23
1.83705,1.192,catalog,0.19,582.685382291061,19.3,5188.834951156033,0.0157,catalog,1373260581.3873136,38740529.76921784,Selsis,-0.33313312561092906,-0.6475635941210375,GP,0.4510489579191244,0.3679096227985442,8.223856220889993e+23,1.0965141627853323e+24
1.83705,1.192,catalog,0.19,582.685382291061,19.3,1629.047837987065,0.0157,catalog,3857501398.981743,91505359.38570176,Selsis,-0.4044299612649635,-0.7145357899809889,log,0.2288839724788139,0.6073440514745938,5.6418413977393814e+23,7.522455196985841e+23
1.83705,1.192,catalog,0.19,582.685382291061,19.3,608.5744048036415,0.0157,catalog,4926148261.713536,28800174.989571825,Jackson,-0.28423101004951723,-0.7285654652757102,log,0.10202950184087346,0.7780583267378588,4.6039588732402504e+23,6.138611830987e+23
1.83705,1.192,catalog,0.19,582.685382291061,19.3,907.7137288672698,0.0157,catalog,5955667157.5826,27258520.799368802,Selsis,-0.31623511487130485,-0.625940237886301,linear,0.3680403001194983,0.4794306604132489,1.925903219680121e+24,2.567870959573494e+24
1.83705,1.192,catalog,0.19,582.685382291061,19.3,637.0091443245382,0.0157,catalog,4718634196.763693,79424126.06057666,Jackson,-0.4428453744891078,-0.6959484457972098,linear,0.33374909543161435,0.406658199298486,6.330675418581802e+23,8.440900558109069e+23
1.83705,1.192,catalog,0.19,582.685382291061,19.3,2662.800369157068,0.0157,catalog,2723162943.811689,30113041.732578184,Selsis,-0.4954972356072255,-0.6085523562914114,linear,0.09117447631911993,0.8883282831773839,2.093637692214482e+23,2.7915169229526422e+23
1.83705,1.192,catalog,0.19,582.685382291061,19.3,2279.31152611717,0.0157,catalog,3036742790.0107775,25451089.036536366,Selsis,-0.4142956175650247,-0.7834147459257131,log,0.2574486705898326,0.5451105962678607,5.675948143554482e+23,7.567930858072641e+23
1.83705,1.192,catalog,0.19,582.685382291061,19.3,5139.053295834642,0.0157,catalog,1644691054.8647132,67195875.04837249,Selsis,-0.34105450510807817,-0.7314826435893225,log,0.18930309226222386,0.27550524676566324,3.522685412334997e+23,4.6969138831133294e+23
1.83705,1.192,catalog,0.19,582.685382291061,19.3,2396.7591656923114,0.0157,catalog,2931342130.123834,22141620.957808387,Selsis,-0.3549918984840148,-0.7516005999344213,log,0.11806886478829802,0.810262065988249,3.274910234459046e+23,4.366546979278728e+23
1.83705,1.192,catalog,0.19,582.685382291061,19.3,439.70702527190303,0.0157,catalog,6727448855.766215,83227115.46296765,Jackson,-0.46206067680686524,-0.7001315053477447,GP,0.13697819251256685,0.25942273787750036,2.694343492499826e+23,3.592457989999768e+23
1.83705,1.192,catalog,0.19,582.685382291061,19.3,1182.2231091753629,0.0157,catalog,2680892990.3995085,69772285.27444167,Jackson,-0.4635424409084343,-0.7742385027877382,linear,0.20081356428369984,0.8705524466483848,3.071202738133353e+23,4.094936984177804e+23
1.83705,1.192,catalog,0.19,582.685382291061,19.3,1489.8064565257475,0.0157,catalog,4115074775.7153716,33633793.08052919,Selsis,-0.28035633929667586,-0.6083573352052701,GP,0.3991953283169627,0.6558635631510796,2.440947965711919e+24,3.2545972876158914e+24
1.83705,1.192,catalog,0.19,582.685382291061,19.3,1176.125166351042,0.0157,catalog,2693267315.8793883,47431537.52615078,Jackson,-0.4795586607911297,-0.684125723250982,linear,0.22657831614585888,0.05636593970254822,3.796784724029571e+23,5.062379632039428e+23
1.83705,1.192,catalog,0.19,582.685382291061,19.3,988.5919212303846,0.0157,catalog,3147082531.503352,64595508.90046497,Jackson,-0.49694918482689004,-0.7979501408654658,GP,0.4461992516994969,0.7741285716959514,6.841515552371564e+23,9.122020736495418e+23
1.83705,1.192,catalog,0.19,582.685382291061,19.3,683.1491775546308,0.0157,catalog,4419217241.983267,71091715.63688122,Jackson,-0.38045858375973685,-0.7557798830871177,GP,0.20438558100277923,0.412068590944064,4.4086625743786214e+23,5.878216765838162e+23
1.83705,1.192,catalog,0.19,582.685382291061,19.3,5391.520201163593,0.0157,catalog,264651442.74356568,13433817.828107543,Selsis,-0.4516915737835022,-0.7576708672573467,linear,0.2996679773718164,0.12077412866586446,9.863380220007574e+22,1.3151173626676765e+23
1.83705,1.192,catalog,0.19,582.685382291061,19.3,1487.2768589165391,0.0157,catalog,4120152935.3722534,23712456.46668739,Selsis,-0.3016313873843553,-0.7937547333123911,linear,0.2880375121321326,0.4620839215575918,1.31824444402663e+24,1.757659258702173e+24
1.83705,1.192,catalog,0.19,582.685382291061,19.3,1036.6113231606141,0.0157,catalog,5380974526.994791,98110480.50718206,Selsis,-0.32560419999063295,-0.6663874793859996,log,0.3811487011493912,0.5446406542523793,1.6234017410650833e+24,2.1645356547534443e+24
1.83705,1.192,catalog,0.19,582.685382291061,19.3,1094.2229645677528,0.0157,catalog,2872598413.597088,23859110.109437678,Jackson,-0.34823177410168404,-0.7941743254750412,linear,0.10189225907249003,0.8129382754394965,2.5089171106809307e+23,3.3452228142412405e+23
1.83705,1.192,catalog,0.19,582.685382291061,19.3,3977.274541634375,0.0157,catalog,2064632796.4082491,17325769.63420358,Selsis,-0.49464619742040716,-0.6918456480333744,GP,0.10964879832513527,0.7916732159750566,1.8175950471859374e+23,2.423460062914583e+23
1.83705,1.192,catalog,0.19,582.685382291061,19.3,319.6225108308712,0.0157,catalog,13826979149.441525,39520515.90025253,Selsis,-0.42705081527344824,-0.7194371517187589,linear,0.14959007504157074,0.3423488272572589,5.070331507942906e+23,6.760442010590541e+23
1.83705,1.192,catalog,0.19,582.685382291061,19.3,2190.7968219381537,0.0157,catalog,3122732219.2505107,75571949.3853619,Selsis,-0.331003805155373,-0.7847794952922312,GP,0.15027962811764692,0.709352287795229,4.655961595668483e+23,6.207948794224643e+23
1.83705,1.192,catalog,0.19,582.685382291061,19.3,728.9407364167752,0.0157,catalog,4159975501.9992485,11038224.318635859,Jackson,-0.4309992656971313,-0.654287919712043,GP,0.2516716253999977,0.5200879088867788,5.887452955538539e+23,7.849937274051386e+23
1.83705,1.192,catalog,0.19,582.685382291061,19.3,3626.350770306722,0.0157,catalog,2199345598.862842,34956485.15994508,Selsis,-0.3672509204003534,-0.762857932837413,GP,0.07781890556507914,0.9516780643133582,1.673788578066776e+23,2.2317181040890345e+23
1.83705,1.192,catalog,0.19,582.685382291061,19.3,459.0786894663649,0.0157,catalog,6451213521.061221,7681454.7567963265,Jackson,-0.4859760975103278,-0.635344127953687,linear,0.07804377513261343,0.9867621399451607,1.9845036928000134e+23,2.6460049237333512e+23
1.83705,1.192,catalog,0.19,582.685382291061,19.3,858.7169826770823,0.0157,catalog,6215689147.131854,19109176.509519435,Selsis,-0.36244881054340927,-0.7960382072677439,GP,0.07331454156993775,0.31730471705511587,2.5747726229549715e+23,3.433030163939962e+23
1.83705,1.192,catalog,0.19,582.685382291061,19.3,1744.7519069515517,0.0157,catalog,1904739256.1746178,96678678.01341946,Jackson,-0.36273811117238797,-0.6358158925191434,GP,0.2271372443668533,0.07248297150983729,4.403554142189414e+23,5.871405522919218e+23
1.83705,1.192,catalog,0.19,582.685382291061,19.3,1495.7078675202847,0.0157,catalog,4103287699.1760097,52471865.73695732,Selsis,-0.3827046203310746,-0.7810508748792073,GP,0.07664207397798745,0.07174727060338493,2.077128729376356e+23,2.769504972501808e+23
1.83705,1.192,catalog,0.19,582.685382291061,19.3,502.4659050975987,0.0157,catalog,5912363820.956349,95652157.10359573,Jackson,-0.387312084327253,-0.6211929579948253,GP,0.20942406572392228,0.3078302034479995,5.551095699184281e+23,7.401460932245708e+23
1.83705,1.192,catalog,0.19,582.685382291061,19.3,1048.7553315382734,0.0157,catalog,2984052674.314798,83828209.29908149,Jackson,-0.48620490279944073,-0.7422468180690155,linear,0.37038530458028013,0.5360732092167425,5.620037961044969e+23,7.493383948059959e+23
1.83705,1.192,catalog,0.19,582.685382291061,19.3,4661.158660188762,0.0157,catalog,1853487718.3646195,98557922.06680015,Selsis,-0.4337127126126055,-0.6296237509474599,GP,0.18996732968038055,0.6966082303206307,3.113253370477985e+23,4.151004493970646e+23
1.83705,1.192,catalog,0.19,582.685382291061,19.3,1387.9867023199465,0.0157,catalog,4332558977.35167,29212143.326923836,Selsis,-0.36812621891966074,-0.744271453967803,GP,0.1456344319961872,0.8797768528307517,4.4519919340290356e+23,5.935989245372047e+23
1.83705,1.192,catalog,0.19,582.685382291061,19.3,1011.3175719125744,0.0157,catalog,5483073034.085256,52691004.80723006,Selsis,-0.4990421952248278,-0.6142199706671627,GP,0.06412575774117228,0.21395066123731854,1.9152294482364156e+23,2.5536392643152207e+23
1.83705,1.192,catalog,0.19,582.685382291061,19.3,901.9518732429793,0.0157,catalog,3419682951.622697,52282220.190400526,Jackson,-0.32819097850159673,-0.706211447179013,linear,0.22842910127406513,0.8141385427005358,6.428028313619596e+23,8.570704418159461e+23
1.83705,1.192,catalog,0.19,582.685382291061,19.3,530.5019200854977,0.0157,catalog,5612436223.195295,52543184.23363601,Jackson,-0.4724293995962092,-0.7404089298560124,GP,0.14114115841730157,0.10301589039144488,2.639439028438648e+23,3.519252037918197e+23
1.83705,1.192,catalog,0.19,582.685382291061,19.3,1075.8983371776476,0.0157,catalog,5231167391.760201,4891243.457383642,Selsis,-0.48102016144155846,-0.785708868641269,log,0.15395363701433168,0.057549178708853344,3.791894411096497e+23,5.055859214795329e+23
1.83705,1.192,catalog,0.19,582.685382291061,19.3,1543.5677368932666,0.0157,catalog,2119014240.3575587,61277531.46447165,Jackson,-0.40180560913933633,-0.7182571841238791,linear,0.16002445432539722,0.7755022380251674,2.7173661375775125e+23,3.62315485010335e+23
1.83705,1.192,catalog,0.19,582.685382291061,19.3,346.2384752682087,0.0157,catalog,8517766083.345822,70786950.4810726,Jackson,-0.2917362842659872,-0.7383442395314461,linear,0.2313012838020444,0.31807324296986883,1.0293572566474591e+24,1.372476342196612e+24
1.83705,1.192,catalog,0.19,582.685382291061,19.3,1234.3263909547566,0.0157,catalog,4721365865.003228,89331077.51245427,Selsis,-0.4863944512121065,-0.730342993282982,linear,0.446277485934175,0.6040439784900671,9.99176501755844e+23,1.3322353356744586e+24
1.83705,1.192,catalog,0.19,582.685382291061,19.3,506.2605029859636,0.0157,catalog,9438055170.092987,79857594.43548016,Selsis,-0.38639083984580935,-0.6029005115264696,log,0.09839547042425863,0.9269381131616198,4.382078714983451e+23,5.842771619977934e+23
1.83705,1.192,catalog,0.19,582.685382291061,19.3,526.62189738044,0.0157,catalog,5651986531.664698,37680327.066941306,Jackson,-0.3184080162255914,-0.7716050643955262,linear,0.15602703645305704,0.3379034090088672,5.322261131303361e+23,7.096348175071148e+23
1.83705,1.192,catalog,0.19,582.685382291061,19.3,691.4154528414791,0.0157,catalog,7358999527.608045,28126455.776194945,Selsis,-0.4627838159528718,-0.725087752116728,log,0.08044909415518324,0.44949117759680035,2.213138799658892e+23,2.9508517328785225e+23
1.83705,1.192,catalog,0.19,582.685382291061,19.3,661.3791307153004,0.0157,catalog,4555209836.092986,58421008.524794616,Jackson,-0.4443409286963232,-0.7730357958969946,linear,0.3574535430615405,0.31704843383784087,6.515577283366548e+23,8.687436377822064e+23
1.83705,1.192,catalog,0.19,582.685382291061,19.3,489.93297073926664,0.0157,catalog,9692573754.778082,93927784.15788817,Selsis,-0.3542747995495529,-0.6290660810843469,GP,0.05174797100976073,0.3763204269196917,2.4148951949366446e+23,3.219860259915526e+23
1.83705,1.192,catalog,0.19,582.685382291061,19.3,1271.3894869714939,0.0157,catalog,2513263258.198245,9165252.80734099,Jackson,-0.38135769532161157,-0.7506695526228194,linear,0.08785911133308213,0.7022393725700894,1.9283309763798743e+23,2.571107968506499e+23
1.83705,1.192,catalog,0.19,582.685382291061,19.3,926.048791184173,0.0157,catalog,5864930731.509795,37757762.13439519,Selsis,-0.35390339298530044,-0.6319234775655994,linear,0.45129550853626565,0.7925529707000837,1.8512100092878542e+24,2.4682800123838056e+24
1.83705,1.192,catalog,0.19,582.685382291061,19.3,555.8182153127749,0.0157,catalog,8753180004.148802,60442811.59325591,Selsis,-0.40714129099896185,-0.7663229638113995,linear,0.08280402485241582,0.910127553899457,2.5661522873470412e+23,3.421536383129388e+23
1.83705,1.192,catalog,0.19,582.685382291061,19.3,1031.1512307088058,0.0157,catalog,3029809547.8791127,13671524.203758996,Jackson,-0.3860857779731054,-0.6509198353299382,log,0.48396532611373194,0.24725835532869866,1.1699155397655512e+24,1.5598873863540683e+24
1.83705,1.192,catalog,0.19,582.685382291061,19.3,473.60431395087363,0.0157,catalog,6259438367.776535,73770141.04149683,Jackson,-0.3037785727001903,-0.6567522919708769,log,0.12280868927713604,0.4827555477319304,4.888984117091846e+23,6.518645489455794e+23
1.83705,1.192,catalog,0.19,582.685382291061,19.3,2536.762628709393,0.0157,catalog,2817001227.0418897,75520238.8363524,Selsis,-0.30345667280809735,-0.7434200631931241,GP,0.12314139774363798,0.8026577849113702,4.4587403526276605e+23,5.9449871368368805e+23
1.83705,1.192,catalog,0.19,582.685382291061,19.3,333.4054809178835,0.0157,catalog,8846512166.748552,57321416.29845954,Jackson,-0.46467545775334046,-0.6448411088078619,GP,0.21118960146368107,0.9856828155638006,5.115985516167702e+23,6.821314021556935e+23
1.83705,1.192,catalog,0.19,582.685382291061,19.3,497.95784765567356,0.0157,catalog,9565485431.954296,13448867.657137744,Selsis,-0.3155888160853438,-0.6162389825624093,GP,0.41080888713539954,0.5350102049187628,2.586698003733101e+24,3.4489306716441346e+24
1.83705,1.192,catalog,0.19,582.685382291061,19.3,1399.23688711107,0.0157,catalog,4307132067.791681,83958405.29823765,Selsis,-0.48959427604128064,-0.7898860676983174,log,0.27017898095801096,0.4824839784788296,5.6771243658860694e+23,7.569499154514758e+23
1.83705,1.192,catalog,0.19,582.685382291061,19.3,390.8354853180936,0.0157,catalog,7551584449.891628,7601580.3708769735,Jackson,-0.3337419474981701,-0.785190334669534,linear,0.1314173025639869,0.8787226658679547,4.6541752256681195e+23,6.205566967557492e+23
1.83705,1.192,catalog,0.19,582.685382291061,19.3,877.5222742562815,0.0157,catalog,3506209150.93247,98924044.03989686,Jackson,-0.39944082819539667,-0.6868879140399132,log,0.19236916022966202,0.8094945145207362,3.7035980505093515e+23,4.9381307340124686e+23
1.83705,1.192,catalog,0.19,582.685382291061,19.3,261.25290173543425,0.0157,catalog,11343803349.527058,53859310.655735135,Jackson,-0.32920585612659387,-0.7861392148930602,linear,0.07193666715068883,0.5523480329612112,2.5469379403818813e+23,3.395917253842508e+23
1.83705,1.192,catalog,0.19,582.685382291061,19.3,1178.9491094213943,0.0157,catalog,4883800223.524668,50787743.91902226,Selsis,-0.34360027158285567,-0.7722728744128369,GP,0.1316274667797717,0.1476931665938449,4.6455119041313315e+23,6.194015872175108e+23
1.83705,1.192,catalog,0.19,582.685382291061,19.3,819.685292588232,0.0157,catalog,3732417673.862141,34774288.750829704,Jackson,-0.33073126436193256,-0.7147826910295517,linear,0.3521584333988338,0.9094683103337933,1.0288020140874406e+24,1.371736018783254e+24
1.83705,1.192,catalog,0.19,582.685382291061,19.3,1319.0551651564806,0.0157,catalog,2432765857.546702,55192606.2902637,Jackson,-0.34253970657717847,-0.7040339446573922,log,0.2571427261392947,0.3407509392614816,5.972686416603742e+23,7.963581888804989e+23
1.83705,1.192,catalog,0.19,582.685382291061,19.3,1893.8854274463038,0.0157,catalog,3462416335.2972775,87837603.85875471,Selsis,-0.29078388303964436,-0.6352212698672165,GP,0.12345242318884704,0.26146479073917084,5.8939024677853095e+23,7.858536623713745e+23
1.83705,1.192,catalog,0.19,582.685382291061,19.3,1393.7041023719855,0.0157,catalog,2317520478.5454817,39661054.67264252,Jackson,-0.39936028875409707,-0.7819265736315166,GP,0.47264062596502515,0.5848756282645408,8.478878260158345e+23,1.130517101354446e+24
1.83705,1.192,catalog,0.19,582.685382291061,19.3,5188.834951156033,0.0157,catalog,1215446068.7696218,37794320.451433904,Selsis,-0.3580704035407295,-0.6839000318455078,log,0.07694086553971922,0.1597233154145008,1.0527178938369179e+23,1.4036238584492238e+23
1.83705,1.192,catalog,0.19,582.685382291061,19.3,1178.3473731381098,0.0157,catalog,4885641140.23063,89015844.82542925,Selsis,-0.3111872917842789,-0.7787759855185185,linear,0.453166813865449,0.9755391208510898,1.95064856704302e+24,2.60086475605736e+24
1.83705,1.192,catalog,0.19,582.685382291061,19.3,1869.544071455012,0.0157,catalog,1794293734.3124857,28289808.973086096,Jackson,-0.34018454947965915,-0.7441322466180654,GP,0.16011648106662865,0.7931282296950621,3.5844784472705244e+23,4.779304596360699e+23
1.83705,1.192,catalog,0.19,582.685382291061,19.3,3775.99231391044,0.0157,catalog,990741253.6338986,37196477.57938666,Jackson,-0.33052227263714856,-0.6449113010255708,log,0.1655121688881104,0.24104714390174353,3.1833937865388546e+23,4.244525048718473e+23
1.83705,1.192,catalog,0.19,582.685382291061,19.3,446.0546527324085,0.0157,catalog,6634187865.020336,7616753.743204128,Jackson,-0.28895822941358335,-0.6586755418530399,linear,0.3138497413185521,0.7737498467344545,1.6294781447502017e+24,2.1726375263336023e+24
1.83705,1.192,catalog,0.19,582.685382291061,19.3,4223.267717861754,0.0157,catalog,1981882394.1968956,21301146.226457894,Selsis,-0.2914027534364172,-0.7286792265317033,log,0.14609699538654447,0.9786205288405371,4.953816976884435e+23,6.605089302512579e+23
1.83705,1.192,catalog,0.19,582.685382291061,19.3,3897.932787422945,0.0157,catalog,2093244593.9412122,21021741.894685898,Selsis,-0.3477684466744589,-0.6105160374661465,linear,0.32122445672245886,0.04892673983797502,8.753206306554632e+23,1.1670941742072842e+24
1.83705,1.192,catalog,0.19,582.685382291061,19.3,1474.6605978983023,0.0157,catalog,2205412381.259101,82229829.14270271,Jackson,-0.31746945380058283,-0.7264727780118799,GP,0.3217672137921329,0.1212067508549397,7.996318614709568e+23,1.066175815294609e+24
1.83705,1.192,catalog,0.19,582.685382291061,19.3,441.0114546426435,0.0157,catalog,6708056000.436906,97660253.93431933,Jackson,-0.3008149407645443,-0.6940807859125283,linear,0.2358752143036036,0.23430522146346466,9.169566680036332e+23,1.2226088906715108e+24
1.83705,1.192,catalog,0.19,582.685382291061,19.3,5188.834951156033,0.0157,catalog,988213644.1115749,10422548.826545874,Selsis,-0.48176899830298436,-0.6239640752900644,log,0.08524836683806752,0.9799392447757451,8.758861082474749e+22,1.1678481443299664e+23
1.83705,1.192,catalog,0.19,582.685382291061,19.3,369.7926801381495,0.0157,catalog,7976911702.312419,31294538.9301983,Jackson,-0.37728317384635357,-0.6923734001000263,GP,0.4335719616508953,0.3955524329991035,1.2187958108971405e+24,1.6250610811961872e+24
1.83705,1.192,catalog,0.19,582.685382291061,19.3,496.3743240731437,0.0157,catalog,9590252071.505741,14970760.043200752,Selsis,-0.4125221262351267,-0.7529748177550235,GP,0.09032401435237057,0.718907061482405,2.943901812764909e+23,3.9252024170198786e+23
1.83705,1.192,catalog,0.19,582.685382291061,19.3,920.4851115118245,0.0157,catalog,3357088405.999295,72561912.03430906,Jackson,-0.47432851005105114,-0.7916594726447765,linear,0.12971997118452933,0.4802290259597516,2.0444487788987885e+23,2.7259317051983847e+23
1.83705,1.192,catalog,0.19,582.685382291061,19.3,3138.4683938909993,0.0157,catalog,2429425671.8017073,45414424.06024641,Selsis,-0.4226311715310079,-0.7033840815751456,log,0.3419751977185044,0.46595091047083115,6.643874361362595e+23,8.85849914848346e+23
1.83705,1.192,catalog,0.19,582.685382291061,19.3,582.5374178936183,0.0157,catalog,5134154193.536873,39074561.95166085,Jackson,-0.3802152908954001,-0.7531376428207881,log,0.33316185322429387,0.8456456106603898,7.875637545623273e+23,1.0500850060831031e+24
1.83705,1.192,catalog,0.19,582.685382291061,19.3,369.65059733591767,0.0157,catalog,7979956687.49064,80633043.53586137,Jackson,-0.4720602139767826,-0.7977136472151075,linear,0.09110405383175263,0.2380497960848338,1.6839822369619582e+23,2.2453096492826107e+23
1.83705,1.192,catalog,0.19,582.685382291061,19.3,4158.774118978358,0.0157,catalog,2002756511.5758939,63658010.72967469,Selsis,-0.4868456556394404,-0.6846750072858718,log,0.1472747100636194,0.11526206185090515,2.260084743033798e+23,3.0134463240450642e+23
1.83705,1.192,catalog,0.19,582.685382291061,19.3,1268.6701484038383,0.0157,catalog,2518034028.947517,50095161.471539155,Jackson,-0.37762534577185664,-0.7696449941517437,linear,0.05276355120594755,0.6969800007278614,1.0258346097155542e+23,1.3677794796207389e+23
1.83705,1.192,catalog,0.19,582.685382291061,19.3,4512.068325860767,0.0157,catalog,1894781190.7490523,13304482.594802277,Selsis,-0.4712070500943654,-0.6783859417104693,GP,0.3062585947864357,0.7317422333490106,5.0009056707306147e+23,6.667874227640819e+23
1.83705,1.192,catalog,0.19,582.685382291061,19.3,1833.8876337441973,0.0157,catalog,1824371026.2427888,37715795.5711602,Jackson,-0.4255707025059711,-0.6207453166647687,GP,0.08118349624790651,0.5788338504413854,1.4961042223083846e+23,1.9948056297445128e+23
1.83705,1.192,catalog,0.19,582.685382291061,19.3,1128.5253920360763,0.0157,catalog,2794374010.647726,4462744.720312842,Jackson,-0.43287191061098346,-0.7513179238927697,GP,0.08581962273237845,0.6567204408255538,1.7269154852238195e+23,2.302553980298426e+23
1.83705,1.192,catalog,0.19,582.685382291061,19.3,4938.138658915491,0.0157,catalog,1782522107.9927878,27428941.96594493,Selsis,-0.49320696676956366,-0.6079526995480011,log,0.36213454329183076,0.2567143621655481,6.200421932067818e+23,8.26722924275709e+23
1.83705,1.192,catalog,0.19,582.685382291061,19.3,377.5730976745048,0.0157,catalog,7813846421.565508,91659059.87300406,Jackson,-0.49589485106231196,-0.7307643336978465,GP,0.07318513852204638,0.5107568713992608,1.3519594744238779e+23,1.8026126325651703e+23
1.83705,1.192,catalog,0.19,582.685382291061,19.3,537.5659845629833,0.0157,catalog,8991427487.862095,30811967.167452343,Selsis,-0.4753719508047296,-0.7945993522817434,linear,0.16386901677753316,0.8942514109642516,4.401287360617571e+23,5.868383147490094e+23
1.83705,1.192,catalog,0.19,582.685382291061,19.3,2087.2051938980153,0.0157,catalog,3231508498.407975,62236668.77581736,Selsis,-0.4259128440522407,-0.7278030903931102,log,0.12861088502964807,0.15532873459391872,2.7951439967778298e+23,3.72685866237044e+23
1.83705,1.192,catalog,0.19,582.685382291061,19.3,633.4485502565398,0.0157,catalog,4743581144.44907,77774578.90367264,Jackson,-0.2917513796052099,-0.6541921927872693,log,0.13602951399816995,0.11325630054975733,5.517253873862784e+23,7.356338498483712e+23
1.83705,1.192,catalog,0.19,582.685382291061,19.3,1038.8497477839312,0.0157,catalog,5372159565.986566,34526418.71534584,Selsis,-0.3996483477283107,-0.7278426621357299,linear,0.07823092821657524,0.555752457440906,2.276243770018992e+23,3.034991693358656e+23
1.83705,1.192,catalog,0.19,582.685382291061,19.3,1107.5242621488337,0.0157,catalog,5117681063.656914,15435301.379974294,Selsis,-0.29151639760122416,-0.7560262264458864,GP,0.21286439891508477,0.6763085218142848,1.1720980324510079e+24,1.5627973766013437e+24
1.83705,1.192,catalog,0.19,582.685382291061,19.3,604.8950306501123,0.0157,catalog,4954452202.15381,21188674.35319156,Jackson,-0.4564527265849182,-0.76215151781108,linear,0.22841365892815468,0.7746364071125081,4.527226187605653e+23,6.036301583474204e+23
1.83705,1.192,catalog,0.19,582.685382291061,19.3,2335.9633397266944,0.0157,catalog,2984735587.8754053,55372260.183607675,Selsis,-0.46277122921884967,-0.7590260594595097,linear,0.10298657141652742,0.7805629056897753,1.988879441293871e+23,2.6518392550584948e+23
1.83705,1.192,catalog,0.19,582.685382291061,19.3,898.0851753085223,0.0157,catalog,3433066240.8559813,6878774.973643595,Jackson,-0.4225222939132376,-0.6427328834280598,log,0.330233590661941,0.8449041361609589,7.859192316393174e+23,1.0478923088524232e+24
1.83705,1.192,catalog,0.19,582.685382291061,19.3,2816.419718150236,0.0157,catalog,1265540567.2918193,12790033.754233351,Jackson,-0.4598556979180382,-0.7681405619541954,GP,0.24421961495718014,0.7999082989905218,3.559652885316774e+23,4.7462038470890314e+23
1.83705,1.192,catalog,0.19,582.685382291061,19.3,970.3227275612106,0.0157,catalog,3200546147.967816,96270014.31458296,Jackson,-0.30311791954319883,-0.6713104615686422,linear,0.07087530563481542,0.1731605317402648,2.245230200811876e+23,2.9936402677491677e+23
1.83705,1.192,catalog,0.19,582.685382291061,19.3,1214.1599999128018,0.0157,catalog,2618078258.1426735,56619256.713110976,Jackson,-0.2855887798941375,-0.6804307750933944,GP,0.3270565406880401,0.8732553693377799,1.1842893695547253e+24,1.5790524927396336e+24
1.83705,1.192,catalog,0.19,582.685382291061,19.3,1436.8679709777525,0.0157,catalog,4224690490.0429688,24750172.36873866,Selsis,-0.40118726489867335,-0.6845257838522325,GP,0.056729827268088236,0.4941230850250289,1.593360048497949e+23,2.1244800646639318e+23
1.83705,1.192,catalog,0.19,582.685382291061,19.3,650.8900395961487,0.0157,catalog,7718156325.988603,27761887.113433823,Selsis,-0.4228761455667328,-0.6797144201857948,log,0.19143552715838058,0.5516588211393146,6.132313583859257e+23,8.176418111812342e+23
1.83705,1.192,catalog,0.19,582.685382291061,19.3,2756.773268321009,0.0157,catalog,2658122494.9573054,99596674.78702094,Selsis,-0.4976363433496905,-0.7500985881181521,GP,0.07283959600419716,0.14523156001248705,1.2342284612653738e+23,1.6456379483538317e+23
1.83705,1.192,catalog,0.19,582.685382291061,19.3,687.7660274398247,0.0157,catalog,4391497324.964261,53147214.25869857,Jackson,-0.4402254324036784,-0.6940587296362484,log,0.09905208047790869,0.5726863424612622,1.938711269516983e+23,2.584948359355977e+23
1.83705,1.192,catalog,0.19,582.685382291061,19.3,455.2182110207067,0.0157,catalog,10291684945.357626,12669630.123143112,Selsis,-0.45030315012382405,-0.7584756758199984,linear,0.35115625154037505,0.8105618432015769,1.054848029280286e+24,1.4064640390403812e+24
1.83705,1.192,catalog,0.19,582.685382291061,19.3,859.6247061998617,0.0157,catalog,3572942336.477615,21520478.71110111,Jackson,-0.42765979444350416,-0.7737414153113424,GP,0.0682205344341491,0.23267756718906596,1.3315295461668076e+23,1.77537272822241e+23
1.83705,1.192,catalog,0.19,582.685382291061,19.3,2092.2956101552118,0.0157,catalog,3225941127.1942835,76406362.31675026,Selsis,-0.43077979054507626,-0.65755587374334,linear,0.08512144409783373,0.8865017681943747,1.9607064312110327e+23,2.6142752416147102e+23
1.83705,1.192,catalog,0.19,582.685382291061,19.3,1462.7301294220874,0.0157,catalog,4170248830.1584044,67459491.7318346,Selsis,-0.2979859803455449,-0.7063717232516433,linear,0.10594496805076914,0.13289453456783706,4.9518343219359164e+23,6.602445762581222e+23
1.83705,1.192,catalog,0.19,582.685382291061,19.3,599.1732287784649,0.0157,catalog,8242660263.629578,47467557.56506361,Selsis,-0.4080027073959618,-0.7009793198181559,GP,0.16632910641791027,0.4437273081104941,5.3930827711034345e+23,7.190777028137913e+23
1.83705,1.192,catalog,0.19,582.685382291061,19.3,3027.8650986106327,0.0157,catalog,1190878966.675628,32013597.623450357,Jackson,-0.3103116450026463,-0.798391750187618,GP,0.09729851075374743,0.4587745567926642,2.2211976457639205e+23,2.9615968610185605e+23
1.83705,1.192,catalog,0.19,582.685382291061,19.3,733.2441145123329,0.0157,catalog,4137293013.6961203,72628833.31974782,Jackson,-0.3296582823069756,-0.6284839503328926,linear,0.25606135147055814,0.7645787551072196,8.002060744366005e+23,1.066941432582134e+24
1.83705,1.192,catalog,0.19,582.685382291061,19.3,1267.7829489646329,0.0157,catalog,2519594853.742286,24443413.69203375,Jackson,-0.33494484384651985,-0.794827751203086,GP,0.11984860111103302,0.6729031003660628,3.072533446235154e+23,4.096711261646872e+23
1.83705,1.192,catalog,0.19,582.685382291061,19.3,618.4641690935941,0.0157,catalog,8037336717.807888,37643058.4293274,Selsis,-0.3927647302138021,-0.7615374907004345,GP,0.15547211419309356,0.4430309547859369,5.06274844339043e+23,6.750331257853906e+23
1.83705,1.192,catalog,0.19,582.685382291061,19.3,1764.52105352159,0.0157,catalog,1886238485.290751,89718441.20660226,Jackson,-0.4996540337916143,-0.6755847262133341,GP,0.06505224484733099,0.8321757512984943,8.97730244447472e+22,1.196973659263296e+23
1.83705,1.192,catalog,0.19,582.685382291061,19.3,2586.2572473504606,0.0157,catalog,2779193590.5189147,29533385.74487939,Selsis,-0.4743371642721179,-0.7086106670644507,linear,0.20670671275074928,0.8681168656167926,4.033910801326368e+23,5.378547735101824e+23
1.83705,1.192,catalog,0.19,582.685382291061,19.3,1732.0065425722642,0.0157,catalog,1916883112.2362106,50414590.81089897,Jackson,-0.417395228549454,-0.6975123013074793,linear,0.3003984068298464,0.6962931751115666,4.928037171024834e+23,6.570716228033111e+23
1.83705,1.192,catalog,0.19,582.685382291061,19.3,1254.907491279983,0.0157,catalog,2542489458.831926,17505131.930387918,Jackson,-0.28029178753108774,-0.6448129664824703,log,0.06146299895169019,0.9442170448879409,2.618095160668465e+23,3.490793547557953e+23
1.83705,1.192,catalog,0.19,582.685382291061,19.3,296.47296228027307,0.0157,catalog,9962344823.396273,2166232.942706401,Jackson,-0.49489023557792255,-0.6884005127885675,GP,0.22223822479990163,0.71428656003939,5.6628907536006027e+23,7.550521004800803e+23
1.83705,1.192,catalog,0.19,582.685382291061,19.3,2467.2173113043586,0.0157,catalog,1415303956.4700003,42320370.09999149,Jackson,-0.37984781535874956,-0.6802506557719414,log,0.24304473245235175,0.7908740273322351,4.137464483829272e+23,5.516619311772362e+23
1.83705,1.192,catalog,0.19,582.685382291061,19.3,700.7649066482822,0.0157,catalog,4315435723.347797,16386119.442739775,Jackson,-0.42149798958805457,-0.6445497673425188,linear,0.13631572420512564,0.44431523419229446,3.277524024314077e+23,4.3700320324187694e+23
1.83705,1.192,catalog,0.19,582.685382291061,19.3,5188.834951156033,0.0157,catalog,476312719.5268837,78452910.0658191,Selsis,-0.3517065285271748,-0.6286398270599144,GP,0.0757101333316198,0.7666181013339841,4.011018183794573e+22,5.348024245059431e+22
1.83705,1.192,catalog,0.19,582.685382291061,19.3,1964.3096857523042,0.0157,catalog,3373637254.0188584,12179440.315816497,Selsis,-0.2871808505085369,-0.6440360324082639,GP,0.1021864590880934,0.46657283477167444,5.305993577703299e+23,7.074658103604399e+23
1.83705,1.192,catalog,0.19,582.685382291061,19.3,1416.2359662207816,0.0157,catalog,2285065109.673017,89999829.91622739,Jackson,-0.3544835373925122,-0.7718386002697003,GP,0.14442725151146596,0.10154335436137008,2.8214146225853867e+23,3.761886163447182e+23
1.83705,1.192,catalog,0.19,582.685382291061,19.3,663.3837818445822,0.0157,catalog,7603033695.485966,68565749.07479025,Selsis,-0.46938893565073375,-0.7466685406489009,linear,0.32999509910619546,0.16997090669561188,8.623221017991669e+23,1.1497628023988892e+24
1.83705,1.192,catalog,0.19,582.685382291061,19.3,4171.455780935112,0.0157,catalog,1998607827.7701445,6697763.945433769,Selsis,-0.456644626602818,-0.7121380775446966,linear,0.06479638060200475,0.838305393811717,1.1108053411641285e+23,1.481073788218838e+23
1.83705,1.192,catalog,0.19,582.685382291061,19.3,960.1361974479125,0.0157,catalog,3231231652.5279036,30807525.14551379,Jackson,-0.3374021901185291,-0.6122673915119317,log,0.07944761493431425,0.2764371246396895,2.463178334170335e+23,3.28423777889378e+23
1.83705,1.192,catalog,0.19,582.685382291061,19.3,626.9819137472581,0.0157,catalog,7950479694.954648,22775951.014708113,Selsis,-0.39878266604508567,-0.722223508813777,log,0.2279378341897448,0.18006261918041455,7.545228891672084e+23,1.0060305188896112e+24
1.83705,1.192,catalog,0.19,582.685382291061,19.3,2063.9772681927266,0.0157,catalog,3257220994.4945116,99581210.73202062,Selsis,-0.3635863873899397,-0.7539748177489352,linear,0.051437028527892274,0.43581568055552944,1.3415393550537173e+23,1.788719140071623e+23
1.83705,1.192,catalog,0.19,582.685382291061,19.3,962.7103005272329,0.0157,catalog,5693103464.195526,38385763.50471423,Selsis,-0.4602320144431185,-0.6025321241766883,log,0.1832806031176336,0.6359582266879442,6.09669695461515e+23,8.128929272820199e+23
1.83705,1.192,catalog,0.19,582.685382291061,19.3,2949.2360296079105,0.0157,catalog,2536331393.290265,11259118.700847777,Selsis,-0.46084506222894134,-0.6336315217729073,log,0.09329522211971894,0.6791417189212438,2.0485706321897273e+23,2.731427509586303e+23
1.83705,1.192,catalog,0.19,582.685382291061,19.3,958.61338531123,0.0157,catalog,5711702291.890243,78177330.77466352,Selsis,-0.28726506895504567,-0.6652501069117076,linear,0.40961487331989505,0.9192925880205643,2.4130721402016254e+24,3.2174295202688336e+24
1.83705,1.192,catalog,0.19,582.685382291061,19.3,1256.8884210459992,0.0157,catalog,4658911720.125336,26958570.6636264,Selsis,-0.4457981620574491,-0.7488248154868292,GP,0.06561394163601651,0.04024506713038434,1.610067570792275e+23,2.1467567610563662e+23
1.83705,1.192,catalog,0.19,582.685382291061,19.3,768.0447781232656,0.0157,catalog,3963272059.743252,23185759.99538175,Jackson,-0.4280027987751459,-0.6521440525174257,log,0.08870132729862693,0.5384036196827753,1.984141117249769e+23,2.6455214896663585e+23
1.83705,1.192,catalog,0.19,582.685382291061,19.3,975.5542052889103,0.0157,catalog,3185033895.223094,12375930.33822286,Jackson,-0.4276147740950304,-0.6210816663426633,log,0.41541684691181596,0.23013810278859803,9.821794104392028e+23,1.3095725472522703e+24
1.83705,1.192,catalog,0.19,582.685382291061,19.3,994.5815097179477,0.0157,catalog,5553252343.673254,84800158.48330013,Selsis,-0.44008871730196214,-0.611401737057694,GP,0.17587704425054368,0.31299721156852955,5.600249854563536e+23,7.466999806084714e+23
1.83705,1.192,catalog,0.19,582.685382291061,19.3,5188.834951156033,0.0157,catalog,1546085450.040181,40530655.03818881,Selsis,-0.2937680350634953,-0.6545845537649205,log,0.30768774230025964,0.0543040070731271,8.199878450755072e+23,1.0933171267673429e+24
1.83705,1.192,catalog,0.19,582.685382291061,19.3,2967.338496740496,0.0157,catalog,2525590006.8285527,98439149.16901168,Selsis,-0.48946102514713435,-0.6853739824535879,linear,0.06786431824545522,0.6645436914548667,1.186959407629798e+23,1.582612543506397e+23
1.83705,1.192,catalog,0.19,582.685382291061,19.3,3142.9494163732334,0.0157,catalog,2427030830.8743577,32154670.57687821,Selsis,-0.44355336087236374,-0.6028651180506489,GP,0.34809520233911706,0.9620730861238809,8.006769994860354e+23,1.0675693326480472e+24
1.83705,1.192,catalog,0.19,582.685382291061,19.3,1025.511521835524,0.0157,catalog,3044796577.8238196,12122777.671525221,Jackson,-0.4875062838019436,-0.6414307855381344,linear,0.14664706862553925,0.11962372773588426,3.013513952526583e+23,4.018018603368777e+23
1.83705,1.192,catalog,0.19,582.685382291061,19.3,682.7956987654751,0.0157,catalog,7432035544.630693,26559619.73821295,Selsis,-0.36725747577805173,-0.7433371341817038,log,0.1979515785140191,0.09087791535163281,7.206151810386961e+23,9.608202413849281e+23
1.83705,1.192,catalog,0.19,582.685382291061,19.3,609.0581676807168,0.0157,catalog,4922452793.724299,16119506.290868336,Jackson,-0.4798316244200047,-0.6284822699667415,GP,0.06873413337113786,0.7470508047579982,1.628420356814232e+23,2.171227142418976e+23
1.83705,1.192,catalog,0.19,582.685382291061,19.3,285.63081474084015,0.0157,catalog,10348668387.40478,33371974.526858862,Jackson,-0.4357924638345804,-0.6446120835526159,linear,0.43736697214475945,0.9471140213249261,1.1982178730181182e+24,1.5976238306908242e+24
1.83705,1.192,catalog,0.19,582.685382291061,19.3,1229.2335654032993,0.0157,catalog,2589543597.878537,77179139.3277015,Jackson,-0.29071418697601126,-0.6528905649589657,linear,0.08746334736488756,0.4076756135982419,2.9812103446400033e+23,3.974947126186671e+23
1.83705,1.192,catalog,0.19,582.685382291061,19.3,313.01078295935673,0.0157,catalog,9428011334.01978,82078334.84718964,Jackson,-0.4695076596731738,-0.6729628695374346,linear,0.3691640242121632,0.42868759302494175,8.126156308890053e+23,1.083487507852007e+24
1.83705,1.192,catalog,0.19,582.685382291061,19.3,2732.684964614924,0.0157,catalog,2674420248.8687325,68460464.27906805,Selsis,-0.3783780395111933,-0.6121163285488128,linear,0.11308124616503228,0.9132585415967036,3.010407223445102e+23,4.013876297926802e+23
1.83705,1.192,catalog,0.19,582.685382291061,19.3,2864.764606330349,0.0157,catalog,2588019955.503642,79101497.28423105,Selsis,-0.46284086714338946,-0.7146962099460106,log,0.07013236665755537,0.34773226665499324,1.263231897503786e+23,1.6843091966717144e+23
1.83705,1.192,catalog,0.19,582.685382291061,19.3,1889.8161024717174,0.0157,catalog,3467725480.8581266,45288581.94203457,Selsis,-0.48119574727270553,-0.6378020394667905,log,0.08228893405606556,0.9445900089948657,1.9495371416155677e+23,2.5993828554874235e+23
1.83705,1.192,catalog,0.19,582.685382291061,19.3,1203.370023538671,0.0157,catalog,2638934426.1227627,21079776.543830585,Jackson,-0.4761141117622433,-0.619599918614534,GP,0.18236303742120905,0.32684120577827724,3.7203662010348826e+23,4.9604882680465096e+23
1.83705,1.192,catalog,0.19,582.685382291061,19.3,644.8140799178159,0.0157,catalog,4664929099.498378,34817595.04626814,Jackson,-0.30000789781228815,-0.6691095634280637,linear,0.4772865220642551,0.06395959376683003,1.902637961560252e+24,2.536850615413669e+24
1.83705,1.192,catalog,0.19,582.685382291061,19.3,1094.8364644458497,0.0157,catalog,2871156973.878157,62753409.02728094,Jackson,-0.44054831053063703,-0.754808276900474,linear,0.3690173777613031,0.7166512490005796,6.0904796599593e+23,8.1206395466124e+23
1.83705,1.192,catalog,0.19,582.685382291061,19.3,497.6786935173698,0.0157,catalog,5967058518.413303,92598535.67152694,Jackson,-0.34236062484058927,-0.6267666961190355,linear,0.27625879691155747,0.8835872215831592,8.757544730496205e+23,1.1676726307328273e+24
1.83705,1.192,catalog,0.19,582.685382291061,19.3,884.0923227747107,0.0157,catalog,3482471129.087116,20602349.708978783,Jackson,-0.4221741422472991,-0.6199518139511863,linear,0.46589836549570607,0.13012981679117896,1.1098208559234802e+24,1.479761141231307e+24
1.83705,1.192,catalog,0.19,582.685382291061,19.3,404.800641570264,0.0157,catalog,7294863570.640661,66112143.38723455,Jackson,-0.4653521888313994,-0.6614148292580181,log,0.10923344667970515,0.34482696812660585,2.391509033018225e+23,3.1886787106909667e+23
1.83705,1.192,catalog,0.19,582.685382291061,19.3,1232.125425384685,0.0157,catalog,4727569103.193741,94368241.07450086,Selsis,-0.4530212146752019,-0.6025427443377582,log,0.20839616732659097,0.08000540703793935,6.294794357590439e+23,8.393059143453919e+23
1.83705,1.192,catalog,0.19,582.685382291061,19.3,5188.834951156033,0.0157,catalog,1366506933.7922168,19187658.591206882,Selsis,-0.3432470866330118,-0.7317044868330307,GP,0.14501716689904892,0.09238614508568688,2.4413608806494977e+23,3.255147840865997e+23
1.83705,1.192,catalog,0.19,582.685382291061,19.3,5188.834951156033,0.0157,catalog,1168480430.3631678,6118998.374528205,Selsis,-0.43309047208422996,-0.7253903040654909,log,0.10974042406036837,0.22971991512557133,1.236101127454418e+23,1.6481348366058906e+23
1.83705,1.192,catalog,0.19,582.685382291061,19.3,2609.9816544245905,0.0157,catalog,2761518500.821,43080940.445742995,Selsis,-0.43775384422229807,-0.605681804469302,log,0.41175649027293965,0.09766228070804328,1.00979574893376e+24,1.34639433191168e+24
1.83705,1.192,catalog,0.19,582.685382291061,19.3,5188.834951156033,0.0157,catalog,1471322378.5996208,8749734.592446508,Selsis,-0.31799454166257735,-0.6141519329339553,GP,0.05136459879070888,0.9842072884302479,1.2600343573625819e+23,1.680045809816776e+23
1.83705,1.192,catalog,0.19,582.685382291061,19.3,694.5916062861894,0.0157,catalog,7332516805.457963,56956856.820186324,Selsis,-0.45536642815542155,-0.7106395974148098,log,0.06441111588754421,0.1008916730626932,1.7786709084035786e+23,2.3715612112047714e+23
1.83705,1.192,catalog,0.19,582.685382291061,19.3,597.9036600419332,0.0157,catalog,5009185917.562831,60343308.22357916,Jackson,-0.41975478243820896,-0.7838991474203026,linear,0.12109506397178157,0.7435063320356401,2.3650409819115288e+23,3.1533879758820384e+23
1.83705,1.192,catalog,0.19,582.685382291061,19.3,1075.630664680486,0.0157,catalog,2917050334.5938787,88448793.17761685,Jackson,-0.30723653006965085,-0.7901663874886657,log,0.06773346017481681,0.4649504121707573,1.940588960807809e+23,2.5874519477437452e+23
1.83705,1.192,catalog,0.19,582.685382291061,19.3,1084.9512616354164,0.0157,catalog,5198061976.778133,19427851.293833256,Selsis,-0.40664104619643415,-0.7659970986458464,GP,0.14766042441089777,0.9809397780177279,4.141004563000981e+23,5.521339417334641e+23
1.83705,1.192,catalog,0.19,582.685382291061,19.3,382.72279737432524,0.0157,catalog,7709745863.995843,81955273.15159418,Jackson,-0.4645665525285893,-0.7771558827186934,linear,0.14296692803710817,0.16646695405865541,2.68130664038264e+23,3.5750755205101864e+23
1.83705,1.192,catalog,0.19,582.685382291061,19.3,1115.329347541706,0.0157,catalog,2823905966.385815,26913096.81092141,Jackson,-0.311081991408952,-0.6638008661487697,log,0.08163189573461974,0.2969456837962988,2.673895971526705e+23,3.5651946287022734e+23
1.83705,1.192,catalog,0.19,582.685382291061,19.3,519.2344532187062,0.0157,catalog,5728969547.497232,77930757.58593024,Jackson,-0.4428469967961521,-0.7877893720699982,GP,0.2738193278839008,0.1891788882639508,5.058351604415813e+23,6.74446880588775e+23
1.83705,1.192,catalog,0.19,582.685382291061,19.3,1419.7972283314484,0.0157,catalog,2280027274.757752,33830023.20725435,Jackson,-0.44551435025649033,-0.6403701135479729,GP,0.19384413162977956,0.16188120857209753,3.592538214316976e+23,4.790050952422635e+23
1.83705,1.192,catalog,0.19,582.685382291061,19.3,748.305985633707,0.0157,catalog,4059975010.1401896,99200885.4034676,Jackson,-0.3195278429637739,-0.7820980029467299,GP,0.4685825860670666,0.4655465208680104,1.3296786075172254e+24,1.772904810022967e+24
1.83705,1.192,catalog,0.19,582.685382291061,19.3,2528.3297385206483,0.0157,catalog,2823572470.768323,69368499.95424747,Selsis,-0.3905729603166843,-0.7359443395167228,GP,0.3369226359823369,0.6992265064543707,7.500004807667874e+23,1.0000006410223831e+24
1.83705,1.192,catalog,0.19,582.685382291061,19.3,764.3214158062065,0.0157,catalog,3981128635.806363,98095780.47077136,Jackson,-0.33174750411298104,-0.7318102315738162,GP,0.4019913313427304,0.2423951397386498,1.0629969096342344e+24,1.417329212845646e+24
1.83705,1.192,catalog,0.19,582.685382291061,19.3,2191.7073928052596,0.0157,catalog,1565383983.4890618,82457889.74747603,Jackson,-0.4020046000325621,-0.7451180346401611,GP,0.34207898403993403,0.6309157483394547,4.949452977071922e+23,6.599270636095896e+23
1.83705,1.192,catalog,0.19,582.685382291061,19.3,372.0452443709976,0.0157,catalog,7928963720.298241,69670273.9624486,Jackson,-0.3618709233390261,-0.6645369933637245,linear,0.16145736196859528,0.9142392479748982,4.762315899380082e+23,6.349754532506776e+23
1.83705,1.192,catalog,0.19,582.685382291061,19.3,402.07852470033504,0.0157,catalog,7343440046.24522,85440447.14589973,Jackson,-0.42317668825649823,-0.6841751935024516,linear,0.059025767411468776,0.5750693041017922,1.308177228202051e+23,1.7442363042694013e+23
1.83705,1.192,catalog,0.19,582.685382291061,19.3,845.2462008019158,0.0157,catalog,3628616756.2247,55608253.186762035,Jackson,-0.4249749148502509,-0.7080629360033296,GP,0.07223233833956456,0.5310151287454568,1.3671087493533925e+23,1.8228116658045233e+23
1.83705,1.192,catalog,0.19,582.685382291061,19.3,1581.6059483648307,0.0157,catalog,2074455087.9111202,29184870.31062124,Jackson,-0.41793863701922923,-0.7618930337625711,log,0.28611162940062895,0.1447777093594329,4.896339522400059e+23,6.528452696533411e+23
1.83705,1.192,catalog,0.19,582.685382291061,19.3,4024.7995946763976,0.0157,catalog,939810469.9434373,63179414.87259186,Jackson,-0.37074806887533135,-0.7197483410875751,GP,0.18570774685693736,0.2718362636151761,2.503419288740984e+23,3.337892384987978e+23
1.83705,1.192,catalog,0.19,582.685382291061,19.3,1211.6144751566906,0.0157,catalog,4786357518.250168,13384875.074371494,Selsis,-0.3951470509720541,-0.6533513079930022,linear,0.05918793001768695,0.43529249887681354,1.892097573065109e+23,2.522796764086812e+23
1.83705,1.192,catalog,0.19,582.685382291061,19.3,1522.555404021323,0.0157,catalog,4050701086.0769625,37522493.63041771,Selsis,-0.4913821194044675,-0.6846400743823502,log,0.30368500270017235,0.6898082943354211,6.995422073728013e+23,9.327229431637349e+23
1.83705,1.192,catalog,0.19,582.685382291061,19.3,1742.7649664143828,0.0157,catalog,1906621133.0507796,87106829.81430188,Jackson,-0.4696754878033464,-0.7898076060498928,log,0.09973845262042454,0.3701743171132198,1.3245290860874725e+23,1.7660387814499633e+23
1.83705,1.192,catalog,0.19,582.685382291061,19.3,1290.0554644334131,0.0157,catalog,2481047280.4013724,59549093.92218653,Jackson,-0.45931601085748924,-0.604575343525337,log,0.051290998157483045,0.5296037113518569,9.980424950155945e+22,1.3307233266874593e+23
1.83705,1.192,catalog,0.19,582.685382291061,19.3,926.3250413968237,0.0157,catalog,3337880243.6989646,83457498.01366635,Jackson,-0.33767892425729873,-0.7836117761904869,linear,0.08887559676560387,0.7417885195182159,2.1580534342722657e+23,2.8774045790296874e+23
1.83705,1.192,catalog,0.19,582.685382291061,19.3,523.1553292673095,0.0157,catalog,5687832508.269441,91222269.98420848,Jackson,-0.4048261163590485,-0.7985656023492403,linear,0.3779978398368926,0.17038339066596941,7.551121246568666e+23,1.0068161662091554e+24
1.83705,1.192,catalog,0.19,582.685382291061,19.3,5188.834951156033,0.0157,catalog,1254289097.045412,10923067.923371436,Selsis,-0.46442224207081007,-0.7630525365335499,log,0.2833212694758402,0.2715303122957564,3.0699217123194086e+23,4.0932289497592115e+23
1.83705,1.192,catalog,0.19,582.685382291061,19.3,741.3220584642785,0.0157,catalog,4095432306.2041907,41061562.97551824,Jackson,-0.39365900231886014,-0.6129689568138617,linear,0.0796604958828092,0.37676969231074253,2.0651456495861652e+23,2.7535275327815535e+23
1.83705,1.192,catalog,0.19,582.685382291061,19.3,918.061342856231,0.0157,catalog,3365131728.1363215,33158826.85735751,Jackson,-0.33987398101961536,-0.7171615695333158,GP,0.3722006492273898,0.717829297481369,1.0030092660129406e+24,1.337345688017254e+24
1.83705,1.192,catalog,0.19,582.685382291061,19.3,301.1838317276925,0.0157,catalog,9803751970.45174,68596739.58025987,Jackson,-0.36675694727838193,-0.6705569384330745,GP,0.3994458023251993,0.6992726193607842,1.2003223508933628e+24,1.6004298011911503e+24
1.83705,1.192,catalog,0.19,582.685382291061,19.3,1415.9007938187412,0.0157,catalog,2285540522.611689,34554277.441783644,Jackson,-0.4870038388700416,-0.7523722193694395,GP,0.0759121720647766,0.9272414628564407,1.180940056653931e+23,1.5745867422052413e+23
1.83705,1.192,catalog,0.19,582.685382291061,19.3,1263.5771072190857,0.0157,catalog,4640784777.481331,57082161.072256684,Selsis,-0.4196148185462827,-0.7091836390011765,log,0.21237279767297348,0.5514696123497945,5.5298629064097506e+23,7.373150541879668e+23
1.83705,1.192,catalog,0.19,582.685382291061,19.3,2482.3847758252805,0.0157,catalog,1407967309.1579742,81039708.40678868,Jackson,-0.2861278197213071,-0.6768269897392687,linear,0.32426442363557495,0.5313380406003949,8.852933625032967e+23,1.1803911500043955e+24
1.83705,1.192,catalog,0.19,582.685382291061,19.3,434.5451751572743,0.0157,catalog,6805377847.626172,56829531.67342671,Jackson,-0.3034393860063559,-0.6102335416301203,log,0.1931962881702646,0.1877083716063478,8.72118771681599e+23,1.1628250289087987e+24
1.83705,1.192,catalog,0.19,582.685382291061,19.3,5188.834951156033,0.0157,catalog,1532010350.1130877,45782920.231454976,Selsis,-0.48286788218003573,-0.7225988946590248,linear,0.11088888230234685,0.6676246443809963,1.3171638277534565e+23,1.7562184370046087e+23
1.83705,1.192,catalog,0.19,582.685382291061,19.3,664.1317811274664,0.0157,catalog,7596270656.826414,19006318.121764097,Selsis,-0.4069768361275614,-0.72413377826328,linear,0.33815816119297165,0.432996763723991,1.0799232009286402e+24,1.4398976012381868e+24
1.83705,1.192,catalog,0.19,582.685382291061,19.3,3009.830370792465,0.0157,catalog,2500821335.381789,69222804.02423678,Selsis,-0.3616121988591145,-0.7800540592447534,GP,0.28436675921570936,0.7428887140498264,6.556865414768713e+23,8.742487219691616e+23
1.83705,1.192,catalog,0.19,582.685382291061,19.3,2010.0740083827986,0.0157,catalog,3318912401.6035695,27876941.78112719,Selsis,-0.4651269242145186,-0.6411321487166625,log,0.09086158357438633,0.3841378838325551,2.172368724583514e+23,2.8964916327780185e+23
1.83705,1.192,catalog,0.19,582.685382291061,19.3,4340.670206387246,0.0157,catalog,1945265900.5369155,62459474.586156726,Selsis,-0.45997638823503917,-0.6098823041695369,linear,0.0517555208300743,0.80262451434762,9.320858778395977e+22,1.2427811704527968e+23
1.83705,1.192,catalog,0.19,582.685382291061,19.3,1009.3843316414235,0.0157,catalog,3088566611.158265,50455958.303304605,Jackson,-0.4257529294723125,-0.7993057635314164,GP,0.14624555046961688,0.6065337257219214,2.5576795463843572e+23,3.4102393951791425e+23
1.83705,1.192,catalog,0.19,582.685382291061,19.3,2266.5176283167107,0.0157,catalog,3048804751.2675653,95267357.8304955,Selsis,-0.3706399843557287,-0.6329883764323613,linear,0.14777328716283147,0.08444214601494715,4.0801533802706205e+23,5.440204507027494e+23
1.83705,1.192,catalog,0.19,582.685382291061,19.3,1729.3731429249615,0.0157,catalog,3695096073.6500335,10739786.89395876,Selsis,-0.3689452041271726,-0.7631240542531835,log,0.459559388368059,0.8270694348159343,1.3452406891544033e+24,1.793654252205871e+24
1.83705,1.192,catalog,0.19,582.685382291061,19.3,2669.727836438265,0.0157,catalog,2718231327.539134,29641397.96146593,Selsis,-0.42061282106688797,-0.6120840169701852,log,0.2342543875916307,0.4376623004651954,5.8513596923568645e+23,7.801812923142486e+23
1.83705,1.192,catalog,0.19,582.685382291061,19.3,1842.593774946987,0.0157,catalog,1816923615.662926,45527296.71925425,Jackson,-0.29266059351238555,-0.6882501259410608,linear,0.11485935000195545,0.06328723165257055,3.521483294144691e+23,4.695311058859588e+23
1.83705,1.192,catalog,0.19,582.685382291061,19.3,1784.8561141121713,0.0157,catalog,3612313532.837176,53288328.51615664,Selsis,-0.46314711380857615,-0.628672699195198,GP,0.07570072074429751,0.6319161782839097,1.8958691347101915e+23,2.527825512946922e+23
1.83705,1.192,catalog,0.19,582.685382291061,19.3,6052.500504226205,0.0157,catalog,673269053.7075111,19107499.919447985,Jackson,-0.3102697263265085,-0.6797081236312761,linear,0.3890558902760654,0.2594773540022721,7.300976305827622e+23,9.734635074436829e+23
1.83705,1.192,catalog,0.19,582.685382291061,19.3,6073.981013566321,0.0157,catalog,671340738.1172694,44096370.09686282,Jackson,-0.3508867456685824,-0.6611362138166698,linear,0.1249488074826957,0.7968993627728442,1.6586754439021575e+23,2.21156725853621e+23
1.83705,1.192,catalog,0.19,582.685382291061,19.3,563.8457816568101,0.0157,catalog,5295554406.854549,92393821.45982005,Jackson,-0.33784766886191525,-0.6194706047042235,GP,0.05532011263207679,0.6443582819984937,1.766383171718148e+23,2.355177562290864e+23
1.83705,1.192,catalog,0.19,582.685382291061,19.3,1313.4407399501401,0.0157,catalog,4510922322.534666,84506478.98821534,Selsis,-0.3742630878724001,-0.7470377525124069,log,0.1538152364392124,0.7018561016496996,4.439083955425972e+23,5.918778607234629e+23
1.83705,1.192,catalog,0.19,582.685382291061,19.3,2561.5408715549747,0.0157,catalog,2797913283.7142787,21354377.373378247,Selsis,-0.30014393037557685,-0.6964829906765746,log,0.41273315262453525,0.910938248540432,1.6511022480240606e+24,2.2014696640320808e+24
1.83705,1.192,catalog,0.19,582.685382291061,19.3,1694.7222335323856,0.0157,catalog,3749244551.517183,28261651.090376496,Selsis,-0.4249866197989805,-0.6221252286783373,linear,0.43831188391164877,0.26128319149306223,1.2395915052535337e+24,1.6527886736713783e+24
1.83705,1.192,catalog,0.19,582.685382291061,19.3,769.7017585830105,0.0157,catalog,3955381355.1295156,9823058.515177991,Jackson,-0.3399171013451832,-0.6485425820686906,linear,0.06651478485483113,0.15672414333808027,2.1529926823241142e+23,2.8706569097654855e+23
1.83705,1.192,catalog,0.19,582.685382291061,19.3,1578.539155600251,0.0157,catalog,2077970394.4138381,8815751.393655796,Jackson,-0.3324435031841283,-0.7821456281907636,linear,0.4575026873440834,0.756996357002118,1.2084113046896324e+24,1.6112150729195097e+24
1.83705,1.192,catalog,0.19,582.685382291061,19.3,424.07343434872644,0.0157,catalog,6969542952.311315,24943783.996148553,Jackson,-0.4998047123085634,-0.754751042846188,linear,0.37012987279842735,0.880631441425869,7.317735630408545e+23,9.756980840544726e+23
1.83705,1.192,catalog,0.19,582.685382291061,19.3,1393.1237388390907,0.0157,catalog,4320902716.415869,18964725.97732174,Selsis,-0.4704123670356321,-0.6730336647817782,log,0.052039642592213456,0.7827331471330341,1.3086344994566866e+23,1.744845999275582e+23
1.83705,1.192,catalog,0.19,582.685382291061,19.3,730.22066720983,0.0157,catalog,4153200997.4276834,74917403.41404048,Jackson,-0.4897557161242333,-0.7639100160739213,linear,0.0793838954076586,0.006940326718568035,1.2980285146304316e+23,1.7307046861739087e+23
1.83705,1.192,catalog,0.19,582.685382291061,19.3,991.4931206940266,0.0157,catalog,3138771900.7354937,85169376.47964768,Jackson,-0.36631410947108517,-0.7452903050560512,GP,0.30171330015758946,0.2873382733590112,6.231144611808158e+23,8.30819281574421e+23
1.83705,1.192,catalog,0.19,582.685382291061,19.3,5188.834951156033,0.0157,catalog,1114816573.6819255,73328358.83834392,Selsis,-0.4592379785504227,-0.7444381561081523,GP,0.30878526944006535,0.9245742812234766,2.5932325436357905e+23,3.457643391514387e+23
1.83705,1.192,catalog,0.19,582.685382291061,19.3,398.8911811474546,0.0157,catalog,7401200416.9391,44870697.60886128,Jackson,-0.39388868350211925,-0.7575479204877473,log,0.11886666940878822,0.9472645223065388,2.8353988032845805e+23,3.780531737712774e+23
1.83705,1.192,catalog,0.19,582.685382291061,19.3,2392.4678767093465,0.0157,catalog,2935032432.921657,60169102.02508682,Selsis,-0.3782310020435903,-0.6611706886373352,linear,0.07080762766821,0.5200740907442264,1.8166917887750273e+23,2.422255718366703e+23
1.83705,1.192,catalog,0.19,582.685382291061,19.3,530.1004693808135,0.0157,catalog,5616500745.9986725,97353385.27211355,Jackson,-0.37064835381122163,-0.7424627307489359,GP,0.06177118572769946,0.5338096627989928,1.4332729755556175e+23,1.9110306340741564e+23
1.83705,1.192,catalog,0.19,582.685382291061,19.3,885.1060939842147,0.0157,catalog,6072329029.693887,44623953.214825846,Selsis,-0.3160227258290294,-0.6295553607875625,linear,0.12287902774936556,0.49807427995483555,6.340302165333883e+23,8.453736220445177e+23
1.83705,1.192,catalog,0.19,582.685382291061,19.3,1562.2903398702088,0.0157,catalog,2096818890.0119543,25042199.576084282,Jackson,-0.34090309955992865,-0.6006253398444662,GP,0.10942257870014682,0.18442951009534947,3.031238631410525e+23,4.041651508547366e+23
1.83705,1.192,catalog,0.19,582.685382291061,19.3,1287.0854616787092,0.0157,catalog,4578428140.018418,3662924.016227358,Selsis,-0.4068925609150727,-0.723314417290178,log,0.3491688927136548,0.15420842866879436,9.988230535578316e+23,1.3317640714104422e+24
1.83705,1.192,catalog,0.19,582.685382291061,19.3,5159.531656072717,0.0157,catalog,1607363545.9478862,37123353.49215657,Selsis,-0.31758599035440727,-0.6224934067100724,linear,0.39877007729123237,0.8044494547121688,9.695132317740988e+23,1.2926843090321317e+24
1.83705,1.192,catalog,0.19,582.685382291061,19.3,3808.898184111206,0.0157,catalog,2126579339.0772686,8286624.898782339,Selsis,-0.3067228441338657,-0.6999530715567897,GP,0.2097882047557643,0.06957835862840933,6.927965396568713e+23,9.23728719542495e+23
1.83705,1.192,catalog,0.19,582.685382291061,19.3,669.2750986762081,0.0157,catalog,4504849281.620224,28425239.805920046,Jackson,-0.40181583013841865,-0.6682207657112467,GP,0.08608127039621541,0.67642017562912,2.031089717127798e+23,2.7081196228370637e+23
1.83705,1.192,catalog,0.19,582.685382291061,19.3,1043.30260118711,0.0157,catalog,5354727582.266693,93813613.31194869,Selsis,-0.42571303206152783,-0.6107952487817634,log,0.3390098936018916,0.8382588802559071,1.0908952072499275e+24,1.4545269429999032e+24
1.83705,1.192,catalog,0.19,582.685382291061,19.3,1501.338428975701,0.0157,catalog,2171048592.1988006,70795696.84029472,Jackson,-0.4099594024094441,-0.6834368866179562,linear,0.13908928298582862,0.8124241914358428,2.3548584703984797e+23,3.139811293864639e+23
1.83705,1.192,catalog,0.19,582.685382291061,19.3,1536.7801546818512,0.0157,catalog,2127190439.4829164,38724124.16380439,Jackson,-0.48652404702575003,-0.6024790487531566,log,0.17660573462203677,0.9572229335474252,3.3497006937009184e+23,4.4662675916012246e+23
1.83705,1.192,catalog,0.19,582.685382291061,19.3,401.99762503203976,0.0157,catalog,7344894240.296008,19674593.943909835,Jackson,-0.3120093936998804,-0.7529027790412022,GP,0.40176586093339517,0.1505682312522011,1.594940012001653e+24,2.1265866826688707e+24
1.83705,1.192,catalog,0.19,582.685382291061,19.3,1070.75273447731,0.0157,catalog,5250213166.432531,37016195.200548686,Selsis,-0.4099428192351093,-0.6039397225026829,GP,0.43781784953338093,0.9560946959820972,1.5381474714942712e+24,2.0508632953256948e+24
1.83705,1.192,catalog,0.19,582.685382291061,19.3,924.7231541305165,0.0157,catalog,3343125039.028066,98391291.6371444,Jackson,-0.30576256419716535,-0.7651674470073514,GP,0.10977845206632623,0.22014229933256813,3.2880475605536144e+23,4.3840634140714856e+23
1.83705,1.192,catalog,0.19,582.685382291061,19.3,1166.1956110254766,0.0157,catalog,4923186069.976134,97264280.31471346,Selsis,-0.49624941417734575,-0.6172667703847253,log,0.4041119383070037,0.09059960775638687,1.1206741491976765e+24,1.4942321989302352e+24
1.83705,1.192,catalog,0.19,582.685382291061,19.3,327.4528733347075,0.0157,catalog,9008286323.596937,43217865.64347562,Jackson,-0.40431340538064553,-0.6607855339170109,linear,0.3818469727360986,0.5545837286663808,1.033521992959926e+24,1.378029323946568e+24
1.83705,1.192,catalog,0.19,582.685382291061,19.3,479.19678495673634,0.0157,catalog,9868966205.659576,78149767.69784565,Selsis,-0.3352557247959476,-0.6152653649895791,linear,0.45901603298084626,0.475900949687065,2.478813510575432e+24,3.3050846807672423e+24
1.83705,1.192,catalog,0.19,582.685382291061,19.3,1936.723156830145,0.0157,catalog,1740527484.5772069,14746857.87710922,Jackson,-0.47514382852759607,-0.64880470714916,log,0.21493316481148256,0.9347164902938974,3.721962172095884e+23,4.9626162294611786e+23
1.83705,1.192,catalog,0.19,582.685382291061,19.3,2581.9923730108753,0.0157,catalog,2782401236.3513246,57977478.8517024,Selsis,-0.49151443461143846,-0.7395865356972621,GP,0.09214091899559956,0.8129699792540342,1.6722944863730093e+23,2.229725981830679e+23
1.83705,1.192,catalog,0.19,582.685382291061,19.3,1757.7386474515856,0.0157,catalog,3652191170.436327,22540866.67125575,Selsis,-0.4930858402201861,-0.7673749336389278,linear,0.4212307165570449,0.15038733792771408,8.850432709590503e+23,1.1800576946120669e+24
1.83705,1.192,catalog,0.19,582.685382291061,19.3,390.7397131831885,0.0157,catalog,7553411419.180999,5025154.415738042,Jackson,-0.35851241582165655,-0.6011751985540238,linear,0.12705551399268028,0.5016396036531809,5.048771438020663e+23,6.731695250694217e+23
1.83705,1.192,catalog,0.19,582.685382291061,19.3,3653.056880821982,0.0157,catalog,2188306167.5522485,62334321.036098525,Selsis,-0.44193549103412316,-0.6529322471140315,GP,0.27229756993967846,0.947205882844687,4.972069999995193e+23,6.629426666660257e+23
1.83705,1.192,catalog,0.19,582.685382291061,19.3,2117.5612786398474,0.0157,catalog,3198658991.860662,42142025.567793466,Selsis,-0.336715615735002,-0.628509014994911,linear,0.25524189069331943,0.8278456625536627,8.931997684219418e+23,1.190933024562589e+24
1.83705,1.192,catalog,0.19,582.685382291061,19.3,3396.2317810014115,0.0157,catalog,1081935202.2548203,80002338.10567833,Jackson,-0.4181899220707586,-0.6793686719910531,GP,0.19975294501130428,0.7980806833352626,2.4788092195616853e+23,3.3050789594155804e+23
1.83705,1.192,catalog,0.19,582.685382291061,19.3,1085.3797603348207,0.0157,catalog,2893554226.5370755,42085012.86481941,Jackson,-0.4595541579115798,-0.797611741869262,linear,0.15564796117804566,0.5651217005946263,2.5613909053245027e+23,3.4151878737660035e+23
1.83705,1.192,catalog,0.19,582.685382291061,19.3,516.6262786394014,0.0157,catalog,5756689814.308692,1220483.5869181752,Jackson,-0.36548281207766864,-0.622724016215723,linear,0.24997813886208178,0.7663402489020942,8.928192286895167e+23,1.1904256382526889e+24
1.83705,1.192,catalog,0.19,582.685382291061,19.3,657.9385416814309,0.0157,catalog,7652702625.695464,31059566.377176408,Selsis,-0.41410312411624806,-0.6603287305833995,linear,0.41105338778647893,0.6332799931183117,1.3882454732644307e+24,1.850993964352574e+24
1.83705,1.192,catalog,0.19,582.685382291061,19.3,1355.770031528529,0.0157,catalog,2374536304.838558,83603912.19979586,Jackson,-0.3948864005928837,-0.6252589654178115,log,0.06470024657922065,0.9908629202823991,1.2682267380888552e+23,1.6909689841184734e+23
1.83705,1.192,catalog,0.19,582.685382291061,19.3,2016.8548082361988,0.0157,catalog,3310991390.071168,61567455.982312985,Selsis,-0.4195297065975811,-0.7398947333591062,GP,0.07289314674216277,0.13768062017542637,1.616249615159002e+23,2.1549994868786694e+23
1.83705,1.192,catalog,0.19,582.685382291061,19.3,772.5247249740376,0.0157,catalog,3942016514.019132,35476580.03524203,Jackson,-0.3210843267796035,-0.712228624106218,GP,0.2058781541428563,0.5380215720929096,6.503547477643337e+23,8.671396636857782e+23
1.83705,1.192,catalog,0.19,582.685382291061,19.3,5188.834951156033,0.0157,catalog,626417323.7002623,27240876.013615925,Selsis,-0.4952156041701947,-0.6275149371023221,linear,0.22765976091424436,0.8912395951670128,1.4186072609011016e+23,1.8914763478681355e+23
1.83705,1.192,catalog,0.19,582.685382291061,19.3,617.3690778700536,0.0157,catalog,4859886942.71811,63692636.20083814,Jackson,-0.48170276978312176,-0.6266722898397208,linear,0.27947977728731355,0.6320926445443786,5.988752830375033e+23,7.985003773833377e+23
1.83705,1.192,catalog,0.19,582.685382291061,19.3,4063.801804838715,0.0157,catalog,2034536956.8850527,23744639.05374585,Selsis,-0.49277250247200277,-0.6424253184528983,log,0.08498720460709346,0.9278651855123906,1.4894975668458845e+23,1.9859967557945125e+23
1.83705,1.192,catalog,0.19,582.685382291061,19.3,1421.1406837355455,0.0157,catalog,4258667653.0794287,74876551.76274043,Selsis,-0.4059187127953987,-0.7207587107192507,GP,0.07331521143696489,0.39515864112492005,1.8810992988568612e+23,2.508132398475815e+23
1.83705,1.192,catalog,0.19,582.685382291061,19.3,1049.4147395552368,0.0157,catalog,5331021404.233935,4658626.216098224,Selsis,-0.326855175900462,-0.6414702712485234,linear,0.06815581312128918,0.7337486137393905,3.244435373318936e+23,4.3259138310919144e+23
1.83705,1.192,catalog,0.19,582.685382291061,19.3,765.7075984518792,0.0157,catalog,3974460339.6477118,90171238.51818231,Jackson,-0.33302452566637764,-0.7045185818068741,linear,0.2549152353492773,0.7848530696179958,6.860982124563005e+23,9.147976166084007e+23
1.83705,1.192,catalog,0.19,582.685382291061,19.3,4365.001602268087,0.0157,catalog,1937890713.052402,1382722.7515584673,Selsis,-0.37297640705116397,-0.7831008889307687,linear,0.40071525534441155,0.5501129659728246,8.477816566486225e+23,1.1303755421981634e+24
1.83705,1.192,catalog,0.19,582.685382291061,19.3,5188.834951156033,0.0157,catalog,1191316619.0126302,47408057.064472936,Selsis,-0.4379827227900489,-0.7254155096093629,GP,0.08488007232578969,0.2658108350096653,8.372437337351418e+22,1.1163249783135223e+23
1.83705,1.192,catalog,0.19,582.685382291061,19.3,2237.092525526689,0.0157,catalog,3077007901.700191,71816268.4198638,Selsis,-0.32903088656821144,-0.6647214282611118,log,0.3597825520345552,0.9425044482295917,1.1955463100877094e+24,1.5940617467836125e+24
1.83705,1.192,catalog,0.19,582.685382291061,19.3,3524.306428710725,0.0157,catalog,2242863419.7966638,69421550.22603984,Selsis,-0.3551355177669119,-0.6592017277174311,GP,0.4859181666965022,0.48551642013191787,1.1580005093072143e+24,1.5440006790762856e+24
1.83705,1.192,catalog,0.19,582.685382291061,19.3,1624.4811388755422,0.0157,catalog,2026657695.9767332,35270279.118742675,Jackson,-0.49375057764659386,-0.6969663886925407,linear,0.05832601594076345,0.36275202979283794,9.050453368099224e+22,1.2067271157465631e+23
1.83705,1.192,catalog,0.19,582.685382291061,19.3,711.1861708577887,0.0157,catalog,7197762930.402561,55328892.43115711,Selsis,-0.304996921336709,-0.6234378948525898,linear,0.13305289228722242,0.3453898445693925,7.870545694137069e+23,1.0494060925516091e+24
1.83705,1.192,catalog,0.19,582.685382291061,19.3,713.4348674565435,0.0157,catalog,4243994818.677753,49921973.058889695,Jackson,-0.48296935186755147,-0.6940807232961711,GP,0.11430627125969146,0.8949304913497974,2.0968514814671212e+23,2.795801975289495e+23
1.83705,1.192,catalog,0.19,582.685382291061,19.3,965.2972008330985,0.0157,catalog,3215604620.0806165,86421983.6418076,Jackson,-0.4490628998254283,-0.6391903814107986,log,0.181180903903915,0.8758859163932775,3.3639000160265664e+23,4.485200021368755e+23
1.83705,1.192,catalog,0.19,582.685382291061,19.3,662.5848880962233,0.0157,catalog,4547440766.994942,5295758.381217018,Jackson,-0.44444550607185185,-0.6165271759490623,GP,0.29783405064616864,0.45186611767925455,7.896901743119324e+23,1.0529202324159098e+24
1.83705,1.192,catalog,0.19,582.685382291061,19.3,2421.287151277409,0.0157,catalog,2910470528.9281383,76177148.31001219,Selsis,-0.4041471921549514,-0.762829866643831,GP,0.08020996312206448,0.29394761486378007,1.705671125308805e+23,2.274228167078407e+23
1.83705,1.192,catalog,0.19,582.685382291061,19.3,984.6122994825679,0.0157,catalog,3158561230.628727,38857396.96527619,Jackson,-0.3133119406581535,-0.7704462299552869,log,0.2967117838443371,0.9905065556026796,9.078521541582656e+23,1.2104695388776875e+24
1.83705,1.192,catalog,0.19,582.685382291061,19.3,4687.669616752416,0.0157,catalog,1846382913.648827,69741107.35444783,Selsis,-0.4764345083130759,-0.6281211931780806,GP,0.05848730869345841,0.17107942319757052,9.30993298907571e+22,1.2413243985434279e+23
1.83705,1.192,catalog,0.19,582.685382291061,19.3,635.6799635116956,0.0157,catalog,4727913738.247558,89565346.96062858,Jackson,-0.43408864804806946,-0.7069243240065645,linear,0.4861363901909417,0.20625145979641046,9.142921750677466e+23,1.219056233423662e+24
1.83705,1.192,catalog,0.19,582.685382291061,19.3,2208.3709168089435,0.0157,catalog,3105175695.3887353,96748885.0225532,Selsis,-0.34907447749915965,-0.7790112643890379,log,0.14703404181702248,0.6026443873771274,4.015614418714032e+23,5.354152558285376e+23
1.83705,1.192,catalog,0.19,582.685382291061,19.3,2155.0206309727096,0.0157,catalog,1588131570.5872455,26403750.2176434,Jackson,-0.4175144155464944,-0.7979585022003829,GP,0.4568181938081529,0.20612549747751296,7.221436123749039e+23,9.628581498332051e+23
1.83705,1.192,catalog,0.19,582.685382291061,19.3,3501.213265238862,0.0157,catalog,2253017339.5371,2359945.2501199814,Selsis,-0.2988403841721624,-0.6681511810527779,log,0.26268622435050126,0.8899926593162507,1.0108613225536661e+24,1.3478150967382213e+24
1.83705,1.192,catalog,0.19,582.685382291061,19.3,720.7294959416164,0.0157,catalog,4204013984.9442105,3657052.8044641544,Jackson,-0.33565969736876994,-0.6563793715593695,log,0.0796616584103517,0.24429962968291208,2.7601883995816184e+23,3.6802511994421576e+23
1.83705,1.192,catalog,0.19,582.685382291061,19.3,1800.4534058779461,0.0157,catalog,3589862737.948007,59674656.493290834,Selsis,-0.34186264818059475,-0.7939976598155134,GP,0.4089278880016838,0.25202762690779845,1.276910041546897e+24,1.7025467220625292e+24
1.83705,1.192,catalog,0.19,582.685382291061,19.3,2415.418031505456,0.0157,catalog,1441021788.214786,44640586.96384378,Jackson,-0.38463295692906946,-0.6225131421794086,log,0.1800236540445085,0.5832885182288635,3.277298413583578e+23,4.3697312181114374e+23
1.83705,1.192,catalog,0.19,582.685382291061,19.3,830.507478765753,0.0157,catalog,3687688394.3090334,78288735.63863288,Jackson,-0.3414698563807019,-0.6492484250311863,GP,0.39288564979305635,0.46344424668631556,1.0620705876140019e+24,1.416094116818669e+24
1.83705,1.192,catalog,0.19,582.685382291061,19.3,890.2043831367055,0.0157,catalog,3460701034.0835633,86730525.86955562,Jackson,-0.44503103405967687,-0.6618261787235519,linear,0.23992311189981688,0.6077924592270734,4.3652878873745934e+23,5.820383849832791e+23
1.83705,1.192,catalog,0.19,582.685382291061,19.3,674.9990624986697,0.0157,catalog,7499604809.188875,18377357.271413542,Selsis,-0.37152050674997,-0.6311361162804636,linear,0.28544401310026046,0.29802266514605324,1.1968666159640847e+24,1.5958221546187795e+24
1.83705,1.192,catalog,0.19,582.685382291061,19.3,492.8084970033738,0.0157,catalog,6023826494.14796,10742023.75481131,Jackson,-0.43427849584024925,-0.6100158766872535,linear,0.12587602351882882,0.6216792555428353,3.608234515106643e+23,4.810979353475524e+23
1.83705,1.192,catalog,0.19,582.685382291061,19.3,2328.9594259307646,0.0157,catalog,2991044333.0235605,80321303.85000585,Selsis,-0.3831772142616849,-0.6070228305507664,GP,0.1753650880227373,0.01817166363698941,4.9310081757006096e+23,6.574677567600812e+23
1.83705,1.192,catalog,0.19,582.685382291061,19.3,5188.834951156033,0.0157,catalog,1150670442.1549509,82224989.53338343,Selsis,-0.42935694948985975,-0.6424453844922543,GP,0.30090537036949,0.5131554770680424,3.023401325151467e+23,4.031201766868622e+23
1.83705,1.192,catalog,0.19,582.685382291061,19.3,705.2692904828782,0.0157,catalog,4289740133.73791,34942296.370819375,Jackson,-0.30022614289400884,-0.757688501702388,linear,0.19461250227337845,0.6704995212199875,7.229849160796458e+23,9.639798881061943e+23
1.83705,1.192,catalog,0.19,582.685382291061,19.3,930.5316448656225,0.0157,catalog,5843249462.506775,24746677.539966594,Selsis,-0.3404781665625404,-0.6145627541452072,linear,0.17351009700441283,0.5310557822592226,8.02428121221596e+23,1.0699041616287947e+24
1.83705,1.192,catalog,0.19,582.685382291061,19.3,665.7898840314609,0.0157,catalog,7581329869.676238,3535010.125744131,Selsis,-0.42951025793334147,-0.7245811062702503,GP,0.22581116555175035,0.387915883511443,6.990084122043749e+23,9.320112162724998e+23
1.83705,1.192,catalog,0.19,582.685382291061,19.3,542.083878926527,0.0157,catalog,5497834777.579689,53584597.24892986,Jackson,-0.3320659075289257,-0.7095941250194973,linear,0.20311298641254658,0.2915420227082395,6.276819818112027e+23,8.369093090816035e+23
1.83705,1.192,catalog,0.19,582.685382291061,19.3,455.1867382832078,0.0157,catalog,10292267864.581203,63517775.56464427,Selsis,-0.3311271961716327,-0.7872318423659594,linear,0.24314482233450493,0.37449008589567323,1.1342862318213707e+24,1.5123816424284942e+24
1.83705,1.192,catalog,0.19,582.685382291061,19.3,467.50300852518626,0.0157,catalog,6338487666.486068,59751060.64496694,Jackson,-0.45498663745492923,-0.6594938435846893,GP,0.05976297877881692,0.6146742836618443,1.3035184699363674e+23,1.738024626581823e+23
1.83705,1.192,catalog,0.19,582.685382291061,19.3,2053.8779563785884,0.0157,catalog,3268561034.6864214,45720834.294110015,Selsis,-0.41043789923011587,-0.7787348688074354,linear,0.16946111706474712,0.08356184746089501,3.820153795816369e+23,5.093538394421825e+23
1.83705,1.192,catalog,0.19,582.685382291061,19.3,2178.883100698704,0.0157,catalog,3134776220.4422865,10234365.291594487,Selsis,-0.28478582395669727,-0.613062141195309,log,0.13497033766206956,0.9353509377060021,7.218363896598145e+23,9.624485195464194e+23
1.83705,1.192,catalog,0.19,582.685382291061,19.3,922.2606844186653,0.0157,catalog,3351222788.8290086,53778407.55587016,Jackson,-0.4002440569766623,-0.7348338444508072,log,0.19318945607064852,0.0799994769468877,3.769269214845322e+23,5.0256922864604294e+23
1.83705,1.192,catalog,0.19,582.685382291061,19.3,941.0109491493178,0.0157,catalog,5793311746.587013,36864881.23051095,Selsis,-0.36517551529773595,-0.6987483016369809,GP,0.3944783724231006,0.2496416047874912,1.3819836362935298e+24,1.842644848391373e+24
1.83705,1.192,catalog,0.19,582.685382291061,19.3,726.9190279068954,0.0157,catalog,4170725166.2650123,71178780.85601668,Jackson,-0.34465062385707934,-0.6403446306705032,GP,0.07575211561793344,0.5463696560890581,2.1397205599374018e+23,2.8529607465832022e+23
1.83705,1.192,catalog,0.19,582.685382291061,19.3,2859.8134736407847,0.0157,catalog,2591132394.4158096,98609810.60580485,Selsis,-0.48273131293432125,-0.7169788539133793,GP,0.08200540913058464,0.8326444068579176,1.4199009428851178e+23,1.893201257180157e+23
1.83705,1.192,catalog,0.19,582.685382291061,19.3,745.0748863944132,0.0157,catalog,6940107896.284748,60627179.51549967,Selsis,-0.4757842913126682,-0.7979162883874205,GP,0.2720088191850217,0.9641015404716521,6.737178597144208e+23,8.982904796192276e+23
1.83705,1.192,catalog,0.19,582.685382291061,19.3,1323.9702899039396,0.0157,catalog,2424787642.165175,50827318.067279786,Jackson,-0.30989889817576083,-0.7474608741829255,GP,0.4003911406526864,0.7125756888637832,1.14019813274481e+24,1.52026417699308e+24
1.83705,1.192,catalog,0.19,582.685382291061,19.3,1218.8379597183357,0.0157,catalog,2609148698.371295,31175250.630725916,Jackson,-0.3658283789475872,-0.7162734483178346,linear,0.05906120121681588,0.6879813659442388,1.3060175029971519e+23,1.7413566706628692e+23
1.83705,1.192,catalog,0.19,582.685382291061,19.3,1611.61130678255,0.0157,catalog,2040746096.9535992,16260203.299115406,Jackson,-0.459548294903388,-0.643346536897914,linear,0.08237112118420231,0.11808125961132276,1.527604254737393e+23,2.0368056729831906e+23
1.83705,1.192,catalog,0.19,582.685382291061,19.3,308.4726559411164,0.0157,catalog,9568553666.291283,18590807.032848027,Jackson,-0.32679128612135216,-0.6701271952628531,GP,0.17695521909531167,0.9705525149197385,7.148428328596958e+23,9.531237771462611e+23
1.83705,1.192,catalog,0.19,582.685382291061,19.3,629.7971765364106,0.0157,catalog,4769462021.100744,13211406.303835591,Jackson,-0.34291681586160533,-0.6651400346627067,log,0.07236364048838319,0.636700045600549,2.3234594282564597e+23,3.097945904341946e+23
1.83705,1.192,catalog,0.19,582.685382291061,19.3,3017.228058084679,0.0157,catalog,1194397749.921001,64391840.27517844,Jackson,-0.4450646369701418,-0.7958902451933227,log,0.07322840769234153,0.5161893919484015,8.868767727632202e+22,1.1825023636842935e+23
1.83705,1.192,catalog,0.19,582.685382291061,19.3,486.9768784923795,0.0157,catalog,6093343514.365748,88898903.96781313,Jackson,-0.36117967915721555,-0.6091002938349493,log,0.1332667914925183,0.7547671569218383,4.099042393688055e+23,5.4653898582507394e+23
1.83705,1.192,catalog,0.19,582.685382291061,19.3,726.919096285522,0.0157,catalog,4170724801.6676564,25066706.291998286,Jackson,-0.2860046265125888,-0.7826512812550422,linear,0.2820949135554914,0.1619932033739644,1.1986740567884301e+24,1.5982320757179067e+24
1.83705,1.192,catalog,0.19,582.685382291061,19.3,2810.99327467341,0.0157,catalog,2622335694.7380447,32407630.034264833,Selsis,-0.34558348570732833,-0.707965427015256,linear,0.11832400639332834,0.1086240909646673,3.267816836866425e+23,4.3570891158219e+23
1.83705,1.192,catalog,0.19,582.685382291061,19.3,949.0407537347436,0.0157,catalog,3265398183.3754816,80824125.12984532,Jackson,-0.4883895823241657,-0.7771774700030587,linear,0.07661128588594815,0.772356317500283,1.170790188625983e+23,1.561053584834644e+23
1.83705,1.192,catalog,0.19,582.685382291061,19.3,597.3440716313992,0.0157,catalog,8262779184.831279,87341090.63747382,Selsis,-0.3225781613871991,-0.7540358985267952,linear,0.06382150115547593,0.8613467629396754,2.99333999208772e+23,3.9911199894502935e+23
1.83705,1.192,catalog,0.19,582.685382291061,19.3,1740.9078794430766,0.0157,catalog,3677498412.4624643,51861138.35077739,Selsis,-0.3644409581671615,-0.7481476380140295,linear,0.17108419026134966,0.013781236325356772,4.8688613304397666e+23,6.491815107253021e+23
1.83705,1.192,catalog,0.19,582.685382291061,19.3,518.7134781179805,0.0157,catalog,5734483664.591454,48702516.44126941,Jackson,-0.39582994733276,-0.799222380994786,log,0.18559552604642834,0.01887612180957965,4.076797659402457e+23,5.4357302125366096e+23
1.83705,1.192,catalog,0.19,582.685382291061,19.3,627.2446405170921,0.0157,catalog,4787736365.066679,13622284.064033622,Jackson,-0.40650361507731786,-0.6708524362340992,linear,0.48982831210149036,0.06241724199042209,1.2051867856058446e+24,1.606915714141126e+24
1.83705,1.192,catalog,0.19,582.685382291061,19.3,762.4191888349523,0.0157,catalog,3990319098.6768575,82073715.95925745,Jackson,-0.2934390795118271,-0.6918406889141914,GP,0.08089391643286037,0.4913962841906361,2.968735027678112e+23,3.958313370237482e+23
1.83705,1.192,catalog,0.19,582.685382291061,19.3,1452.2661454736615,0.0157,catalog,4192066258.249078,27518069.628276203,Selsis,-0.404726472439601,-0.7005800065704567,log,0.15183641050551316,0.8350263512493039,4.117862805376873e+23,5.490483740502497e+23
1.83705,1.192,catalog,0.19,582.685382291061,19.3,1169.4860504722997,0.0157,catalog,4912949827.100096,57058013.09202393,Selsis,-0.48942489075954343,-0.7104839002854219,GP,0.09952607006063734,0.796767978508752,2.3393272742599195e+23,3.119103032346559e+23
1.83705,1.192,catalog,0.19,582.685382291061,19.3,597.6941330530204,0.0157,catalog,8258919842.543413,75272658.71502031,Selsis,-0.3923993932590884,-0.6305635876491689,GP,0.15526027119052419,0.3497784087566398,5.964870208908828e+23,7.953160278545104e+23
1.83705,1.192,catalog,0.19,582.685382291061,19.3,1922.4422705927916,0.0157,catalog,1751654259.758019,79458189.93799166,Jackson,-0.4305458030409116,-0.7388562462812025,GP,0.4383942452557411,0.2278934233460591,6.218664971566842e+23,8.291553295422455e+23
1.83705,1.192,catalog,0.19,582.685382291061,19.3,3877.500489032454,0.0157,catalog,2100776991.0995276,48796276.86839711,Selsis,-0.48989121298275057,-0.7640124720498445,linear,0.0661814691435098,0.7389633377931082,1.0079577001645826e+23,1.3439436002194435e+23
1.83705,1.192,catalog,0.19,582.685382291061,19.3,3318.5972830494443,0.0157,catalog,2337624097.7829685,22231928.49619172,Selsis,-0.4160556249549896,-0.6324967245314616,log,0.060621368034871725,0.3258902289736183,1.3386310063954704e+23,1.784841341860627e+23
1.83705,1.192,catalog,0.19,582.685382291061,19.3,1379.3860370765185,0.0157,catalog,4352249393.477526,25604111.79942826,Selsis,-0.48404256948425406,-0.6328027506928257,log,0.062063705707807344,0.00019429981924967699,1.6675170902941724e+23,2.2233561203922296e+23
1.83705,1.192,catalog,0.19,582.685382291061,19.3,407.7136290308316,0.0157,catalog,7243632023.72128,20639390.56369582,Jackson,-0.38677948974373166,-0.6491000590292926,GP,0.10393669078585797,0.15705278051324256,3.0415788184849976e+23,4.055438424646663e+23
1.83705,1.192,catalog,0.19,582.685382291061,19.3,611.6636796390175,0.0157,catalog,4902651697.906252,52229515.12004939,Jackson,-0.4404298558802702,-0.7754698245284387,linear,0.18572741586886407,0.8204060071521436,3.498591063007669e+23,4.664788084010225e+23
1.83705,1.192,catalog,0.19,582.685382291061,19.3,986.4596603160412,0.0157,catalog,3153221355.1625996,49989048.477764614,Jackson,-0.348278173912259,-0.7880764631744349,GP,0.35041177605741963,0.4902852020188755,8.307566016298612e+23,1.1076754688398149e+24
1.83705,1.192,catalog,0.19,582.685382291061,19.3,4524.939587746353,0.0157,catalog,853419236.7717029,76614224.01542623,Jackson,-0.4515590273126215,-0.6888302417577511,linear,0.09637101299739152,0.9239909349007902,9.950763235578848e+22,1.326768431410513e+23
1.83705,1.192,catalog,0.19,582.685382291061,19.3,1463.9844530036812,0.0157,catalog,4167652383.403928,38332969.79753031,Selsis,-0.31998740550527743,-0.7606838053342294,linear,0.290760279200899,0.19695522969102097,1.1475211193107372e+24,1.530028159080983e+24
1.83705,1.192,catalog,0.19,582.685382291061,19.3,758.6171125093339,0.0157,catalog,4008827539.1139574,59554816.69410649,Jackson,-0.28142530454697,-0.6639165679259313,GP,0.18743165813767634,0.24930040474911785,8.051192758268732e+23,1.0734923677691642e+24
1.83705,1.192,catalog,0.19,582.685382291061,19.3,2178.4425834186427,0.0157,catalog,3135223785.894888,33693139.82979266,Selsis,-0.4634259384039267,-0.637808845939453,GP,0.1832179551564288,0.5973949983657276,4.274322743912179e+23,5.699096991882905e+23
1.83705,1.192,catalog,0.19,582.685382291061,19.3,1185.2544122177878,0.0157,catalog,4864612128.46779,39662311.88730259,Selsis,-0.3402021556188013,-0.7702718394427222,GP,0.11108380496365065,0.6996025855698409,4.0368426170041784e+23,5.3824568226722374e+23
1.83705,1.192,catalog,0.19,582.685382291061,19.3,2577.994301255605,0.0157,catalog,1363616329.9795508,58525720.016903475,Jackson,-0.32226627114684575,-0.7095672268988549,GP,0.39405804177688464,0.5802029991159313,8.300469824689463e+23,1.106729309958595e+24
1.83705,1.192,catalog,0.19,582.685382291061,19.3,1010.1336113943629,0.0157,catalog,5487967313.337841,72041702.72873968,Selsis,-0.37817438744910525,-0.6855526983693535,linear,0.38914808388207084,0.20427497458009825,1.2507857865289948e+24,1.6677143820386597e+24
1.83705,1.192,catalog,0.19,582.685382291061,19.3,1266.7835202986332,0.0157,catalog,2521355683.556725,63471006.44286387,Jackson,-0.388627539327216,-0.7119140124231678,GP,0.06540832041752814,0.0846643298597608,1.2224779769023477e+23,1.6299706358697968e+23
1.83705,1.192,catalog,0.19,582.685382291061,19.3,659.5463465183649,0.0157,catalog,4567074215.758386,62812234.4451647,Jackson,-0.46836279270671255,-0.6134249483869669,GP,0.10242632251153991,0.4202304549950454,2.2909050193398525e+23,3.0545400257864696e+23
1.83705,1.192,catalog,0.19,582.685382291061,19.3,423.53786777285956,0.0157,catalog,6978166436.354172,89039514.16313395,Jackson,-0.32782632862009575,-0.6118666554071304,GP,0.09352277259178882,0.6181256751320542,3.4927334166747935e+23,4.656977888899725e+23
1.83705,1.192,catalog,0.19,582.685382291061,19.3,4255.033629575809,0.0157,catalog,1971802559.702671,5940214.922477936,Selsis,-0.4452403708924825,-0.631697984852832,log,0.41853729160879244,0.14806325647525065,8.153923031469401e+23,1.0871897375292534e+24
1.83705,1.192,catalog,0.19,582.685382291061,19.3,1986.626453796102,0.0157,catalog,3346671705.624012,2646274.8553579724,Selsis,-0.44389088806461785,-0.7867825709195874,GP,0.07529614340700219,0.4432889766484528,1.7136126039671696e+23,2.2848168052895595e+23
1.83705,1.192,catalog,0.19,582.685382291061,19.3,1207.8948057946975,0.0157,catalog,4797212376.619044,69487026.63508755,Selsis,-0.4732253475327317,-0.6099327214090603,GP,0.3016020750319955,0.8251376854983943,8.819259609508278e+23,1.1759012812677703e+24
1.83705,1.192,catalog,0.19,582.685382291061,19.3,633.1497194840005,0.0157,catalog,4745687847.817455,22730988.130766172,Jackson,-0.4521777871386642,-0.6472504594456613,GP,0.06225509967178929,0.5479937409650879,1.410373121474635e+23,1.880497495299513e+23
1.83705,1.192,catalog,0.19,582.685382291061,19.3,744.313908632196,0.0157,catalog,6945651750.397258,80207183.14901485,Selsis,-0.35679986982844003,-0.6627274269042756,linear,0.09035849663048995,0.1301026904934326,3.5480370631937526e+23,4.730716084258336e+23
1.83705,1.192,catalog,0.19,582.685382291061,19.3,746.5781513214838,0.0157,catalog,4068684978.73881,68926356.55220453,Jackson,-0.2993704037975401,-0.7200105586470569,linear,0.11346154170888503,0.9641841891326777,3.9976750821732296e+23,5.330233442897639e+23
1.83705,1.192,catalog,0.19,582.685382291061,19.3,1074.5800380255698,0.0157,catalog,5236030945.732163,49573235.45822836,Selsis,-0.3141723123287474,-0.6010529160020105,linear,0.10796177122333914,0.13999844644974246,5.662577036648831e+23,7.550102715531774e+23
1.83705,1.192,catalog,0.19,582.685382291061,19.3,4456.786591696929,0.0157,catalog,864121230.3332767,42142110.484360114,Jackson,-0.3025727085676333,-0.7808847161305976,GP,0.33096431061825166,0.45900065147927527,6.642658348573824e+23,8.856877798098431e+23
1.83705,1.192,catalog,0.19,582.685382291061,19.3,4328.603458874446,0.0157,catalog,1948950083.207689,22701565.38332737,Selsis,-0.409947643272064,-0.6168468680192517,log,0.1135059963295296,0.9361344467150925,2.314761109649628e+23,3.086348146199504e+23
1.83705,1.192,catalog,0.19,582.685382291061,19.3,389.89014408503226,0.0157,catalog,11696360884.62365,38822099.63681239,Selsis,-0.45930293901138153,-0.6128175356376205,log,0.30235867628349283,0.09539032198307662,1.2009614569417211e+24,1.6012819425889615e+24
1.83705,1.192,catalog,0.19,582.685382291061,19.3,1820.7593388623116,0.0157,catalog,3561148621.5584483,21584729.653092228,Selsis,-0.43550441806748597,-0.6833166375339624,GP,0.21258543764642834,0.4000773951999259,5.146580040687475e+23,6.862106720916633e+23
1.83705,1.192,catalog,0.19,582.685382291061,19.3,5188.834951156037,0.0157,catalog,916807208.363612,36854238.29938751,Selsis,-0.3527779293851113,-0.662852920785862,log,0.06249879769047739,0.6371445466243321,6.89120978077812e+22,9.188279707704159e+22
1.83705,1.192,catalog,0.19,582.685382291061,19.3,3536.7436854371645,0.0157,catalog,1046044441.498708,28051917.035596542,Jackson,-0.3772368903685728,-0.7493183275728108,log,0.37027174878748914,0.01895058238429137,5.6762124442135255e+23,7.568283258951367e+23
1.83705,1.192,catalog,0.19,582.685382291061,19.3,899.2629856627693,0.0157,catalog,5998639631.418645,97161685.85955286,Selsis,-0.37697096430953925,-0.7833104571006515,linear,0.4371741489015402,0.6920960275679165,1.3427242305410065e+24,1.7902989740546753e+24
1.83705,1.192,catalog,0.19,582.685382291061,19.3,3125.7560109638744,0.0157,catalog,2436252302.7938867,63291908.04660137,Selsis,-0.3254581462598952,-0.7392274491070167,linear,0.27340430974284663,0.3448232136739473,7.782987233237216e+23,1.0377316310982955e+24
1.83705,1.192,catalog,0.19,582.685382291061,19.3,1186.744326540833,0.0157,catalog,2671798876.450864,68196153.29050532,Jackson,-0.32611118234010783,-0.6344669678962505,log,0.1382509487651148,0.09543792110733362,3.833043160463547e+23,5.1107242139513954e+23
1.83705,1.192,catalog,0.19,582.685382291061,19.3,394.3078291825207,0.0157,catalog,7485973294.189318,8627072.844525253,Jackson,-0.3677404019278654,-0.7329431182142495,log,0.13402515060638223,0.5807294061593529,3.993711348729978e+23,5.324948464973304e+23
1.83705,1.192,catalog,0.19,582.685382291061,19.3,920.0335131437018,0.0157,catalog,5894330339.133447,61844390.15360442,Selsis,-0.37136361607711,-0.654430447658531,GP,0.05585749435940369,0.2302837463223989,1.993136868711222e+23,2.6575158249482957e+23
1.83705,1.192,catalog,0.19,582.685382291061,19.3,2168.387454539634,0.0157,catalog,3145483474.809902,61850246.992730156,Selsis,-0.3608418968594251,-0.7983981729928336,GP,0.16857288517190022,0.1865797186519076,4.442709217935889e+23,5.923612290581185e+23
1.83705,1.192,catalog,0.19,582.685382291061,19.3,5188.834951156033,0.0157,catalog,707392045.8020114,36373138.76121733,Selsis,-0.36185564814882165,-0.6255159937417124,linear,0.34451385568550735,0.8576581975653194,3.04475891142625e+23,4.059678548568333e+23
1.83705,1.192,catalog,0.19,582.685382291061,19.3,296.31990060413324,0.0157,catalog,9967588173.651236,67506172.55894838,Jackson,-0.4304049177721431,-0.643039695529584,log,0.14113383233051532,0.40071594075091044,3.702150007665412e+23,4.936200010220549e+23
1.83705,1.192,catalog,0.19,582.685382291061,19.3,598.0212575379379,0.0157,catalog,8255317237.641128,4840120.164075046,Selsis,-0.3417859604309593,-0.6846579404182827,log,0.07947621233210894,0.7913853718426329,3.709754943419285e+23,4.946339924559047e+23
1.83705,1.192,catalog,0.19,582.685382291061,19.3,679.5127056902664,0.0157,catalog,7460309955.0971,83092070.67273816,Selsis,-0.2971820907441247,-0.6916210853795828,log,0.08786596923459641,0.861554118774064,5.0593155772753944e+23,6.745754103033859e+23
1.83705,1.192,catalog,0.19,582.685382291061,19.3,1010.4221244649607,0.0157,catalog,5486773679.198838,33232602.69225228,Selsis,-0.4562138819030476,-0.6321488714377712,log,0.17381720362670383,0.22438679898010883,5.2080773244832277e+23,6.94410309931097e+23
1.83705,1.192,catalog,0.19,582.685382291061,19.3,678.1948365116014,0.0157,catalog,4449388518.611827,36825363.29862965,Jackson,-0.47063544251938483,-0.779455311853715,GP,0.08859678317816894,0.942602367034882,1.6020109234107793e+23,2.1360145645477056e+23
1.83705,1.192,catalog,0.19,582.685382291061,19.3,429.84310947365447,0.0157,catalog,6878061471.135801,66076686.95182093,Jackson,-0.43782346068532924,-0.721815817042571,linear,0.4134444893259246,0.6299940375268404,8.516209632217692e+23,1.1354946176290257e+24
1.83705,1.192,catalog,0.19,582.685382291061,19.3,992.8628193700897,0.0157,catalog,3134865038.985256,34866931.33394417,Jackson,-0.4033875322697953,-0.6102268848209839,linear,0.18517923586896953,0.42323567340831214,4.419792927064837e+23,5.893057236086449e+23
1.83705,1.192,catalog,0.19,582.685382291061,19.3,1269.859389619825,0.0157,catalog,4623916552.670434,48777570.04751004,Selsis,-0.33367187013870825,-0.7336453778513861,log,0.44099733770996596,0.9689610231234195,1.649776202028589e+24,2.1997016027047852e+24
1.83705,1.192,catalog,0.19,582.685382291061,19.3,1156.7995994618059,0.0157,catalog,2733330425.397751,97338935.48617618,Jackson,-0.28084570894653554,-0.6160066791717255,linear,0.38631850682804836,0.056699940291067064,1.4797350470359912e+24,1.9729800627146547e+24
1.83705,1.192,catalog,0.19,582.685382291061,19.3,266.9796421329498,0.0157,catalog,11092415168.92597,35559600.709613144,Jackson,-0.42516111489566516,-0.73295861559569,GP,0.11957909763613493,0.3660820161315592,2.8927121030596397e+23,3.856949470746186e+23
1.83705,1.192,catalog,0.19,582.685382291061,19.3,2084.709653068727,0.0157,catalog,1633869892.6496978,43115667.04260877,Jackson,-0.34175655408121836,-0.6403738728047152,linear,0.4545067063395037,0.0076185159639063915,1.0091195168971277e+24,1.34549268919617e+24
1.83705,1.192,catalog,0.19,582.685382291061,19.3,838.9446452801446,0.0157,catalog,6328576926.228485,14688304.605181707,Selsis,-0.30549577371959163,-0.615922600142406,log,0.23338601948672802,0.8971818788185384,1.3901942690721373e+24,1.8535923587628498e+24
1.83705,1.192,catalog,0.19,582.685382291061,19.3,2652.665112538079,0.0157,catalog,2730418879.823379,95173260.83004446,Selsis,-0.49530152545769207,-0.7885312054769958,log,0.08489872914092536,0.9737808235450941,1.445829874724726e+23,1.9277731662996346e+23
1.83705,1.192,catalog,0.19,582.685382291061,19.3,940.550481497429,0.0157,catalog,5795484440.210944,69871133.7362438,Selsis,-0.39899806926000947,-0.7157751810415285,GP,0.3418584269634201,0.7718250021347096,1.0037571951328564e+24,1.3383429268438085e+24
1.83705,1.192,catalog,0.19,582.685382291061,19.3,1001.4614678670065,0.0157,catalog,3110580318.8278866,44791887.39810419,Jackson,-0.3752584496414777,-0.7881193562214577,GP,0.2926273777831078,0.39472052205024055,6.12266947690056e+23,8.16355930253408e+23
1.83705,1.192,catalog,0.19,582.685382291061,19.3,1175.1764352401055,0.0157,catalog,2695203877.254614,55855747.80797202,Jackson,-0.49796430077291726,-0.7454295748605031,GP,0.1085307562979735,0.8489557155846824,1.6641981951006794e+23,2.2189309268009057e+23
1.83705,1.192,catalog,0.19,582.685382291061,19.3,768.307298329205,0.0157,catalog,6775800076.1000805,72903406.41997306,Selsis,-0.295018592145582,-0.6152186646161797,GP,0.09121632970502172,0.6440706213428237,5.732270254145237e+23,7.643027005526982e+23
1.83705,1.192,catalog,0.19,582.685382291061,19.3,1052.9802437101835,0.0157,catalog,2973296048.6365952,37344155.11897786,Jackson,-0.3482036559204952,-0.6603944035547604,log,0.11153941592524692,0.8263769369029598,2.887124276738222e+23,3.8494990356509626e+23
1.83705,1.192,catalog,0.19,582.685382291061,19.3,1025.0301799360914,0.0157,catalog,3046083250.2696986,92064991.02087128,Jackson,-0.393951107137832,-0.6872918400301975,GP,0.11319373962548682,0.536254490013447,2.147912785849494e+23,2.863883714465992e+23
1.83705,1.192,catalog,0.19,582.685382291061,19.3,1418.9036230353952,0.0157,catalog,2281289071.9165688,10640632.881575797,Jackson,-0.2891991448761483,-0.6967036446751407,log,0.2094087559219822,0.2472829322173613,7.955274538304431e+23,1.0607032717739241e+24
1.83705,1.192,catalog,0.19,582.685382291061,19.3,1226.3973525362287,0.0157,catalog,2594860095.2656317,80320383.02808009,Jackson,-0.3314482166141118,-0.6733895583655818,log,0.16818798213719408,0.876420582725944,4.1772661569719424e+23,5.569688209295923e+23
1.83705,1.192,catalog,0.19,582.685382291061,19.3,1523.6279079928272,0.0157,catalog,4048634929.3486743,28952638.842968725,Selsis,-0.32531463146682804,-0.6280680854985332,linear,0.06904096753735732,0.07324912357777269,2.9278520281140568e+23,3.9038027041520755e+23
1.83705,1.192,catalog,0.19,582.685382291061,19.3,651.4397709395021,0.0157,catalog,4620363924.376093,1878232.1938365544,Jackson,-0.3377701173867273,-0.6331815999876631,GP,0.46120974144319854,0.7457000026961661,1.7133951956117925e+24,2.28452692748239e+24
1.83705,1.192,catalog,0.19,582.685382291061,19.3,445.4536437610532,0.0157,catalog,6642899676.887109,78992007.18747348,Jackson,-0.3361554241325908,-0.6082547947161309,log,0.23202453995181654,0.6566188373036689,8.335558528724498e+23,1.1114078038299331e+24
1.83705,1.192,catalog,0.19,582.685382291061,19.3,3234.1317414261875,0.0157,catalog,2379560492.9757776,9835076.814531209,Selsis,-0.31338145339037893,-0.7663488276824993,linear,0.10630302377676631,0.15403525925246164,3.493928891847461e+23,4.6585718557966144e+23
1.83705,1.192,catalog,0.19,582.685382291061,19.3,2758.786767552618,0.0157,catalog,2656771499.6214323,40665687.56776722,Selsis,-0.3846359648232648,-0.7832450089285105,log,0.13500812788290806,0.2907472071144557,3.0001266979035614e+23,4.0001689305380814e+23
1.83705,1.192,catalog,0.19,582.685382291061,19.3,1315.8997258531504,0.0157,catalog,4504748561.150647,91061268.00865291,Selsis,-0.47920311122794246,-0.6432699947034107,GP,0.11339611527369504,0.35547840114791185,2.867783031792187e+23,3.823710709056249e+23
1.83705,1.192,catalog,0.19,582.685382291061,19.3,1006.5043114040448,0.0157,catalog,5503036232.358018,77049897.37748444,Selsis,-0.3943638521672185,-0.6038753242433,linear,0.055754135278686154,0.9102393171173498,2.020554333920091e+23,2.694072445226788e+23
1.83705,1.192,catalog,0.19,582.685382291061,19.3,541.291080066045,0.0157,catalog,5505518899.635902,48656390.55079094,Jackson,-0.34516292190432873,-0.7861930885230429,GP,0.20771247922966865,0.3285080725746421,5.7621120803357636e+23,7.68281610711435e+23
1.83705,1.192,catalog,0.19,582.685382291061,19.3,2344.851917406278,0.0157,catalog,2976777093.591983,36400777.03934954,Selsis,-0.33940980740383475,-0.7306107206755557,GP,0.050212388057931566,0.3989730373212447,1.515276565877268e+23,2.020368754503024e+23
1.83705,1.192,catalog,0.19,582.685382291061,19.3,407.9940575008329,0.0157,catalog,7238740395.155883,24864472.088281248,Jackson,-0.4267953876922839,-0.7463954127602835,log,0.06601133893124635,0.18550280621164295,1.4899049427875265e+23,1.9865399237167018e+23
1.83705,1.192,catalog,0.19,582.685382291061,19.3,571.0443737190311,0.0157,catalog,5232115914.241247,5403177.870669285,Jackson,-0.2913614978308623,-0.7676881910387411,GP,0.07015918726016153,0.5097844306583824,3.241324342797763e+23,4.321765790397017e+23
1.83705,1.192,catalog,0.19,582.685382291061,19.3,1738.2786485241559,0.0157,catalog,1910885512.7225354,39477259.6632089,Jackson,-0.3049513100825143,-0.7508237871901774,log,0.0584052048917212,0.7079261022877225,1.6382215517096384e+23,2.1842954022795177e+23
1.83705,1.192,catalog,0.19,582.685382291061,19.3,1106.70488813024,0.0157,catalog,5120546170.627036,49310131.33179318,Selsis,-0.4005245175845398,-0.7807954841950591,GP,0.14366355857967808,0.2774072528289273,3.9451502244418865e+23,5.2602002992558486e+23
1.83705,1.192,catalog,0.19,582.685382291061,19.3,1020.0576384058568,0.0157,catalog,5447266921.089183,23260185.339929365,Selsis,-0.485554240142601,-0.6453106642123795,linear,0.10782677134438624,0.8650804013209682,3.0347875464942944e+23,4.0463833953257255e+23
1.83705,1.192,catalog,0.19,582.685382291061,19.3,1032.4537219488493,0.0157,catalog,5397440498.298438,31545737.295774452,Selsis,-0.29576339439701793,-0.6098040469708618,linear,0.07634879436015023,0.48446536457749323,4.58783009723655e+23,6.1171067963154e+23
1.83705,1.192,catalog,0.19,582.685382291061,19.3,2104.440452043768,0.0157,catalog,3212754663.6998334,60938749.55910778,Selsis,-0.3829993606728407,-0.787939432759851,GP,0.4506680193615835,0.20809519562435896,1.089396789711009e+24,1.4525290529480117e+24
1.83705,1.192,catalog,0.19,582.685382291061,19.3,1326.3035176458077,0.0157,catalog,4478856599.517856,45542847.93084854,Selsis,-0.34081033865664756,-0.6496711325237784,log,0.06093314060409285,0.2738237945201607,2.331810305005087e+23,3.109080406673449e+23
1.83705,1.192,catalog,0.19,582.685382291061,19.3,1422.519116809618,0.0157,catalog,4255662677.132398,96448688.13430202,Selsis,-0.3162514177125985,-0.679954349270471,linear,0.06950185893225916,0.1618289364006399,2.8459458598648025e+23,3.7945944798197364e+23
1.83705,1.192,catalog,0.19,582.685382291061,19.3,5188.834951156033,0.0157,catalog,823059928.3043422,10519461.22116935,Selsis,-0.3316538452474468,-0.7178760629096725,linear,0.06193315336026356,0.6537301468726895,7.542932368765603e+22,1.0057243158354137e+23
1.83705,1.192,catalog,0.19,582.685382291061,19.3,1422.4076869325559,0.0157,catalog,4255905398.9154725,53617635.43472811,Selsis,-0.45481946961246467,-0.7319441633737716,linear,0.13264874753326913,0.9625398968841846,3.0598893481955816e+23,4.0798524642607755e+23
1.83705,1.192,catalog,0.19,582.685382291061,19.3,2076.30572383156,0.0157,catalog,3243510415.928369,47804520.720876545,Selsis,-0.3287674106084451,-0.6608645446259663,linear,0.42275734933447745,0.9586784491829259,1.4812529370802002e+24,1.9750039161069337e+24
1.83705,1.192,catalog,0.19,582.685382291061,19.3,422.1530484682866,0.0157,catalog,7000570016.994181,79208417.63162744,Jackson,-0.3518394351525849,-0.788810000754657,log,0.09456361380210705,0.34398859225814316,2.5441139456784528e+23,3.3921519275712704e+23
1.83705,1.192,catalog,0.19,582.685382291061,19.3,1094.3075184035633,0.0157,catalog,5164375900.888371,92008554.35262766,Selsis,-0.3168863602901219,-0.786901464452535,GP,0.23701730769418944,0.6669609041245503,9.929887056247588e+23,1.3239849408330118e+24
1.83705,1.192,catalog,0.19,582.685382291061,19.3,5107.215385410317,0.0157,catalog,1704778916.3436975,34287023.240190476,Selsis,-0.3853232078343234,-0.656546803486035,log,0.26287833877671307,0.8910679271473727,4.6172501526374186e+23,6.15633353684989e+23
1.83705,1.192,catalog,0.19,582.685382291061,19.3,4578.555266144991,0.0157,catalog,1876079517.902671,81071731.89319493,Selsis,-0.2843866866206468,-0.6549320325566862,log,0.4484731589064814,0.4917238235175211,1.4794967894059465e+24,1.9726623858745951e+24
1.83705,1.192,catalog,0.19,582.685382291061,19.3,473.7876320975171,0.0157,catalog,9960736720.632023,87887980.50891002,Selsis,-0.3037108822518525,-0.7665987786820491,log,0.0739145152966704,0.15343677772547992,4.188992380184144e+23,5.585323173578858e+23
1.83705,1.192,catalog,0.19,582.685382291061,19.3,1166.4745162970203,0.0157,catalog,2713110679.634279,55803478.25069448,Jackson,-0.4719425954569081,-0.7227318506222327,log,0.13059864368176574,0.9392559262293096,2.0911550172366953e+23,2.788206689648927e+23
1.83705,1.192,catalog,0.19,582.685382291061,19.3,1492.345756026642,0.0157,catalog,4109992691.4477453,77686574.71096684,Selsis,-0.44324322075235134,-0.6428662645039371,log,0.35802007735895996,0.3746041807872208,9.250962774122217e+23,1.2334617032162954e+24
1.83705,1.192,catalog,0.19,582.685382291061,19.3,720.3236267117751,0.0157,catalog,4206217020.4510913,10751823.340165885,Jackson,-0.40241312139191987,-0.7900237852673626,GP,0.07083064217467867,0.2703634519500716,1.5883570370669065e+23,2.1178093827558752e+23
1.83705,1.192,catalog,0.19,582.685382291061,19.3,349.9492313548814,0.0157,catalog,8427455991.204659,87538080.39348851,Jackson,-0.45527397413931536,-0.7148231150946994,GP,0.3230345932971264,0.15733028991680753,6.569077205873142e+23,8.758769607830856e+23
1.83705,1.192,catalog,0.19,582.685382291061,19.3,3120.9590699766236,0.0157,catalog,2438840906.0484953,96135345.88789798,Selsis,-0.35268208733216794,-0.6992417474839285,GP,0.12103279967257817,0.9431513814376966,2.9131417000867603e+23,3.884188933449014e+23
1.83705,1.192,catalog,0.19,582.685382291061,19.3,729.103132203296,0.0157,catalog,4159114633.6357064,83280994.70356737,Jackson,-0.44186753217459407,-0.6641633229377939,linear,0.11802228165005803,0.7135966528448173,2.271068219120111e+23,3.0280909588268145e+23
1.83705,1.192,catalog,0.19,582.685382291061,19.3,1173.3294613688988,0.0157,catalog,2698982765.5729175,12599017.224595834,Jackson,-0.411028639430026,-0.6745555313785849,linear,0.12483319717680313,0.25083936843217325,2.6414803804091305e+23,3.521973840545507e+23
1.83705,1.192,catalog,0.19,582.685382291061,19.3,1001.7148170943747,0.0157,catalog,5523076157.916612,1250486.4257151901,Selsis,-0.41698179495344256,-0.7762041899522345,GP,0.13540879193251426,0.7588767130562645,3.943229042164576e+23,5.257638722886101e+23
1.83705,1.192,catalog,0.19,582.685382291061,19.3,1240.0690304614159,0.0157,catalog,2569451967.640735,35211181.30822769,Jackson,-0.3112826587539958,-0.6971348879389063,log,0.05461383942488999,0.7954065054485921,1.6568667203701852e+23,2.2091556271602467e+23
1.83705,1.192,catalog,0.19,582.685382291061,19.3,915.8809002072675,0.0157,catalog,5914834485.038458,28507732.87815304,Selsis,-0.3616206016833919,-0.6286184302397195,log,0.05348290871508105,0.9838410861407058,2.1575462556983097e+23,2.8767283409310794e+23
1.83705,1.192,catalog,0.19,582.685382291061,19.3,2187.0648735111404,0.0157,catalog,1568222166.1308224,57798828.48920144,Jackson,-0.34295671847656517,-0.656333651941104,linear,0.32356920819737667,0.22342263833058296,6.650218792922111e+23,8.866958390562814e+23
1.83705,1.192,catalog,0.19,582.685382291061,19.3,1123.8073827517153,0.0157,catalog,2804854231.7737494,1304677.8150630014,Jackson,-0.2942198806709543,-0.7433861765538633,GP,0.152969376774784,0.3936023545361159,6.324216605748446e+23,8.432288807664593e+23
1.83705,1.192,catalog,0.19,582.685382291061,19.3,795.9833040826879,0.0157,catalog,3834641188.2552843,53719104.8845056,Jackson,-0.3575107568598371,-0.7519623393132271,GP,0.3582954680892813,0.04411749173304558,8.543447294407162e+23,1.139126305920955e+24
1.83705,1.192,catalog,0.19,582.685382291061,19.3,747.0205032925253,0.0157,catalog,4066451228.2868843,90977910.7768431,Jackson,-0.49626129539659997,-0.6721428709648091,log,0.11298665442646763,0.3074590527904223,1.9644415891888472e+23,2.6192554522517963e+23
1.83705,1.192,catalog,0.19,582.685382291061,19.3,1127.1769443457206,0.0157,catalog,2797360536.3610606,52130143.88157404,Jackson,-0.2982227271789108,-0.717992628680104,GP,0.12494205739403176,0.24091578524005886,4.107200558991927e+23,5.4762674119892354e+23
1.83705,1.192,catalog,0.19,582.685382291061,19.3,690.8966263985196,0.0157,catalog,4372914268.862339,5309195.017289538,Jackson,-0.3025008425300585,-0.7662405743826068,log,0.4763476652236215,0.28930736413035696,1.9298815954265013e+24,2.5731754605686684e+24
1.83705,1.192,catalog,0.19,582.685382291061,19.3,1359.7321842845452,0.0157,catalog,2368435955.965617,49391161.598164655,Jackson,-0.29638869263828377,-0.7991289561450504,linear,0.08491131142539057,0.39463099695543813,2.656561600121864e+23,3.542082133495818e+23
1.83705,1.192,catalog,0.19,582.685382291061,19.3,1197.7192253181886,0.0157,catalog,2650004050.995189,67244945.84092717,Jackson,-0.42477262251570347,-0.6219761385007876,log,0.4922835190595243,0.6740680122258449,9.654028395389506e+23,1.287203786051934e+24
1.83705,1.192,catalog,0.19,582.685382291061,19.3,3206.1199814710662,0.0157,catalog,2393892815.611028,31641503.371646825,Selsis,-0.49168111082924404,-0.6311399927483453,log,0.05030103671572151,0.6141616632518818,1.0003309736143162e+23,1.333774631485755e+23
1.83705,1.192,catalog,0.19,582.685382291061,19.3,761.4227697220418,0.0157,catalog,3995151662.2373624,92028527.14131777,Jackson,-0.38536288691016374,-0.6251013847065173,linear,0.19628756758116628,0.43763845256574363,4.6380436145605933e+23,6.184058152747458e+23
1.83705,1.192,catalog,0.19,582.685382291061,19.3,1499.7074488138521,0.0157,catalog,2173115347.820324,95157526.84690785,Jackson,-0.331498367944209,-0.6982173575310199,linear,0.08768465705161248,0.38958690922062256,1.9637148343810145e+23,2.6182864458413525e+23
1.83705,1.192,catalog,0.19,582.685382291061,19.3,1620.3600145634464,0.0157,catalog,3872409105.4735584,71070150.43257423,Selsis,-0.30788413391555847,-0.7618566497867456,linear,0.1287631174097958,0.24924034236944748,5.262949472187087e+23,7.017265962916116e+23
1.83705,1.192,catalog,0.19,582.685382291061,19.3,1725.4457354547287,0.0157,catalog,3701135731.175897,55559676.377980895,Selsis,-0.49039174246539213,-0.7012543020899416,GP,0.23407043052451365,0.11126285202696351,5.018613802563764e+23,6.691485070085018e+23
1.83705,1.192,catalog,0.19,582.685382291061,19.3,796.0263900975016,0.0157,catalog,3834449821.977386,39190790.760484636,Jackson,-0.3845789801270114,-0.7149106895507895,log,0.372501107712306,0.6235206911587384,8.282649053093422e+23,1.104353207079123e+24
1.83705,1.192,catalog,0.19,582.685382291061,19.3,1886.9377065757237,0.0157,catalog,3471493128.9317875,49566969.772781335,Selsis,-0.46751900946954994,-0.6683007294226526,linear,0.07694463581570067,0.8572350864175997,1.7324742138330912e+23,2.3099656184441215e+23
1.83705,1.192,catalog,0.19,582.685382291061,19.3,1527.8852294944058,0.0157,catalog,2138011874.065745,38016510.38186214,Jackson,-0.28501398822409124,-0.601904222090498,linear,0.3011406640999799,0.6275999320782549,1.158568184675469e+24,1.544757579567292e+24
1.83705,1.192,catalog,0.19,582.685382291061,19.3,1229.5875626782124,0.0157,catalog,4734746806.606203,58801519.26112944,Selsis,-0.40662878446204964,-0.7584686810248484,linear,0.10994641183428332,0.9098612116268453,2.889624180005002e+23,3.852832240006669e+23
1.83705,1.192,catalog,0.19,582.685382291061,19.3,470.774522854731,0.0157,catalog,6295837747.862285,22742322.025126927,Jackson,-0.4442374910462588,-0.6539345902240666,log,0.10198955230532267,0.6192278909623943,2.45968740929233e+23,3.279583212389773e+23
1.83705,1.192,catalog,0.19,582.685382291061,19.3,1163.3509768936162,0.0157,catalog,4932077789.999945,12657193.791823287,Selsis,-0.3262605151671008,-0.707834459248694,linear,0.3969922228615416,0.3264421788651217,1.6874826189722388e+24,2.2499768252963184e+24
1.83705,1.192,catalog,0.19,582.685382291061,19.3,3144.2921504382193,0.0157,catalog,2426314379.62684,97730222.84146757,Selsis,-0.2940026731816363,-0.6449866486580892,log,0.1107839899083407,0.9500722735110904,4.112541869491723e+23,5.483389159322297e+23
1.83705,1.192,catalog,0.19,582.685382291061,19.3,575.6987643741254,0.0157,catalog,5191962161.933038,27153864.407970764,Jackson,-0.2810312113916441,-0.7684242279439297,log,0.08727782647443554,0.08138397374625173,4.075831838242559e+23,5.4344424509900784e+23
1.83705,1.192,catalog,0.19,582.685382291061,19.3,9053.122973582582,0.0157,catalog,376824675.3436884,59431339.26613261,Jackson,-0.38500702728239644,-0.7113424494388387,log,0.16303847256207252,0.831070160401119,1.0313488001942063e+23,1.375131733592275e+23
1.83705,1.192,catalog,0.19,582.685382291061,19.3,2607.140971386533,0.0157,catalog,1350712644.1667557,70319171.5041094,Jackson,-0.4502263401302159,-0.7328799039868279,GP,0.10756890831172465,0.6282276546154845,1.3676272764201994e+23,1.8235030352269323e+23
1.83705,1.192,catalog,0.19,582.685382291061,19.3,2970.8840883247103,0.0157,catalog,2523499587.234243,58596686.66102051,Selsis,-0.4496774185556023,-0.7116347586664784,GP,0.19648441601401861,0.7337601354976792,3.628571431866106e+23,4.838095242488141e+23
1.83705,1.192,catalog,0.19,582.685382291061,19.3,669.8336052494915,0.0157,catalog,4501332698.053176,71560151.35561806,Jackson,-0.3008058592540946,-0.6167040968637078,log,0.08252038718542473,0.2197058949636057,3.273653731642819e+23,4.364871642190425e+23
1.83705,1.192,catalog,0.19,582.685382291061,19.3,633.6968526101764,0.0157,catalog,4741832194.031489,26473961.40956155,Jackson,-0.4377650087389289,-0.6904237467695705,log,0.08363811315799931,0.8310196153219143,1.7806994442146435e+23,2.3742659256195245e+23
1.83705,1.192,catalog,0.19,582.685382291061,19.3,2030.8044743782361,0.0157,catalog,1670991240.4101462,89028665.79545887,Jackson,-0.36754328549657506,-0.6904962707677155,linear,0.4757730212638846,0.15925048221398386,8.132502767408233e+23,1.0843337023210977e+24
1.83705,1.192,catalog,0.19,582.685382291061,19.3,909.2917067497095,0.0157,catalog,5947724993.034217,40566932.21591653,Selsis,-0.41464632478771707,-0.7863173543402235,linear,0.2916105461191884,0.9070272286494483,8.047280683127061e+23,1.0729707577502747e+24
1.83705,1.192,catalog,0.19,582.685382291061,19.3,517.2939658997667,0.0157,catalog,5749566091.735054,56989084.88806599,Jackson,-0.4770321249561056,-0.7028737797647615,linear,0.18773441211903952,0.6700603717926282,3.6171980409840165e+23,4.8229307213120215e+23
1.83705,1.192,catalog,0.19,582.685382291061,19.3,814.7716909148908,0.0157,catalog,3753119243.1574807,18055950.07211053,Jackson,-0.4852388382590354,-0.664604865363615,linear,0.3185700364841245,0.9425226141199367,6.426168005578372e+23,8.568224007437828e+23
1.83705,1.192,catalog,0.19,582.685382291061,19.3,885.541050843009,0.0157,catalog,6070032508.157886,41182464.00529208,Selsis,-0.28932526635416317,-0.7381971458787846,linear,0.07439989370355761,0.5710350346534198,4.313275542818312e+23,5.751034057091083e+23
1.83705,1.192,catalog,0.19,582.685382291061,19.3,912.284852302951,0.0157,catalog,5932729971.22471,67625573.01967719,Selsis,-0.47196305717119397,-0.6110561894585028,GP,0.2559507417949305,0.1635834478505379,8.072975840245237e+23,1.0763967786993649e+24
1.83705,1.192,catalog,0.19,582.685382291061,19.3,1123.9377038984621,0.0157,catalog,5061095464.097842,60271416.3544659,Selsis,-0.3346056615335145,-0.6360715268538771,linear,0.17870484977879966,0.23430047035479484,7.515299085986221e+23,1.0020398781314961e+24
1.83705,1.192,catalog,0.19,582.685382291061,19.3,631.4554054614969,0.0157,catalog,7905748638.2420845,44992989.84545468,Selsis,-0.2891268008398282,-0.6038540539178857,linear,0.43592579109440766,0.5079950535357269,3.132072995810466e+24,4.176097327747288e+24
1.83705,1.192,catalog,0.19,582.685382291061,19.3,2227.022563845236,0.0157,catalog,1544165293.736644,14431684.459967129,Jackson,-0.2955217458492751,-0.7291354599678176,linear,0.13552571640913957,0.5687901446555466,4.1753489143874795e+23,5.5671318858499725e+23
1.83705,1.192,catalog,0.19,582.685382291061,19.3,1713.5332919707776,0.0157,catalog,1934794308.6524844,20844419.64084384,Jackson,-0.4338639956255687,-0.6957714121334767,GP,0.19037413454439236,0.8128499191789321,3.301633634080148e+23,4.40217817877353e+23
1.83705,1.192,catalog,0.19,582.685382291061,19.3,1837.1168669249118,0.0157,catalog,3538429601.589309,94170288.27276926,Selsis,-0.4085415612933476,-0.6747266061096376,GP,0.13457770062137037,0.8823889430899522,3.2873960590238384e+23,4.3831947453651176e+23
1.83705,1.192,catalog,0.19,582.685382291061,19.3,1164.272019620278,0.0157,catalog,2717684676.7962656,79566373.5890762,Jackson,-0.34800489563469267,-0.7177148937637629,log,0.09980277672414671,0.7235987706328018,2.2141084529086234e+23,2.9521446038781644e+23
1.83705,1.192,catalog,0.19,582.685382291061,19.3,689.4528633260196,0.0157,catalog,7375477999.068953,43300797.87735412,Selsis,-0.34649056778761433,-0.7546386572581978,linear,0.30893364190736833,0.22130321634214067,1.2307131127878597e+24,1.6409508170504794e+24
1.83705,1.192,catalog,0.19,582.685382291061,19.3,1386.4670063256403,0.0157,catalog,4336022171.394071,90198103.66350973,Selsis,-0.4551550248032555,-0.7378149108843636,linear,0.26825316506736385,0.018497884192045455,6.051663533763881e+23,8.068884711685175e+23
1.83705,1.192,catalog,0.19,582.685382291061,19.3,596.9346861471566,0.0157,catalog,5016872304.225283,19766740.832972843,Jackson,-0.47822221005770543,-0.6710477728085311,GP,0.3479346211064626,0.4427333361963681,7.411633460233589e+23,9.882177946978118e+23
1.83705,1.192,catalog,0.19,582.685382291061,19.3,342.0779301251018,0.0157,catalog,8621488113.183725,8771820.38975819,Jackson,-0.4737256630932399,-0.7668412378004499,log,0.2473876560769306,0.06774118502249649,5.481708458808761e+23,7.308944611745014e+23
1.83705,1.192,catalog,0.19,582.685382291061,19.3,556.3962301374983,0.0157,catalog,5362974207.816064,99889053.33449355,Jackson,-0.44393492491349845,-0.7523402982953674,log,0.10725930775722357,0.6150535259480124,1.93045735778388e+23,2.57394314371184e+23
1.83705,1.192,catalog,0.19,582.685382291061,19.3,337.8928249075219,0.0157,catalog,13189621232.163996,53427115.14169903,Selsis,-0.34301076214342713,-0.6585037778244325,linear,0.3003194891266103,0.8811600662222318,1.5413791090389924e+24,2.055172145385323e+24
1.83705,1.192,catalog,0.19,582.685382291061,19.3,880.8919128263087,0.0157,catalog,6094688205.017112,94943004.45541003,Selsis,-0.480292443645795,-0.7762780067955556,log,0.4927905710588736,0.5309107230584584,1.1619294850887658e+24,1.5492393134516876e+24
1.83705,1.192,catalog,0.19,582.685382291061,19.3,608.1641822047111,0.0157,catalog,4929286649.53392,54580836.03522004,Jackson,-0.33258276935252185,-0.7868834542689345,linear,0.24609313812559044,0.38690129312095445,7.124929127124109e+23,9.499905502832145e+23
1.83705,1.192,catalog,0.19,582.685382291061,19.3,1298.7258475914882,0.0157,catalog,2466391094.5800953,48855056.71552256,Jackson,-0.4746612189703913,-0.7098639801232539,linear,0.08217457693452053,0.657796363273843,1.3110288202638825e+23,1.74803842701851e+23
1.83705,1.192,catalog,0.19,582.685382291061,19.3,504.2845618461964,0.0157,catalog,5891865950.378775,72719861.13996744,Jackson,-0.4461732628486848,-0.6894948785035487,GP,0.18332508500200667,0.7232783660251462,3.7057665171565696e+23,4.941022022875426e+23
1.83705,1.192,catalog,0.19,582.685382291061,19.3,914.7519986242588,0.0157,catalog,3376182238.5359445,48355139.05095504,Jackson,-0.3818005097769296,-0.7382747601723637,log,0.2069887170911181,0.8544217276245916,4.354826832509676e+23,5.806435776679568e+23
1.83705,1.192,catalog,0.19,582.685382291061,19.3,310.85826521820155,0.0157,catalog,9494127885.231731,46674465.564621665,Jackson,-0.45683861988389696,-0.7620579214033696,log,0.09682164310446167,0.2366277692730595,2.0301660459610516e+23,2.706888061281402e+23
1.83705,1.192,catalog,0.19,582.685382291061,19.3,403.32832771303487,0.0157,catalog,7321052019.048335,55045262.07582742,Jackson,-0.2850784530905613,-0.6513661996992783,GP,0.09393926053557233,0.4432235145566019,4.65761960834698e+23,6.210159477795973e+23
1.83705,1.192,catalog,0.19,582.685382291061,19.3,5188.834951156038,0.0157,catalog,1341059769.4904046,22556972.565702382,Selsis,-0.4777843196040163,-0.6319615379759989,linear,0.31933805472235677,0.38692073564067175,4.017888070036296e+23,5.357184093381728e+23
1.83705,1.192,catalog,0.19,582.685382291061,19.3,268.1004911321,0.0157,catalog,11044568148.132729,42990894.51987922,Jackson,-0.3932787208118352,-0.6083193874688781,linear,0.3118015477978107,0.3661975056211233,1.0686268193126986e+24,1.424835759083598e+24
1.83705,1.192,catalog,0.19,582.685382291061,19.3,2030.4200306348462,0.0157,catalog,3295285910.559561,72107888.88651007,Selsis,-0.37419618610748423,-0.718886453198954,linear,0.12191865639649573,0.22793402191084178,3.156274144998132e+23,4.2083655266641764e+23
1.83705,1.192,catalog,0.19,582.685382291061,19.3,2889.458930740599,0.0157,catalog,2572635876.8173037,48065063.88999314,Selsis,-0.2824856275057738,-0.780620682229517,log,0.06953714250034881,0.7653269926446752,2.9108164862538564e+23,3.881088648338475e+23
1.83705,1.192,catalog,0.19,582.685382291061,19.3,1141.8306659221341,0.0157,catalog,2765277772.8700438,65525639.85829853,Jackson,-0.3179049703647601,-0.6517489752371914,log,0.13042840008861173,0.10208715503258081,3.7805885111942095e+23,5.040784681592279e+23
1.83705,1.192,catalog,0.19,582.685382291061,19.3,3646.3353583787457,0.0157,catalog,2191071387.1969824,97522056.1510714,Selsis,-0.4119377807926367,-0.6043863418832287,linear,0.08203925902513583,0.5690320973783417,1.734419096129096e+23,2.3125587948387946e+23
1.83705,1.192,catalog,0.19,582.685382291061,19.3,1910.93354082343,0.0157,catalog,3440392512.661425,67249660.21110758,Selsis,-0.4368369123960049,-0.7435704644457277,GP,0.062457235243185465,0.34098448674768456,1.3450794312707844e+23,1.793439241694379e+23
1.83705,1.192,catalog,0.19,582.685382291061,19.3,348.6962375271705,0.0157,catalog,8457723434.181467,50326900.99350758,Jackson,-0.3671844283840557,-0.7459283509908754,GP,0.067419117109491,0.037471995055191276,1.847114366299289e+23,2.4628191550657186e+23
1.83705,1.192,catalog,0.19,582.685382291061,19.3,2096.3904763998426,0.0157,catalog,3221479953.612993,91373753.64467251,Selsis,-0.4925172584013933,-0.7676852666338707,log,0.07738783644033327,0.2556684168570561,1.4499018611435228e+23,1.933202481524697e+23
1.83705,1.192,catalog,0.19,582.685382291061,19.3,242.16192604863173,0.0157,catalog,12275249192.599026,80909317.82353333,Jackson,-0.4448318881690652,-0.7933579778490003,GP,0.3068294023153213,0.17961254546049987,6.430658619824564e+23,8.574211493099418e+23
1.83705,1.192,catalog,0.19,582.685382291061,19.3,894.7798759439296,0.0157,catalog,6021741402.59563,41226032.08380586,Selsis,-0.44757955202748995,-0.6299165067558411,GP,0.20013215190869413,0.024305794657928037,6.262718330966161e+23,8.350291107954881e+23
1.83705,1.192,catalog,0.19,582.685382291061,19.3,1303.1806609756732,0.0157,catalog,4536909093.92463,70565035.27532028,Selsis,-0.36480024046829523,-0.6792918137220335,linear,0.11279441653544287,0.897238424687664,3.619983262034217e+23,4.826644349378956e+23
1.83705,1.192,catalog,0.19,582.685382291061,19.3,1550.5017418745954,0.0157,catalog,2110733430.4113486,51404059.89880435,Jackson,-0.3328292134737739,-0.7939963118428033,GP,0.06388290617499276,0.014143396474353476,1.4681707754576463e+23,1.9575610339435284e+23
1.83705,1.192,catalog,0.19,582.685382291061,19.3,3307.230220796867,0.0157,catalog,2343158901.800165,61848813.49807294,Selsis,-0.33613828791755923,-0.7637164818637686,linear,0.050589953763450206,0.02133193814878953,1.30160046314543e+23,1.7354672841939064e+23
1.83705,1.192,catalog,0.19,582.685382291061,19.3,1624.1448603945228,0.0157,catalog,3865897025.182785,63675971.979482815,Selsis,-0.43264991538528397,-0.7792852255275042,log,0.31499211652401315,0.40697178825530256,7.08975725798835e+23,9.453009677317799e+23
1.83705,1.192,catalog,0.19,582.685382291061,19.3,1460.5279078798574,0.0157,catalog,4174817117.9656754,52819348.83842533,Selsis,-0.4589114445977789,-0.7661836034006813,GP,0.38994649813163,0.45556890049682963,8.706195850029025e+23,1.1608261133372034e+24
1.83705,1.192,catalog,0.19,582.685382291061,19.3,1199.9580856190462,0.0157,catalog,2645606001.182913,43646288.91849264,Jackson,-0.315108917457213,-0.77392877146375,log,0.06706029369317916,0.9468723926905257,1.903453280957698e+23,2.5379377079435974e+23
1.83705,1.192,catalog,0.19,582.685382291061,19.3,598.2338567295847,0.0157,catalog,5006572433.907432,30849624.917257123,Jackson,-0.4387566624195393,-0.7305481810978014,log,0.05860837663417,0.6135606710667251,1.195108650656842e+23,1.5934782008757892e+23
1.83705,1.192,catalog,0.19,582.685382291061,19.3,769.0567154594577,0.0157,catalog,3958449048.8578606,30483396.55526038,Jackson,-0.3157594990634199,-0.6610177577571367,log,0.26465007501302046,0.1840068154461436,9.159787080280843e+23,1.2213049440374456e+24
1.83705,1.192,catalog,0.19,582.685382291061,19.3,2390.515260711973,0.0157,catalog,2936715451.558685,91492630.0577234,Selsis,-0.38336218182402426,-0.7474255753970083,GP,0.2582105291684493,0.6562598992750684,5.902899976590065e+23,7.870533302120086e+23
1.83705,1.192,catalog,0.19,582.685382291061,19.3,1468.5312360050477,0.0157,catalog,2213479105.281859,34877528.185435444,Jackson,-0.47859032368631216,-0.7249174222091794,GP,0.27127319749864515,0.3640406940314327,4.281643537023313e+23,5.708858049364417e+23
1.83705,1.192,catalog,0.19,582.685382291061,19.3,843.773462302925,0.0157,catalog,3634426470.838445,54132332.15085973,Jackson,-0.45141356960841245,-0.7756061912199045,log,0.17781692507228375,0.41258119873090204,3.0671050328027204e+23,4.0894733770702934e+23
1.83705,1.192,catalog,0.19,582.685382291061,19.3,314.02373469886004,0.0157,catalog,9397231650.65144,2100660.293142331,Jackson,-0.4928427323810462,-0.7822299302860591,GP,0.45724523026780445,0.41662194043604894,1.0516809202958935e+24,1.4022412270611913e+24
1.83705,1.192,catalog,0.19,582.685382291061,19.3,1422.62126231301,0.0157,catalog,4255440209.061648,82673100.30223262,Selsis,-0.454505247605341,-0.7224530802245668,log,0.08979040882944454,0.887676776525981,2.046400887345224e+23,2.7285345164602986e+23
1.83705,1.192,catalog,0.19,582.685382291061,19.3,1847.9499650765401,0.0157,catalog,3523580826.5120187,97610048.24080674,Selsis,-0.4467286496531356,-0.706983155384499,log,0.2545704690293578,0.7355216785941848,5.47525184577292e+23,7.300335794363893e+23
1.83705,1.192,catalog,0.19,582.685382291061,19.3,502.4953286532949,0.0157,catalog,5912030974.164063,31726386.209038254,Jackson,-0.4700831444195711,-0.6536685797564105,log,0.14129396818989312,0.20460665832550962,3.164940387977742e+23,4.2199205173036556e+23
1.83705,1.192,catalog,0.19,582.685382291061,19.3,310.4694266374963,0.0157,catalog,9506175628.537436,75228567.80349068,Jackson,-0.372444766531061,-0.7645283918282298,GP,0.30247200464049945,0.27639486021650206,7.910858008232075e+23,1.0547810677642766e+24
1.83705,1.192,catalog,0.19,582.685382291061,19.3,1633.2059834182062,0.0157,catalog,3850416547.6277304,82436125.41055693,Selsis,-0.47948606969440094,-0.7302767064587486,log,0.059412017527975765,0.19140659615994582,1.2507543831711054e+23,1.667672510894807e+23
1.83705,1.192,catalog,0.19,582.685382291061,19.3,753.5656118629158,0.0157,catalog,6878961530.0177555,80210423.49140115,Selsis,-0.31002561267047957,-0.6863304526805394,linear,0.44947627445386534,0.6933639481850036,2.2938808126427795e+24,3.0585077501903725e+24
1.83705,1.192,catalog,0.19,582.685382291061,19.3,2216.7878280418704,0.0157,catalog,1550248098.9462826,79297929.0332931,Jackson,-0.35503223839280706,-0.6536846583036114,linear,0.12090145810884001,0.5323965928752403,2.2378743487573175e+23,2.9838324650097566e+23
1.83705,1.192,catalog,0.19,582.685382291061,19.3,1871.136473420663,0.0157,catalog,3492359271.937303,39153105.06596484,Selsis,-0.4752377291410971,-0.6484233329902744,GP,0.05168608859694047,0.9150546204172727,1.2131734101519338e+23,1.617564546869245e+23
1.83705,1.192,catalog,0.19,582.685382291061,19.3,347.53766597173905,0.0157,catalog,8485915267.637642,22772584.51547538,Jackson,-0.476323931774056,-0.6333773339124065,log,0.49140752681441874,0.2890943044147294,1.281297170852061e+24,1.7083962278027477e+24
1.83705,1.192,catalog,0.19,582.685382291061,19.3,409.64090427480517,0.0157,catalog,7210154994.056119,54094715.110050395,Jackson,-0.3330397140927648,-0.6220192815562023,GP,0.1784760957970033,0.896039068691748,6.635561306827787e+23,8.847415075770382e+23
1.83705,1.192,catalog,0.19,582.685382291061,19.3,639.6126954105725,0.0157,catalog,7825702549.921244,86701862.13472028,Selsis,-0.49941212810548946,-0.6890263857085117,log,0.47852628441419126,0.1636754478380823,1.285272949216545e+24,1.7136972656220598e+24
1.83705,1.192,catalog,0.19,582.685382291061,19.3,7354.007327040107,0.0157,catalog,575432315.9173223,52014646.138302736,Jackson,-0.3896946245819844,-0.7882662447271261,GP,0.0936078973896387,0.026324360873546282,8.778859318676737e+22,1.1705145758235649e+23
1.83705,1.192,catalog,0.19,582.685382291061,19.3,2618.4938643908936,0.0157,catalog,2755245374.703787,93735960.09378472,Selsis,-0.2895032699042236,-0.6901015334492923,GP,0.13192924933128442,0.0343970910094098,5.344211238312007e+23,7.125614984416009e+23
1.83705,1.192,catalog,0.19,582.685382291061,19.3,5188.834951156033,0.0157,catalog,900263838.0977715,13355733.795115959,Selsis,-0.3428683285058326,-0.7835292212637931,linear,0.052142159441560754,0.875296058069274,6.151401700455161e+22,8.201868933940213e+22
1.83705,1.192,catalog,0.19,582.685382291061,19.3,416.35433921836454,0.0157,catalog,7096068270.354327,30247447.422915798,Jackson,-0.44371722374547473,-0.6689527768500941,log,0.326933532911059,0.9900522729364946,7.705452961089038e+23,1.0273937281452049e+24
1.83705,1.192,catalog,0.19,582.685382291061,19.3,867.1140312960813,0.0157,catalog,3544674593.3966393,86973629.95466559,Jackson,-0.3469388366028407,-0.7559502844913892,GP,0.11807220774901289,0.3995427150110934,2.7686012969548166e+23,3.6914683959397555e+23
1.83705,1.192,catalog,0.19,582.685382291061,19.3,5188.834951156033,0.0157,catalog,583137535.5753837,97130739.93407416,Selsis,-0.28792923495626493,-0.7101252500930831,linear,0.1921332820091345,0.19551930854737176,1.6955097136593015e+23,2.260679618212402e+23
1.83705,1.192,catalog,0.19,582.685382291061,19.3,1653.4028923263795,0.0157,catalog,1995773004.2326963,63220973.41223078,Jackson,-0.4867573300667857,-0.6863414809969154,linear,0.36624497574706827,0.4400818902276451,5.3899912339516835e+23,7.186654978602244e+23
1.83705,1.192,catalog,0.19,582.685382291061,19.3,585.7483164875191,0.0157,catalog,8393085014.647547,55196119.165263824,Selsis,-0.4009407338995366,-0.6208130204638673,linear,0.1947474361429425,0.5312259141668714,7.623827887065022e+23,1.0165103849420029e+24
1.83705,1.192,catalog,0.19,582.685382291061,19.3,1046.012127874137,0.0157,catalog,2991082803.873659,50069960.469873585,Jackson,-0.36984080770686534,-0.7956481994312773,linear,0.06223330961980153,0.30246659635822737,1.303089138424063e+23,1.737452184565417e+23
1.83705,1.192,catalog,0.19,582.685382291061,19.3,1441.2706015450974,0.0157,catalog,2250164654.1635585,10222941.593588771,Jackson,-0.4040951127669429,-0.747826263403637,log,0.09883582798945989,0.5438233119124568,1.9461202100741938e+23,2.5948269467655915e+23
1.83705,1.192,catalog,0.19,582.685382291061,19.3,3995.06599634956,0.0157,catalog,2058352362.5726392,74564826.88882682,Selsis,-0.48383611554675066,-0.7770189059465088,log,0.23562368750069002,0.6869869213305888,3.443257579913555e+23,4.5910101065514064e+23
1.83705,1.192,catalog,0.19,582.685382291061,19.3,2067.84620957938,0.0157,catalog,3252902731.9463844,8716642.863529919,Selsis,-0.4644382411829534,-0.6582312644097548,log,0.09044393505227129,0.685255972859042,2.1440052066535853e+23,2.858673608871447e+23
1.83705,1.192,catalog,0.19,582.685382291061,19.3,1126.8823595379197,0.0157,catalog,2798013915.340823,30187663.179034323,Jackson,-0.3327438467152436,-0.6963499349178648,log,0.2103316762671237,0.45778688514911126,5.740484663883815e+23,7.653979551845087e+23
1.83705,1.192,catalog,0.19,582.685382291061,19.3,5188.834951156033,0.0157,catalog,1216424086.8805828,4797608.827422821,Selsis,-0.46915527122962286,-0.7273203464288882,GP,0.13795068610887573,0.2710330918053956,1.5312007509729227e+23,2.0416010012972302e+23
1.83705,1.192,catalog,0.19,582.685382291061,19.3,1297.9029872786887,0.0157,catalog,2467773810.611973,96878620.76924399,Jackson,-0.3733987429504816,-0.7666292582475588,log,0.12053560445194553,0.23092224988290122,2.1890886209635465e+23,2.9187848279513953e+23
1.83705,1.192,catalog,0.19,582.685382291061,19.3,910.2353301737767,0.0157,catalog,5942987791.8727665,52793489.40963962,Selsis,-0.29151108189272457,-0.6394873100766705,log,0.2610462888468159,0.47052574449916784,1.5712551614250077e+24,2.0950068819000102e+24
1.83705,1.192,catalog,0.19,582.685382291061,19.3,400.9862819566909,0.0157,catalog,7363125225.31018,72519818.55279648,Jackson,-0.3089413433916678,-0.6568898963289379,log,0.2981484487966159,0.8942088679498525,1.1919244383093852e+24,1.5892325844125136e+24
1.83705,1.192,catalog,0.19,582.685382291061,19.3,858.4108260031786,0.0157,catalog,3577570453.5807767,38830960.27880731,Jackson,-0.34723285720747427,-0.7755145716790296,linear,0.072470756681029,0.232205489959597,1.8332930648039747e+23,2.444390753071966e+23
1.83705,1.192,catalog,0.19,582.685382291061,19.3,4209.2861737519825,0.0157,catalog,1986360663.5673738,49205099.90722673,Selsis,-0.48211104153816603,-0.705332346071416,GP,0.33969700402324243,0.9228202033456203,5.1760429979155816e+23,6.901390663887442e+23
1.83705,1.192,catalog,0.19,582.685382291061,19.3,856.740795954472,0.0157,catalog,3583959149.531345,96615308.69587795,Jackson,-0.4365798917047503,-0.6409260065675809,log,0.3786922831233082,0.8788523000992895,7.282276088610625e+23,9.709701451480832e+23
1.83705,1.192,catalog,0.19,582.685382291061,19.3,2881.5280282858316,0.0157,catalog,2577551506.117228,82472596.21363902,Selsis,-0.35540419860893085,-0.7858442836832851,log,0.08567064757124315,0.518808453462322,2.05245213926748e+23,2.73660285235664e+23
1.83705,1.192,catalog,0.19,582.685382291061,19.3,1283.1917435553498,0.0157,catalog,2492786900.0255356,16380335.876480259,Jackson,-0.44808640296131286,-0.6704898460476897,GP,0.25546646409480606,0.6880841205344501,4.862084444429632e+23,6.482779259239509e+23
1.83705,1.192,catalog,0.19,582.685382291061,19.3,8008.946216017306,0.0157,catalog,537040429.4262248,18941091.11131005,Jackson,-0.3626885568163006,-0.6723692208760569,log,0.11378567867084029,0.3645721625296443,1.3885345938120869e+23,1.8513794584161158e+23
1.83705,1.192,catalog,0.19,582.685382291061,19.3,283.65142072530796,0.0157,catalog,10422619411.536835,75220752.12920523,Jackson,-0.4078416259602222,-0.7071387804198738,linear,0.3988842381619117,0.15649799402498443,9.743115802347708e+23,1.2990821069796944e+24
1.83705,1.192,catalog,0.19,582.685382291061,19.3,3743.496713472016,0.0157,catalog,997862011.137621,3642211.081467676,Jackson,-0.3904887833524144,-0.6918152578485179,linear,0.3203370929642121,0.573856863941432,5.540959229258272e+23,7.387945639011028e+23
1.83705,1.192,catalog,0.19,582.685382291061,19.3,2101.5749856074344,0.0157,catalog,1622631257.6212366,38048979.459144376,Jackson,-0.4726668586681526,-0.6061887728914823,GP,0.35435153123950613,0.4021411528294493,6.115820476475668e+23,8.154427301967557e+23
1.83705,1.192,catalog,0.19,582.685382291061,19.3,801.6034927668182,0.0157,catalog,3809853486.050171,77338261.77580057,Jackson,-0.29522576817407986,-0.617631546252333,GP,0.0651252555568068,0.7686996143041581,2.537984293532627e+23,3.383979058043502e+23
1.83705,1.192,catalog,0.19,582.685382291061,19.3,1945.2410183916106,0.0157,catalog,3397112319.4737883,7969878.561936435,Selsis,-0.2927158529635007,-0.7295751826723771,log,0.3731156973591195,0.36276978204436894,1.7749823900733807e+24,2.3666431867645076e+24
1.83705,1.192,catalog,0.19,582.685382291061,19.3,4114.683578821742,0.0157,catalog,922836076.3650023,36493778.938488655,Jackson,-0.3491516554741237,-0.7180760684932037,GP,0.0877138535094727,0.5548367958779294,1.4018004288669592e+23,1.869067238489279e+23
1.83705,1.192,catalog,0.19,582.685382291061,19.3,520.3609700687116,0.0157,catalog,5717085074.7197075,93746601.69233212,Jackson,-0.40332593233779057,-0.7922975022252216,GP,0.367309893534523,0.4886418401184215,7.374851169697202e+23,9.833134892929602e+23
1.83705,1.192,catalog,0.19,582.685382291061,19.3,382.88013786285654,0.0157,catalog,11874602356.166826,12851979.159426222,Selsis,-0.35381580237654797,-0.7365450863897549,linear,0.14670962444315847,0.0794134158031029,6.538485704408699e+23,8.717980939211598e+23
1.83705,1.192,catalog,0.19,582.685382291061,19.3,3987.375299137568,0.0157,catalog,947089497.2686251,24073202.48075142,Jackson,-0.3560926393671713,-0.7502273117472371,linear,0.3466683090392741,0.6904752353783055,5.646204744788464e+23,7.528272993051285e+23
1.83705,1.192,catalog,0.19,582.685382291061,19.3,620.405795769502,0.0157,catalog,8017339539.222007,13699306.118205333,Selsis,-0.37800696782325105,-0.6030411980017586,log,0.32628296434105947,0.7374821858355939,1.4915646638303803e+24,1.9887528851071738e+24
1.83705,1.192,catalog,0.19,582.685382291061,19.3,1338.8210138646991,0.0157,catalog,4448185926.9131775,14722238.157016303,Selsis,-0.41626313722497926,-0.6332286221848092,GP,0.05554234811515128,0.05174108473335837,1.6991542657344782e+23,2.2655390209793043e+23
1.83705,1.192,catalog,0.19,582.685382291061,19.3,1518.9655605221667,0.0157,catalog,4057635888.56689,19341508.742589463,Selsis,-0.32031529175923884,-0.7371100178940369,GP,0.1843096281794334,0.3902866107249602,7.403554977462688e+23,9.871406636616916e+23
1.83705,1.192,catalog,0.19,582.685382291061,19.3,637.287074355089,0.0157,catalog,7848326594.216058,93706943.63840643,Selsis,-0.3130267287284011,-0.7355595681920455,log,0.20745872933994275,0.2710439871288275,1.0354681926639403e+24,1.3806242568852537e+24
1.83705,1.192,catalog,0.19,582.685382291061,19.3,1307.1890680635177,0.0157,catalog,4526712746.342074,70225948.5439272,Selsis,-0.455493661279217,-0.6673810321442644,GP,0.11070269718683103,0.3370402108891434,2.7822821673841104e+23,3.709709556512147e+23
1.83705,1.192,catalog,0.19,582.685382291061,19.3,1005.3766946278885,0.0157,catalog,5507738513.510466,84320173.73185161,Selsis,-0.4070238602068024,-0.7024899462401035,GP,0.424158824121478,0.26003073088281026,1.1998936982778277e+24,1.5998582643704367e+24
1.83705,1.192,catalog,0.19,582.685382291061,19.3,1270.4472696731175,0.0157,catalog,4622345785.61383,2873676.959763353,Selsis,-0.49451350611706735,-0.6069827284593616,GP,0.059735450558710844,0.304967783127976,1.8599677574401837e+23,2.479957009920245e+23
1.83705,1.192,catalog,0.19,582.685382291061,19.3,646.9502940153412,0.0157,catalog,4650459423.043203,15640490.729328914,Jackson,-0.3725521397058369,-0.7967574788867646,linear,0.37509622911952234,0.2985688617677217,9.403804526999694e+23,1.253840603599959e+24
1.83705,1.192,catalog,0.19,582.685382291061,19.3,479.042516242503,0.0157,catalog,6190736000.29496,85351786.32409191,Jackson,-0.40278981527125046,-0.6535111412133844,linear,0.14245864528948785,0.4682495149618051,3.3945754071699496e+23,4.526100542893266e+23
1.83705,1.192,catalog,0.19,582.685382291061,19.3,426.32384433364433,0.0157,catalog,6933554500.0649395,21318985.5470686,Jackson,-0.34669519692592016,-0.678337003077688,GP,0.08316181968280802,0.9546917447556009,2.7336279446968964e+23,3.644837259595862e+23
1.83705,1.192,catalog,0.19,582.685382291061,19.3,4525.1985654383425,0.0157,catalog,1891050275.8589876,9334070.325881036,Selsis,-0.4978384574782649,-0.6813539409073879,log,0.26064591083390587,0.7541170992047596,4.180687491915448e+23,5.574249989220597e+23
1.83705,1.192,catalog,0.19,582.685382291061,19.3,1084.7820256362056,0.0157,catalog,2894982833.3254614,33342758.790132664,Jackson,-0.4538480041925902,-0.6309945289380495,GP,0.16981353097253282,0.23972143027070214,3.413467566828411e+23,4.551290089104548e+23
1.83705,1.192,catalog,0.19,582.685382291061,19.3,666.0215168799316,0.0157,catalog,4525454007.578201,36242519.89863563,Jackson,-0.33113337393617276,-0.6356908386130389,GP,0.0706526154009551,0.3569189386040278,2.3519119249873383e+23,3.135882566649784e+23
1.83705,1.192,catalog,0.19,582.685382291061,19.3,1483.186428952439,0.0157,catalog,4128397370.2095585,60484608.765524566,Selsis,-0.41476224898934205,-0.7578606792065762,linear,0.10887110964074038,0.986394044111748,2.65728960700993e+23,3.5430528093465735e+23
1.83705,1.192,catalog,0.19,582.685382291061,19.3,1699.282476653762,0.0157,catalog,3742005671.705179,43781158.53979748,Selsis,-0.3823487281221654,-0.6360647901907891,log,0.1034759150702044,0.9002701426713265,3.1224349269034076e+23,4.163246569204543e+23
1.83705,1.192,catalog,0.19,582.685382291061,19.3,5188.834951156033,0.0157,catalog,887504125.1977022,26609919.687577177,Selsis,-0.4086890264626227,-0.7096523945029916,GP,0.15901844582462552,0.2005475349693966,1.3655184540618637e+23,1.820691272082485e+23
1.83705,1.192,catalog,0.19,582.685382291061,19.3,612.903327276936,0.0157,catalog,4893290969.226178,48435283.91575019,Jackson,-0.48808019926110063,-0.7547933445010305,log,0.10743772896284413,0.45060337674429307,1.9138917276884623e+23,2.5518556369179496e+23
1.83705,1.192,catalog,0.19,582.685382291061,19.3,3388.480582998649,0.0157,catalog,2304309194.2819104,47206897.18459234,Selsis,-0.48868368945307605,-0.6051986211951186,GP,0.1095131163475766,0.5124515855049737,2.2554228449096314e+23,3.0072304598795083e+23
1.83705,1.192,catalog,0.19,582.685382291061,19.3,3640.6636187018926,0.0157,catalog,1021182689.489539,34935211.89080366,Jackson,-0.2873987881698641,-0.6952745463582278,linear,0.05355619974893949,0.6367600381980576,1.3868553759735015e+23,1.849140501298002e+23
1.83705,1.192,catalog,0.19,582.685382291061,19.3,458.22616585496866,0.0157,catalog,6462860599.124018,72855427.34187227,Jackson,-0.4840786639444506,-0.6814548327437864,GP,0.3788423132222326,0.4996226991674029,7.493638995023973e+23,9.991518660031964e+23
1.83705,1.192,catalog,0.19,582.685382291061,19.3,5104.0618673515655,0.0157,catalog,1710870575.5310645,35557957.06886117,Selsis,-0.336077992794324,-0.6103835869361327,GP,0.05769478942766492,0.13688473404685886,1.3687790878766968e+23,1.8250387838355957e+23
1.83705,1.192,catalog,0.19,582.685382291061,19.3,757.8714814162861,0.0157,catalog,6848441971.210898,43584604.751177765,Selsis,-0.4671189959524724,-0.6606333137687801,linear,0.13950423684864863,0.9531534144246167,4.0674267378208805e+23,5.4232356504278405e+23
1.83705,1.192,catalog,0.19,582.685382291061,19.3,772.247623952422,0.0157,catalog,6748848951.981001,27397923.471249305,Selsis,-0.44393998953783576,-0.7397854990188856,GP,0.26400246254460824,0.2895047666675735,7.27016367142273e+23,9.693551561896972e+23
1.83705,1.192,catalog,0.19,582.685382291061,19.3,737.1431307120823,0.0157,catalog,6998417351.781591,47109917.38700173,Selsis,-0.4424553684485642,-0.7601956515094603,log,0.1041569413394389,0.33661825516724764,2.8151917786439964e+23,3.753589038191995e+23
1.83705,1.192,catalog,0.19,582.685382291061,19.3,5188.834951156033,0.0157,catalog,1411893414.9576216,34018956.18603878,Selsis,-0.3876838397932349,-0.6174776340789003,linear,0.3324448087433235,0.5306367129599399,5.225531295924002e+23,6.967375061232002e+23
1.83705,1.192,catalog,0.19,582.685382291061,19.3,2298.256979540545,0.0157,catalog,1503265854.067874,42371934.36924283,Jackson,-0.32167928475317265,-0.7245338917975079,GP,0.3463580601899468,0.019879284521293727,7.88528323926415e+23,1.0513710985685533e+24
1.83705,1.192,catalog,0.19,582.685382291061,19.3,1494.8422428852584,0.0157,catalog,2179306508.687104,38189551.7052057,Jackson,-0.36142143592995013,-0.6931371425927896,log,0.13561678116779816,0.49803705672084464,2.892641430465678e+23,3.856855240620904e+23
1.83705,1.192,catalog,0.19,582.685382291061,19.3,929.1931933850254,0.0157,catalog,3328534393.681086,56935647.252550334,Jackson,-0.41002769277886064,-0.6966890615436642,linear,0.19215204492685573,0.5264046309668543,3.726613186692413e+23,4.968817582256551e+23
1.83705,1.192,catalog,0.19,582.685382291061,19.3,588.5811654983133,0.0157,catalog,5084207743.597696,88001545.32409504,Jackson,-0.44564340566792776,-0.7063806796378862,linear,0.37249066744695364,0.48992244875957003,6.98083561244547e+23,9.30778081659396e+23
1.83705,1.192,catalog,0.19,582.685382291061,19.3,1203.4652111836892,0.0157,catalog,4810218238.413607,78635721.094392,Selsis,-0.40442022791827514,-0.6666137671646163,log,0.4324887591153417,0.37894817413629034,1.238342772033097e+24,1.6511236960441293e+24
1.83705,1.192,catalog,0.19,582.685382291061,19.3,5188.834951156033,0.0157,catalog,1258506498.3995204,67249543.33437613,Selsis,-0.28078921142353863,-0.7351684497411108,GP,0.355181007505173,0.8834767761705896,7.950563626636493e+23,1.060075150218199e+24
1.83705,1.192,catalog,0.19,582.685382291061,19.3,8026.503959059651,0.0157,catalog,536061138.38024086,67003800.218518466,Jackson,-0.4360716481737913,-0.7737551750179938,linear,0.05832707428897541,0.43052532420646217,4.37821830283984e+22,5.8376244037864535e+22
1.83705,1.192,catalog,0.19,582.685382291061,19.3,576.4797373484402,0.0157,catalog,8500805897.475502,40280096.140941404,Selsis,-0.4661809865363334,-0.7782162698801182,log,0.09920076915627586,0.3547087236306222,2.670024596461097e+23,3.560032795281462e+23
1.83705,1.192,catalog,0.19,582.685382291061,19.3,1563.1441299011663,0.0157,catalog,3974283871.982447,99229257.50047553,Selsis,-0.3725432496270124,-0.6610550433101527,log,0.0757818827198057,0.8118645103153783,2.2439352291313858e+23,2.9919136388418475e+23
1.83705,1.192,catalog,0.19,582.685382291061,19.3,524.2033557642511,0.0157,catalog,5676944004.686817,33400805.884208053,Jackson,-0.4763768164469833,-0.6127791908269347,linear,0.4548634646832178,0.7414828105400713,1.1282589750023949e+24,1.504345300003193e+24
1.83705,1.192,catalog,0.19,582.685382291061,19.3,3390.563205775061,0.0157,catalog,2303334738.972311,9608054.018263608,Selsis,-0.399854324916241,-0.7712841096898531,GP,0.1098643109769361,0.3252339850983539,2.2564525172151263e+23,3.008603356286835e+23
1.83705,1.192,catalog,0.19,582.685382291061,19.3,644.3869819956107,0.0157,catalog,7779739850.426555,82174584.72048002,Selsis,-0.49690311178702595,-0.7760488800054888,GP,0.14646096101445372,0.5418932907856959,3.61704882375515e+23,4.822731765006866e+23
1.83705,1.192,catalog,0.19,582.685382291061,19.3,351.51161263411416,0.0157,catalog,8390034233.584773,74881248.41061513,Jackson,-0.49125429260908304,-0.7455421835514128,linear,0.07124558625975658,0.4023310676374704,1.3494196192819143e+23,1.7992261590425522e+23
1.83705,1.192,catalog,0.19,582.685382291061,19.3,1345.8478876092568,0.0157,catalog,4431194198.462484,8297255.985533281,Selsis,-0.4976103427125441,-0.7244370175257302,linear,0.10406080858611809,0.5599869559354151,2.457886665265244e+23,3.277182220353659e+23
1.83705,1.192,catalog,0.19,582.685382291061,19.3,378.9415917971973,0.0157,catalog,7785892511.111293,54789332.99505658,Jackson,-0.45459094812350404,-0.6361036547212294,linear,0.1507307866133792,0.08219057516738582,3.702392143399424e+23,4.936522857865898e+23
