pl_mass,pl_radius,mass_source,st_mass,pl_teff,pl_insol,pl_XUV_flux,pl_orbsmax,orbit_source,st_age,pl_form_yr,x-ray-model,euv_gamma1,euv_gamma2,co2_fit,ch4_eta,N2O2_frac,C_loss,atmospheric_loss
1.75,1.09,catalog,0.31,566.9650939116118,17.3,163.10564482947655,0.0252,catalog,9150934347.450706,50337149.88835233,Jackson,-0.2801892868045753,-0.6313650406216154,GP,0.2540936644131717,0.6061100229707496,5.323039218119729e+23,7.097385624159639e+23
1.75,1.09,catalog,0.31,566.9650939116118,17.3,133.9469141213112,0.0252,catalog,11382983611.373743,70044602.34736943,Jackson,-0.423920364433804,-0.6840433849948092,linear,0.1826178779957175,0.7183877413865813,1.6391804954908314e+23,2.185573993987775e+23
1.75,1.09,catalog,0.31,566.9650939116118,17.3,763.9742801684729,0.0252,catalog,3981876332.660554,99505652.50589572,Selsis,-0.4986392090164634,-0.6293849024471749,linear,0.09454360590316561,0.3007122754972018,1.2531464859608436e+23,1.6708619812811247e+23
1.75,1.09,catalog,0.31,566.9650939116118,17.3,300.5928228561896,0.0252,catalog,8517436846.276891,53463850.53921987,Selsis,-0.46045254159876414,-0.7387464161310062,log,0.0516962728367662,0.9152760822899492,7.331797679489362e+22,9.775730239319148e+22
1.75,1.09,catalog,0.31,566.9650939116118,17.3,688.8569248034958,0.0252,catalog,4319174255.716515,62142504.50380351,Selsis,-0.3836138666295806,-0.7448730954055911,linear,0.09954462972843826,0.5644456803312902,1.4811400690921205e+23,1.9748534254561606e+23
1.75,1.09,catalog,0.31,566.9650939116118,17.3,4954.4163930886825,0.0252,catalog,681416671.4536616,3124556.037185519,Selsis,-0.2913685666479062,-0.7390293904411698,linear,0.21959588852837952,0.7539566540779967,2.3111612258623632e+23,3.0815483011498174e+23
1.75,1.09,catalog,0.31,566.9650939116118,17.3,384.7045146437428,0.0252,catalog,3780532742.724541,82882464.50725621,Jackson,-0.39858449409342556,-0.6942148176565195,log,0.16987560549804143,0.8535678475852547,1.1809390581540694e+23,1.5745854108720924e+23
1.75,1.09,catalog,0.31,566.9650939116118,17.3,877.3102094214753,0.0252,catalog,3575834386.962766,10231158.369290678,Selsis,-0.398594813779633,-0.7642263447589916,log,0.2729313826222218,0.5769378985099454,3.870643021649378e+23,5.1608573621991707e+23
1.75,1.09,catalog,0.31,566.9650939116118,17.3,278.4027037270076,0.0252,catalog,5215893092.23523,1970965.6768342766,Jackson,-0.40888693314638364,-0.6421127661351315,GP,0.1677009201573908,0.9180813860316731,1.6431598322500668e+23,2.1908797763334223e+23
1.75,1.09,catalog,0.31,566.9650939116118,17.3,665.4775628224362,0.0252,catalog,2249539747.6619563,47996372.22805252,Jackson,-0.45396208738853866,-0.6804809170392958,GP,0.13018335648854648,0.10700289144023756,7.150206201020975e+22,9.533608268027967e+22
1.75,1.09,catalog,0.31,566.9650939116118,17.3,232.18231958443218,0.0252,catalog,6284447720.267443,81320977.8720928,Jackson,-0.4688974756565557,-0.794646631602576,log,0.3689579966432072,0.5863820420732526,2.179904486469989e+23,2.9065393152933188e+23
1.75,1.09,catalog,0.31,566.9650939116118,17.3,573.8287443423849,0.0252,catalog,2581059286.997408,89313896.59495085,Jackson,-0.3661100231736298,-0.782755948299877,GP,0.34246583594574415,0.9886528565098922,2.2474527174327633e+23,2.9966036232436842e+23
1.75,1.09,catalog,0.31,566.9650939116118,17.3,1124.7086517633313,0.0252,catalog,2966830310.0409055,57197411.19998305,Selsis,-0.3462330837448252,-0.6071883265831857,linear,0.13443733581773848,0.2294675706019932,2.5189564652388195e+23,3.3586086203184256e+23
1.75,1.09,catalog,0.31,566.9650939116118,17.3,576.3920049230666,0.0252,catalog,2570321945.4208665,60259157.866104476,Jackson,-0.3305057903846086,-0.7979664985905837,GP,0.2767703220635892,0.1596245524150296,2.331356345598609e+23,3.108475127464812e+23
1.75,1.09,catalog,0.31,566.9650939116118,17.3,1692.8434101312996,0.0252,catalog,2196948519.6304727,35218135.91024743,Selsis,-0.3420394769947975,-0.6663453403818608,linear,0.20215186729781576,0.5571839408942928,3.154442885125394e+23,4.205923846833858e+23
1.75,1.09,catalog,0.31,566.9650939116118,17.3,136.5128171616671,0.0252,catalog,11142804938.562025,68221697.0555009,Jackson,-0.4942051665931832,-0.6819117117888217,linear,0.24755470743731967,0.24611604114733865,1.9390991292823427e+23,2.58546550570979e+23
1.75,1.09,catalog,0.31,566.9650939116118,17.3,421.77865806085146,0.0252,catalog,6411053819.26359,71300035.57151042,Selsis,-0.3940699491953837,-0.6169627466585008,GP,0.12042650096872037,0.05155838458032891,2.330757730519944e+23,3.107676974026592e+23
1.75,1.09,catalog,0.31,566.9650939116118,17.3,469.7032349577625,0.0252,catalog,3118334497.8542733,35217892.32674191,Jackson,-0.3114041831653178,-0.7516365443215789,linear,0.30124415635133195,0.37795548881435803,3.286893260390939e+23,4.382524347187918e+23
1.75,1.09,catalog,0.31,566.9650939116118,17.3,562.097585027525,0.0252,catalog,5078127692.574665,45957955.786218055,Selsis,-0.48139506787791964,-0.7920977333557101,GP,0.16840666955505285,0.28888215615767265,2.0380368356286917e+23,2.717382447504922e+23
1.75,1.09,catalog,0.31,566.9650939116118,17.3,766.0033969451002,0.0252,catalog,1977657042.9577289,76386574.60594884,Jackson,-0.35866169903151857,-0.6242310290061991,linear,0.4406160211052247,0.32407058466739813,3.325644716812521e+23,4.4341929557500283e+23
1.75,1.09,catalog,0.31,566.9650939116118,17.3,990.1272358023818,0.0252,catalog,1569602738.0602148,77244629.71393786,Jackson,-0.37605274396686594,-0.6150256306578302,linear,0.07073975987733262,0.7728152614653886,4.601445853696799e+22,6.135261138262398e+22
1.75,1.09,catalog,0.31,566.9650939116118,17.3,1219.4238917348332,0.0252,catalog,1305601571.819943,32871057.90184978,Jackson,-0.32668036063477174,-0.6387468621698668,linear,0.05132818169780633,0.7927923457356816,4.049679562713683e+22,5.39957275028491e+22
1.75,1.09,catalog,0.31,566.9650939116118,17.3,615.1999847033422,0.0252,catalog,2418952731.2075353,32545563.014734633,Jackson,-0.4035949574057734,-0.7672286164314523,linear,0.42516472388169063,0.22161158747781606,2.5646974893500666e+23,3.419596652466755e+23
1.75,1.09,catalog,0.31,566.9650939116118,17.3,438.901212544011,0.0252,catalog,6204795937.445645,1465722.7623918217,Selsis,-0.33933368156769544,-0.7020306118944359,GP,0.2775809972697664,0.10758825622336698,6.43609012449068e+23,8.581453499320907e+23
1.75,1.09,catalog,0.31,566.9650939116118,17.3,1223.0255002494412,0.0252,catalog,2788259656.1643844,39658164.521265306,Selsis,-0.4997777509987592,-0.7532572085820187,log,0.37097139283196073,0.33325722769606014,3.858571700088248e+23,5.1447622667843306e+23
1.75,1.09,catalog,0.31,566.9650939116118,17.3,746.2423002851157,0.0252,catalog,4055760218.5169826,75348998.39999089,Selsis,-0.4133785277355193,-0.6860121019490887,linear,0.07004130634954175,0.7430210662525524,9.654505411431542e+22,1.2872673881908723e+23
1.75,1.09,catalog,0.31,566.9650939116118,17.3,228.39727199461885,0.0252,catalog,6392762652.142231,30041682.290978,Jackson,-0.46177183997753907,-0.6770888994671544,GP,0.1901816156243833,0.6734237192794484,1.443569309664427e+23,1.9247590795525693e+23
1.75,1.09,catalog,0.31,566.9650939116118,17.3,241.2764894257894,0.0252,catalog,10304335373.315554,94455271.43006708,Selsis,-0.47259092046585754,-0.6286458350374478,GP,0.36373923325873403,0.37821766452437,6.456844118320705e+23,8.609125491094274e+23
1.75,1.09,catalog,0.31,566.9650939116118,17.3,241.77146228988138,0.0252,catalog,10285805393.557653,44863161.96633863,Selsis,-0.3592104909405429,-0.7303931116884868,log,0.2359390075770201,0.47678999001113875,4.917870543474399e+23,6.557160724632532e+23
1.75,1.09,catalog,0.31,566.9650939116118,17.3,793.6146939542637,0.0252,catalog,3865271719.246247,31857620.34620646,Selsis,-0.32586874592451576,-0.7629568688715124,linear,0.49042673493204764,0.48974206629725736,9.878285939218734e+23,1.3171047918958311e+24
1.75,1.09,catalog,0.31,566.9650939116118,17.3,2211.5925322789703,0.0252,catalog,1811283774.0972025,64277335.962936915,Selsis,-0.30349290398353573,-0.6377513865882247,GP,0.3846759947625108,0.7545888015514177,6.96845456496779e+23,9.291272753290385e+23
1.75,1.09,catalog,0.31,566.9650939116118,17.3,349.3781856823075,0.0252,catalog,7498190686.650517,53895717.1443238,Selsis,-0.47478053625484784,-0.7909181951170073,log,0.4780857094154974,0.8637615978470954,6.249541576124636e+23,8.332722101499513e+23
1.75,1.09,catalog,0.31,566.9650939116118,17.3,353.6372871911309,0.0252,catalog,4106258808.698026,80859301.25791912,Jackson,-0.3066885703442183,-0.745691399806534,linear,0.2976077835558938,0.8641602180788784,3.4410294326955725e+23,4.588039243594096e+23
1.75,1.09,catalog,0.31,566.9650939116118,17.3,430.93529846581157,0.0252,catalog,3386496184.942919,54737682.635152474,Jackson,-0.4089626172549873,-0.6940034938098829,GP,0.05448960553199509,0.6569025514811329,3.668802658287938e+22,4.89173687771725e+22
1.75,1.09,catalog,0.31,566.9650939116118,17.3,548.7414093589679,0.0252,catalog,5176905222.230333,28201912.872055635,Selsis,-0.4230703771203165,-0.6798271968350588,GP,0.08686922022843187,0.44632673152122804,1.3163755817927617e+23,1.755167442390349e+23
1.75,1.09,catalog,0.31,566.9650939116118,17.3,231.880185821324,0.0252,catalog,6292952837.402797,80633472.12234718,Jackson,-0.480072062737855,-0.6372108804891116,GP,0.1970738405918931,0.4368226943666953,1.5444395375514576e+23,2.0592527167352767e+23
1.75,1.09,catalog,0.31,566.9650939116118,17.3,4962.53128856767,0.0252,catalog,920452004.161387,52906958.82151473,Selsis,-0.47006973055766227,-0.6771457069352821,log,0.1199917407448141,0.6944722367962045,6.743370262170766e+22,8.99116034956102e+22
1.75,1.09,catalog,0.31,566.9650939116118,17.3,371.39938022824464,0.0252,catalog,3913056295.9991674,20595049.084986076,Jackson,-0.3374689350439483,-0.7392202864495925,GP,0.24726866300164826,0.11041034998241739,2.47785781990607e+23,3.303810426541427e+23
1.75,1.09,catalog,0.31,566.9650939116118,17.3,571.3599615807371,0.0252,catalog,5012199179.329407,73315800.67708038,Selsis,-0.41494205636003473,-0.7355293735694288,GP,0.3935108845374092,0.1579249529067619,5.4557737227982954e+23,7.27436496373106e+23
1.75,1.09,catalog,0.31,566.9650939116118,17.3,1018.1697595205723,0.0252,catalog,1531070816.2218862,73204207.74721375,Jackson,-0.48082358130307223,-0.7687008591110572,linear,0.05246734145301689,0.8490503293194973,2.1135721836138904e+22,2.81809624481852e+22
1.75,1.09,catalog,0.31,566.9650939116118,17.3,630.4985882935354,0.0252,catalog,4632989111.02494,4819767.979305589,Selsis,-0.46452117101547047,-0.7673494204598618,GP,0.06446709218937748,0.8243189884475722,8.488578419725043e+22,1.1318104559633391e+23
1.75,1.09,catalog,0.31,566.9650939116118,17.3,716.7505486568824,0.0252,catalog,2101337723.162981,56932585.164981425,Jackson,-0.4224852847174168,-0.6334084156505754,log,0.08657151672995932,0.6726853833335977,5.427249889309588e+22,7.236333185746117e+22
1.75,1.09,catalog,0.31,566.9650939116118,17.3,2239.2806013137765,0.0252,catalog,1795219460.1389318,15160223.920252662,Selsis,-0.47447937074768654,-0.6974243234541784,log,0.06004422148314507,0.8285697005167919,5.850463895927981e+22,7.800618527903974e+22
1.75,1.09,catalog,0.31,566.9650939116118,17.3,284.1274801829097,0.0252,catalog,5109378818.474879,80131469.22768024,Jackson,-0.32262827824734486,-0.6082713905213282,GP,0.08622164861546054,0.5725094637173784,1.1592189984327606e+23,1.5456253312436808e+23
1.75,1.09,catalog,0.31,566.9650939116118,17.3,3441.5400388164967,0.0252,catalog,1327420971.6106956,52609861.65101108,Selsis,-0.3135852425229033,-0.7308150491501828,linear,0.07738750158204546,0.5043437410392562,1.0163558779918629e+23,1.355141170655817e+23
1.75,1.09,catalog,0.31,566.9650939116118,17.3,987.7876076243682,0.0252,catalog,1572914654.6596107,84569221.8761585,Jackson,-0.3101567663038601,-0.7065430987130555,GP,0.2518450844932445,0.38014749943832327,2.044672227827751e+23,2.7262296371036676e+23
1.75,1.09,catalog,0.31,566.9650939116118,17.3,275.74664465288384,0.0252,catalog,5266917495.895328,3025515.254395384,Jackson,-0.34822577130803734,-0.6016257541165294,log,0.08663542237895007,0.1898622199007466,1.207350159486054e+23,1.609800212648072e+23
1.75,1.09,catalog,0.31,566.9650939116118,17.3,257.188743757264,0.0252,catalog,9744405720.134499,23126694.25587296,Selsis,-0.45876433487047824,-0.6835308268292135,GP,0.19149836034114567,0.4759070013302873,3.107075432806307e+23,4.142767243741742e+23
1.75,1.09,catalog,0.31,566.9650939116118,17.3,326.5067285650894,0.0252,catalog,4444112371.594235,90979801.52069342,Jackson,-0.36545894382838445,-0.7146363191595446,GP,0.3015500456458289,0.9027720380082981,2.4509063183072372e+23,3.267875091076316e+23
1.75,1.09,catalog,0.31,566.9650939116118,17.3,1545.628896990965,0.0252,catalog,2347890895.449614,11854946.96285631,Selsis,-0.3223008655171972,-0.7728367825628537,log,0.09709446907860665,0.28910132346699546,1.7441245226591827e+23,2.3254993635455767e+23
1.75,1.09,catalog,0.31,566.9650939116118,17.3,116.37645653533261,0.0252,catalog,13359950392.97609,34338843.39306611,Jackson,-0.3202741108683212,-0.7775989030013555,linear,0.4919385109917965,0.008788748326836515,7.089604214495696e+23,9.452805619327594e+23
1.75,1.09,catalog,0.31,566.9650939116118,17.3,276.424371163156,0.0252,catalog,9153453003.867916,77587181.42820406,Selsis,-0.41864888382884674,-0.6964301974977125,GP,0.08521574825577394,0.6055713528894705,1.3932295986003547e+23,1.857639464800473e+23
1.75,1.09,catalog,0.31,566.9650939116118,17.3,203.9404751042544,0.0252,catalog,7199018560.482558,1134132.6308943739,Jackson,-0.29748237715765835,-0.6370868055537751,GP,0.12240206785405341,0.7152231200755881,2.3577531527812865e+23,3.1436708703750486e+23
1.75,1.09,catalog,0.31,566.9650939116118,17.3,1894.8479732700084,0.0252,catalog,2024397657.615652,71323066.38706455,Selsis,-0.37462105298699144,-0.620498950468969,log,0.24088240654989637,0.647496630020587,3.21751600949433e+23,4.29002134599244e+23
1.75,1.09,catalog,0.31,566.9650939116118,17.3,1916.1056057701123,0.0252,catalog,2008139416.478675,48686586.53652258,Selsis,-0.4407260656895975,-0.7764705273590847,log,0.07313506561220338,0.1566437019859136,7.102193524867792e+22,9.469591366490388e+22
1.75,1.09,catalog,0.31,566.9650939116118,17.3,334.92370328392275,0.0252,catalog,7769811921.631428,64099793.90185353,Selsis,-0.49405581925363623,-0.6848666585014225,linear,0.10569814803562938,0.48703266176207216,1.5006287971437412e+23,2.000838396191655e+23
1.75,1.09,catalog,0.31,566.9650939116118,17.3,3892.269850027668,0.0252,catalog,1219185356.300181,98628607.29320812,Selsis,-0.36706385247262396,-0.7133816842552317,log,0.21949818753598438,0.33881608798774465,1.8792423384494153e+23,2.505656451265887e+23
1.75,1.09,catalog,0.31,566.9650939116118,17.3,339.2178542252491,0.0252,catalog,4278742884.689638,12975124.305597147,Jackson,-0.3003593617872418,-0.7099492429940392,linear,0.3092233684524548,0.9893898255377321,4.348099289880947e+23,5.7974657198412626e+23
1.75,1.09,catalog,0.31,566.9650939116118,17.3,1520.3881584165233,0.0252,catalog,1077314279.501229,74509318.47456923,Jackson,-0.48621512997329,-0.7523961919092567,log,0.37532403761293315,0.62986052208379,1.2991042968706465e+23,1.732139062494195e+23
1.75,1.09,catalog,0.31,566.9650939116118,17.3,2035.9917802903808,0.0252,catalog,1922143166.8961806,75417551.89731295,Selsis,-0.37224118043874155,-0.6499046497732096,GP,0.09127876685523287,0.5855740662675569,1.1285186143036156e+23,1.504691485738154e+23
1.75,1.09,catalog,0.31,566.9650939116118,17.3,514.3306486705765,0.0252,catalog,2860885138.6412325,94021675.28942451,Jackson,-0.40934861149142976,-0.7037000546281282,linear,0.06086331811885171,0.9860022628382554,3.640724215279804e+22,4.854298953706405e+22
1.75,1.09,catalog,0.31,566.9650939116118,17.3,876.962239982278,0.0252,catalog,3576931238.3466935,65635219.89639766,Selsis,-0.39109353200415015,-0.7939688083672173,linear,0.3234079339792886,0.5448796677120751,4.334115364814604e+23,5.778820486419471e+23
1.75,1.09,catalog,0.31,566.9650939116118,17.3,290.5614680189732,0.0252,catalog,4995006075.738781,48213314.318898134,Jackson,-0.3877878120424995,-0.7450939992569267,linear,0.207252245770828,0.035771966176081915,1.59929149951057e+23,2.1323886660140935e+23
1.75,1.09,catalog,0.31,566.9650939116118,17.3,116.17543441983872,0.0252,catalog,13386600730.367847,46544000.24645063,Jackson,-0.41334465222867106,-0.6258403686862485,GP,0.27663883374783477,0.3802620493524175,3.336542155023312e+23,4.448722873364416e+23
1.75,1.09,catalog,0.31,566.9650939116118,17.3,225.75492581473475,0.0252,catalog,6470718605.952262,31420798.94726288,Jackson,-0.3889333160450427,-0.6656628623430655,GP,0.054596446556827126,0.7800120900242121,5.181371130051977e+22,6.908494840069303e+22
1.75,1.09,catalog,0.31,566.9650939116118,17.3,510.26717205940815,0.0252,catalog,5488821256.350055,52169228.77850149,Selsis,-0.4255395936248559,-0.6543613075005134,log,0.30117119159390143,0.8584552730579446,4.712977221529659e+23,6.283969628706211e+23
1.75,1.09,catalog,0.31,566.9650939116118,17.3,999.5996396631342,0.0252,catalog,1556349609.4131684,69243925.76592015,Jackson,-0.39014875030147467,-0.6408341710432414,linear,0.45418983232880217,0.2475450294109247,2.6517925923946252e+23,3.535723456526167e+23
1.75,1.09,catalog,0.31,566.9650939116118,17.3,161.72683520762973,0.0252,catalog,9236169718.506315,95449545.55078524,Jackson,-0.40129154979915954,-0.7457745726424471,linear,0.4379343567283529,0.24314660664263754,3.5282889110668024e+23,4.704385214755736e+23
1.75,1.09,catalog,0.31,566.9650939116118,17.3,591.3265002595926,0.0252,catalog,2509637473.3442135,5689962.217182292,Jackson,-0.4139140581830789,-0.7643585863033996,log,0.07760524128782366,0.8071727841579927,5.019040171922187e+22,6.6920535625629155e+22
1.75,1.09,catalog,0.31,566.9650939116118,17.3,571.1864541581746,0.0252,catalog,2592229960.017932,16792405.640733898,Jackson,-0.35672871732940337,-0.7477419497276081,GP,0.48130098936025273,0.5629722001770849,3.845638926926433e+23,5.1275185692352444e+23
1.75,1.09,catalog,0.31,566.9650939116118,17.3,753.7198744651674,0.0252,catalog,4024207299.5004444,17432362.29660296,Selsis,-0.4262947365896217,-0.7889141509826736,log,0.11548553938804346,0.10730219553163767,1.5215430397019003e+23,2.028724052935867e+23
1.75,1.09,catalog,0.31,566.9650939116118,17.3,817.3663576000854,0.0252,catalog,1864501575.5116882,98654011.8722305,Jackson,-0.3299247414767731,-0.6105712086775176,GP,0.2774457478847849,0.1447942058525623,2.3817699401662585e+23,3.175693253555011e+23
1.75,1.09,catalog,0.31,566.9650939116118,17.3,1148.7140115865639,0.0252,catalog,2920674380.8470497,97111591.49655534,Selsis,-0.4420087128284209,-0.6780752258347651,GP,0.255408362929716,0.10366309465457324,2.9498671170304554e+23,3.933156156040607e+23
1.75,1.09,catalog,0.31,566.9650939116118,17.3,1741.4543933241068,0.0252,catalog,958454385.0135506,45942083.07578199,Jackson,-0.2829078369467516,-0.6930591382967847,GP,0.09946262604481967,0.34961660786558757,8.616408031437507e+22,1.1488544041916674e+23
1.75,1.09,catalog,0.31,566.9650939116118,17.3,205.6582805523832,0.0252,catalog,7135522054.582137,23270594.123089615,Jackson,-0.2915449745231273,-0.6159910958222764,GP,0.25633512823391336,0.4332201126805336,4.933468294046253e+23,6.577957725395003e+23
1.75,1.09,catalog,0.31,566.9650939116118,17.3,703.1739121207763,0.0252,catalog,4249685776.352057,7260253.459118619,Selsis,-0.4327047124350827,-0.7150070493855164,linear,0.2790548181936107,0.931800662976285,3.922648587591969e+23,5.230198116789292e+23
1.75,1.09,catalog,0.31,566.9650939116118,17.3,1165.8139606320826,0.0252,catalog,2888849741.638952,18381254.918124728,Selsis,-0.4888001500084449,-0.7300955964966844,log,0.498476787820594,0.97580784259036,5.554401049280575e+23,7.405868065707433e+23
1.75,1.09,catalog,0.31,566.9650939116118,17.3,475.36873512015416,0.0252,catalog,5813222007.446516,24675592.215819694,Selsis,-0.4765514057152647,-0.7878744028590836,log,0.07874291748199147,0.38359788088127567,1.0121359805137615e+23,1.3495146406850152e+23
1.75,1.09,catalog,0.31,566.9650939116118,17.3,350.801491580164,0.0252,catalog,7472627889.683478,91165624.76315445,Selsis,-0.32101928576170563,-0.6218340065664671,GP,0.4333018159899662,0.8943298917373729,1.18878159028324e+24,1.5850421203776533e+24
1.75,1.09,catalog,0.31,566.9650939116118,17.3,537.9778960012711,0.0252,catalog,2742128811.7009254,41795231.85420261,Jackson,-0.4606764706201686,-0.6329166698446721,linear,0.2961446829585866,0.1369361406915961,1.9552581899752424e+23,2.6070109199669897e+23
1.75,1.09,catalog,0.31,566.9650939116118,17.3,620.0745526052287,0.0252,catalog,2401317028.9764876,52953457.46055445,Jackson,-0.3156818929055288,-0.7832607053527041,GP,0.054623788277662996,0.6291142709735222,5.0914825833999115e+22,6.788643444533215e+22
1.75,1.09,catalog,0.31,566.9650939116118,17.3,667.7253505149861,0.0252,catalog,4426842528.299298,32852379.84076742,Selsis,-0.33564853075843615,-0.7868128931367799,log,0.21963558304720712,0.15563496010984024,4.2763503331713556e+23,5.701800444228474e+23
1.75,1.09,catalog,0.31,566.9650939116118,17.3,456.8234130337402,0.0252,catalog,6004858885.404605,43662049.66684462,Selsis,-0.46958406001051445,-0.6967297292451513,linear,0.1972964546107215,0.7199137605630951,2.720957139999939e+23,3.627942853333252e+23
1.75,1.09,catalog,0.31,566.9650939116118,17.3,476.196188296458,0.0252,catalog,5805004953.315877,41456028.94552163,Selsis,-0.39314052078536177,-0.6761248738336336,GP,0.07769839388848475,0.3004712848013136,1.3113632725649685e+23,1.748484363419958e+23
1.75,1.09,catalog,0.31,566.9650939116118,17.3,392.90816707435096,0.0252,catalog,3703482515.1376286,3521794.336591799,Jackson,-0.3498614992788578,-0.7868408622338785,linear,0.473419240023701,0.7691976511094337,4.526647883043698e+23,6.0355305107249305e+23
1.75,1.09,catalog,0.31,566.9650939116118,17.3,356.13449912390007,0.0252,catalog,7378619616.114783,59965072.92794406,Selsis,-0.40372071565955564,-0.6667481033427434,linear,0.3594727102684106,0.9837302453616711,6.224161074227249e+23,8.298881432302997e+23
1.75,1.09,catalog,0.31,566.9650939116118,17.3,4956.171176398127,0.0252,catalog,815856503.4334867,72548902.36873649,Selsis,-0.4216978541782537,-0.684530299974652,GP,0.11834781904967562,0.48130492530921487,6.0331810865058425e+22,8.044241448674456e+22
1.75,1.09,catalog,0.31,566.9650939116118,17.3,1673.8141302400581,0.0252,catalog,2215115566.7572546,87524790.4405089,Selsis,-0.2891229166425791,-0.6472995587095774,log,0.35446725036814253,0.8737404157554809,7.739361508411118e+23,1.0319148677881491e+24
1.75,1.09,catalog,0.31,566.9650939116118,17.3,231.20602176208007,0.0252,catalog,10698645343.985523,82323393.08045943,Selsis,-0.40526912698486145,-0.6144215695161085,log,0.14722023422634767,0.1286344531325494,3.1740263697118914e+23,4.232035159615855e+23
1.75,1.09,catalog,0.31,566.9650939116118,17.3,345.91150867592904,0.0252,catalog,4196795058.4414577,25352208.32165783,Jackson,-0.4914030576324795,-0.7643781072213728,linear,0.11283154959899691,0.283751454269749,6.558328884590348e+22,8.74443851278713e+22
1.75,1.09,catalog,0.31,566.9650939116118,17.3,644.6595602323458,0.0252,catalog,2316463264.636325,90556926.93434262,Jackson,-0.35028367482892186,-0.6439929245657874,log,0.05603265885828896,0.9433181891165351,4.404481685887864e+22,5.872642247850485e+22
1.75,1.09,catalog,0.31,566.9650939116118,17.3,425.35105791466697,0.0252,catalog,6366700647.797775,97248666.199566,Selsis,-0.49241746923000457,-0.7503173971185303,log,0.234224186100184,0.012051194116939223,2.884160830310771e+23,3.8455477737476944e+23
1.75,1.09,catalog,0.31,566.9650939116118,17.3,760.961491139838,0.0252,catalog,3994202775.8481226,17177403.993925393,Selsis,-0.36830336707563927,-0.6281085365910233,GP,0.21298598473559494,0.5496612662177529,4.011848858645908e+23,5.349131811527877e+23
1.75,1.09,catalog,0.31,566.9650939116118,17.3,4955.458928702424,0.0252,catalog,758354466.1686537,3539984.4315050524,Selsis,-0.3125367951904259,-0.7200409701015019,GP,0.3872856857989692,0.06035793337791773,3.756262456224969e+23,5.008349941633292e+23
1.75,1.09,catalog,0.31,566.9650939116118,17.3,2076.322611685933,0.0252,catalog,1895208916.9015126,65017369.47718365,Selsis,-0.39040609401733983,-0.6161880121576735,GP,0.11780247397211141,0.8994293591526892,1.4675454986817217e+23,1.9567273315756288e+23
1.75,1.09,catalog,0.31,566.9650939116118,17.3,722.6476641891477,0.0252,catalog,2085642152.0880764,21363497.396781795,Jackson,-0.38423235540837136,-0.6781969331991599,GP,0.1520304191313659,0.13632408924443395,1.048096146521091e+23,1.3974615286947878e+23
1.75,1.09,catalog,0.31,566.9650939116118,17.3,897.8577144615413,0.0252,catalog,3512464728.6665764,81275754.4286492,Selsis,-0.3523781295676678,-0.7899284494324309,log,0.13183775854624916,0.6290403289491843,2.074157678078934e+23,2.7655435707719117e+23
1.75,1.09,catalog,0.31,566.9650939116118,17.3,239.13172270771489,0.0252,catalog,6095240632.754622,83808977.858781,Jackson,-0.31831060213796375,-0.627723671247829,log,0.1979709286689738,0.43742027558710206,2.729895224260357e+23,3.639860299013809e+23
1.75,1.09,catalog,0.31,566.9650939116118,17.3,1028.9486204701977,0.0252,catalog,3170322281.8182545,21054587.386092532,Selsis,-0.375820496237439,-0.7115879448185992,GP,0.17608533533939802,0.6690277951160855,2.639237845519499e+23,3.518983794025998e+23
1.75,1.09,catalog,0.31,566.9650939116118,17.3,490.201479077093,0.0252,catalog,2994126235.916768,69022940.53704433,Jackson,-0.40222983048859023,-0.6735936933644177,log,0.14403824875023116,0.26136109931420914,9.678220146670176e+22,1.2904293528893567e+23
1.75,1.09,catalog,0.31,566.9650939116118,17.3,183.23441687181688,0.0252,catalog,8068286170.98498,14982015.101319235,Jackson,-0.43372994639632534,-0.607479577149811,linear,0.11553609685506235,0.47818037836130556,1.304706870830114e+23,1.7396091611068185e+23
1.75,1.09,catalog,0.31,566.9650939116118,17.3,906.4941947805457,0.0252,catalog,3487120719.511744,86256335.31082758,Selsis,-0.4174848295144406,-0.712371602791371,linear,0.11266469582224127,0.7546276836205019,1.414104329071169e+23,1.8854724387615587e+23
1.75,1.09,catalog,0.31,566.9650939116118,17.3,301.318882461834,0.0252,catalog,4815502849.594012,10074605.039191343,Jackson,-0.30021961186696866,-0.7222558544589619,GP,0.08784941492372429,0.04297381868056438,1.2771239978233989e+23,1.702831997097865e+23
1.75,1.09,catalog,0.31,566.9650939116118,17.3,363.9156144439036,0.0252,catalog,7246277442.06078,17538119.03005618,Selsis,-0.31775389838020085,-0.6104626018228491,GP,0.11217070362499304,0.8699982494634012,3.39444004066164e+23,4.5259200542155195e+23
1.75,1.09,catalog,0.31,566.9650939116118,17.3,589.7301149537168,0.0252,catalog,4886818855.100256,3300706.243620901,Selsis,-0.48402408215948545,-0.7521331727745112,GP,0.24399205834689322,0.27593356754045817,3.2160583332149716e+23,4.288077777619962e+23
1.75,1.09,catalog,0.31,566.9650939116118,17.3,198.88170705704943,0.0252,catalog,7393018251.941135,79673000.27127424,Jackson,-0.35029924737319384,-0.719336540261448,GP,0.18392083058537867,0.5078169942305502,1.8799979180697903e+23,2.5066638907597203e+23
1.75,1.09,catalog,0.31,566.9650939116118,17.3,282.53718455777573,0.0252,catalog,8982410005.526031,40922837.00501642,Selsis,-0.32067456513273757,-0.6484645201746199,log,0.062894483357911,0.6121105714199466,1.7751736086101967e+23,2.3668981448135955e+23
1.75,1.09,catalog,0.31,566.9650939116118,17.3,3085.093946801136,0.0252,catalog,1432363333.5877953,10108383.647442602,Selsis,-0.4582322887654101,-0.6842112852246719,log,0.47646056771900797,0.2262931115632244,4.3229314900684586e+23,5.7639086534246115e+23
1.75,1.09,catalog,0.31,566.9650939116118,17.3,1099.3846262148238,0.0252,catalog,3017502651.947539,25654373.939267162,Selsis,-0.3474160505401945,-0.7400013311315308,linear,0.23878757190817415,0.005488251764782293,3.9482740262516937e+23,5.2643653683355915e+23
1.75,1.09,catalog,0.31,566.9650939116118,17.3,585.244727062053,0.0252,catalog,4916784948.171895,44105516.62071394,Selsis,-0.45769967349802215,-0.7154956922716038,GP,0.1757586787499263,0.43071668240815486,2.3019201695676495e+23,3.069226892756866e+23
1.75,1.09,catalog,0.31,566.9650939116118,17.3,571.0368317110925,0.0252,catalog,5014465071.15161,2965039.641438321,Selsis,-0.42441327119139555,-0.6006764997346945,GP,0.059526578060818965,0.9159540359343408,1.1542337524833062e+23,1.5389783366444082e+23
1.75,1.09,catalog,0.31,566.9650939116118,17.3,709.9219184170518,0.0252,catalog,4217846272.9638176,53159927.68790377,Selsis,-0.32697144800584044,-0.6505594033141181,GP,0.3940045205057079,0.4039679931321646,8.587011370054969e+23,1.1449348493406624e+24
1.75,1.09,catalog,0.31,566.9650939116118,17.3,365.31398886936927,0.0252,catalog,7223075877.397601,38284275.857345745,Selsis,-0.4979686528058353,-0.6068331825945708,linear,0.2533513981632769,0.7195677541564547,4.5368226602113876e+23,6.04909688028185e+23
1.75,1.09,catalog,0.31,566.9650939116118,17.3,668.5473003554115,0.0252,catalog,4422535065.23597,72700346.33488297,Selsis,-0.4356413093938444,-0.7818140135225529,GP,0.31461949666987754,0.7271678619646215,3.9144439800154524e+23,5.219258640020603e+23
1.75,1.09,catalog,0.31,566.9650939116118,17.3,158.55638166465968,0.0252,catalog,9438485041.449429,24812069.199901443,Jackson,-0.4687046548324158,-0.7862227232717399,GP,0.08405279572453697,0.9001956463268245,5.867904990920004e+22,7.823873321226671e+22
1.75,1.09,catalog,0.31,566.9650939116118,17.3,564.2221200729792,0.0252,catalog,2622181263.6785684,17916154.007646047,Jackson,-0.3758022285128032,-0.7924872207278303,GP,0.0692193721112305,0.8159429158406375,4.923158953224313e+22,6.564211937632418e+22
1.75,1.09,catalog,0.31,566.9650939116118,17.3,184.49882174085474,0.0252,catalog,8009007331.684818,48403808.591944546,Jackson,-0.3220441732417479,-0.6190421062811381,log,0.319165682396665,0.4450196130390023,4.9453327883925615e+23,6.593777051190082e+23
1.75,1.09,catalog,0.31,566.9650939116118,17.3,1133.0285898076202,0.0252,catalog,1392797324.6811202,16065157.35837765,Jackson,-0.35830863928248113,-0.6641749076451707,log,0.08942514063452058,0.34883678890286185,6.175665177751453e+22,8.234220237001936e+22
1.75,1.09,catalog,0.31,566.9650939116118,17.3,246.62382525239772,0.0252,catalog,10108100141.470041,2761233.0302085844,Selsis,-0.36210942103241694,-0.7486875294927395,GP,0.08735795589962594,0.7764289110217077,1.8854865493788082e+23,2.5139820658384108e+23
1.75,1.09,catalog,0.31,566.9650939116118,17.3,203.3768263854669,0.0252,catalog,7220109666.169721,41474777.042712994,Jackson,-0.4401646349184126,-0.6870666125810867,linear,0.18627936488646293,0.24962865634187503,1.4614781647777627e+23,1.948637553037017e+23
1.75,1.09,catalog,0.31,566.9650939116118,17.3,630.5443290885522,0.0252,catalog,2364366941.0187716,55996275.09266875,Jackson,-0.29381825678829065,-0.7594466137041852,log,0.21067851743175875,0.5866468798058628,2.342750156424423e+23,3.123666875232564e+23
1.75,1.09,catalog,0.31,566.9650939116118,17.3,859.1644061227502,0.0252,catalog,3634130918.219278,43964553.81236466,Selsis,-0.33047217631239706,-0.6792836453781539,linear,0.20156920204090215,0.05701528651746135,3.9932187703646904e+23,5.324291693819587e+23
1.75,1.09,catalog,0.31,566.9650939116118,17.3,807.3874903106703,0.0252,catalog,3813810824.347757,91225924.68326946,Selsis,-0.292057603200048,-0.7377235159441657,linear,0.3583126162869372,0.18822688015880362,8.956050086371732e+23,1.1941400115162308e+24
1.75,1.09,catalog,0.31,566.9650939116118,17.3,564.2001042043344,0.0252,catalog,5062982328.584658,18744966.264444835,Selsis,-0.3137803369408644,-0.6730218075612555,log,0.33448716761199626,0.320871592128514,8.509468309498302e+23,1.1345957745997736e+24
1.75,1.09,catalog,0.31,566.9650939116118,17.3,500.63059242116765,0.0252,catalog,5574081169.687499,64866771.15067833,Selsis,-0.29404631056198277,-0.7733505029450624,log,0.49791141103524184,0.828987219078359,1.3769289486693094e+24,1.8359052648924123e+24
1.75,1.09,catalog,0.31,566.9650939116118,17.3,2338.035460475844,0.0252,catalog,1740732184.168478,68533277.50376011,Selsis,-0.2960186789402133,-0.749183304331883,linear,0.21074161193985774,0.035243346616738114,3.6945937392367986e+23,4.926124985649064e+23
1.75,1.09,catalog,0.31,566.9650939116118,17.3,1728.2676638589294,0.0252,catalog,2164086032.1463532,14687453.823583523,Selsis,-0.38246235104127657,-0.7961630250249018,GP,0.1543179870505038,0.3611063455272948,1.9180282645934318e+23,2.5573710194579088e+23
1.75,1.09,catalog,0.31,566.9650939116118,17.3,1004.0041495530407,0.0252,catalog,1550270832.2206464,22741163.777570646,Jackson,-0.3739287728513509,-0.6354078386776597,GP,0.0865954627968206,0.35451683643306653,5.996356799743876e+22,7.9951423996585e+22
1.75,1.09,catalog,0.31,566.9650939116118,17.3,2872.9068101941234,0.0252,catalog,1505539835.9025102,65695429.83468454,Selsis,-0.48017094585827885,-0.639360811775233,GP,0.19639369898088382,0.973370405710218,1.726656539551861e+23,2.302208719402481e+23
1.75,1.09,catalog,0.31,566.9650939116118,17.3,608.0602208872865,0.0252,catalog,4768713015.965154,72220348.38388236,Selsis,-0.47971109967625325,-0.7322885160032032,linear,0.14064551174945833,0.501213326538253,1.70261580940171e+23,2.2701544125356134e+23
1.75,1.09,catalog,0.31,566.9650939116118,17.3,390.44103863178236,0.0252,catalog,3726299563.585695,39695645.77141965,Jackson,-0.3658425196662264,-0.7669014047481154,GP,0.053034518694003656,0.44824152500229053,4.2021733171908745e+22,5.602897756254499e+22
1.75,1.09,catalog,0.31,566.9650939116118,17.3,359.5785828886896,0.0252,catalog,4039408272.613931,61258291.87247482,Jackson,-0.3686761373130033,-0.7879804237508027,GP,0.06414768747444387,0.23899674245335678,4.908207811159668e+22,6.544277081546223e+22
1.75,1.09,catalog,0.31,566.9650939116118,17.3,232.77489238747268,0.0252,catalog,6267836236.665967,19719023.572672997,Jackson,-0.4282633103996523,-0.6612720429174619,log,0.1264240908372579,0.4242480340706706,1.0892343747886436e+23,1.4523124997181915e+23
1.75,1.09,catalog,0.31,566.9650939116118,17.3,1198.546992902125,0.0252,catalog,2830232701.5678015,60200199.5800539,Selsis,-0.3431312465778672,-0.7715000341365211,GP,0.2902461940817152,0.34607146225856744,4.5674024088362577e+23,6.089869878448344e+23
1.75,1.09,catalog,0.31,566.9650939116118,17.3,437.33118452366483,0.0252,catalog,6223060717.502111,46351207.31097779,Selsis,-0.3750015491557341,-0.7370259637914198,linear,0.1451987611327146,0.9575155988996712,2.501858680945977e+23,3.3358115745946356e+23
1.75,1.09,catalog,0.31,566.9650939116118,17.3,1089.9867019048452,0.0252,catalog,3036851532.593155,20364102.054874122,Selsis,-0.4163409119908131,-0.6308445867403374,log,0.06589650817555179,0.19355604913014113,9.63002146020121e+22,1.2840028613601611e+23
1.75,1.09,catalog,0.31,566.9650939116118,17.3,165.0667109767503,0.0252,catalog,9032450771.493591,74817100.26262897,Jackson,-0.369243271493742,-0.7914421558856755,log,0.3697791164350777,0.619396857300535,3.3774055229091904e+23,4.5032073638789204e+23
1.75,1.09,catalog,0.31,566.9650939116118,17.3,333.74263137314875,0.0252,catalog,7793022740.482445,69049729.90950039,Selsis,-0.42097048492193656,-0.7454078882111566,linear,0.3582188417015313,0.15511003661272238,5.364072938959628e+23,7.15209725194617e+23
1.75,1.09,catalog,0.31,566.9650939116118,17.3,294.34212584115244,0.0252,catalog,4930320586.438968,23717056.218945283,Jackson,-0.3085156332405842,-0.6067581294954214,log,0.29928932245298984,0.2442713701056315,4.699708730913042e+23,6.266278307884055e+23
1.75,1.09,catalog,0.31,566.9650939116118,17.3,127.80181984300701,0.0252,catalog,12003351931.046738,60614321.64618267,Jackson,-0.4293995907683104,-0.776561539525212,log,0.2797372140453158,0.9945259456988086,2.1662439711627214e+23,2.8883252948836283e+23
1.75,1.09,catalog,0.31,566.9650939116118,17.3,175.9127093373428,0.0252,catalog,8430198447.559879,60205789.674170464,Jackson,-0.32108818706902403,-0.7766229180824858,linear,0.4173113643666004,0.3145281577796466,5.237338468481239e+23,6.983117957974984e+23
1.75,1.09,catalog,0.31,566.9650939116118,17.3,287.02072080461375,0.0252,catalog,5057271165.00087,67749702.93935083,Jackson,-0.4316067864372374,-0.6192834926214349,linear,0.2050377646474782,0.5611673244579723,1.7677365321715953e+23,2.3569820428954603e+23
1.75,1.09,catalog,0.31,566.9650939116118,17.3,1175.8924403658164,0.0252,catalog,2870486428.628502,39205239.529755875,Selsis,-0.49647600189189667,-0.6197246041196298,linear,0.12404963792448963,0.28745309864394075,1.5943271818742867e+23,2.125769575832382e+23
1.75,1.09,catalog,0.31,566.9650939116118,17.3,617.2770601728557,0.0252,catalog,2411403756.171081,10441860.138448136,Jackson,-0.3882391266159392,-0.6575383762762836,log,0.40989247541866836,0.06283960288799084,3.1414363806505466e+23,4.188581840867395e+23
1.75,1.09,catalog,0.31,566.9650939116118,17.3,751.8414788764837,0.0252,catalog,4032078332.0634613,48742256.113379836,Selsis,-0.36936605947199436,-0.661114555983593,GP,0.10464211816026898,0.6546147992504252,1.7763223671846725e+23,2.3684298229128965e+23
1.75,1.09,catalog,0.31,566.9650939116118,17.3,379.2939492375433,0.0252,catalog,3833252872.736512,38237034.59793788,Jackson,-0.44079274002150326,-0.6719794405877823,linear,0.1245187967446433,0.7827964117033275,8.551332569008418e+22,1.140177675867789e+23
1.75,1.09,catalog,0.31,566.9650939116118,17.3,837.3871900558613,0.0252,catalog,3707185753.54422,71328155.92030163,Selsis,-0.4921117633542924,-0.6763724012051773,GP,0.2759313451640668,0.6175078080042927,3.297393113122689e+23,4.396524150830252e+23
1.75,1.09,catalog,0.31,566.9650939116118,17.3,297.7846636774402,0.0252,catalog,4872951716.80849,49710135.24354915,Jackson,-0.38766197833682264,-0.6858020842717021,linear,0.24102973086544602,0.6468028570483646,1.9856781632199328e+23,2.6475708842932436e+23
1.75,1.09,catalog,0.31,566.9650939116118,17.3,425.46280532758163,0.0252,catalog,3428409331.3756647,94231429.20438032,Jackson,-0.37367018075703934,-0.6136432963848794,log,0.06214322911009165,0.45995880399796607,5.503134477323452e+22,7.3375126364312685e+22
1.75,1.09,catalog,0.31,566.9650939116118,17.3,595.7347099200315,0.0252,catalog,4847372373.121326,65223459.71921193,Selsis,-0.4780523692265406,-0.6888934825838998,GP,0.10959179356461345,0.10202092904095483,1.4102801446916223e+23,1.8803735262554964e+23
1.75,1.09,catalog,0.31,566.9650939116118,17.3,1634.9768288315033,0.0252,catalog,2253367591.837492,92005985.30338353,Selsis,-0.41529917385436105,-0.659321267064999,log,0.306113859501559,0.7508744630839082,3.472654569021403e+23,4.630206092028537e+23
1.75,1.09,catalog,0.31,566.9650939116118,17.3,370.40416920795457,0.0252,catalog,7140060480.509944,43302567.13987754,Selsis,-0.3857397431998237,-0.6916217370755099,linear,0.17449129379321068,0.5491256720447153,3.106552700163859e+23,4.142070266885145e+23
1.75,1.09,catalog,0.31,566.9650939116118,17.3,402.57807832561593,0.0252,catalog,6662436509.224785,38830744.9751751,Selsis,-0.3743477543339673,-0.7105192372930562,linear,0.08496618506075646,0.14854164771077416,1.5342956299776134e+23,2.0457275066368176e+23
1.75,1.09,catalog,0.31,566.9650939116118,17.3,424.6144054333624,0.0252,catalog,3435006995.713495,90044910.17159234,Jackson,-0.35287968434971106,-0.6824862813785249,GP,0.25076453632024026,0.8201632410139936,2.0966498828717772e+23,2.7955331771623695e+23
1.75,1.09,catalog,0.31,566.9650939116118,17.3,679.4099441779455,0.0252,catalog,4366529986.993798,18914524.20490613,Selsis,-0.473721578860671,-0.7118222070022949,log,0.05616182806462275,0.5274725662684845,7.238895981533577e+22,9.651861308711436e+22
1.75,1.09,catalog,0.31,566.9650939116118,17.3,385.85035297920774,0.0252,catalog,3769565610.6813855,93871255.77380098,Jackson,-0.35000904934940724,-0.7177896330196596,GP,0.19733079086877503,0.5739347005770142,1.6515549719871582e+23,2.2020732959828776e+23
1.75,1.09,catalog,0.31,566.9650939116118,17.3,519.3789015605897,0.0252,catalog,2834607263.616747,16741416.960703833,Jackson,-0.37531357117451697,-0.7975140291084345,linear,0.13037070446453825,0.8699112031803918,9.518613893134024e+22,1.2691485190845364e+23
1.75,1.09,catalog,0.31,566.9650939116118,17.3,224.66996182651195,0.0252,catalog,6503305558.231139,7566473.2779365415,Jackson,-0.45414207125648903,-0.6912886638931895,linear,0.2978096627356827,0.5432238911438912,2.3612298272035647e+23,3.148306436271419e+23
1.75,1.09,catalog,0.31,566.9650939116118,17.3,312.3895633398883,0.0252,catalog,4644458817.891711,30958806.98219471,Jackson,-0.42852239205288856,-0.6613708352923269,linear,0.39391288834934984,0.025753650546134765,3.052802464477978e+23,4.070403285970637e+23
1.75,1.09,catalog,0.31,566.9650939116118,17.3,417.20434677827785,0.0252,catalog,3493810922.6667895,36752438.09383718,Jackson,-0.49999063000884064,-0.6639904951076526,GP,0.1414469358164233,0.36959227084455637,8.85241427480998e+22,1.1803219033079973e+23
1.75,1.09,catalog,0.31,566.9650939116118,17.3,320.40610185984525,0.0252,catalog,8066749889.956894,41179073.220007025,Selsis,-0.317614581986432,-0.730420244772599,log,0.05302249587612672,0.4075505203956029,1.3704244316411314e+23,1.8272325755215085e+23
1.75,1.09,catalog,0.31,566.9650939116118,17.3,549.4774662224812,0.0252,catalog,2688137313.424863,22585064.627187774,Jackson,-0.3249327764459723,-0.6283787525943569,log,0.1255350765579465,0.7373855656497621,1.3894096483321133e+23,1.852546197776151e+23
1.75,1.09,catalog,0.31,566.9650939116118,17.3,363.70850510038485,0.0252,catalog,7249728525.763048,74529308.30261509,Selsis,-0.35377579645515533,-0.7486069249272469,GP,0.15238935987802846,0.9470706964664943,2.9411789790536652e+23,3.9215719720715536e+23
1.75,1.09,catalog,0.31,566.9650939116118,17.3,610.2033502380141,0.0252,catalog,4755342728.56368,65087974.265230715,Selsis,-0.46223764047375177,-0.7425734787056756,GP,0.0985946919981677,0.10140203423976513,1.2194811529539461e+23,1.6259748706052614e+23
1.75,1.09,catalog,0.31,566.9650939116118,17.3,564.8099100548835,0.0252,catalog,2619624414.783514,25558391.45523721,Jackson,-0.33906693109324354,-0.6593297496261273,linear,0.3764460211719389,0.9348354913465791,3.553461020212598e+23,4.737948026950131e+23
1.75,1.09,catalog,0.31,566.9650939116118,17.3,1168.8618473280083,0.0252,catalog,2883266100.997057,33797099.59862201,Selsis,-0.4943900300075798,-0.7633850258910457,log,0.15133434892377895,0.3851589027597516,1.6032845503898097e+23,2.1377127338530794e+23
1.75,1.09,catalog,0.31,566.9650939116118,17.3,394.4330746510256,0.0252,catalog,3689528130.122184,46449900.254605345,Jackson,-0.31935535861151654,-0.7993650210156782,log,0.10163687392401534,0.3079347271554569,1.0577602104207967e+23,1.410346947227729e+23
1.75,1.09,catalog,0.31,566.9650939116118,17.3,206.26415413216745,0.0252,catalog,7113403268.384957,58340645.73527151,Jackson,-0.4378060673336517,-0.6509507123557075,linear,0.12322311868604509,0.15316877717687116,1.0462214429398147e+23,1.394961923919753e+23
1.75,1.09,catalog,0.31,566.9650939116118,17.3,497.0127826234071,0.0252,catalog,2955174487.4599757,13592537.775281325,Jackson,-0.43552214374568937,-0.7685731649813448,linear,0.06700102980006725,0.8274145841181918,4.095701746898426e+22,5.460935662531234e+22
1.75,1.09,catalog,0.31,566.9650939116118,17.3,554.265346611051,0.0252,catalog,5135504713.999881,19712076.497082908,Selsis,-0.3275737136080052,-0.713521502546488,GP,0.12797902124460353,0.4026220649207092,2.8674016524885833e+23,3.823202203318111e+23
1.75,1.09,catalog,0.31,566.9650939116118,17.3,1407.4829545018686,0.0252,catalog,2514806317.6219034,67555918.32824928,Selsis,-0.357486135107341,-0.703709928059072,linear,0.06313404051459608,0.04913974694515422,8.984565448541139e+22,1.197942059805485e+23
1.75,1.09,catalog,0.31,566.9650939116118,17.3,1378.1346603175366,0.0252,catalog,2553882619.8780613,45125229.43384235,Selsis,-0.43280971885945885,-0.6801041646690295,linear,0.12494798985987787,0.8646876141396287,1.4596617317772184e+23,1.9462156423696244e+23
1.75,1.09,catalog,0.31,566.9650939116118,17.3,1138.341765978273,0.0252,catalog,2940400535.5508995,64674353.98149797,Selsis,-0.4106824747320988,-0.713081421548841,log,0.2393723213395642,0.4086969924032674,2.9408739291992786e+23,3.921165238932371e+23
1.75,1.09,catalog,0.31,566.9650939116118,17.3,865.148458639957,0.0252,catalog,3614655355.2101564,90165788.93860641,Selsis,-0.49707930686354235,-0.7541244200161735,linear,0.06551511245830259,0.6893887389200734,7.04232845359563e+22,9.38977127146084e+22
1.75,1.09,catalog,0.31,566.9650939116118,17.3,3443.4748595090005,0.0252,catalog,540676390.7565124,28976644.46379719,Jackson,-0.32191291052288207,-0.6451311020017703,log,0.13688516204793827,0.9967666610831569,6.564869137499504e+22,8.753158849999337e+22
1.75,1.09,catalog,0.31,566.9650939116118,17.3,343.4647818005944,0.0252,catalog,7606610970.413069,92300400.62428252,Selsis,-0.4732784681422958,-0.7484363591663963,linear,0.2865647400400856,0.03260662368408007,3.76308717251668e+23,5.017449563355573e+23
1.75,1.09,catalog,0.31,566.9650939116118,17.3,2153.0407872049427,0.0252,catalog,1846460082.7645495,9481504.992509566,Selsis,-0.49164137036009237,-0.707636954975686,log,0.07020217503354119,0.08796988347394963,6.869520868602406e+22,9.159361158136541e+22
1.75,1.09,catalog,0.31,566.9650939116118,17.3,414.73003075741104,0.0252,catalog,3513940266.930269,73086201.78811464,Jackson,-0.3235007244394976,-0.7907165587929857,GP,0.37603534456852483,0.5891903615217474,3.615581611853063e+23,4.8207754824707505e+23
1.75,1.09,catalog,0.31,566.9650939116118,17.3,259.1061392975516,0.0252,catalog,5612172507.763184,51509868.12115872,Jackson,-0.42061186902788483,-0.7640015248653962,linear,0.3537705018256862,0.9368296509029,2.4376551214980345e+23,3.250206828664046e+23
1.75,1.09,catalog,0.31,566.9650939116118,17.3,434.28967113470696,0.0252,catalog,3361344091.1401777,80522635.20995274,Jackson,-0.49811259668997254,-0.7731750987559657,linear,0.34250738513663254,0.8854145142390694,1.6999605999731596e+23,2.266614133297546e+23
1.75,1.09,catalog,0.31,566.9650939116118,17.3,1629.9818661218487,0.0252,catalog,1014508407.9712243,23313957.237065364,Jackson,-0.31250197866746326,-0.714882991782853,log,0.41402031327851896,0.26685895826931005,3.063837796352053e+23,4.085117061802737e+23
1.75,1.09,catalog,0.31,566.9650939116118,17.3,1129.874919086717,0.0252,catalog,2956746582.880473,72406002.82009272,Selsis,-0.32386270482832175,-0.7178645294642924,linear,0.34043815040917685,0.2557565381564286,6.213175315971349e+23,8.284233754628466e+23
1.75,1.09,catalog,0.31,566.9650939116118,17.3,635.8346410967702,0.0252,catalog,4602044803.354451,91860978.60778664,Selsis,-0.3387723136286841,-0.7670563718578031,linear,0.18653637861327602,0.21995656191609303,3.445323445269073e+23,4.593764593692097e+23
1.75,1.09,catalog,0.31,566.9650939116118,17.3,280.78096352829465,0.0252,catalog,9030794611.924036,70184769.66696797,Selsis,-0.30133130865756164,-0.6311254234322677,linear,0.07164280903206818,0.9716844138351046,2.3426979889849466e+23,3.1235973186465954e+23
1.75,1.09,catalog,0.31,566.9650939116118,17.3,833.7009800806445,0.0252,catalog,1831420347.7085574,48886625.54925622,Jackson,-0.33396105378384416,-0.7008447146085265,linear,0.43139198766816345,0.9534578786681494,3.357849184605759e+23,4.477132246141012e+23
1.75,1.09,catalog,0.31,566.9650939116118,17.3,727.8630021885573,0.0252,catalog,2071972973.4514377,30617034.12937764,Jackson,-0.335995324389767,-0.642500995121999,GP,0.057538038561436494,0.9777139137633359,5.1792692152616255e+22,6.905692287015501e+22
1.75,1.09,catalog,0.31,566.9650939116118,17.3,152.2055798667008,0.0252,catalog,9872390061.336195,43455702.5272275,Jackson,-0.32839772887372903,-0.6802160474517887,log,0.11454564389749285,0.5377297300864108,1.5841017888354358e+23,2.1121357184472476e+23
1.75,1.09,catalog,0.31,566.9650939116118,17.3,4203.708102926784,0.0252,catalog,1156723305.666147,82959033.76408982,Selsis,-0.40705914453814596,-0.7869133978146043,log,0.43565396832056974,0.5390613174781849,3.0767828383183665e+23,4.102377117757822e+23
1.75,1.09,catalog,0.31,566.9650939116118,17.3,186.6721696267481,0.0252,catalog,12959522748.208324,81241713.00083415,Selsis,-0.3479648782326271,-0.6776007788248885,GP,0.3350239183486239,0.1510693915436615,8.077282230186438e+23,1.0769709640248584e+24
1.75,1.09,catalog,0.31,566.9650939116118,17.3,561.1020759292497,0.0252,catalog,5085336294.621583,37947637.773689866,Selsis,-0.29863918071062295,-0.7556120291164478,log,0.1516726110078235,0.5323676779727583,4.047189235454667e+23,5.396252313939556e+23
1.75,1.09,catalog,0.31,566.9650939116118,17.3,1656.4669974418812,0.0252,catalog,2232002422.479796,45674822.41382,Selsis,-0.37320444749347265,-0.7311075777581094,GP,0.079837578544247,0.32576830569830173,1.0117764011074235e+23,1.3490352014765647e+23
1.75,1.09,catalog,0.31,566.9650939116118,17.3,558.2605953152804,0.0252,catalog,5106045809.580484,57684782.82704192,Selsis,-0.4742753519938035,-0.6267475588783301,log,0.26369555709976444,0.10997190302118232,4.004718073308774e+23,5.339624097745032e+23
1.75,1.09,catalog,0.31,566.9650939116118,17.3,1269.874227694443,0.0252,catalog,2712024732.214503,93606421.33710286,Selsis,-0.3029302564656914,-0.6652213401164554,log,0.3958417636319957,0.7842830557951246,8.292787764183707e+23,1.1057050352244941e+24
1.75,1.09,catalog,0.31,566.9650939116118,17.3,492.3240774305108,0.0252,catalog,5650126606.162318,18318552.193332512,Selsis,-0.4726486915601541,-0.6930262976863282,log,0.11639699535775544,0.5235111886719295,1.635401521823873e+23,2.1805353624318304e+23
1.75,1.09,catalog,0.31,566.9650939116118,17.3,696.6321187597439,0.0252,catalog,2156884277.116802,17169316.6605372,Jackson,-0.39765491365882033,-0.7715168204528053,GP,0.27638551420684054,0.41861023781139195,1.712357627998462e+23,2.2831435039979494e+23
1.75,1.09,catalog,0.31,566.9650939116118,17.3,869.5692335770663,0.0252,catalog,1763105482.381868,84834681.46389967,Jackson,-0.34362359062384107,-0.7835530006928177,GP,0.052006215597268465,0.7446188933493157,3.395917292738436e+22,4.527889723651248e+22
1.75,1.09,catalog,0.31,566.9650939116118,17.3,658.5700615839966,0.0252,catalog,2271274125.617258,57142570.96247133,Jackson,-0.4486049032365912,-0.706635171478137,log,0.13378122419471886,0.7112997505712919,7.044730847484563e+22,9.39297446331275e+22
1.75,1.09,catalog,0.31,566.9650939116118,17.3,945.0378842931269,0.0252,catalog,3379313729.5804358,85663070.94114658,Selsis,-0.3625378920233398,-0.728256805638209,linear,0.19850641914650535,0.996414335022989,2.9835312106257705e+23,3.978041614167694e+23
1.75,1.09,catalog,0.31,566.9650939116118,17.3,1455.7004082816184,0.0252,catalog,2453503269.9227657,93814983.18676303,Selsis,-0.38849723228604527,-0.6416360413071732,log,0.10546307806406245,0.9327623773978952,1.3807046817519337e+23,1.8409395756692447e+23
1.75,1.09,catalog,0.31,566.9650939116118,17.3,191.1246346031864,0.0252,catalog,7712523331.328932,63363482.529826656,Jackson,-0.4024878988121054,-0.7731175688234775,log,0.11649984763206832,0.6832385918509362,9.009870734183724e+22,1.2013160978911631e+23
1.75,1.09,catalog,0.31,566.9650939116118,17.3,188.30790959220667,0.0252,catalog,7835744460.527613,6791701.543086681,Jackson,-0.41606174538745755,-0.7304462750680776,log,0.1628908029552203,0.7828317234834722,1.3967005564771467e+23,1.8622674086361954e+23
1.75,1.09,catalog,0.31,566.9650939116118,17.3,244.03071830158862,0.0252,catalog,5968855232.240878,15530540.202039052,Jackson,-0.3424530404201628,-0.6716433018586977,GP,0.34109641149729364,0.5505630851476775,4.037313062910821e+23,5.383084083881095e+23
1.75,1.09,catalog,0.31,566.9650939116118,17.3,4967.445577129728,0.0252,catalog,966183851.4806921,79029744.13101058,Selsis,-0.38541072870842397,-0.6124901169662663,GP,0.36281070706178725,0.30754784932447454,2.701065468886122e+23,3.601420625181496e+23
1.75,1.09,catalog,0.31,566.9650939116118,17.3,2371.4648981967007,0.0252,catalog,1723313103.5758445,79897584.90264918,Selsis,-0.3376131381845972,-0.7776881891042625,linear,0.10119801156608577,0.6115785024896743,1.283182757105114e+23,1.7109103428068185e+23
1.75,1.09,catalog,0.31,566.9650939116118,17.3,440.5505136349507,0.0252,catalog,6185743813.74416,22913533.148637865,Selsis,-0.42064398297123884,-0.6288261849853007,log,0.18457516686764108,0.5732400014056226,3.31804410980997e+23,4.42405881307996e+23
1.75,1.09,catalog,0.31,566.9650939116118,17.3,163.63434828101734,0.0252,catalog,9118677821.969128,68337474.65172422,Jackson,-0.29177274948306564,-0.6422230821734791,GP,0.47712309341835746,0.9762562607318844,8.760771413830494e+23,1.1681028551773991e+24
1.75,1.09,catalog,0.31,566.9650939116118,17.3,1139.6232665273244,0.0252,catalog,1385686920.6651044,74157839.98746586,Jackson,-0.4417972493533994,-0.6764416645836044,log,0.2945170296981821,0.9940957639306706,1.321785968025362e+23,1.7623812907004825e+23
1.75,1.09,catalog,0.31,566.9650939116118,17.3,1024.3547954034827,0.0252,catalog,1522851194.4803574,11654909.001332436,Jackson,-0.3298335614138153,-0.7642459848988938,log,0.06027162846803751,0.5644635161234313,4.824520457592132e+22,6.4326939434561755e+22
1.75,1.09,catalog,0.31,566.9650939116118,17.3,268.74854990069167,0.0252,catalog,5406529678.082488,2195780.0611898834,Jackson,-0.289007796713129,-0.6994039758410395,log,0.06855159711561996,0.20380897239069595,1.1974685392627301e+23,1.5966247190169733e+23
1.75,1.09,catalog,0.31,566.9650939116118,17.3,1151.219822101746,0.0252,catalog,2915957193.2974176,9782074.423540229,Selsis,-0.29563293047205086,-0.6688567332594738,GP,0.23329186508422,0.6833376767515084,5.8741072323836076e+23,7.832142976511476e+23
1.75,1.09,catalog,0.31,566.9650939116118,17.3,829.6600830733371,0.0252,catalog,3733963280.973428,63446977.47024719,Selsis,-0.3784168370131159,-0.7853742013689958,log,0.05273210811461131,0.2817178975411617,7.560115257160399e+22,1.0080153676213864e+23
1.75,1.09,catalog,0.31,566.9650939116118,17.3,1089.2793969266586,0.0252,catalog,1442097673.2202432,31030626.93801083,Jackson,-0.4829101095170049,-0.6434276214301402,log,0.1671055906875215,0.24703700431008158,8.422482863315163e+22,1.1229977151086883e+23
1.75,1.09,catalog,0.31,566.9650939116118,17.3,408.59170852656274,0.0252,catalog,6581249527.667415,61839975.38024451,Selsis,-0.425431951209318,-0.6068797562691582,GP,0.2120408920448309,0.6338657057962502,3.9911350477130356e+23,5.321513396950714e+23
1.75,1.09,catalog,0.31,566.9650939116118,17.3,365.5318194751143,0.0252,catalog,7219477227.282697,56500574.141373895,Selsis,-0.3941977232250074,-0.6695620774043571,linear,0.07476151776108877,0.1040946838227711,1.3245341267002522e+23,1.7660455022670028e+23
1.75,1.09,catalog,0.31,566.9650939116118,17.3,1482.1672698704538,0.0252,catalog,2421222928.905291,39251842.518477485,Selsis,-0.30582225078961534,-0.7206813677483571,log,0.49670773364645043,0.1317073632874458,9.869191600986703e+23,1.3158922134648935e+24
1.75,1.09,catalog,0.31,566.9650939116118,17.3,1049.230929529556,0.0252,catalog,1490752599.1513977,86133304.21362823,Jackson,-0.4594638433339194,-0.6517725233425854,linear,0.42281557402938197,0.7009420849781789,1.957333630860275e+23,2.609778174480367e+23
1.75,1.09,catalog,0.31,566.9650939116118,17.3,461.7070458902965,0.0252,catalog,5952963414.156259,40362669.90974895,Selsis,-0.4696940698493115,-0.7090041556060269,linear,0.15910357970629127,0.7043577719670299,2.161342261774982e+23,2.8817896823666427e+23
1.75,1.09,catalog,0.31,566.9650939116118,17.3,443.30961621632315,0.0252,catalog,6154176484.782138,35270798.98318882,Selsis,-0.32925324493715363,-0.6848537452821276,linear,0.3394364416565802,0.536009040493184,7.91054097564678e+23,1.054738796752904e+24
1.75,1.09,catalog,0.31,566.9650939116118,17.3,879.0964836783505,0.0252,catalog,3570216464.921617,15231188.34041525,Selsis,-0.49434132118711954,-0.7957101302109176,linear,0.23067620646344109,0.5239032212224696,2.645127352828637e+23,3.5268364704381824e+23
1.75,1.09,catalog,0.31,566.9650939116118,17.3,347.00933284797964,0.0252,catalog,7541189485.303439,72885082.06040844,Selsis,-0.4979487553358024,-0.710940411832696,GP,0.11052794444066875,0.6227904729487274,1.4806599532230576e+23,1.974213270964077e+23
1.75,1.09,catalog,0.31,566.9650939116118,17.3,511.53772670598863,0.0252,catalog,5477808572.817877,38346571.30480889,Selsis,-0.4515876461969998,-0.6015313905483983,linear,0.08183829255831472,0.6833364816128074,1.456022647135458e+23,1.941363529513944e+23
1.75,1.09,catalog,0.31,566.9650939116118,17.3,516.2600504703307,0.0252,catalog,5437330102.723473,89793244.56640175,Selsis,-0.487706395114954,-0.767649766823963,GP,0.058518671944127514,0.8020514570382277,6.965665707141627e+22,9.287554276188835e+22
1.75,1.09,catalog,0.31,566.9650939116118,17.3,322.2145147154291,0.0252,catalog,4503064250.779301,41180822.839555055,Jackson,-0.3904243864659267,-0.6355072387952243,GP,0.228864315202988,0.386477066129326,2.0750049626441323e+23,2.7666732835255097e+23
1.75,1.09,catalog,0.31,566.9650939116118,17.3,175.75302260744897,0.0252,catalog,8438465739.125156,21655031.598842915,Jackson,-0.37886884662517556,-0.7252607181575471,log,0.21291487207019227,0.24867338839483066,2.0709048251136833e+23,2.761206433484911e+23
1.75,1.09,catalog,0.31,566.9650939116118,17.3,640.8396001835787,0.0252,catalog,4573462394.995087,60347429.57183466,Selsis,-0.40419064621753653,-0.74477304729087,log,0.3425370369295521,0.9176230480083964,4.812253552145851e+23,6.4163380695278e+23
1.75,1.09,catalog,0.31,566.9650939116118,17.3,243.19718299906856,0.0252,catalog,5989970514.289301,61709158.830246925,Jackson,-0.40766427744810346,-0.6136188284547146,log,0.15888354337048616,0.16026233892232078,1.5769419910307285e+23,2.1025893213743045e+23
1.75,1.09,catalog,0.31,566.9650939116118,17.3,566.8070904256806,0.0252,catalog,5044350933.74954,50013522.14249861,Selsis,-0.43871185641477306,-0.7078551176702964,log,0.15833522645516446,0.3151367861088199,2.1670303227102147e+23,2.8893737636136196e+23
1.75,1.09,catalog,0.31,566.9650939116118,17.3,958.5741043917724,0.0252,catalog,3343340681.772539,62264599.49634002,Selsis,-0.3059873027884383,-0.6005437236780561,log,0.29896076570762004,0.19474190661233692,7.509387460909627e+23,1.0012516614546169e+24
1.75,1.09,catalog,0.31,566.9650939116118,17.3,350.98370955580253,0.0252,catalog,4136883660.136653,81655102.3897899,Jackson,-0.39759642637923825,-0.688576002399024,linear,0.084190100557134,0.2615190915466794,6.098302054481955e+22,8.131069405975939e+22
1.75,1.09,catalog,0.31,566.9650939116118,17.3,669.0720912980352,0.0252,catalog,2238407804.3383517,13605219.260227272,Jackson,-0.3361702427848144,-0.712247683471475,GP,0.4113798019512395,0.6315849963037702,3.669007096759092e+23,4.8920094623454556e+23
1.75,1.09,catalog,0.31,566.9650939116118,17.3,147.54215702627477,0.0252,catalog,10217971646.69,43680377.128866255,Jackson,-0.3458518486783672,-0.744818702896601,linear,0.07984032753915037,0.08547471772107385,9.193063172773209e+22,1.2257417563697611e+23
1.75,1.09,catalog,0.31,566.9650939116118,17.3,2803.6367371959295,0.0252,catalog,1531521633.96822,97929131.78844136,Selsis,-0.48685331419131367,-0.7935126908941457,linear,0.35361785456684325,0.19230776603423416,2.638232761769114e+23,3.5176436823588187e+23
1.75,1.09,catalog,0.31,566.9650939116118,17.3,460.4212725871627,0.0252,catalog,3178312029.6374893,47812179.6125801,Jackson,-0.30025568356971055,-0.6458101978408703,log,0.28545308888035065,0.49520458111205345,3.664782166635343e+23,4.886376222180457e+23
1.75,1.09,catalog,0.31,566.9650939116118,17.3,4547.887267481621,0.0252,catalog,1095393095.2276485,30842900.18493997,Selsis,-0.41208788891292597,-0.7298613810899313,GP,0.07022504667912582,0.5622930297248444,5.195305707172732e+22,6.927074276230309e+22
1.75,1.09,catalog,0.31,566.9650939116118,17.3,837.5812538273219,0.0252,catalog,1823750168.162572,32066343.384907812,Jackson,-0.3370820866148029,-0.6494892907086083,GP,0.26416176527742247,0.5803710598939169,2.2166568878118807e+23,2.9555425170825075e+23
1.75,1.09,catalog,0.31,566.9650939116118,17.3,375.63057923576304,0.0252,catalog,3869848879.3504586,56960362.67491141,Jackson,-0.38606449030084644,-0.6193081679820339,linear,0.05896415718112753,0.9605544477052262,5.3276781939348245e+22,7.103570925246432e+22
1.75,1.09,catalog,0.31,566.9650939116118,17.3,403.954145820052,0.0252,catalog,3604878363.5344434,48504080.08583574,Jackson,-0.4972375138034526,-0.7409611917568361,log,0.20469631757148848,0.1709321310410118,1.113304317149724e+23,1.4844057561996319e+23
1.75,1.09,catalog,0.31,566.9650939116118,17.3,172.9947419217105,0.0252,catalog,8583952195.094239,43208822.00352701,Jackson,-0.2932770374041014,-0.7360123696127029,linear,0.1406914051755758,0.0706647329725194,2.31561568501239e+23,3.08748758001652e+23
1.75,1.09,catalog,0.31,566.9650939116118,17.3,322.7705001872782,0.0252,catalog,4495334668.173143,50867285.99646352,Jackson,-0.4728234270240959,-0.6008921579612062,GP,0.33023631550559024,0.49811834445720515,2.8507548960907982e+23,3.801006528121064e+23
1.75,1.09,catalog,0.31,566.9650939116118,17.3,711.8995625031071,0.0252,catalog,4208622305.355105,40306191.0287924,Selsis,-0.32833346678145836,-0.7195855604363391,GP,0.3991975266994933,0.40516895079413684,8.176364526285039e+23,1.0901819368380052e+24
1.75,1.09,catalog,0.31,566.9650939116118,17.3,1286.6296218344078,0.0252,catalog,2685980612.0836205,67813014.19881926,Selsis,-0.29185607097698857,-0.6369509702911427,linear,0.11709468794063713,0.7962062523531116,2.8056240740701794e+23,3.740832098760239e+23
1.75,1.09,catalog,0.31,566.9650939116118,17.3,684.8338161630091,0.0252,catalog,4339191228.34115,20376031.155520987,Selsis,-0.3397175534505655,-0.674187309369649,GP,0.43746084083429854,0.0035702685962066827,8.961863920228303e+23,1.1949151893637737e+24
1.75,1.09,catalog,0.31,566.9650939116118,17.3,693.2591795764355,0.0252,catalog,4297520875.682025,28709926.616705347,Selsis,-0.3825750166123604,-0.7906907056897392,linear,0.3522372481746167,0.1369789835279136,5.340877793622815e+23,7.121170391497086e+23
1.75,1.09,catalog,0.31,566.9650939116118,17.3,340.0571424726353,0.0252,catalog,7670761881.967052,75717808.28797005,Selsis,-0.43835373723392906,-0.7673540438232616,log,0.3025059532475958,0.743022889992042,4.236464742165154e+23,5.648619656220205e+23
1.75,1.09,catalog,0.31,566.9650939116118,17.3,313.70483102602043,0.0252,catalog,8212910902.6968975,56957816.112572305,Selsis,-0.36327092022647833,-0.6697277243897084,linear,0.06570966030261886,0.45439708177508775,1.3602641251476883e+23,1.8136855001969177e+23
1.75,1.09,catalog,0.31,566.9650939116118,17.3,975.7326123148492,0.0252,catalog,3299055575.209466,47886715.10102962,Selsis,-0.43226371420264426,-0.6156708375591186,log,0.1428619077861901,0.786978612782453,2.0941770760564094e+23,2.7922361014085457e+23
1.75,1.09,catalog,0.31,566.9650939116118,17.3,1240.6526340835096,0.0252,catalog,2758964755.4317317,99517129.60133833,Selsis,-0.4510676571783693,-0.7945716853309097,linear,0.3187009606405712,0.6867184200148444,3.267280461111159e+23,4.356373948148212e+23
1.75,1.09,catalog,0.31,566.9650939116118,17.3,252.57579819983602,0.0252,catalog,5761048804.534088,44141099.713250354,Jackson,-0.3794962480969961,-0.7919738266209163,linear,0.13397588066412244,0.19831725443693204,1.085286370768763e+23,1.4470484943583506e+23
1.75,1.09,catalog,0.31,566.9650939116118,17.3,1128.4523788552008,0.0252,catalog,1397779129.3911278,90983916.69350776,Jackson,-0.4500812572730977,-0.7488676625826481,linear,0.3582522558847993,0.21514184767414324,1.4329169871297316e+23,1.910555982839642e+23
1.75,1.09,catalog,0.31,566.9650939116118,17.3,1637.0387131437255,0.0252,catalog,2251295879.3850303,40075220.36288121,Selsis,-0.3664039947025909,-0.7262856729402797,linear,0.4016372114989431,0.3378283999724849,5.314273970883689e+23,7.085698627844918e+23
1.75,1.09,catalog,0.31,566.9650939116118,17.3,1287.5892664345595,0.0252,catalog,2684507519.2518144,94210763.68635154,Selsis,-0.3652223815305648,-0.7583614567136692,log,0.20458079765656015,0.9438252864008906,2.7377928391860782e+23,3.650390452248104e+23
1.75,1.09,catalog,0.31,566.9650939116118,17.3,772.157409449346,0.0252,catalog,3948849660.8530517,1321863.3187752657,Selsis,-0.4025904044327073,-0.7527327019666357,log,0.05441866285740902,0.46348078982423657,8.19936210779535e+22,1.09324828103938e+23
1.75,1.09,catalog,0.31,566.9650939116118,17.3,2187.172523321481,0.0252,catalog,1825751276.4808586,99615764.39029902,Selsis,-0.3279662984560701,-0.7745374679871659,GP,0.14596063633555564,0.19212901416189077,1.995978128408187e+23,2.661304171210916e+23
1.75,1.09,catalog,0.31,566.9650939116118,17.3,1566.6888663910092,0.0252,catalog,2324739289.9659624,11266714.32597793,Selsis,-0.35753334061453135,-0.7345755102076565,log,0.08991875694142999,0.18917891175950352,1.32117684462114e+23,1.7615691261615198e+23
1.75,1.09,catalog,0.31,566.9650939116118,17.3,1144.602540525239,0.0252,catalog,1380371285.1240633,97958186.17756912,Jackson,-0.29665992262739843,-0.7064072037117253,log,0.16810225655871275,0.9837241175099124,1.4034853060290068e+23,1.871313741372009e+23
1.75,1.09,catalog,0.31,566.9650939116118,17.3,870.5014002687269,0.0252,catalog,3597444476.2325206,50151820.27899773,Selsis,-0.4381766410657723,-0.623715258548664,linear,0.1587978394633284,0.9378937579500113,2.311940332931567e+23,3.0825871105754225e+23
1.75,1.09,catalog,0.31,566.9650939116118,17.3,643.1311742339649,0.0252,catalog,4560515631.677415,98112783.82760121,Selsis,-0.31334345004547687,-0.7175045277906016,log,0.307514846251971,0.8008272099427627,6.867523951041988e+23,9.156698601389317e+23
1.75,1.09,catalog,0.31,566.9650939116118,17.3,2211.566709529336,0.0252,catalog,782204706.723889,4330846.176917156,Jackson,-0.4561369910573502,-0.6139411122271968,linear,0.05585181519655902,0.9780023178708804,2.7114081392542504e+22,3.6152108523390006e+22
1.75,1.09,catalog,0.31,566.9650939116118,17.3,2638.276603355071,0.0252,catalog,1598361052.5599475,60363252.48208224,Selsis,-0.4983145386942122,-0.6838682494493501,linear,0.051360856289142234,0.919353708375476,4.325120356299643e+22,5.766827141732857e+22
1.75,1.09,catalog,0.31,566.9650939116118,17.3,192.57948193292958,0.0252,catalog,7650436354.7509365,9584830.616800787,Jackson,-0.4715074426858723,-0.6683249518236796,log,0.2891831382612626,0.1662371034111071,2.428600028458187e+23,3.238133371277583e+23
1.75,1.09,catalog,0.31,566.9650939116118,17.3,314.5722217350812,0.0252,catalog,4612240019.839962,90188148.87291642,Jackson,-0.3133344564657721,-0.6162848946260594,log,0.4045807271804632,0.3557198654505418,5.397809719031487e+23,7.197079625375316e+23
1.75,1.09,catalog,0.31,566.9650939116118,17.3,187.44070586948683,0.0252,catalog,12911209394.825949,8308879.233525753,Selsis,-0.3403774456429035,-0.7715419003304644,log,0.08414144140594695,0.26456233028132425,2.081730996813838e+23,2.7756413290851172e+23
1.75,1.09,catalog,0.31,566.9650939116118,17.3,981.2329224901189,0.0252,catalog,3285159609.2150865,26548828.292468667,Selsis,-0.4605025822329095,-0.6942166233127655,log,0.11042847557369659,0.2769264772067189,1.3506871124344222e+23,1.800916149912563e+23
1.75,1.09,catalog,0.31,566.9650939116118,17.3,1624.9809237570246,0.0252,catalog,2263477999.1376615,28531689.90964519,Selsis,-0.2858862012947785,-0.738400863864025,GP,0.2920740563868501,0.3982260760566124,6.731287739702103e+23,8.975050319602803e+23
1.75,1.09,catalog,0.31,566.9650939116118,17.3,229.55429456834406,0.0252,catalog,6359241053.5623,17276072.736798935,Jackson,-0.3756376138086823,-0.6086387589949523,GP,0.161178061711243,0.6805367002698479,1.960891675304893e+23,2.614522233739857e+23
1.75,1.09,catalog,0.31,566.9650939116118,17.3,1617.8892792795334,0.0252,catalog,2270718845.3783092,11490647.08720304,Selsis,-0.41356960962154377,-0.6189098934096698,linear,0.20345144717791663,0.7642898804539378,2.8091606606058457e+23,3.745547547474461e+23
1.75,1.09,catalog,0.31,566.9650939116118,17.3,398.99897510400393,0.0252,catalog,3648409314.032736,40740560.17441515,Jackson,-0.4193360904519775,-0.6892650478604013,GP,0.05337981267059601,0.7390000752055864,3.6680809832187546e+22,4.890774644291673e+22
1.75,1.09,catalog,0.31,566.9650939116118,17.3,417.0940096703624,0.0252,catalog,3494702843.666163,91969921.21777603,Jackson,-0.35413570566440633,-0.7108885932356502,log,0.37420410546044236,0.6284324704760621,3.013582149307718e+23,4.0181095324102904e+23
1.75,1.09,catalog,0.31,566.9650939116118,17.3,342.76829845477243,0.0252,catalog,7619621307.912611,43202122.94426917,Selsis,-0.28192663995675427,-0.7423739721930365,log,0.07209939682229607,0.5332674965122697,2.456998114875317e+23,3.275997486500423e+23
1.75,1.09,catalog,0.31,566.9650939116118,17.3,436.7201284484135,0.0252,catalog,3343368693.629515,74400239.81961182,Jackson,-0.31515188529570054,-0.6990180382120428,log,0.2726498055013721,0.48515343583730164,2.8797009188193954e+23,3.839601225092527e+23
1.75,1.09,catalog,0.31,566.9650939116118,17.3,440.1571904992168,0.0252,catalog,6190274870.688378,28340301.83488131,Selsis,-0.4938719570649038,-0.6658522800258755,log,0.05807801536399209,0.39925344733581847,8.418275492059139e+22,1.1224367322745518e+23
1.75,1.09,catalog,0.31,566.9650939116118,17.3,502.7907997206262,0.0252,catalog,5554697694.468253,37118116.85494739,Selsis,-0.31439252670534096,-0.6901026089049382,linear,0.49460768273478284,0.9366901596660338,1.2354361688047289e+24,1.6472482250729717e+24
1.75,1.09,catalog,0.31,566.9650939116118,17.3,368.10977212063176,0.0252,catalog,7177203185.050434,8589257.863632372,Selsis,-0.30247132267726284,-0.6322269644702989,GP,0.399999271443718,0.9037019230540562,1.3023763335475565e+24,1.7365017780634086e+24
1.75,1.09,catalog,0.31,566.9650939116118,17.3,369.9499593073132,0.0252,catalog,3928094843.638626,84104610.82304446,Jackson,-0.4835063055621329,-0.7316022157697396,log,0.3905003092330216,0.9663309431551939,2.1267192006949678e+23,2.8356256009266237e+23
1.75,1.09,catalog,0.31,566.9650939116118,17.3,407.09721411452966,0.0252,catalog,3577837357.778747,39876286.0504104,Jackson,-0.2989395799922864,-0.7689524068993051,GP,0.05326422214468207,0.48756175777894206,6.606078160909723e+22,8.808104214546297e+22
1.75,1.09,catalog,0.31,566.9650939116118,17.3,432.4995023532472,0.0252,catalog,3374717238.137797,52503439.22229523,Jackson,-0.301509203325337,-0.6268435235238138,GP,0.08980005387242389,0.2205175883095708,1.1956652854164789e+23,1.594220380555305e+23
1.75,1.09,catalog,0.31,566.9650939116118,17.3,1449.8878997437712,0.0252,catalog,2460734630.1418643,16326648.013552176,Selsis,-0.3175815593638714,-0.7376421266699492,linear,0.48654133675647054,0.18946304430905458,9.194234503575498e+23,1.2258979338100664e+24
1.75,1.09,catalog,0.31,566.9650939116118,17.3,173.70610260692524,0.0252,catalog,8545938653.255741,59169042.18983534,Jackson,-0.394816174437075,-0.6550122114633815,GP,0.2125473359735795,0.36172974385350176,2.1161153018557848e+23,2.8214870691410464e+23
1.75,1.09,catalog,0.31,566.9650939116118,17.3,289.048814941748,0.0252,catalog,5021407649.872662,10472379.155747926,Jackson,-0.4428875218548296,-0.7835409673011304,log,0.06905536802496935,0.5772411565005332,4.694013586828769e+22,6.258684782438358e+22
1.75,1.09,catalog,0.31,566.9650939116118,17.3,852.8093903668341,0.0252,catalog,3655091511.031621,49490797.23902486,Selsis,-0.46291840283493646,-0.6469611308280531,GP,0.180195727349275,0.5757037410012324,2.392383163356866e+23,3.189844217809154e+23
1.75,1.09,catalog,0.31,566.9650939116118,17.3,1666.8452461466727,0.0252,catalog,2221861659.7617135,89775278.44904374,Selsis,-0.4617226216124126,-0.7995552485238732,linear,0.4244734773743238,0.034068912259909934,3.965353752544043e+23,5.287138336725391e+23
1.75,1.09,catalog,0.31,566.9650939116118,17.3,484.9894232575976,0.0252,catalog,3024688779.005472,94605692.91800542,Jackson,-0.28536450581759304,-0.7822363870031936,linear,0.42259972005184065,0.9878024303910958,5.206235983717438e+23,6.941647978289918e+23
1.75,1.09,catalog,0.31,566.9650939116118,17.3,234.2094237319773,0.0252,catalog,6227999599.37678,93021963.10993207,Jackson,-0.36374325341206,-0.7746371597023322,linear,0.08149828750856149,0.5123744767612683,6.963989641092803e+22,9.28531952145707e+22
1.75,1.09,catalog,0.31,566.9650939116118,17.3,234.96316871636841,0.0252,catalog,6207279526.312039,91818276.6726806,Jackson,-0.3763328938468781,-0.700803675401196,linear,0.12982258448846787,0.9543701749120969,1.118865461937431e+23,1.4918206159165746e+23
1.75,1.09,catalog,0.31,566.9650939116118,17.3,265.9627848334657,0.0252,catalog,5464298439.937529,59007399.48843198,Jackson,-0.4871445218430034,-0.7625748424837613,linear,0.10005126822093917,0.5046662112243204,5.858305606305586e+22,7.81107414174078e+22
1.75,1.09,catalog,0.31,566.9650939116118,17.3,173.22547628432451,0.0252,catalog,8571584138.983866,25649436.67597883,Jackson,-0.4182737637630083,-0.6211096033668899,linear,0.05652509962472359,0.9040897297952335,6.18653580438913e+22,8.248714405852173e+22
1.75,1.09,catalog,0.31,566.9650939116118,17.3,530.6513854449627,0.0252,catalog,2777769603.0557733,79822245.67971846,Jackson,-0.36628648059159546,-0.6830750770089248,linear,0.4368304365316854,0.497039847380522,3.211219858836686e+23,4.281626478448914e+23
1.75,1.09,catalog,0.31,566.9650939116118,17.3,593.9495774723775,0.0252,catalog,4859020723.306348,7532748.697249855,Selsis,-0.30216449094916464,-0.7774742625026472,GP,0.24044839182272268,0.42594916691535734,6.424580998074088e+23,8.566107997432117e+23
1.75,1.09,catalog,0.31,566.9650939116118,17.3,592.742575927632,0.0252,catalog,2504044127.7812004,97438963.30471739,Jackson,-0.37368558125062284,-0.6886796148460538,linear,0.2665307316841854,0.8953557079680542,1.7729251801543544e+23,2.3639002402058057e+23
1.75,1.09,catalog,0.31,566.9650939116118,17.3,266.13171488527564,0.0252,catalog,9459082312.128136,77424038.50682911,Selsis,-0.383938728872174,-0.7085066304452726,GP,0.0661515654707067,0.07325092247103016,1.2061649056585495e+23,1.608219874211399e+23
1.75,1.09,catalog,0.31,566.9650939116118,17.3,605.2747879980766,0.0252,catalog,4786224155.495621,51503518.08117819,Selsis,-0.45060817600507824,-0.6299144431893666,linear,0.10131719859080963,0.017727883598874006,1.55061050286901e+23,2.0674806704920132e+23
1.75,1.09,catalog,0.31,566.9650939116118,17.3,395.43022685772814,0.0252,catalog,6762040834.867665,96999720.68338573,Selsis,-0.4807911681676732,-0.7293928738180618,GP,0.17575716475985784,0.4761165754268596,2.2639443242783525e+23,3.0185924323711365e+23
1.75,1.09,catalog,0.31,566.9650939116118,17.3,3752.8382666096118,0.0252,catalog,1250171355.7312527,61222075.4056987,Selsis,-0.39439943911707726,-0.7699515349050623,linear,0.12268868622064098,0.6727407053824267,9.936359680896667e+22,1.324847957452889e+23
1.75,1.09,catalog,0.31,566.9650939116118,17.3,437.24401006783705,0.0252,catalog,6224078550.970854,4057245.9666806892,Selsis,-0.3950420055283491,-0.6682766941316816,linear,0.437316950068419,0.7020536295535952,8.036283413208317e+23,1.0715044550944422e+24
1.75,1.09,catalog,0.31,566.9650939116118,17.3,266.2278797827509,0.0252,catalog,5458745308.194282,65326435.392557,Jackson,-0.3262733139160148,-0.6182960635833687,linear,0.29664138477490165,0.6131534241849398,3.9285321113216915e+23,5.2380428150955887e+23
1.75,1.09,catalog,0.31,566.9650939116118,17.3,1775.9747467732307,0.0252,catalog,942469049.6362998,66875084.104923844,Jackson,-0.48820054128534035,-0.6746317808268049,GP,0.12064087373482124,0.10517427292146686,4.265327396233332e+22,5.6871031949777755e+22
1.75,1.09,catalog,0.31,566.9650939116118,17.3,654.3332187826661,0.0252,catalog,4498457699.061029,6044339.522106179,Selsis,-0.2878176956926141,-0.6341964520370652,GP,0.3189249821844851,0.824267809317937,1.0330092044516471e+24,1.3773456059355293e+24
1.75,1.09,catalog,0.31,566.9650939116118,17.3,731.4856207071291,0.0252,catalog,2062592852.034885,45901552.60087647,Jackson,-0.45825687330122417,-0.7920813466632445,GP,0.21544329480971122,0.5010283899231895,1.0343567082857001e+23,1.3791422777142668e+23
1.75,1.09,catalog,0.31,566.9650939116118,17.3,231.6201401425435,0.0252,catalog,10681750596.3496,69881097.15942627,Selsis,-0.31506702873779063,-0.7493973253220603,linear,0.4320029113297052,0.27746087237360484,1.1700718516351506e+24,1.5600958021802007e+24
1.75,1.09,catalog,0.31,566.9650939116118,17.3,177.07119535292577,0.0252,catalog,8370717822.793866,83362037.95921876,Jackson,-0.40789669617832874,-0.642660121616306,GP,0.1361083759567764,0.11955530089593935,1.3130496005993865e+23,1.750732800799182e+23
1.75,1.09,catalog,0.31,566.9650939116118,17.3,608.1353622799028,0.0252,catalog,2445017721.2368836,16299861.773395818,Jackson,-0.2915974877814249,-0.7833032378496418,log,0.22436632274527538,0.7289993745280346,2.78578165504076e+23,3.7143755400543466e+23
1.75,1.09,catalog,0.31,566.9650939116118,17.3,1232.2154123337336,0.0252,catalog,2772892101.6884413,8200916.382756135,Selsis,-0.34125734006357544,-0.7851505784680413,GP,0.41723197622698666,0.1650627313145343,7.113419482096821e+23,9.484559309462427e+23
1.75,1.09,catalog,0.31,566.9650939116118,17.3,700.4751880517819,0.0252,catalog,2146026937.1763663,21408023.281204287,Jackson,-0.41102701395663854,-0.6257503723113222,linear,0.3855410527156762,0.5603735570507874,2.759039361496957e+23,3.678719148662609e+23
1.75,1.09,catalog,0.31,566.9650939116118,17.3,395.1102976697555,0.0252,catalog,3683366836.1112866,45059173.146481246,Jackson,-0.28205847441975296,-0.6229792453283075,linear,0.2401482165353082,0.08460320689659862,3.9028231012941555e+23,5.2037641350588735e+23
1.75,1.09,catalog,0.31,566.9650939116118,17.3,119.90760036433116,0.0252,catalog,12908679841.128777,27825492.595133618,Jackson,-0.426287031199071,-0.6264778316685626,log,0.4213845867845092,0.7265060795913425,4.968985058276987e+23,6.625313411035982e+23
1.75,1.09,catalog,0.31,566.9650939116118,17.3,892.7456077293148,0.0252,catalog,1721888202.0631883,71154739.610659,Jackson,-0.49122585445854255,-0.6183088284260079,GP,0.21566067306650577,0.16889183918268014,1.157016101355614e+23,1.5426881351408186e+23
1.75,1.09,catalog,0.31,566.9650939116118,17.3,256.8201961367031,0.0252,catalog,9756589403.833525,65513791.09266279,Selsis,-0.4916663299490217,-0.7418247650563957,log,0.0796642993309756,0.5905515578095402,1.0925396580860309e+23,1.4567195441147078e+23
1.75,1.09,catalog,0.31,566.9650939116118,17.3,1614.4056130138604,0.0252,catalog,1022933419.9332827,50682394.679996684,Jackson,-0.4167278044268302,-0.7145005702441783,linear,0.05913951076106956,0.21374483751174977,2.4408901229743757e+22,3.254520163965834e+22
1.75,1.09,catalog,0.31,566.9650939116118,17.3,447.6826150022674,0.0252,catalog,6104910659.377692,95631516.04890014,Selsis,-0.3048244378734256,-0.7117780712621594,log,0.06444707411856142,0.8910195343101606,1.6746871109025873e+23,2.2329161478701162e+23
1.75,1.09,catalog,0.31,566.9650939116118,17.3,394.96038322970014,0.0252,catalog,6768710239.737815,94206223.36133389,Selsis,-0.4800728410077109,-0.6579747890559424,log,0.0761714253627562,0.948352478857284,1.1063937822973922e+23,1.4751917097298563e+23
1.75,1.09,catalog,0.31,566.9650939116118,17.3,549.6560854869947,0.0252,catalog,2687316796.5289397,40461727.790270425,Jackson,-0.37381640046207015,-0.7728140133523727,linear,0.23872282845468815,0.998788868393857,1.648439526642745e+23,2.1979193688569932e+23
1.75,1.09,catalog,0.31,566.9650939116118,17.3,266.66809505539294,0.0252,catalog,5449549963.427746,27826500.337276176,Jackson,-0.39222389660904305,-0.6844148697878147,GP,0.08636907132062241,0.5735586775564697,7.481542280520173e+22,9.975389707360231e+22
1.75,1.09,catalog,0.31,566.9650939116118,17.3,760.9213733095221,0.0252,catalog,3994367527.8865614,64910141.911970526,Selsis,-0.35527011068922865,-0.7014717185106998,linear,0.056267114980089024,0.2818709756062808,9.580214232841023e+22,1.2773618977121363e+23
1.75,1.09,catalog,0.31,566.9650939116118,17.3,246.02040948273077,0.0252,catalog,5919076416.196871,59097834.12259713,Jackson,-0.312138812283983,-0.6337931022976748,linear,0.062334496447440775,0.3258050579482965,8.967542530319272e+22,1.1956723373759028e+23
1.75,1.09,catalog,0.31,566.9650939116118,17.3,451.42920733111026,0.0252,catalog,3238834207.3526435,68424713.41981444,Jackson,-0.35313169864012967,-0.7444838726678169,log,0.19898069712299263,0.9444862571084006,1.576081789326218e+23,2.1014423857682904e+23
1.75,1.09,catalog,0.31,566.9650939116118,17.3,146.22281344085485,0.0252,catalog,10320278148.801619,13690360.137160894,Jackson,-0.47543980689575366,-0.73929522588125,GP,0.17893594963210643,0.7740376912233501,1.3583511478683457e+23,1.8111348638244608e+23
1.75,1.09,catalog,0.31,566.9650939116118,17.3,366.9578948440461,0.0252,catalog,3959532231.051883,44072498.11718603,Jackson,-0.41924784832694306,-0.6758471962140434,log,0.11036109831331882,0.4631265628270226,7.91924622218344e+22,1.0558994962911252e+23
1.75,1.09,catalog,0.31,566.9650939116118,17.3,152.89547907965925,0.0252,catalog,9823284416.69481,95433729.38399127,Jackson,-0.37485466847886706,-0.7296238314987669,linear,0.38231116351273475,0.7511467472192905,3.5835356872585784e+23,4.7780475830114375e+23
1.75,1.09,catalog,0.31,566.9650939116118,17.3,237.13045116337008,0.0252,catalog,10462597523.499151,81565593.30062586,Selsis,-0.3864299666613007,-0.6786328526246529,log,0.12212623742211544,0.31453590875525284,2.3463940532510827e+23,3.1285254043347765e+23
1.75,1.09,catalog,0.31,566.9650939116118,17.3,719.7003236994252,0.0252,catalog,4172702144.433936,86207353.39575054,Selsis,-0.32017882489953153,-0.69565782405752,linear,0.3489256551395021,0.6206777320784186,7.374956835907338e+23,9.833275781209783e+23
1.75,1.09,catalog,0.31,566.9650939116118,17.3,208.73622728358964,0.0252,catalog,7024611633.004923,80193603.19272706,Jackson,-0.41866123631666186,-0.6000520394151473,GP,0.46030821612859335,0.10431613615225832,4.902167173772097e+23,6.536222898362795e+23
1.75,1.09,catalog,0.31,566.9650939116118,17.3,381.3672921536049,0.0252,catalog,6968553317.952313,19397173.871103454,Selsis,-0.43848191367461553,-0.7069044170759147,linear,0.30822525798490574,0.17216141254949346,4.7074160671449646e+23,6.276554756193285e+23
1.75,1.09,catalog,0.31,566.9650939116118,17.3,574.5470469064321,0.0252,catalog,2578040566.146204,81910331.51462115,Jackson,-0.2871129674224292,-0.6551374228219264,linear,0.4627045210609555,0.7363343545480767,5.798313085326729e+23,7.731084113768972e+23
1.75,1.09,catalog,0.31,566.9650939116118,17.3,763.2513527037456,0.0252,catalog,3984825810.2076554,13153005.389774704,Selsis,-0.39934841815620953,-0.7053447259150656,linear,0.18585058464618603,0.259432453978376,2.792158058866647e+23,3.7228774118221955e+23
1.75,1.09,catalog,0.31,566.9650939116118,17.3,4956.025730178679,0.0252,catalog,803770128.3737577,24004730.50250705,Selsis,-0.3553038860634908,-0.7093901559939492,GP,0.39877836680536816,0.4542090083744934,2.7939538739445262e+23,3.725271831926035e+23
1.75,1.09,catalog,0.31,566.9650939116118,17.3,1183.0273325727808,0.0252,catalog,2857658070.7253027,47433742.79636641,Selsis,-0.46158280625988635,-0.7745457157562833,GP,0.06440746135945499,0.25374358127239394,6.926614304567431e+22,9.235485739423241e+22
1.75,1.09,catalog,0.31,566.9650939116118,17.3,462.07059895735944,0.0252,catalog,3167473725.995847,43596511.9556288,Jackson,-0.3823761010200836,-0.6523582512313495,GP,0.1274625700396188,0.2798147590919401,1.0151594985540994e+23,1.3535459980721325e+23
1.75,1.09,catalog,0.31,566.9650939116118,17.3,237.4897293185569,0.0252,catalog,6138864384.866243,82957897.5538367,Jackson,-0.33367791187443124,-0.6513803509943236,GP,0.26808062433276336,0.22948994332917416,3.189425774448742e+23,4.252567699264989e+23
1.75,1.09,catalog,0.31,566.9650939116118,17.3,846.2902851196258,0.0252,catalog,3676896954.1562557,50357039.372794695,Selsis,-0.3350265784011372,-0.768330894976743,log,0.2447853384973924,0.33260727002718826,4.470768188140145e+23,5.961024250853527e+23
1.75,1.09,catalog,0.31,566.9650939116118,17.3,480.9355863909574,0.0252,catalog,5758461594.874812,4081828.8081990327,Selsis,-0.2984106574869795,-0.6522801551029271,linear,0.08472667415112321,0.9618801110078625,2.652710947074564e+23,3.536947929432752e+23
1.75,1.09,catalog,0.31,566.9650939116118,17.3,1576.0997391836208,0.0252,catalog,2314573707.299001,79967111.09369607,Selsis,-0.2991391211536062,-0.7897982291410784,linear,0.40305352297638336,0.053788673480972826,7.81460537846289e+23,1.041947383795052e+24
1.75,1.09,catalog,0.31,566.9650939116118,17.3,263.7662667544935,0.0252,catalog,5510771353.196679,46897633.01905877,Jackson,-0.32220937516797965,-0.755336082025643,log,0.10163765686647017,0.7887278126238189,1.1709025742802546e+23,1.5612034323736727e+23
1.75,1.09,catalog,0.31,566.9650939116118,17.3,355.65263867409965,0.0252,catalog,7387000666.184618,18815052.284678455,Selsis,-0.45882954678229376,-0.7849498162586502,log,0.08792349987441059,0.8557464025113394,1.2266718813169657e+23,1.635562508422621e+23
1.75,1.09,catalog,0.31,566.9650939116118,17.3,656.5052864759652,0.0252,catalog,2277860079.3101273,9807193.989392864,Jackson,-0.43745319692295015,-0.797538153038748,GP,0.39201587684852507,0.6624217304990687,2.234253860421833e+23,2.9790051472291105e+23
1.75,1.09,catalog,0.31,566.9650939116118,17.3,213.70890897963983,0.0252,catalog,6852801176.977694,97630489.02986933,Jackson,-0.32794001207539963,-0.7569057495629705,log,0.42973365879395703,0.2745617907207921,4.752153050256471e+23,6.336204067008628e+23
1.75,1.09,catalog,0.31,566.9650939116118,17.3,328.4134187556884,0.0252,catalog,4418446129.51565,38341306.827461034,Jackson,-0.4794675682092358,-0.7250025026806247,linear,0.08964094814277121,0.2955338837924514,5.438101052688731e+22,7.250801403584975e+22
1.75,1.09,catalog,0.31,566.9650939116118,17.3,380.20574989205693,0.0252,catalog,3824258653.427119,50606293.1597592,Jackson,-0.47046441619797086,-0.6405619256054533,log,0.24451416279604568,0.12431572594556684,1.7045818643435737e+23,2.2727758191247648e+23
1.75,1.09,catalog,0.31,566.9650939116118,17.3,293.9123378767473,0.0252,catalog,4937583229.253854,73679950.82312454,Jackson,-0.4023687749395222,-0.7719076866899102,log,0.25206621321958955,0.7088798135179422,1.7348584315534178e+23,2.313144575404557e+23
1.75,1.09,catalog,0.31,566.9650939116118,17.3,523.559106025878,0.0252,catalog,5376133370.75687,89338504.23243628,Selsis,-0.35509819528825326,-0.7071139701945076,log,0.08333025641297764,0.3326054200057714,1.5128311153180866e+23,2.0171081537574486e+23
1.75,1.09,catalog,0.31,566.9650939116118,17.3,634.8838959951346,0.0252,catalog,4607522348.519067,15813216.66723337,Selsis,-0.36529361891176004,-0.6960366430727011,GP,0.16165858539195718,0.8565053428893561,2.899991233198914e+23,3.866654977598552e+23
1.75,1.09,catalog,0.31,566.9650939116118,17.3,635.1854867033795,0.0252,catalog,4605783113.880892,31931352.12609598,Selsis,-0.46519020190198546,-0.6749695719952955,log,0.45686652941623296,0.8337193239274535,6.229117456818543e+23,8.305489942424724e+23
1.75,1.09,catalog,0.31,566.9650939116118,17.3,1026.6914194754686,0.0252,catalog,3175534863.3398814,38347599.12609142,Selsis,-0.34860447755537954,-0.7716943205388624,GP,0.09073384750120946,0.5743811108796109,1.4740251103859209e+23,1.9653668138478944e+23
1.75,1.09,catalog,0.31,566.9650939116118,17.3,256.7141722110829,0.0252,catalog,5665758012.388231,48524371.60836649,Jackson,-0.3790662360048168,-0.68317197974906,GP,0.31327503173012994,0.46851296613029214,2.8068522030047963e+23,3.742469604006395e+23
1.75,1.09,catalog,0.31,566.9650939116118,17.3,1721.2174550399805,0.0252,catalog,2170529761.0827003,57043224.97352493,Selsis,-0.3084934518894825,-0.7590971658654162,log,0.4999325504007068,0.2848691299438655,8.972585094580464e+23,1.1963446792773952e+24
1.75,1.09,catalog,0.31,566.9650939116118,17.3,2599.9352146278775,0.0252,catalog,1614922664.7388682,22065571.072160996,Selsis,-0.43401362803253074,-0.6831160340491381,linear,0.3125813902397698,0.7255557757908655,3.053156491281906e+23,4.070875321709208e+23
1.75,1.09,catalog,0.31,566.9650939116118,17.3,176.04187828352156,0.0252,catalog,8423523328.896984,59162776.69269615,Jackson,-0.46225256791888464,-0.7866245787060473,GP,0.11330256118724212,0.9468599502878916,7.437314194341544e+22,9.916418925788724e+22
1.75,1.09,catalog,0.31,566.9650939116118,17.3,444.8203490942257,0.0252,catalog,6137051464.688746,4587239.010851094,Selsis,-0.41931734456285813,-0.799297049040616,log,0.07893910556661769,0.7466748492543779,1.1976180050351032e+23,1.5968240067134708e+23
1.75,1.09,catalog,0.31,566.9650939116118,17.3,346.54053782468065,0.0252,catalog,4189265076.166122,94769670.98326646,Jackson,-0.3384300674139207,-0.7150341054037734,log,0.07731097949840313,0.5864699628821054,7.184205209173831e+22,9.578940278898441e+22
1.75,1.09,catalog,0.31,566.9650939116118,17.3,231.4965722077825,0.0252,catalog,6303786338.271584,88280170.5196465,Jackson,-0.4303722147777463,-0.6494138530480023,GP,0.46034499241370985,0.21167070193228132,3.742011478938796e+23,4.9893486385850606e+23
1.75,1.09,catalog,0.31,566.9650939116118,17.3,2888.2939840174326,0.0252,catalog,1499917085.5936754,16298997.519640274,Selsis,-0.3323467467475902,-0.679759686883187,linear,0.3715956599729531,0.8434823586541506,5.151008641936047e+23,6.868011522581395e+23
1.75,1.09,catalog,0.31,566.9650939116118,17.3,987.4488501269634,0.0252,catalog,3269626107.7478366,8086503.524662987,Selsis,-0.4356485102930772,-0.6970751057236836,log,0.08848052471583841,0.6686857090501245,1.1683076780467508e+23,1.557743570729001e+23
1.75,1.09,catalog,0.31,566.9650939116118,17.3,886.3864393941792,0.0252,catalog,1732979987.666587,72877270.16016027,Jackson,-0.38803406057910644,-0.6049854832266192,linear,0.14511923816550235,0.7291619910823413,9.853740399461614e+22,1.3138320532615484e+23
1.75,1.09,catalog,0.31,566.9650939116118,17.3,601.4649102777089,0.0252,catalog,4810423919.839976,47004748.20182713,Selsis,-0.43986924606450273,-0.6739581326585989,linear,0.26863669687312575,0.21735320830945848,3.8086690275064135e+23,5.078225370008551e+23
1.75,1.09,catalog,0.31,566.9650939116118,17.3,454.37339850598516,0.0252,catalog,6031296725.785795,78353562.56227063,Selsis,-0.4573050379442121,-0.7467921941485705,log,0.35054893311292107,0.4121377467301047,4.554145171978843e+23,6.072193562638457e+23
1.75,1.09,catalog,0.31,566.9650939116118,17.3,527.6960486820374,0.0252,catalog,2792431549.2902637,3140496.2862068,Jackson,-0.44635795071829654,-0.7186447888266494,log,0.4088858951008179,0.08530926456039278,2.6483673801071766e+23,3.5311565068095685e+23
1.75,1.09,catalog,0.31,566.9650939116118,17.3,659.3583497466959,0.0252,catalog,2268770672.3240943,70605177.29191141,Jackson,-0.29519496903807657,-0.7932618351863369,linear,0.37014295382181783,0.19893600828411073,3.890863358877198e+23,5.187817811836264e+23
1.75,1.09,catalog,0.31,566.9650939116118,17.3,1320.2383889642958,0.0252,catalog,2635543871.5326576,59150385.255478024,Selsis,-0.2870585354692074,-0.6581814287443375,log,0.35447069451483404,0.16117061336247518,8.650750517409934e+23,1.1534334023213245e+24
1.75,1.09,catalog,0.31,566.9650939116118,17.3,325.74317724664525,0.0252,catalog,4454479558.720539,71313226.0144202,Jackson,-0.3692204248435803,-0.7081003092665651,linear,0.10283609053429346,0.11250306302582114,8.447599938926445e+22,1.126346658523526e+23
1.75,1.09,catalog,0.31,566.9650939116118,17.3,4966.276974611062,0.0252,catalog,955110948.6685233,74855220.98214903,Selsis,-0.46324429630248504,-0.6527963369101752,GP,0.47984584827479976,0.9900035373103007,2.8045174876965475e+23,3.739356650262063e+23
1.75,1.09,catalog,0.31,566.9650939116118,17.3,3084.2148926209316,0.0252,catalog,1432648240.5178924,86881209.98618725,Selsis,-0.4762645638807063,-0.6068407359445046,GP,0.13426066375475534,0.2933731529603879,1.2161648333621934e+23,1.621553111149591e+23
1.75,1.09,catalog,0.31,566.9650939116118,17.3,134.50756181530966,0.0252,catalog,11329609767.13367,18073740.19896316,Jackson,-0.42678216308608413,-0.7830593589435015,log,0.2614084871711059,0.6528243788211092,2.137595281332901e+23,2.8501270417772013e+23
1.75,1.09,catalog,0.31,566.9650939116118,17.3,1767.8526909873906,0.0252,catalog,2128762258.7148302,92427375.49366152,Selsis,-0.301122970937444,-0.6202778445666491,log,0.0668436989614821,0.7780391403819946,1.3403382160131889e+23,1.7871176213509184e+23
1.75,1.09,catalog,0.31,566.9650939116118,17.3,725.285202983022,0.0252,catalog,4147430336.645867,59126191.312446,Selsis,-0.4643011963257682,-0.7457369678638666,GP,0.052225075299230525,0.6100756866309918,6.242071467122236e+22,8.322761956162981e+22
1.75,1.09,catalog,0.31,566.9650939116118,17.3,315.8914816417133,0.0252,catalog,8164548033.038487,40073187.12143214,Selsis,-0.4078760333842267,-0.6893894567220163,linear,0.07148256673712645,0.6738483447938095,1.2222426471099985e+23,1.6296568628133312e+23
1.75,1.09,catalog,0.31,566.9650939116118,17.3,332.34641084885806,0.0252,catalog,7820670097.534334,35047212.15201636,Selsis,-0.3959805917378337,-0.6418874792770467,linear,0.15439635667904875,0.25855962310064706,2.996481822333739e+23,3.9953090964449854e+23
1.75,1.09,catalog,0.31,566.9650939116118,17.3,4955.652461976199,0.0252,catalog,773565404.9746783,99948296.86882514,Selsis,-0.305857566624744,-0.6886632975549936,linear,0.05691110062302527,0.12986767028494273,4.379568416508754e+22,5.839424555345005e+22
1.75,1.09,catalog,0.31,566.9650939116118,17.3,1623.487863092517,0.0252,catalog,2264997752.648384,49213877.269528694,Selsis,-0.30300845173501223,-0.6930695769445829,log,0.24460316771581928,0.7317905482921201,4.8311080774614805e+23,6.441477436615306e+23
1.75,1.09,catalog,0.31,566.9650939116118,17.3,641.1027717506075,0.0252,catalog,2328334167.302467,45863992.17646595,Jackson,-0.45301119050220906,-0.6673639783154917,log,0.20550032961758335,0.3571718650357424,1.1775553491751185e+23,1.5700737989001578e+23
1.75,1.09,catalog,0.31,566.9650939116118,17.3,457.4799614011893,0.0252,catalog,5997820309.037688,45160871.397189446,Selsis,-0.46619796458989066,-0.7809154678778072,GP,0.1401067704929981,0.9812117849592882,1.8024663436830344e+23,2.403288458244046e+23
1.75,1.09,catalog,0.31,566.9650939116118,17.3,4955.025240550059,0.0252,catalog,725345951.8315275,97539868.7842433,Selsis,-0.4658280366960735,-0.6096971756379614,linear,0.12477708071288027,0.5198155350483623,5.685696757828479e+22,7.58092901043797e+22
1.75,1.09,catalog,0.31,566.9650939116118,17.3,2780.227147896305,0.0252,catalog,1540558632.567826,88620242.41875885,Selsis,-0.39034244615386027,-0.6618566357753656,linear,0.21973259144885945,0.11689375328920648,2.172299427264023e+23,2.8963992363520307e+23
1.75,1.09,catalog,0.31,566.9650939116118,17.3,1019.0576376723741,0.0252,catalog,3193319660.4063835,15371233.172580162,Selsis,-0.38040516967740945,-0.6565788169285518,log,0.05374324307946212,0.5586127530309176,8.525150151083801e+22,1.1366866868111735e+23
1.75,1.09,catalog,0.31,566.9650939116118,17.3,244.50155847765006,0.0252,catalog,5956996544.386264,97497683.93756044,Jackson,-0.4309984334306717,-0.6475642247425035,log,0.06292963669371947,0.9705539920482196,5.009123247198308e+22,6.67883099626441e+22
1.75,1.09,catalog,0.31,566.9650939116118,17.3,197.03605796736602,0.0252,catalog,7466527964.49945,43878486.834297016,Jackson,-0.31780694694841566,-0.6794625571192573,linear,0.05521982429973741,0.4946891446119045,7.642373230360932e+22,1.0189830973814575e+23
1.75,1.09,catalog,0.31,566.9650939116118,17.3,3205.8514053837243,0.0252,catalog,1394528824.026623,41077192.9843856,Selsis,-0.3881472270385427,-0.6256492600981682,linear,0.47520578317297,0.3756080558985556,4.998686491429537e+23,6.664915321906049e+23
1.75,1.09,catalog,0.31,566.9650939116118,17.3,406.04818544615733,0.0252,catalog,6615304668.05634,16964667.39147799,Selsis,-0.3328877954505435,-0.6132150919869199,linear,0.47346857298591694,0.03987938733430263,1.270905918478003e+24,1.6945412246373374e+24
1.75,1.09,catalog,0.31,566.9650939116118,17.3,3924.1764906327494,0.0252,catalog,262647511.20820752,15522711.101694675,Jackson,-0.49816875576712727,-0.6321402448678384,GP,0.10478217892821516,0.3849068577411212,1.8796108989052035e+22,2.506147865206938e+22
1.75,1.09,catalog,0.31,566.9650939116118,17.3,206.720690712487,0.0252,catalog,7096830246.400262,31211990.682315994,Jackson,-0.4204136573934582,-0.7682665735627661,linear,0.06974817854647927,0.3810641796938432,5.2145998112223125e+22,6.9527997482964164e+22
1.75,1.09,catalog,0.31,566.9650939116118,17.3,848.7298443022963,0.0252,catalog,1802099683.4507985,16964954.965735722,Jackson,-0.33180656303074835,-0.7502988717494657,linear,0.19707624453366598,0.6369874884478706,1.626706669906829e+23,2.1689422265424387e+23
1.75,1.09,catalog,0.31,566.9650939116118,17.3,456.1193846939129,0.0252,catalog,3206960326.28471,33438072.15019681,Jackson,-0.4253025025437854,-0.6742465989693408,linear,0.2062929751660363,0.9786928412471567,1.3997065104313943e+23,1.866275347241859e+23
1.75,1.09,catalog,0.31,566.9650939116118,17.3,764.1322462858241,0.0252,catalog,1982065102.359226,47407687.545791075,Jackson,-0.49745660117538204,-0.6887057520502404,GP,0.2665928201292531,0.062252726232142175,1.3073316189404824e+23,1.7431088252539765e+23
1.75,1.09,catalog,0.31,566.9650939116118,17.3,728.9486075633295,0.0252,catalog,2069152220.5325894,36700782.02802343,Jackson,-0.44669155644410463,-0.6585859877432702,linear,0.12838299876656076,0.15092562105573093,7.4146916825679285e+22,9.886255576757237e+22
1.75,1.09,catalog,0.31,566.9650939116118,17.3,270.1018933507235,0.0252,catalog,5378925986.59504,76114253.47731282,Jackson,-0.3679926467885486,-0.7409112181461166,log,0.19296347445259648,0.1126210474211573,1.6164928906048637e+23,2.1553238541398182e+23
1.75,1.09,catalog,0.31,566.9650939116118,17.3,360.2991709674445,0.0252,catalog,7307093736.408602,21310523.314389296,Selsis,-0.3854555812643452,-0.7004935218553509,linear,0.10665589079498838,0.3514853731132006,1.936000795238327e+23,2.5813343936511026e+23
1.75,1.09,catalog,0.31,566.9650939116118,17.3,505.2114128140418,0.0252,catalog,5533165492.372685,20364881.52293531,Selsis,-0.4907532052035051,-0.6045797069164912,linear,0.05430642512698331,0.24353040847999607,9.368802718277214e+22,1.2491736957702951e+23
1.75,1.09,catalog,0.31,566.9650939116118,17.3,4949.6097296451235,0.0252,catalog,296395820.6458752,50297531.39625231,Selsis,-0.3288477665500396,-0.6375618516344899,log,0.07453720883870484,0.7938867299429561,2.153648318248123e+22,2.8715310909974974e+22
1.75,1.09,catalog,0.31,566.9650939116118,17.3,2384.671921175418,0.0252,catalog,1716550258.5096347,85204916.28546794,Selsis,-0.4843921786568092,-0.6547985379722996,linear,0.05450002964816596,0.550450117134018,4.908279987902404e+22,6.544373317203205e+22
1.75,1.09,catalog,0.31,566.9650939116118,17.3,626.416485529027,0.0252,catalog,2378786453.9059854,46179492.673864745,Jackson,-0.4971960173477108,-0.6516618612919928,GP,0.061279261835010264,0.08216954932543219,3.4657131257408325e+22,4.62095083432111e+22
1.75,1.09,catalog,0.31,566.9650939116118,17.3,3398.994974490769,0.0252,catalog,1338932507.9956226,85353172.28311287,Selsis,-0.3083234323619063,-0.7920482706246671,GP,0.0772518937184344,0.7689474677974403,1.0052152370148524e+23,1.3402869826864698e+23
1.75,1.09,catalog,0.31,566.9650939116118,17.3,2500.9744969998083,0.0252,catalog,1659727272.4173703,49169618.24323815,Selsis,-0.29313266638610286,-0.7647953744436913,linear,0.07275560554247959,0.035620646066185646,1.2977124775944475e+23,1.730283303459263e+23
1.75,1.09,catalog,0.31,566.9650939116118,17.3,129.2707262813296,0.0252,catalog,11848896254.336567,64260947.60133754,Jackson,-0.2975306832391067,-0.688617300635586,linear,0.07606293100746782,0.5242337010510456,1.3314144147807586e+23,1.775219219707678e+23
1.75,1.09,catalog,0.31,566.9650939116118,17.3,248.26902419458742,0.0252,catalog,5863855791.645155,55381776.22826833,Jackson,-0.45895675722881624,-0.7036103725053912,GP,0.2760127020870457,0.5517961882555436,1.8734331145782256e+23,2.497910819437634e+23
1.75,1.09,catalog,0.31,566.9650939116118,17.3,282.96446068218603,0.0252,catalog,5130645414.527802,99532181.6444058,Jackson,-0.30913229694366967,-0.7542600815702217,linear,0.4982780105448059,0.7487504605307013,5.8816908457909115e+23,7.842254461054548e+23
1.75,1.09,catalog,0.31,566.9650939116118,17.3,598.5878497137579,0.0252,catalog,4828891607.939357,47956200.034135826,Selsis,-0.4844149794414067,-0.6765490399203784,GP,0.4656464408683454,0.16713367104763255,6.153117502162781e+23,8.204156669550375e+23
1.75,1.09,catalog,0.31,566.9650939116118,17.3,446.9111765546243,0.0252,catalog,6113534316.36412,69084857.69419652,Selsis,-0.48823478096794,-0.6538993700481854,log,0.07429602423404318,0.9411051334884153,1.0705027914172456e+23,1.4273370552229942e+23
1.75,1.09,catalog,0.31,566.9650939116118,17.3,3219.8222439062624,0.0252,catalog,1390312158.3212924,73050096.0009949,Selsis,-0.29883603129301234,-0.7876356007922894,log,0.36809044159796755,0.08071662210888708,5.3933524938004737e+23,7.191136658400632e+23
1.75,1.09,catalog,0.31,566.9650939116118,17.3,320.288058407217,0.0252,catalog,8069272522.30138,84429825.20377757,Selsis,-0.34743796801561777,-0.6881174401500851,GP,0.3091888473940534,0.9373533260029315,6.62507140096541e+23,8.833428534620547e+23
1.75,1.09,catalog,0.31,566.9650939116118,17.3,472.4886932605365,0.0252,catalog,5842037129.778671,68004168.40305544,Selsis,-0.41528834138825205,-0.6961165993951949,GP,0.11490260477200796,0.30538436853496265,1.724645683025134e+23,2.299527577366845e+23
1.75,1.09,catalog,0.31,566.9650939116118,17.3,1460.8288782183836,0.0252,catalog,2447166016.4889407,94240592.01156664,Selsis,-0.35367183219328807,-0.768624781302322,GP,0.2652117661703927,0.6452480566506011,3.610135028683996e+23,4.813513371578661e+23
1.75,1.09,catalog,0.31,566.9650939116118,17.3,456.77212602480324,0.0252,catalog,3202577719.896547,84340081.35270539,Jackson,-0.33545334904397806,-0.6562272748762332,linear,0.05693988164308879,0.6493922771823825,5.392541055297381e+22,7.190054740396508e+22
1.75,1.09,catalog,0.31,566.9650939116118,17.3,1081.2542645234873,0.0252,catalog,1451564554.7328103,86413369.05092615,Jackson,-0.3108924863059597,-0.784247816942584,linear,0.07259648846027542,0.2926011411177175,5.47563387810702e+22,7.30084517080936e+22
1.75,1.09,catalog,0.31,566.9650939116118,17.3,664.5622521989518,0.0252,catalog,4443512349.968131,96355658.23830645,Selsis,-0.40148326185583405,-0.602904974462527,log,0.06845931476086577,0.7598916763207164,1.1971004145650156e+23,1.5961338860866873e+23
1.75,1.09,catalog,0.31,566.9650939116118,17.3,367.2149536457577,0.0252,catalog,3956810290.132537,32473743.689289585,Jackson,-0.32781724601626666,-0.7949296094750851,log,0.08424722209288261,0.3298931710969557,8.608366550704403e+22,1.147782206760587e+23
1.75,1.09,catalog,0.31,566.9650939116118,17.3,509.1131784528927,0.0252,catalog,5498869023.63626,60291577.7105716,Selsis,-0.3446186702576678,-0.6677028445045203,GP,0.22714051128985055,0.5997925355475427,4.678033864640511e+23,6.237378486187347e+23
1.75,1.09,catalog,0.31,566.9650939116118,17.3,122.5197975984006,0.0252,catalog,12594175274.512495,9477262.135629004,Jackson,-0.45376550499519847,-0.7380188530868641,log,0.1796955056787798,0.927578110647123,1.5051152635827553e+23,2.0068203514436736e+23
1.75,1.09,catalog,0.31,566.9650939116118,17.3,1621.3784592322838,0.0252,catalog,2267149150.2689266,60390329.134846665,Selsis,-0.2912007541049411,-0.6960916814850028,GP,0.1409227636080298,0.6165766663407233,3.026487713692744e+23,4.035316951590325e+23
1.75,1.09,catalog,0.31,566.9650939116118,17.3,327.0797132248424,0.0252,catalog,4436366159.802125,17662759.593778398,Jackson,-0.43228661001117374,-0.7388941223570925,linear,0.15170407535426694,0.7460283294071589,1.0423398747982284e+23,1.3897864997309711e+23
1.75,1.09,catalog,0.31,566.9650939116118,17.3,1051.350464908822,0.0252,catalog,1488086569.0705113,52678218.35095246,Jackson,-0.3547190103242075,-0.6847811908364744,GP,0.35728721690314635,0.983973318935023,2.2833711366278293e+23,3.044494848837105e+23
1.75,1.09,catalog,0.31,566.9650939116118,17.3,710.6832990931298,0.0252,catalog,4214289405.952777,24564912.864048067,Selsis,-0.39309457860550023,-0.7624489353735854,log,0.07108957202823071,0.4923010968459697,1.0458036329495579e+23,1.3944048439327438e+23
1.75,1.09,catalog,0.31,566.9650939116118,17.3,450.2678464453828,0.0252,catalog,3246832185.337016,92029551.23366447,Jackson,-0.39108319762464244,-0.6820008921158869,log,0.24676838373440793,0.6288249006105627,1.6968574548426485e+23,2.2624766064568645e+23
1.75,1.09,catalog,0.31,566.9650939116118,17.3,1144.3242078623712,0.0252,catalog,2928983374.371445,11657537.559233474,Selsis,-0.2903179470222046,-0.6038615297358456,linear,0.0739444168292611,0.029415157279068294,2.1035607070804676e+23,2.8047476094406234e+23
1.75,1.09,catalog,0.31,566.9650939116118,17.3,218.52872116788308,0.0252,catalog,11247094932.643623,48421334.21158979,Selsis,-0.45010513577829064,-0.7659063296344251,linear,0.1774878955069505,0.7224284023157882,2.644626816473575e+23,3.526169088631433e+23
1.75,1.09,catalog,0.31,566.9650939116118,17.3,698.7348413938306,0.0252,catalog,4270945255.9213653,78094536.6366579,Selsis,-0.37145416194752845,-0.6433720678738403,log,0.07641825451424811,0.8440030763293485,1.3196733426797588e+23,1.759564456906345e+23
1.75,1.09,catalog,0.31,566.9650939116118,17.3,424.1383770480179,0.0252,catalog,3438720814.994062,41816076.44163564,Jackson,-0.30931164961810437,-0.6873822413933705,log,0.16239542452156,0.2797705680727819,1.9123070421994875e+23,2.54974272293265e+23
1.75,1.09,catalog,0.31,566.9650939116118,17.3,720.1055063800638,0.0252,catalog,2092376766.8729844,46563685.96696368,Jackson,-0.44347382333450913,-0.7197963482885504,GP,0.05517445967662809,0.04485114630702225,2.8684987865206834e+22,3.824665048694244e+22
1.75,1.09,catalog,0.31,566.9650939116118,17.3,657.4831566901053,0.0252,catalog,4481366339.362731,83309327.46494439,Selsis,-0.37726189842114355,-0.6828158446420314,GP,0.22923315330477043,0.2289152023058354,3.670173686102948e+23,4.8935649148039304e+23
1.75,1.09,catalog,0.31,566.9650939116118,17.3,873.4092569370368,0.0252,catalog,3588177157.8752594,52694583.715008564,Selsis,-0.33933623462163737,-0.6754550579119792,linear,0.1619681502766686,0.1363366421786667,3.0133836313375324e+23,4.017844841783376e+23
1.75,1.09,catalog,0.31,566.9650939116118,17.3,418.33312550229346,0.0252,catalog,3484714267.8610177,67898828.657404,Jackson,-0.34686474445872234,-0.6527956701268716,linear,0.057476336339927145,0.7896848318934072,5.37967131676344e+22,7.17289508901792e+22
1.75,1.09,catalog,0.31,566.9650939116118,17.3,140.8436686391291,0.0252,catalog,10759993713.128754,18438308.479834974,Jackson,-0.3707878386727623,-0.7636339288200225,linear,0.05573934440197211,0.5551787035389074,5.769396282212843e+22,7.692528376283791e+22
1.75,1.09,catalog,0.31,566.9650939116118,17.3,278.94283668950726,0.0252,catalog,5205643881.619996,92318391.10225473,Jackson,-0.42972791189103837,-0.6496772188975558,GP,0.23105120077341554,0.18913791648946232,1.766463057045217e+23,2.355284076060289e+23
1.75,1.09,catalog,0.31,566.9650939116118,17.3,234.15632192350856,0.0252,catalog,6229464794.378626,69810335.29025558,Jackson,-0.3491004824619639,-0.6770023981896606,log,0.0718391562311167,0.1930161473134674,7.564431238914994e+22,1.0085908318553324e+23
1.75,1.09,catalog,0.31,566.9650939116118,17.3,1095.9549308087787,0.0252,catalog,3024528887.928386,97596619.0798041,Selsis,-0.32175134643425984,-0.6304664398490154,GP,0.09690161263588884,0.3215724709423915,1.9351993701903864e+23,2.580265826920515e+23
1.75,1.09,catalog,0.31,566.9650939116118,17.3,402.49151874601284,0.0252,catalog,3617611564.669113,84637469.28233393,Jackson,-0.35502104585883953,-0.743620998902733,GP,0.36722091561274994,0.4145253574132576,2.9189959528333686e+23,3.891994603777824e+23
1.75,1.09,catalog,0.31,566.9650939116118,17.3,352.0254032423802,0.0252,catalog,7450807580.817426,88027858.4525593,Selsis,-0.3431726732060082,-0.6490240594813697,GP,0.2983874223988065,0.468127493962056,6.797765022783603e+23,9.063686697044805e+23
1.75,1.09,catalog,0.31,566.9650939116118,17.3,307.74466863036025,0.0252,catalog,4714635149.153719,57649517.091452636,Jackson,-0.3190125997593637,-0.7497748019813006,log,0.20430804830934007,0.03785907232827479,2.287254349265277e+23,3.049672465687036e+23
1.75,1.09,catalog,0.31,566.9650939116118,17.3,561.338236726922,0.0252,catalog,2634804722.3809013,65889911.10165897,Jackson,-0.4908301119864494,-0.6700859237647296,GP,0.4107446253109627,0.5421823220668942,2.2392174586118185e+23,2.9856232781490912e+23
1.75,1.09,catalog,0.31,566.9650939116118,17.3,1047.595399996242,0.0252,catalog,1492817058.115554,67182142.88098282,Jackson,-0.4871062263939817,-0.6778839829712594,GP,0.1918027062290041,0.7604414824929999,8.400181498763966e+22,1.1200241998351953e+23
1.75,1.09,catalog,0.31,566.9650939116118,17.3,256.87725434998197,0.0252,catalog,9754700853.08723,51797499.49775999,Selsis,-0.46987620263535,-0.7505622704125412,linear,0.0658368040290792,0.18887882866783356,9.326797509399547e+22,1.2435730012532729e+23
1.75,1.09,catalog,0.31,566.9650939116118,17.3,480.88225845424097,0.0252,catalog,3049250506.5662413,51840101.870155506,Jackson,-0.38049882227522647,-0.6047124242096467,GP,0.15760379890390183,0.40778723681983275,1.417900494724994e+23,1.8905339929666585e+23
1.75,1.09,catalog,0.31,566.9650939116118,17.3,602.77508395884,0.0252,catalog,4802069258.967305,87233005.94712546,Selsis,-0.3288400541359842,-0.6014362806732931,GP,0.06473777528961945,0.765968789119716,1.5690310411466684e+23,2.0920413881955577e+23
1.75,1.09,catalog,0.31,566.9650939116118,17.3,513.8338328098158,0.0252,catalog,2863499710.4612956,49936531.86406937,Jackson,-0.39952972207966403,-0.6087221792493868,linear,0.36341722557251943,0.741047915626996,2.974835245756231e+23,3.966446994341641e+23
1.75,1.09,catalog,0.31,566.9650939116118,17.3,2232.898904254775,0.0252,catalog,1798890684.6760662,34086908.76783452,Selsis,-0.3920031585325442,-0.619816005531168,linear,0.4820982190930691,0.6854593008479506,5.99593649434529e+23,7.994581992460386e+23
1.75,1.09,catalog,0.31,566.9650939116118,17.3,1793.2455578384022,0.0252,catalog,934693284.6911955,49993206.58945123,Jackson,-0.482340911697735,-0.6437031287739265,GP,0.14935504917665307,0.8022504581540832,5.8420250684910454e+22,7.78936675798806e+22
1.75,1.09,catalog,0.31,566.9650939116118,17.3,1142.6024124602625,0.0252,catalog,1382501088.7675006,82751755.54828426,Jackson,-0.4240034234742926,-0.7955270448069212,linear,0.4481200576007709,0.3750962136586705,1.877890814242137e+23,2.503854418989516e+23
1.75,1.09,catalog,0.31,566.9650939116118,17.3,298.4485547476871,0.0252,catalog,4862049891.337302,70114241.88902175,Jackson,-0.43725848883712154,-0.7426646477086919,linear,0.47043063636829335,0.14074936214666067,2.972270792318504e+23,3.9630277230913386e+23
1.75,1.09,catalog,0.31,566.9650939116118,17.3,542.8496408768466,0.0252,catalog,2718971485.3577175,4270597.750729838,Jackson,-0.31932932578638196,-0.6008909787364198,GP,0.1006023394829066,0.3168438497151784,1.3273270428769496e+23,1.7697693905025992e+23
1.75,1.09,catalog,0.31,566.9650939116118,17.3,358.0929700822543,0.0252,catalog,7344782038.142813,61673458.08159071,Selsis,-0.3267190112630606,-0.6755518038038033,linear,0.15513500921287415,0.2805223041346322,3.7968678756377064e+23,5.062490500850275e+23
1.75,1.09,catalog,0.31,566.9650939116118,17.3,339.91973009000276,0.0252,catalog,4269990764.6709166,75503423.83475702,Jackson,-0.47091844650002307,-0.6642062558983649,GP,0.08263043674024043,0.27340671745773615,5.372213393551319e+22,7.162951191401758e+22
1.75,1.09,catalog,0.31,566.9650939116118,17.3,1103.7092790757686,0.0252,catalog,3008699590.7477355,77446625.8215109,Selsis,-0.29325425446332776,-0.7357713049441271,GP,0.4026058740219667,0.3692277384869813,9.265025203429109e+23,1.2353366937905478e+24
1.75,1.09,catalog,0.31,566.9650939116118,17.3,152.52525796708497,0.0252,catalog,9849573677.610493,10816842.502404783,Jackson,-0.37823583150060786,-0.6628038141548283,GP,0.2954769633425628,0.05934188411079622,3.4365991527434284e+23,4.5821322036579044e+23
1.75,1.09,catalog,0.31,566.9650939116118,17.3,564.2769952762346,0.0252,catalog,5062430475.730708,71516680.8130048,Selsis,-0.36257875137249496,-0.7328764587250856,linear,0.13974660162992444,0.3174965035744427,2.3855774790930393e+23,3.1807699721240523e+23
1.75,1.09,catalog,0.31,566.9650939116118,17.3,234.04375992066392,0.0252,catalog,6232573009.494144,12693794.84972784,Jackson,-0.4289013968701349,-0.6546148057838305,linear,0.3543152372884096,0.07745484688332893,3.157026322766797e+23,4.209368430355729e+23
1.75,1.09,catalog,0.31,566.9650939116118,17.3,585.959562130812,0.0252,catalog,2531084728.0776143,41794041.57776918,Jackson,-0.4191079081931805,-0.6148184029748994,GP,0.2231351777024516,0.9648793639173674,1.646595177364226e+23,2.1954602364856348e+23
1.75,1.09,catalog,0.31,566.9650939116118,17.3,626.5170440408284,0.0252,catalog,4656402299.441018,80486971.56723312,Selsis,-0.4071969796676881,-0.707980324757773,GP,0.05894011681075857,0.5956690431852169,8.354900656412966e+22,1.1139867541883954e+23
1.75,1.09,catalog,0.31,566.9650939116118,17.3,1596.8442370821176,0.0252,catalog,1032621977.4947878,50789148.51650354,Jackson,-0.4615721802318785,-0.6366449356598018,linear,0.13382405544705256,0.12300131101531919,5.742303869782374e+22,7.656405159709831e+22
1.75,1.09,catalog,0.31,566.9650939116118,17.3,906.3655557270561,0.0252,catalog,1698649297.5372963,41313046.20294423,Jackson,-0.3505832440786993,-0.6170536366690706,GP,0.11264669531424766,0.2631951488100165,8.956007968089543e+22,1.1941343957452724e+23
1.75,1.09,catalog,0.31,566.9650939116118,17.3,747.9139426435321,0.0252,catalog,4048655251.4757533,43344580.78590925,Selsis,-0.4095432853260588,-0.7601658312743855,log,0.09853689526406828,0.623767536241511,1.3284003504477432e+23,1.7712004672636576e+23
1.75,1.09,catalog,0.31,566.9650939116118,17.3,1788.8745962132741,0.0252,catalog,2110573038.5221877,64370321.09658135,Selsis,-0.39640463067696924,-0.6347278150297444,GP,0.278134510567544,0.47678124578555925,3.449815555464176e+23,4.5997540739522346e+23
1.75,1.09,catalog,0.31,566.9650939116118,17.3,829.90486563045,0.0252,catalog,3733107900.820956,9856170.1308479,Selsis,-0.3693668492042919,-0.6675139330955143,log,0.3877311464310502,0.3659433853503309,6.734725295785302e+23,8.979633727713735e+23
1.75,1.09,catalog,0.31,566.9650939116118,17.3,1744.6468082840752,0.0252,catalog,2149296050.8848863,67997199.12494701,Selsis,-0.35665076764166237,-0.6943063363273314,GP,0.1422954803539842,0.8686105072292112,1.910054385438976e+23,2.5467391805853013e+23
1.75,1.09,catalog,0.31,566.9650939116118,17.3,815.5902399464889,0.0252,catalog,3783931771.565555,96534827.6777192,Selsis,-0.4347351196409032,-0.6733204211745989,log,0.20014632218979014,0.20660076015310302,2.5771926664399265e+23,3.436256888586568e+23
1.75,1.09,catalog,0.31,566.9650939116118,17.3,564.8682768104242,0.0252,catalog,5058191560.912312,25812334.162989378,Selsis,-0.3133254454668204,-0.7763880468319306,log,0.055295152085521104,0.5891440298582789,1.3206475806549504e+23,1.760863440873267e+23
1.75,1.09,catalog,0.31,566.9650939116118,17.3,2564.760227287064,0.0252,catalog,1630499226.6314936,30797720.016264915,Selsis,-0.4442166994194295,-0.6277119702746653,linear,0.06418032146588572,0.6863161350895154,6.672086235051464e+22,8.896114980068618e+22
1.75,1.09,catalog,0.31,566.9650939116118,17.3,282.7541651683107,0.0252,catalog,5134510745.156107,84830094.08619541,Jackson,-0.3913241717472313,-0.7377014238568341,linear,0.17095830346357851,0.9945248355182538,1.260934593659015e+23,1.6812461248786866e+23
1.75,1.09,catalog,0.31,566.9650939116118,17.3,381.51223087371335,0.0252,catalog,6966349635.933886,75404806.66681723,Selsis,-0.47725843779752847,-0.7322202609910075,linear,0.13385754590019264,0.03615307827870129,1.7621475557605787e+23,2.3495300743474382e+23
1.75,1.09,catalog,0.31,566.9650939116118,17.3,183.9142752491427,0.0252,catalog,8036300267.410841,63778815.679417565,Jackson,-0.4475090089438277,-0.6774415281595455,log,0.09901035432126398,0.5649603621571743,7.829771223746702e+22,1.0439694964995602e+23
1.75,1.09,catalog,0.31,566.9650939116118,17.3,1572.5260774798787,0.0252,catalog,2318421081.1645136,32762829.8530022,Selsis,-0.33437882498734584,-0.7667746126175792,log,0.23291263035168536,0.04313508589388748,3.692885327476625e+23,4.923847103302167e+23
1.75,1.09,catalog,0.31,566.9650939116118,17.3,546.700119535822,0.0252,catalog,2700965639.5727334,31598608.387042135,Jackson,-0.3839137975891319,-0.6084634576195889,GP,0.06388337061002508,0.09818790257744614,5.55396432154008e+22,7.405285762053439e+22
1.75,1.09,catalog,0.31,566.9650939116118,17.3,4696.826223169857,0.0252,catalog,1050638812.2822945,63773489.17731382,Selsis,-0.43520304501405843,-0.7442787536412332,log,0.342226146890328,0.38617833756323994,2.1566269887338448e+23,2.8755026516451262e+23
1.75,1.09,catalog,0.31,566.9650939116118,17.3,264.3824889905215,0.0252,catalog,9513377282.76849,90215012.6969212,Selsis,-0.4796315572554076,-0.7349152757060035,log,0.4114129171154486,0.7813389522931465,5.657887082509241e+23,7.543849443345654e+23
1.75,1.09,catalog,0.31,566.9650939116118,17.3,309.50412451494395,0.0252,catalog,8307705225.325399,49838150.11362815,Selsis,-0.33176740037340186,-0.676540958960214,GP,0.15512049017975546,0.010026456590240151,3.812097549176035e+23,5.082796732234713e+23
1.75,1.09,catalog,0.31,566.9650939116118,17.3,354.19210546296586,0.0252,catalog,7412539701.825939,97418688.4144662,Selsis,-0.4006161990593059,-0.7158334850925465,linear,0.19654988001264553,0.5154901345887106,3.130757517187036e+23,4.174343356249381e+23
1.75,1.09,catalog,0.31,566.9650939116118,17.3,577.7940645212759,0.0252,catalog,4967535149.860567,51872150.340726934,Selsis,-0.2925617943861749,-0.6768069780706597,log,0.21835110453350023,0.742089060089126,6.262765503187882e+23,8.35035400425051e+23
1.75,1.09,catalog,0.31,566.9650939116118,17.3,473.8906212694261,0.0252,catalog,3092065821.1933827,38745748.663139716,Jackson,-0.3857376839708788,-0.6465769896670664,log,0.42041950726430455,0.8380481619391067,3.352347192044297e+23,4.469796256059062e+23
1.75,1.09,catalog,0.31,566.9650939116118,17.3,621.4891716667349,0.0252,catalog,4686372677.267242,87749312.5402445,Selsis,-0.4376050832563333,-0.7634496730700324,GP,0.07854664996545122,0.22375955996348174,9.844671242084033e+22,1.312622832277871e+23
1.75,1.09,catalog,0.31,566.9650939116118,17.3,302.13831798898303,0.0252,catalog,4802386608.452782,56974463.16664125,Jackson,-0.4091348259088944,-0.6515435590646886,log,0.10784000046641838,0.07801974803310996,8.77675269805586e+22,1.1702336930741146e+23
1.75,1.09,catalog,0.31,566.9650939116118,17.3,274.87284044510426,0.0252,catalog,5283934372.479885,42742571.150346875,Jackson,-0.32988306048026333,-0.7476848891074734,GP,0.3029572138575351,0.7859003642560662,3.300816931484978e+23,4.40108924197997e+23
1.75,1.09,catalog,0.31,566.9650939116118,17.3,228.62340896157536,0.0252,catalog,6386181966.402912,1828344.6203440502,Jackson,-0.4447951110915376,-0.7315125187586472,log,0.09246904888037098,0.6749657745942399,7.267168363324159e+22,9.689557817765544e+22
1.75,1.09,catalog,0.31,566.9650939116118,17.3,1467.8346860505,0.0252,catalog,2438573466.11325,44797769.243006535,Selsis,-0.40238639590673725,-0.6503425283161791,GP,0.38524858982251425,0.4938649195599495,4.9709298421070426e+23,6.627906456142723e+23
1.75,1.09,catalog,0.31,566.9650939116118,17.3,883.4460385834166,0.0252,catalog,1738162031.5929873,1798647.2827860105,Jackson,-0.35194552352463604,-0.6736946693960562,log,0.4676429181401073,0.6246528716776956,3.922457080482484e+23,5.2299427739766446e+23
1.75,1.09,catalog,0.31,566.9650939116118,17.3,1040.7054605446774,0.0252,catalog,3143505729.418687,96626041.79577889,Selsis,-0.2883388164526504,-0.6864327956100758,log,0.33646417263007883,0.8578350670391293,8.277570216766457e+23,1.1036760289021942e+24
1.75,1.09,catalog,0.31,566.9650939116118,17.3,2635.985597046956,0.0252,catalog,1599338740.9015844,80841448.4650285,Selsis,-0.28338488621776653,-0.731124874468946,GP,0.3631505656867218,0.6245452431895496,6.696340276964133e+23,8.928453702618843e+23
1.75,1.09,catalog,0.31,566.9650939116118,17.3,565.7386560268737,0.0252,catalog,2615595419.0169506,86308884.34214854,Jackson,-0.4603750602809965,-0.7098660297643977,linear,0.3956049684867571,0.21683419292725037,2.0368160641284877e+23,2.7157547521713168e+23
1.75,1.09,catalog,0.31,566.9650939116118,17.3,192.80178265084518,0.0252,catalog,7641040486.740693,68615437.92414849,Jackson,-0.4325670168632333,-0.6608023205609407,log,0.1974638247503489,0.5961778810785139,1.6608934560337796e+23,2.2145246080450392e+23
1.75,1.09,catalog,0.31,566.9650939116118,17.3,776.6560894494205,0.0252,catalog,3930970113.8004155,32958398.62605888,Selsis,-0.30503145912900215,-0.6566904194988212,log,0.13299277836018306,0.9102369997239994,3.342652112699692e+23,4.456869483599589e+23
1.75,1.09,catalog,0.31,566.9650939116118,17.3,642.5857455074329,0.0252,catalog,4563589261.858991,49412580.3131493,Selsis,-0.4538226856269224,-0.6127409434680535,log,0.07608251237268769,0.2789621695172997,1.2104291289642473e+23,1.613905505285663e+23
1.75,1.09,catalog,0.31,566.9650939116118,17.3,308.3875752615346,0.0252,catalog,4704788381.28062,31415228.809958454,Jackson,-0.40159959855728733,-0.6667923493596928,log,0.2752504465816567,0.31566517867056154,2.2800779266461833e+23,3.040103902194911e+23
1.75,1.09,catalog,0.31,566.9650939116118,17.3,702.5311487772773,0.0252,catalog,4252748476.3988657,93085316.80361252,Selsis,-0.4754135300723115,-0.6601174512174648,GP,0.32061120422640194,0.9450453885744088,4.1201465663222674e+23,5.4935287550963563e+23
1.75,1.09,catalog,0.31,566.9650939116118,17.3,962.5986613367546,0.0252,catalog,3332823934.3526497,14481445.549632752,Selsis,-0.33647912893502807,-0.6992291587085998,linear,0.08307961692620792,0.9862371948045752,1.5808791757527744e+23,2.107838901003699e+23
1.75,1.09,catalog,0.31,566.9650939116118,17.3,340.8257988441329,0.0252,catalog,4258748505.494678,82116346.33146587,Jackson,-0.4111542532297019,-0.6946644415248205,GP,0.11605816958164009,0.49586579768395367,8.011930139884842e+22,1.0682573519846454e+23
1.75,1.09,catalog,0.31,566.9650939116118,17.3,481.41737858932856,0.0252,catalog,5753779238.725645,44697557.51899443,Selsis,-0.280121755731402,-0.646767306453358,linear,0.11322983417154245,0.21212023229985466,3.8998539792973116e+23,5.199805305729749e+23
1.75,1.09,catalog,0.31,566.9650939116118,17.3,4578.661935551181,0.0252,catalog,1085865777.2841537,91122182.31729004,Selsis,-0.37855285122549587,-0.6372854036599271,log,0.07189968784747358,0.4967194631326436,5.7680325856308924e+22,7.690710114174523e+22
1.75,1.09,catalog,0.31,566.9650939116118,17.3,1904.2434986736675,0.0252,catalog,2017171835.1670754,19285397.081815466,Selsis,-0.39640187961737805,-0.761057446346337,GP,0.15013410561139218,0.8933134070316041,1.7204844236061054e+23,2.293979231474807e+23
1.75,1.09,catalog,0.31,566.9650939116118,17.3,803.5793390587118,0.0252,catalog,1893462600.2674491,2294997.042908604,Jackson,-0.4153739685653627,-0.7866069082655298,linear,0.48024666268818506,0.40751872832733527,2.921315411619766e+23,3.895087215493021e+23
1.75,1.09,catalog,0.31,566.9650939116118,17.3,2014.1443030650814,0.0252,catalog,846583940.5734228,71465395.52033238,Jackson,-0.3761266688854849,-0.6118579197455964,linear,0.35201767160274333,0.19241317110877465,1.6680803228042338e+23,2.2241070970723115e+23
1.75,1.09,catalog,0.31,566.9650939116118,17.3,734.3028055422426,0.0252,catalog,4107385623.863318,54846322.77173966,Selsis,-0.3811505394824268,-0.7852904540696484,GP,0.06070718372487044,0.9595005613921676,8.907802124989718e+22,1.187706949998629e+23
1.75,1.09,catalog,0.31,566.9650939116118,17.3,543.9310400624222,0.0252,catalog,2713888397.5905995,28040282.678054128,Jackson,-0.43214580997637303,-0.6485876959441531,linear,0.12623677570882383,0.5257355928926006,8.582377499784749e+22,1.1443169999712998e+23
1.75,1.09,catalog,0.31,566.9650939116118,17.3,1450.7397266560602,0.0252,catalog,2459671602.96966,88608772.14425263,Selsis,-0.2938227383108989,-0.6307024916731491,log,0.4061845397571358,0.044444984762057826,9.130265292362848e+23,1.2173687056483796e+24
1.75,1.09,catalog,0.31,566.9650939116118,17.3,206.68878477968906,0.0252,catalog,7097985875.760308,75720710.34247065,Jackson,-0.31149262825499197,-0.730340222030794,GP,0.06412479242208281,0.2537473996070042,8.404787944331133e+22,1.1206383925774843e+23
1.75,1.09,catalog,0.31,566.9650939116118,17.3,488.0701998541278,0.0252,catalog,5690027002.24916,97057907.95871773,Selsis,-0.48125079802335,-0.759027004976185,GP,0.05097380595006289,0.3107394236017048,6.178462326576482e+22,8.237949768768641e+22
1.75,1.09,catalog,0.31,566.9650939116118,17.3,333.1751558403819,0.0252,catalog,4355699590.014673,1006572.8989550621,Jackson,-0.43388105169260804,-0.79448697379257,linear,0.23325013686754553,0.8671962991512564,1.682419995105672e+23,2.243226660140896e+23
1.75,1.09,catalog,0.31,566.9650939116118,17.3,690.2760411033739,0.0252,catalog,2175106989.170476,4076483.078389666,Jackson,-0.4776003849025018,-0.6374756830187069,GP,0.2703956612542405,0.16647578184941458,1.797451700735486e+23,2.3966022676473147e+23
1.75,1.09,catalog,0.31,566.9650939116118,17.3,1730.8989710836188,0.0252,catalog,2161693128.435503,53823944.69230193,Selsis,-0.3943667238197144,-0.7041883433489516,linear,0.22971621658416122,0.6712360744127012,2.6725342023283148e+23,3.563378936437753e+23
1.75,1.09,catalog,0.31,566.9650939116118,17.3,929.0948111424894,0.0252,catalog,3422912332.5177975,39763238.55773214,Selsis,-0.32364056757829524,-0.7538153471438966,linear,0.28620360663193545,0.2810710512973148,5.599018962986305e+23,7.465358617315073e+23
1.75,1.09,catalog,0.31,566.9650939116118,17.3,190.58341017719195,0.0252,catalog,7735887724.548681,24106570.10484564,Jackson,-0.32423506629030485,-0.6145089409207063,GP,0.16319221916076937,0.3650197751797605,2.589717231235862e+23,3.4529563083144825e+23
1.75,1.09,catalog,0.31,566.9650939116118,17.3,1384.2953765782738,0.0252,catalog,2545556135.3363404,89421977.23964931,Selsis,-0.31917860284659194,-0.7105869127593476,log,0.09365722243573676,0.18680410589779584,1.6465037972831005e+23,2.1953383963774673e+23
1.75,1.09,catalog,0.31,566.9650939116118,17.3,262.73398142709783,0.0252,catalog,5532900145.287575,16262843.014704356,Jackson,-0.44543855051027265,-0.7482747770462871,linear,0.09789398336815791,0.8625417757587955,6.810409691503379e+22,9.080546255337839e+22
1.75,1.09,catalog,0.31,566.9650939116118,17.3,248.39035443778621,0.0252,catalog,10045132946.57566,86608689.13139528,Selsis,-0.29454971739314256,-0.7438287957944665,GP,0.09565931788898259,0.3118898139851165,2.9999706285250498e+23,3.999960838033399e+23
1.75,1.09,catalog,0.31,566.9650939116118,17.3,257.9392675189164,0.0252,catalog,9719701889.27363,17568559.53852846,Selsis,-0.2928165720416765,-0.7016875362546158,log,0.12473267763572882,0.8926418033266939,4.265609595445634e+23,5.687479460594178e+23
1.75,1.09,catalog,0.31,566.9650939116118,17.3,601.7889614377718,0.0252,catalog,2468959196.949634,81327122.68127495,Jackson,-0.4355349891865753,-0.6735289256401943,log,0.08381994046744969,0.9820767877457194,4.7448325691297e+22,6.326443425506266e+22
1.75,1.09,catalog,0.31,566.9650939116118,17.3,2054.175432499106,0.0252,catalog,1909883005.578799,10411987.44679959,Selsis,-0.41038013478031393,-0.6058562163985445,log,0.10685681586022686,0.5752614534103184,1.4292326460699248e+23,1.905643528093233e+23
1.75,1.09,catalog,0.31,566.9650939116118,17.3,830.3862101943631,0.0252,catalog,3731427234.7835765,11551391.35215573,Selsis,-0.31911068681675314,-0.7245975253635832,log,0.10879684939149029,0.5311876857907566,2.3861504790590845e+23,3.1815339720787794e+23
1.75,1.09,catalog,0.31,566.9650939116118,17.3,211.3870623683424,0.0252,catalog,6931922614.088357,99001759.00223301,Jackson,-0.4198320183371452,-0.6703320721010328,linear,0.25281263785744723,0.31223813154139235,2.0241693363675957e+23,2.6988924484901273e+23
1.75,1.09,catalog,0.31,566.9650939116118,17.3,2706.9660602574095,0.0252,catalog,1569725231.0603461,84876602.11820768,Selsis,-0.42447598893987426,-0.7043198991953428,GP,0.08873376559481966,0.8044485488799509,7.789325301268916e+22,1.0385767068358554e+23
1.75,1.09,catalog,0.31,566.9650939116118,17.3,301.31087384010704,0.0252,catalog,4815631412.752191,1915375.06566495,Jackson,-0.3709607618887406,-0.6323413902023671,log,0.4234294636518575,0.00744072063117307,4.765101423388066e+23,6.35346856451742e+23
1.75,1.09,catalog,0.31,566.9650939116118,17.3,936.5963912955978,0.0252,catalog,3402228843.811037,61594515.16365348,Selsis,-0.3162175047067371,-0.6261227773652047,GP,0.4708676361560851,0.831511853840254,1.0559280463839459e+24,1.4079040618452611e+24
1.75,1.09,catalog,0.31,566.9650939116118,17.3,1604.3735334745345,0.0252,catalog,1028443061.2254671,77660088.9498116,Jackson,-0.45848303068332646,-0.7958347171690026,linear,0.3617645487271391,0.8402507807270777,1.2402663893061163e+23,1.6536885190748215e+23
1.75,1.09,catalog,0.31,566.9650939116118,17.3,692.4376144671036,0.0252,catalog,2168872215.1034794,9805891.664602324,Jackson,-0.3186235725234891,-0.7844159358663363,linear,0.16727654254457908,0.5637044177150661,1.6419870923721813e+23,2.1893161231629083e+23
1.75,1.09,catalog,0.31,566.9650939116118,17.3,520.1795283594148,0.0252,catalog,5404265177.70017,34233696.75282398,Selsis,-0.32359250318896654,-0.7609896660433968,GP,0.15791985750937912,0.7391890712287758,3.53572680977346e+23,4.7143024130312803e+23
1.75,1.09,catalog,0.31,566.9650939116118,17.3,348.2884794407576,0.0252,catalog,4168490792.7737527,7166607.6918120505,Jackson,-0.29446597019138654,-0.7757011368065752,linear,0.10358074157477366,0.7716735054645757,1.5086375212679804e+23,2.011516695023974e+23
1.75,1.09,catalog,0.31,566.9650939116118,17.3,524.3272572454601,0.0252,catalog,2809350136.7068925,30370707.551817708,Jackson,-0.4613826853340262,-0.7417042015529896,log,0.1852296792340111,0.03927508674298075,1.029116276699646e+23,1.372155035599528e+23
1.75,1.09,catalog,0.31,566.9650939116118,17.3,1888.2049760045172,0.0252,catalog,2029545309.3463385,39288011.90301174,Selsis,-0.34953777397786157,-0.6047958823292009,GP,0.10056014162238495,0.5246130395459901,1.606244810585219e+23,2.1416597474469585e+23
1.75,1.09,catalog,0.31,566.9650939116118,17.3,167.34899128324415,0.0252,catalog,8898468495.675852,96034875.9637739,Jackson,-0.33955663688692395,-0.6430691319881725,linear,0.16670533744067834,0.86068797474867,2.1560824016426925e+23,2.8747765355235898e+23
1.75,1.09,catalog,0.31,566.9650939116118,17.3,404.29920773438397,0.0252,catalog,3601888315.143004,90457337.92910533,Jackson,-0.49324874872099184,-0.7760755949683021,log,0.21164816441592543,0.9430527587805729,1.0602252004912924e+23,1.4136336006550565e+23
1.75,1.09,catalog,0.31,566.9650939116118,17.3,329.77407017899213,0.0252,catalog,4400321546.823192,2488903.14181985,Jackson,-0.4365714782147276,-0.6099243181587719,linear,0.37915984705476874,0.20382027647929535,3.706119477950905e+23,4.941492637267873e+23
1.75,1.09,catalog,0.31,566.9650939116118,17.3,942.6623348303187,0.0252,catalog,3385724345.716766,45775597.28534614,Selsis,-0.30318562739017535,-0.6491024369858853,GP,0.34002236273716924,0.5702981921335223,8.198404457667686e+23,1.0931205943556914e+24
1.75,1.09,catalog,0.31,566.9650939116118,17.3,780.4667335804704,0.0252,catalog,1944294665.2507062,96492677.42999141,Jackson,-0.4565625301742477,-0.7664160703595521,linear,0.3265287936178626,0.033731129383555714,1.4394096821933634e+23,1.919212909591151e+23
1.75,1.09,catalog,0.31,566.9650939116118,17.3,300.3286848047678,0.0252,catalog,8523840695.176929,69997844.14410116,Selsis,-0.29180625922608,-0.6166093388717651,GP,0.4417265423516824,0.5009534301054551,1.5736427036692783e+24,2.0981902715590377e+24
1.75,1.09,catalog,0.31,566.9650939116118,17.3,410.62001591542,0.0252,catalog,3548040263.081073,24472795.245715953,Jackson,-0.39310098716961217,-0.6874065831273697,linear,0.2334104349467628,0.3620967847339569,1.794645241833823e+23,2.392860322445097e+23
1.75,1.09,catalog,0.31,566.9650939116118,17.3,247.14968662598164,0.0252,catalog,5891208518.412702,9784988.875483492,Jackson,-0.47886951657446464,-0.6006205185970606,log,0.2541233693511793,0.7544782197685014,2.5690192510121862e+23,3.425359001349581e+23
1.75,1.09,catalog,0.31,566.9650939116118,17.3,1069.8059372347652,0.0252,catalog,3079444463.466492,69168092.79532807,Selsis,-0.37517190394221334,-0.612273289625469,GP,0.22012053586869113,0.323057557354559,3.618599941440055e+23,4.8247999219200734e+23
1.75,1.09,catalog,0.31,566.9650939116118,17.3,724.4744000995088,0.0252,catalog,4151076607.413409,93782404.47905244,Selsis,-0.4392842704105599,-0.7332571079553718,GP,0.1792617891847884,0.6808373142288676,2.2011538049419924e+23,2.9348717399226565e+23
1.75,1.09,catalog,0.31,566.9650939116118,17.3,506.6363353195461,0.0252,catalog,2901965006.2555285,67466080.37795323,Jackson,-0.32753434523836744,-0.6168558421011574,log,0.0650383433318815,0.8069015059422345,6.922600276919726e+22,9.230133702559634e+22
1.75,1.09,catalog,0.31,566.9650939116118,17.3,799.7046318244087,0.0252,catalog,1901780441.251801,68126192.15962023,Jackson,-0.4834158983620506,-0.6851805948328487,GP,0.11486899049797117,0.071212937454331,5.468876949771602e+22,7.291835933028803e+22
1.75,1.09,catalog,0.31,566.9650939116118,17.3,939.3212269601697,0.0252,catalog,3394790834.773265,81007481.4949757,Selsis,-0.4544640846758258,-0.7484371489382327,GP,0.06532631284873024,0.20417649426323892,7.357254909614495e+22,9.809673212819326e+22
1.75,1.09,catalog,0.31,566.9650939116118,17.3,190.76260995550967,0.0252,catalog,7728135548.147604,23278451.064342245,Jackson,-0.2955206819183089,-0.6026759203341623,GP,0.2028719554864737,0.3159153862741825,4.0151202135858204e+23,5.353493618114427e+23
1.75,1.09,catalog,0.31,566.9650939116118,17.3,399.078254151537,0.0252,catalog,3647704001.159704,11494959.750823513,Jackson,-0.4969742911043565,-0.790245455285561,GP,0.08306614493341369,0.8655916759148367,4.767167311233758e+22,6.356223081645011e+22
1.75,1.09,catalog,0.31,566.9650939116118,17.3,254.52519163145814,0.0252,catalog,5715746218.692109,41085410.687301174,Jackson,-0.36423254282199263,-0.6284434929674589,linear,0.2643862247834031,0.4825715192485359,2.918955626103464e+23,3.891940834804618e+23
1.75,1.09,catalog,0.31,566.9650939116118,17.3,1402.0596154453929,0.0252,catalog,2521916317.6475244,75852065.09682894,Selsis,-0.3539889510034027,-0.7910555787920598,GP,0.09678965241913222,0.15284186898547947,1.3452437100031811e+23,1.7936582800042414e+23
1.75,1.09,catalog,0.31,566.9650939116118,17.3,507.51278747986055,0.0252,catalog,2897221446.5226884,35678934.324390665,Jackson,-0.35220621996506196,-0.6834751396529097,linear,0.07567440454325561,0.1652122683582875,6.475515902625948e+22,8.634021203501262e+22
1.75,1.09,catalog,0.31,566.9650939116118,17.3,1386.9237567457092,0.0252,catalog,1166709179.949218,49616390.53641339,Jackson,-0.42626399154327066,-0.6870984764142224,linear,0.09614127554731795,0.3343751054112378,4.261059704070699e+22,5.6814129387609315e+22
1.75,1.09,catalog,0.31,566.9650939116118,17.3,648.9469074631388,0.0252,catalog,2302327991.845711,38445769.70243892,Jackson,-0.44106505311882593,-0.7967023141975359,linear,0.18367741406076044,0.6525209619142831,9.566081831545615e+22,1.2754775775394153e+23
1.75,1.09,catalog,0.31,566.9650939116118,17.3,1021.7221016894481,0.0252,catalog,3187084584.287081,51786682.646622196,Selsis,-0.29770282519040997,-0.7930332168974168,GP,0.149446907960038,0.8969795603477252,3.414834413047375e+23,4.5531125507298326e+23
1.75,1.09,catalog,0.31,566.9650939116118,17.3,640.5768807044072,0.0252,catalog,2330100596.604788,87894045.57091737,Jackson,-0.3049590101168847,-0.7036033053052928,log,0.47679894967855097,0.1906008795854145,4.715413306819064e+23,6.287217742425419e+23
1.75,1.09,catalog,0.31,566.9650939116118,17.3,319.63093908182276,0.0252,catalog,8083348855.021036,2309768.6003016382,Selsis,-0.37768560112677907,-0.7283477781701924,linear,0.05188348680949612,0.8488702977572529,1.0135007197210736e+23,1.3513342929614315e+23
1.75,1.09,catalog,0.31,566.9650939116118,17.3,289.72194735138237,0.0252,catalog,5009622648.789756,90260608.53297721,Jackson,-0.2821865985017284,-0.6127064179240178,linear,0.4600957303782195,0.28389820403143173,7.976523100454122e+23,1.063536413393883e+24
1.75,1.09,catalog,0.31,566.9650939116118,17.3,1047.0105097599305,0.0252,catalog,3129350683.2405615,17183562.33643037,Selsis,-0.44189014430942913,-0.655348612067677,GP,0.07285682341399347,0.688459189553079,9.747833375076428e+22,1.299711116676857e+23
1.75,1.09,catalog,0.31,566.9650939116118,17.3,705.9712595056014,0.0252,catalog,4236417635.1506577,13758010.795482451,Selsis,-0.3809095457071408,-0.7540716009708824,linear,0.07873228690113851,0.8787940386427382,1.2437089798202054e+23,1.658278639760274e+23
1.75,1.09,catalog,0.31,566.9650939116118,17.3,361.33909832157775,0.0252,catalog,7289484258.0317955,98934717.13758397,Selsis,-0.29741381904506836,-0.7436646785725175,GP,0.05027511109176773,0.49150532971538374,1.4251082761054904e+23,1.9001443681406538e+23
1.75,1.09,catalog,0.31,566.9650939116118,17.3,1088.305343625256,0.0252,catalog,3040345237.5106525,57197231.58013873,Selsis,-0.4500939728586178,-0.6375646732615353,GP,0.1501593722982028,0.660149163625653,1.9358884885831412e+23,2.581184651444188e+23
1.75,1.09,catalog,0.31,566.9650939116118,17.3,1382.8197307621767,0.0252,catalog,2547544449.6287265,35212754.56794297,Selsis,-0.41040473962750695,-0.602727513140549,linear,0.23408987537610124,0.3876995340867293,3.4305424026429126e+23,4.574056536857217e+23
1.75,1.09,catalog,0.31,566.9650939116118,17.3,851.2189386901088,0.0252,catalog,3660382720.717654,81935441.18824904,Selsis,-0.31596441749214865,-0.7105746152277287,linear,0.07413177390736106,0.8114860740000334,1.5375128816733143e+23,2.050017175564419e+23
1.75,1.09,catalog,0.31,566.9650939116118,17.3,408.83121982808973,0.0252,catalog,6578063815.536753,50589322.86806057,Selsis,-0.2907525825513163,-0.7529301279437658,GP,0.09281404123425147,0.7176130564285549,2.7972236643692272e+23,3.729631552492303e+23
1.75,1.09,catalog,0.31,566.9650939116118,17.3,415.76837541181516,0.0252,catalog,6487332379.889696,94566721.8814559,Selsis,-0.4997848244744317,-0.6685833017599235,linear,0.3185495434499138,0.8238995138142663,4.376847776206261e+23,5.8357970349416816e+23
1.75,1.09,catalog,0.31,566.9650939116118,17.3,434.8360039611121,0.0252,catalog,3357285420.605104,98570899.95485878,Jackson,-0.4426561349589478,-0.7802249557178931,GP,0.47882046457769184,0.8077919813965161,2.5459292073762833e+23,3.394572276501711e+23
1.75,1.09,catalog,0.31,566.9650939116118,17.3,4377.954136875377,0.0252,catalog,1125155846.7530992,26545239.876145422,Selsis,-0.4937777797258132,-0.6663930493262415,linear,0.07081846897741605,0.618614995890294,5.07446786840938e+22,6.765957157879173e+22
1.75,1.09,catalog,0.31,566.9650939116118,17.3,469.3248192758983,0.0252,catalog,5874082211.078903,94377076.04900156,Selsis,-0.37334979938633805,-0.7966503508359863,log,0.05445440417275245,0.6601572746921232,8.774131794650589e+22,1.1698842392867451e+23
1.75,1.09,catalog,0.31,566.9650939116118,17.3,244.70512720787607,0.0252,catalog,5951884677.447551,7471420.1471196115,Jackson,-0.46035641131414834,-0.6078285045193189,GP,0.33864827708156164,0.9620117216066327,3.415644589682775e+23,4.5541927862437e+23
1.75,1.09,catalog,0.31,566.9650939116118,17.3,3895.564157530069,0.0252,catalog,420325334.2735744,61420639.6154414,Jackson,-0.3595898059136532,-0.7928335099388583,log,0.05824714984124787,0.6506035888035728,1.3920510243180777e+22,1.8560680324241035e+22
1.75,1.09,catalog,0.31,566.9650939116118,17.3,344.0324443648535,0.0252,catalog,4219461309.9987316,46140540.49736338,Jackson,-0.33557625948904374,-0.7100367362450012,linear,0.061102517944722275,0.9689524142710001,6.1700238439719606e+22,8.22669845862928e+22
1.75,1.09,catalog,0.31,566.9650939116118,17.3,585.6855827944947,0.0252,catalog,2532190276.4412737,64598004.03325991,Jackson,-0.4522851471587565,-0.6820627560719923,linear,0.2121638185693661,0.005575744380928005,1.1796887274261066e+23,1.5729183032348086e+23
1.75,1.09,catalog,0.31,566.9650939116118,17.3,3880.123585868957,0.0252,catalog,1221796802.8290353,26437905.169962708,Selsis,-0.38105783477549726,-0.6387411319104394,log,0.21061120290404664,0.31094124552083413,2.068035324824071e+23,2.7573804330987613e+23
1.75,1.09,catalog,0.31,566.9650939116118,17.3,222.4167303260846,0.0252,catalog,6572087538.589396,87573132.69998027,Jackson,-0.48305076223023125,-0.7663749666247185,GP,0.4430232828883938,0.5909650892215942,2.6191717702143703e+23,3.492229026952494e+23
1.75,1.09,catalog,0.31,566.9650939116118,17.3,466.0672129844555,0.0252,catalog,5907511950.283999,55361455.09236426,Selsis,-0.290272608940788,-0.6766915273485017,linear,0.19469735718268547,0.9852717674546394,5.9535758875418994e+23,7.938101183389198e+23
1.75,1.09,catalog,0.31,566.9650939116118,17.3,4956.657304466033,0.0252,catalog,857587954.6787848,97614816.71935627,Selsis,-0.3505242254358548,-0.7613166179315658,linear,0.22003384884487096,0.2771986585809536,1.3948665539333732e+23,1.8598220719111642e+23
1.75,1.09,catalog,0.31,566.9650939116118,17.3,2060.7751467267,0.0252,catalog,1905480869.3438494,65794595.7710898,Selsis,-0.35898282211371024,-0.7417442090098882,log,0.053229679403349946,0.2434169288901169,6.499913227268762e+22,8.666550969691683e+22
1.75,1.09,catalog,0.31,566.9650939116118,17.3,475.56661027066997,0.0252,catalog,5811254511.456911,36597186.796272196,Selsis,-0.32175915055851095,-0.67156782170739,log,0.10171445345214104,0.8842443821547351,2.487002143574756e+23,3.316002858099674e+23
1.75,1.09,catalog,0.31,566.9650939116118,17.3,947.2659197750124,0.0252,catalog,3373327951.394775,29649887.9425802,Selsis,-0.31879100949092154,-0.7933933227504691,log,0.1936576291759575,0.12351920002167238,3.9164977223164474e+23,5.221996963088596e+23
1.75,1.09,catalog,0.31,566.9650939116118,17.3,1690.4050808257884,0.0252,catalog,2199255879.402986,50417381.72133826,Selsis,-0.4460927256641884,-0.7547447549913261,linear,0.1552871729728794,0.08394636239245123,1.5622243098997507e+23,2.0829657465330008e+23
1.75,1.09,catalog,0.31,566.9650939116118,17.3,468.01464534655076,0.0252,catalog,5887473692.382481,41855898.84906981,Selsis,-0.37511952631414125,-0.7752615771221756,log,0.06919149250993234,0.21163485731234322,1.1585535520301616e+23,1.5447380693735485e+23
1.75,1.09,catalog,0.31,566.9650939116118,17.3,4955.008740189708,0.0252,catalog,724118875.7940999,55077612.18298529,Selsis,-0.4339360732300958,-0.7792413822121379,log,0.07334486189986816,0.8969893301979428,3.1852214671045395e+22,4.246961956139386e+22
1.75,1.09,catalog,0.31,566.9650939116118,17.3,1075.1257746101726,0.0252,catalog,1458887223.3616695,18701690.819441892,Jackson,-0.3639056492251538,-0.6191077579242628,log,0.1307645183640502,0.8876025162252282,9.70143950466018e+22,1.293525267288024e+23
1.75,1.09,catalog,0.31,566.9650939116118,17.3,472.89238995034344,0.0252,catalog,3098284693.110154,6266916.958161337,Jackson,-0.43529321655477726,-0.6540176696047417,log,0.18126858224753786,0.7054212550933064,1.3497902967695582e+23,1.7997203956927443e+23
1.75,1.09,catalog,0.31,566.9650939116118,17.3,797.8855289794521,0.0252,catalog,3849137060.534429,93275577.71471964,Selsis,-0.3587710462321972,-0.7744077649695548,log,0.06833341564546103,0.7809909323613208,1.0642966262862539e+23,1.4190621683816717e+23
1.75,1.09,catalog,0.31,566.9650939116118,17.3,374.6381629500066,0.0252,catalog,3879891528.7526975,42239991.3129711,Jackson,-0.33755714779578916,-0.61188089423673,GP,0.0804866395903568,0.7689870032031129,9.396187367019036e+22,1.2528249822692048e+23
1.75,1.09,catalog,0.31,566.9650939116118,17.3,468.23872285864,0.0252,catalog,5885178274.228537,34522338.00602701,Selsis,-0.4482331708391122,-0.6981475719297617,linear,0.45907950070791825,0.4092635402503495,6.573176783005109e+23,8.764235710673478e+23
1.75,1.09,catalog,0.31,566.9650939116118,17.3,176.40088777493298,0.0252,catalog,8405027753.934434,20308886.278139587,Jackson,-0.32067443545244095,-0.6587196831714531,GP,0.0704627708440675,0.42516544163700076,1.0583784659653635e+23,1.411171287953818e+23
1.75,1.09,catalog,0.31,566.9650939116118,17.3,209.0995625236439,0.0252,catalog,11698660935.776196,85860607.14620121,Selsis,-0.46010048293622746,-0.69122338546588,GP,0.18214582015444788,0.5158866952182176,2.8683250351426385e+23,3.824433380190185e+23
1.75,1.09,catalog,0.31,566.9650939116118,17.3,188.24100123423304,0.0252,catalog,7838721020.969939,67091649.28190871,Jackson,-0.4170403909316554,-0.6065995186455335,linear,0.05173139267340016,0.25505352468826303,5.614381578260938e+22,7.485842104347917e+22
1.75,1.09,catalog,0.31,566.9650939116118,17.3,1221.0712454368306,0.0252,catalog,2791554589.868362,35719459.49826016,Selsis,-0.4849208919452126,-0.7279284028474,log,0.050267208775179754,0.14533807817366218,5.416448196722328e+22,7.221930928963104e+22
1.75,1.09,catalog,0.31,566.9650939116118,17.3,1737.3186734989815,0.0252,catalog,2155882313.899008,51987363.807551734,Selsis,-0.439161187062559,-0.7841182231095645,GP,0.20837339185071696,0.8662303311456068,2.080227640355206e+23,2.7736368538069414e+23
1.75,1.09,catalog,0.31,566.9650939116118,17.3,556.6767383932521,0.0252,catalog,2655490053.84806,46956359.985262014,Jackson,-0.32631920260238534,-0.6487844000204418,log,0.3170361913181373,0.8783849800149216,3.172719999509659e+23,4.230293332679546e+23
1.75,1.09,catalog,0.31,566.9650939116118,17.3,591.510421063348,0.0252,catalog,4875044279.157595,3480027.0477911546,Selsis,-0.47911623623661753,-0.6587959258703008,linear,0.07316355811874763,0.2692481197686625,1.0882320973859177e+23,1.4509761298478902e+23
1.75,1.09,catalog,0.31,566.9650939116118,17.3,2504.301375352222,0.0252,catalog,1658170427.2162788,42014380.13645224,Selsis,-0.48341100186124886,-0.7810737703685076,linear,0.10601695567769502,0.389522870363044,8.905016809216851e+22,1.1873355745622468e+23
1.75,1.09,catalog,0.31,566.9650939116118,17.3,639.7709201840836,0.0252,catalog,4579530028.978726,64555091.177325696,Selsis,-0.45340352943915424,-0.7735796592997943,log,0.23699864816236718,0.6972851352909115,2.8979960839664363e+23,3.8639947786219147e+23
1.75,1.09,catalog,0.31,566.9650939116118,17.3,1851.2302073710023,0.0252,catalog,2058798858.6085272,40167638.24175521,Selsis,-0.2912202791092239,-0.6207519655495903,linear,0.06460338770140354,0.023843797853069004,1.4497030457452894e+23,1.9329373943270525e+23
1.75,1.09,catalog,0.31,566.9650939116118,17.3,445.15820000529,0.0252,catalog,6133237016.701066,93931696.35467175,Selsis,-0.42492645833667697,-0.7890979429543182,linear,0.06502512429906407,0.21049387192712243,8.80272349832207e+22,1.1736964664429427e+23
1.75,1.09,catalog,0.31,566.9650939116118,17.3,290.9535137281729,0.0252,catalog,4988211089.637613,40469214.289841734,Jackson,-0.28815744748902494,-0.7275626099316671,linear,0.33490209876349164,0.19504327023344514,5.08291520253962e+23,6.777220270052827e+23
1.75,1.09,catalog,0.31,566.9650939116118,17.3,853.4760360515148,0.0252,catalog,1793052803.2088423,97345477.0799959,Jackson,-0.39401669620293545,-0.6579734715466424,GP,0.37889793057156107,0.32379249026966783,2.1475247484146474e+23,2.8633663312195297e+23
1.75,1.09,catalog,0.31,566.9650939116118,17.3,2165.504774781135,0.0252,catalog,1838830574.4620895,36936463.770044334,Selsis,-0.4243250291547378,-0.6664912379990742,GP,0.07963659895902714,0.2086509721498655,8.432696353087942e+22,1.124359513745059e+23
1.75,1.09,catalog,0.31,566.9650939116118,17.3,464.00145779196066,0.0252,catalog,3154885924.8465757,11669318.177546188,Jackson,-0.2910107487020499,-0.7771170131933312,log,0.23473808787857842,0.8900447446878412,3.213609468888577e+23,4.284812625184769e+23
1.75,1.09,catalog,0.31,566.9650939116118,17.3,456.1390877147428,0.0252,catalog,3206827848.417109,1552560.2546905754,Jackson,-0.29437779598760827,-0.7487039166035981,linear,0.21600106180978185,0.33240534925452037,3.099747620363895e+23,4.1329968271518596e+23
1.75,1.09,catalog,0.31,566.9650939116118,17.3,718.2814755165488,0.0252,catalog,4179181115.0446725,59728646.22561565,Selsis,-0.2857266606235572,-0.6083092676391663,GP,0.3465804060929011,0.006213335512294416,1.0810093051774541e+24,1.4413457402366053e+24
1.75,1.09,catalog,0.31,566.9650939116118,17.3,336.256172296047,0.0252,catalog,4316097481.451877,71365398.8482844,Jackson,-0.4672280295242657,-0.6941598952270707,linear,0.13723019227810743,0.68494527818499,8.449641335717347e+22,1.1266188447623128e+23
1.75,1.09,catalog,0.31,566.9650939116118,17.3,1114.0140277436349,0.0252,catalog,2987974347.503582,51272934.77553742,Selsis,-0.4356753968118048,-0.6790236328372782,linear,0.16718629811358607,0.346708566706904,2.0456352202093214e+23,2.727513626945762e+23
1.75,1.09,catalog,0.31,566.9650939116118,17.3,1116.7852450063695,0.0252,catalog,2982460132.1392198,8709853.670306304,Selsis,-0.3643122186557597,-0.6850493547126937,GP,0.09233286361725179,0.8845550581271117,1.4999296430095433e+23,1.999906190679391e+23
1.75,1.09,catalog,0.31,566.9650939116118,17.3,152.40561638201453,0.0252,catalog,9858100205.058409,9598161.964415614,Jackson,-0.48626884725779373,-0.774309833355213,GP,0.3019519820805312,0.6100024327314797,2.1669357148033607e+23,2.889247619737814e+23
1.75,1.09,catalog,0.31,566.9650939116118,17.3,525.1185340536307,0.0252,catalog,2805356344.0890746,54349022.849689744,Jackson,-0.30005280824238156,-0.7342855954377837,log,0.47575187176044825,0.19121569508524794,5.373505827221404e+23,7.164674436295205e+23
1.75,1.09,catalog,0.31,566.9650939116118,17.3,358.6452739811187,0.0252,catalog,7335304694.444972,99294844.28703302,Selsis,-0.4304088962999859,-0.6229182917971742,linear,0.10661472037469907,0.25263245896356035,1.888099608574217e+23,2.5174661447656225e+23
1.75,1.09,catalog,0.31,566.9650939116118,17.3,613.8845585319768,0.0252,catalog,4732582847.45777,14140616.634849433,Selsis,-0.33486363818418147,-0.6777693881903237,GP,0.06317999908565454,0.2194411408543201,1.3751722302072375e+23,1.83356297360965e+23
1.75,1.09,catalog,0.31,566.9650939116118,17.3,345.3935714443871,0.0252,catalog,4203016815.448925,14865633.476614183,Jackson,-0.4119120059450519,-0.7512133377987893,linear,0.13952265424674312,0.9159282789948349,1.0023000875550386e+23,1.3364001167400515e+23
1.75,1.09,catalog,0.31,566.9650939116118,17.3,764.5417904031525,0.0252,catalog,3979564593.055317,19947785.158030402,Selsis,-0.46800017681706235,-0.715071958373216,log,0.05078286638351726,0.1234737108612941,6.410573382481997e+22,8.547431176642662e+22
1.75,1.09,catalog,0.31,566.9650939116118,17.3,789.5560368563814,0.0252,catalog,1923951178.8800533,81697905.42890027,Jackson,-0.3527775038796034,-0.7804259514561646,linear,0.2580854740556138,0.8178721874098376,1.660039628043741e+23,2.2133861707249877e+23
1.75,1.09,catalog,0.31,566.9650939116118,17.3,743.1925383543695,0.0252,catalog,4068799577.9070024,77151250.49566714,Selsis,-0.3808081915025286,-0.6707325343402595,GP,0.207530699933711,0.18796139630852238,3.247786609408579e+23,4.330382145878105e+23
1.75,1.09,catalog,0.31,566.9650939116118,17.3,336.05609044379213,0.0252,catalog,7747707874.494617,23745686.747362252,Selsis,-0.33807070578923765,-0.766307862815829,log,0.09331942073338212,0.29178236959975257,2.0796185054303807e+23,2.772824673907174e+23
1.75,1.09,catalog,0.31,566.9650939116118,17.3,336.2515843544213,0.0252,catalog,4316155884.868224,24061362.371129025,Jackson,-0.41441378940773793,-0.794095251792537,GP,0.29264532417223227,0.3857590153959668,1.994605085590884e+23,2.659473447454512e+23
1.75,1.09,catalog,0.31,566.9650939116118,17.3,589.6636478856135,0.0252,catalog,4887259758.062261,61379448.04718747,Selsis,-0.3483928109885615,-0.681316775866676,linear,0.27741195988944983,0.22963224654906778,5.318649584690458e+23,7.091532779587277e+23
1.75,1.09,catalog,0.31,566.9650939116118,17.3,2131.529493720461,0.0252,catalog,1859814000.3574724,82599083.96037284,Selsis,-0.29309257364360897,-0.6654028069790147,GP,0.1506890025412897,0.5575684273326302,2.873545370360917e+23,3.831393827147889e+23
1.75,1.09,catalog,0.31,566.9650939116118,17.3,483.49837663102363,0.0252,catalog,5733657332.153511,7949003.0562201785,Selsis,-0.49619892510073094,-0.7833337897973047,GP,0.15548235003579222,0.18491713339322569,2.0147619086707567e+23,2.6863492115610087e+23
1.75,1.09,catalog,0.31,566.9650939116118,17.3,1458.126125430194,0.0252,catalog,1117047408.5090086,45107048.93510569,Jackson,-0.3015341085992451,-0.7411849786924422,linear,0.21182725554010884,0.1183708549435517,1.6631512013196024e+23,2.2175349350928032e+23
1.75,1.09,catalog,0.31,566.9650939116118,17.3,447.5739550732082,0.0252,catalog,6106123605.057948,99558260.82244472,Selsis,-0.2868590654518606,-0.6174398741917193,GP,0.4339337547172173,0.7249123109967449,1.4439592232647932e+24,1.9252789643530574e+24
1.75,1.09,catalog,0.31,566.9650939116118,17.3,2921.3879545991194,0.0252,catalog,1488000200.4820075,81347345.63220866,Selsis,-0.33823117278246945,-0.6155260842164967,GP,0.06123089644445703,0.24413324518483892,7.999888892464687e+22,1.0666518523286248e+23
1.75,1.09,catalog,0.31,566.9650939116118,17.3,575.5901603498188,0.0252,catalog,4982757849.93782,6717690.9951475505,Selsis,-0.42286153350430356,-0.6235788548210377,log,0.3456536220767736,0.06320354378940318,6.11013414210546e+23,8.14684552280728e+23
1.75,1.09,catalog,0.31,566.9650939116118,17.3,742.1711914248414,0.0252,catalog,2035457145.0214448,69872355.70921785,Jackson,-0.3533993762592763,-0.6196304166181515,linear,0.10215791758425939,0.43494556614606483,8.169172553464059e+22,1.089223007128541e+23
1.75,1.09,catalog,0.31,566.9650939116118,17.3,335.6239202023167,0.0252,catalog,7756126551.045147,98232777.01746027,Selsis,-0.38327029821504055,-0.7482108487346559,log,0.18075831561137623,0.37097480699882834,3.0230147842352995e+23,4.030686378980399e+23
1.75,1.09,catalog,0.31,566.9650939116118,17.3,611.892680365527,0.0252,catalog,2431079508.8638773,47670323.0897592,Jackson,-0.38008251164663326,-0.7077572837270172,GP,0.13285245908129892,0.4271572444217573,8.91904084844242e+22,1.1892054464589894e+23
1.75,1.09,catalog,0.31,566.9650939116118,17.3,323.0217628220836,0.0252,catalog,8011316807.580123,97814890.19269352,Selsis,-0.3950206500506809,-0.6051050812986487,linear,0.050029995080833146,0.2868374936897433,1.0559580406257897e+23,1.4079440541677195e+23
1.75,1.09,catalog,0.31,566.9650939116118,17.3,1395.8478052012065,0.0252,catalog,1160216036.8911428,80909858.85603398,Jackson,-0.32857477185599326,-0.7186197654594999,log,0.1147328058485314,0.21156475707642364,7.04265058968883e+22,9.390200786251773e+22
1.75,1.09,catalog,0.31,566.9650939116118,17.3,550.5885762378158,0.0252,catalog,2683042033.3449388,4244541.054353494,Jackson,-0.39370027003254043,-0.7375610393558293,GP,0.44009460380666254,0.45125327387749203,3.1905952411995166e+23,4.254126988266022e+23
1.75,1.09,catalog,0.31,566.9650939116118,17.3,2043.5505919988118,0.0252,catalog,1917023120.1894841,57754587.69042215,Selsis,-0.3462236386954403,-0.64443203059868,linear,0.0861358405331781,0.3808340798439628,1.2285877259168896e+23,1.638116967889186e+23
1.75,1.09,catalog,0.31,566.9650939116118,17.3,225.82000775067826,0.0252,catalog,6468774692.2289,58387409.448868155,Jackson,-0.49230855333702317,-0.6795638199202957,linear,0.2700129364249542,0.04209946306445944,1.8748986580121468e+23,2.499864877349529e+23
1.75,1.09,catalog,0.31,566.9650939116118,17.3,1918.460267901288,0.0252,catalog,2006358315.0440972,77077880.70386475,Selsis,-0.47685658312313134,-0.7532671015108013,log,0.052650914099065485,0.6969730493531787,4.739334705573785e+22,6.319112940765046e+22
1.75,1.09,catalog,0.31,566.9650939116118,17.3,4026.942458441274,0.0252,catalog,1191148765.1321933,98100623.19638297,Selsis,-0.3179374000865776,-0.6927799796253497,log,0.0857712349811199,0.6141367366354971,9.573451173923467e+22,1.2764601565231288e+23
1.75,1.09,catalog,0.31,566.9650939116118,17.3,496.9662205506527,0.0252,catalog,2955437054.601055,74595666.12217435,Jackson,-0.3170986396062534,-0.7261296893266115,log,0.15768228690574795,0.46976379506775656,1.5455276471444623e+23,2.0607035295259497e+23
1.75,1.09,catalog,0.31,566.9650939116118,17.3,560.6293945394738,0.0252,catalog,2637927682.0861907,5281717.142639837,Jackson,-0.34564552918223657,-0.7531653496553977,GP,0.15362780034067194,0.6844258607899479,1.3785641090645085e+23,1.838085478752678e+23
1.75,1.09,catalog,0.31,566.9650939116118,17.3,424.88415421200534,0.0252,catalog,6372456652.773087,24542344.72193062,Selsis,-0.41546294549061147,-0.6208435466047004,GP,0.4999975396485835,0.0414845697218853,9.379481221500102e+23,1.2505974962000136e+24
1.75,1.09,catalog,0.31,566.9650939116118,17.3,4888.235210251648,0.0252,catalog,997782051.8474348,8805298.41721669,Selsis,-0.2987501035750666,-0.6956869902192568,log,0.23568263273445783,0.390149647434045,3.111983989009097e+23,4.1493119853454625e+23
1.75,1.09,catalog,0.31,566.9650939116118,17.3,393.6471324400003,0.0252,catalog,6787433527.113653,78858761.30743304,Selsis,-0.4344342220391757,-0.6565329461214479,log,0.18912746207350048,0.06985266439611004,2.993566841693067e+23,3.991422455590756e+23
1.75,1.09,catalog,0.31,566.9650939116118,17.3,780.9762943713508,0.0252,catalog,1943141707.7549024,59812580.75717427,Jackson,-0.42791290022295203,-0.707855141418504,log,0.25805936892648174,0.7589784929874928,1.3405873142001862e+23,1.787449752266915e+23
1.75,1.09,catalog,0.31,566.9650939116118,17.3,1411.3241871953805,0.0252,catalog,2509800225.5365973,30472180.287809286,Selsis,-0.4118450326757382,-0.7406660770062187,log,0.48135518061863386,0.38462027468316307,5.68723933540446e+23,7.582985780539279e+23
1.75,1.09,catalog,0.31,566.9650939116118,17.3,254.79260517901164,0.0252,catalog,5709589910.3097105,27062071.672624335,Jackson,-0.4913890100995103,-0.632855620365829,GP,0.1307886711824824,0.013247498959051196,1.070691262345971e+23,1.4275883497946279e+23
1.75,1.09,catalog,0.31,566.9650939116118,17.3,268.0859730459484,0.0252,catalog,5420152968.367013,44027972.10778444,Jackson,-0.4513299367108423,-0.6348803287031688,linear,0.26471304030548887,0.47365454525062,2.1760109934402453e+23,2.90134799125366e+23
1.75,1.09,catalog,0.31,566.9650939116118,17.3,209.59176033306025,0.0252,catalog,6994416595.575037,97733593.47510862,Jackson,-0.4837898237795112,-0.7625460725482901,GP,0.16372252338468768,0.7696931876734817,9.737550123538849e+22,1.2983400164718464e+23
1.75,1.09,catalog,0.31,566.9650939116118,17.3,1478.0922809600795,0.0252,catalog,2426125123.8122745,93221247.56616911,Selsis,-0.3831056547329805,-0.7792521722660533,linear,0.21913295426027612,0.033317368454119256,2.592216127026692e+23,3.456288169368922e+23
1.75,1.09,catalog,0.31,566.9650939116118,17.3,281.64334794372695,0.0252,catalog,9006960811.688074,23883545.307946477,Selsis,-0.34705551215221764,-0.6905641053117122,GP,0.08731414688014842,0.3490657248165555,2.0086326646753455e+23,2.678176886233794e+23
1.75,1.09,catalog,0.31,566.9650939116118,17.3,393.06143022170016,0.0252,catalog,3702074912.5666723,97176049.2338949,Jackson,-0.37017216020499266,-0.6969471088917921,GP,0.32244791655018995,0.00014854770560823738,2.4589526440555886e+23,3.278603525407451e+23
1.75,1.09,catalog,0.31,566.9650939116118,17.3,2827.9613778140274,0.0252,catalog,1522270710.7964683,76947162.8218083,Selsis,-0.35362208024172054,-0.7754416191841939,linear,0.1471479540449356,0.6333867423305896,1.587899399731881e+23,2.1171991996425082e+23
1.75,1.09,catalog,0.31,566.9650939116118,17.3,774.432400365666,0.0252,catalog,1958063102.3757594,7228215.057054805,Jackson,-0.3196097132313335,-0.6804439664865523,GP,0.15815345710832818,0.5000277333432559,1.594633339260819e+23,2.126177785681092e+23
1.75,1.09,catalog,0.31,566.9650939116118,17.3,2342.527707246823,0.0252,catalog,1738365885.066996,44444434.539417654,Selsis,-0.28428223904348005,-0.6233528538513695,GP,0.3517112539939788,0.08379839352668916,7.562732017635249e+23,1.0083642690180331e+24
1.75,1.09,catalog,0.31,566.9650939116118,17.3,814.0909846829179,0.0252,catalog,3789351034.049669,55726285.02419775,Selsis,-0.47228544646212195,-0.6376519304361524,linear,0.07245932140434899,0.18800939672270411,9.784878548224868e+22,1.304650473096649e+23
1.75,1.09,catalog,0.31,566.9650939116118,17.3,390.57064403682955,0.0252,catalog,3725093445.4106064,3964746.262052117,Jackson,-0.46741067998001495,-0.6474506107932604,linear,0.21124281126806585,0.6037952001958685,1.617672088664519e+23,2.1568961182193584e+23
1.75,1.09,catalog,0.31,566.9650939116118,17.3,724.745952697876,0.0252,catalog,4149854554.297032,67144666.0062188,Selsis,-0.3142090149229696,-0.6294916754309724,log,0.05830472822922855,0.15552805702174943,1.4052025158474766e+23,1.873603354463302e+23
1.75,1.09,catalog,0.31,566.9650939116118,17.3,1739.2955932069046,0.0252,catalog,2154100635.611531,23715637.194908734,Selsis,-0.3748415341805772,-0.7764160877760132,linear,0.06827543568934295,0.524627361148041,8.603541874706689e+22,1.1471389166275584e+23
1.75,1.09,catalog,0.31,566.9650939116118,17.3,1169.1112046341077,0.0252,catalog,2882810454.3470354,45316588.92973919,Selsis,-0.28993051279466103,-0.7158952049629728,linear,0.06500414007593613,0.437702974246416,1.571257171886528e+23,2.095009562515371e+23
1.75,1.09,catalog,0.31,566.9650939116118,17.3,1054.9440901658838,0.0252,catalog,3111758757.66837,48114010.343272954,Selsis,-0.4121014330458288,-0.7600976053192651,GP,0.25978664584492733,0.22069181778253133,3.201901407015949e+23,4.269201876021265e+23
1.75,1.09,catalog,0.31,566.9650939116118,17.3,319.92370153180076,0.0252,catalog,4535211698.790684,51602907.62944718,Jackson,-0.3378623012979635,-0.6313198948084912,GP,0.11132320567532766,0.8907004142845594,1.2765698002888081e+23,1.702093067051744e+23
1.75,1.09,catalog,0.31,566.9650939116118,17.3,302.47495048108834,0.0252,catalog,4797020177.725076,8735063.38267701,Jackson,-0.42531768822567156,-0.7731144862592817,GP,0.49266303449093884,0.5598860110225357,3.522030425454807e+23,4.696040567273076e+23
1.75,1.09,catalog,0.31,566.9650939116118,17.3,3459.7071223819084,0.0252,catalog,1322580805.5572762,31090338.5978998,Selsis,-0.35063373422484423,-0.6224007366017781,GP,0.05726122088763134,0.9111340279961305,6.869508199411688e+22,9.159344265882251e+22
1.75,1.09,catalog,0.31,566.9650939116118,17.3,451.80524845659414,0.0252,catalog,6059304695.232758,70344491.47140524,Selsis,-0.3631479738634986,-0.6045345125219316,linear,0.050838947415290804,0.12012204231447787,1.1243939686093706e+23,1.4991919581458274e+23
1.75,1.09,catalog,0.31,566.9650939116118,17.3,1061.2331938480104,0.0252,catalog,3097983677.1415954,56926390.78981389,Selsis,-0.379113205495071,-0.683575577843138,log,0.3270834872088306,0.003926352666061006,4.7103552348265754e+23,6.280473646435433e+23
1.75,1.09,catalog,0.31,566.9650939116118,17.3,592.9620959424655,0.0252,catalog,2503179467.9931436,1980673.1868422308,Jackson,-0.43592655161773136,-0.6559217363232465,GP,0.16382361495795067,0.8680638982097403,1.1810922965513093e+23,1.574789728735079e+23
1.75,1.09,catalog,0.31,566.9650939116118,17.3,833.861939924705,0.0252,catalog,3719344920.1378593,96433528.63462067,Selsis,-0.3116308011803372,-0.7867778231179341,linear,0.273441965534136,0.5049961692305821,5.680906188580768e+23,7.574541584774357e+23
1.75,1.09,catalog,0.31,566.9650939116118,17.3,4965.50879695341,0.0252,catalog,977788444.6590351,42284866.287659444,Selsis,-0.4749339775800761,-0.7426962663085448,linear,0.32619197494781466,0.6063603125909878,1.885839272164738e+23,2.514452362886317e+23
1.75,1.09,catalog,0.31,566.9650939116118,17.3,861.9497995575676,0.0252,catalog,1777146172.6274946,42906847.994301535,Jackson,-0.3109225819016135,-0.6354265062310879,GP,0.29216189829822514,0.15208876288394269,2.8738156015057388e+23,3.8317541353409846e+23
1.75,1.09,catalog,0.31,566.9650939116118,17.3,320.0735720927048,0.0252,catalog,4533093669.978625,97339284.09808432,Jackson,-0.4429466694166069,-0.6283884391266,log,0.2777613302026216,0.5326779290287496,2.115587736842295e+23,2.82078364912306e+23
1.75,1.09,catalog,0.31,566.9650939116118,17.3,195.05903709766596,0.0252,catalog,7546970482.84183,1223780.3722745674,Jackson,-0.32420604174764955,-0.6731155701723088,linear,0.11020698727759375,0.5723313501139771,1.665345977415589e+23,2.2204613032207853e+23
1.75,1.09,catalog,0.31,566.9650939116118,17.3,1025.113751148016,0.0252,catalog,3179190622.289783,22450667.910652794,Selsis,-0.2893593798260685,-0.6147799389819163,linear,0.20667814945115445,0.8594864754097329,5.864809695714074e+23,7.819746260952099e+23
1.75,1.09,catalog,0.31,566.9650939116118,17.3,1565.7244124045276,0.0252,catalog,2325787292.436499,55096099.686289564,Selsis,-0.4832193810433469,-0.7930263644126418,log,0.15670329774383154,0.7161838307143009,1.5031420341039923e+23,2.004189378805323e+23
1.75,1.09,catalog,0.31,566.9650939116118,17.3,215.60242646713826,0.0252,catalog,6789653343.802468,26181119.981792394,Jackson,-0.3925153668999201,-0.6266467659215588,linear,0.47222971276976217,0.17763584835924262,5.0743613031849575e+23,6.765815070913276e+23
1.75,1.09,catalog,0.31,566.9650939116118,17.3,542.0168431568419,0.0252,catalog,2722900091.139764,47930832.11265119,Jackson,-0.28710813200581525,-0.6064024157504856,log,0.07065197107532549,0.3671038752368273,1.0239688111580053e+23,1.3652917482106736e+23
1.75,1.09,catalog,0.31,566.9650939116118,17.3,2056.2962855849405,0.0252,catalog,1908465613.5369031,64555388.63897159,Selsis,-0.49572347797981636,-0.6468239090947889,log,0.08840113899653054,0.7833878419484143,8.65394138298172e+22,1.1538588510642292e+23
1.75,1.09,catalog,0.31,566.9650939116118,17.3,259.1892922173771,0.0252,catalog,5610328814.92511,75181009.44294344,Jackson,-0.49528370227132223,-0.62282354033439,log,0.13857985578150342,0.7425229722995751,1.1008275774016328e+23,1.467770103202177e+23
1.75,1.09,catalog,0.31,566.9650939116118,17.3,2291.89681346374,0.0252,catalog,1765643293.6611168,70019643.35722327,Selsis,-0.39458438914693617,-0.7198374565690981,log,0.07570341575403104,0.74355916833882,7.742911993902937e+22,1.0323882658537249e+23
1.75,1.09,catalog,0.31,566.9650939116118,17.3,364.6724061729259,0.0252,catalog,3983909374.992816,70251600.21793689,Jackson,-0.38485465572769484,-0.6483961339681054,log,0.23920313234002805,0.7532449376189267,1.977773662507151e+23,2.6370315500095345e+23
1.75,1.09,catalog,0.31,566.9650939116118,17.3,1010.3351507954362,0.0252,catalog,1541624468.261182,96482110.01822576,Jackson,-0.360616905677202,-0.7355316829942519,GP,0.055606881728821625,0.07690889576360971,3.1246368246034822e+22,4.166182432804643e+22
1.75,1.09,catalog,0.31,566.9650939116118,17.3,875.9979814571711,0.0252,catalog,1751447044.5743058,52406833.96190508,Jackson,-0.34396481333223433,-0.6884705100992025,GP,0.19015272363921895,0.13098597616273677,1.3746587723101268e+23,1.832878363080169e+23
1.75,1.09,catalog,0.31,566.9650939116118,17.3,304.4271106884724,0.0252,catalog,4766147984.307602,6555042.609173945,Jackson,-0.46390974772209487,-0.6513610963231176,linear,0.20960980512307095,0.9101194613163796,1.6784215636742166e+23,2.2378954182322886e+23
1.75,1.09,catalog,0.31,566.9650939116118,17.3,903.2482426857297,0.0252,catalog,1703907116.3550084,16948249.178436004,Jackson,-0.45237914038992844,-0.7780706045772859,log,0.0883429041597211,0.6023690715881284,4.382966968674789e+22,5.843955958233052e+22
1.75,1.09,catalog,0.31,566.9650939116118,17.3,963.4321069168556,0.0252,catalog,1608330890.98527,62379446.34444796,Jackson,-0.48666065854912943,-0.7365211299715464,GP,0.07700498680729409,0.47284679604014546,3.264061903654197e+22,4.352082538205595e+22
1.75,1.09,catalog,0.31,566.9650939116118,17.3,1617.0367953350694,0.0252,catalog,2271593103.0579844,20345763.054314084,Selsis,-0.4928544756475782,-0.7697575304066032,linear,0.11418748926635378,0.42464424750787055,1.1392686093528395e+23,1.5190248124704525e+23
1.75,1.09,catalog,0.31,566.9650939116118,17.3,113.90722104066823,0.0252,catalog,13694910439.876865,75516088.22185004,Jackson,-0.4168253938917159,-0.6809235429701948,log,0.07066541319543898,0.09016986838394736,6.824326619809577e+22,9.099102159746101e+22
1.75,1.09,catalog,0.31,566.9650939116118,17.3,284.69132918061365,0.0252,catalog,5099135181.220012,1814977.7317359238,Jackson,-0.3097328234351013,-0.6503373221454659,log,0.10617348160068181,0.9289894730846319,1.6480078553158012e+23,2.197343807087735e+23
1.75,1.09,catalog,0.31,566.9650939116118,17.3,3669.8140005197556,0.0252,catalog,1269655339.5256264,91688850.13896762,Selsis,-0.37306213923816445,-0.7713781316858749,log,0.48297744686837013,0.5256551622325973,4.114369971672374e+23,5.4858266288964984e+23
1.75,1.09,catalog,0.31,566.9650939116118,17.3,431.1807732918768,0.0252,catalog,6295843228.713885,21446512.860918045,Selsis,-0.4099610656310661,-0.6825025546927725,log,0.17153869086618326,0.28924524063264634,2.8371619716192263e+23,3.782882628825635e+23
1.75,1.09,catalog,0.31,566.9650939116118,17.3,462.4574919693622,0.0252,catalog,5945082051.911954,87210484.52559967,Selsis,-0.4803459307233551,-0.7897163891122051,log,0.07939169334025613,0.2830346126734805,9.627863575112185e+22,1.2837151433482913e+23
1.75,1.09,catalog,0.31,566.9650939116118,17.3,283.9450877801169,0.0252,catalog,5112701695.841362,38757271.3379658,Jackson,-0.3387270720631495,-0.7571298399881682,log,0.0553174043693697,0.95258803999027,5.631633475006661e+22,7.508844633342215e+22
1.75,1.09,catalog,0.31,566.9650939116118,17.3,423.9884843708568,0.0252,catalog,3439892012.111194,47541733.39598116,Jackson,-0.302679698327548,-0.6170574569732066,linear,0.13071079904691058,0.7603369637088626,1.7853056644644153e+23,2.3804075526192204e+23
1.75,1.09,catalog,0.31,566.9650939116118,17.3,292.588517781655,0.0252,catalog,4960096043.25981,86682406.3544514,Jackson,-0.4850547797772861,-0.754861534667434,log,0.34433346015334015,0.8799746949064297,1.927277015805622e+23,2.5697026877408292e+23
1.75,1.09,catalog,0.31,566.9650939116118,17.3,885.2608025100926,0.0252,catalog,3550990901.714238,75427295.47494036,Selsis,-0.3490668973348186,-0.6417849697920087,log,0.07819107642814903,0.2271370418043076,1.4132305469662933e+23,1.8843073959550576e+23
1.75,1.09,catalog,0.31,566.9650939116118,17.3,1794.0127432983427,0.0252,catalog,2106185280.804953,48067252.33146017,Selsis,-0.3590248809037587,-0.7058219144099834,log,0.09053953643608582,0.846709839103114,1.206065349323994e+23,1.608087132431992e+23
1.75,1.09,catalog,0.31,566.9650939116118,17.3,202.998920348894,0.0252,catalog,7234322492.593539,61911113.90034779,Jackson,-0.30095100846020034,-0.623424041209309,linear,0.14430009378044825,0.7492617303438169,2.4304902984851286e+23,3.240653731313504e+23
1.75,1.09,catalog,0.31,566.9650939116118,17.3,638.8813352290413,0.0252,catalog,4584595409.14061,1544398.5151087882,Selsis,-0.38158872831559826,-0.6482373346400888,linear,0.053020838835570634,0.5229507777342388,9.963910382089223e+22,1.328521384278563e+23
1.75,1.09,catalog,0.31,566.9650939116118,17.3,2894.5571555410625,0.0252,catalog,1497643433.8456643,25998784.397440936,Selsis,-0.4703186122724213,-0.7546029504884318,GP,0.2192602308490826,0.9819551426451585,1.8328497802444914e+23,2.443799706992655e+23
1.75,1.09,catalog,0.31,566.9650939116118,17.3,598.4030768229844,0.0252,catalog,4830083395.186091,45345866.40280623,Selsis,-0.39863113887835283,-0.7966140772101705,log,0.20143213900720527,0.6924720854253006,2.898247651368281e+23,3.8643302018243744e+23
1.75,1.09,catalog,0.31,566.9650939116118,17.3,2695.3052035498818,0.0252,catalog,1574495997.707132,45577015.189499505,Selsis,-0.2879205563562883,-0.6186188318537154,GP,0.14565858256438036,0.439922742420795,2.8768184111553293e+23,3.835757881540439e+23
1.75,1.09,catalog,0.31,566.9650939116118,17.3,505.6613184399282,0.0252,catalog,5529185091.863936,97007071.29492763,Selsis,-0.36090117340980415,-0.741208001926628,linear,0.07188801304397685,0.511546502690935,1.2393859036578126e+23,1.6525145382104166e+23
1.75,1.09,catalog,0.31,566.9650939116118,17.3,488.24683367470345,0.0252,catalog,5688357001.158851,14665860.69224862,Selsis,-0.480906700778136,-0.6702071344592552,GP,0.12417974590714512,0.27028721794616517,1.8099702462932643e+23,2.4132936617243522e+23
1.75,1.09,catalog,0.31,566.9650939116118,17.3,708.9522269322208,0.0252,catalog,4222386653.4172564,46533657.13421678,Selsis,-0.3889758079205432,-0.7521073028557682,GP,0.4357156365607305,0.9263369501770746,6.374063198900654e+23,8.498750931867538e+23
1.75,1.09,catalog,0.31,566.9650939116118,17.3,833.456240512548,0.0252,catalog,1831906502.4559157,14023081.342959847,Jackson,-0.36449394902560833,-0.7650580316497265,linear,0.06167785687989329,0.04348008747729626,4.2488017987843375e+22,5.665069065045783e+22
1.75,1.09,catalog,0.31,566.9650939116118,17.3,391.265581211553,0.0252,catalog,6821698315.052454,87027045.46330225,Selsis,-0.4618540912115592,-0.670614760272599,linear,0.17204510183867724,0.8191990629974114,2.5041740837864256e+23,3.3388987783819004e+23
1.75,1.09,catalog,0.31,566.9650939116118,17.3,1191.916811449049,0.0252,catalog,2841869939.929741,32877291.918856785,Selsis,-0.32036853347861544,-0.6866498978328913,GP,0.20490329514577818,0.9627496611033467,4.007455764816684e+23,5.3432743530889117e+23
1.75,1.09,catalog,0.31,566.9650939116118,17.3,4957.506311358092,0.0252,catalog,875887840.6773913,39369464.55134999,Selsis,-0.48963574834461693,-0.7290862188023571,log,0.13758065918765897,0.49181730664082335,7.131867595714029e+22,9.509156794285371e+22
1.75,1.09,catalog,0.31,566.9650939116118,17.3,182.45942493887372,0.0252,catalog,8105070277.288744,72549253.49966438,Jackson,-0.3395384075251617,-0.7964441175273503,linear,0.15443563450667658,0.3086307351392129,1.6472482821360652e+23,2.1963310428480868e+23
1.75,1.09,catalog,0.31,566.9650939116118,17.3,330.57049540599746,0.0252,catalog,4389785728.600105,28087805.921287607,Jackson,-0.3992271715467948,-0.7023127353934453,log,0.3306411289946322,0.6220880471756288,2.5582763649162993e+23,3.411035153221732e+23
1.75,1.09,catalog,0.31,566.9650939116118,17.3,533.440132654397,0.0252,catalog,5295829615.14299,97644947.47570007,Selsis,-0.38184859899897344,-0.6054834050026867,log,0.1286250044282081,0.8591079941481847,2.498803529615885e+23,3.3317380394878466e+23
1.75,1.09,catalog,0.31,566.9650939116118,17.3,598.6096493556837,0.0252,catalog,4828751045.90899,12494809.449288798,Selsis,-0.39969900072549724,-0.7401716689686791,GP,0.056364341699002035,0.5997189376121528,8.664262731483839e+22,1.1552350308645118e+23
1.75,1.09,catalog,0.31,566.9650939116118,17.3,420.9576560970042,0.0252,catalog,6421349526.977043,22970199.014089808,Selsis,-0.45887590185018684,-0.6604119922024048,GP,0.30179152272350573,0.7078745070510742,4.6942941793806614e+23,6.259058905840882e+23
1.75,1.09,catalog,0.31,566.9650939116118,17.3,1073.9948956633211,0.0252,catalog,3070483583.687586,20997191.944939073,Selsis,-0.386865599152219,-0.7829059002844685,log,0.056380309866446265,0.3697061040648544,7.739224727079445e+22,1.0318966302772594e+23
1.75,1.09,catalog,0.31,566.9650939116118,17.3,192.66148490665407,0.0252,catalog,7646967593.831466,46002215.86989496,Jackson,-0.49662933178480695,-0.6165022135008692,linear,0.15770508741322126,0.19635785529171412,1.4643922329767907e+23,1.9525229773023875e+23
1.75,1.09,catalog,0.31,566.9650939116118,17.3,165.0602233806375,0.0252,catalog,9032837542.199205,70163519.36301538,Jackson,-0.28625594887725153,-0.7488163756103975,GP,0.2010140496118593,0.6032559041219953,3.432614219631074e+23,4.576818959508099e+23
1.75,1.09,catalog,0.31,566.9650939116118,17.3,1047.9104694086316,0.0252,catalog,1492418868.1351824,40265281.83111182,Jackson,-0.4519464028904985,-0.7599115320468703,GP,0.05217471467200338,0.7253396607128306,2.333041450798766e+22,3.1107219343983545e+22
1.75,1.09,catalog,0.31,566.9650939116118,17.3,195.64724310592834,0.0252,catalog,7522849968.659011,3872834.3972219788,Jackson,-0.34900465280872806,-0.7753433391567348,log,0.06870686715441078,0.936072856128507,7.779254305715545e+22,1.0372339074287393e+23
1.75,1.09,catalog,0.31,566.9650939116118,17.3,1920.7670564988805,0.0252,catalog,2004617204.5188558,10373557.004541038,Selsis,-0.3880681064916753,-0.6161405088245571,linear,0.08878048888934072,0.803550844578704,1.2529458151171396e+23,1.670594420156186e+23
1.75,1.09,catalog,0.31,566.9650939116118,17.3,414.5015777261754,0.0252,catalog,3515817280.8417673,12499519.872569932,Jackson,-0.4535457425313779,-0.7653946253604942,GP,0.4981247557023887,0.21822704341337407,3.069374817769002e+23,4.0924997570253354e+23
1.75,1.09,catalog,0.31,566.9650939116118,17.3,187.96087161392612,0.0252,catalog,7851208622.849049,40061428.78351403,Jackson,-0.4320746803750412,-0.7573259183704728,log,0.07149004682437668,0.40653705829390163,5.24931532167368e+22,6.999087095564906e+22
1.75,1.09,catalog,0.31,566.9650939116118,17.3,432.37007755620573,0.0252,catalog,6281613862.22961,42836739.5248798,Selsis,-0.4516635319596621,-0.6103996991214101,linear,0.39290090577606807,0.5087543516194015,6.986621756615643e+23,9.315495675487523e+23
1.75,1.09,catalog,0.31,566.9650939116118,17.3,531.6008287879141,0.0252,catalog,5310562687.532156,81879882.5974388,Selsis,-0.3069752260716694,-0.7989737428023478,log,0.3984567205026882,0.8443862795916925,9.601036985418428e+23,1.2801382647224568e+24
1.75,1.09,catalog,0.31,566.9650939116118,17.3,579.1360520530168,0.0252,catalog,2558934068.18527,82798726.63828409,Jackson,-0.4647828443802928,-0.6370531200929166,GP,0.3910038739272385,0.3026730494693535,2.327999190703405e+23,3.1039989209378735e+23
1.75,1.09,catalog,0.31,566.9650939116118,17.3,884.8882258740815,0.0252,catalog,3552145857.9763865,67853596.83814462,Selsis,-0.4852751381900073,-0.7523639181441893,linear,0.13356652413870543,0.1541519010667014,1.473267277486425e+23,1.9643563699819e+23
1.75,1.09,catalog,0.31,566.9650939116118,17.3,2300.022330880231,0.0252,catalog,1761182953.2467325,47901493.854218096,Selsis,-0.367721549846655,-0.7622855557724547,log,0.09883061885823977,0.9764157054444191,1.1280568888542935e+23,1.5040758518057247e+23
1.75,1.09,catalog,0.31,566.9650939116118,17.3,124.50220163489998,0.0252,catalog,12365651475.073889,31510388.440955255,Jackson,-0.4223155909838548,-0.7776170496281202,linear,0.19388739780324044,0.3902156806497844,1.6029391882122605e+23,2.1372522509496804e+23
1.75,1.09,catalog,0.31,566.9650939116118,17.3,3807.301262702021,0.0252,catalog,1237792756.846497,45939098.99772445,Selsis,-0.4057825609084831,-0.7077887481291745,log,0.3507623056278004,0.164210090900342,2.8692006871329436e+23,3.825600916177258e+23
1.75,1.09,catalog,0.31,566.9650939116118,17.3,236.94103341828335,0.0252,catalog,6153587857.066573,70418334.98052949,Jackson,-0.39553317224019885,-0.7354169626231702,log,0.4002680979478404,0.9620564344044685,3.095759328377778e+23,4.127679104503704e+23
1.75,1.09,catalog,0.31,566.9650939116118,17.3,710.374131562944,0.0252,catalog,2118602153.866644,95020236.81835766,Jackson,-0.2874737047820504,-0.7543378156905908,GP,0.16895775041345978,0.24579982963846048,1.8119005203003753e+23,2.4158673604005003e+23
1.75,1.09,catalog,0.31,566.9650939116118,17.3,648.7697678558762,0.0252,catalog,4529026203.656465,88014213.0030146,Selsis,-0.4739718814470073,-0.7579630034266834,linear,0.26263962702482097,0.34174849008651,3.0718015166411936e+23,4.095735355521591e+23
1.75,1.09,catalog,0.31,566.9650939116118,17.3,429.2862633945741,0.0252,catalog,6318666757.545669,36701961.71583429,Selsis,-0.49124774791955833,-0.7209928010003654,linear,0.38222809742878283,0.2785541368393989,5.0662334539134796e+23,6.754977938551306e+23
1.75,1.09,catalog,0.31,566.9650939116118,17.3,1990.7439025867047,0.0252,catalog,1953515043.0991855,79327258.29303874,Selsis,-0.3146288040123345,-0.6275279113004791,linear,0.21825848455371885,0.6994899217234684,3.803717831152646e+23,5.071623774870194e+23
1.75,1.09,catalog,0.31,566.9650939116118,17.3,764.9867556553487,0.0252,catalog,3977754277.959816,33305295.688520495,Selsis,-0.3426625480451325,-0.6086378054826995,log,0.1595242634588355,0.29757949222351343,3.457622640406467e+23,4.610163520541956e+23
1.75,1.09,catalog,0.31,566.9650939116118,17.3,338.32986994295015,0.0252,catalog,7703761394.858025,9990075.48973437,Selsis,-0.4593945215702964,-0.7794933599126329,GP,0.08280298678041538,0.26693757599023293,1.1854480058738822e+23,1.5805973411651763e+23
1.75,1.09,catalog,0.31,566.9650939116118,17.3,562.6550354656783,0.0252,catalog,2629024479.019278,20587246.86615847,Jackson,-0.3861639640484329,-0.7441721671532655,GP,0.309077328693928,0.2572121016716984,2.1327128235458105e+23,2.8436170980610806e+23
1.75,1.09,catalog,0.31,566.9650939116118,17.3,539.6954656735369,0.0252,catalog,2733915975.2367973,48715056.78173862,Jackson,-0.4841051913648873,-0.7786601743580017,linear,0.48509113314672725,0.8187728684152905,2.4265206374945806e+23,3.235360849992774e+23
1.75,1.09,catalog,0.31,566.9650939116118,17.3,351.8087710097251,0.0252,catalog,4127309719.766884,72404614.79466155,Jackson,-0.3637270092412954,-0.6663761788551371,linear,0.4493731728817827,0.6251809821450666,3.944914419798463e+23,5.2598858930646174e+23
1.75,1.09,catalog,0.31,566.9650939116118,17.3,304.9100503694932,0.0252,catalog,8414319980.165224,69636021.87300678,Selsis,-0.3652858791444129,-0.6309095623242043,linear,0.07932366647972036,0.7780519856887883,1.761656773927136e+23,2.348875698569515e+23
1.75,1.09,catalog,0.31,566.9650939116118,17.3,906.1745511125669,0.0252,catalog,1698970428.6751628,65589995.95338203,Jackson,-0.3574643674641894,-0.7979425311431996,log,0.3126930494956413,0.3584920155526933,1.9055703136663436e+23,2.5407604182217914e+23
1.75,1.09,catalog,0.31,566.9650939116118,17.3,361.62541866664725,0.0252,catalog,4016910524.3097878,78489022.66218752,Jackson,-0.43799170171635693,-0.7010269774041256,GP,0.07781220868657383,0.06708574934621103,4.875548831856494e+22,6.500731775808659e+22
1.75,1.09,catalog,0.31,566.9650939116118,17.3,4349.495035630062,0.0252,catalog,1130162052.6741672,64300081.37454118,Selsis,-0.37971870609137415,-0.7872225191787213,log,0.3721329787888474,0.47610313720495046,2.8893393729111607e+23,3.852452497214881e+23
1.75,1.09,catalog,0.31,566.9650939116118,17.3,4958.101447892613,0.0252,catalog,881053216.6975654,11484970.06303527,Selsis,-0.36759202070806973,-0.6127231154870412,log,0.30442313515614233,0.896539214793081,2.6144030353130393e+23,3.4858707137507186e+23
1.75,1.09,catalog,0.31,566.9650939116118,17.3,324.371697673606,0.0252,catalog,7983051331.517198,84028628.53278567,Selsis,-0.4704019829926246,-0.759019353921095,log,0.3899897039360106,0.539204937329621,5.174708611321291e+23,6.899611481761721e+23
1.75,1.09,catalog,0.31,566.9650939116118,17.3,526.6540995816121,0.0252,catalog,2797640817.7554493,53090962.70013877,Jackson,-0.28883295634530304,-0.6723900824121147,GP,0.050079730467423436,0.38082378963470076,6.496746525833481e+22,8.662328701111308e+22
1.75,1.09,catalog,0.31,566.9650939116118,17.3,366.8136193627545,0.0252,catalog,7198385623.510368,46808893.88530127,Selsis,-0.3137547457775007,-0.7260526220678865,GP,0.0999193527653494,0.5361398857574005,2.584786265940867e+23,3.446381687921156e+23
1.75,1.09,catalog,0.31,566.9650939116118,17.3,2088.051049026002,0.0252,catalog,1887550256.0546472,33009386.186529867,Selsis,-0.3053606580436837,-0.7208972640043165,GP,0.3931247601066701,0.4221497290970594,7.04657995939511e+23,9.395439945860145e+23
1.75,1.09,catalog,0.31,566.9650939116118,17.3,729.4894059113517,0.0252,catalog,2067750181.49288,78359131.33300954,Jackson,-0.33247008337035205,-0.7325324865551576,log,0.0913722332062382,0.9315404592397778,7.023705306935413e+22,9.364940409247216e+22
1.75,1.09,catalog,0.31,566.9650939116118,17.3,1320.7272048722743,0.0252,catalog,2634827416.579621,77770487.15129676,Selsis,-0.32592250213115276,-0.7217110328022833,log,0.10043085861030197,0.9489994371757071,1.7167705897682442e+23,2.2890274530243256e+23
1.75,1.09,catalog,0.31,566.9650939116118,17.3,371.5448497196733,0.0252,catalog,7121760673.189213,74828074.34975624,Selsis,-0.3969621683028369,-0.6999906978208958,log,0.08660132646622842,0.29215191250926253,1.4289052858006552e+23,1.9052070477342067e+23
1.75,1.09,catalog,0.31,566.9650939116118,17.3,261.0528699564438,0.0252,catalog,5569340008.612355,19583905.068312336,Jackson,-0.39166650079983073,-0.6910748385492897,log,0.107520602040509,0.7343199195291437,9.440928263071945e+22,1.2587904350762593e+23
1.75,1.09,catalog,0.31,566.9650939116118,17.3,626.0586132779717,0.0252,catalog,4659116107.097829,25297744.243975375,Selsis,-0.31436853842087153,-0.6402418663031889,GP,0.24567594956343045,0.15339687198799057,6.274345976402241e+23,8.365794635202988e+23
1.75,1.09,catalog,0.31,566.9650939116118,17.3,543.4888339825122,0.0252,catalog,2715964488.9211936,62639266.224067174,Jackson,-0.4805260157130008,-0.6658609039595588,log,0.31981407122578775,0.7445344300502625,1.807724484141033e+23,2.410299312188044e+23
1.75,1.09,catalog,0.31,566.9650939116118,17.3,494.85023336695053,0.0252,catalog,2967422600.9249372,39430850.15343292,Jackson,-0.458382189944338,-0.6637445663532168,linear,0.23194101852033225,0.01602751162906335,1.4522585001085456e+23,1.936344666811394e+23
1.75,1.09,catalog,0.31,566.9650939116118,17.3,637.9056733317809,0.0252,catalog,2339118217.965695,2303959.903533302,Jackson,-0.419034450463758,-0.6350385201029966,log,0.3002320903267229,0.21172122762719947,2.3116317300934955e+23,3.0821756401246605e+23
1.75,1.09,catalog,0.31,566.9650939116118,17.3,972.2224660818841,0.0252,catalog,1595347196.135462,7116715.977260445,Jackson,-0.40463507950654104,-0.7278915302560692,GP,0.07474535239974622,0.6141112401910089,4.404396708648973e+22,5.872528944865296e+22
1.75,1.09,catalog,0.31,566.9650939116118,17.3,577.5648910937023,0.0252,catalog,2565441012.868709,34258383.344391845,Jackson,-0.3161589978106986,-0.6096049367528429,linear,0.23988516477660815,0.3363775796518702,2.8105890543754573e+23,3.74745207250061e+23
1.75,1.09,catalog,0.31,566.9650939116118,17.3,326.9895393504109,0.0252,catalog,4437583326.464203,26410074.051417,Jackson,-0.2840985232144071,-0.6969193797411019,log,0.12571624722107574,0.15545816914996147,2.0038061195901246e+23,2.6717414927868328e+23
1.75,1.09,catalog,0.31,566.9650939116118,17.3,299.7755126983927,0.0252,catalog,8537288059.283319,12342226.894292975,Selsis,-0.32246511307098896,-0.7512785213165902,log,0.0894042403509696,0.19245495236732857,2.3140481260926692e+23,3.085397501456892e+23
1.75,1.09,catalog,0.31,566.9650939116118,17.3,2436.4542107541947,0.0252,catalog,1690659735.0996747,99661403.03708,Selsis,-0.4782370518381517,-0.789484789584601,linear,0.28884561867682873,0.7791110530387264,2.302241587041354e+23,3.0696554493884715e+23
1.75,1.09,catalog,0.31,566.9650939116118,17.3,436.3315063710633,0.0252,catalog,3346229033.7619276,7956615.929289647,Jackson,-0.3798328227999963,-0.6272887864103445,GP,0.13004222154821796,0.9384806874663971,1.2387882333665818e+23,1.6517176444887755e+23
1.75,1.09,catalog,0.31,566.9650939116118,17.3,235.648290132197,0.0252,catalog,6188570480.702079,55220524.857164964,Jackson,-0.3420100023545281,-0.7125219130447412,log,0.23060630262002543,0.6978237692037896,2.44626079858045e+23,3.2616810647739334e+23
1.75,1.09,catalog,0.31,566.9650939116118,17.3,822.0215911578983,0.0252,catalog,3760893607.0237064,41239434.062900834,Selsis,-0.37777513182914496,-0.6987644805865704,linear,0.1112460304660928,0.15153057483943755,1.7167472682449858e+23,2.288996357659981e+23
1.75,1.09,catalog,0.31,566.9650939116118,17.3,518.8217376352102,0.0252,catalog,2837481883.454946,90465653.74665675,Jackson,-0.40240085093999756,-0.7606408227724745,linear,0.2674135920543978,0.21680000529521382,1.5575663678036003e+23,2.076755157071467e+23
1.75,1.09,catalog,0.31,566.9650939116118,17.3,224.4755519335986,0.0252,catalog,6509180879.096732,69564521.50861168,Jackson,-0.40638983814712754,-0.6857686168439968,log,0.18112860906043898,0.574495431443439,1.4739214256767024e+23,1.9652285675689363e+23
1.75,1.09,catalog,0.31,566.9650939116118,17.3,2511.916513119022,0.0252,catalog,1654620532.2963045,12505152.690557893,Selsis,-0.3624044601335007,-0.720130127616777,linear,0.12311573282270911,0.47938964625639235,1.515584506782474e+23,2.0207793423766316e+23
1.75,1.09,catalog,0.31,566.9650939116118,17.3,2617.654026975334,0.0252,catalog,678982485.3880347,86919559.00193746,Jackson,-0.3603452144459087,-0.7348676956119102,GP,0.06045124283589961,0.49469925204758114,2.1509032978492737e+22,2.8678710637990316e+22
1.75,1.09,catalog,0.31,566.9650939116118,17.3,336.4574209837479,0.0252,catalog,4313537283.082281,38063875.41680433,Jackson,-0.43244108779712725,-0.6562897291652691,GP,0.2425766389070725,0.4763309505021013,1.8250880896262977e+23,2.4334507861683968e+23
1.75,1.09,catalog,0.31,566.9650939116118,17.3,473.32122150262103,0.0252,catalog,3095609823.1684175,5374167.156457988,Jackson,-0.408381175410477,-0.7161887161096591,log,0.17131712386026932,0.35512579942371647,1.2392759685299807e+23,1.652367958039974e+23
1.75,1.09,catalog,0.31,566.9650939116118,17.3,313.83686421996106,0.0252,catalog,4623041852.097921,54326472.59930175,Jackson,-0.4663626111446713,-0.6719804241159171,linear,0.2290900508075057,0.0888444083305513,1.5440825908142764e+23,2.0587767877523684e+23
1.75,1.09,catalog,0.31,566.9650939116118,17.3,2775.416235173011,0.0252,catalog,1542432406.0077899,37501353.71007512,Selsis,-0.3056062476237052,-0.7089496719790422,GP,0.417786999441222,0.500412456178817,6.655921522047142e+23,8.87456202939619e+23
1.75,1.09,catalog,0.31,566.9650939116118,17.3,369.5800343144991,0.0252,catalog,3931952778.180415,33075672.644019455,Jackson,-0.3087556778534845,-0.6372598300971328,log,0.08766536324720535,0.9270167637530937,1.17508115937582e+23,1.56677487916776e+23
1.75,1.09,catalog,0.31,566.9650939116118,17.3,362.83600129476457,0.0252,catalog,4003729526.8601427,72176108.11833209,Jackson,-0.35480811078338553,-0.6779395362935473,linear,0.3049765131616965,0.6265019521915455,2.72122115408079e+23,3.62829487210772e+23
1.75,1.09,catalog,0.31,566.9650939116118,17.3,185.03838842560813,0.0252,catalog,7983983999.558989,31940468.84711684,Jackson,-0.2855602072258781,-0.7123184596003163,log,0.193424277783682,0.6037043689982439,3.45699733837957e+23,4.609329784506093e+23
1.75,1.09,catalog,0.31,566.9650939116118,17.3,190.89917015526868,0.0252,catalog,7722238746.642651,49389107.29757817,Jackson,-0.3927619626364789,-0.7418163777197877,linear,0.20928321156609714,0.8068268187615628,1.7616054955657327e+23,2.3488073274209768e+23
1.75,1.09,catalog,0.31,566.9650939116118,17.3,150.72011857862915,0.0252,catalog,9979847095.067095,81584432.91279058,Jackson,-0.3065741923583961,-0.7126598437074015,GP,0.13847910566953575,0.821098454724041,2.0745452078384777e+23,2.76606027711797e+23
1.75,1.09,catalog,0.31,566.9650939116118,17.3,226.07807587593246,0.0252,catalog,6461078509.61171,56186298.609360814,Jackson,-0.3362551818342561,-0.6013534430498657,log,0.23091985969185347,0.2931431274869435,3.2540932792901865e+23,4.3387910390535815e+23
1.75,1.09,catalog,0.31,566.9650939116118,17.3,564.4000470574589,0.0252,catalog,5061547620.508496,79893565.00835261,Selsis,-0.4609556921644504,-0.7318529899863446,linear,0.12400282561810771,0.7985173619576179,1.5557187362773155e+23,2.074291648369754e+23
1.75,1.09,catalog,0.31,566.9650939116118,17.3,392.73546274907596,0.0252,catalog,3705070040.6313066,77305118.17095894,Jackson,-0.30922170645738994,-0.7950105201009884,GP,0.1774261154675478,0.8390192742609343,1.9241545055311542e+23,2.5655393407082053e+23
1.75,1.09,catalog,0.31,566.9650939116118,17.3,317.3112013666049,0.0252,catalog,4572472384.398638,63114299.96188383,Jackson,-0.4629368961617004,-0.7962013194224211,GP,0.08482362534216178,0.4668816209303768,4.828693807587548e+22,6.43825841011673e+22
1.75,1.09,catalog,0.31,566.9650939116118,17.3,414.4801631335392,0.0252,catalog,3515993337.285678,66602930.09993373,Jackson,-0.36328441750959817,-0.6741041148311319,log,0.10924923613025193,0.5519411075222259,9.077475217584649e+22,1.2103300290112865e+23
1.75,1.09,catalog,0.31,566.9650939116118,17.3,849.1977931924862,0.0252,catalog,1801203255.8423998,96939843.99903053,Jackson,-0.4619567772287207,-0.7941378362161671,log,0.17615043424242968,0.6905983284877971,7.386995867096463e+22,9.849327822795283e+22
1.75,1.09,catalog,0.31,566.9650939116118,17.3,176.15100171414798,0.0252,catalog,8417892597.773608,98592166.22317412,Jackson,-0.29020530636859476,-0.7906453098539936,linear,0.12213756058133711,0.7706059260269774,1.8977841450585496e+23,2.530378860078066e+23
1.75,1.09,catalog,0.31,566.9650939116118,17.3,748.3814108214036,0.0252,catalog,2020041843.32155,88580062.94796585,Jackson,-0.35417440489610047,-0.6651864573107947,log,0.1788053662142953,0.17228452712440534,1.2599633270686994e+23,1.6799511027582657e+23
1.75,1.09,catalog,0.31,566.9650939116118,17.3,427.16322773042265,0.0252,catalog,3415267293.0423155,98922317.46294972,Jackson,-0.4718634569200535,-0.6734992635971717,log,0.062044691723895054,0.7707411344705443,3.5826626055867296e+22,4.776883474115639e+22
1.75,1.09,catalog,0.31,566.9650939116118,17.3,747.836640337528,0.0252,catalog,2021383877.4108589,39076434.41698762,Jackson,-0.47596361027126804,-0.6550509516628871,GP,0.15943689059990315,0.06101966161602046,8.768207381719144e+22,1.1690943175625524e+23
1.75,1.09,catalog,0.31,566.9650939116118,17.3,2024.032593276558,0.0252,catalog,1930313369.4915786,20131594.89715235,Selsis,-0.4580128292335242,-0.615155376960659,log,0.15176969301714477,0.7940423558183177,1.7867679228441083e+23,2.382357230458811e+23
1.75,1.09,catalog,0.31,566.9650939116118,17.3,404.85601549836366,0.0252,catalog,3597074604.75753,29946407.74828302,Jackson,-0.38034909878290407,-0.704523071714514,GP,0.13973589092609134,0.1533565074868729,1.0957417335358822e+23,1.460988978047843e+23
1.75,1.09,catalog,0.31,566.9650939116118,17.3,689.5661343672671,0.0252,catalog,2177163163.346248,9187240.91059785,Jackson,-0.4888518105071606,-0.6214097258016289,GP,0.18842567966053406,0.3532978403185876,1.2653250890979322e+23,1.6871001187972428e+23
1.75,1.09,catalog,0.31,566.9650939116118,17.3,194.5024670666109,0.0252,catalog,7569941755.734389,43200615.487792134,Jackson,-0.2941280785681072,-0.6831898615000649,log,0.2823564656354867,0.7431253863113794,4.682546582422387e+23,6.24339544322985e+23
1.75,1.09,catalog,0.31,566.9650939116118,17.3,326.3656633987399,0.0252,catalog,4446023841.988471,9860139.844036086,Jackson,-0.4558499530756893,-0.624051292997181,linear,0.49241147147055625,0.37357453415546404,4.2399127706441644e+23,5.6532170275255525e+23
1.75,1.09,catalog,0.31,566.9650939116118,17.3,292.1286734720751,0.0252,catalog,4967966935.24017,64136807.89863735,Jackson,-0.3906524133704638,-0.6020789250390705,linear,0.11748018960364046,0.05714850437568253,1.2058788284238207e+23,1.6078384378984273e+23
1.75,1.09,catalog,0.31,566.9650939116118,17.3,237.74831079482362,0.0252,catalog,6131951227.792414,20561287.138623763,Jackson,-0.3451197971064146,-0.7537320906599416,log,0.4468062528761172,0.08270644509918812,4.733599412415724e+23,6.311465883220965e+23
1.75,1.09,catalog,0.31,566.9650939116118,17.3,688.4913016024685,0.0252,catalog,4320984337.868181,98975524.94039127,Selsis,-0.33533786526085135,-0.6547174472578142,linear,0.4609574416287498,0.44958602857767416,9.251522533191449e+23,1.2335363377588597e+24
1.75,1.09,catalog,0.31,566.9650939116118,17.3,2423.767948193544,0.0252,catalog,1696912406.3698754,74246627.86237746,Selsis,-0.389681821396347,-0.6236457622110168,linear,0.05311801066232843,0.5984463780563396,6.0617784496387625e+22,8.082371266185016e+22
1.75,1.09,catalog,0.31,566.9650939116118,17.3,382.24995469717084,0.0252,catalog,6955158249.125295,37483622.62124317,Selsis,-0.47553869908880825,-0.7944266666474904,GP,0.3391527463147027,0.36756615486693656,4.430588444482239e+23,5.907451259309652e+23
1.75,1.09,catalog,0.31,566.9650939116118,17.3,277.4750510701003,0.0252,catalog,9123521722.204092,76598272.32741053,Selsis,-0.4588441130591324,-0.7972984723528873,linear,0.11124080982484734,0.8218301798383297,1.514517601809373e+23,2.019356802412497e+23
1.75,1.09,catalog,0.31,566.9650939116118,17.3,643.0139881796277,0.0252,catalog,2321939001.892831,42489215.138892375,Jackson,-0.30606895923688116,-0.7574715937615292,linear,0.13602795144759583,0.7750794023541546,1.3879373298178395e+23,1.850583106423786e+23
1.75,1.09,catalog,0.31,566.9650939116118,17.3,1129.7672693483664,0.0252,catalog,2956955843.1756682,17654836.478145152,Selsis,-0.491770336091595,-0.7672128445709941,linear,0.08801828694577848,0.3323592418674369,9.66083548477381e+22,1.2881113979698412e+23
1.75,1.09,catalog,0.31,566.9650939116118,17.3,1086.2616534057743,0.0252,catalog,3044605081.853933,17890730.917373862,Selsis,-0.41062761769493744,-0.709377729052342,GP,0.46507869258545464,0.5843357940360849,6.150952038158071e+23,8.201269384210761e+23
1.75,1.09,catalog,0.31,566.9650939116118,17.3,837.9091592761407,0.0252,catalog,1823105223.1438358,39273039.93979646,Jackson,-0.4043592009717198,-0.6196314555461143,GP,0.14227893201835468,0.6238170858030356,9.50747386403104e+22,1.2676631818708051e+23
1.75,1.09,catalog,0.31,566.9650939116118,17.3,3391.0446383670833,0.0252,catalog,1341111592.525238,51603233.190137535,Selsis,-0.2874146777126908,-0.6217673920750298,log,0.3522083103913739,0.4344270693839477,6.179730196112482e+23,8.239640261483309e+23
1.75,1.09,catalog,0.31,566.9650939116118,17.3,2238.110639849123,0.0252,catalog,1795891117.5915408,90314583.28147691,Selsis,-0.3223398425470053,-0.7772355794153001,GP,0.08652350385769966,0.027405460018870453,1.2276242384059114e+23,1.6368323178745483e+23
1.75,1.09,catalog,0.31,566.9650939116118,17.3,1435.380875426036,0.0252,catalog,2478997309.924817,36005829.94235589,Selsis,-0.3399809958925799,-0.6274777668621612,log,0.11358044868846763,0.7348153073951539,1.9967401321898747e+23,2.662320176253166e+23
1.75,1.09,catalog,0.31,566.9650939116118,17.3,1540.9502357636682,0.0252,catalog,2353111434.669321,81298611.33884537,Selsis,-0.39336198663263927,-0.7690486693729952,log,0.16803558425449158,0.6564390781578648,1.9149060296648096e+23,2.5532080395530795e+23
1.75,1.09,catalog,0.31,566.9650939116118,17.3,335.81201571323345,0.0252,catalog,4321759282.729348,12844104.98279374,Jackson,-0.3512247719466849,-0.730223444765965,GP,0.34325162019326655,0.24060512202025663,3.336509263192712e+23,4.448679017590283e+23
1.75,1.09,catalog,0.31,566.9650939116118,17.3,651.9358320664301,0.0252,catalog,4511569949.571754,77507502.35858266,Selsis,-0.44553713478067736,-0.6778308988524081,linear,0.24691771115569613,0.527489504965334,3.299539570127831e+23,4.3993860935037744e+23
1.75,1.09,catalog,0.31,566.9650939116118,17.3,304.00905251359615,0.0252,catalog,4772723921.698524,39792679.96234787,Jackson,-0.4492387812014505,-0.7440242280376734,log,0.24636954403456574,0.7213551944015938,1.569501833723321e+23,2.092669111631095e+23
1.75,1.09,catalog,0.31,566.9650939116118,17.3,150.49643317161843,0.0252,catalog,9996236031.622393,31637606.72646439,Jackson,-0.3483819914740131,-0.7429282751026757,linear,0.0756542180544521,0.8769863732598289,8.690701744893113e+22,1.1587602326524151e+23
1.75,1.09,catalog,0.31,566.9650939116118,17.3,624.8366113834935,0.0252,catalog,4666368445.142938,53165318.547653794,Selsis,-0.4179977435495648,-0.7418394580251707,linear,0.10317100128615408,0.8230031220957278,1.4095354580011303e+23,1.8793806106681737e+23
1.75,1.09,catalog,0.31,566.9650939116118,17.3,992.4835328801712,0.0252,catalog,3257174906.549358,78496877.90191323,Selsis,-0.38802553807185786,-0.7102461829156872,GP,0.12596998117134386,0.6419681088400466,1.7079957542727722e+23,2.2773276723636962e+23
1.75,1.09,catalog,0.31,566.9650939116118,17.3,1435.0035702683585,0.0252,catalog,2479473247.180173,48866287.34999468,Selsis,-0.4390354564381409,-0.7908141866068058,GP,0.25002508175790833,0.013459431650620579,2.643219587018205e+23,3.5242927826909396e+23
1.75,1.09,catalog,0.31,566.9650939116118,17.3,2270.6739118110863,0.0252,catalog,765006723.662584,43133050.57014549,Jackson,-0.46959084361032954,-0.6776513394688656,log,0.3005088289355786,0.7822606444659734,1.0156598640017055e+23,1.354213152002274e+23
1.75,1.09,catalog,0.31,566.9650939116118,17.3,542.2488231403579,0.0252,catalog,2721804524.849827,79628377.41179478,Jackson,-0.4023319073894107,-0.7246252174095958,linear,0.160682747425403,0.1497628129782016,9.628249023427245e+22,1.2837665364569659e+23
1.75,1.09,catalog,0.31,566.9650939116118,17.3,787.1755225717689,0.0252,catalog,3889906437.130386,78242805.65382239,Selsis,-0.28234431884224115,-0.6765363081823634,GP,0.1899813804225531,0.8018001533017838,5.415544454840661e+23,7.220725939787548e+23
1.75,1.09,catalog,0.31,566.9650939116118,17.3,687.0587312855001,0.0252,catalog,2184459678.7392173,59924036.68202114,Jackson,-0.47806394578862965,-0.771460111618456,GP,0.05444500868822419,0.6450580670883218,2.5370125199731774e+22,3.3826833599642363e+22
1.75,1.09,catalog,0.31,566.9650939116118,17.3,181.84277467831677,0.0252,catalog,8134587325.602249,53542985.26726744,Jackson,-0.387712110480241,-0.6555111879029618,linear,0.33331116009174955,0.9612178265921347,3.373488189361355e+23,4.497984252481807e+23
1.75,1.09,catalog,0.31,566.9650939116118,17.3,865.3142763789355,0.0252,catalog,3614119249.3645244,17377755.157424472,Selsis,-0.4355387375892445,-0.7039863027019984,log,0.449027458804557,0.5215327631894341,5.9277251172597524e+23,7.90363348967967e+23
1.75,1.09,catalog,0.31,566.9650939116118,17.3,450.12765474213194,0.0252,catalog,6077765995.804523,53543279.80221107,Selsis,-0.40887719831723224,-0.7789698417333533,linear,0.24304187684070147,0.4578088691470831,3.5565888159677225e+23,4.742118421290297e+23
1.75,1.09,catalog,0.31,566.9650939116118,17.3,262.6947103156945,0.0252,catalog,5533745675.447477,10216496.36876783,Jackson,-0.37113309748253986,-0.6675493704298041,log,0.1033977142882013,0.3130501867577353,1.0587651763531903e+23,1.4116869018042537e+23
1.75,1.09,catalog,0.31,566.9650939116118,17.3,334.44798246215913,0.0252,catalog,4339246042.676299,90082044.76535875,Jackson,-0.41260840421548045,-0.6743881649787562,linear,0.1412364991991193,0.2178211643837269,1.0054709579801202e+23,1.3406279439734936e+23
1.75,1.09,catalog,0.31,566.9650939116118,17.3,626.2495219427991,0.0252,catalog,2379373723.898264,38361349.71716116,Jackson,-0.46837229433029726,-0.6380079588694063,GP,0.35836214813381306,0.056829005704083224,2.2091349851235106e+23,2.945513313498014e+23
1.75,1.09,catalog,0.31,566.9650939116118,17.3,2254.3723249554905,0.0252,catalog,1786611012.0656059,48731448.72560844,Selsis,-0.4226635617982136,-0.6191181275637259,linear,0.09897106909215651,0.9604978867491405,1.1167159542009012e+23,1.4889546056012014e+23
1.75,1.09,catalog,0.31,566.9650939116118,17.3,513.6623524270342,0.0252,catalog,5459509126.390172,39581189.52560823,Selsis,-0.38013489144291135,-0.6743271448369851,log,0.1539132495734188,0.09130862257275385,2.6953460765756497e+23,3.593794768767533e+23
1.75,1.09,catalog,0.31,566.9650939116118,17.3,2738.5456129833647,0.0252,catalog,1556984706.428813,72998224.37855588,Selsis,-0.33726574021927147,-0.7168093856943972,GP,0.07898193273635754,0.18131563193038924,9.691488301288452e+22,1.2921984401717936e+23
1.75,1.09,catalog,0.31,566.9650939116118,17.3,467.4242213427855,0.0252,catalog,3132834374.862251,45023901.13550637,Jackson,-0.4578952552831929,-0.644923363617494,log,0.08103638597554665,0.9535886954132142,5.37669095352985e+22,7.1689212713731325e+22
1.75,1.09,catalog,0.31,566.9650939116118,17.3,675.1301374712355,0.0252,catalog,4388393347.614395,82736151.37464227,Selsis,-0.3802776951591063,-0.6482014898450434,GP,0.050671451729550954,0.6701479066869698,8.417717654683564e+22,1.1223623539578084e+23
1.75,1.09,catalog,0.31,566.9650939116118,17.3,1549.5434397231325,0.0252,catalog,1059769764.0013113,58357035.997308776,Jackson,-0.30563971432197307,-0.6215149319391737,linear,0.10944052960967698,0.13938437229916767,8.690019037871848e+22,1.1586692050495797e+23
1.75,1.09,catalog,0.31,566.9650939116118,17.3,2553.8178996816505,0.0252,catalog,693144304.1444715,8261551.649859115,Jackson,-0.2836130263786857,-0.6469380321513267,GP,0.3035718909402249,0.6833713936087973,2.6238951105064584e+23,3.498526814008611e+23
1.75,1.09,catalog,0.31,566.9650939116118,17.3,1829.0931360066595,0.0252,catalog,2076817994.8590379,28864369.948425062,Selsis,-0.4317457794774483,-0.678482949364608,GP,0.24344273744706055,0.7302243171904574,2.682392001169422e+23,3.576522668225896e+23
1.75,1.09,catalog,0.31,566.9650939116118,17.3,202.2056048323759,0.0252,catalog,7264348421.003565,90612918.58847263,Jackson,-0.4509201140258039,-0.6860226526662357,GP,0.25087292559257085,0.4847868325996617,1.8276308189755073e+23,2.436841091967343e+23
1.75,1.09,catalog,0.31,566.9650939116118,17.3,936.6426817602751,0.0252,catalog,1649379241.03901,7601268.6521258615,Jackson,-0.3160336463012967,-0.6847221914703586,linear,0.05534796064101051,0.6142317685027419,5.357853400983532e+22,7.143804534644709e+22
1.75,1.09,catalog,0.31,566.9650939116118,17.3,3000.834673186241,0.0252,catalog,1460335274.836918,95942565.4306807,Selsis,-0.28944074012988785,-0.7052615459375632,GP,0.13008722121916774,0.4678026922010443,2.1231393679286228e+23,2.830852490571497e+23
1.75,1.09,catalog,0.31,566.9650939116118,17.3,290.5243883100509,0.0252,catalog,4995649757.067447,84582078.61402732,Jackson,-0.30197874764507804,-0.6619886590556473,GP,0.1578223347497554,0.07990242423983651,2.152535478324207e+23,2.870047304432276e+23
1.75,1.09,catalog,0.31,566.9650939116118,17.3,749.0043145013069,0.0252,catalog,4044036832.870981,79700750.05201432,Selsis,-0.4169403077090726,-0.6264486703673734,log,0.054915488818251874,0.22507569159197027,8.403140759670779e+22,1.1204187679561037e+23
1.75,1.09,catalog,0.31,566.9650939116118,17.3,465.31241600610497,0.0252,catalog,3146400569.014225,83591375.63782993,Jackson,-0.3411052947739765,-0.757663852023737,log,0.2272472863613657,0.5584288499506359,1.870130127054156e+23,2.4935068360722077e+23
1.75,1.09,catalog,0.31,566.9650939116118,17.3,281.3546323996778,0.0252,catalog,5160391979.041207,66121541.050393544,Jackson,-0.4425428719280879,-0.6759719381799493,GP,0.1064347670448435,0.1087817762150205,7.548652863749722e+22,1.0064870484999628e+23
1.75,1.09,catalog,0.31,566.9650939116118,17.3,639.5211093887337,0.0252,catalog,2333655676.325346,10854892.53980035,Jackson,-0.37023669139264553,-0.6721785581812497,linear,0.16468398298135184,0.7572977966075214,1.3072524159267354e+23,1.743003221235647e+23
1.75,1.09,catalog,0.31,566.9650939116118,17.3,412.029918577051,0.0252,catalog,3536263013.5534606,53454738.516239636,Jackson,-0.36045715373636744,-0.649022110378479,linear,0.0581122987066559,0.9138559590350382,5.234862182790605e+22,6.979816243720807e+22
1.75,1.09,catalog,0.31,566.9650939116118,17.3,248.89872929088475,0.0252,catalog,5848584606.474345,56214172.77356422,Jackson,-0.33664547116470733,-0.6760289478926254,linear,0.22268649896327086,0.2447350381845702,2.520435478923747e+23,3.360580638564996e+23
1.75,1.09,catalog,0.31,566.9650939116118,17.3,727.3574925103097,0.0252,catalog,4138145614.506863,20470863.47243712,Selsis,-0.2835597980007251,-0.7388913890960302,log,0.17758167419783547,0.2728577975617841,5.2486154642785655e+23,6.99815395237142e+23
1.75,1.09,catalog,0.31,566.9650939116118,17.3,343.927069072103,0.0252,catalog,7598003862.529689,92102863.31671748,Selsis,-0.3343162289149993,-0.7871344082466482,log,0.3426041375015737,0.34958249000938135,7.331572552660649e+23,9.775430070214198e+23
1.75,1.09,catalog,0.31,566.9650939116118,17.3,859.8354423257367,0.0252,catalog,3631934452.7852125,76963672.13719994,Selsis,-0.49971261880231654,-0.7314537060910826,GP,0.09111600907993633,0.708786409202948,1.0033570585069468e+23,1.3378094113425956e+23
1.75,1.09,catalog,0.31,566.9650939116118,17.3,329.20414049213935,0.0252,catalog,4407894077.609701,68963801.03202301,Jackson,-0.40142650499778393,-0.729905434110602,log,0.09634837848674258,0.3177419995077929,6.726921663987736e+22,8.96922888531698e+22
1.75,1.09,catalog,0.31,566.9650939116118,17.3,412.2225021001448,0.0252,catalog,6533340626.411064,49904350.11743311,Selsis,-0.34053307318811454,-0.6813416919757525,GP,0.3928886261281423,0.05180032866078543,8.586848008430629e+23,1.1449130677907505e+24
1.75,1.09,catalog,0.31,566.9650939116118,17.3,1549.1599351252348,0.0252,catalog,2343969679.319025,99048034.23536226,Selsis,-0.3002625542475051,-0.6557386864890602,GP,0.0682472330954345,0.26612834957649834,1.3745978761205963e+23,1.832797168160795e+23
1.75,1.09,catalog,0.31,566.9650939116118,17.3,609.0969781514693,0.0252,catalog,4762233919.687931,20299581.843402375,Selsis,-0.46295128291323384,-0.6247607201124749,linear,0.07421288204979717,0.08881339851954162,1.173011415843257e+23,1.5640152211243426e+23
1.75,1.09,catalog,0.31,566.9650939116118,17.3,489.9681386521571,0.0252,catalog,5672142999.705969,55454758.37118895,Selsis,-0.47883347287269923,-0.7411019679219708,log,0.05701205841512424,0.00845697117554045,7.230002149448352e+22,9.640002865931135e+22
1.75,1.09,catalog,0.31,566.9650939116118,17.3,4525.405171239424,0.0252,catalog,1100092003.0618422,26554389.6102646,Selsis,-0.4166711649017212,-0.6652226300579508,log,0.06697848073060855,0.12405396555353931,5.248336004788942e+22,6.997781339718589e+22
1.75,1.09,catalog,0.31,566.9650939116118,17.3,2419.8366875572133,0.0252,catalog,725161631.4963208,3432965.6052379766,Jackson,-0.35132313139009486,-0.759800554558869,linear,0.18555878378725632,0.28944611881319426,1.0006300365001677e+23,1.3341733820002235e+23
1.75,1.09,catalog,0.31,566.9650939116118,17.3,401.59980610513304,0.0252,catalog,6675865940.292616,2231765.432180682,Selsis,-0.36231837714795206,-0.7969156412599804,linear,0.12960693829312375,0.7187934868372792,2.5364201318371308e+23,3.381893509116174e+23
1.75,1.09,catalog,0.31,566.9650939116118,17.3,246.22972700410597,0.0252,catalog,5913890120.349905,96335869.29371315,Jackson,-0.4486861325347579,-0.660428812510948,log,0.156344665504661,0.7279357056416315,1.149990448109113e+23,1.5333205974788173e+23
1.75,1.09,catalog,0.31,566.9650939116118,17.3,317.26832846136585,0.0252,catalog,4573089268.691245,53703981.04856334,Jackson,-0.41248215967352464,-0.6877043878524971,GP,0.08453388839017328,0.6170203978077287,6.213017175288574e+22,8.284022900384764e+22
1.75,1.09,catalog,0.31,566.9650939116118,17.3,488.9795873484655,0.0252,catalog,3001231334.9048576,78523753.0718205,Jackson,-0.34521268506219677,-0.6193674818893522,linear,0.05521818419949868,0.5064828430248494,5.286328276178102e+22,7.048437701570803e+22
1.75,1.09,catalog,0.31,566.9650939116118,17.3,373.45766059471157,0.0252,catalog,3891910119.6775036,79611504.38706449,Jackson,-0.37159047180829075,-0.6776586608927683,linear,0.08219270618614544,0.05839674663624794,6.635782714607689e+22,8.847710286143585e+22
1.75,1.09,catalog,0.31,566.9650939116118,17.3,1001.1308008892761,0.0252,catalog,3236056632.47341,6302581.150338602,Selsis,-0.3306165951344874,-0.6288694448560387,linear,0.11585811149409712,0.6950982406552783,2.515054601442384e+23,3.353406135256512e+23
1.75,1.09,catalog,0.31,566.9650939116118,17.3,379.54947636803445,0.0252,catalog,3830727743.1195507,81139243.24228655,Jackson,-0.4749313070878589,-0.6011568474587616,linear,0.28643510232898944,0.4193686505779487,2.2510798850521362e+23,3.0014398467361815e+23
1.75,1.09,catalog,0.31,566.9650939116118,17.3,2194.2934018706674,0.0252,catalog,1821503021.8264956,48354012.36167479,Selsis,-0.28302328250122194,-0.7129857605134734,log,0.06559561234862324,0.3047997980058609,1.3666491485006001e+23,1.8221988646674666e+23
1.75,1.09,catalog,0.31,566.9650939116118,17.3,616.5032006510054,0.0252,catalog,2414210298.1467547,42319517.13361497,Jackson,-0.37040686380131316,-0.7259433422351933,log,0.054079113554222166,0.6627585271378231,3.759594080628516e+22,5.012792107504688e+22
1.75,1.09,catalog,0.31,566.9650939116118,17.3,1642.992579447146,0.0252,catalog,1007589014.2649344,88093332.87664364,Jackson,-0.4999314005281746,-0.7827101024575988,log,0.4246588038843278,0.14381844108455344,1.3464405489151886e+23,1.7952540652202514e+23
1.75,1.09,catalog,0.31,566.9650939116118,17.3,1603.3350956511708,0.0252,catalog,2285759227.38517,88065976.51836528,Selsis,-0.34234200743599064,-0.622622366021714,log,0.089429610856056,0.7667330200018867,1.4330593941706193e+23,1.910745858894159e+23
1.75,1.09,catalog,0.31,566.9650939116118,17.3,694.6354044783612,0.0252,catalog,4290804505.289082,77422464.35693118,Selsis,-0.48781881266427835,-0.6077945005619781,GP,0.2505515706809083,0.6413359086071594,3.752792292565859e+23,5.0037230567544786e+23
1.75,1.09,catalog,0.31,566.9650939116118,17.3,791.5213283257024,0.0252,catalog,1919613632.7989306,48566038.72057534,Jackson,-0.4562028782863369,-0.600172603905162,linear,0.14100521841925343,0.2731999262599186,9.177122741746013e+22,1.2236163655661351e+23
1.75,1.09,catalog,0.31,566.9650939116118,17.3,602.856435617834,0.0252,catalog,4801551631.64538,38318554.64547541,Selsis,-0.35872971794312847,-0.733289253680199,linear,0.12340109984230165,0.3091530902341646,2.1787358119046492e+23,2.904981082539532e+23
1.75,1.09,catalog,0.31,566.9650939116118,17.3,392.7471028612155,0.0252,catalog,3704962997.1866803,15068203.839971125,Jackson,-0.42959170156349347,-0.709113801556099,GP,0.15470631346031005,0.46131072293719255,1.0677702470892414e+23,1.4236936627856551e+23
1.75,1.09,catalog,0.31,566.9650939116118,17.3,233.0318877253423,0.0252,catalog,6260660418.879301,97290728.8886488,Jackson,-0.31143621038292324,-0.764644798804067,linear,0.06065928148289785,0.7876996295401792,7.3953148335661e+22,9.860419778088133e+22
1.75,1.09,catalog,0.31,566.9650939116118,17.3,1533.3118997569316,0.0252,catalog,2361695991.470174,1107945.5463618175,Selsis,-0.30459744009470924,-0.6930888269518937,log,0.45358277067097486,0.26858236160430127,1.0120218522381335e+24,1.3493624696508445e+24
1.75,1.09,catalog,0.31,566.9650939116118,17.3,342.4617094642893,0.0252,catalog,7625364798.828166,80270441.49081357,Selsis,-0.34784170499008465,-0.75893335512033,GP,0.13182356077515736,0.44010945486601183,2.638811976954414e+23,3.518415969272552e+23
1.75,1.09,catalog,0.31,566.9650939116118,17.3,734.5765519796586,0.0252,catalog,4106184386.523303,33596108.061862774,Selsis,-0.2999580967686444,-0.7777345161876441,log,0.13666366601004246,0.4847166198894174,3.3962013929863995e+23,4.5282685239818656e+23
1.75,1.09,catalog,0.31,566.9650939116118,17.3,4963.731290079247,0.0252,catalog,279895011.5354665,11948738.831196353,Selsis,-0.48974279595792536,-0.7821158520717415,linear,0.05366178195066349,0.7166860306979729,1.176081254359321e+22,1.5681083391457611e+22
1.75,1.09,catalog,0.31,566.9650939116118,17.3,501.74216796978584,0.0252,catalog,2928764619.099773,5382033.187479694,Jackson,-0.40961077140687624,-0.7685277672192768,GP,0.4203008273645997,0.2384254019466575,2.867772619248374e+23,3.8236968256644984e+23
1.75,1.09,catalog,0.31,566.9650939116118,17.3,406.2182675173669,0.0252,catalog,3585355479.272568,14678811.95778434,Jackson,-0.3931746418664211,-0.7078894555794591,linear,0.25379287308977727,0.9827233805267102,1.9531708532995756e+23,2.604227804399434e+23
1.75,1.09,catalog,0.31,566.9650939116118,17.3,374.02552304203687,0.0252,catalog,3886118867.6859903,10572646.124055684,Jackson,-0.4263934604234704,-0.738392185639344,GP,0.052727387300265015,0.0627459083776889,3.6512157811503176e+22,4.868287708200423e+22
1.75,1.09,catalog,0.31,566.9650939116118,17.3,2697.860572017034,0.0252,catalog,1573447426.8211224,64448618.91284078,Selsis,-0.4350550666215003,-0.6852507136257718,GP,0.19907539350604653,0.18592498454949524,1.7838991255059465e+23,2.3785321673412618e+23
1.75,1.09,catalog,0.31,566.9650939116118,17.3,4541.378832154236,0.0252,catalog,1097427395.9785304,78726266.48507562,Selsis,-0.4402990872155213,-0.702471251023083,GP,0.20085526951226895,0.3973163342995206,1.3105078118011395e+23,1.747343749068186e+23
1.75,1.09,catalog,0.31,566.9650939116118,17.3,430.21464781654333,0.0252,catalog,3391952647.685362,7291519.633682024,Jackson,-0.3694596059626908,-0.6886147139197389,linear,0.15890419607687126,0.4741654608505218,1.4042354386841788e+23,1.8723139182455716e+23
1.75,1.09,catalog,0.31,566.9650939116118,17.3,2370.1312778059946,0.0252,catalog,1723999700.3259554,41374359.47541055,Selsis,-0.39770925974779037,-0.7205874203666285,GP,0.12409787633726126,0.2927625140656446,1.285281955755129e+23,1.7137092743401718e+23
1.75,1.09,catalog,0.31,566.9650939116118,17.3,1854.1048412576406,0.0252,catalog,2056487181.045727,12610241.786606478,Selsis,-0.3235739949144151,-0.7902562658068757,linear,0.09916928669633034,0.5579015077723645,1.6604671078927268e+23,2.213956143856969e+23
1.75,1.09,catalog,0.31,566.9650939116118,17.3,283.3689309833151,0.0252,catalog,8959702515.39307,25873578.662206598,Selsis,-0.3967625777536292,-0.72989472355447,GP,0.23892088338793163,0.6533552676265619,4.180947586955262e+23,5.5745967826070156e+23
1.75,1.09,catalog,0.31,566.9650939116118,17.3,422.5170386032139,0.0252,catalog,3451434832.0732975,62317984.21569339,Jackson,-0.4657120341452178,-0.6835402279945363,linear,0.2570953088511091,0.2575016663044247,1.53826042738406e+23,2.0510139031787464e+23
1.75,1.09,catalog,0.31,566.9650939116118,17.3,784.321429099604,0.0252,catalog,3900946103.2020288,79825768.49031188,Selsis,-0.33484507077424785,-0.7238384996395038,linear,0.05233656849788597,0.16733462271812072,9.686917823001977e+22,1.2915890430669302e+23
1.75,1.09,catalog,0.31,566.9650939116118,17.3,694.7176325992106,0.0252,catalog,4290403999.3110976,12970640.12260145,Selsis,-0.48511255001061965,-0.7699479967981778,log,0.3147298351095222,0.8585490110599787,3.864859092091218e+23,5.153145456121624e+23
1.75,1.09,catalog,0.31,566.9650939116118,17.3,369.8629940408956,0.0252,catalog,3929001075.7547708,16133710.523636438,Jackson,-0.39206749648007805,-0.7315295952831357,log,0.19524356304287405,0.09634360059686564,1.5012342375235093e+23,2.0016456500313457e+23
1.75,1.09,catalog,0.31,566.9650939116118,17.3,137.70426150538094,0.0252,catalog,11034751461.549763,2187696.748716028,Jackson,-0.44136820769781904,-0.7720224667884321,log,0.28037789757004417,0.8465776103817034,2.3635319835755546e+23,3.1513759781007394e+23
1.75,1.09,catalog,0.31,566.9650939116118,17.3,809.5178255212201,0.0252,catalog,3805996746.0438557,30373743.16357997,Selsis,-0.36036299525932936,-0.6035980963739696,GP,0.12029284084416844,0.912900506935976,2.410584674125517e+23,3.214112898834022e+23
1.75,1.09,catalog,0.31,566.9650939116118,17.3,1171.2555006330338,0.0252,catalog,2878899480.1797113,86691524.2306684,Selsis,-0.37242020744389215,-0.7041867912940386,log,0.15847569201086856,0.027277087108998566,2.184233420112871e+23,2.9123112268171614e+23
1.75,1.09,catalog,0.31,566.9650939116118,17.3,587.599118728255,0.0252,catalog,2524490683.811972,42752804.37613512,Jackson,-0.4368140464915827,-0.6179611139520268,linear,0.08763061575674737,0.8526917264288433,6.147525578203542e+22,8.196700770938056e+22
1.75,1.09,catalog,0.31,566.9650939116118,17.3,261.8566084870286,0.0252,catalog,5551855435.407226,77152278.29812518,Jackson,-0.33360009968417914,-0.7687857103507938,log,0.28636246722077163,0.4443413183112752,2.9196675250609743e+23,3.892890033414632e+23
1.75,1.09,catalog,0.31,566.9650939116118,17.3,471.0279381097915,0.0252,catalog,3109972440.0481205,27368966.114261027,Jackson,-0.43090382497588675,-0.7161893903033143,GP,0.10613296586488004,0.850682561243378,6.682934678125024e+22,8.910579570833366e+22
1.75,1.09,catalog,0.31,566.9650939116118,17.3,226.54988535983972,0.0252,catalog,6447057352.16046,12752472.24939643,Jackson,-0.34383645949053265,-0.7073016535164283,GP,0.10847937475570446,0.3936459991328122,1.2450094753903838e+23,1.6600126338538448e+23
1.75,1.09,catalog,0.31,566.9650939116118,17.3,724.4642993584571,0.0252,catalog,2080858509.5876791,25847550.27292094,Jackson,-0.4816361885111494,-0.7232827743977507,log,0.22628093912217254,0.33234499285914154,1.1516934948650028e+23,1.5355913264866704e+23
1.75,1.09,catalog,0.31,566.9650939116118,17.3,2266.0081193064975,0.0252,catalog,766333291.9330113,1547887.5027915062,Jackson,-0.3184550030049771,-0.7388809155084973,log,0.20317016088002718,0.3640327383940656,1.4462258381052626e+23,1.9283011174736833e+23
1.75,1.09,catalog,0.31,566.9650939116118,17.3,233.65959399240094,0.0252,catalog,6243205573.436998,92882798.19459423,Jackson,-0.29897001147084296,-0.6747378442031505,GP,0.13555991975624782,0.5824083178348337,1.969966544199413e+23,2.6266220589325503e+23
1.75,1.09,catalog,0.31,566.9650939116118,17.3,3910.160635973231,0.0252,catalog,282207293.1549596,80527404.40976074,Jackson,-0.4953140563596943,-0.6109996867925259,GP,0.2721969876004237,0.8190683234459235,3.3135357600827984e+22,4.418047680110398e+22
1.75,1.09,catalog,0.31,566.9650939116118,17.3,236.53488931124383,0.0252,catalog,6164533806.798924,27885190.039342355,Jackson,-0.29254927808556286,-0.6260279990132752,GP,0.3593941512488406,0.26288451359470977,6.394300969149448e+23,8.525734625532597e+23
1.75,1.09,catalog,0.31,566.9650939116118,17.3,255.13980196462404,0.0252,catalog,5701617581.722371,96788441.8831314,Jackson,-0.43421128635222583,-0.6620546073419378,linear,0.1105592157640697,0.5537349456865066,8.256552315832203e+22,1.1008736421109603e+23
1.75,1.09,catalog,0.31,566.9650939116118,17.3,500.9633502670225,0.0252,catalog,5571084953.23323,96217819.25343135,Selsis,-0.4049225546067612,-0.6794971768510837,GP,0.09382425744278729,0.29471799336180016,1.4412746636876427e+23,1.9216995515835233e+23
1.75,1.09,catalog,0.31,566.9650939116118,17.3,541.2930810390757,0.0252,catalog,2726324324.778193,43203108.16043692,Jackson,-0.3895897886079548,-0.726092260057624,linear,0.11974606623065015,0.45371457892087286,7.940994370553323e+22,1.0587992494071098e+23
1.75,1.09,catalog,0.31,566.9650939116118,17.3,809.3252535337128,0.0252,catalog,3806701525.898403,18538889.269425552,Selsis,-0.32177788938926355,-0.6883036034598041,GP,0.11181706222652132,0.6709574407029704,2.442177209080562e+23,3.256236278774083e+23
1.75,1.09,catalog,0.31,566.9650939116118,17.3,637.0699921284848,0.0252,catalog,4594950585.031073,95906129.32919277,Selsis,-0.4360364322987016,-0.6246269759586001,linear,0.2876577469657774,0.36270580650895246,4.385477270906769e+23,5.847303027875692e+23
1.75,1.09,catalog,0.31,566.9650939116118,17.3,858.5463460133521,0.0252,catalog,1783497626.0612795,69875006.62811689,Jackson,-0.3788716621015195,-0.6168741550956715,GP,0.1457612617896612,0.7013214940331332,9.992145744613282e+22,1.3322860992817709e+23
1.75,1.09,catalog,0.31,566.9650939116118,17.3,464.2814814662598,0.0252,catalog,5926027922.167967,15688537.282617686,Selsis,-0.4636185616213198,-0.7007941036988479,log,0.06443256835203943,0.6453665193444718,9.209688075227026e+22,1.2279584100302701e+23
1.75,1.09,catalog,0.31,566.9650939116118,17.3,782.3654730765691,0.0252,catalog,3908555136.1432652,88442149.03908361,Selsis,-0.3386550668487376,-0.6604836596531394,GP,0.06625538223698116,0.09862851543440176,1.2606383917114014e+23,1.680851188948535e+23
1.75,1.09,catalog,0.31,566.9650939116118,17.3,487.0965124122945,0.0252,catalog,3012252558.2194905,48456219.49045455,Jackson,-0.35241331802473813,-0.6868812398099082,log,0.07033091104724241,0.21959238112376112,5.926888089433446e+22,7.902517452577928e+22
1.75,1.09,catalog,0.31,566.9650939116118,17.3,3045.807560512339,0.0252,catalog,1445236736.7791607,36598254.48366286,Selsis,-0.3924473682684442,-0.7995954765942301,linear,0.09903718521798986,0.5221527155602549,9.238769094007694e+22,1.2318358792010258e+23
1.75,1.09,catalog,0.31,566.9650939116118,17.3,2660.411831055798,0.0252,catalog,1588991178.8804977,21657081.266134076,Selsis,-0.2859162355416313,-0.6685664945337854,GP,0.2062864713833368,0.11766523949553787,4.144101470232506e+23,5.525468626976675e+23
1.75,1.09,catalog,0.31,566.9650939116118,17.3,1781.1315238208888,0.0252,catalog,2117228047.606769,30667707.81300505,Selsis,-0.4193988331725291,-0.7771734247850098,GP,0.11605335341038243,0.8511516922549877,1.2386085034338019e+23,1.6514780045784023e+23
1.75,1.09,catalog,0.31,566.9650939116118,17.3,123.82625543401215,0.0252,catalog,12442622905.997957,27491039.184979793,Jackson,-0.4889844397707659,-0.7729336647894445,linear,0.12911069140076484,0.7755953552008062,9.224267284843208e+22,1.229902304645761e+23
1.75,1.09,catalog,0.31,566.9650939116118,17.3,431.38265394717837,0.0252,catalog,3383118459.8888035,41342934.75668112,Jackson,-0.30517747547346896,-0.7166528572361759,linear,0.2006215312364695,0.7194109256822159,2.374138140849557e+23,3.1655175211327425e+23
1.75,1.09,catalog,0.31,566.9650939116118,17.3,323.28610691679023,0.0252,catalog,4488191539.887956,98579463.28108862,Jackson,-0.37239080367078037,-0.6372676079625162,linear,0.23979729861186108,0.1258503635586763,2.166714070446093e+23,2.888952093928124e+23
1.75,1.09,catalog,0.31,566.9650939116118,17.3,606.5505757311867,0.0252,catalog,4778184807.322438,13334696.685704233,Selsis,-0.30174828184623553,-0.7310259938297834,log,0.16973994663430383,0.06728322406593312,4.531262666299992e+23,6.041683555066656e+23
1.75,1.09,catalog,0.31,566.9650939116118,17.3,701.9055439773978,0.0252,catalog,4255734469.9694877,95046449.61722752,Selsis,-0.3044774782583574,-0.6720840445328444,log,0.3858540207147457,0.8889309435232347,9.343311080115442e+23,1.245774810682059e+24
1.75,1.09,catalog,0.31,566.9650939116118,17.3,862.3276826250149,0.0252,catalog,3623804527.559892,15499618.740893204,Selsis,-0.3235160753766896,-0.7672378487425855,GP,0.10340071478998124,0.30882835168141454,2.127548497773294e+23,2.8367313303643918e+23
1.75,1.09,catalog,0.31,566.9650939116118,17.3,460.596131124059,0.0252,catalog,5964675706.041473,49664049.730619,Selsis,-0.4829772274143469,-0.607429769238377,GP,0.11872845893478846,0.2766443982946786,2.0178195525200368e+23,2.6904260700267155e+23
1.75,1.09,catalog,0.31,566.9650939116118,17.3,231.13566760722614,0.0252,catalog,6314014151.921264,1397222.2601841372,Jackson,-0.31633198670151025,-0.781838085873794,GP,0.17394350917393592,0.33527796182213476,2.435170381836261e+23,3.2468938424483474e+23
1.75,1.09,catalog,0.31,566.9650939116118,17.3,306.3947912700937,0.0252,catalog,4735452441.638523,11738246.454490498,Jackson,-0.28016303371584067,-0.7594666352834247,log,0.0822747604838411,0.5947254789329485,1.3905306979866239e+23,1.8540409306488317e+23
1.75,1.09,catalog,0.31,566.9650939116118,17.3,631.4671030000244,0.0252,catalog,2361169433.6783123,2157892.971249809,Jackson,-0.3606400976200351,-0.7047562409756235,log,0.18991853714003676,0.7680757083145618,1.6126506049853937e+23,2.1502008066471917e+23
1.75,1.09,catalog,0.31,566.9650939116118,17.3,283.11344347450574,0.0252,catalog,5127910749.576592,9438504.367201906,Jackson,-0.2804547781260037,-0.6004329914972388,log,0.08180036385171206,0.2642354188510958,1.6798007659212738e+23,2.2397343545616982e+23
1.75,1.09,catalog,0.31,566.9650939116118,17.3,649.3994699953341,0.0252,catalog,4525541538.386065,80713975.1412277,Selsis,-0.38032600945185496,-0.7864418298706862,log,0.07655919311884098,0.44347341414571984,1.1336161278126936e+23,1.5114881704169246e+23
1.75,1.09,catalog,0.31,566.9650939116118,17.3,1882.4038807644597,0.0252,catalog,2034067091.6223865,33221322.80005661,Selsis,-0.4910265628802508,-0.7175732156615562,log,0.0546819764511803,0.3624644172161674,5.255740316687037e+22,7.0076537555827156e+22
1.75,1.09,catalog,0.31,566.9650939116118,17.3,316.8205000220983,0.0252,catalog,4579543480.192633,24328898.100335922,Jackson,-0.4105311002485044,-0.6734757518272367,GP,0.09185946512420332,0.2537150930983265,7.3381266967105055e+22,9.78416892894734e+22
1.75,1.09,catalog,0.31,566.9650939116118,17.3,1049.1695626142475,0.0252,catalog,1490829946.0341706,45929361.210534416,Jackson,-0.4406055100234464,-0.795461947418436,log,0.43194099307165934,0.5033001703077352,1.9211255026375585e+23,2.561500670183411e+23
1.75,1.09,catalog,0.31,566.9650939116118,17.3,378.3326621330956,0.0252,catalog,3842784246.9475327,26577427.61209286,Jackson,-0.4828071141648822,-0.6788382793900705,log,0.07077927009427092,0.05360969432503737,4.56949393236853e+22,6.092658576491373e+22
1.75,1.09,catalog,0.31,566.9650939116118,17.3,404.79302293252647,0.0252,catalog,3597618497.2593417,72004406.34109631,Jackson,-0.4190865718667706,-0.7776570788641285,GP,0.13099014194847705,0.2514677667551136,7.827919101437658e+22,1.0437225468583544e+23
1.75,1.09,catalog,0.31,566.9650939116118,17.3,346.63263277302445,0.0252,catalog,4188165035.3282847,65380559.32756239,Jackson,-0.4738477921502083,-0.7090708761281114,GP,0.13896672246279912,0.0675881550822457,8.244379071844567e+22,1.0992505429126089e+23
1.75,1.09,catalog,0.31,566.9650939116118,17.3,401.59918137571805,0.0252,catalog,6675874536.6115465,18850041.004147876,Selsis,-0.37965389845847075,-0.7434027669333759,linear,0.09771871687813753,0.08045728499083937,1.7221325994550345e+23,2.2961767992733794e+23
1.75,1.09,catalog,0.31,566.9650939116118,17.3,1411.6581518308144,0.0252,catalog,2509366144.4004307,25615858.654038087,Selsis,-0.3498130045029383,-0.6401594169947887,GP,0.3086784829725089,0.013256125189685886,5.1489872277708545e+23,6.865316303694472e+23
1.75,1.09,catalog,0.31,566.9650939116118,17.3,742.9173270745806,0.0252,catalog,4069981177.269921,41741947.256354004,Selsis,-0.4881111259127332,-0.6953769296730699,linear,0.11924999711611395,0.8052889452522299,1.4676578378663253e+23,1.9568771171551003e+23
1.75,1.09,catalog,0.31,566.9650939116118,17.3,318.85536989671397,0.0252,catalog,4550370742.477773,87650972.49750493,Jackson,-0.38236419956819045,-0.6792668150659326,log,0.14432448999884362,0.7677171715690624,1.1528438986577779e+23,1.5371251982103705e+23
1.75,1.09,catalog,0.31,566.9650939116118,17.3,1029.137422331803,0.0252,catalog,3169887224.669178,43610320.098010205,Selsis,-0.34398310942318594,-0.734636962748205,log,0.28283425488260244,0.3216679372935487,4.749755019234423e+23,6.333006692312564e+23
1.75,1.09,catalog,0.31,566.9650939116118,17.3,200.7496604806683,0.0252,catalog,12134521906.994877,5737788.0255368985,Selsis,-0.46539837381785265,-0.7570681377306837,linear,0.43632985182092543,0.5482839462431945,6.82442299011901e+23,9.099230653492013e+23
1.75,1.09,catalog,0.31,566.9650939116118,17.3,408.69614828630904,0.0252,catalog,6579859942.920813,2527946.8251515115,Selsis,-0.2909608058418171,-0.669868003665441,log,0.1404885636099449,0.2514396520239284,4.7776661615176483e+23,6.370221548690197e+23
1.75,1.09,catalog,0.31,566.9650939116118,17.3,315.6229295064113,0.0252,catalog,8170452193.962554,45409337.25949571,Selsis,-0.29453675426747294,-0.7473929439401304,GP,0.18960174369942276,0.03847045913436209,5.8413304054595734e+23,7.788440540612764e+23
1.75,1.09,catalog,0.31,566.9650939116118,17.3,1027.157180917909,0.0252,catalog,1519158942.744962,99689125.73328017,Jackson,-0.3137918735019095,-0.7788316315703817,GP,0.11220002126082954,0.45708597022707165,8.289654339734792e+22,1.1052872452979723e+23
1.75,1.09,catalog,0.31,566.9650939116118,17.3,461.4970327890481,0.0252,catalog,3171233805.478769,50749471.64302351,Jackson,-0.3499833461250386,-0.7743098282465833,log,0.0757620884058373,0.14678946579755747,6.135934465210397e+22,8.181245953613862e+22
1.75,1.09,catalog,0.31,566.9650939116118,17.3,257.0826165998492,0.0252,catalog,5657434139.851182,66493392.41607491,Jackson,-0.4267293324599819,-0.7204956617554049,GP,0.06264649256921562,0.5013034697233444,4.363814087795555e+22,5.818418783727407e+22
1.75,1.09,catalog,0.31,566.9650939116118,17.3,533.5282722151074,0.0252,catalog,5295126030.01665,85907611.94076765,Selsis,-0.4070443122005848,-0.644407513893459,log,0.2903999700750645,0.3265881290125957,4.706451240684965e+23,6.275268320913286e+23
1.75,1.09,catalog,0.31,566.9650939116118,17.3,339.23439049780643,0.0252,catalog,4278536245.479817,26243152.571546283,Jackson,-0.304249844325592,-0.7052663241417407,log,0.3495756204779273,0.7146069893912905,4.622408402459047e+23,6.163211203278729e+23
1.75,1.09,catalog,0.31,566.9650939116118,17.3,777.5545219517793,0.0252,catalog,3927422518.35281,2048010.2847083313,Selsis,-0.405305316865668,-0.602026615353884,GP,0.34028252927267366,0.5804895157556005,6.397955977037724e+23,8.530607969383631e+23
1.75,1.09,catalog,0.31,566.9650939116118,17.3,189.3865496451068,0.0252,catalog,7788079542.785277,34456838.529010706,Jackson,-0.4259326051777158,-0.784538572085607,GP,0.32558757338005256,0.5210946842757949,2.3964032155973218e+23,3.1952042874630955e+23
1.75,1.09,catalog,0.31,566.9650939116118,17.3,204.8464333638118,0.0252,catalog,7165385380.070558,10922497.495081617,Jackson,-0.38533092660426904,-0.7665391062747986,GP,0.09757530804776864,0.2774598250886493,8.781596069652335e+22,1.1708794759536447e+23
1.75,1.09,catalog,0.31,566.9650939116118,17.3,580.5915743995168,0.0252,catalog,4948335186.184442,29261899.655330654,Selsis,-0.3869807174032301,-0.781898375409356,log,0.42379589826109554,0.2261673718651589,6.552139209913219e+23,8.736185613217625e+23
1.75,1.09,catalog,0.31,566.9650939116118,17.3,312.73541977059153,0.0252,catalog,4639321800.628451,34842768.04768191,Jackson,-0.3260905238583846,-0.7259803631606306,log,0.17691764146140493,0.8523961972575772,1.9649829809286987e+23,2.6199773079049317e+23
1.75,1.09,catalog,0.31,566.9650939116118,17.3,358.73279313604553,0.0252,catalog,4048783299.109606,7306616.921674218,Jackson,-0.4145370671478762,-0.7732234609486324,GP,0.2178123964184642,0.3516614384322352,1.559738724489327e+23,2.079651632652436e+23
1.75,1.09,catalog,0.31,566.9650939116118,17.3,791.4472940398109,0.0252,catalog,1919776643.6151109,31265582.035460938,Jackson,-0.43101580763779074,-0.6358269686667262,GP,0.26003353541867275,0.13213549177569117,1.6146937811487994e+23,2.1529250415317324e+23
1.75,1.09,catalog,0.31,566.9650939116118,17.3,4630.1045710405215,0.0252,catalog,1070270847.1825577,74284124.3849421,Selsis,-0.3983588467303099,-0.7475802995702215,linear,0.05373924415520021,0.43138291842613496,3.7015191908103347e+22,4.935358921080446e+22
1.75,1.09,catalog,0.31,566.9650939116118,17.3,1055.5700795091911,0.0252,catalog,1482810229.993483,66811672.76137459,Jackson,-0.3215808916348804,-0.7774472744391194,GP,0.09215330302871592,0.6168305718875798,6.69141763304384e+22,8.921890177391785e+22
1.75,1.09,catalog,0.31,566.9650939116118,17.3,514.9993162746272,0.0252,catalog,5448067575.533154,24387496.043250103,Selsis,-0.29822567297404196,-0.7450241966009343,GP,0.09291263020964222,0.05255305930809795,2.5817446371594403e+23,3.442326182879253e+23
1.75,1.09,catalog,0.31,566.9650939116118,17.3,3232.0226815273913,0.0252,catalog,1386655918.06841,5410852.907439227,Selsis,-0.40697619644567173,-0.6044811634235221,GP,0.1923217472652019,0.30188274214327193,2.2262028024074805e+23,2.968270403209974e+23
1.75,1.09,catalog,0.31,566.9650939116118,17.3,186.70552778244667,0.0252,catalog,7907678465.111527,40630398.35337287,Jackson,-0.387529914245271,-0.6532314421235491,log,0.18812315965668738,0.8395550094836403,1.932060782914498e+23,2.5760810438859974e+23
1.75,1.09,catalog,0.31,566.9650939116118,17.3,701.5528819304405,0.0252,catalog,4257419917.2445216,53464471.934803784,Selsis,-0.3280161183247403,-0.6396563507305738,linear,0.296925022975649,0.940374108433288,6.556500416728099e+23,8.742000555637465e+23
1.75,1.09,catalog,0.31,566.9650939116118,17.3,573.84555521194,0.0252,catalog,4994850165.597788,4448228.562478642,Selsis,-0.43245647582222185,-0.7766220223263556,log,0.21572273385816268,0.6458497026132226,3.060998255477682e+23,4.081331007303576e+23
1.75,1.09,catalog,0.31,566.9650939116118,17.3,1430.9677337488936,0.0252,catalog,2484578218.888402,29443789.017563466,Selsis,-0.4561060773533814,-0.63046750233427,GP,0.23946066710441932,0.9857360640159581,2.980563582552307e+23,3.974084776736409e+23
1.75,1.09,catalog,0.31,566.9650939116118,17.3,1429.6969540582666,0.0252,catalog,2486191007.281503,62885964.69485056,Selsis,-0.33976512471475717,-0.6612179366652046,linear,0.05054470234705509,0.12399606337404045,8.218483491350428e+22,1.0957977988467238e+23
1.75,1.09,catalog,0.31,566.9650939116118,17.3,421.5258117240542,0.0252,catalog,6414220496.816794,41169857.88429706,Selsis,-0.404848736715951,-0.7642443744183437,GP,0.10634876031668015,0.7459699734865527,1.62418220905028e+23,2.1655762787337067e+23
1.75,1.09,catalog,0.31,566.9650939116118,17.3,146.17405153177597,0.0252,catalog,10324099441.29526,60530761.86866281,Jackson,-0.4363931899460947,-0.6920389092331433,log,0.062017907857632906,0.8724229687358331,5.1956962471286766e+22,6.927594996171568e+22
1.75,1.09,catalog,0.31,566.9650939116118,17.3,502.2004674759555,0.0252,catalog,2926232399.9522023,76986558.80014066,Jackson,-0.4462410018109628,-0.6752662664001083,GP,0.4542707708881547,0.6524504993279219,2.6674270099236674e+23,3.55656934656489e+23
1.75,1.09,catalog,0.31,566.9650939116118,17.3,200.04023954552468,0.0252,catalog,7347637189.493782,33857703.1528629,Jackson,-0.3852019246125923,-0.7075470755296527,linear,0.07026476196279842,0.8132088024791756,6.440124302639092e+22,8.586832403518789e+22
1.75,1.09,catalog,0.31,566.9650939116118,17.3,180.59205191314072,0.0252,catalog,8195142484.606352,57214348.39536987,Jackson,-0.4078909029957435,-0.7812376656057015,GP,0.061094653265394636,0.6774999937879769,4.69599985022844e+22,6.26133313363792e+22
1.75,1.09,catalog,0.31,566.9650939116118,17.3,2215.206043077312,0.0252,catalog,1809167036.7891057,98313008.61880663,Selsis,-0.28330762736421816,-0.7068715073837826,log,0.3557657927615928,0.6196977083191114,7.004897133263469e+23,9.339862844351292e+23
1.75,1.09,catalog,0.31,566.9650939116118,17.3,324.01143204803,0.0252,catalog,4478183639.157845,66835597.054157875,Jackson,-0.3139801550747261,-0.6978194542135382,linear,0.05984673924802203,0.742499621850154,7.042455129527614e+22,9.389940172703485e+22
1.75,1.09,catalog,0.31,566.9650939116118,17.3,1170.9668573488946,0.0252,catalog,2879425178.957727,90038187.13639897,Selsis,-0.30673867298789165,-0.6497278826689177,linear,0.40836348195486777,0.42822693698828784,8.678529652595133e+23,1.1571372870126844e+24
1.75,1.09,catalog,0.31,566.9650939116118,17.3,4961.200396002847,0.0252,catalog,908436869.1826284,73263386.75239263,Selsis,-0.29310013189925843,-0.7048102376636407,GP,0.3462685673207993,0.3977079911370527,3.6647715365489486e+23,4.886362048731931e+23
1.75,1.09,catalog,0.31,566.9650939116118,17.3,552.820412275541,0.0252,catalog,5146258322.292208,94749863.27792065,Selsis,-0.49625847335603673,-0.703360523141337,log,0.06351605099526947,0.11076639322204351,7.804675974868747e+22,1.040623463315833e+23
1.75,1.09,catalog,0.31,566.9650939116118,17.3,254.88543155273348,0.0252,catalog,5707456142.540741,63382716.17632603,Jackson,-0.39882574954710737,-0.7365856993252026,linear,0.09628675726761536,0.9680274185412552,7.261734252397944e+22,9.682312336530591e+22
1.75,1.09,catalog,0.31,566.9650939116118,17.3,340.7595747899977,0.0252,catalog,4259568065.7533193,99896648.23044415,Jackson,-0.4675750635146063,-0.634565566082436,log,0.15602989567410705,0.08030535682568729,1.0902715420967326e+23,1.45369538946231e+23
1.75,1.09,catalog,0.31,566.9650939116118,17.3,780.6575415212309,0.0252,catalog,3915228390.1819515,1613641.0133184516,Selsis,-0.34480210939134304,-0.7277907683590951,log,0.06471731932821921,0.9900009062072601,1.2677577009027688e+23,1.6903436012036918e+23
1.75,1.09,catalog,0.31,566.9650939116118,17.3,278.4568799664983,0.0252,catalog,9095754481.56962,98473283.33006412,Selsis,-0.32724765892427493,-0.6769814192296288,GP,0.057433473631761274,0.0690970951240103,1.4399035509138572e+23,1.919871401218476e+23
1.75,1.09,catalog,0.31,566.9650939116118,17.3,2000.6300353741494,0.0252,catalog,1946552786.0433533,98681586.50938703,Selsis,-0.47782661713783026,-0.6019433102977454,GP,0.258095087117772,0.9258136364203666,2.8323282493754448e+23,3.776437665833926e+23
1.75,1.09,catalog,0.31,566.9650939116118,17.3,149.390468629755,0.0252,catalog,10078083504.164326,14321121.221481662,Jackson,-0.38543326483499585,-0.7051801674962257,GP,0.22032177291991137,0.3877329207492082,2.269411260069737e+23,3.0258816800929826e+23
1.75,1.09,catalog,0.31,566.9650939116118,17.3,321.9712212066054,0.0252,catalog,4506455504.881595,92397805.37790632,Jackson,-0.3547629148857063,-0.6496567635159981,log,0.10912978075348863,0.94028619296487,1.0440924981749416e+23,1.3921233308999222e+23
1.75,1.09,catalog,0.31,566.9650939116118,17.3,175.07325242754115,0.0252,catalog,8473846614.157104,17528325.830121953,Jackson,-0.38105556375150046,-0.6905633042019493,linear,0.1039033767280558,0.586613596855853,1.0648145785351866e+23,1.4197527713802487e+23
1.75,1.09,catalog,0.31,566.9650939116118,17.3,325.05430042148146,0.0252,catalog,7968846427.24391,97064037.23365173,Selsis,-0.4890154362548666,-0.6191195294333315,GP,0.10027130395247065,0.3525358558737167,1.697143147400009e+23,2.2628575298666783e+23
1.75,1.09,catalog,0.31,566.9650939116118,17.3,1274.1371332425908,0.0252,catalog,1256348396.8624976,45553473.6585992,Jackson,-0.4232494200381882,-0.6493410270378296,log,0.08146099025008183,0.08621727525839062,4.044697775067297e+22,5.392930366756396e+22
1.75,1.09,catalog,0.31,566.9650939116118,17.3,634.4531630304517,0.0252,catalog,4610009033.656102,60788042.65433356,Selsis,-0.3347779009688334,-0.7525599784082706,log,0.2648566950976158,0.7315319406319155,5.158786960534045e+23,6.878382614045392e+23
1.75,1.09,catalog,0.31,566.9650939116118,17.3,301.292834748812,0.0252,catalog,4815921022.5578165,37196865.39595923,Jackson,-0.45370361881227217,-0.6230284339940146,log,0.059908819322107516,0.6117229753817145,5.004023190036185e+22,6.672030920048246e+22
1.75,1.09,catalog,0.31,566.9650939116118,17.3,478.77401135977374,0.0252,catalog,3062025992.991568,94330022.0881306,Jackson,-0.4578875391974851,-0.7390620167838816,GP,0.05961795205998978,0.47222009556606415,3.0985325540187205e+22,4.131376738691627e+22
1.75,1.09,catalog,0.31,566.9650939116118,17.3,505.25332320457943,0.0252,catalog,2909484375.932225,59961119.86798869,Jackson,-0.37689197188800233,-0.799958305488658,GP,0.15232130222450652,0.5630351946729114,1.0173475920222423e+23,1.3564634560296564e+23
1.75,1.09,catalog,0.31,566.9650939116118,17.3,369.2424266359313,0.0252,catalog,3935480731.9738708,93819345.69794354,Jackson,-0.3178019494540552,-0.7437486510696348,GP,0.11651877013079678,0.22033052308556,1.2037837103651423e+23,1.605044947153523e+23
1.75,1.09,catalog,0.31,566.9650939116118,17.3,296.0653319898671,0.0252,catalog,4901426604.034318,20767229.427629016,Jackson,-0.3372722679294375,-0.6203119453446514,log,0.2076361120661062,0.6352816601789207,2.6497583954440225e+23,3.533011193925363e+23
1.75,1.09,catalog,0.31,566.9650939116118,17.3,768.0284151913564,0.0252,catalog,1972910615.2858126,46977605.60185284,Jackson,-0.34982748427587035,-0.7226734803656374,log,0.09422796239015133,0.5291597297121116,6.763399655382072e+22,9.017866207176095e+22
1.75,1.09,catalog,0.31,566.9650939116118,17.3,360.62456707649727,0.0252,catalog,7301573048.45375,68828170.31297968,Selsis,-0.3107195761820726,-0.7778156845567853,log,0.27870817370919915,0.07582639354040277,7.13621055038061e+23,9.51494740050748e+23
1.75,1.09,catalog,0.31,566.9650939116118,17.3,393.859943802352,0.0252,catalog,3694759638.901635,26717670.668314803,Jackson,-0.36582858013226893,-0.7875561974175863,GP,0.22115977964035535,0.8301468713390118,1.7770325008357238e+23,2.369376667780965e+23
1.75,1.09,catalog,0.31,566.9650939116118,17.3,1105.8207390821703,0.0252,catalog,3004424353.458704,72069105.6824131,Selsis,-0.4034483834615146,-0.7702625744351909,log,0.4510315510766416,0.5565540971085706,5.49139673006832e+23,7.321862306757759e+23
1.75,1.09,catalog,0.31,566.9650939116118,17.3,216.01743993146795,0.0252,catalog,6775974331.292735,7736540.018174189,Jackson,-0.36429381930761034,-0.6878807444394955,GP,0.3342768573546429,0.9048211769971622,3.6224349264421094e+23,4.8299132352561454e+23
1.75,1.09,catalog,0.31,566.9650939116118,17.3,364.7674732362099,0.0252,catalog,7232122949.88046,1212090.618848399,Selsis,-0.3599999072192064,-0.7885773328105403,log,0.05295055691003491,0.534928570498914,1.081109640326954e+23,1.4414795204359387e+23
1.75,1.09,catalog,0.31,566.9650939116118,17.3,1254.9426578779712,0.0252,catalog,1273151493.1010466,1255191.3894966997,Jackson,-0.35826268203924144,-0.7319268860563615,linear,0.05163353424140882,0.93301717781928,3.6150000789741615e+22,4.820000105298882e+22
1.75,1.09,catalog,0.31,566.9650939116118,17.3,831.1825959527841,0.0252,catalog,3728650544.2854342,67265612.87957521,Selsis,-0.30205378844200587,-0.6918900322203984,log,0.06517916074664516,0.6714968537874977,1.5470439813867705e+23,2.0627253085156937e+23
1.75,1.09,catalog,0.31,566.9650939116118,17.3,284.7658387494152,0.0252,catalog,5097784777.662571,66434693.37602744,Jackson,-0.28496554201007607,-0.6268700335046853,linear,0.0683008559994896,0.21307084907544627,1.1581754970275982e+23,1.5442339960367973e+23
1.75,1.09,catalog,0.31,566.9650939116118,17.3,1252.3421941662075,0.0252,catalog,2739949564.0124774,1815983.2665422265,Selsis,-0.3730228626103269,-0.7214447822349259,log,0.16023612525078174,0.8388671216644893,2.4472464586324847e+23,3.262995278176646e+23
1.75,1.09,catalog,0.31,566.9650939116118,17.3,299.73121301482934,0.0252,catalog,4841132493.207041,43457206.71032579,Jackson,-0.35729246083471977,-0.6819912437291705,linear,0.08053833193088293,0.1606581152005745,7.734717058087476e+22,1.0312956077449968e+23
1.75,1.09,catalog,0.31,566.9650939116118,17.3,1664.0997831810969,0.0252,catalog,2224533261.276695,58625563.909109846,Selsis,-0.45415711285589216,-0.7016220322049064,log,0.23676475943924927,0.4008326882919503,2.4238985813302213e+23,3.231864775106962e+23
1.75,1.09,catalog,0.31,566.9650939116118,17.3,1302.545914040378,0.0252,catalog,2661802064.202269,30835632.55374433,Selsis,-0.330466992784289,-0.747919100531867,GP,0.39410770981723553,0.8338738223721852,6.82771717751883e+23,9.10362290335844e+23
1.75,1.09,catalog,0.31,566.9650939116118,17.3,313.3041995565895,0.0252,catalog,4630899798.42065,67565234.09912963,Jackson,-0.4684038098470347,-0.6424446247468003,GP,0.11742800560875412,0.364281917414499,8.467195473656128e+22,1.1289593964874837e+23
1.75,1.09,catalog,0.31,566.9650939116118,17.3,518.8006877116916,0.0252,catalog,2837590611.4394975,58603495.70889039,Jackson,-0.39066685321234657,-0.6924027401064363,GP,0.06545175879203752,0.013462837146759554,4.4318762350488876e+22,5.909168313398516e+22
1.75,1.09,catalog,0.31,566.9650939116118,17.3,602.7094809229378,0.0252,catalog,4802486776.627043,15215854.090074165,Selsis,-0.4678901659899514,-0.7847839562235552,linear,0.07355096443137284,0.10401318375141377,9.366027999453754e+22,1.2488037332605005e+23
1.75,1.09,catalog,0.31,566.9650939116118,17.3,514.7817962171013,0.0252,catalog,2858515365.006464,54394453.22351438,Jackson,-0.37926102240068493,-0.766621393977072,linear,0.40505298730240596,0.20562822251780466,2.720261336594239e+23,3.627015115458985e+23
1.75,1.09,catalog,0.31,566.9650939116118,17.3,739.5109853402998,0.0252,catalog,2042139475.1340492,82283881.12742163,Jackson,-0.3817944088879246,-0.7151356044121903,log,0.2673286357205866,0.05736295517435874,1.5780876520792757e+23,2.104116869439034e+23
1.75,1.09,catalog,0.31,566.9650939116118,17.3,1188.5569944166455,0.0252,catalog,1335334619.4582052,78694988.4545807,Jackson,-0.38335530867632034,-0.7352306223255481,GP,0.143416686462858,0.4812267556200637,7.000731074358712e+22,9.33430809914495e+22
1.75,1.09,catalog,0.31,566.9650939116118,17.3,151.04888325750935,0.0252,catalog,9955858761.68175,11288210.133918395,Jackson,-0.45416679778611396,-0.6722195650317483,GP,0.21866877937904763,0.3907876700338698,1.9860621074987473e+23,2.6480828099983296e+23
1.75,1.09,catalog,0.31,566.9650939116118,17.3,320.45961639601603,0.0252,catalog,8065606865.7813835,97073798.86071737,Selsis,-0.38053890470303287,-0.661335102894948,linear,0.19544579944880558,0.3930914297609007,3.7043852147413425e+23,4.93918028632179e+23
1.75,1.09,catalog,0.31,566.9650939116118,17.3,506.2174701979928,0.0252,catalog,5524274036.271719,39827920.79641906,Selsis,-0.32835487988262235,-0.7221804776705317,GP,0.10211835104858404,0.5738485796600697,2.2510896726677598e+23,3.0014528968903464e+23
1.75,1.09,catalog,0.31,566.9650939116118,17.3,954.8991216463174,0.0252,catalog,3353014768.45435,31638433.799415566,Selsis,-0.4420348262199336,-0.758276434163014,linear,0.06472954470352668,0.48250937080508904,7.760361463271679e+22,1.034714861769557e+23
1.75,1.09,catalog,0.31,566.9650939116118,17.3,340.7176977191105,0.0252,catalog,4260086491.2239633,69954139.52401263,Jackson,-0.3877200429342278,-0.7910772070620268,GP,0.09497008372975768,0.8062673846240147,6.6440775482545145e+22,8.858770064339352e+22
1.75,1.09,catalog,0.31,566.9650939116118,17.3,419.76471221870236,0.0252,catalog,3473250063.821808,70771072.70284618,Jackson,-0.3480883244655042,-0.6528652154474985,log,0.20077538929685146,0.2755558371018565,1.8579628768285472e+23,2.4772838357713962e+23
1.75,1.09,catalog,0.31,566.9650939116118,17.3,173.3623415143135,0.0252,catalog,8564265084.009721,79391076.2997983,Jackson,-0.325692161758283,-0.771086810153141,linear,0.17005058836851825,0.385641756755601,2.036812007011451e+23,2.7157493426819346e+23
1.75,1.09,catalog,0.31,566.9650939116118,17.3,1150.5390958788084,0.0252,catalog,2917236815.057761,52805257.857762314,Selsis,-0.3599172933377515,-0.6170584325809467,linear,0.18203632220760924,0.3252273679589073,3.118191781782582e+23,4.157589042376776e+23
1.75,1.09,catalog,0.31,566.9650939116118,17.3,347.70188430425753,0.0252,catalog,4175438018.170641,82051174.7535085,Jackson,-0.32874834991119223,-0.6988157876934279,linear,0.06842152678124441,0.1564954598361169,6.971060543671232e+22,9.294747391561643e+22
1.75,1.09,catalog,0.31,566.9650939116118,17.3,433.56956266286176,0.0252,catalog,3366709844.4539385,56270089.212345675,Jackson,-0.43951137376511396,-0.7621454880483811,linear,0.09451232125932735,0.47083455786002737,5.4137262668382695e+22,7.218301689117693e+22
1.75,1.09,catalog,0.31,566.9650939116118,17.3,511.81927191638397,0.0252,catalog,5475375298.380135,20240226.77439821,Selsis,-0.43294795957171284,-0.6068165654770343,GP,0.12552142387644133,0.2086272040658239,2.3007400254742968e+23,3.0676533672990624e+23
1.75,1.09,catalog,0.31,566.9650939116118,17.3,1471.9783829820533,0.0252,catalog,2433525967.66732,18220836.15063065,Selsis,-0.42334503252090194,-0.7517077364975039,linear,0.05979572586901914,0.4037974605735092,6.89608018626633e+22,9.19477358168844e+22
1.75,1.09,catalog,0.31,566.9650939116118,17.3,202.4577487302287,0.0252,catalog,7254777101.308646,4786417.814638456,Jackson,-0.304588078774163,-0.6290479183593041,log,0.4615201529200909,0.356073536867883,8.291139616606068e+23,1.1054852822141424e+24
1.75,1.09,catalog,0.31,566.9650939116118,17.3,731.7950854577516,0.0252,catalog,2061795849.017049,61778011.140778385,Jackson,-0.3496565738881442,-0.6646198320604424,log,0.06663867442257249,0.955141723423458,5.041763259844657e+22,6.7223510131262095e+22
1.75,1.09,catalog,0.31,566.9650939116118,17.3,519.726987555653,0.0252,catalog,5408058587.830052,29532226.696528506,Selsis,-0.2925732981152836,-0.7726541320764523,GP,0.06868767833922068,0.5311675905015754,1.9716367472644566e+23,2.6288489963526086e+23
1.75,1.09,catalog,0.31,566.9650939116118,17.3,749.5895571390316,0.0252,catalog,4041563138.507901,20617760.437010102,Selsis,-0.4197144423564886,-0.6344914027349988,linear,0.2202261233119536,0.8859624792796567,3.4748505033989985e+23,4.633134004531998e+23
1.75,1.09,catalog,0.31,566.9650939116118,17.3,397.86388316008583,0.0252,catalog,3658539822.7105494,41830505.63728952,Jackson,-0.40612480149636576,-0.6291572879189986,GP,0.18328637878957713,0.20358219577249104,1.5096300682557372e+23,2.0128400910076494e+23
1.75,1.09,catalog,0.31,566.9650939116118,17.3,267.9667241074012,0.0252,catalog,5422612522.985516,29122459.29140314,Jackson,-0.3566821449579882,-0.620309891466924,linear,0.16829932928837057,0.305592499636858,1.97654835452706e+23,2.6353978060360798e+23
1.75,1.09,catalog,0.31,566.9650939116118,17.3,297.81070075650194,0.0252,catalog,8585450306.02116,31444915.268681053,Selsis,-0.28935489355139493,-0.7946046202533721,GP,0.15348809291969975,0.016504683620837457,4.999733585564986e+23,6.666311447419981e+23
1.75,1.09,catalog,0.31,566.9650939116118,17.3,404.9692160798625,0.0252,catalog,3596097646.425394,27886169.094533242,Jackson,-0.45262647613904683,-0.662521074064715,log,0.3211335290114768,0.8027876041339953,2.206754430611625e+23,2.9423392408154998e+23
1.75,1.09,catalog,0.31,566.9650939116118,17.3,622.3834935788652,0.0252,catalog,2393060660.338462,95091488.35850592,Jackson,-0.43084368240996734,-0.6462425828849448,GP,0.054554204630072566,0.21043459999810832,3.22677836334792e+22,4.3023711511305595e+22
1.75,1.09,catalog,0.31,566.9650939116118,17.3,1799.3688787223336,0.0252,catalog,2101635235.901536,48684934.30174044,Selsis,-0.44348079218005243,-0.6726663469488898,GP,0.23483458647939418,0.7833646040462988,2.4942595530354572e+23,3.325679404047276e+23
1.75,1.09,catalog,0.31,566.9650939116118,17.3,4522.068697820622,0.0252,catalog,1100643504.5444374,42072623.89352028,Selsis,-0.42172068013628683,-0.6314056424323145,linear,0.2024822574565325,0.05269652476204634,1.6026817365892427e+23,2.13690898211899e+23
1.75,1.09,catalog,0.31,566.9650939116118,17.3,2375.4602179620724,0.0252,catalog,1721260240.3773503,70825285.2085381,Selsis,-0.34474503160257525,-0.6990154053132611,linear,0.12369085192295683,0.2300812959164137,1.5642139934437567e+23,2.0856186579250088e+23
1.75,1.09,catalog,0.31,566.9650939116118,17.3,214.99748745220327,0.0252,catalog,6809695690.038304,23918464.3681868,Jackson,-0.2899023022448229,-0.6746670424683199,GP,0.06786965820982002,0.7598030472785665,1.1809438918603043e+23,1.574591855813739e+23
1.75,1.09,catalog,0.31,566.9650939116118,17.3,1234.1944014084231,0.0252,catalog,2769609911.7112107,59046891.16345155,Selsis,-0.28501298537720415,-0.6826220913712111,linear,0.07041427944889628,0.6771684642262905,1.754016228124522e+23,2.3386883041660293e+23
1.75,1.09,catalog,0.31,566.9650939116118,17.3,456.28411599797164,0.0252,catalog,6010654996.67354,60849300.28554539,Selsis,-0.3522263163705159,-0.6481372439415914,linear,0.15719146640932302,0.8788797619482793,3.286424627444958e+23,4.381899503259944e+23
