,pl_mass,st_mass,pl_teff,pl_insol,pl_XUV_flux,pl_orbsmax,st_age,pl_form_yr,x-ray-model,euv_gamma1,euv_gamma2,co2_fit,ch4_eta,C_loss,N2O2_frac,CH4_epsilon
0,4.28,0.62,1173.9553407126762,318.0,11761.13867189855,0.0189,828486907.5302709,51538063.255008735,Jackson,-0.4235749023630347,-0.7563240155974272,linear,0.10748656148500484,5.827133442913061e+22,0.7703653859878331,0.10748656148500484
1,4.28,0.62,1173.9553407126762,318.0,1690.6402968700554,0.0189,4106279850.8486013,70124531.09695467,Selsis,-0.49638433613864474,-0.7866230880525128,linear,0.19763917360820205,9.471967906457372e+22,0.6914582740053645,0.19763917360820205
2,4.28,0.62,1173.9553407126762,318.0,1789.8031631823326,0.0189,3916110587.6045046,81040233.87456867,Selsis,-0.34153477071284183,-0.6293272293899083,log,0.07608605891399085,2.0525153853426175e+23,0.929252350084311,0.07608605891399085
3,4.28,0.62,1173.9553407126762,318.0,2798.6518465478375,0.0189,2719001718.037687,65437079.74046452,Selsis,-0.3544513800553301,-0.6916674832786528,linear,0.2797165513661436,1.69287194502232e+23,0.9757861189587365,0.2797165513661436
4,4.28,0.62,1173.9553407126762,318.0,2485.9298908912538,0.0189,5050829045.105819,42221995.122624785,Jackson,-0.3539317698649068,-0.7521171923583735,GP,0.07029053537257553,7.485203907734715e+22,0.0474673332158384,0.07029053537257553
5,4.28,0.62,1173.9553407126762,318.0,2022.2467652011048,0.0189,6697257872.464988,48769803.61634253,Jackson,-0.44660756810572383,-0.6682222282052965,linear,0.10681227483562608,1.2806497223131223e+23,0.29526399126746605,0.10681227483562608
6,4.28,0.62,1173.9553407126762,318.0,4077.0327642772954,0.0189,2772333906.048612,50214762.50408191,Jackson,-0.38909254899667634,-0.726702167484652,linear,0.07284988335543689,8.333330555484729e+22,0.3891228950390314,0.07284988335543689
7,4.28,0.62,1173.9553407126762,318.0,7209.279101710514,0.0189,1430528954.6634793,6695544.168080611,Jackson,-0.4776879773974077,-0.7865317447144918,GP,0.3382569748869969,8.424319207207877e+22,0.7974131378428471,0.3382569748869969
8,4.28,0.62,1173.9553407126762,318.0,6568.6116602449465,0.0189,1407860418.2337303,57299545.420477614,Selsis,-0.44578032519889943,-0.6691047838791202,linear,0.13117672187003881,3.51440908322367e+22,0.2883188071713866,0.13117672187003881
9,4.28,0.62,1173.9553407126762,318.0,3579.7684286002705,0.0189,2235214631.9732833,96947716.41614953,Selsis,-0.42022600968346485,-0.6791407242199745,linear,0.0534518690215583,1.1060752054799055e+23,0.7952746674480182,0.0534518690215583
10,4.28,0.62,1173.9553407126762,318.0,3197.278292041944,0.0189,2444478317.1704564,4033136.732702042,Selsis,-0.3584820423611453,-0.77070217468857,GP,0.07821471430641606,1.2682637436748491e+23,0.7646450447029183,0.07821471430641606
11,4.28,0.62,1173.9553407126762,318.0,3632.977723851738,0.0189,3183949921.5895066,6048175.984199757,Jackson,-0.33361716474215614,-0.6065916913279072,linear,0.41426022561358666,7.949705138853615e+22,0.2711912130975236,0.41426022561358666
12,4.28,0.62,1173.9553407126762,318.0,749.2013597351471,0.0189,8662215774.363806,9301464.608346723,Selsis,-0.4947957865485816,-0.7755628129041243,linear,0.06358007474939241,4.738764822384137e+22,0.10849566182030757,0.06358007474939241
13,4.28,0.62,1173.9553407126762,318.0,2684.0272066639623,0.0189,4591484080.518365,23078325.272712857,Jackson,-0.3086954377960644,-0.7560599630826756,linear,0.08105933010246849,2.282613846555871e+23,0.7753024155074567,0.08105933010246849
14,4.28,0.62,1173.9553407126762,318.0,1086.7329511623525,0.0189,6068588630.008058,55289372.06669663,Selsis,-0.43145890766002964,-0.7589621568335604,GP,0.43612817594290215,9.035871900723813e+22,0.4951208210966497,0.43612817594290215
15,4.28,0.62,1173.9553407126762,318.0,1978.5547337683815,0.0189,6902889972.64842,7891125.390285966,Jackson,-0.44183904734538776,-0.6710856411234811,GP,0.14011804069952175,1.3220849547942823e+23,0.3010405890977138,0.14011804069952175
16,4.28,0.62,1173.9553407126762,318.0,1400.54156177013,0.0189,4813443933.280641,99465131.49049042,Selsis,-0.3439290355568519,-0.7487355373853107,GP,0.07430083066094646,1.5130182504059414e+23,0.7057126628849675,0.07430083066094646
17,4.28,0.62,1173.9553407126762,318.0,1859.922034721658,0.0189,7523647059.194114,75014845.44613907,Jackson,-0.32359667377308926,-0.6057297743421671,GP,0.3305999042410353,3.279778095600335e+23,0.7820082760419197,0.3305999042410353
18,4.28,0.62,1173.9553407126762,318.0,1324.308724502171,0.0189,5054442760.142293,7441334.992112409,Selsis,-0.3977762142248114,-0.6268414039917627,linear,0.11421304986139894,9.880097057877017e+22,0.24659665224154925,0.11421304986139894
19,4.28,0.62,1173.9553407126762,318.0,3331.6107848033707,0.0189,3535743068.4239373,67783885.103405,Jackson,-0.46975615976550816,-0.7729449235834769,GP,0.15977215494743055,1.1312165595729313e+23,0.7326756175921786,0.15977215494743055
20,4.28,0.62,1173.9553407126762,318.0,2835.08836822047,0.0189,4295155004.009956,51804864.36457215,Jackson,-0.3585008273565443,-0.6102593261518501,GP,0.23727559951030316,1.0801034344592672e+23,0.27873713605584405,0.23727559951030316
21,4.28,0.62,1173.9553407126762,318.0,694.0894352421772,0.0189,9343120246.828112,71459463.13332433,Selsis,-0.3729393303999669,-0.7851337925114791,GP,0.057341178558084176,7.291395926172721e+22,0.1561718088798668,0.057341178558084176
22,4.28,0.62,1173.9553407126762,318.0,6553.376326841315,0.0189,1591526382.0543227,11846094.575460412,Jackson,-0.328947953152808,-0.6926538061373589,linear,0.17906252260929373,6.7526353604779444e+22,0.5038847579678669,0.17906252260929373
23,4.28,0.62,1173.9553407126762,318.0,2129.2945434810454,0.0189,6237526882.1753845,7621836.490300686,Jackson,-0.3563519281588246,-0.7999497823362359,GP,0.31517479271941556,1.7420642094879477e+23,0.566599104584504,0.31517479271941556
24,4.28,0.62,1173.9553407126762,318.0,2821.099507302425,0.0189,2701596987.4161253,80236986.43185657,Selsis,-0.36846801526730705,-0.6493466933159043,GP,0.2618150703366923,5.0564786291726585e+22,0.15830216581331547,0.2618150703366923
25,4.28,0.62,1173.9553407126762,318.0,1921.6146565007018,0.0189,3692895010.835092,73861045.9856609,Selsis,-0.2945368075325302,-0.6638148937756444,log,0.0824246405578711,5.31996634758983e+22,0.04029688413097543,0.0824246405578711
26,4.28,0.62,1173.9553407126762,318.0,4207.0703858652405,0.0189,2670442343.260386,80894085.37384932,Jackson,-0.38782542758940275,-0.6664146067890229,GP,0.18104459794217723,1.539244303744957e+23,0.9478556140663998,0.18104459794217723
27,4.28,0.62,1173.9553407126762,318.0,9580.197165608804,0.0189,1040623753.7895064,14104157.682001773,Jackson,-0.35853634689067093,-0.7573016816377128,log,0.306799036041578,2.3126020530840176e+22,0.22571432050472262,0.306799036041578
28,4.28,0.62,1173.9553407126762,318.0,1469.9716858535992,0.0189,4619226813.875246,1096194.2038236528,Selsis,-0.37660039113224214,-0.7551156025376171,linear,0.1821188639293879,9.038852471837284e+22,0.3197496572932438,0.1821188639293879
29,4.28,0.62,1173.9553407126762,318.0,2248.085348639965,0.0189,5790322895.008932,80913174.48543933,Jackson,-0.42205569521950953,-0.6626372554479061,GP,0.45905657898581687,1.6331742356737725e+23,0.6236536396976939,0.45905657898581687
30,4.28,0.62,1173.9553407126762,318.0,3481.609875996773,0.0189,3352073235.414137,42666756.44241297,Jackson,-0.28395892124122074,-0.6250387234349958,GP,0.3885383325086942,8.505388459296306e+22,0.2829246987997942,0.3885383325086942
31,4.28,0.62,1173.9553407126762,318.0,661.3388965495469,0.0189,9806139011.802761,86947563.37914786,Selsis,-0.4883332857508176,-0.785925663960356,linear,0.08806800660354068,7.092104014022065e+22,0.435487307411608,0.08806800660354068
32,4.28,0.62,1173.9553407126762,318.0,1839.3296966034836,0.0189,7641762335.308719,72343340.5156444,Jackson,-0.439975671355944,-0.7893143232346148,GP,0.05460298226892083,1.368799849944479e+23,0.563641350561582,0.05460298226892083
33,4.28,0.62,1173.9553407126762,318.0,8103.8098867434155,0.0189,1256424383.5770528,70855463.24482837,Jackson,-0.40661535844963664,-0.705999060095063,GP,0.2513026502885042,3.417823062653808e+22,0.3328034282475041,0.2513026502885042
34,4.28,0.62,1173.9553407126762,318.0,5747.360458568872,0.0189,1554104948.750094,88229754.81921406,Selsis,-0.32911564506970237,-0.7208869607303005,GP,0.2656611297468303,1.0188111318251553e+23,0.7494252329927817,0.2656611297468303
35,4.28,0.62,1173.9553407126762,318.0,1727.3121950070768,0.0189,8347300881.75376,3099681.4248571284,Jackson,-0.4892391432626838,-0.6856659909125185,log,0.435512895510969,1.2380909173078071e+23,0.21996423841764723,0.435512895510969
36,4.28,0.62,1173.9553407126762,318.0,4338.908600610187,0.0189,2574212190.584812,47296483.32530916,Jackson,-0.4877739738169866,-0.7873510731881314,linear,0.13978411447619138,6.729968085966593e+22,0.37758896728914715,0.13978411447619138
37,4.28,0.62,1173.9553407126762,318.0,1535.8844049487836,0.0189,4450871977.6270075,64925084.549506426,Selsis,-0.2988412801761228,-0.7273546437213905,linear,0.08855745623883338,7.2086785751023345e+22,0.08938009565723526,0.08855745623883338
38,4.28,0.62,1173.9553407126762,318.0,1894.3329907053405,0.0189,3736624359.9374003,10760994.841693204,Selsis,-0.3593456955442893,-0.6690587794785677,linear,0.14819921497299596,1.9156353530329463e+23,0.9562556441836557,0.14819921497299596
39,4.28,0.62,1173.9553407126762,318.0,2365.319002215395,0.0189,3114683689.2519617,5987689.60100394,Selsis,-0.280338750016787,-0.6432394070723488,linear,0.31266667198607023,1.1508622859645516e+23,0.44504883305644716,0.31266667198607023
40,4.28,0.62,1173.9553407126762,318.0,4082.2986198921817,0.0189,2768063796.7998157,52170712.80691208,Jackson,-0.2948304724054393,-0.7017805636345666,log,0.17637415885807464,3.705112680153362e+22,0.00786940919072665,0.17637415885807464
41,4.28,0.62,1173.9553407126762,318.0,2671.037092520357,0.0189,4618788147.331892,63508169.51497502,Jackson,-0.31262212462810934,-0.616027548598583,GP,0.4589846369606968,2.875612080891755e+23,0.9143512371500654,0.4589846369606968
42,4.28,0.62,1173.9553407126762,318.0,3386.625114234571,0.0189,3466456163.503401,71417746.25587532,Jackson,-0.3235970630977333,-0.7194390073810437,linear,0.3429491557677637,6.016227645000414e+22,0.12146022599481121,0.3429491557677637
43,4.28,0.62,1173.9553407126762,318.0,1070.167545368032,0.0189,6156637551.59067,24282268.07659383,Selsis,-0.30734595467729153,-0.6282157144534087,linear,0.12350144089491023,1.5596712527778586e+23,0.38013273861743524,0.12350144089491023
44,4.28,0.62,1173.9553407126762,318.0,1973.1668439362988,0.0189,3613456250.1486373,57619984.25428327,Selsis,-0.42654455549160514,-0.6903464222042224,log,0.13802921824718567,1.2482230148743698e+23,0.7516019966279616,0.13802921824718567
45,4.28,0.62,1173.9553407126762,318.0,786.1135168253076,0.0189,8263283840.76257,51203993.32396022,Selsis,-0.31276378216216094,-0.685497512650516,log,0.4886538642234546,2.030413994558462e+23,0.6194996962643472,0.4886538642234546
46,4.28,0.62,1173.9553407126762,318.0,2592.2568017864955,0.0189,4791216319.024188,41882306.36315427,Jackson,-0.32124385377850223,-0.7919493371277225,GP,0.1715797627640167,9.99109927190772e+22,0.19606651773082162,0.1715797627640167
47,4.28,0.62,1173.9553407126762,318.0,2084.834696933374,0.0189,6421325063.28843,13478550.056192698,Jackson,-0.4323111631156536,-0.7040184879408135,linear,0.14226133229234414,9.939529109529593e+22,0.12710927704240427,0.14226133229234414
48,4.28,0.62,1173.9553407126762,318.0,589.010696823733,0.0189,11029398474.062641,58832030.682515785,Selsis,-0.44009321887071734,-0.7975279442625615,GP,0.2401171890313003,8.595282398815344e+22,0.5096701992664538,0.2401171890313003
49,4.28,0.62,1173.9553407126762,318.0,2073.6428242890415,0.0189,6469143645.514151,15460994.321990563,Jackson,-0.43549153979016003,-0.6957455374832995,GP,0.11728090415382339,1.8775001540756103e+23,0.8934126813933496,0.11728090415382339
50,4.28,0.62,1173.9553407126762,318.0,2906.1597147244274,0.0189,4168010889.706493,81681495.36128272,Jackson,-0.49588849916913763,-0.7289472378505492,linear,0.06891321341210897,1.0803223555896657e+23,0.5848518136772503,0.06891321341210897
51,4.28,0.62,1173.9553407126762,318.0,1296.2692246800375,0.0189,5154337793.687557,71302028.21708018,Selsis,-0.4444106858453994,-0.6017688014334219,GP,0.054935764166946274,8.049770363534261e+22,0.09695052375104773,0.054935764166946274
52,4.28,0.62,1173.9553407126762,318.0,5458.746782270235,0.0189,1962907247.4660645,81039584.50847685,Jackson,-0.45452957197360966,-0.6303360052327561,GP,0.47775905036713545,9.42961483507485e+22,0.6467601318181951,0.47775905036713545
53,4.28,0.62,1173.9553407126762,318.0,3685.7054592812883,0.0189,3129101276.258369,13134523.61938821,Jackson,-0.37429102640161516,-0.7071457250038442,GP,0.10918615247491367,1.5275807491399108e+23,0.7996041576212036,0.10918615247491367
54,4.28,0.62,1173.9553407126762,318.0,1672.1119726067325,0.0189,4144247710.110754,96591599.99756455,Selsis,-0.414560633539681,-0.7126991115905764,linear,0.3706274589398664,6.247495634377445e+22,0.13388726637137383,0.3706274589398664
55,4.28,0.62,1173.9553407126762,318.0,3020.5512483863045,0.0189,3977805376.862742,73907319.62278189,Jackson,-0.29241185838167316,-0.6823318496855508,log,0.052838701097598056,2.2452233304929944e+23,0.7346711993505348,0.052838701097598056
56,4.28,0.62,1173.9553407126762,318.0,5406.230962637625,0.0189,1985253969.0818214,38510694.989145495,Jackson,-0.2841950969676552,-0.7798017768285577,GP,0.1855636226294118,3.6644560983851094e+22,0.14768149818176313,0.1855636226294118
57,4.28,0.62,1173.9553407126762,318.0,8307.722982655909,0.0189,1222134251.9382598,56063130.57154462,Jackson,-0.42921912802584444,-0.7514146280033899,linear,0.07886533223056451,2.6961137831073133e+22,0.23699383481150837,0.07886533223056451
58,4.28,0.62,1173.9553407126762,318.0,3807.9774358224113,0.0189,3008593756.4900084,83672165.07474193,Jackson,-0.40745323596891225,-0.7435823308235906,GP,0.4619718371489492,1.1908518274882304e+23,0.7210805864754091,0.4619718371489492
59,4.28,0.62,1173.9553407126762,318.0,2375.9989189556377,0.0189,5369933711.288844,7589884.488374852,Jackson,-0.3269950221936482,-0.796719370244454,GP,0.09206379580903266,1.7386968012483048e+23,0.5102288498984606,0.09206379580903266
60,4.28,0.62,1173.9553407126762,318.0,7292.695037061285,0.0189,1303915799.489476,22342287.3043151,Selsis,-0.4680613114713991,-0.6779516994682488,GP,0.4854713367600259,8.114638830250989e+22,0.7375415085165822,0.4854713367600259
61,4.28,0.62,1173.9553407126762,318.0,3191.5074079344004,0.0189,2447996865.464478,90652744.76653072,Selsis,-0.37342261159875634,-0.6674671699655979,log,0.16474185666127492,3.169816176917981e+22,0.0015917508573750627,0.16474185666127492
62,4.28,0.62,1173.9553407126762,318.0,3116.5828061346187,0.0189,3830490845.5902267,89344159.99072611,Jackson,-0.49823885820219854,-0.6465309476948637,linear,0.10791565400633792,5.459146062014282e+22,0.03710063559069399,0.10791565400633792
63,4.28,0.62,1173.9553407126762,318.0,2524.4214551187442,0.0189,2954479349.5431933,90576872.90099624,Selsis,-0.4030763052813639,-0.6828778742469702,GP,0.07873951536689075,9.40897672564098e+22,0.5332678114595175,0.07873951536689075
64,4.28,0.62,1173.9553407126762,318.0,1256.0710979084286,0.0189,5305520552.176361,39911740.42597124,Selsis,-0.4022617345163494,-0.7219331625253029,log,0.05006621319576212,7.423540806961217e+22,0.1831957973124937,0.05006621319576212
65,4.28,0.62,1173.9553407126762,318.0,909.2671294032973,0.0189,7179978823.287063,12085289.896618973,Selsis,-0.3150072452324267,-0.771437193392481,log,0.13709263720163675,1.6352108511221014e+23,0.5222735668265607,0.13709263720163675
66,4.28,0.62,1173.9553407126762,318.0,2206.4088108560327,0.0189,5940422156.113034,93525696.51984791,Jackson,-0.44721110628859606,-0.6145254457330649,GP,0.13500119422417237,2.0198071574983514e+23,0.7687873482255114,0.13500119422417237
67,4.28,0.62,1173.9553407126762,318.0,1002.3401538128762,0.0189,6546773494.595896,42224428.035859086,Selsis,-0.41763669240397616,-0.6443179490470439,linear,0.11022660616112631,1.716922140468381e+23,0.7805080220181045,0.11022660616112631
68,4.28,0.62,1173.9553407126762,318.0,1439.0387758330505,0.0189,4703470411.658748,87029223.17815456,Selsis,-0.4836249844456492,-0.7478780143287608,log,0.3931358348624556,6.603724236955015e+22,0.3281044018310494,0.3931358348624556
69,4.28,0.62,1173.9553407126762,318.0,4387.553153047289,0.0189,2540363432.7570076,60570898.363866866,Jackson,-0.35991195698624284,-0.6111352216032494,GP,0.42358724962360705,6.429212945064537e+22,0.2867231203290943,0.42358724962360705
70,4.28,0.62,1173.9553407126762,318.0,4100.858691099266,0.0189,2753113071.194095,71551637.56406146,Jackson,-0.40174708089297284,-0.7294929574704518,GP,0.09311470646680141,5.726679352855255e+22,0.2025245092857736,0.09311470646680141
71,4.28,0.62,1173.9553407126762,318.0,854.3602402012272,0.0189,7622091722.517306,12918251.268212203,Selsis,-0.38395340438312797,-0.7607167517112439,GP,0.2968029993214709,1.4045193484387826e+23,0.7367772597358649,0.2968029993214709
72,4.28,0.62,1173.9553407126762,318.0,870.6401917163716,0.0189,7484859372.077788,45227449.90433398,Selsis,-0.2949290872198996,-0.621200379728831,linear,0.07124038017647666,2.0629153201240236e+23,0.4973040971333129,0.07124038017647666
73,4.28,0.62,1173.9553407126762,318.0,2856.230894381562,0.0189,2674880158.486267,49999607.85964925,Selsis,-0.46101239873276567,-0.6999401351221937,log,0.06248881308292653,3.807675563608406e+22,0.03675504534520335,0.06248881308292653
74,4.28,0.62,1173.9553407126762,318.0,2801.1650688156205,0.0189,4358480898.10602,86664617.51370639,Jackson,-0.36955718280587757,-0.613882324879196,GP,0.10903775963057105,9.056279066478438e+22,0.19931788816845064,0.10903775963057105
75,4.28,0.62,1173.9553407126762,318.0,4415.877573774155,0.0189,2521044205.4260387,2811305.246739826,Jackson,-0.44320168567013835,-0.7688186405044816,GP,0.10374437726813192,7.2717966082635186e+22,0.39167661592929004,0.10374437726813192
76,4.28,0.62,1173.9553407126762,318.0,5361.7129270328205,0.0189,2004583739.3810492,30742397.04540102,Jackson,-0.477127798143189,-0.7722626762870696,GP,0.056148075615688034,5.896701511363818e+22,0.3838653401536396,0.056148075615688034
77,4.28,0.62,1173.9553407126762,318.0,10253.053234688634,0.0189,964428518.5577018,99564610.71215418,Jackson,-0.3922611760569851,-0.6735015206374916,GP,0.4407581411237481,4.512237317477591e+22,0.5904248173034969,0.4407581411237481
78,4.28,0.62,1173.9553407126762,318.0,7273.111642185975,0.0189,1306480552.0832975,88698455.6749991,Selsis,-0.299395961200077,-0.7282583257991398,GP,0.1436531784660656,5.945864720481199e+22,0.5616260971600845,0.1436531784660656
79,4.28,0.62,1173.9553407126762,318.0,1892.1137393822535,0.0189,3740235211.68434,3450436.2467988348,Selsis,-0.3174752667864519,-0.7131376519344886,linear,0.2758668952396953,1.5106765865532982e+23,0.6393676620136769,0.2758668952396953
80,4.28,0.62,1173.9553407126762,318.0,2629.2045976230756,0.0189,2859109103.934481,2021885.8542186436,Selsis,-0.31031134752257256,-0.7956694156845603,log,0.07586826577897735,1.8332093137254095e+23,0.8874887262692434,0.07586826577897735
81,4.28,0.62,1173.9553407126762,318.0,3587.02082726317,0.0189,3233269727.9975953,61630556.5964442,Jackson,-0.4736471614803585,-0.6301248162006764,log,0.43374167120557855,1.129258784749398e+23,0.5322555707209867,0.43374167120557855
82,4.28,0.62,1173.9553407126762,318.0,3084.2309867427184,0.0189,3878940402.349359,16980984.740521125,Jackson,-0.4361380565470904,-0.640696368894015,log,0.13432356125256864,1.2332571265102744e+23,0.4858651551787605,0.13432356125256864
83,4.28,0.62,1173.9553407126762,318.0,7853.760660066318,0.0189,1300746790.52313,23913847.139012944,Jackson,-0.30686695690500726,-0.6317330404007105,log,0.06466867164812459,3.93526944331882e+22,0.36182105207235704,0.06466867164812459
84,4.28,0.62,1173.9553407126762,318.0,970.9345618256382,0.0189,6746206969.151145,5433724.353071626,Selsis,-0.4670874236204649,-0.6544119738040501,linear,0.3040145694602952,9.414159608321853e+22,0.3097109438924036,0.3040145694602952
85,4.28,0.62,1173.9553407126762,318.0,893.954760038677,0.0189,7297514936.627788,99548881.3812823,Selsis,-0.34945433480348664,-0.74302182620634,log,0.0736810530635013,1.2407532796330563e+23,0.4540111710176886,0.0736810530635013
86,4.28,0.62,1173.9553407126762,318.0,5449.833617923259,0.0189,1966665873.899171,86431799.99031426,Jackson,-0.3203509910196664,-0.7888388211210253,linear,0.058352777055228636,1.4967228465783241e+23,0.9017771203992183,0.058352777055228636
87,4.28,0.62,1173.9553407126762,318.0,4322.648283079287,0.0189,2585720068.968204,57488998.23665132,Jackson,-0.28027249807416094,-0.732951888259467,linear,0.12368343242105055,5.9956281048648236e+22,0.2479985804651812,0.12368343242105055
88,4.28,0.62,1173.9553407126762,318.0,8659.744329442017,0.0189,1166046543.6890607,72153281.03128698,Jackson,-0.49714399829945655,-0.7130822043514462,log,0.30760362314577405,3.547871304956092e+22,0.38397356844379915,0.30760362314577405
89,4.28,0.62,1173.9553407126762,318.0,2614.4759558678124,0.0189,4741360114.105038,45922106.566718295,Jackson,-0.4515625418719197,-0.6200321593080823,log,0.051955132175547564,2.0554283967481834e+23,0.9931976844236662,0.051955132175547564
90,4.28,0.62,1173.9553407126762,318.0,3193.109450490818,0.0189,3720365513.2316675,45225036.24364982,Jackson,-0.3460530137794825,-0.689277975595446,log,0.09758492123592646,1.5053194392438732e+23,0.5905005839569206,0.09758492123592646
91,4.28,0.62,1173.9553407126762,318.0,2728.6690491288145,0.0189,4499947477.915684,9007132.873249678,Jackson,-0.45022023186741394,-0.7398594680860896,log,0.0669112645371099,7.898777592265938e+22,0.17658891028291956,0.0669112645371099
92,4.28,0.62,1173.9553407126762,318.0,2751.2625630179496,0.0189,4454931651.434517,11723113.752051547,Jackson,-0.4463974865468327,-0.691395078686901,log,0.20152890151887576,9.086877001722333e+22,0.2446276764640788,0.20152890151887576
93,4.28,0.62,1173.9553407126762,318.0,2479.5720609535733,0.0189,2997648174.1272173,42514544.80030139,Selsis,-0.28724381293103557,-0.7473283804478986,log,0.29062891299708954,9.495625382875479e+22,0.38501742463444566,0.29062891299708954
94,4.28,0.62,1173.9553407126762,318.0,2700.5066189901268,0.0189,2798250029.0058866,55066083.73684272,Selsis,-0.42418814242876723,-0.7882104322526383,log,0.4739555976958529,1.2823552076102507e+23,0.9119282018415471,0.4739555976958529
95,4.28,0.62,1173.9553407126762,318.0,3566.957637600008,0.0189,2241538759.1952477,66419879.058369435,Selsis,-0.2875053977555564,-0.6950255609585605,log,0.06925934710157954,6.169385504537512e+22,0.325739568655689,0.06925934710157954
96,4.28,0.62,1173.9553407126762,318.0,1469.7933116988665,0.0189,10506950379.113808,57375977.90146387,Jackson,-0.4487552510737721,-0.6840843033594297,GP,0.4571935531232462,1.7565318280052173e+23,0.46278544677793043,0.4571935531232462
97,4.28,0.62,1173.9553407126762,318.0,527.9510048709221,0.0189,12353052769.949253,80465218.90082031,Selsis,-0.344090156640449,-0.6415872566268188,log,0.06420212040279087,1.6890767558265782e+23,0.43371884601917,0.06420212040279087
98,4.28,0.62,1173.9553407126762,318.0,6220.067398762833,0.0189,1687715494.7001362,49943785.55544381,Jackson,-0.40058162603554576,-0.7777306133400999,log,0.05044332417451187,2.3804922399456015e+22,0.03539406327630035,0.05044332417451187
99,4.28,0.62,1173.9553407126762,318.0,8427.244326049722,0.0189,1172762415.2324843,55522383.08766599,Selsis,-0.30057818870515896,-0.6903729178624239,GP,0.16740487426456468,2.9153341932999163e+22,0.2895225158034378,0.16740487426456468
100,4.28,0.62,1173.9553407126762,318.0,4650.562838056464,0.0189,2370747591.4185696,6436666.205046484,Jackson,-0.44053718491028293,-0.7823138085470978,log,0.2802584601674192,9.659842076958237e+22,0.6596737086076546,0.2802584601674192
101,4.28,0.62,1173.9553407126762,318.0,2233.914322659538,0.0189,5840581528.881084,31493500.970757823,Jackson,-0.3240004275387889,-0.6961180685799249,GP,0.06666856596295843,1.934505157757858e+23,0.506753956861985,0.06666856596295843
102,4.28,0.62,1173.9553407126762,318.0,4351.776087117817,0.0189,2565174795.242045,45133721.12135107,Jackson,-0.3215282916801207,-0.605741254952691,GP,0.3533984284551388,2.2425914822576816e+23,0.9958708160154539,0.3533984284551388
103,4.28,0.62,1173.9553407126762,318.0,739.0223987610051,0.0189,8779754086.667826,44412080.592429206,Selsis,-0.30029755491608984,-0.6321800008023312,GP,0.3991991241372847,3.136131223145576e+23,0.9390117750018515,0.3991991241372847
104,4.28,0.62,1173.9553407126762,318.0,1789.3267782662333,0.0189,7942923337.172016,64045127.20310811,Jackson,-0.36265935012781253,-0.7079714798614656,GP,0.40788969127449415,1.8144981373212563e+23,0.433491766722494,0.40788969127449415
105,4.28,0.62,1173.9553407126762,318.0,1978.6640671933444,0.0189,6902361201.886468,63707021.82123808,Jackson,-0.29181508483707075,-0.6229851984161296,log,0.07216218590817511,1.0654943102680281e+23,0.06556115026685916,0.07216218590817511
106,4.28,0.62,1173.9553407126762,318.0,2708.411227829187,0.0189,4541051398.0170145,25843712.002289876,Jackson,-0.3413924709435473,-0.7636197978942608,linear,0.4231580794020674,1.3079438009522127e+23,0.3944216427758107,0.4231580794020674
107,4.28,0.62,1173.9553407126762,318.0,1357.947809640725,0.0189,4942304619.4470215,52310028.04751715,Selsis,-0.4219341682939382,-0.6652535935794257,GP,0.05451459741195913,6.517764095561704e+22,0.04457236735514869,0.05451459741195913
108,4.28,0.62,1173.9553407126762,318.0,1126.3214690621116,0.0189,5869043141.287543,91860716.58447115,Selsis,-0.3141640396726387,-0.6533691859747959,linear,0.05362306409226693,1.8426949164209047e+23,0.6154076848245597,0.05362306409226693
109,4.28,0.62,1173.9553407126762,318.0,3127.663810258472,0.0189,3814160943.851632,28386770.02477462,Jackson,-0.3960799460210558,-0.7061064575525118,linear,0.10918677333978805,1.4846846645791601e+23,0.7422804884819927,0.10918677333978805
110,4.28,0.62,1173.9553407126762,318.0,1456.6646506508632,0.0189,4655035124.480794,36267352.22740566,Selsis,-0.3151962194521699,-0.7379927081821628,log,0.060905095055275194,1.4623788287503295e+23,0.5518909141794215,0.060905095055275194
111,4.28,0.62,1173.9553407126762,318.0,2841.8228310100963,0.0189,4282791523.4181023,64999143.08644104,Jackson,-0.3886032512261341,-0.6256419073486086,log,0.23099170940658817,6.758201613465124e+22,0.07772660382388019,0.23099170940658817
112,4.28,0.62,1173.9553407126762,318.0,4085.909790463346,0.0189,2765142739.20893,50787271.28085531,Jackson,-0.2869434006153071,-0.7106832762596798,GP,0.12188655488551235,1.7164072455212287e+23,0.7044914895068555,0.12188655488551235
113,4.28,0.62,1173.9553407126762,318.0,2859.842873297405,0.0189,4250040410.767583,47156883.84942297,Jackson,-0.4413141474770719,-0.7567976753364077,GP,0.09895940712119364,7.839163831631501e+22,0.20651635128587442,0.09895940712119364
114,4.28,0.62,1173.9553407126762,318.0,3494.2234898426877,0.0189,3337421854.464912,44647629.9086299,Jackson,-0.3580162638145925,-0.784047456001769,GP,0.09827117521780754,8.285878531264828e+22,0.28103008195200374,0.09827117521780754
115,4.28,0.62,1173.9553407126762,318.0,4454.544511491689,0.0189,2495120716.3858166,96307489.53125282,Jackson,-0.34210860518577907,-0.6323428751483324,log,0.10398554785196497,1.3973632715434083e+23,0.6969402704846012,0.10398554785196497
116,4.28,0.62,1173.9553407126762,318.0,2613.1850802424788,0.0189,4744229645.356382,16871990.429159578,Jackson,-0.4237868618890945,-0.799653200443808,log,0.32177501911232265,1.5079204485308568e+23,0.8373194872006727,0.32177501911232265
117,4.28,0.62,1173.9553407126762,318.0,627.3158063850256,0.0189,10343110248.636284,17971342.4775085,Selsis,-0.4408294393373949,-0.6960192787140871,linear,0.10163840202183944,6.2601194244977965e+22,0.08966139936825668,0.10163840202183944
118,4.28,0.62,1173.9553407126762,318.0,4675.428380742455,0.0189,1815502825.6996646,18974509.501402985,Selsis,-0.4998834305043694,-0.6714985654441272,GP,0.1487411858084698,2.4758153533665638e+22,0.012264843079396126,0.1487411858084698
119,4.28,0.62,1173.9553407126762,318.0,8030.409192385456,0.0189,1269123728.081902,75793754.89651194,Jackson,-0.31107144781878193,-0.7500036384516582,GP,0.10794254377236293,3.3471584401248047e+22,0.3208963794743144,0.10794254377236293
120,4.28,0.62,1173.9553407126762,318.0,1654.7621874486397,0.0189,8869667608.662167,29351513.384577747,Jackson,-0.4574038212331113,-0.7757053864005353,linear,0.05531266163275284,1.2228981636006644e+23,0.4532031905679379,0.05531266163275284
121,4.28,0.62,1173.9553407126762,318.0,4181.448109241607,0.0189,2689947799.0496573,41573976.82127258,Jackson,-0.3542428162135224,-0.792873829171877,GP,0.06145559813788912,8.062680531287034e+22,0.36266458517750566,0.06145559813788912
122,4.28,0.62,1173.9553407126762,318.0,19569.28330215478,0.0189,641903335.8375262,17262503.273261145,Selsis,-0.41552066724109366,-0.7305772247524155,GP,0.1588212015010931,5.1165501448816544e+22,0.7863275223322059,0.1588212015010931
123,4.28,0.62,1173.9553407126762,318.0,5725.444376923583,0.0189,1856504118.3061116,45818204.49105532,Jackson,-0.42759663704220474,-0.6282998517005661,linear,0.32974126468137666,3.1620730736040984e+22,0.11510943701712706,0.32974126468137666
124,4.28,0.62,1173.9553407126762,318.0,7320.546707671643,0.0189,1406338075.0163946,76465684.29820332,Jackson,-0.3021430148357532,-0.6876830815839883,linear,0.07496946289731324,1.4994145220265133e+23,0.9900878116039218,0.07496946289731324
125,4.28,0.62,1173.9553407126762,318.0,2542.154971895241,0.0189,4907370972.950908,32690660.600859568,Jackson,-0.3469103639075603,-0.6256774822466477,log,0.19583739476497844,2.16380783012327e+23,0.6971781042752115,0.19583739476497844
126,4.28,0.62,1173.9553407126762,318.0,3825.9991611670716,0.0189,2991577294.691919,33663091.791600764,Jackson,-0.36402139611739365,-0.6241267125612565,linear,0.053012036491187395,8.267076871211352e+22,0.3193470612443765,0.053012036491187395
127,4.28,0.62,1173.9553407126762,318.0,829.8896037770495,0.0189,7839114311.819235,93334226.41170207,Selsis,-0.4067688995263266,-0.6397096715556083,GP,0.4044984996236468,1.618342647487971e+23,0.6671908993500727,0.4044984996236468
128,4.28,0.62,1173.9553407126762,318.0,1594.6838918854464,0.0189,4312232117.273703,58214475.85783499,Selsis,-0.4536853951243359,-0.6271548100482258,GP,0.2726282273266456,1.5178584022772072e+23,0.797079823443127,0.2726282273266456
129,4.28,0.62,1173.9553407126762,318.0,6501.361365668811,0.0189,1418572121.168626,58318818.35616083,Selsis,-0.459352677069994,-0.6358886883545767,linear,0.05243933134643766,9.144136430525323e+22,0.7755272667385348,0.05243933134643766
130,4.28,0.62,1173.9553407126762,318.0,3974.2568564617645,0.0189,2858268784.476598,30901361.734918717,Jackson,-0.4152430346053406,-0.6223790613357493,linear,0.13915670071079034,4.929889066566312e+22,0.11443555514153247,0.13915670071079034
131,4.28,0.62,1173.9553407126762,318.0,9663.218087705085,0.0189,1030593914.0625165,89582908.5430983,Jackson,-0.2985754031196106,-0.7294305050504685,log,0.16189511602399462,1.5606424054732526e+22,0.09268935863437922,0.16189511602399462
132,4.28,0.62,1173.9553407126762,318.0,1319.6864590437128,0.0189,5070611568.754904,55598003.69982035,Selsis,-0.38772822413327723,-0.7556772269329559,GP,0.1514221276327749,9.185013583804072e+22,0.3646329499140416,0.1514221276327749
133,4.28,0.62,1173.9553407126762,318.0,2089.231997174781,0.0189,6402711695.814131,93252964.25498676,Jackson,-0.38723038300963186,-0.6629449810540664,GP,0.137220080672819,1.2408400379430084e+23,0.2070979095527229,0.137220080672819
134,4.28,0.62,1173.9553407126762,318.0,5090.151921734666,0.0189,2130786950.0172935,15586242.25976348,Jackson,-0.37659224639255573,-0.6364163952975914,linear,0.4696566297339901,1.5710592976221945e+23,0.9451893327845978,0.4696566297339901
135,4.28,0.62,1173.9553407126762,318.0,3615.508993623531,0.0189,3202527147.036231,35712523.1130968,Jackson,-0.34589722119735944,-0.764218019844494,log,0.3252075329970056,4.703500416667498e+22,0.04477920309049255,0.3252075329970056
136,4.28,0.62,1173.9553407126762,318.0,2507.4781924885983,0.0189,2970614319.808441,86693013.64890012,Selsis,-0.28929295147702744,-0.7230333387667064,GP,0.0651382092445772,1.374114676252849e+23,0.6109490790751023,0.0651382092445772
137,4.28,0.62,1173.9553407126762,318.0,788.0723413735091,0.0189,8243229136.414515,86610422.10394606,Selsis,-0.46490005363501896,-0.7097467620955985,linear,0.17950173034676412,1.2238641727079933e+23,0.8001400338134054,0.17950173034676412
138,4.28,0.62,1173.9553407126762,318.0,1962.1997484459248,0.0189,6982819909.260736,79891153.47807583,Jackson,-0.4025281497324559,-0.7772541665511881,log,0.1373643826573604,9.296721443429566e+22,0.053284286778889745,0.1373643826573604
139,4.28,0.62,1173.9553407126762,318.0,2265.361859541532,0.0189,5730102448.038498,23315811.50400898,Jackson,-0.39463971427689204,-0.6682835575594868,log,0.18328355805043187,1.6149142113937384e+23,0.5261954868861128,0.18328355805043187
140,4.28,0.62,1173.9553407126762,318.0,1632.915222881927,0.0189,4227340256.2385387,7079288.057811205,Selsis,-0.29119287589262305,-0.7450057917350748,GP,0.38446172560522573,2.5001393308774713e+23,0.9671793812192768,0.38446172560522573
141,4.28,0.62,1173.9553407126762,318.0,925.7374700978808,0.0189,7058118577.583544,48351119.253934264,Selsis,-0.306465016851672,-0.7553045664825798,log,0.23334994509744714,2.0012427435468652e+23,0.6896149050358759,0.23334994509744714
142,4.28,0.62,1173.9553407126762,318.0,3166.5740649127247,0.0189,3757858705.97194,99749185.08635633,Jackson,-0.3146830411351921,-0.7788400628097405,log,0.36856854562399216,1.2497339544775209e+23,0.42397886260683026,0.36856854562399216
143,4.28,0.62,1173.9553407126762,318.0,1222.8342356606038,0.0189,5438230638.63448,76260279.81795529,Selsis,-0.3096475828932621,-0.7762833104271485,log,0.06024502069881212,2.3955869160861272e+23,0.9999741181004517,0.06024502069881212
144,4.28,0.62,1173.9553407126762,318.0,5289.117714169847,0.0189,1653495997.5631006,41389801.91367629,Selsis,-0.38769671230583636,-0.6413375718717657,log,0.4067172053452874,2.869829062427899e+22,0.12344304030749598,0.4067172053452874
145,4.28,0.62,1173.9553407126762,318.0,1620.5040443241348,0.0189,9137152175.378746,67026146.18343943,Jackson,-0.41947926389098444,-0.6287551191158619,linear,0.2565118145502446,1.7285053959458303e+23,0.2542704077075859,0.2565118145502446
146,4.28,0.62,1173.9553407126762,318.0,5830.7881945645695,0.0189,1537546511.3860033,60861606.44865447,Selsis,-0.3214826482064264,-0.7701435139549155,linear,0.43594924947485064,1.1895998128553963e+23,0.832711772667133,0.43594924947485064
147,4.28,0.62,1173.9553407126762,318.0,4969.35771305162,0.0189,1732707587.6842983,49585166.3164417,Selsis,-0.49703449066370997,-0.6467397428950646,GP,0.10192079082537109,1.1056667360499474e+23,0.8697500170890888,0.10192079082537109
148,4.28,0.62,1173.9553407126762,318.0,2873.780991860228,0.0189,2661766125.7776384,68716926.21063651,Selsis,-0.472518237567047,-0.7110688866913747,log,0.3357383107213715,7.31626741895312e+22,0.46035613692359456,0.3357383107213715
149,4.28,0.62,1173.9553407126762,318.0,1732.1564352865416,0.0189,8314390173.981943,47144036.31320177,Jackson,-0.45205472851669576,-0.641628820284593,linear,0.18128345982186153,1.4925860459908537e+23,0.24985140638070824,0.18128345982186153
150,4.28,0.62,1173.9553407126762,318.0,951.7021416037502,0.0189,6875137647.420055,13604159.298336618,Selsis,-0.37223898031924885,-0.6094653995735582,GP,0.20445564438619274,1.0689638218945182e+23,0.11530713445705543,0.20445564438619274
151,4.28,0.62,1173.9553407126762,318.0,1577.296205425247,0.0189,4352173832.527929,89098385.63447458,Selsis,-0.451054864950113,-0.7762534830310284,GP,0.06230967302990074,5.216119891756278e+22,0.13039807296713213,0.06230967302990074
152,4.28,0.62,1173.9553407126762,318.0,1719.9195179238448,0.0189,4047908597.6969714,31435631.664475378,Selsis,-0.44917594509204,-0.7924956477484537,linear,0.2522858380982677,4.4395133586640994e+22,0.02148101395993407,0.2522858380982677
153,4.28,0.62,1173.9553407126762,318.0,1555.4556818426722,0.0189,4403584411.80341,96940258.70313877,Selsis,-0.30605268115197104,-0.7493802834839014,GP,0.10634266089841671,1.1338962671656182e+23,0.36860765985608657,0.10634266089841671
154,4.28,0.62,1173.9553407126762,318.0,3496.0088692072914,0.0189,3335357879.1199956,32090178.559765056,Jackson,-0.40376098185521836,-0.7674506619352743,linear,0.07806580493236955,5.00418089241582e+22,0.05336988750117322,0.07806580493236955
155,4.28,0.62,1173.9553407126762,318.0,4498.787907853884,0.0189,2466030979.0947537,26010240.341598064,Jackson,-0.3191832938369363,-0.7157544639315865,linear,0.08109682657570895,5.105966021792364e+22,0.19366506085617052,0.08109682657570895
156,4.28,0.62,1173.9553407126762,318.0,12236.002970318366,0.0189,793526026.6519084,10221190.646328356,Jackson,-0.4260124156464565,-0.6992955455494446,log,0.06056424195841552,2.5398520430062746e+22,0.383858268111828,0.06056424195841552
157,4.28,0.62,1173.9553407126762,318.0,8027.454672736374,0.0189,1215571991.0131779,61731150.0242494,Selsis,-0.32512152937178207,-0.7640353819441522,GP,0.23749380586912278,7.459109552480927e+22,0.6836350379221017,0.23749380586912278
158,4.28,0.62,1173.9553407126762,318.0,2549.5636097011197,0.0189,4889859613.572481,79504380.67309646,Jackson,-0.3486309756834654,-0.6729543094527939,linear,0.08457054246718569,1.2806337392761645e+23,0.325063128039077,0.08457054246718569
159,4.28,0.62,1173.9553407126762,318.0,4514.3598790003,0.0189,2455919497.188112,38607812.693559185,Jackson,-0.3272757254540851,-0.7178678732625011,log,0.13959996180552842,1.2800961764491337e+23,0.6413711331991032,0.13959996180552842
160,4.28,0.62,1173.9553407126762,318.0,3025.524228651052,0.0189,3969911946.393043,84863480.62127213,Jackson,-0.490121978235629,-0.6227659910081947,log,0.1479327981131083,1.050193620931389e+23,0.35686461227497546,0.1479327981131083
161,4.28,0.62,1173.9553407126762,318.0,1542.681448433205,0.0189,4434315641.499625,63596340.471366934,Selsis,-0.299386466235855,-0.6834260681584922,log,0.10405758887565696,1.9173606667319656e+23,0.7259185139041915,0.10405758887565696
162,4.28,0.62,1173.9553407126762,318.0,1635.6302720544095,0.0189,4221459232.947406,87001875.06310357,Selsis,-0.28129689772863636,-0.7798487750273206,linear,0.2084404960714433,6.807833254608298e+22,0.0895710509557135,0.2084404960714433
163,4.28,0.62,1173.9553407126762,318.0,7088.897710630377,0.0189,1457637752.4761088,68861448.78307591,Jackson,-0.4673561821612348,-0.7286996856774447,linear,0.4450914978048676,9.10709057769648e+22,0.896474063445906,0.4450914978048676
164,4.28,0.62,1173.9553407126762,318.0,4852.421362103783,0.0189,1764365560.3554559,21267433.7814046,Selsis,-0.3834024881049787,-0.6848504168562634,linear,0.23716285589650024,3.817431693122421e+22,0.21343009670721846,0.23716285589650024
165,4.28,0.62,1173.9553407126762,318.0,33587.85473176532,0.0189,275517111.45799136,34887896.93948345,Jackson,-0.4959624009086586,-0.704778569150737,GP,0.1559120596253409,3.163328884630887e+22,0.991776651584118,0.1559120596253409
166,4.28,0.62,1173.9553407126762,318.0,4370.564775436685,0.0189,1912544671.4643965,10313429.90301456,Selsis,-0.4350459564534174,-0.7023943776877603,log,0.2845766603411107,7.632850827907896e+22,0.550806770803778,0.2845766603411107
167,4.28,0.62,1173.9553407126762,318.0,4539.774500445944,0.0189,1857189873.7232542,56413903.578835554,Selsis,-0.4548875137859956,-0.6930168467488311,log,0.09785471647467432,1.2177883730594415e+23,0.959691167759528,0.09785471647467432
168,4.28,0.62,1173.9553407126762,318.0,1460.175438833011,0.0189,4645525355.809567,54470927.90493948,Selsis,-0.4105162263370215,-0.6360725279285715,linear,0.4410950933325296,1.3603089095975516e+23,0.6145473081710984,0.4410950933325296
169,4.28,0.62,1173.9553407126762,318.0,4123.000033157725,0.0189,2735478239.5870633,91777135.5602106,Jackson,-0.3536908805119317,-0.7789517849707716,GP,0.14992134166189394,1.55703211251752e+23,0.9196856252743075,0.14992134166189394
170,4.28,0.62,1173.9553407126762,318.0,6283.799914956201,0.0189,1454644484.9822497,88971894.84114334,Selsis,-0.32253267133722036,-0.7278779453941848,GP,0.2910609819657154,9.306047575173969e+22,0.7204489897349605,0.2910609819657154
171,4.28,0.62,1173.9553407126762,318.0,1613.0600786475231,0.0189,9197192856.931849,36459746.20582869,Jackson,-0.45762224312220234,-0.7400810933583196,GP,0.2978998433614555,1.2937581997025653e+23,0.41312167352460416,0.2978998433614555
172,4.28,0.62,1173.9553407126762,318.0,7608.465444253598,0.0189,1264206870.639688,23315706.508551463,Selsis,-0.3076867548154496,-0.744240706768045,linear,0.07163285496374533,1.2373256660265163e+23,0.8950666619032155,0.07163285496374533
173,4.28,0.62,1173.9553407126762,318.0,633.6195637009674,0.0189,10238864865.631966,36380928.02877546,Selsis,-0.3477664025234401,-0.7465842532555444,linear,0.05981817868866244,1.5393348883449336e+23,0.642583235762173,0.05981817868866244
174,4.28,0.62,1173.9553407126762,318.0,1722.3268511103074,0.0189,4043195388.9014735,49610936.828400545,Selsis,-0.35108566017425663,-0.6590153919122735,GP,0.06301651653342251,1.048938128467544e+23,0.37418314767945426,0.06301651653342251
175,4.28,0.62,1173.9553407126762,318.0,1420.7503348715907,0.0189,11034388923.741968,97181962.81419902,Jackson,-0.413311748716644,-0.6855090374872027,GP,0.3814713488187431,1.6346055921197662e+23,0.23223569327351568,0.3814713488187431
176,4.28,0.62,1173.9553407126762,318.0,2858.3638640201825,0.0189,4252710496.1883106,70978833.32413901,Jackson,-0.4903154992995195,-0.7666612165348727,GP,0.12029655173569878,1.0378307109207161e+23,0.5574553217557398,0.12029655173569878
177,4.28,0.62,1173.9553407126762,318.0,3712.0785758416614,0.0189,3102337684.870905,11153115.206997259,Jackson,-0.3232016549352255,-0.7656387123680396,log,0.0712036988290059,7.4591849292178e+22,0.2555470955578556,0.0712036988290059
178,4.28,0.62,1173.9553407126762,318.0,866.1726828117697,0.0189,7521975176.349494,57584214.05034157,Selsis,-0.4657785815122665,-0.6626134724304208,GP,0.21879218933684674,1.1223422838432602e+23,0.5351091462988761,0.21879218933684674
179,4.28,0.62,1173.9553407126762,318.0,1959.1687018223577,0.0189,6997816951.819243,41063195.33174851,Jackson,-0.4230493473861621,-0.6696320343507319,linear,0.07092092652931367,1.673491697628275e+23,0.5392718097271305,0.07092092652931367
180,4.28,0.62,1173.9553407126762,318.0,4274.658705933774,0.0189,2620265015.3477345,19973860.267130323,Jackson,-0.498543086945903,-0.6124837988820975,GP,0.10754580959197114,3.6617408215357522e+22,0.0216462809525787,0.10754580959197114
181,4.28,0.62,1173.9553407126762,318.0,936.1874077414595,0.0189,6983192716.38751,27913067.805279113,Selsis,-0.35958255821116436,-0.7243583484947786,GP,0.4172159893019337,8.198342835748557e+22,0.1067366663603665,0.4172159893019337
182,4.28,0.62,1173.9553407126762,318.0,1800.9968720029628,0.0189,7870745628.452442,23703125.729898274,Jackson,-0.34787291595735786,-0.6136159053308359,GP,0.2431240466284474,1.8313449128265124e+23,0.2606892678839794,0.2431240466284474
183,4.28,0.62,1173.9553407126762,318.0,1406.5857571933195,0.0189,4795784050.944921,32561241.373898946,Selsis,-0.49881408661073096,-0.6401980202480534,log,0.12609846114603876,8.48118504608105e+22,0.25866234400721877,0.12609846114603876
184,4.28,0.62,1173.9553407126762,318.0,2196.5022589746845,0.0189,5977142486.250103,21829416.387156636,Jackson,-0.423177674000982,-0.6610812745074295,log,0.232355274110168,1.3620782853254177e+23,0.36447314802283626,0.232355274110168
185,4.28,0.62,1173.9553407126762,318.0,2149.1695919477734,0.0189,6158414467.654193,35049250.56437957,Jackson,-0.4269713419422154,-0.6315801877384755,log,0.09993610668432162,2.2626001069285254e+23,0.960098084807466,0.09993610668432162
186,4.28,0.62,1173.9553407126762,318.0,2748.6177576967493,0.0189,2758767860.067669,55511639.334572226,Selsis,-0.4337669101517573,-0.6261480947105195,GP,0.29792722877804045,1.5612217127756928e+23,0.951153052483466,0.29792722877804045
187,4.28,0.62,1173.9553407126762,318.0,1628.8559137860157,0.0189,9070619812.078959,49625691.17499724,Jackson,-0.4750002708416597,-0.754953597357051,log,0.16571711945959022,1.2021857090545591e+23,0.45589755974044044,0.16571711945959022
188,4.28,0.62,1173.9553407126762,318.0,3589.518483925419,0.0189,3230551971.172067,79659052.2472517,Jackson,-0.3139825120104184,-0.7038194279336111,linear,0.08745871561775127,4.691626117278662e+22,0.04587040908107698,0.08745871561775127
189,4.28,0.62,1173.9553407126762,318.0,19120.927066252676,0.0189,652337175.9181851,95906635.0628889,Selsis,-0.37504003521118956,-0.6587827235973176,linear,0.151599470830727,2.9670742494730082e+22,0.5998981133502268,0.151599470830727
190,4.28,0.62,1173.9553407126762,318.0,2767.265926842393,0.0189,4423561345.484437,2854931.471857371,Jackson,-0.40982380143194724,-0.7122689279996438,GP,0.10448407877140539,1.819741454512522e+23,0.9930858239488095,0.10448407877140539
191,4.28,0.62,1173.9553407126762,318.0,2302.0768812631586,0.0189,5605829715.516975,6646367.282735334,Jackson,-0.3532800771142381,-0.6366619862119081,linear,0.07886419165480561,2.3121686138627375e+23,0.7416309854935421,0.07886419165480561
192,4.28,0.62,1173.9553407126762,318.0,714.8358435210307,0.0189,9073510924.5006,97525613.83606578,Selsis,-0.32220383611441905,-0.6547489992098474,log,0.06279893396838009,2.349077059140388e+23,0.759855367033287,0.06279893396838009
193,4.28,0.62,1173.9553407126762,318.0,4937.889069405876,0.0189,2208437630.2968645,2798193.8189223562,Jackson,-0.4871997200186893,-0.6110050723475915,GP,0.15899916967214792,1.226934322880772e+23,0.7532514976677432,0.15899916967214792
194,4.28,0.62,1173.9553407126762,318.0,2438.837805695688,0.0189,3038170249.544865,81734642.40735546,Selsis,-0.4006517853809067,-0.6826436092605476,linear,0.11866937801085163,9.139198777679542e+22,0.49240945259241875,0.11866937801085163
195,4.28,0.62,1173.9553407126762,318.0,2290.9510961875676,0.0189,5642967962.660245,78340988.78473711,Jackson,-0.42882434010571985,-0.7565874798692489,log,0.06973516203810323,1.3686838580643213e+23,0.6219275443227525,0.06973516203810323
196,4.28,0.62,1173.9553407126762,318.0,1118.3342776608292,0.0189,5908123602.919554,89378217.41215657,Selsis,-0.29827313037140984,-0.6334301572124249,log,0.2099662782815019,2.6378209195507194e+23,0.8862978063524636,0.2099662782815019
197,4.28,0.62,1173.9553407126762,318.0,975.488479440159,0.0189,6716456741.474375,85330910.9622718,Selsis,-0.28372152595170935,-0.6983964101990427,linear,0.2280173648521681,2.1039175433801907e+23,0.6215096910683839,0.2280173648521681
198,4.28,0.62,1173.9553407126762,318.0,2707.3148818437066,0.0189,4543296299.872947,34267430.998481445,Jackson,-0.4227911798631322,-0.6647385744744511,log,0.4056441520197617,1.761083334304436e+23,0.8813683161873803,0.4056441520197617
199,4.28,0.62,1173.9553407126762,318.0,6825.37035197022,0.0189,1368724604.2875907,49327725.84922131,Selsis,-0.3070230339767264,-0.7153549858268972,log,0.14783444751051295,4.422263580238233e+22,0.39824983006861503,0.14783444751051295
200,4.28,0.62,1173.9553407126762,318.0,4011.875706972965,0.0189,2044172108.031844,63258893.278677575,Selsis,-0.3901959832013465,-0.7075276045033542,GP,0.08470679161887774,4.872801009554109e+22,0.2650319031586825,0.08470679161887774
201,4.28,0.62,1173.9553407126762,318.0,5771.978876652026,0.0189,1839066930.4342146,46005572.829513,Jackson,-0.4666851159541623,-0.7016286962449042,GP,0.0906297380341713,8.90142614871708e+22,0.7109867635024046,0.0906297380341713
202,4.28,0.62,1173.9553407126762,318.0,3831.9702152830055,0.0189,2985979736.03558,92818807.80235952,Jackson,-0.4851734706117726,-0.7289754626410311,GP,0.48572542960261683,9.599371922023571e+22,0.6177708574031815,0.48572542960261683
203,4.28,0.62,1173.9553407126762,318.0,1114.955350340303,0.0189,5924830920.38038,2203954.001476976,Selsis,-0.34161135354539496,-0.7828038905067976,log,0.2693585513115112,1.5369804870218374e+23,0.6304545620548275,0.2693585513115112
204,4.28,0.62,1173.9553407126762,318.0,2874.1688291279243,0.0189,4224341846.3013506,23058185.868959974,Jackson,-0.3612001695236501,-0.7298820019102548,log,0.21980776991451695,1.8414085855311866e+23,0.8398867854374334,0.21980776991451695
205,4.28,0.62,1173.9553407126762,318.0,1367.1326803350828,0.0189,4913844727.300531,97583997.37491792,Selsis,-0.3849942362285559,-0.7536694806965634,GP,0.0627892125695906,1.4397123663683229e+23,0.8084943799731302,0.0627892125695906
206,4.28,0.62,1173.9553407126762,318.0,3875.663726575232,0.0189,2945619710.5656343,28135888.3684898,Jackson,-0.36691648364738816,-0.7655881841864002,log,0.16536512512336143,6.39291045168845e+22,0.21367082265663084,0.16536512512336143
207,4.28,0.62,1173.9553407126762,318.0,1639.4345119609077,0.0189,8987586115.991474,34013675.024121694,Jackson,-0.302154403001664,-0.6545279690578664,log,0.05896126317968293,1.5299421960739446e+23,0.10565932903288966,0.05896126317968293
208,4.28,0.62,1173.9553407126762,318.0,2326.025822794222,0.0189,5527374985.450336,26740416.10264397,Jackson,-0.45272036217405326,-0.6274372327770569,log,0.24753195892225982,7.556589365112614e+22,0.01089368690447079,0.24753195892225982
209,4.28,0.62,1173.9553407126762,318.0,2139.4863884690985,0.0189,6196729975.327984,41951125.08717232,Jackson,-0.3650544197463209,-0.6226931511676388,log,0.13246874009964243,2.0340238081958364e+23,0.5347031144667101,0.13246874009964243
210,4.28,0.62,1173.9553407126762,318.0,3967.801861198646,0.0189,2061872231.5595725,4635987.044825163,Selsis,-0.38353132268333795,-0.7133544615496162,linear,0.09723103094131062,4.1510384489247785e+22,0.17785324694174465,0.09723103094131062
211,4.28,0.62,1173.9553407126762,318.0,2663.198574241526,0.0189,4635413808.783618,71949573.73538321,Jackson,-0.4073690818250383,-0.6573073418954348,log,0.06467597217603079,1.914559328445298e+23,0.960367718721048,0.06467597217603079
212,4.28,0.62,1173.9553407126762,318.0,1597.1136547007459,0.0189,9328218482.433365,58072843.092319846,Jackson,-0.4121712161737122,-0.7161950878376188,log,0.1586076139771586,1.466621312873516e+23,0.27517743601903477,0.1586076139771586
213,4.28,0.62,1173.9553407126762,318.0,4357.833907546332,0.0189,2560941126.964341,98104664.27322686,Jackson,-0.47605185595604305,-0.627718444536012,linear,0.23007673093246536,1.1640832033250243e+23,0.7135528008191384,0.23007673093246536
214,4.28,0.62,1173.9553407126762,318.0,2509.158346612719,0.0189,4987784290.359829,68400253.65694433,Jackson,-0.28196856259812897,-0.7855384215037541,log,0.09996529207346293,1.2464465044843151e+23,0.276743574527076,0.09996529207346293
215,4.28,0.62,1173.9553407126762,318.0,1804.824742672531,0.0189,7847327287.953463,91189130.16011281,Jackson,-0.44229615566897357,-0.6119125222691119,log,0.07377577564703319,2.1187515277729284e+23,0.5850674104567616,0.07377577564703319
216,4.28,0.62,1173.9553407126762,318.0,1365.0142869566403,0.0189,11693821881.872261,60307666.071755916,Jackson,-0.31829174289714907,-0.781706070317993,log,0.06353617969459661,3.2028145998533025e+23,0.784126117126309,0.06353617969459661
217,4.28,0.62,1173.9553407126762,318.0,2681.74361972534,0.0189,2813966341.554658,75074376.4409321,Selsis,-0.3913928421588711,-0.6633905767599749,GP,0.0782283151867452,1.412692894479708e+23,0.8593197343103609,0.0782283151867452
218,4.28,0.62,1173.9553407126762,318.0,1363.3520885254236,0.0189,4925513102.549947,55816668.333309844,Selsis,-0.32368084234328803,-0.6780119347644915,log,0.43740968090096377,7.877521890272363e+22,0.0927320928748453,0.43740968090096377
219,4.28,0.62,1173.9553407126762,318.0,1001.6347841349494,0.0189,6551109556.227008,73061811.88226883,Selsis,-0.297364057372612,-0.7780891041078278,GP,0.10816737021272506,2.6247717943695373e+23,0.9785874274847695,0.10816737021272506
220,4.28,0.62,1173.9553407126762,318.0,3994.442208136504,0.0189,2840992127.6601067,54854227.24090549,Jackson,-0.43751873784015644,-0.7383128877511627,GP,0.45866099229476986,1.2167912803059436e+23,0.8324487827431716,0.45866099229476986
221,4.28,0.62,1173.9553407126762,318.0,5174.081496548548,0.0189,1680960952.3105452,60483716.504402585,Selsis,-0.29121609348326716,-0.7542219082782142,linear,0.18469070792691913,1.52520392119143e+23,0.9027660425398162,0.18469070792691913
222,4.28,0.62,1173.9553407126762,318.0,960.6226264875397,0.0189,6814664418.064696,80643961.917377,Selsis,-0.4628538786914857,-0.7112085727611075,linear,0.18522415943250053,1.225119426615296e+23,0.7961616039490016,0.18522415943250053
223,4.28,0.62,1173.9553407126762,318.0,2548.794499304051,0.0189,4891671995.007718,73447840.06783737,Jackson,-0.4967978500894794,-0.6524978234107633,GP,0.10807298709230345,1.4936659150574857e+23,0.7204723753554303,0.10807298709230345
224,4.28,0.62,1173.9553407126762,318.0,3827.009436539965,0.0189,2990628806.686402,37803527.03321423,Jackson,-0.33151518057015184,-0.6070482159791846,linear,0.27536924082473524,1.2908601369242796e+23,0.5159332581332732,0.27536924082473524
225,4.28,0.62,1173.9553407126762,318.0,2759.033375717053,0.0189,4439646363.0469265,58459080.16120916,Jackson,-0.37391152927778076,-0.7621172405408037,GP,0.12886845414021686,1.0570117470870245e+23,0.3180879931146853,0.12886845414021686
226,4.28,0.62,1173.9553407126762,318.0,1420.809531898379,0.0189,4754811257.16533,9910193.966929046,Selsis,-0.29810788506805896,-0.6280821067962847,GP,0.4758013616921731,1.753041307561402e+23,0.5520169002525388,0.4758013616921731
227,4.28,0.62,1173.9553407126762,318.0,7619.010533433181,0.0189,1345248421.6392395,1986336.8601494033,Jackson,-0.2882285790050324,-0.7549269708180538,GP,0.22546882257300457,2.843533901025111e+22,0.19867831195563124,0.22546882257300457
228,4.28,0.62,1173.9553407126762,318.0,1065.6272931529984,0.0189,6181267079.604542,76925676.30406061,Selsis,-0.4420777771136385,-0.6346560753406044,linear,0.20727049423452282,1.0122030475547497e+23,0.2567729148491904,0.20727049423452282
229,4.28,0.62,1173.9553407126762,318.0,4394.710593422273,0.0189,2535454839.82944,96875739.95473301,Jackson,-0.3936625236705507,-0.6176937528747497,GP,0.22575336831500029,4.6267310186168605e+22,0.15111806265819994,0.22575336831500029
230,4.28,0.62,1173.9553407126762,318.0,1315.6462784830212,0.0189,5084839333.41757,15917520.851652358,Selsis,-0.3720899396750468,-0.7343438676309915,log,0.13327391102535044,6.7600676520902644e+22,0.053788259641821545,0.13327391102535044
231,4.28,0.62,1173.9553407126762,318.0,1881.765270373106,0.0189,7401903478.881069,56104653.688127,Jackson,-0.35012553037836874,-0.766173327060122,linear,0.05647497566500997,1.0016190535152745e+23,0.010929519763430817,0.05647497566500997
232,4.28,0.62,1173.9553407126762,318.0,1962.8147897935264,0.0189,3629084686.096726,89653438.61331564,Selsis,-0.3215380178033367,-0.7896546789829821,GP,0.2762702242645074,1.5468374683387578e+23,0.7428433756778571,0.2762702242645074
233,4.28,0.62,1173.9553407126762,318.0,966.6642129689783,0.0189,6774371018.244881,90386319.84179473,Selsis,-0.44661789808854113,-0.6778961869456198,linear,0.1582614973828203,1.4880331187192916e+23,0.8865556334394167,0.1582614973828203
234,4.28,0.62,1173.9553407126762,318.0,22811.4946654705,0.0189,577678475.5881641,68340638.08400561,Selsis,-0.4699514472628521,-0.6636194533934038,GP,0.16750997227103803,5.541467363177907e+22,0.909599497730923,0.16750997227103803
235,4.28,0.62,1173.9553407126762,318.0,1848.225183280036,0.0189,3813368621.459602,51438879.978096046,Selsis,-0.4237771657758856,-0.76728899169456,log,0.46916001034228544,7.5311975107587935e+22,0.3425055098331027,0.46916001034228544
236,4.28,0.62,1173.9553407126762,318.0,3685.1494505020164,0.0189,3129670252.289777,17566726.22167941,Jackson,-0.33868299334109897,-0.7284493378316914,GP,0.07180866518081791,4.2525109293970205e+22,0.008572060875496335,0.07180866518081791
237,4.28,0.62,1173.9553407126762,318.0,3868.051666912532,0.0189,2103321304.1557467,21661410.689222448,Selsis,-0.31903621338948224,-0.7345153800595048,log,0.2935546305929114,1.6619865464268642e+23,0.9290033616199475,0.2935546305929114
238,4.28,0.62,1173.9553407126762,318.0,2029.2313014744198,0.0189,3531490284.7154894,72899657.54686765,Selsis,-0.36324632951588964,-0.627543734502943,log,0.166356897363268,1.735424413895856e+23,0.8499401719629125,0.166356897363268
239,4.28,0.62,1173.9553407126762,318.0,3090.9188362398677,0.0189,3868829082.992785,16730203.022817725,Jackson,-0.34033497373661875,-0.7329294606755794,linear,0.10998528862637544,1.5894858035356505e+23,0.6232880965538634,0.10998528862637544
240,4.28,0.62,1173.9553407126762,318.0,506.2352377485075,0.0189,12910176132.488394,45290572.041649744,Selsis,-0.35874308426801843,-0.7190799959734954,GP,0.22887689095326333,1.3750424294544742e+23,0.5466698552069144,0.22887689095326333
241,4.28,0.62,1173.9553407126762,318.0,4297.749957192397,0.0189,1937609009.9460995,65374249.628794685,Selsis,-0.32129744752156975,-0.7731739086647804,log,0.4018587720484521,1.5061389172808707e+23,0.9175321269445844,0.4018587720484521
242,4.28,0.62,1173.9553407126762,318.0,1795.785786122725,0.0189,7902829003.658132,63863617.879551835,Jackson,-0.29044079942947126,-0.7457372343620451,linear,0.09743980409782077,1.725614521959194e+23,0.2225238988547611,0.09743980409782077
243,4.28,0.62,1173.9553407126762,318.0,1252.179580847187,0.0189,5320684898.636557,47375819.03705671,Selsis,-0.2852415152289032,-0.6235283273841971,log,0.36015498599044654,2.668311567230565e+23,0.8446551594983324,0.36015498599044654
244,4.28,0.62,1173.9553407126762,318.0,2417.438250527871,0.0189,5245443329.368412,86404571.44306685,Jackson,-0.30226250319008346,-0.6709666057376709,GP,0.1192446485052036,1.891619585474417e+23,0.4775883731772338,0.1192446485052036
245,4.28,0.62,1173.9553407126762,318.0,2479.728281295282,0.0189,5067906788.170863,56286582.367952965,Jackson,-0.39993110127976983,-0.6164603217728089,linear,0.07659104398187692,1.955008113466735e+23,0.703296340563743,0.07659104398187692
246,4.28,0.62,1173.9553407126762,318.0,3955.859467855708,0.0189,2874190776.3183875,51388138.58896246,Jackson,-0.29676078104325865,-0.6013838244089932,log,0.08370463612881858,1.565119142140724e+23,0.6180344045187669,0.08370463612881858
247,4.28,0.62,1173.9553407126762,318.0,15393.610108615447,0.0189,619209829.8095617,73020629.99542639,Jackson,-0.4468502385226799,-0.6094990943373881,log,0.35911556330041466,3.832638616587802e+22,0.7191354208805517,0.35911556330041466
248,4.28,0.62,1173.9553407126762,318.0,953.6772783715659,0.0189,6861645787.628925,54648941.709891476,Selsis,-0.3982802182575429,-0.7603721415519868,linear,0.06475775049328313,6.051548211610037e+22,0.08177980733768364,0.06475775049328313
249,4.28,0.62,1173.9553407126762,318.0,2929.136759087789,0.0189,4128427905.795742,14461502.296739144,Jackson,-0.475651397650302,-0.7100091140704353,log,0.4356193937537481,9.546217454842787e+22,0.3760799513482206,0.4356193937537481
250,4.28,0.62,1173.9553407126762,318.0,3737.199010530892,0.0189,3077248032.0204296,5045508.775262043,Jackson,-0.45836321368314875,-0.6084152506644628,linear,0.07869477089755647,1.3426815114572734e+23,0.6306419036774741,0.07869477089755647
251,4.28,0.62,1173.9553407126762,318.0,4164.5211005159335,0.0189,2702983937.6756334,94332688.85303333,Jackson,-0.4335874196280853,-0.684637354370826,GP,0.2671654677796092,7.729597335826178e+22,0.38191254824339005,0.2671654677796092
252,4.28,0.62,1173.9553407126762,318.0,1158.4422011784359,0.0189,5717505434.760523,86345316.30926628,Selsis,-0.4892304920796023,-0.6938451051685752,GP,0.16975218628648295,7.90366892310391e+22,0.3714156954172053,0.16975218628648295
253,4.28,0.62,1173.9553407126762,318.0,6037.221662193788,0.0189,1745467171.477337,31044415.751965977,Jackson,-0.37655217860020707,-0.7874775912371448,linear,0.0780439309070918,2.9670594882953946e+22,0.1111889893570831,0.0780439309070918
254,4.28,0.62,1173.9553407126762,318.0,2980.364493288569,0.0189,4042708054.6448026,15109818.730164824,Jackson,-0.4325619410885214,-0.7638658117222259,log,0.43600323328113977,1.0115189844552324e+23,0.43215913083082647,0.43600323328113977
255,4.28,0.62,1173.9553407126762,318.0,2741.5420560663024,0.0189,4474193540.268188,75394628.42495823,Jackson,-0.3017548736041022,-0.7771404592539233,linear,0.2696091319766596,1.6318653608057144e+23,0.4832574262106042,0.2696091319766596
256,4.28,0.62,1173.9553407126762,318.0,1571.877485842559,0.0189,9542533274.050558,19775340.432529483,Jackson,-0.42134100424230053,-0.673798297623588,GP,0.47030678336494675,2.2413352781025706e+23,0.800593607189363,0.47030678336494675
257,4.28,0.62,1173.9553407126762,318.0,9570.69668682869,0.0189,1041783663.7509974,91761599.78667842,Jackson,-0.41311704173163666,-0.6510450071157637,linear,0.05415659501873754,8.970310365195198e+22,0.9571579107166677,0.05415659501873754
258,4.28,0.62,1173.9553407126762,318.0,2707.5322402443494,0.0189,4542851064.36893,81482309.04757248,Jackson,-0.47816014771998677,-0.647069810438614,GP,0.19041021820942253,1.7246593351274226e+23,0.9721598830033129,0.19041021820942253
259,4.28,0.62,1173.9553407126762,318.0,2328.9451652536923,0.0189,5517947699.321422,14464132.817207366,Jackson,-0.4837528471037116,-0.6043075716846327,GP,0.15830638831301855,1.3366943572302775e+23,0.3075266393708336,0.15830638831301855
260,4.28,0.62,1173.9553407126762,318.0,2897.332625088118,0.0189,2644404672.429381,83308108.60797924,Selsis,-0.4242411832658506,-0.7245195554291151,log,0.15626095968959558,8.716434005848427e+22,0.5710464564345765,0.15626095968959558
261,4.28,0.62,1173.9553407126762,318.0,2756.6190352739177,0.0189,2752316341.9724607,90510392.76876833,Selsis,-0.4630468190030846,-0.6276080645167262,GP,0.4182158384887482,8.375412379382144e+22,0.4529673278158469,0.4182158384887482
262,4.28,0.62,1173.9553407126762,318.0,1877.0948143941366,0.0189,7427634846.751181,65164694.01930919,Jackson,-0.489610437896949,-0.6646534311213699,log,0.08843202151057895,1.12209027643978e+23,0.14779596166806808,0.08843202151057895
263,4.28,0.62,1173.9553407126762,318.0,2962.67745829519,0.0189,4071917400.293885,82645880.18586954,Jackson,-0.3077277938402066,-0.7753613359473831,log,0.09292682378219082,2.2116233873136395e+23,0.8347955646433247,0.09292682378219082
264,4.28,0.62,1173.9553407126762,318.0,4129.230188598748,0.0189,1998763888.8962219,65893210.800062574,Selsis,-0.36037389752054017,-0.6649338867756523,linear,0.0697524794132248,3.925031602600134e+22,0.1806210180716762,0.0697524794132248
265,4.28,0.62,1173.9553407126762,318.0,19960.992941401822,0.0189,471781136.5353365,43913109.1520106,Jackson,-0.31511861632608756,-0.7935169274482787,linear,0.10401834767622205,8.556101384012145e+21,0.17394674520802533,0.10401834767622205
266,4.28,0.62,1173.9553407126762,318.0,701.3775175452216,0.0189,9246444144.230715,28595237.15452414,Selsis,-0.335140653691169,-0.7016793367923339,linear,0.159684836228887,2.0211820416243002e+23,0.7772604276884892,0.159684836228887
267,4.28,0.62,1173.9553407126762,318.0,7078.414484494722,0.0189,1332673682.768075,47815802.48947055,Selsis,-0.38564290311070637,-0.663869301695323,log,0.054233829692149176,7.425047657371586e+22,0.6478598945458113,0.054233829692149176
268,4.28,0.62,1173.9553407126762,318.0,3451.8973439989118,0.0189,3387074069.4271812,41474829.82550048,Jackson,-0.31449330521563634,-0.7230628314517631,GP,0.1975871884192244,1.382648326819414e+23,0.5163978395556835,0.1975871884192244
269,4.28,0.62,1173.9553407126762,318.0,7530.01682320097,0.0189,1362910971.7850728,80181142.89217155,Jackson,-0.33284457926833133,-0.7980193924866457,linear,0.07438451207855486,1.1674053941147747e+23,0.9187425032546823,0.07438451207855486
270,4.28,0.62,1173.9553407126762,318.0,2311.780940074301,0.0189,3173300615.208567,44529761.66890129,Selsis,-0.28592189345220653,-0.6765948764129947,log,0.1346163272498639,2.2433793268943283e+23,0.9193613894734649,0.1346163272498639
271,4.28,0.62,1173.9553407126762,318.0,1811.9350848228557,0.0189,7804158433.223017,84150263.76914695,Jackson,-0.4292763933371322,-0.7126527474299362,GP,0.05815856100154741,1.76851016360082e+23,0.7436442647220391,0.05815856100154741
272,4.28,0.62,1173.9553407126762,318.0,2664.438579715336,0.0189,4632776161.840144,53633467.0403478,Jackson,-0.32407778341514715,-0.7309276207536809,GP,0.09975012641681383,1.0323175506208592e+23,0.22617982418472393,0.09975012641681383
273,4.28,0.62,1173.9553407126762,318.0,5014.7448905830925,0.0189,1720901850.2504208,48957778.639564686,Selsis,-0.3592671445444619,-0.6106509484124834,linear,0.05102002087865027,4.2391109099084224e+22,0.2770336917034819,0.05102002087865027
274,4.28,0.62,1173.9553407126762,318.0,5235.0262943981825,0.0189,2061622300.1329682,67476842.15729024,Jackson,-0.3002554132408245,-0.6331155522810441,GP,0.19515633524895404,9.585716462799614e+22,0.5548484031724216,0.19515633524895404
275,4.28,0.62,1173.9553407126762,318.0,3422.4534303928067,0.0189,3422450504.8659368,63871420.41068733,Jackson,-0.296847414437016,-0.7538268089752787,linear,0.28753281303186085,5.0758423626984e+22,0.05233320497265781,0.28753281303186085
276,4.28,0.62,1173.9553407126762,318.0,7348.798036101098,0.0189,1296636449.8437593,67968735.39612994,Selsis,-0.3434160357797448,-0.7703766936854692,linear,0.1880600048512764,9.174414647846486e+22,0.7739966520188784,0.1880600048512764
277,4.28,0.62,1173.9553407126762,318.0,2914.1867904299725,0.0189,4154100548.324642,48056476.31041549,Jackson,-0.3311058988382128,-0.7523283029909201,log,0.16263113780495245,7.923297957898676e+22,0.15846303950788343,0.16263113780495245
278,4.28,0.62,1173.9553407126762,318.0,3294.3023860438207,0.0189,3583725520.704082,64917898.95949785,Jackson,-0.40431168966243897,-0.7805791635252088,linear,0.22857667024727507,1.191247686272927e+23,0.6294912515203883,0.22857667024727507
279,4.28,0.62,1173.9553407126762,318.0,1934.7392844167111,0.0189,7120924924.36021,16973695.740916014,Jackson,-0.39513989650242304,-0.6059544251716049,log,0.061443352531436846,1.5264515510304908e+23,0.2225930331149959,0.061443352531436846
280,4.28,0.62,1173.9553407126762,318.0,858.2934650200901,0.0189,7588431697.771122,68174605.14613749,Selsis,-0.34387667393562293,-0.6941509341956432,GP,0.13334826595409457,2.155250870491087e+23,0.9128143859252444,0.13334826595409457
281,4.28,0.62,1173.9553407126762,318.0,2503.357485531034,0.0189,2974569978.3035345,36914693.359445766,Selsis,-0.35905433436671225,-0.6939159400715409,log,0.0644759784856703,1.3921165057422016e+23,0.7629236090753423,0.0644759784856703
282,4.28,0.62,1173.9553407126762,318.0,2779.3498219636363,0.0189,2734181195.704127,32515065.23205652,Selsis,-0.3263266301244846,-0.6348122512157683,GP,0.06512083739477893,1.7277490127542235e+23,0.8352959136831009,0.06512083739477893
283,4.28,0.62,1173.9553407126762,318.0,4558.350625609158,0.0189,2427778373.0474143,86842572.82945035,Jackson,-0.38509425477066134,-0.6123053026425971,GP,0.07604593042148763,3.689622298421693e+22,0.07057306494134585,0.07604593042148763
284,4.28,0.62,1173.9553407126762,318.0,1758.6481832363706,0.0189,8138459884.596713,59453510.63589456,Jackson,-0.33091511107806304,-0.6711128892313447,linear,0.06275344665014634,2.875518521264951e+23,0.7933450945738485,0.06275344665014634
285,4.28,0.62,1173.9553407126762,318.0,7484.726124713222,0.0189,1372075864.2859855,42020001.531033106,Jackson,-0.359158334820581,-0.7805394928691806,GP,0.10592790792594185,5.849811454320951e+22,0.5162526447228395,0.10592790792594185
286,4.28,0.62,1173.9553407126762,318.0,822.0321401778364,0.0189,7911711338.35826,75900774.79756999,Selsis,-0.3744833708857898,-0.7132430955834175,linear,0.21127940005054738,1.62423057106387e+23,0.8085869248507352,0.21127940005054738
287,4.28,0.62,1173.9553407126762,318.0,2879.4453959197995,0.0189,4214950966.4917064,96957484.22290073,Jackson,-0.40496606734010515,-0.646051563488916,linear,0.08849432811067708,1.705477588400233e+23,0.8029227419362576,0.08849432811067708
288,4.28,0.62,1173.9553407126762,318.0,11571.590687399224,0.0189,843305754.7384843,12010069.557248866,Jackson,-0.42692340160228043,-0.6161873902324834,GP,0.32402104930442266,1.7221522713630585e+22,0.1892966805244135,0.32402104930442266
289,4.28,0.62,1173.9553407126762,318.0,737.46536089372,0.0189,8798041018.926023,39026229.53851722,Selsis,-0.31920392402632486,-0.6758158389063124,log,0.11061866831006888,1.564411844299238e+23,0.3455080393797426,0.11061866831006888
290,4.28,0.62,1173.9553407126762,318.0,3989.2383037321806,0.0189,2845427040.431351,85229108.25141184,Jackson,-0.4532771544690493,-0.7011435007345481,GP,0.05171379005478564,1.1574052038392087e+23,0.7788364446228287,0.05171379005478564
291,4.28,0.62,1173.9553407126762,318.0,2223.0278375870394,0.0189,3276423050.0496354,94313141.40088588,Selsis,-0.31974121665283745,-0.6363901621653323,GP,0.0754969835111432,2.072556228241308e+23,0.9467201565436316,0.0754969835111432
292,4.28,0.62,1173.9553407126762,318.0,927.2888752925113,0.0189,7046880734.529681,30938257.164736174,Selsis,-0.3327759750380555,-0.6896220829109744,GP,0.2247420913673661,1.0717356942040612e+23,0.1558234189641744,0.2247420913673661
293,4.28,0.62,1173.9553407126762,318.0,2450.1271794399254,0.0189,5150889277.508859,10377774.125729155,Jackson,-0.47256420451386055,-0.6337389319198804,linear,0.07021421151844381,1.3554359095782462e+23,0.4348694133594626,0.07021421151844381
294,4.28,0.62,1173.9553407126762,318.0,2563.234346076659,0.0189,4857856381.683394,92726225.29301088,Jackson,-0.39717900991760874,-0.656760944176579,log,0.06533904455276635,6.8939840597224495e+22,0.033376165335466945,0.06533904455276635
295,4.28,0.62,1173.9553407126762,318.0,1934.6837968509235,0.0189,3672369313.3881326,83548482.14573573,Selsis,-0.4951137199990693,-0.7055848578973707,GP,0.23476492485218395,4.872617107282978e+22,0.06104165402629236,0.23476492485218395
296,4.28,0.62,1173.9553407126762,318.0,1623.765700726247,0.0189,4247300488.2724385,17884825.87264673,Selsis,-0.28947888252430837,-0.686053758617451,GP,0.14503644242399094,1.659687842497681e+23,0.5789788073115933,0.14503644242399094
297,4.28,0.62,1173.9553407126762,318.0,3562.2210523383096,0.0189,3260492949.5480094,50759520.81645601,Jackson,-0.3219601725188861,-0.6789521931617903,log,0.14272829178967297,4.61014041931881e+22,0.03022584636745529,0.14272829178967297
298,4.28,0.62,1173.9553407126762,318.0,3281.0174759622005,0.0189,3601113450.5656433,44808045.77847444,Jackson,-0.4924297979445976,-0.6325584408203503,GP,0.26961296908051996,1.5293266701495682e+23,0.8399978197781421,0.26961296908051996
299,4.28,0.62,1173.9553407126762,318.0,1344.6114892881124,0.0189,4984767456.862876,92861347.17501976,Selsis,-0.3311582635714497,-0.6418281142798283,log,0.06471740424184624,1.6318766440102632e+23,0.6005068375971803,0.06471740424184624
300,4.28,0.62,1173.9553407126762,318.0,3088.4331258170514,0.0189,3872581329.7061706,29779933.047161046,Jackson,-0.44130709470424223,-0.6297260761734833,log,0.2868558707232532,6.519602337785044e+22,0.10255382497910603,0.2868558707232532
301,4.28,0.62,1173.9553407126762,318.0,854.6221559095189,0.0189,7619840086.060004,40733770.30988679,Selsis,-0.4666245095812091,-0.6993851993640967,GP,0.09554684805274456,1.3055523924858195e+23,0.8133626089101432,0.09554684805274456
302,4.28,0.62,1173.9553407126762,318.0,957.8259810763329,0.0189,6833496358.378698,16627733.08541093,Selsis,-0.3845216099579619,-0.7291146724432098,log,0.19422746283204342,1.6206654243813573e+23,0.8474725557724131,0.19422746283204342
303,4.28,0.62,1173.9553407126762,318.0,8994.820045049555,0.0189,1117125675.3707747,53196922.51045157,Jackson,-0.3458287894700923,-0.6969480615492075,log,0.36541743376349883,3.6369049539465997e+22,0.4068000635584834,0.36541743376349883
304,4.28,0.62,1173.9553407126762,318.0,540.4066526418934,0.0189,12056003176.59826,22945323.44943969,Selsis,-0.4921396640899142,-0.7219944017918435,linear,0.1189205713816235,6.7546103159256666e+22,0.2930912402102571,0.1189205713816235
305,4.28,0.62,1173.9553407126762,318.0,4985.36008138639,0.0189,1728522709.9898643,55686506.01370621,Selsis,-0.4514853008437611,-0.7776483360336092,GP,0.055817227681101714,1.1082603352912157e+23,0.9339940449253679,0.055817227681101714
306,4.28,0.62,1173.9553407126762,318.0,807.063458224441,0.0189,8054174206.595068,11786407.566733098,Selsis,-0.4445969306095595,-0.6778212407027596,linear,0.15366027585997127,8.708370638145483e+22,0.3007007379005695,0.15366027585997127
307,4.28,0.62,1173.9553407126762,318.0,509.7667612287027,0.0189,12815949631.037888,35443915.39676961,Selsis,-0.4411496651520213,-0.7540719102183332,linear,0.4405371186547094,4.656359169048959e+22,0.0015993847581454723,0.4405371186547094
308,4.28,0.62,1173.9553407126762,318.0,674.2002202467881,0.0189,9618486950.9686,16292892.20402595,Selsis,-0.3160664864375075,-0.750098069303446,log,0.3131291328796598,9.889122035463594e+22,0.0853703101552914,0.3131291328796598
309,4.28,0.62,1173.9553407126762,318.0,2517.856184736787,0.0189,2960706806.708098,42930825.408662476,Selsis,-0.45597015994107365,-0.6539827525444357,log,0.1889475501627435,5.167608372990802e+22,0.13137591381623526,0.1889475501627435
310,4.28,0.62,1173.9553407126762,318.0,832.3450729416408,0.0189,7816726138.693307,71869656.38582274,Selsis,-0.37766486466574484,-0.7181103521741254,GP,0.491478805504186,8.413707037784364e+22,0.19414977011878298,0.491478805504186
311,4.28,0.62,1173.9553407126762,318.0,564.5422845698771,0.0189,11521741259.336239,59726670.799055845,Selsis,-0.35198275449162625,-0.740441778727073,linear,0.10516813684006977,1.2855975541379487e+23,0.4862034237455052,0.10516813684006977
312,4.28,0.62,1173.9553407126762,318.0,3121.475868281302,0.0189,2491635276.196941,27188266.433385115,Selsis,-0.4405522660209467,-0.6748818496885386,log,0.1278821991227906,1.1189253305208685e+23,0.7459782698435726,0.1278821991227906
313,4.28,0.62,1173.9553407126762,318.0,12563.485087020821,0.0189,771067094.0101199,85176966.54496862,Jackson,-0.4775441137160033,-0.7690384118152249,linear,0.1882347037417073,1.0668237421654137e+22,0.0648187786179869,0.1882347037417073
314,4.28,0.62,1173.9553407126762,318.0,9196.494363344227,0.0189,1089563011.9645767,19698721.76686828,Jackson,-0.41832522405174133,-0.7953596889694262,linear,0.2613427271614758,6.756333523343462e+22,0.712874072217427,0.2613427271614758
315,4.28,0.62,1173.9553407126762,318.0,44256.4909441591,0.0189,369873487.86150527,37350438.09646497,Selsis,-0.4369740745093132,-0.665931873635775,log,0.10268530696415827,1.6747662513835558e+22,0.5751131037586131,0.10268530696415827
316,4.28,0.62,1173.9553407126762,318.0,2282.488844036898,0.0189,5671515443.156159,87437740.42133822,Jackson,-0.46900225753958574,-0.6436284333535394,GP,0.4692861310567191,9.46991406053176e+22,0.12287361530992758,0.4692861310567191
317,4.28,0.62,1173.9553407126762,318.0,2950.7151536946667,0.0189,2606027225.4715915,42488550.24393392,Selsis,-0.39534862377509233,-0.641565405197422,linear,0.1341906919707375,7.85970138761273e+22,0.3936623772874682,0.1341906919707375
318,4.28,0.62,1173.9553407126762,318.0,1786.5338140277292,0.0189,7960374154.769329,49211557.69512959,Jackson,-0.38765562838831674,-0.6597149354404427,GP,0.1282239679302506,2.3760052361543227e+23,0.8277078597442677,0.1282239679302506
319,4.28,0.62,1173.9553407126762,318.0,5717.860835639429,0.0189,1859375979.2057993,88866206.71994786,Jackson,-0.4840828412803793,-0.7389992439309393,log,0.16573850574752194,4.697193922442976e+22,0.3023241458939099,0.16573850574752194
320,4.28,0.62,1173.9553407126762,318.0,1828.8163727960757,0.0189,3846794672.2184024,52104603.3943719,Selsis,-0.30327208566657443,-0.6300051748622267,GP,0.06075719042748051,6.7672512482163735e+22,0.12421664821365175,0.06075719042748051
321,4.28,0.62,1173.9553407126762,318.0,3240.7595202136913,0.0189,2418348174.024001,85009255.8307151,Selsis,-0.4361601372728244,-0.6632068436716593,GP,0.4311256661073035,9.526512261633867e+22,0.6334993520372976,0.4311256661073035
322,4.28,0.62,1173.9553407126762,318.0,1372.1699331229586,0.0189,4898396804.843839,55071698.62590093,Selsis,-0.47149574661727306,-0.6760758557329013,linear,0.053930791988405606,6.004265954872018e+22,0.05830801063146329,0.053930791988405606
323,4.28,0.62,1173.9553407126762,318.0,2663.271343817908,0.0189,4635258939.944273,23135277.937292386,Jackson,-0.4829998964456183,-0.7395406081430336,GP,0.1897663322984619,1.4911776875411084e+23,0.9392983196917537,0.1897663322984619
324,4.28,0.62,1173.9553407126762,318.0,2028.1207833368692,0.0189,3533071437.157423,40214599.95427234,Selsis,-0.28059815556299633,-0.7221034816395823,linear,0.051317559246099965,2.2062395701715625e+23,0.8678468721933313,0.051317559246099965
325,4.28,0.62,1173.9553407126762,318.0,3411.2480193597244,0.0189,3436098810.225212,32079991.935599297,Jackson,-0.37906445223890134,-0.7866348341084799,log,0.11741477428460453,8.314742316804982e+22,0.28522708665813445,0.11741477428460453
326,4.28,0.62,1173.9553407126762,318.0,3951.109398346255,0.0189,2878329258.603131,33885772.20951369,Jackson,-0.32540748141467,-0.6367174440664699,GP,0.06079944314189484,2.014244354691174e+23,0.8788261579217488,0.06079944314189484
327,4.28,0.62,1173.9553407126762,318.0,1780.2543805713076,0.0189,7999861704.634208,72633161.373479,Jackson,-0.39600448157923474,-0.7931196953432157,log,0.3029245672667347,9.702808043189638e+22,0.010725115982212374,0.3029245672667347
328,4.28,0.62,1173.9553407126762,318.0,2433.93602084732,0.0189,5197331928.399439,5075301.1321556065,Jackson,-0.3419740696746767,-0.7726994796308411,log,0.12508189063026934,2.163474742914617e+23,0.8511465375297176,0.12508189063026934
329,4.28,0.62,1173.9553407126762,318.0,2170.904467130882,0.0189,6073955950.11752,94452441.23205484,Jackson,-0.3979819125380922,-0.6042089106475308,GP,0.44039323438769296,1.30318048075104e+23,0.2169628150711651,0.44039323438769296
330,4.28,0.62,1173.9553407126762,318.0,5054.775370535877,0.0189,2148357149.1811423,29821697.18694217,Jackson,-0.3976632246636722,-0.7540416031642426,linear,0.16385323896908455,1.1617877473726522e+23,0.8118683863189502,0.16385323896908455
331,4.28,0.62,1173.9553407126762,318.0,21758.955186875784,0.0189,596599474.0652711,20092089.27636564,Selsis,-0.49064553003102757,-0.6743188914524427,GP,0.09403191054883606,3.3295313135519316e+22,0.6345588869651406,0.09403191054883606
332,4.28,0.62,1173.9553407126762,318.0,1055.5991499985287,0.0189,6236448225.202881,20040622.06808489,Selsis,-0.4534201326191152,-0.6652343945953183,GP,0.16986256812644976,1.1224811456439348e+23,0.5071661461447088,0.16986256812644976
333,4.28,0.62,1173.9553407126762,318.0,3753.5061887462202,0.0189,3061166911.0354447,9448422.834348941,Jackson,-0.498497247655174,-0.6088537063387388,GP,0.3089197665670967,1.7110696163336206e+23,0.9628444826471971,0.3089197665670967
334,4.28,0.62,1173.9553407126762,318.0,1030.404270615672,0.0189,6379271016.031992,20328939.030125648,Selsis,-0.36648492805858246,-0.6842986174644979,linear,0.2635582044446086,8.588352339721749e+22,0.08445171022576248,0.2635582044446086
335,4.28,0.62,1173.9553407126762,318.0,5011.075988378357,0.0189,2170448286.1677775,68572283.02098095,Jackson,-0.3139691134380503,-0.7159453613619614,linear,0.20558101190206002,1.316044983029478e+23,0.7053261954105704,0.20558101190206002
336,4.28,0.62,1173.9553407126762,318.0,3020.280240553318,0.0189,3978236398.4515386,96562484.39557137,Jackson,-0.44821967505776744,-0.6402097692893614,log,0.13967081365506417,1.1794808529033304e+23,0.4672349306698519,0.13967081365506417
337,4.28,0.62,1173.9553407126762,318.0,1115.2070970331608,0.0189,5923582526.626796,5248433.783317811,Selsis,-0.495282679162929,-0.7885146590002212,GP,0.35430080777466144,1.0926822536998995e+23,0.7792687072291486,0.35430080777466144
338,4.28,0.62,1173.9553407126762,318.0,9935.741870335205,0.0189,998956234.7314911,35452829.12610149,Jackson,-0.3387169178652401,-0.644789653133907,linear,0.4488434342318317,7.563562992050953e+22,0.7678538321962038,0.4488434342318317
339,4.28,0.62,1173.9553407126762,318.0,10884.02723256556,0.0189,972866630.276178,99538116.34029953,Selsis,-0.40340181897831573,-0.7628027950847127,log,0.10664896674864735,8.02729849341101e+22,0.8839617956034767,0.10664896674864735
340,4.28,0.62,1173.9553407126762,318.0,15778.922017792343,0.0189,603201183.5726773,43448649.91349816,Jackson,-0.466245469466894,-0.6745160727764573,GP,0.2032376509070054,6.368866264102295e+22,0.9721497604826294,0.2032376509070054
341,4.28,0.62,1173.9553407126762,318.0,5778.188057585419,0.0189,1836764071.961443,38450365.15716142,Jackson,-0.49431473057498526,-0.7659105651153052,log,0.41870913207614346,1.0241666295702514e+23,0.9274243450346434,0.41870913207614346
342,4.28,0.62,1173.9553407126762,318.0,13802.756769514312,0.0189,820136658.2236502,44664873.15927702,Selsis,-0.41443595064940275,-0.7577875862979189,linear,0.09498418965833608,6.2104931551075145e+22,0.780448093437135,0.09498418965833608
343,4.28,0.62,1173.9553407126762,318.0,3606.50248060331,0.0189,3212186036.8092594,40032136.89170886,Jackson,-0.4581578379916791,-0.773902084953472,linear,0.07926090856349449,1.1115698332580983e+23,0.7158576912466555,0.07926090856349449
344,4.28,0.62,1173.9553407126762,318.0,1391.619275132525,0.0189,4839790289.528439,14090689.955271982,Selsis,-0.3564637004190867,-0.6246582481779956,log,0.13594232898440528,1.2653291008127199e+23,0.399784103746899,0.13594232898440528
345,4.28,0.62,1173.9553407126762,318.0,3049.2924931634143,0.0189,2538510832.542134,69005319.74505809,Selsis,-0.48143331163485087,-0.6914356942810782,linear,0.36963967376183654,7.67955365984351e+22,0.502850721000649,0.36963967376183654
346,4.28,0.62,1173.9553407126762,318.0,1278.6223090944022,0.0189,12865709037.515272,23688749.403088536,Jackson,-0.4067980082736832,-0.6562527120010553,GP,0.07156188262420346,2.848567118244049e+23,0.8703874377044868,0.07156188262420346
347,4.28,0.62,1173.9553407126762,318.0,1906.5116874201503,0.0189,3716953735.272157,41041824.69353327,Selsis,-0.3513506943809116,-0.7285900012675621,GP,0.14580789496844007,1.0104442559297505e+23,0.42743682189175647,0.14580789496844007
348,4.28,0.62,1173.9553407126762,318.0,1696.1395437137373,0.0189,4095166671.5566883,50515757.18189091,Selsis,-0.28935230094125264,-0.7645339286467536,linear,0.0939167125958355,2.253668618065613e+23,0.8946195179991411,0.0939167125958355
349,4.28,0.62,1173.9553407126762,318.0,2747.2173090494393,0.0189,4462928412.588918,13722455.319124393,Jackson,-0.45615719353786655,-0.610388658785294,linear,0.1355645918747419,1.2719497965699728e+23,0.38439133129696046,0.1355645918747419
350,4.28,0.62,1173.9553407126762,318.0,3195.431595372109,0.0189,3717118449.92277,69617485.97283511,Jackson,-0.4793496082896596,-0.6303331463006593,log,0.207507797490672,1.3721697640555675e+23,0.6660399682538626,0.207507797490672
351,4.28,0.62,1173.9553407126762,318.0,3991.889587107414,0.0189,2843165891.6770544,26700906.287910312,Jackson,-0.3157089684065278,-0.6655118724691912,linear,0.059389483542692675,9.501020124176867e+22,0.40104653961036296,0.059389483542692675
352,4.28,0.62,1173.9553407126762,318.0,2816.0229684477376,0.0189,2705509981.935756,74082537.8167431,Selsis,-0.4280103464838923,-0.7202189935420868,linear,0.3720479432340696,1.164154200298242e+23,0.8143640129080005,0.3720479432340696
353,4.28,0.62,1173.9553407126762,318.0,3321.2509745663915,0.0189,2371682398.1291413,90046892.56768009,Selsis,-0.3744292798607353,-0.7307046910771999,GP,0.09861853971933032,3.774704311854983e+22,0.0916173287864468,0.09861853971933032
354,4.28,0.62,1173.9553407126762,318.0,2797.6441028163517,0.0189,2719789297.246365,50105107.09655618,Selsis,-0.4752230052869781,-0.7961623492344537,GP,0.06203545595868778,9.600356888982093e+22,0.7167919183290359,0.06203545595868778
355,4.28,0.62,1173.9553407126762,318.0,7444.917477717814,0.0189,1284394895.848143,84714700.29636662,Selsis,-0.3221332920906899,-0.6028351268780638,GP,0.07543740831469377,4.20900513207291e+22,0.4180946237966503,0.07543740831469377
356,4.28,0.62,1173.9553407126762,318.0,2337.153909939342,0.0189,5491595456.843763,21743319.246306326,Jackson,-0.35949312808686695,-0.7059333508663015,log,0.08782714092925839,1.7973853220761958e+23,0.6170452894413173,0.08782714092925839
357,4.28,0.62,1173.9553407126762,318.0,1640.0364664435513,0.0189,4211955568.0017333,1991572.7915094078,Selsis,-0.29685741203473076,-0.6207173288593203,linear,0.13214404859884576,1.5952122207715372e+23,0.5191334217506218,0.13214404859884576
358,4.28,0.62,1173.9553407126762,318.0,894.9020298831707,0.0189,7290120777.30882,46380005.837245,Selsis,-0.43603600528318665,-0.7686653401637205,log,0.06926144436285198,7.874542500742787e+22,0.3952767898496803,0.06926144436285198
359,4.28,0.62,1173.9553407126762,318.0,2275.557226706773,0.0189,5695095229.183377,10115464.032098511,Jackson,-0.456368221212258,-0.7427905477271018,GP,0.06620334223251265,1.6331749467417542e+23,0.9061771742717851,0.06620334223251265
360,4.28,0.62,1173.9553407126762,318.0,1247.1970302906716,0.0189,5340242572.938667,7461297.183709695,Selsis,-0.3031692989032008,-0.7806523449318538,log,0.0616608021959665,1.4765708576770565e+23,0.48179546082429026,0.0616608021959665
361,4.28,0.62,1173.9553407126762,318.0,1890.5262824135746,0.0189,3742823130.452566,23697667.718646325,Selsis,-0.48928112416932196,-0.7944275421412068,GP,0.245934426546424,8.812316025366949e+22,0.5976226481167015,0.245934426546424
362,4.28,0.62,1173.9553407126762,318.0,2122.1731650303173,0.0189,3403664833.4718194,27680597.2294602,Selsis,-0.47871704203721654,-0.7646735615551815,log,0.05291237025126698,6.05700977438198e+22,0.2595438170722818,0.05291237025126698
363,4.28,0.62,1173.9553407126762,318.0,4052.936203788126,0.0189,2792035601.770938,23073147.346258745,Jackson,-0.4350144862081496,-0.6153109106065516,log,0.34741014035409057,1.4376798371957685e+23,0.7611968226304867,0.34741014035409057
364,4.28,0.62,1173.9553407126762,318.0,935.8232315388657,0.0189,6985774230.793448,88280853.18238783,Selsis,-0.35859419937972836,-0.639853862977796,log,0.15974741103575782,1.5788421998100638e+23,0.5059181883719354,0.15974741103575782
365,4.28,0.62,1173.9553407126762,318.0,1768.0184085597703,0.0189,3956108464.8029327,26144425.42196032,Selsis,-0.4037988267680043,-0.7936941177251005,log,0.11931032914367175,5.3358137642879325e+22,0.057422432094168974,0.11931032914367175
366,4.28,0.62,1173.9553407126762,318.0,839.1770781181602,0.0189,7755165684.741502,91780177.71065773,Selsis,-0.3801798301873778,-0.6116162955760324,log,0.06364935977072518,9.664335564628001e+22,0.009110753429526497,0.06364935977072518
367,4.28,0.62,1173.9553407126762,318.0,7537.176682661043,0.0189,1361473122.2196994,10630661.282530274,Jackson,-0.40106748759256117,-0.683837299775602,GP,0.3354941032694629,4.0824272113310015e+22,0.35329440483071073,0.3354941032694629
368,4.28,0.62,1173.9553407126762,318.0,3601.6249254903555,0.0189,2224522555.2947288,88626626.40680544,Selsis,-0.3752053751337826,-0.6483560024079643,linear,0.27289905321837976,1.308018112600017e+23,0.8297444540075517,0.27289905321837976
369,4.28,0.62,1173.9553407126762,318.0,1690.3752462814157,0.0189,4106817261.0576916,11131203.427538894,Selsis,-0.4633975430254092,-0.6306870233315106,log,0.05344576294574026,9.789640378264609e+22,0.3926289879074186,0.05344576294574026
370,4.28,0.62,1173.9553407126762,318.0,2881.179159987725,0.0189,4211874007.330066,33046637.119415097,Jackson,-0.4462667356398371,-0.6592522895161838,linear,0.07201417993661237,5.629582795317176e+22,0.0024024382511326214,0.07201417993661237
371,4.28,0.62,1173.9553407126762,318.0,2222.7684054573483,0.0189,5880670215.570233,81341914.33429028,Jackson,-0.36169612176337557,-0.6170884068774661,log,0.08114433737475069,8.759354341530966e+22,0.052075058274611896,0.08114433737475069
372,4.28,0.62,1173.9553407126762,318.0,1984.7535695738386,0.0189,6873025520.188385,44112955.544480264,Jackson,-0.3870187902595271,-0.7133932709194789,linear,0.08630329169134578,1.0458982059667543e+23,0.08747966153286657,0.08630329169134578
373,4.28,0.62,1173.9553407126762,318.0,1505.8791439634394,0.0189,10146852789.147373,80345871.1341483,Jackson,-0.38949579135181034,-0.6666308620289592,log,0.14947091034768764,1.5606626474325835e+23,0.13695213001050344,0.14947091034768764
374,4.28,0.62,1173.9553407126762,318.0,6575.759504964715,0.0189,1406733564.2953508,97919204.73170114,Selsis,-0.3964337374742672,-0.771958553972097,linear,0.2444954804052634,2.218499058606691e+22,0.10216185562310609,0.2444954804052634
375,4.28,0.62,1173.9553407126762,318.0,2810.0175091820583,0.0189,2710156340.9602337,62436913.52782961,Selsis,-0.32407642342673343,-0.7345973110410539,log,0.06741879450837786,1.767212312107431e+23,0.9378789040109817,0.06741879450837786
376,4.28,0.62,1173.9553407126762,318.0,4033.208805666005,0.0189,2808365233.800323,2415043.0325692403,Jackson,-0.3256656810560813,-0.6132884372745188,GP,0.1273961595058544,7.623302773136744e+22,0.3070438694650648,0.1273961595058544
377,4.28,0.62,1173.9553407126762,318.0,952.4853454556402,0.0189,6869780687.601115,55560859.93960159,Selsis,-0.4916018711934567,-0.78063375754222,log,0.10513784516331674,5.4287118780022645e+22,0.2162072291412992,0.10513784516331674
378,4.28,0.62,1173.9553407126762,318.0,5247.904536892558,0.0189,2055682263.3249881,99131853.80547062,Jackson,-0.49602098795167565,-0.7619272972893034,log,0.12164473909200993,9.569914514942923e+22,0.865488160801111,0.12164473909200993
379,4.28,0.62,1173.9553407126762,318.0,1483.0145690887132,0.0189,4584743915.143314,86809036.62624244,Selsis,-0.4120037154963056,-0.7455726102154933,log,0.051665322708669484,1.0411433030919469e+23,0.5645652588607556,0.051665322708669484
380,4.28,0.62,1173.9553407126762,318.0,14975.293969474582,0.0189,637806728.8690193,16116141.349936435,Jackson,-0.31128009601368756,-0.6168433861814887,log,0.07374617506839738,1.4072484743494083e+22,0.22777715240035978,0.07374617506839738
381,4.28,0.62,1173.9553407126762,318.0,6945.240905166149,0.0189,1351351156.4420621,13374807.256139992,Selsis,-0.48505502135669776,-0.6905604786984298,GP,0.11714068407346534,2.7027910214814106e+22,0.17834468892734545,0.11714068407346534
382,4.28,0.62,1173.9553407126762,318.0,1158.0823037745963,0.0189,5719155228.923472,22510202.855375227,Selsis,-0.47654724813783494,-0.741630051699976,log,0.30537984425439924,7.728517201938967e+22,0.41446228583433786,0.30537984425439924
383,4.28,0.62,1173.9553407126762,318.0,1388.2831733620817,0.0189,4849727426.114586,25477512.5360159,Selsis,-0.3673267660093769,-0.770662103208883,GP,0.492206000752462,8.274318439660293e+22,0.22654287964647835,0.492206000752462
384,4.28,0.62,1173.9553407126762,318.0,1055.973666536903,0.0189,6234367786.647936,19266546.211691618,Selsis,-0.40771598212409843,-0.7451463220913349,GP,0.07142091619331342,6.149363187903059e+22,0.09437357731095253,0.07142091619331342
385,4.28,0.62,1173.9553407126762,318.0,1409.1448688193464,0.0189,4788351998.564191,64650765.23717769,Selsis,-0.32273066631780667,-0.79442771648713,linear,0.050457918332473393,1.989671881133006e+23,0.9004590216956794,0.050457918332473393
386,4.28,0.62,1173.9553407126762,318.0,3005.4628993495453,0.0189,4001938904.861395,35858592.29702638,Jackson,-0.35377573676015717,-0.719784582842073,log,0.4978562209275454,1.5357653941826994e+23,0.6177167353783011,0.4978562209275454
387,4.28,0.62,1173.9553407126762,318.0,1820.513909003578,0.0189,3861304328.637916,73061341.69622141,Selsis,-0.3912161137964476,-0.6741877155854964,GP,0.33190997810840134,1.1768890409256009e+23,0.5899542892886591,0.33190997810840134
388,4.28,0.62,1173.9553407126762,318.0,1952.2599094468817,0.0189,3645184049.3407326,24532097.2673928,Selsis,-0.49061168882095335,-0.7902422980141169,linear,0.43310536334579713,6.090405296928197e+22,0.2982269309268324,0.43310536334579713
389,4.28,0.62,1173.9553407126762,318.0,784.7459648096158,0.0189,8277348403.937998,15100276.658741085,Selsis,-0.38517861842695283,-0.6662631587295748,GP,0.07905294451976724,1.0697722054363142e+23,0.26340828935742766,0.07905294451976724
390,4.28,0.62,1173.9553407126762,318.0,1833.7185499500047,0.0189,7674527551.886734,11571742.130733686,Jackson,-0.3814534829497907,-0.7716528751429582,linear,0.0838480160983069,1.4227254989241318e+23,0.3139236458823367,0.0838480160983069
391,4.28,0.62,1173.9553407126762,318.0,832.9517478100976,0.0189,7811216263.865042,66497859.14654018,Selsis,-0.49439843360332675,-0.7032602399621587,GP,0.3202153262656833,1.0033609547209718e+23,0.6176878500946661,0.3202153262656833
392,4.28,0.62,1173.9553407126762,318.0,833.8182767953226,0.0189,7803361132.049069,21176522.110583514,Selsis,-0.4809472910355629,-0.6487651961017259,linear,0.36926370572899486,1.248230366841168e+23,0.5844060846683453,0.36926370572899486
393,4.28,0.62,1173.9553407126762,318.0,1446.222041461557,0.0189,10754703206.309647,59167250.22821925,Jackson,-0.32427668995774817,-0.6581353351311978,linear,0.18683884308549542,2.1979474105137063e+23,0.24042778444021728,0.18683884308549542
394,4.28,0.62,1173.9553407126762,318.0,3054.8270923326777,0.0189,3924001161.436695,84899668.65535785,Jackson,-0.31252699107936516,-0.7254293791146081,linear,0.21947315443324225,6.585822992285182e+22,0.10736111846856355,0.21947315443324225
395,4.28,0.62,1173.9553407126762,318.0,3879.9386112514617,0.0189,2098277454.2380395,11382176.352575717,Selsis,-0.31021915058575944,-0.6496499113107198,GP,0.4002872416333879,1.7594475529806718e+23,0.9101431424584624,0.4002872416333879
396,4.28,0.62,1173.9553407126762,318.0,2049.487354290277,0.0189,6574575952.786162,65752378.32388295,Jackson,-0.304280322907755,-0.6315314651071325,log,0.05399410875599807,2.4248061652884683e+23,0.5156961056221715,0.05399410875599807
397,4.28,0.62,1173.9553407126762,318.0,7101.275135220318,0.0189,1329531115.896062,14259480.767786356,Selsis,-0.49200832285299856,-0.6337983744172094,linear,0.1654614945524691,1.0591887587654948e+23,0.8835680668591815,0.1654614945524691
398,4.28,0.62,1173.9553407126762,318.0,7269.819921263118,0.0189,1417266305.2945063,92663829.34742166,Jackson,-0.3732326095580839,-0.7389741503313018,linear,0.10589778264919934,4.592776091880925e+22,0.4129703686531112,0.10589778264919934
399,4.28,0.62,1173.9553407126762,318.0,2860.381516976869,0.0189,4249068779.677477,9064064.814655924,Jackson,-0.29147035372149294,-0.6233345405950108,log,0.329415165827249,1.9926308534173333e+23,0.5616203018709224,0.329415165827249
400,4.28,0.62,1173.9553407126762,318.0,1048.5660507316234,0.0189,6275804567.669111,88482543.76520649,Selsis,-0.3434581959568259,-0.6273252198062763,log,0.056242639393701103,1.425308249049829e+23,0.3845534590376539,0.056242639393701103
401,4.28,0.62,1173.9553407126762,318.0,705.0643296795195,0.0189,9198361182.578651,25967112.40416565,Selsis,-0.4825063741314814,-0.730334742363369,log,0.09006337320509213,5.7994483711826884e+22,0.18048322426988095,0.09006337320509213
402,4.28,0.62,1173.9553407126762,318.0,2495.700367672131,0.0189,2981953539.0358934,51118797.61000198,Selsis,-0.4798501923586631,-0.7668647531917753,GP,0.1377710002175579,5.4479660922979284e+22,0.2358782444820101,0.1377710002175579
403,4.28,0.62,1173.9553407126762,318.0,5027.649313851309,0.0189,1717580919.550318,91336706.9867295,Selsis,-0.3228858802935783,-0.6374074566711935,GP,0.3868365155073345,7.700790483594673e+22,0.5483302016718021,0.3868365155073345
404,4.28,0.62,1173.9553407126762,318.0,2922.1882795565753,0.0189,2626370126.312642,6094238.737675834,Selsis,-0.2898664140580504,-0.7949444507449778,linear,0.20438010739033569,6.0240773387413e+22,0.23452417647933677,0.20438010739033569
405,4.28,0.62,1173.9553407126762,318.0,4135.56747034519,0.0189,2725564462.925468,22220865.897304486,Jackson,-0.48482704066220567,-0.687571472914404,log,0.47046351844920253,1.0679651645401475e+23,0.6798865347177302,0.47046351844920253
406,4.28,0.62,1173.9553407126762,318.0,3131.25571417485,0.0189,3808896124.103037,70550506.96364202,Jackson,-0.41964386849363233,-0.7404116831877395,log,0.3082043658082709,8.352237876904166e+22,0.28020686172157094,0.3082043658082709
407,4.28,0.62,1173.9553407126762,318.0,7195.967684367378,0.0189,1316706053.7411613,7426828.086462772,Selsis,-0.4121602462213751,-0.6395603202036478,GP,0.10167221205777907,5.292409017960101e+22,0.4796017818444205,0.10167221205777907
408,4.28,0.62,1173.9553407126762,318.0,2954.7464149858115,0.0189,4085146258.079079,98834924.28758913,Jackson,-0.28076665515701793,-0.7543533915675066,GP,0.06638023085061139,2.1882433306786454e+23,0.6898689692230564,0.06638023085061139
409,4.28,0.62,1173.9553407126762,318.0,6235.00060602813,0.0189,1683163475.0573025,57123358.75664837,Jackson,-0.47303816628308193,-0.7039109151422193,log,0.38619778297965995,6.614577513467345e+22,0.5276137191531748,0.38619778297965995
410,4.28,0.62,1173.9553407126762,318.0,4419.3748614450515,0.0189,2518678318.237329,45146336.39596226,Jackson,-0.417350606067122,-0.7274497566805348,linear,0.2288361720906273,4.053443347235046e+22,0.08748723553996962,0.2288361720906273
411,4.28,0.62,1173.9553407126762,318.0,4111.621134062654,0.0189,2744514088.544958,74225749.62710276,Jackson,-0.3276965681681074,-0.6878710040698462,linear,0.0715345265224125,3.7271421038546716e+22,0.017798450146553124,0.0715345265224125
412,4.28,0.62,1173.9553407126762,318.0,4270.626087918139,0.0189,2623208126.232862,44644257.72723312,Jackson,-0.31285555837144924,-0.6780148022574691,linear,0.4858606358099681,1.195314761380824e+23,0.5437254348260643,0.4858606358099681
413,4.28,0.62,1173.9553407126762,318.0,2344.71619355733,0.0189,5467520082.748835,21282576.58646279,Jackson,-0.3487285331162859,-0.6446237250583868,linear,0.11174767667387454,1.3128092392746235e+23,0.26432393182512637,0.11174767667387454
414,4.28,0.62,1173.9553407126762,318.0,2143.7512587914703,0.0189,3375471087.7587624,32799691.11492656,Selsis,-0.29503244643636667,-0.7138987182238414,GP,0.17709600166636594,1.5850307107574777e+23,0.6594326971176789,0.17709600166636594
415,4.28,0.62,1173.9553407126762,318.0,1795.2521140237066,0.0189,3906253551.2596517,13686228.239956904,Selsis,-0.4286231840383099,-0.7043386783377242,log,0.07946625729679431,8.000885260848374e+22,0.3313671760176303,0.07946625729679431
416,4.28,0.62,1173.9553407126762,318.0,681.4163477242895,0.0189,9516565094.407393,33136085.48871109,Selsis,-0.33565860436970435,-0.6326481005586068,linear,0.11010493358899266,1.4158430799503695e+23,0.18001090941857145,0.11010493358899266
417,4.28,0.62,1173.9553407126762,318.0,1703.6808129043864,0.0189,4080040627.170468,82082160.46213222,Selsis,-0.36030574988717984,-0.6479643265569576,linear,0.1794145259548239,9.179080791824859e+22,0.28585357947432144,0.1794145259548239
418,4.28,0.62,1173.9553407126762,318.0,1660.2694185032376,0.0189,8827974823.94201,40722211.55015508,Jackson,-0.4316046405925861,-0.6221887544252893,GP,0.27968199278606704,2.0492107176123156e+23,0.4666616980693248,0.27968199278606704
419,4.28,0.62,1173.9553407126762,318.0,4214.080845863498,0.0189,2665152555.676354,36781705.82547555,Jackson,-0.3139802975688319,-0.6346903246714722,linear,0.2582138568950102,4.146894906588223e+22,0.07101704539306741,0.2582138568950102
420,4.28,0.62,1173.9553407126762,318.0,9790.727816417,0.0189,1050700814.1385996,55257195.45670808,Selsis,-0.33683479966170793,-0.6440585719502969,log,0.11671232752177386,4.635782146251598e+22,0.5410870097112466,0.11671232752177386
421,4.28,0.62,1173.9553407126762,318.0,4658.772442712252,0.0189,2365794277.2114434,76352314.77629092,Jackson,-0.45528339390291966,-0.7447580797330423,linear,0.24985309940693012,6.166867056723686e+22,0.3339721507614536,0.24985309940693012
422,4.28,0.62,1173.9553407126762,318.0,3587.0867792040117,0.0189,2231620917.113279,44609465.55181676,Selsis,-0.434334176540135,-0.6118800635883076,linear,0.18379096581163645,8.484705879744625e+22,0.5012094283109931,0.18379096581163645
423,4.28,0.62,1173.9553407126762,318.0,3201.108909274387,0.0189,2442149380.2729883,3644195.1456230553,Selsis,-0.47402911507674406,-0.7995829545008686,linear,0.13732948605027706,7.10817984461355e+22,0.47997474158930586,0.13732948605027706
424,4.28,0.62,1173.9553407126762,318.0,3050.35466018823,0.0189,3930942747.215285,40783792.248458095,Jackson,-0.3870258589697601,-0.6348138165243514,GP,0.08539632752034623,1.455205829440743e+23,0.5517661864227819,0.08539632752034623
425,4.28,0.62,1173.9553407126762,318.0,3780.649179945126,0.0189,3034752653.460416,21767909.97617391,Jackson,-0.4389738820750655,-0.7167717050421887,linear,0.23084865641287614,1.035371525670142e+23,0.5729916338117406,0.23084865641287614
426,4.28,0.62,1173.9553407126762,318.0,1198.5999126400616,0.0189,5539769046.547286,85894918.6305455,Selsis,-0.47583271464753857,-0.7122921639029798,GP,0.09661251515244765,7.186264746265853e+22,0.31936038177685033,0.09661251515244765
427,4.28,0.62,1173.9553407126762,318.0,794.8498663003423,0.0189,8174653666.476979,81391734.07516502,Selsis,-0.286298308843239,-0.6960015514293404,GP,0.44660434626792195,2.018849024783036e+23,0.5195303387118246,0.44660434626792195
428,4.28,0.62,1173.9553407126762,318.0,3367.9022725563186,0.0189,2345599327.47869,51105505.67687341,Selsis,-0.4744149763138788,-0.7174919258016972,linear,0.34240980927771464,1.3021778348928378e+23,0.9907769304856129,0.34240980927771464
429,4.28,0.62,1173.9553407126762,318.0,2984.7042128036906,0.0189,4035602183.61757,50140089.857220545,Jackson,-0.4524660766785476,-0.7849747929257476,linear,0.12559261349076606,1.1631224028936903e+23,0.6611735740227765,0.12559261349076606
430,4.28,0.62,1173.9553407126762,318.0,4038.6760869445443,0.0189,2033585405.66233,61808997.3431555,Selsis,-0.44060583242350165,-0.6686657692749803,log,0.2046384339090078,6.2707371911210236e+22,0.40704767374703954,0.2046384339090078
431,4.28,0.62,1173.9553407126762,318.0,2892.5075601381545,0.0189,2647939683.3096156,58151890.13155541,Selsis,-0.4330893457302165,-0.7162445983809415,log,0.361303596338708,4.716646207422499e+22,0.14951463073634652,0.361303596338708
432,4.28,0.62,1173.9553407126762,318.0,1511.8676141440146,0.0189,10089222176.446936,77558559.52871674,Jackson,-0.318592126283682,-0.6504284645131515,GP,0.05042942169736191,3.728556897926524e+23,0.9209186763470485,0.05042942169736191
433,4.28,0.62,1173.9553407126762,318.0,6729.593658308553,0.0189,1383007284.5110052,66532944.838912,Selsis,-0.38701933332779614,-0.7288664099529145,linear,0.14441448982073135,7.266077240034887e+22,0.642480858241938,0.14441448982073135
434,4.28,0.62,1173.9553407126762,318.0,6211.651193981962,0.0189,1690291587.0096018,96081925.87552287,Jackson,-0.3492323633915783,-0.6170415788632867,log,0.07793574699526588,5.069988629399687e+22,0.3754422066856443,0.07793574699526588
435,4.28,0.62,1173.9553407126762,318.0,4379.230400697126,0.0189,2546094134.1041512,33143451.5888375,Jackson,-0.4727027133376958,-0.6818662423537947,linear,0.06617710008920735,1.1715649007137992e+23,0.8054076155903652,0.06617710008920735
436,4.28,0.62,1173.9553407126762,318.0,2785.252077391374,0.0189,4388802511.254087,85491212.93411013,Jackson,-0.28037449186800256,-0.712198018290248,linear,0.05699983926089826,1.2535627619354768e+23,0.3373239768797792,0.05699983926089826
437,4.28,0.62,1173.9553407126762,318.0,5844.483355796427,0.0189,1812518246.8992355,17396840.359776158,Jackson,-0.3396526327516847,-0.6731527545410753,GP,0.14582437420331118,1.519334870242729e+23,0.934088464528642,0.14582437420331118
438,4.28,0.62,1173.9553407126762,318.0,5518.459367578278,0.0189,1601871015.1661055,57423714.95613866,Selsis,-0.40388446077397133,-0.6709104152591984,linear,0.09950378942805933,1.1449521456778202e+23,0.8848234365553495,0.09950378942805933
439,4.28,0.62,1173.9553407126762,318.0,979.8519230959724,0.0189,6688221953.016294,21135416.750866685,Selsis,-0.4783171450818745,-0.7109650007262801,GP,0.29879200052726856,7.930020207126787e+22,0.3813602196080611,0.29879200052726856
440,4.28,0.62,1173.9553407126762,318.0,1651.3309843406303,0.0189,4187820990.3108745,9995432.225799283,Selsis,-0.31970297425759486,-0.7433897477274678,GP,0.46614249841928984,1.7726438866406223e+23,0.7664824590138078,0.46614249841928984
441,4.28,0.62,1173.9553407126762,318.0,2729.850025990591,0.0189,4497573055.978627,5747740.2018807065,Jackson,-0.3295060914089485,-0.647534088138189,linear,0.06418985496405354,2.489886031937587e+23,0.8873654819240173,0.06418985496405354
442,4.28,0.62,1173.9553407126762,318.0,2399.437883321597,0.0189,5298868164.754752,77603725.97695766,Jackson,-0.3435113268808692,-0.6134875902321221,log,0.1945422709135852,1.5320053707517347e+23,0.3523026503452309,0.1945422709135852
443,4.28,0.62,1173.9553407126762,318.0,3824.0770017905857,0.0189,2993383482.2129607,15580109.026708672,Jackson,-0.3342052371502642,-0.6099200004272952,GP,0.3910472557358681,8.729003439056592e+22,0.34004930509897235,0.3910472557358681
444,4.28,0.62,1173.9553407126762,318.0,1697.7135243899481,0.0189,4091998809.9531136,33341746.67433926,Selsis,-0.4792152817305337,-0.7821123826228705,linear,0.10863661012789438,8.391458041062896e+22,0.5377132858448095,0.10863661012789438
445,4.28,0.62,1173.9553407126762,318.0,9875.479982280714,0.0189,1005787793.0345738,17440304.328192137,Jackson,-0.41136845637500574,-0.722414544196412,linear,0.052470885892551423,5.659240324887393e+22,0.6352121701327189,0.052470885892551423
446,4.28,0.62,1173.9553407126762,318.0,1278.5371192318055,0.0189,5219826326.903217,93469478.5152167,Selsis,-0.34552093298348235,-0.7170707630382788,log,0.24923975679470453,1.1992029853161614e+23,0.4357238507251783,0.24923975679470453
447,4.28,0.62,1173.9553407126762,318.0,2934.3492763146387,0.0189,2617652086.159818,65658173.06583706,Selsis,-0.44299639677507296,-0.7071209388245869,GP,0.06613704034273454,1.26235968629394e+23,0.9042911325752305,0.06613704034273454
448,4.28,0.62,1173.9553407126762,318.0,1587.307473903039,0.0189,4329071959.96336,7730479.813875825,Selsis,-0.3909552737067993,-0.642250744185249,log,0.07821260551241446,1.229604291950468e+23,0.5093951395619096,0.07821260551241446
449,4.28,0.62,1173.9553407126762,318.0,7492.327699750508,0.0189,1370529187.12812,30577195.714500073,Jackson,-0.31190093058928114,-0.6275609286624971,GP,0.1532942036796887,5.554390751198761e+22,0.49052784864743604,0.1532942036796887
450,4.28,0.62,1173.9553407126762,318.0,739.6695118052256,0.0189,8772178282.588154,93108512.9612892,Selsis,-0.35720029127668684,-0.6782129402982745,GP,0.14685396075781507,1.223558228851604e+23,0.32922637731820326,0.14685396075781507
451,4.28,0.62,1173.9553407126762,318.0,2072.6253437746927,0.0189,3470546758.6210113,90246988.80007721,Selsis,-0.3897775452819209,-0.650360797455357,log,0.12593429334956627,1.7281563636113733e+23,0.983673063067985,0.12593429334956627
452,4.28,0.62,1173.9553407126762,318.0,2938.367648396651,0.0189,4112726825.406406,71686065.53526291,Jackson,-0.33037985594848285,-0.795548250131425,log,0.1109359900183508,2.011882246903438e+23,0.8613060864201737,0.1109359900183508
453,4.28,0.62,1173.9553407126762,318.0,1784.3498662430466,0.0189,3926034039.111459,8944796.854518795,Selsis,-0.28706138511006385,-0.7201278719944021,GP,0.49182493101269853,6.379887299575432e+22,0.08483019893431853,0.49182493101269853
454,4.28,0.62,1173.9553407126762,318.0,2427.4295167509886,0.0189,5216210243.255752,29796800.762930512,Jackson,-0.4251238244110433,-0.6745261190417435,log,0.18151810053252923,1.3500167907978056e+23,0.47132964917754516,0.18151810053252923
455,4.28,0.62,1173.9553407126762,318.0,1485.6737675255938,0.0189,10345712462.655895,54247760.30589105,Jackson,-0.3393023870837315,-0.7924380259337773,linear,0.07716381954504331,1.9479671337374156e+23,0.32477810225769277,0.07716381954504331
456,4.28,0.62,1173.9553407126762,318.0,2238.169368207861,0.0189,3258274067.261184,11449076.439426744,Selsis,-0.46568185959971975,-0.6223216617707137,linear,0.2921210495802441,1.591986467135949e+23,0.9082531555036396,0.2921210495802441
457,4.28,0.62,1173.9553407126762,318.0,2385.519872391297,0.0189,3093209942.103935,68008852.59374565,Selsis,-0.30550159715245145,-0.6474222934082781,log,0.050509829944157605,2.2314122328304223e+23,0.9851700122666166,0.050509829944157605
458,4.28,0.62,1173.9553407126762,318.0,980.772840947896,0.0189,6682296460.9035015,68096383.46430486,Selsis,-0.4381941445149962,-0.7031443959641337,linear,0.292291474087331,1.25821713117967e+23,0.7405903931656996,0.292291474087331
459,4.28,0.62,1173.9553407126762,318.0,4606.243265987017,0.0189,2397834490.763075,93895424.96947427,Jackson,-0.4453481811878433,-0.7826487753678383,linear,0.1827688265545028,8.944086348300265e+22,0.641191837925124,0.1827688265545028
460,4.28,0.62,1173.9553407126762,318.0,3721.235845950895,0.0189,3093146612.797623,65022539.93642792,Jackson,-0.3803158104016121,-0.764973647097365,GP,0.12669688359038003,1.2749864518652694e+23,0.6986146351522019,0.12669688359038003
461,4.28,0.62,1173.9553407126762,318.0,2995.5300840375944,0.0189,4017979314.5393443,55860650.69032411,Jackson,-0.3547586716888011,-0.7207163786846971,log,0.10893523502004111,1.9774155842303703e+23,0.9508668089435011,0.10893523502004111
462,4.28,0.62,1173.9553407126762,318.0,1793.0869953037418,0.0189,3910163237.0455766,18606930.426423766,Selsis,-0.43892862766984186,-0.6987432983462251,linear,0.32591949033284473,1.3042516316161639e+23,0.7801868417307652,0.32591949033284473
463,4.28,0.62,1173.9553407126762,318.0,2189.503316152765,0.0189,6003334109.219468,38814676.125189275,Jackson,-0.4861103027032401,-0.6708398587940352,linear,0.11649321210024383,7.84106959374924e+22,0.00490263066585217,0.11649321210024383
464,4.28,0.62,1173.9553407126762,318.0,2767.6037035536547,0.0189,4422903755.211907,44029034.76264098,Jackson,-0.3052183202488608,-0.765493679537258,GP,0.07997053122601722,2.1090982216490922e+23,0.70469008279904,0.07997053122601722
465,4.28,0.62,1173.9553407126762,318.0,820.5238738374136,0.0189,7925815676.618039,65483667.039826386,Selsis,-0.482949238188154,-0.6274903150366584,linear,0.2002064647147092,1.1070325919068559e+23,0.33614492190960366,0.2002064647147092
466,4.28,0.62,1173.9553407126762,318.0,2437.6616938145494,0.0189,5186577919.62671,1164752.1405536495,Jackson,-0.3102709390991454,-0.7625747440588563,linear,0.09293022058090299,2.768226572715344e+23,0.9558434472671781,0.09293022058090299
467,4.28,0.62,1173.9553407126762,318.0,1033.9115931583563,0.0189,6359002273.351315,91478653.81477304,Selsis,-0.3015642539825439,-0.6289101914134404,GP,0.29354108192343475,1.313699489095102e+23,0.24307275107295334,0.29354108192343475
468,4.28,0.62,1173.9553407126762,318.0,2505.2912043576266,0.0189,2972712163.562553,33525627.586431626,Selsis,-0.4437646464351186,-0.641232578657356,log,0.0608758371257365,1.1574565856688584e+23,0.6725796679013286,0.0608758371257365
469,4.28,0.62,1173.9553407126762,318.0,576.3094871821687,0.0189,11279200755.698364,36892283.92174774,Selsis,-0.3316521696540889,-0.6120101526124668,linear,0.2901944167133058,3.062914294939706e+23,0.9117676295446699,0.2901944167133058
470,4.28,0.62,1173.9553407126762,318.0,2984.213978198067,0.0189,4036403701.2382293,40030332.814372346,Jackson,-0.4689281103324412,-0.7975786005823428,GP,0.12006157490532032,1.1170928111889781e+23,0.6451646697132398,0.12006157490532032
471,4.28,0.62,1173.9553407126762,318.0,2413.861829855997,0.0189,3063662889.575465,62918972.029893875,Selsis,-0.34266229530153985,-0.6015637898713411,linear,0.0990102930032931,1.8467373498883864e+23,0.8524710128566865,0.0990102930032931
472,4.28,0.62,1173.9553407126762,318.0,2505.169720372742,0.0189,4998507755.703098,64042009.921824604,Jackson,-0.3881347650579142,-0.7284616261321457,linear,0.13445961622235236,1.886801490590481e+23,0.9693536754805677,0.13445961622235236
473,4.28,0.62,1173.9553407126762,318.0,4706.382032238,0.0189,2337454875.212528,85168292.04651885,Jackson,-0.3032000908806418,-0.6685197307643224,GP,0.06017205886316894,1.8910723187869692e+23,0.908610481913644,0.06017205886316894
474,4.28,0.62,1173.9553407126762,318.0,2461.1908409675452,0.0189,5119586385.939884,20756441.726862945,Jackson,-0.3020065412098573,-0.638835354261899,linear,0.36977727039976566,1.558085895951927e+23,0.3589998283808504,0.36977727039976566
475,4.28,0.62,1173.9553407126762,318.0,3443.4898680052356,0.0189,3397104387.3087764,87746382.21245685,Jackson,-0.43592385402964423,-0.7943792861568396,log,0.05378253089838804,5.1408563002736644e+22,0.06694922712513296,0.05378253089838804
476,4.28,0.62,1173.9553407126762,318.0,13149.031354208477,0.0189,848877710.0697899,80662004.0953997,Selsis,-0.33326279047434093,-0.621726486961868,log,0.303853964781023,7.98130994172549e+22,0.8895716523674655,0.303853964781023
477,4.28,0.62,1173.9553407126762,318.0,1152.4482849191843,0.0189,5745120709.047677,67599862.6084245,Selsis,-0.3134168492486107,-0.7077315185072213,linear,0.36471534099014935,2.3389163929284754e+23,0.9301606775473488,0.36471534099014935
478,4.28,0.62,1173.9553407126762,318.0,10379.301252786607,0.0189,951330861.8142495,20483016.476384737,Jackson,-0.401777993807265,-0.6271369188345505,linear,0.08456619515523663,1.398068680457224e+22,0.049630466984048494,0.08456619515523663
479,4.28,0.62,1173.9553407126762,318.0,1847.125370679196,0.0189,7596656938.079735,75530585.70415889,Jackson,-0.3265996896023182,-0.6924129709867864,GP,0.11705524396979604,2.3345925138237103e+23,0.5672688034955002,0.11705524396979604
480,4.28,0.62,1173.9553407126762,318.0,3077.2357432913523,0.0189,2520117916.095576,5284024.86638244,Selsis,-0.2908160595515046,-0.6340325927769841,log,0.35380703514954215,6.0851264704991575e+22,0.25674096238195865,0.35380703514954215
481,4.28,0.62,1173.9553407126762,318.0,5002.79198286072,0.0189,2174685256.213167,69877646.68859167,Jackson,-0.3604268845480145,-0.6752292822515391,GP,0.1857195596066273,6.069581213541463e+22,0.3329269796920101,0.1857195596066273
482,4.28,0.62,1173.9553407126762,318.0,2314.2022166925285,0.0189,3170593851.1286793,56298392.10425204,Selsis,-0.41309017076391,-0.6820328832852979,linear,0.0651707368854074,7.59757340296524e+22,0.3434735468575557,0.0651707368854074
483,4.28,0.62,1173.9553407126762,318.0,5561.106747616346,0.0189,1920712483.4791124,85151865.72087255,Jackson,-0.49223689331843584,-0.7187474554399427,GP,0.13521746521603953,5.867621343882061e+22,0.41055389665966713,0.13521746521603953
484,4.28,0.62,1173.9553407126762,318.0,11848.75183348073,0.0189,821809660.1111679,68139626.90405607,Jackson,-0.41868294722493415,-0.6424838108919131,linear,0.33190070487362916,1.6817898835574862e+22,0.2215711462261991,0.33190070487362916
485,4.28,0.62,1173.9553407126762,318.0,3692.5572805114175,0.0189,3122105803.3791137,55390687.36406083,Jackson,-0.38238244955168843,-0.6757970908461852,GP,0.48730912200199283,1.4096735382819685e+23,0.7204252324128493,0.48730912200199283
486,4.28,0.62,1173.9553407126762,318.0,3151.5339921466884,0.0189,2472702995.935364,73589270.67129192,Selsis,-0.32611316573832394,-0.6307721556716986,GP,0.07286945213940878,1.7639875487436145e+23,0.905222610963222,0.07286945213940878
487,4.28,0.62,1173.9553407126762,318.0,6088.392235562995,0.0189,1489030027.6488488,61073112.89018256,Selsis,-0.4555627493612434,-0.7683083426165066,GP,0.08005480350351131,7.153009009172108e+22,0.6521858196074973,0.08005480350351131
488,4.28,0.62,1173.9553407126762,318.0,1692.047245075999,0.0189,4103429906.0619173,81984002.52172261,Selsis,-0.4475532965627998,-0.624862702604843,GP,0.13670362675824824,6.639120106347741e+22,0.11249259619728424,0.13670362675824824
489,4.28,0.62,1173.9553407126762,318.0,2850.232742095236,0.0189,4267447040.020306,1842416.2775646732,Jackson,-0.46544583265980644,-0.6341092822385693,linear,0.18159901052479552,1.2428449235391566e+23,0.4498190787337101,0.18159901052479552
490,4.28,0.62,1173.9553407126762,318.0,5160.6078375233865,0.0189,1684250977.8734097,94083450.38246165,Selsis,-0.28836589572010785,-0.7740066692945816,GP,0.07570248969187561,1.2200335508128399e+23,0.7777187644745657,0.07570248969187561
491,4.28,0.62,1173.9553407126762,318.0,5467.068639319022,0.0189,1959410415.1665325,36647785.18254936,Jackson,-0.40397814647704133,-0.68638685204277,log,0.2639489250363265,3.287571417674337e+22,0.10593018128296683,0.2639489250363265
492,4.28,0.62,1173.9553407126762,318.0,3885.72595937687,0.0189,2095832218.66614,39385551.109469876,Selsis,-0.3157574034466705,-0.7693389602255971,GP,0.17738065872252778,5.051515086794061e+22,0.26328486154752206,0.17738065872252778
493,4.28,0.62,1173.9553407126762,318.0,13436.866943870955,0.0189,835918275.9496278,16311049.159615492,Selsis,-0.3341173279152735,-0.6895835080296581,log,0.16625368168214127,6.794381777889806e+22,0.7915248252835603,0.16625368168214127
494,4.28,0.62,1173.9553407126762,318.0,642.0659529637035,0.0189,10102689507.3729,84598916.1134277,Selsis,-0.37352861909091645,-0.6296825873543398,log,0.13505399937789564,1.81034010670689e+23,0.5924864808103177,0.13505399937789564
495,4.28,0.62,1173.9553407126762,318.0,1583.8189080305406,0.0189,4337089636.722756,16594912.588462606,Selsis,-0.3471186673095278,-0.6693426557443317,linear,0.26865316677286527,1.1206339391626938e+23,0.3911040767518039,0.26865316677286527
496,4.28,0.62,1173.9553407126762,318.0,3643.973331270644,0.0189,2204148669.0074,53953595.8825069,Selsis,-0.43962796270764337,-0.7486953539110723,GP,0.18568809534702183,4.6840689776496665e+22,0.23028583862018148,0.18568809534702183
497,4.28,0.62,1173.9553407126762,318.0,4907.819630252721,0.0189,1749061760.3239145,9567940.4048282,Selsis,-0.4323041811258456,-0.6864346420765339,linear,0.09689758600658206,7.415384470374848e+22,0.5548095594729627,0.09689758600658206
498,4.28,0.62,1173.9553407126762,318.0,1810.0766564548862,0.0189,7815400158.433822,21891223.027994398,Jackson,-0.3633996844272587,-0.6420376438878916,log,0.23565280439309438,2.3910458241748553e+23,0.6310776960978683,0.23565280439309438
499,4.28,0.62,1173.9553407126762,318.0,2211.636886312034,0.0189,3290234063.761676,65681207.32694942,Selsis,-0.443771276817761,-0.7823838270806964,GP,0.06821863337820794,4.27680631844901e+22,0.02884322989498289,0.06821863337820794
500,4.28,0.62,1173.9553407126762,318.0,2141.311660092293,0.0189,3378631160.741849,76757109.05225249,Selsis,-0.404609300799498,-0.771938787485098,log,0.0636998795440923,5.13641479255404e+22,0.10082784093987907,0.0636998795440923
501,4.28,0.62,1173.9553407126762,318.0,700.4448468532472,0.0189,9258694631.871763,96351417.04861079,Selsis,-0.37383797225392335,-0.7486158543946415,linear,0.07109021493861659,6.774971050480606e+22,0.07280091784402631,0.07109021493861659
502,4.28,0.62,1173.9553407126762,318.0,1860.7299316533808,0.0189,3792190992.7162724,98556700.5928787,Selsis,-0.3441131685912137,-0.650836002374353,linear,0.059723751307311584,6.619569250160849e+22,0.12743254976299834,0.059723751307311584
503,4.28,0.62,1173.9553407126762,318.0,945.3254366431488,0.0189,6919099266.678746,20720581.05524119,Selsis,-0.4338428560100551,-0.6564945189234153,linear,0.45436646973503314,6.931249026511074e+22,0.012914625772411426,0.45436646973503314
504,4.28,0.62,1173.9553407126762,318.0,1287.6252304527611,0.0189,5186031201.01786,74790603.78255707,Selsis,-0.4526551954013721,-0.6820318968027321,GP,0.23038391643602427,7.772482668634565e+22,0.25158097243902355,0.23038391643602427
505,4.28,0.62,1173.9553407126762,318.0,2205.352232789065,0.0189,5944319045.516428,34154176.40559896,Jackson,-0.3681952663593263,-0.6213966249234073,linear,0.05936290272280302,2.1685147751843718e+23,0.6392514251699591,0.05936290272280302
506,4.28,0.62,1173.9553407126762,318.0,7813.458259475428,0.0189,1308179895.0429688,96490924.32945567,Jackson,-0.46458003841599577,-0.6931847859893392,linear,0.060266033769909376,3.0921241057288792e+22,0.2798464197326648,0.060266033769909376
507,4.28,0.62,1173.9553407126762,318.0,5448.137905308619,0.0189,1617278558.88771,84876128.13304538,Selsis,-0.41279541897548233,-0.6307726848209889,log,0.12015238105227694,8.299774306609534e+22,0.6450099606156116,0.12015238105227694
508,4.28,0.62,1173.9553407126762,318.0,1154.0641275140215,0.0189,5737646997.787739,87854307.79190542,Selsis,-0.3289465974969997,-0.7272956410515422,linear,0.08813283720746015,1.7954846717373864e+23,0.7435551196553966,0.08813283720746015
509,4.28,0.62,1173.9553407126762,318.0,1214.4117100197,0.0189,5473046930.533608,77830128.59978992,Selsis,-0.4576342933124761,-0.788156838135509,linear,0.3986639412080764,4.731473098153731e+22,0.08348924261022372,0.3986639412080764
510,4.28,0.62,1173.9553407126762,318.0,1509.4558000587822,0.0189,4516639078.057006,81854864.14325175,Selsis,-0.3633897040247975,-0.7574004374222413,GP,0.12658823238798758,1.6785335044835496e+23,0.9084363080740421,0.12658823238798758
511,4.28,0.62,1173.9553407126762,318.0,2284.835116920498,0.0189,3203795123.6941013,66292734.16782698,Selsis,-0.3129619936787845,-0.6628547871021316,linear,0.45635595110895777,1.462656777027521e+23,0.6475553892641382,0.45635595110895777
512,4.28,0.62,1173.9553407126762,318.0,2241.0803944465256,0.0189,3254811883.021019,88867123.43566622,Selsis,-0.2933596607430453,-0.7405995356421584,linear,0.4994438819361924,7.672672638004558e+22,0.25764127970066286,0.4994438819361924
513,4.28,0.62,1173.9553407126762,318.0,6747.033675367697,0.0189,1540417686.6619105,64625194.16706804,Jackson,-0.4984224035936043,-0.7851754082667558,linear,0.24175247897835755,7.514449674394843e+22,0.7248515243367138,0.24175247897835755
514,4.28,0.62,1173.9553407126762,318.0,1813.9471827630312,0.0189,3872871828.4023156,6066361.016130314,Selsis,-0.4352165835485339,-0.7476739481746587,linear,0.2670512004220409,6.194679999514905e+22,0.17871827830961895,0.2670512004220409
515,4.28,0.62,1173.9553407126762,318.0,2210.2702761491178,0.0189,5926219540.501863,39257279.52115999,Jackson,-0.39314833846972447,-0.6520504078862509,GP,0.07020294330738956,1.978570613969259e+23,0.7268992676534517,0.07020294330738956
516,4.28,0.62,1173.9553407126762,318.0,2879.6682873751724,0.0189,4214555154.923035,28602081.93506181,Jackson,-0.3735292179352891,-0.6813818976773335,log,0.34817701690463676,6.730378417637413e+22,0.07922578596472796,0.34817701690463676
517,4.28,0.62,1173.9553407126762,318.0,5808.898051994315,0.0189,1825455514.2492592,48410948.35908755,Jackson,-0.3202344054201715,-0.7332464624536033,log,0.08290161627584057,4.4006988718724014e+22,0.26680399054105375,0.08290161627584057
518,4.28,0.62,1173.9553407126762,318.0,1126.799585345577,0.0189,5866721966.217264,37963023.355754115,Selsis,-0.427001530556726,-0.6134752149353362,linear,0.21023303291823844,1.7794939808847507e+23,0.7631355247478271,0.21023303291823844
519,4.28,0.62,1173.9553407126762,318.0,2223.2903525485053,0.0189,5878781793.663291,48319335.67921152,Jackson,-0.4600609495819874,-0.7625769066788455,GP,0.103312193038304,1.5084845035270671e+23,0.8392110416648269,0.103312193038304
520,4.28,0.62,1173.9553407126762,318.0,2529.6691902855805,0.0189,2949523832.496195,35332050.39855958,Selsis,-0.33465597423529486,-0.799990142839605,linear,0.1875398393474089,5.641146633828127e+22,0.16073906234755675,0.1875398393474089
521,4.28,0.62,1173.9553407126762,318.0,832.9120012856495,0.0189,7811576984.456633,23665009.82515994,Selsis,-0.46375999666475837,-0.688774114057881,log,0.07328999996547976,1.018587099428356e+23,0.5226262970075194,0.07328999996547976
522,4.28,0.62,1173.9553407126762,318.0,3005.682223611212,0.0189,2567862444.2157326,43412924.254072785,Selsis,-0.382142780292892,-0.7796091998790543,linear,0.11021261206604623,1.3344353999729568e+23,0.8740715601286838,0.11021261206604623
523,4.28,0.62,1173.9553407126762,318.0,1487.470946544304,0.0189,10327743506.72609,12445292.877689831,Jackson,-0.4315025888959677,-0.6759122820181037,linear,0.17155317499464948,1.931319930186227e+23,0.5201314109114752,0.17155317499464948
524,4.28,0.62,1173.9553407126762,318.0,2038.064724973532,0.0189,3518972398.753494,45848266.94468268,Selsis,-0.4403442630790156,-0.6511979724520953,linear,0.10035147266236388,9.601995214030176e+22,0.4697672979949692,0.10035147266236388
525,4.28,0.62,1173.9553407126762,318.0,1666.1876750632523,0.0189,4156561522.987784,44693546.0569191,Selsis,-0.2900847045420001,-0.7344208444513471,GP,0.32730662083469986,2.4747221606659004e+23,0.9711127889383218,0.32730662083469986
526,4.28,0.62,1173.9553407126762,318.0,1880.9530237335175,0.0189,3758519364.7223186,64486265.29273146,Selsis,-0.49054221459057806,-0.7467525970529686,linear,0.0850613173419609,5.314385603439129e+22,0.16352630347577146,0.0850613173419609
527,4.28,0.62,1173.9553407126762,318.0,1234.953419288776,0.0189,5388990205.538121,32380107.38755603,Selsis,-0.4668414107309084,-0.7083882942081201,GP,0.4895664617183667,8.844032118254165e+22,0.455639621244158,0.4895664617183667
528,4.28,0.62,1173.9553407126762,318.0,4363.083583846527,0.0189,2557283059.2355704,29739054.60399961,Jackson,-0.42781961414112996,-0.7620040326167661,GP,0.1178763304876066,7.689979431702861e+22,0.41809868634773906,0.1178763304876066
529,4.28,0.62,1173.9553407126762,318.0,5546.3378087285255,0.0189,1926692487.3647363,19852397.492376737,Jackson,-0.359333541933172,-0.7775337973852632,log,0.27554868772600355,8.233027006757327e+22,0.5235620495710409,0.27554868772600355
530,4.28,0.62,1173.9553407126762,318.0,1212.609788405916,0.0189,5480560185.355504,22089895.28502292,Selsis,-0.3941491141503011,-0.6057430224644376,log,0.33038129252863496,1.4174941062871463e+23,0.463275715427925,0.33038129252863496
531,4.28,0.62,1173.9553407126762,318.0,3191.6516352332815,0.0189,3722406753.7528195,3531367.5549599715,Jackson,-0.4208011039182023,-0.653547135609633,GP,0.11727101255841085,7.200131892238957e+22,0.15991158194802557,0.11727101255841085
532,4.28,0.62,1173.9553407126762,318.0,2518.485772552946,0.0189,2960108270.0146585,39648240.87460104,Selsis,-0.3863830871932797,-0.6886185401111762,linear,0.058730290912148764,5.953744023237194e+22,0.1968623063817463,0.058730290912148764
533,4.28,0.62,1173.9553407126762,318.0,3139.832814727469,0.0189,3796380269.03512,90248407.6828331,Jackson,-0.35389616128507806,-0.6599973378300708,linear,0.057427749431261735,7.845861325837485e+22,0.19870041870335942,0.057427749431261735
534,4.28,0.62,1173.9553407126762,318.0,6832.621518132375,0.0189,1518840880.5288205,60333812.28656741,Jackson,-0.3507444344125516,-0.7263477829214364,GP,0.09939919676306376,7.548907194104286e+22,0.5904025371299547,0.09939919676306376
535,4.28,0.62,1173.9553407126762,318.0,926.5781645124356,0.0189,7052022783.92768,11101468.559015725,Selsis,-0.4599564163186806,-0.741112554258658,log,0.2616514930890894,1.0144811544647978e+23,0.6185169784695587,0.2616514930890894
536,4.28,0.62,1173.9553407126762,318.0,1410.021931888453,0.0189,4785811009.587879,3708190.368203485,Selsis,-0.4875153840010047,-0.6099760181156151,GP,0.07519267521833496,1.868555497195455e+23,0.9287963949130293,0.07519267521833496
537,4.28,0.62,1173.9553407126762,318.0,6906.551104385451,0.0189,1500674454.0947292,6742694.141077788,Jackson,-0.4653211475252836,-0.7679326328062358,linear,0.14976777118357693,6.67559167348764e+22,0.5792450831274282,0.14976777118357693
538,4.28,0.62,1173.9553407126762,318.0,2497.032425575845,0.0189,5020515597.592349,15137262.031836,Jackson,-0.3043045016152685,-0.6718498379719368,linear,0.12595411213463337,1.5498266573145683e+23,0.37116311923987266,0.12595411213463337
539,4.28,0.62,1173.9553407126762,318.0,13666.439867962072,0.0189,703879912.1035888,35403572.419774644,Jackson,-0.4220761251488794,-0.6524995962511784,linear,0.09413796550187048,6.953558548329019e+22,0.918223573043362,0.09413796550187048
540,4.28,0.62,1173.9553407126762,318.0,2970.744205826763,0.0189,4058545759.206643,16803875.53930808,Jackson,-0.4553268783605038,-0.6527320890300675,GP,0.389736476156746,9.716407179732538e+22,0.3035022050067149,0.389736476156746
541,4.28,0.62,1173.9553407126762,318.0,1126.5064238912817,0.0189,5868144974.4356,36159295.606347285,Selsis,-0.38125670986389004,-0.7328875852793043,log,0.06304015162896064,7.554669432224337e+22,0.14484145623511246,0.06304015162896064
542,4.28,0.62,1173.9553407126762,318.0,1563.3202717775375,0.0189,9617215592.124083,61612476.550971314,Jackson,-0.2973566772070281,-0.6083315874944161,linear,0.28731976279984933,1.845423817550357e+23,0.15881867610441247,0.28731976279984933
543,4.28,0.62,1173.9553407126762,318.0,1422.8641758001068,0.0189,11010686674.314735,68232108.30868925,Jackson,-0.47059292458985297,-0.7053096556557668,GP,0.2273894096016335,1.6178920505383723e+23,0.6260046486528417,0.2273894096016335
544,4.28,0.62,1173.9553407126762,318.0,2978.9623320240185,0.0189,4045009062.6928434,60068368.36405096,Jackson,-0.4368220183884257,-0.7810640000031257,GP,0.05069380626092754,8.292488515366916e+22,0.2833576899682534,0.05069380626092754
545,4.28,0.62,1173.9553407126762,318.0,2842.578996783391,0.0189,2685187652.1790466,21123304.21254187,Selsis,-0.2889563495134416,-0.7068109575145649,GP,0.3750223836005233,1.0508913317169784e+23,0.4770386170639642,0.3750223836005233
546,4.28,0.62,1173.9553407126762,318.0,1540.493361735365,0.0189,4439629754.857629,1057214.3892465173,Selsis,-0.38414940655117275,-0.6097224659090149,linear,0.16962868479222865,1.2991344960804012e+23,0.46669671532268187,0.16962868479222865
547,4.28,0.62,1173.9553407126762,318.0,1529.4565827897586,0.0189,9923289346.557817,53520735.639572576,Jackson,-0.3640309037362789,-0.6681172270103345,linear,0.0626111100884414,2.962602758620143e+23,0.9665965106138913,0.0626111100884414
548,4.28,0.62,1173.9553407126762,318.0,2200.6217916499436,0.0189,5961822895.706289,69829094.24721813,Jackson,-0.3899628676174182,-0.6063342037746963,linear,0.24999761420208697,2.0577544839134864e+23,0.5903158949390727,0.24999761420208697
549,4.28,0.62,1173.9553407126762,318.0,2319.4392128922145,0.0189,5548752579.914673,48231286.97367215,Jackson,-0.2923409192328232,-0.6710135934351533,linear,0.1268790883406,9.160532239609591e+22,0.0944975153474128,0.1268790883406
550,4.28,0.62,1173.9553407126762,318.0,16918.36076109193,0.0189,560620926.757968,26591789.78446448,Jackson,-0.3778711400225979,-0.6266405700343033,linear,0.06222190004258994,2.8533384996014443e+22,0.6007690012748415,0.06222190004258994
551,4.28,0.62,1173.9553407126762,318.0,2002.5141059512237,0.0189,6788738343.7537,1882416.0686639948,Jackson,-0.34264331964176664,-0.7185490343354807,log,0.06581662173360489,1.8249222396866725e+23,0.44976081976282245,0.06581662173360489
552,4.28,0.62,1173.9553407126762,318.0,2575.50758117606,0.0189,4829461652.441031,7715164.964208195,Jackson,-0.41220889979556796,-0.6496693573814466,log,0.054336216897227334,7.472864637785278e+22,0.0632634008521401,0.054336216897227334
553,4.28,0.62,1173.9553407126762,318.0,3517.0624717334754,0.0189,3311200930.8172026,88959477.61877905,Jackson,-0.427651858073755,-0.7240120935208961,GP,0.1565457812651526,8.548518966816989e+22,0.373249408416906,0.1565457812651526
554,4.28,0.62,1173.9553407126762,318.0,5183.275124149739,0.0189,2085828256.9207103,45745996.005461015,Jackson,-0.2934737534958937,-0.7750616900000797,GP,0.05042024936922294,3.4764820513922373e+22,0.10447297001214806,0.05042024936922294
555,4.28,0.62,1173.9553407126762,318.0,5329.5614804548695,0.0189,1644097724.693024,97668439.22750698,Selsis,-0.38528122098896145,-0.6621410464613141,linear,0.3411993639879153,5.006481213880942e+22,0.38318318337865054,0.3411993639879153
556,4.28,0.62,1173.9553407126762,318.0,827.503219024028,0.0189,7861007831.44949,21340761.683742464,Selsis,-0.3739064040646847,-0.750487777374708,log,0.29089566722038135,1.1371335280197295e+23,0.480955747680302,0.29089566722038135
557,4.28,0.62,1173.9553407126762,318.0,2838.5345468401347,0.0189,2688259388.4483833,99274681.78642568,Selsis,-0.3274020661723075,-0.6585330745033453,linear,0.49008526061683194,1.6362408392889274e+23,0.8545224790310618,0.49008526061683194
558,4.28,0.62,1173.9553407126762,318.0,1724.9090254537116,0.0189,4038154112.638373,76378235.67336915,Selsis,-0.3788615042286494,-0.6906967517814232,log,0.2883483506939681,1.2999130789948553e+23,0.6634510954785102,0.2883483506939681
559,4.28,0.62,1173.9553407126762,318.0,2517.380936273582,0.0189,4966801854.037867,41637465.45050645,Jackson,-0.3172903566169155,-0.6730788253320846,log,0.179962922260991,1.328134201643306e+23,0.30709517937925634,0.179962922260991
560,4.28,0.62,1173.9553407126762,318.0,1064.7522865061962,0.0189,6186038846.832186,82248043.76668549,Selsis,-0.37493459555063435,-0.6854598936282101,GP,0.20838960996849668,1.1523948657040781e+23,0.3761920777992631,0.20838960996849668
561,4.28,0.62,1173.9553407126762,318.0,4303.55006721082,0.0189,1935583599.98408,91702620.90944728,Selsis,-0.4591233208296512,-0.6509930952961283,GP,0.2549274521536096,5.2628218771307384e+22,0.3368237550575034,0.2549274521536096
562,4.28,0.62,1173.9553407126762,318.0,793.4189420016861,0.0189,8189027761.828489,59013876.14057953,Selsis,-0.41798810061485914,-0.7567124228467071,GP,0.16361625640606192,9.196481828890425e+22,0.47195737422486816,0.16361625640606192
563,4.28,0.62,1173.9553407126762,318.0,4799.601359481692,0.0189,2283808448.5502768,43069583.310728975,Jackson,-0.2922327174568567,-0.6651699057324127,linear,0.12892378472444935,2.03550368294075e+23,0.9227989061099947,0.12892378472444935
564,4.28,0.62,1173.9553407126762,318.0,13281.82284806573,0.0189,725952131.3837874,72241750.89781128,Jackson,-0.45816923793717146,-0.6943844819881172,log,0.22570344125154831,1.673780261878753e+22,0.281293718831918,0.22570344125154831
565,4.28,0.62,1173.9553407126762,318.0,2650.5191624156837,0.0189,4662549207.041965,77256320.3981529,Jackson,-0.31278863068285534,-0.7447036810500445,log,0.2376269637153676,1.6580587696976352e+23,0.4948762514901217,0.2376269637153676
566,4.28,0.62,1173.9553407126762,318.0,3586.2139283212487,0.0189,3234148663.5250216,58654319.71518316,Jackson,-0.3721127545337087,-0.7845850076237,GP,0.19620709738509184,4.832634122647707e+22,0.055353230604051507,0.19620709738509184
567,4.28,0.62,1173.9553407126762,318.0,2874.4448553127454,0.0189,4223849605.312298,35010861.158002436,Jackson,-0.44691339824920495,-0.7894637963111908,linear,0.23680736526737767,1.165892449534641e+23,0.6219841572323098,0.23680736526737767
568,4.28,0.62,1173.9553407126762,318.0,2704.6395899699173,0.0189,2794816036.985098,36550529.627076335,Selsis,-0.4195552674731394,-0.6877467250778733,log,0.4247658818301786,8.221799803540412e+22,0.45453144224990816,0.4247658818301786
569,4.28,0.62,1173.9553407126762,318.0,2062.0897896238093,0.0189,6519185178.653326,70163433.17458579,Jackson,-0.32964123451503696,-0.7304215564410799,linear,0.14308375796229644,2.6550321278782495e+23,0.9350243871273071,0.14308375796229644
570,4.28,0.62,1173.9553407126762,318.0,2738.5071024532585,0.0189,4480240017.232048,37943016.29211725,Jackson,-0.4387588743416567,-0.6777502644460279,linear,0.06838914738104236,1.2915664430993964e+23,0.5469130740289591,0.06838914738104236
571,4.28,0.62,1173.9553407126762,318.0,1130.991812555408,0.0189,5846456385.956541,20372444.20793501,Selsis,-0.3021817285530771,-0.6854480959764059,linear,0.3287453891093491,2.1319847297323764e+23,0.730871525596721,0.3287453891093491
572,4.28,0.62,1173.9553407126762,318.0,2792.311639472211,0.0189,2723965761.4477158,2156887.4060506397,Selsis,-0.4902397852621493,-0.7574058495616534,log,0.09155876044234643,7.640757671481016e+22,0.4989948120834431,0.09155876044234643
573,4.28,0.62,1173.9553407126762,318.0,2219.917502699274,0.0189,3280180653.5819535,74120731.4961403,Selsis,-0.31242422929856173,-0.6779107314965982,log,0.17473692708375585,2.0087398187428784e+23,0.9237574871992887,0.17473692708375585
574,4.28,0.62,1173.9553407126762,318.0,1371.4213316859723,0.0189,4900685455.004088,18122161.617441624,Selsis,-0.3287782214218525,-0.7747491598928076,log,0.25068400620445447,1.1595066613136967e+23,0.3936747631378943,0.25068400620445447
575,4.28,0.62,1173.9553407126762,318.0,8807.483014918856,0.0189,1143972698.160172,53443764.470967405,Jackson,-0.3530865240532079,-0.6517998888108327,linear,0.3051124602880284,4.653028053004826e+22,0.5030791362562747,0.3051124602880284
576,4.28,0.62,1173.9553407126762,318.0,4030.696959189851,0.0189,2036723592.7068324,23534585.076734032,Selsis,-0.4709043752614394,-0.6508548924013303,log,0.3795964677172216,4.542531966816871e+22,0.22690133463437157,0.3795964677172216
577,4.28,0.62,1173.9553407126762,318.0,4622.168097608093,0.0189,2388033797.172949,37919702.86321342,Jackson,-0.41111056320614614,-0.7208468824850106,log,0.0816150324470151,8.652387885021386e+22,0.5060691852811825,0.0816150324470151
578,4.28,0.62,1173.9553407126762,318.0,3249.332623341339,0.0189,3643242843.4413447,68259460.02358946,Jackson,-0.4909988210238181,-0.791889367569483,log,0.10220864232699992,1.0270994287560941e+23,0.6418549952109605,0.10220864232699992
579,4.28,0.62,1173.9553407126762,318.0,30308.99128673399,0.0189,476611095.7283259,15852760.579866447,Selsis,-0.35203263807797536,-0.7746176598591384,log,0.05951421839836288,1.0565881625151783e+22,0.23341319842494412,0.05951421839836288
580,4.28,0.62,1173.9553407126762,318.0,13360.700751406637,0.0189,721314568.4432259,93193347.83652514,Jackson,-0.46656793904632815,-0.711523978948401,GP,0.13260927510760998,1.267465442512979e+22,0.17787331918906335,0.13260927510760998
581,4.28,0.62,1173.9553407126762,318.0,5043.867831692607,0.0189,1713429187.2248747,27667087.148744136,Selsis,-0.3841046412420126,-0.6026032230409137,linear,0.25271201991696235,3.1181021831548314e+22,0.14007471572695918,0.25271201991696235
582,4.28,0.62,1173.9553407126762,318.0,802.4040884601025,0.0189,8099674837.573113,28844198.105355136,Selsis,-0.37096069569314966,-0.6968945963308467,log,0.10118553063585833,1.297676712229435e+23,0.49228397167150395,0.10118553063585833
583,4.28,0.62,1173.9553407126762,318.0,2383.279138283268,0.0189,3095574662.7000694,51400387.06643953,Selsis,-0.35066217072141775,-0.6382135460964304,GP,0.09260209692969423,1.0810185811380832e+23,0.4856610727468368,0.09260209692969423
584,4.28,0.62,1173.9553407126762,318.0,2180.141504529722,0.0189,6038694861.328556,20173970.199050926,Jackson,-0.3018525765608139,-0.677129118340217,linear,0.23269144057702149,2.2246984730378385e+23,0.5209133778926308,0.23269144057702149
585,4.28,0.62,1173.9553407126762,318.0,2190.51166141044,0.0189,3316213310.848026,20756370.020066798,Selsis,-0.29945023716182567,-0.6425475487093454,log,0.060187526277439396,2.41790140747129e+23,0.9837852868403383,0.060187526277439396
586,4.28,0.62,1173.9553407126762,318.0,2203.939442121226,0.0189,5949536969.866616,73746532.04082058,Jackson,-0.34155394921921334,-0.6052498842469245,GP,0.06496209839155558,1.6704921272530004e+23,0.3382266161308142,0.06496209839155558
587,4.28,0.62,1173.9553407126762,318.0,4781.701679688144,0.0189,2293925681.192367,61655280.281872906,Jackson,-0.4401901119153118,-0.6979731326542631,GP,0.08018554332119103,4.698211447670987e+22,0.19616641606900298,0.08018554332119103
588,4.28,0.62,1173.9553407126762,318.0,1712.384527324467,0.0189,8450202748.800368,56706628.15071619,Jackson,-0.405667936318321,-0.6575527199117087,linear,0.07715680551231434,1.4571184771620415e+23,0.19287204311126427,0.07715680551231434
589,4.28,0.62,1173.9553407126762,318.0,5326.611602997881,0.0189,1644778805.3598027,56521198.61133907,Selsis,-0.3055325912925156,-0.6026538810645177,log,0.3264524335795193,3.8005334323733736e+22,0.25190427130336923,0.3264524335795193
590,4.28,0.62,1173.9553407126762,318.0,3614.147596929297,0.0189,3203983604.9574146,21030525.676420875,Jackson,-0.40009622321658384,-0.6976041889740622,linear,0.08994770374573825,8.52284840133977e+22,0.3265229810204435,0.08994770374573825
591,4.28,0.62,1173.9553407126762,318.0,2790.8076640999975,0.0189,4378171034.360762,85479989.94840644,Jackson,-0.4478881582505053,-0.7820805417301587,GP,0.1607176711424914,8.799041378013212e+22,0.31930944741162626,0.1607176711424914
592,4.28,0.62,1173.9553407126762,318.0,4142.05215058708,0.0189,2720475869.930496,66767359.58951247,Jackson,-0.3562289378294251,-0.6521550192353538,linear,0.40516907904113203,7.866976633320803e+22,0.34493530105327186,0.40516907904113203
593,4.28,0.62,1173.9553407126762,318.0,1402.6122548667345,0.0189,4807376849.445906,94067138.45999771,Selsis,-0.2983456892003424,-0.712324470880309,linear,0.0719609272435181,1.3073108301691297e+23,0.40505092390449515,0.0719609272435181
594,4.28,0.62,1173.9553407126762,318.0,518.2248580772111,0.0189,12596118321.75347,72498622.88884853,Selsis,-0.3429474623165032,-0.782259630360368,log,0.08833459967147064,1.8452433760744315e+23,0.8630275392785877,0.08833459967147064
595,4.28,0.62,1173.9553407126762,318.0,5547.322626003634,0.0189,1926292616.9995859,95852662.41949545,Jackson,-0.47734081228588965,-0.715682010394907,linear,0.27239012978201854,7.494036019558954e+22,0.5861092762859913,0.27239012978201854
596,4.28,0.62,1173.9553407126762,318.0,5384.720466683303,0.0189,1994548918.3016124,47862652.425194316,Jackson,-0.3017639301959302,-0.7905806152893599,log,0.11713607452686242,1.0765085201724105e+23,0.61764763142218,0.11713607452686242
597,4.28,0.62,1173.9553407126762,318.0,1908.2359304474887,0.0189,7259051055.246509,80780468.23403227,Jackson,-0.4745166877797306,-0.7753970673980852,linear,0.27265079581559293,1.5619987349871934e+23,0.9730615756065999,0.27265079581559293
598,4.28,0.62,1173.9553407126762,318.0,1783.003250635892,0.0189,7982532477.301558,40792316.65427143,Jackson,-0.4919508478501845,-0.7483605635649011,GP,0.08143539290473432,1.6146068063555715e+23,0.9586848199442825,0.08143539290473432
599,4.28,0.62,1173.9553407126762,318.0,2973.2941184943866,0.0189,4054336368.4914784,29998207.173030347,Jackson,-0.3543693389143959,-0.6160550202594729,log,0.22714784652726203,2.2532924627144037e+23,0.8696622032424823,0.22714784652726203
600,4.28,0.62,1173.9553407126762,318.0,1673.2772870595138,0.0189,8730880901.756168,84720529.48079813,Jackson,-0.4309427691573129,-0.6740366876699362,log,0.06119698972486658,1.704135413814204e+23,0.4661793780502721,0.06119698972486658
601,4.28,0.62,1173.9553407126762,318.0,5103.124588238059,0.0189,2124412815.3729727,93152567.52986553,Jackson,-0.34265034083726015,-0.7520308490445404,GP,0.0690629679597309,1.2483221300073515e+23,0.7670316033754081,0.0690629679597309
602,4.28,0.62,1173.9553407126762,318.0,1865.5100284352834,0.0189,7492160593.918824,64183272.46641685,Jackson,-0.38133282111624806,-0.6790373125990459,GP,0.07489124178528606,1.944336894888337e+23,0.5853076651791802,0.07489124178528606
603,4.28,0.62,1173.9553407126762,318.0,706.7031935269744,0.0189,9177161276.251858,33101208.207303535,Selsis,-0.4580845920123947,-0.6636011171681188,linear,0.08615239371167684,9.564790343025571e+22,0.3603279562557523,0.08615239371167684
604,4.28,0.62,1173.9553407126762,318.0,5857.596999223903,0.0189,1807795114.208367,56484329.323682345,Jackson,-0.3735890656171897,-0.7352911849309979,log,0.10224110272992996,1.1098974779825577e+23,0.8039026318041063,0.10224110272992996
605,4.28,0.62,1173.9553407126762,318.0,650.147933675441,0.0189,9976000308.034708,99251110.1674479,Selsis,-0.2980892940485353,-0.6817583791868805,linear,0.44036268269912127,2.2323041886137688e+23,0.6084072268784488,0.44036268269912127
606,4.28,0.62,1173.9553407126762,318.0,5079.5846715329635,0.0189,2136006358.5602806,13506224.576308833,Jackson,-0.3256268470767949,-0.78281060273724,log,0.07292465801235698,1.3781238935270668e+23,0.7644635993297628,0.07292465801235698
607,4.28,0.62,1173.9553407126762,318.0,2209.65483380249,0.0189,5928479035.410981,33258967.84384708,Jackson,-0.4016352987041052,-0.782744560130752,GP,0.18676262412827233,1.4916680119685947e+23,0.6110085472218438,0.18676262412827233
608,4.28,0.62,1173.9553407126762,318.0,1560.274534237863,0.0189,9644049854.933867,52549956.153533794,Jackson,-0.323124369153365,-0.7606812838870257,GP,0.4794119512894605,1.6258188542848722e+23,0.13706532454580578,0.4794119512894605
609,4.28,0.62,1173.9553407126762,318.0,2170.4093239631234,0.0189,6075856622.19435,45623358.87897352,Jackson,-0.3603193828553967,-0.7874922624533968,log,0.46583948859194074,1.1168977896007654e+23,0.1843070481086917,0.46583948859194074
610,4.28,0.62,1173.9553407126762,318.0,6065.468650349323,0.0189,1736294591.5658586,26893309.25266526,Jackson,-0.40983644953757753,-0.6605907499374616,log,0.1889740855889327,2.5431555382996585e+22,0.04550955488362485,0.1889740855889327
611,4.28,0.62,1173.9553407126762,318.0,3581.6117434243433,0.0189,3239170420.904056,34310594.13480862,Jackson,-0.3981806982889148,-0.7083861576771842,linear,0.08642295868427337,1.4275483936784179e+23,0.7993231525557116,0.08642295868427337
612,4.28,0.62,1173.9553407126762,318.0,834.0205857970077,0.0189,7801529685.023805,85369998.41568987,Selsis,-0.30963266448312604,-0.6548539832778142,log,0.2222471937353381,2.4481372141293537e+23,0.7965365152867702,0.2222471937353381
613,4.28,0.62,1173.9553407126762,318.0,6571.308405482382,0.0189,1407435017.1848242,78965555.3091347,Selsis,-0.38796377443013014,-0.6159426158181073,linear,0.2629649892813356,8.473362177050681e+22,0.6939424923932886,0.2629649892813356
614,4.28,0.62,1173.9553407126762,318.0,2158.319557357182,0.0189,3356743827.5778604,45686820.89338079,Selsis,-0.4458657478695681,-0.6184889538206373,GP,0.12953503452554704,8.326507486631952e+22,0.3290847313643479,0.12953503452554704
615,4.28,0.62,1173.9553407126762,318.0,5406.700239516548,0.0189,1985052116.5601192,41790012.076907046,Jackson,-0.3413016158719558,-0.6121562837453469,GP,0.19515159866319418,1.7944716971830183e+23,0.9927484227433739,0.19515159866319418
616,4.28,0.62,1173.9553407126762,318.0,1854.0089230026756,0.0189,7557225891.3675995,47309783.86207048,Jackson,-0.4230122401865654,-0.7471648469559293,GP,0.35164229727561225,1.6080489288316302e+23,0.6326450467905279,0.35164229727561225
617,4.28,0.62,1173.9553407126762,318.0,2031.1134866751345,0.0189,3528814238.860182,36061392.653094985,Selsis,-0.3382317853239128,-0.7832097284413956,GP,0.12370003703541496,5.494781070588744e+22,0.07163405616975338,0.12370003703541496
618,4.28,0.62,1173.9553407126762,318.0,4555.216146303828,0.0189,1852328566.5682049,82524557.4318194,Selsis,-0.2915575723153364,-0.7301110362317178,GP,0.055133900377916434,1.2162846046442279e+23,0.7324746212459811,0.055133900377916434
619,4.28,0.62,1173.9553407126762,318.0,3218.0601795492717,0.0189,3685758265.154408,56894128.27968094,Jackson,-0.40442314000245394,-0.733769460018997,GP,0.09076278406154278,1.5236663602308392e+23,0.8916004346219607,0.09076278406154278
620,4.28,0.62,1173.9553407126762,318.0,6569.013309739139,0.0189,1587276717.275733,44495360.123784184,Jackson,-0.29252362882165656,-0.6538330495544445,log,0.06494004068888527,2.886373918735809e+22,0.14502886739324639,0.06494004068888527
621,4.28,0.62,1173.9553407126762,318.0,2098.2912478687667,0.0189,6364670900.771099,8531997.606213106,Jackson,-0.46298257061393683,-0.6379676941072309,log,0.14544298186215351,1.3527713589262169e+23,0.31066050692884284,0.14544298186215351
622,4.28,0.62,1173.9553407126762,318.0,2083.9557487238358,0.0189,6425057313.349314,90889743.14894508,Jackson,-0.37192821626100464,-0.7763722642933751,log,0.4059290190679666,1.5802840442964845e+23,0.5222923062378118,0.4059290190679666
623,4.28,0.62,1173.9553407126762,318.0,2844.3278658261056,0.0189,2683861966.8886003,42724352.439268455,Selsis,-0.4272203763696835,-0.6514207579259901,GP,0.05353174436042949,5.251179792521306e+22,0.1756202806999715,0.05353174436042949
624,4.28,0.62,1173.9553407126762,318.0,2275.3365775356997,0.0189,5695848748.605977,85946534.47065742,Jackson,-0.48828117403547894,-0.6736733527174316,linear,0.0865302558651867,1.6634271174500988e+23,0.8999908911092466,0.0865302558651867
625,4.28,0.62,1173.9553407126762,318.0,2425.2102122643323,0.0189,5222677996.265523,7710471.2798477,Jackson,-0.46056460803690397,-0.7951127130917989,log,0.1427356078456532,1.4360157992203913e+23,0.8201983861808884,0.1427356078456532
626,4.28,0.62,1173.9553407126762,318.0,2747.800149407047,0.0189,4461774555.30377,30916652.877561476,Jackson,-0.36818103085887127,-0.7471457227631478,GP,0.4499953455615664,1.0612535297974443e+23,0.29813974163387835,0.4499953455615664
627,4.28,0.62,1173.9553407126762,318.0,2146.4523743269183,0.0189,6169122851.670434,29949580.793713577,Jackson,-0.3083335282444123,-0.6706570658297853,linear,0.40435786772696275,1.9000158942259833e+23,0.40273095220334443,0.40435786772696275
628,4.28,0.62,1173.9553407126762,318.0,1755.0809509031199,0.0189,3980319058.850591,4076924.621742565,Selsis,-0.4037148150959381,-0.6988833872202461,log,0.08830618692295711,7.857187664957087e+22,0.27108323263417144,0.08830618692295711
629,4.28,0.62,1173.9553407126762,318.0,2407.092628537934,0.0189,5276028630.57235,29257002.775937825,Jackson,-0.37068568529377566,-0.7912754604863785,linear,0.055743027431641425,1.3920420712143047e+23,0.47154836172115044,0.055743027431641425
630,4.28,0.62,1173.9553407126762,318.0,748.9095525482428,0.0189,8665537573.472824,23412985.87644327,Selsis,-0.3325106361769486,-0.6718871355178814,GP,0.0620265544282265,1.0275027581279471e+23,0.044791932761741204,0.0620265544282265
631,4.28,0.62,1173.9553407126762,318.0,6713.595228154192,0.0189,1549011571.8877382,69190820.19738518,Jackson,-0.29866009664967297,-0.7956041036910152,linear,0.18210922036550173,4.645801477069354e+22,0.369832192579735,0.18210922036550173
632,4.28,0.62,1173.9553407126762,318.0,1316.4517689340953,0.0189,5081995620.831363,98159227.11302847,Selsis,-0.283353970104555,-0.6710332823616721,linear,0.13190202316777072,2.4205621372806282e+23,0.833931938117602,0.13190202316777072
633,4.28,0.62,1173.9553407126762,318.0,5609.918404598762,0.0189,1901199960.4009564,50819754.029529914,Jackson,-0.3833194203788358,-0.7198846347990007,log,0.44575760595904373,9.58672616439913e+22,0.6626814352195927,0.44575760595904373
634,4.28,0.62,1173.9553407126762,318.0,819.3485660846703,0.0189,7936844678.128025,70603977.36070302,Selsis,-0.33896992476457466,-0.7431307834723418,linear,0.0819449456136571,1.3716022549865604e+23,0.48259121050068177,0.0819449456136571
635,4.28,0.62,1173.9553407126762,318.0,1761.9091001620984,0.0189,8117266322.963177,9047941.567538086,Jackson,-0.4775791885854084,-0.7709014746557503,linear,0.33754619966724453,1.6028756682804527e+23,0.9224136038889366,0.33754619966724453
636,4.28,0.62,1173.9553407126762,318.0,2177.31380942754,0.0189,6049449724.120679,75116328.55927615,Jackson,-0.3451682024028897,-0.7192827445520623,log,0.08919786640328674,1.5377588623242983e+23,0.3757903451414405,0.08919786640328674
637,4.28,0.62,1173.9553407126762,318.0,5499.2555896089225,0.0189,1945997506.813486,79584469.17081408,Jackson,-0.45367371492323094,-0.6180377013992232,GP,0.1017917064591174,1.0952758465964658e+23,0.7577198262381406,0.1017917064591174
638,4.28,0.62,1173.9553407126762,318.0,4531.8604154153045,0.0189,1859693276.4244719,22924307.836583037,Selsis,-0.46039418170385793,-0.7982973117418201,GP,0.13411251463811943,5.21100606533149e+22,0.36314958516438156,0.13411251463811943
639,4.28,0.62,1173.9553407126762,318.0,1776.1146199484415,0.0189,8026087267.529043,84244732.96488713,Jackson,-0.3405896707081453,-0.7686418878981071,linear,0.06115202360968616,1.635012251636788e+23,0.29222592742805353,0.06115202360968616
640,4.28,0.62,1173.9553407126762,318.0,3032.9039448021263,0.0189,3958253344.251482,27396079.869879488,Jackson,-0.4818208349077851,-0.6085282446371649,log,0.13453169254501607,8.89863469492175e+22,0.2297992051872072,0.13453169254501607
641,4.28,0.62,1173.9553407126762,318.0,1697.6767220103493,0.0189,4092072814.6126823,7268123.211726778,Selsis,-0.4636176223034594,-0.7337629614855126,GP,0.18029730628572094,6.45059697024053e+22,0.23258684013617636,0.18029730628572094
642,4.28,0.62,1173.9553407126762,318.0,817.5482283196328,0.0189,7953804315.096892,4359198.360992007,Selsis,-0.4441925086319245,-0.7662006883789985,GP,0.4194935378142392,5.377213433514149e+22,0.10885798153723769,0.4194935378142392
643,4.28,0.62,1173.9553407126762,318.0,8767.247809455906,0.0189,1149903307.6076283,6852621.331694178,Jackson,-0.35573813894477235,-0.7399532214113768,linear,0.14049318735147892,7.872561771926038e+22,0.7211856641860735,0.14049318735147892
644,4.28,0.62,1173.9553407126762,318.0,2703.4245604145954,0.0189,4551279266.168641,44488632.97011981,Jackson,-0.3744918947909453,-0.6647306543949251,GP,0.4835103763995954,2.0304586494163884e+23,0.9070122531114064,0.4835103763995954
645,4.28,0.62,1173.9553407126762,318.0,2155.2279753302973,0.0189,3360697590.0004845,94141545.18712112,Selsis,-0.35244762392491696,-0.7226788047754998,linear,0.0732164166698113,9.945750587417325e+22,0.4677293632967665,0.0732164166698113
646,4.28,0.62,1173.9553407126762,318.0,4060.1121803964793,0.0189,2025211594.4394999,18502323.959214225,Selsis,-0.35078558544822813,-0.7696575799678746,linear,0.17252157516960623,1.5855130718605612e+23,0.9950093286662509,0.17252157516960623
647,4.28,0.62,1173.9553407126762,318.0,13892.056217781907,0.0189,691540152.9937264,27660659.990852557,Jackson,-0.4003745187892641,-0.7062171087628063,GP,0.26864836572431505,3.1781480096320566e+22,0.5530655232721526,0.26864836572431505
648,4.28,0.62,1173.9553407126762,318.0,3664.374784030055,0.0189,3151071609.870721,75590823.20535676,Jackson,-0.35814889320468174,-0.7098201390414794,linear,0.09738903122715892,1.6204223897879093e+23,0.8449160663835634,0.09738903122715892
649,4.28,0.62,1173.9553407126762,318.0,3211.1741699947142,0.0189,2436054920.1209464,97329907.7115482,Selsis,-0.3760524939397759,-0.7955479436527322,log,0.45317660795027936,1.0055669941611764e+23,0.6685711604925778,0.45317660795027936
650,4.28,0.62,1173.9553407126762,318.0,10450.719844962585,0.0189,944074271.1623355,65679819.68696789,Jackson,-0.36698413709890754,-0.7351564349814838,GP,0.47331679904866364,5.6628244989457075e+22,0.6823653317461852,0.47331679904866364
651,4.28,0.62,1173.9553407126762,318.0,3966.8076369776063,0.0189,2062275747.3714643,80504759.82695682,Selsis,-0.39945985640594306,-0.6551206605838454,GP,0.14865081300472058,6.796901203885088e+22,0.4283201283450171,0.14865081300472058
652,4.28,0.62,1173.9553407126762,318.0,4344.221005233373,0.0189,1921522552.7222972,36047165.30284829,Selsis,-0.3863404915225913,-0.6973600589472136,linear,0.053244864276059956,6.832620603887697e+22,0.4548124556659071,0.053244864276059956
653,4.28,0.62,1173.9553407126762,318.0,1124.9033795421292,0.0189,5875939744.826936,88113353.0228493,Selsis,-0.3001534133661971,-0.6303766267053866,GP,0.4511718229335985,2.392745009136188e+23,0.7849177525842487,0.4511718229335985
654,4.28,0.62,1173.9553407126762,318.0,4624.615339055714,0.0189,1830852369.5016336,63249753.503625125,Selsis,-0.3020642786946062,-0.7868570142046383,log,0.08108880468643828,2.4554396325205252e+22,0.015725283790475997,0.08108880468643828
655,4.28,0.62,1173.9553407126762,318.0,4681.55690732081,0.0189,2352150342.5292397,80313190.94481762,Jackson,-0.4264579906927002,-0.6072196118924239,linear,0.3259153711176678,1.3361070163038488e+23,0.7843686409685341,0.3259153711176678
656,4.28,0.62,1173.9553407126762,318.0,2044.690896014733,0.0189,3509633948.281896,74681848.85308704,Selsis,-0.42663104098474747,-0.7975121429236686,log,0.21386835012775268,1.0558882459145979e+23,0.6913568144566345,0.21386835012775268
657,4.28,0.62,1173.9553407126762,318.0,2120.8309911450374,0.0189,3405436789.664082,70699000.5692846,Selsis,-0.31925110815305763,-0.7661984019541921,GP,0.39405389396231333,1.8769840862935743e+23,0.9196312667474323,0.39405389396231333
658,4.28,0.62,1173.9553407126762,318.0,3138.78905712381,0.0189,3797899136.5745482,1149840.5366871452,Jackson,-0.38382376533446133,-0.7002013683083809,linear,0.178499875984441,1.6380739359874913e+23,0.7980734420433219,0.178499875984441
659,4.28,0.62,1173.9553407126762,318.0,2688.811338490335,0.0189,4581505437.194985,9721373.377663547,Jackson,-0.3148571928758044,-0.7011953597394517,log,0.2530364153462579,2.334554269275394e+23,0.7951954906799525,0.2530364153462579
660,4.28,0.62,1173.9553407126762,318.0,7265.111328824132,0.0189,1307531902.5403712,31079156.876068193,Selsis,-0.33504144743890335,-0.6195536615615379,log,0.22146736915461337,7.116464881191309e+22,0.6192402267161577,0.22146736915461337
661,4.28,0.62,1173.9553407126762,318.0,1484.7668622734536,0.0189,4580156657.341442,5896348.602534273,Selsis,-0.44949226636371126,-0.751115256312435,GP,0.4988015448793821,1.350310530306981e+23,0.8779619033323146,0.4988015448793821
662,4.28,0.62,1173.9553407126762,318.0,4121.31306790887,0.0189,2736814245.9378285,44140146.13924142,Jackson,-0.28184671444449844,-0.6356932437108281,log,0.05891758251584605,1.1288799659493501e+23,0.49544463080962986,0.05891758251584605
663,4.28,0.62,1173.9553407126762,318.0,1088.3425407141,0.0189,6060181693.913729,44470215.90007956,Selsis,-0.4739549333600081,-0.7820571160767503,linear,0.2536228972737728,4.2406936591577486e+22,0.025156415827602974,0.2536228972737728
664,4.28,0.62,1173.9553407126762,318.0,5806.401968798292,0.0189,1542341813.2433248,16181181.660617547,Selsis,-0.38601168047286644,-0.7483078420653587,GP,0.32405285529438105,8.446604878044131e+22,0.670289431242086,0.32405285529438105
665,4.28,0.62,1173.9553407126762,318.0,1522.7983129181478,0.0189,4483156049.715639,63744477.18265938,Selsis,-0.4745517595076992,-0.7008074061907945,GP,0.27196547049064496,5.0282015094722215e+22,0.016291070568709487,0.27196547049064496
666,4.28,0.62,1173.9553407126762,318.0,6062.3601481692795,0.0189,1493762513.7583373,66146264.5324533,Selsis,-0.40119165804964735,-0.7108623056715423,linear,0.05978359403770742,8.564101782651051e+22,0.7217891514593479,0.05978359403770742
667,4.28,0.62,1173.9553407126762,318.0,51968.15334211969,0.0189,330728187.89736915,39629323.63231301,Selsis,-0.4526879674011358,-0.6698970333941585,linear,0.4205347632130898,1.597602850960256e+22,0.6124089738914723,0.4205347632130898
668,4.28,0.62,1173.9553407126762,318.0,1266.0513962570212,0.0189,5267066777.664596,45076404.03540487,Selsis,-0.30937752196274443,-0.7626429213703291,GP,0.10561803473547875,7.132248249173204e+22,0.016322903762933327,0.10561803473547875
669,4.28,0.62,1173.9553407126762,318.0,1851.6972771367125,0.0189,3807460598.2965074,98818001.32468213,Selsis,-0.3607815761361769,-0.7492926301003899,log,0.27552891075630004,7.468555090408989e+22,0.24033378656088222,0.27552891075630004
670,4.28,0.62,1173.9553407126762,318.0,10785.971411976006,0.0189,911407726.1966596,32006254.056374274,Jackson,-0.4964521937191594,-0.6323611165383228,log,0.10554484145360628,2.5018780154577535e+22,0.32705960063323325,0.10554484145360628
671,4.28,0.62,1173.9553407126762,318.0,6049.114229356892,0.0189,1741593812.8740783,69363257.62949711,Jackson,-0.39891962961649563,-0.791529286067764,GP,0.15203949932623104,5.829270042095514e+22,0.4215591984834157,0.15203949932623104
672,4.28,0.62,1173.9553407126762,318.0,1748.6368612327185,0.0189,3992508253.0165343,72244521.32095842,Selsis,-0.46578763230760295,-0.7189943850532854,linear,0.09009745767734519,8.377445905743824e+22,0.44494373896610784,0.09009745767734519
673,4.28,0.62,1173.9553407126762,318.0,2507.6051005410022,0.0189,2970492691.9955063,30386714.228137452,Selsis,-0.3126021724197829,-0.6201194353886372,GP,0.10562419419926222,7.607320217146002e+22,0.2858493704842001,0.10562419419926222
674,4.28,0.62,1173.9553407126762,318.0,19852.641079920577,0.0189,635522129.9554933,83055922.13594222,Selsis,-0.36936652146583,-0.6864685145930929,linear,0.09890593288533633,3.7018415731224835e+22,0.6990927673664928,0.09890593288533633
675,4.28,0.62,1173.9553407126762,318.0,1847.0005111612948,0.0189,3815457627.777884,16183027.05662606,Selsis,-0.3361898079086961,-0.7671471719929538,log,0.061870294191008014,9.417065682707446e+22,0.34368267826641064,0.061870294191008014
676,4.28,0.62,1173.9553407126762,318.0,6792.976807373126,0.0189,1528761254.8798697,50062137.76694805,Jackson,-0.41269943789211483,-0.7674522846167006,log,0.14532081477952455,2.536228847110239e+22,0.10728928238593272,0.14532081477952455
677,4.28,0.62,1173.9553407126762,318.0,8177.1423952721325,0.0189,1243984202.2628348,42309373.825655,Jackson,-0.29459830389047026,-0.7115075437980494,log,0.06060019079994621,2.8718080667577748e+22,0.2513491050512917,0.06060019079994621
678,4.28,0.62,1173.9553407126762,318.0,1764.9861643495515,0.0189,8097358459.356931,82540951.38773301,Jackson,-0.43197665166553983,-0.6650204969573126,log,0.0882206943112771,1.7585442166612494e+23,0.5342597811976524,0.0882206943112771
679,4.28,0.62,1173.9553407126762,318.0,1616.6369346880917,0.0189,4263005486.3128943,49201282.85604345,Selsis,-0.32733003867600274,-0.6881815557290276,linear,0.1621223269218547,7.612625884981923e+22,0.14047215755014264,0.1621223269218547
680,4.28,0.62,1173.9553407126762,318.0,1845.8713538705344,0.0189,3817386088.9680223,67945462.71725357,Selsis,-0.48791448867559184,-0.6890645236488104,GP,0.3997994765121894,1.3551532984189406e+23,0.9059544910475078,0.3997994765121894
681,4.28,0.62,1173.9553407126762,318.0,4383.767637542604,0.0189,2542966915.4965405,71245457.27879974,Jackson,-0.4623830074840916,-0.7125539153666949,GP,0.07529925425817467,5.465413159417461e+22,0.2234516976839731,0.07529925425817467
682,4.28,0.62,1173.9553407126762,318.0,1603.743659541902,0.0189,9273338662.746504,15028503.973686313,Jackson,-0.4838682038467692,-0.7997326720401019,GP,0.07641207703712836,1.3120906007966138e+23,0.7046706912272153,0.07641207703712836
683,4.28,0.62,1173.9553407126762,318.0,5706.834743992019,0.0189,1562307211.434173,32202719.607519973,Selsis,-0.3245709991466759,-0.6285497080610548,linear,0.055810811467128234,1.2881646739749874e+23,0.8335331789138631,0.055810811467128234
684,4.28,0.62,1173.9553407126762,318.0,2933.893045988285,0.0189,4120323557.3547,94880577.19042553,Jackson,-0.29355320711811206,-0.6962206948573422,log,0.07940375792615567,1.3373519138528049e+23,0.39465583154840755,0.07940375792615567
685,4.28,0.62,1173.9553407126762,318.0,2332.911914254467,0.0189,5505184777.803689,16181014.376138236,Jackson,-0.48000606454484346,-0.712821037243408,log,0.28552330281262506,9.698511372768484e+22,0.2521659432961957,0.28552330281262506
686,4.28,0.62,1173.9553407126762,318.0,4366.026284714118,0.0189,1914084196.7531211,96424553.13299504,Selsis,-0.481443138235546,-0.7629401676168079,linear,0.48214061162297844,2.485826635925295e+22,0.008938930316151339,0.48214061162297844
687,4.28,0.62,1173.9553407126762,318.0,2486.3186298120945,0.0189,2991059337.229335,99972810.59166557,Selsis,-0.3747390448046529,-0.7691428924553535,GP,0.050278931497699283,1.2235336058893056e+23,0.762754008054576,0.050278931497699283
688,4.28,0.62,1173.9553407126762,318.0,3646.340015797493,0.0189,3169877706.8346395,24966041.582174473,Jackson,-0.43476971698822897,-0.6829931028556083,log,0.22683174155409616,8.880168833169171e+22,0.3814140425395821,0.22683174155409616
689,4.28,0.62,1173.9553407126762,318.0,3929.4952547887015,0.0189,2077557157.8838012,77772425.14776404,Selsis,-0.4509272942543018,-0.7345287213612338,linear,0.40011448209191386,4.031215102645795e+22,0.18330257947289796,0.40011448209191386
690,4.28,0.62,1173.9553407126762,318.0,1399.5450114482683,0.0189,11277288392.943697,11212430.774637269,Jackson,-0.41092543485594185,-0.6300526420588717,linear,0.16968053367835928,2.6540727618564493e+23,0.6596678235658769,0.16968053367835928
691,4.28,0.62,1173.9553407126762,318.0,9952.798719232957,0.0189,997039006.4106201,78149022.12144388,Jackson,-0.4227731446196386,-0.6927699004631008,log,0.47508639447371387,2.734364658355171e+22,0.3465735723702169,0.47508639447371387
692,4.28,0.62,1173.9553407126762,318.0,1413.0411311151483,0.0189,11121607247.419832,84044956.79972868,Jackson,-0.45047876807839793,-0.7116932065168535,linear,0.06749610972585551,1.1685828254999997e+23,0.13138046074643772,0.06749610972585551
693,4.28,0.62,1173.9553407126762,318.0,2765.8880341916683,0.0189,2744887070.8306355,5858078.986388896,Selsis,-0.38965596902483474,-0.756350819692427,log,0.13102318173215818,5.353336036164781e+22,0.18051117707188014,0.13102318173215818
694,4.28,0.62,1173.9553407126762,318.0,2819.4287167710577,0.0189,2702883353.4160366,51917661.09050939,Selsis,-0.4147017438618347,-0.683927466303145,GP,0.20043612468521166,1.149961842126153e+23,0.7354924134541106,0.20043612468521166
695,4.28,0.62,1173.9553407126762,318.0,2952.8717686519512,0.0189,4088285124.0560446,84723553.73414232,Jackson,-0.4083970784511314,-0.6394264429104902,log,0.18119184692673024,1.1790744291378815e+23,0.4014637758397629,0.18119184692673024
696,4.28,0.62,1173.9553407126762,318.0,762.167877737116,0.0189,8517362699.511972,28702945.106552072,Selsis,-0.41063628410113817,-0.6754258523765703,linear,0.4566480715060073,8.141391396445484e+22,0.1533165770461704,0.4566480715060073
697,4.28,0.62,1173.9553407126762,318.0,8706.618568232772,0.0189,1144960810.9883265,86415659.05716036,Selsis,-0.4750080488596439,-0.6269591698646473,GP,0.36525421192006874,6.429596820528894e+22,0.6662374987825206,0.36525421192006874
698,4.28,0.62,1173.9553407126762,318.0,625.4600842455712,0.0189,10374236530.11087,11510719.006736659,Selsis,-0.3337459053616693,-0.7748081248441967,log,0.09801459510615446,9.012427180338634e+22,0.12419696223669285,0.09801459510615446
699,4.28,0.62,1173.9553407126762,318.0,1636.9426884566508,0.0189,4218623268.235783,82990033.73565665,Selsis,-0.3598918353563431,-0.7339957918798988,log,0.14178030841450007,5.936168665309851e+22,0.048111565082919694,0.14178030841450007
700,4.28,0.62,1173.9553407126762,318.0,2870.44454041164,0.0189,2664247511.9402895,59067180.014852986,Selsis,-0.3235866901473092,-0.6756988827851922,GP,0.3563473886693868,1.9241719401496336e+23,0.9848232822590668,0.3563473886693868
701,4.28,0.62,1173.9553407126762,318.0,2863.620625546962,0.0189,4243234834.6462803,14986820.93919306,Jackson,-0.33224766007028866,-0.6577532885225886,linear,0.3048972314651744,1.7060441037299e+23,0.5534091869111961,0.3048972314651744
702,4.28,0.62,1173.9553407126762,318.0,1310.1380538065507,0.0189,5104381447.786322,7945660.605745371,Selsis,-0.3694151108870854,-0.7519718827844099,GP,0.3414754989917446,1.8968695360262077e+23,0.9777386435867145,0.3414754989917446
703,4.28,0.62,1173.9553407126762,318.0,5606.795837879737,0.0189,1902436785.275647,82570738.77002522,Jackson,-0.32917632563415583,-0.6483652289838641,log,0.26025855654531765,1.13101272007323e+23,0.6814442431703811,0.26025855654531765
704,4.28,0.62,1173.9553407126762,318.0,2649.1321721969466,0.0189,4665535851.288474,61841395.12294865,Jackson,-0.2820410876787637,-0.6378628137616855,log,0.09844607105887816,8.463309240103054e+22,0.13741437574784376,0.09844607105887816
705,4.28,0.62,1173.9553407126762,318.0,22627.944268276347,0.0189,580868160.216971,62918305.06879261,Selsis,-0.4823541138715544,-0.7212140354781135,log,0.15997498432153504,4.798713795305412e+22,0.8398177906246606,0.15997498432153504
706,4.28,0.62,1173.9553407126762,318.0,1119.6054994288882,0.0189,5901865010.549694,91346570.21883455,Selsis,-0.34897644886725404,-0.6991129950455273,linear,0.11513955512435399,1.9564380578194027e+23,0.8959938771302073,0.11513955512435399
707,4.28,0.62,1173.9553407126762,318.0,5329.886541451276,0.0189,2018625858.6914163,63367917.189427644,Jackson,-0.49572909486218486,-0.7078979380830221,linear,0.18884617451711122,5.1716950059984576e+22,0.3037774516776951,0.18884617451711122
708,4.28,0.62,1173.9553407126762,318.0,2726.5109204277232,0.0189,4504292685.628295,93452286.14303458,Jackson,-0.2844828786358917,-0.6049113554130036,linear,0.15225888810084784,3.338551756393818e+23,0.9420671013374092,0.15225888810084784
709,4.28,0.62,1173.9553407126762,318.0,2952.8309917974093,0.0189,4088353451.0249715,93549617.15405329,Jackson,-0.4676414194575485,-0.6804537886150236,log,0.2730251667682455,1.5483077137990307e+23,0.9963019314547787,0.2730251667682455
710,4.28,0.62,1173.9553407126762,318.0,5875.4596471736295,0.0189,1801399541.4646015,68143154.94668023,Jackson,-0.3864290331912077,-0.6689843399477524,GP,0.10896587987932833,2.4868163163804815e+22,0.029761557104549308,0.10896587987932833
711,4.28,0.62,1173.9553407126762,318.0,2635.737435017614,0.0189,4694567280.983295,21830954.17561872,Jackson,-0.4132803911831033,-0.607529530338851,GP,0.3387059647014743,1.4663223226240232e+23,0.43236113483483596,0.3387059647014743
712,4.28,0.62,1173.9553407126762,318.0,1521.0383088078313,0.0189,10002093076.60842,72393378.774551,Jackson,-0.39797901522364865,-0.6097118191155818,log,0.060529037572772816,2.554063983578196e+23,0.5316438789314748,0.060529037572772816
713,4.28,0.62,1173.9553407126762,318.0,57619.317847402315,0.0189,277421318.855508,94613498.10323247,Selsis,-0.3748676935411462,-0.762541434371359,linear,0.3261250678771711,7.919777829669109e+21,0.509698885246685,0.3261250678771711
714,4.28,0.62,1173.9553407126762,318.0,1951.5473238429354,0.0189,7035784151.192897,24538839.47739642,Jackson,-0.3093757916993102,-0.708094440281297,log,0.1742895905906904,2.956146266052608e+23,0.8199281270319774,0.1742895905906904
715,4.28,0.62,1173.9553407126762,318.0,1636.7228109250034,0.0189,4219098085.499108,54160742.847288676,Selsis,-0.45215826023961714,-0.6164257399727607,log,0.2293620919436773,1.832394510666e+23,0.9758349554129899,0.2293620919436773
716,4.28,0.62,1173.9553407126762,318.0,5538.637172742944,0.0189,1597515945.2392569,19181953.289507125,Selsis,-0.30257706294787895,-0.6474921405170283,GP,0.15781043023247332,2.2165800890653374e+22,0.020465175965352023,0.15781043023247332
717,4.28,0.62,1173.9553407126762,318.0,3745.2680285354218,0.0189,2157170480.3684697,31420601.780746683,Selsis,-0.40327086007826063,-0.7379046647411015,linear,0.4770656127905376,8.160002627210852e+22,0.549706058732512,0.4770656127905376
718,4.28,0.62,1173.9553407126762,318.0,1606.427688069672,0.0189,4285734447.062543,67793672.15784764,Selsis,-0.44913956201664085,-0.7194878711049618,linear,0.09237646866923008,5.23464368047173e+22,0.044678604091035634,0.09237646866923008
719,4.28,0.62,1173.9553407126762,318.0,1778.944444093033,0.0189,8008143526.918242,8986078.314996809,Jackson,-0.3951444509307512,-0.7324576076913605,log,0.33450092067868303,1.172551165242593e+23,0.11397064037370053,0.33450092067868303
720,4.28,0.62,1173.9553407126762,318.0,1116.930314466349,0.0189,5915052869.918793,89074361.31533885,Selsis,-0.456112829211933,-0.7256108814638473,GP,0.08454479700283093,1.1710877485903026e+23,0.7710274901005686,0.08454479700283093
721,4.28,0.62,1173.9553407126762,318.0,2733.899746855573,0.0189,2770729023.6032434,50953405.82315678,Selsis,-0.2853508245520084,-0.6284819837130174,linear,0.16177215241634035,1.8282749245844475e+23,0.7779439106801526,0.16177215241634035
722,4.28,0.62,1173.9553407126762,318.0,2109.013153542098,0.0189,6320173861.45008,36073073.702660784,Jackson,-0.46715532191853243,-0.7160826325602726,GP,0.2778296687347868,1.656102965954738e+23,0.8703009758390867,0.2778296687347868
723,4.28,0.62,1173.9553407126762,318.0,3778.0776461184673,0.0189,3037236491.336134,9058738.942158783,Jackson,-0.29063148771487296,-0.7732091904693557,GP,0.055047630277974366,1.709889289981369e+23,0.6632913967110786,0.055047630277974366
724,4.28,0.62,1173.9553407126762,318.0,6880.550650061795,0.0189,1507014682.2825437,83538641.70262761,Jackson,-0.394708038901775,-0.7999324453688653,log,0.2189529071654751,9.577441996733643e+22,0.8531703126211232,0.2189529071654751
725,4.28,0.62,1173.9553407126762,318.0,5781.755858832415,0.0189,1835443356.9242933,55576876.61850024,Jackson,-0.4638480533704675,-0.7699484004298142,log,0.19945934791256265,8.627004116823607e+22,0.7299854521850861,0.19945934791256265
726,4.28,0.62,1173.9553407126762,318.0,2900.903912157458,0.0189,4177167010.6162295,23887619.237168416,Jackson,-0.4636496231033972,-0.6781713361414987,linear,0.08814660757330355,1.4301528918769265e+23,0.7590849560217969,0.08814660757330355
727,4.28,0.62,1173.9553407126762,318.0,803.8285801058358,0.0189,8085704454.763567,54626306.86221957,Selsis,-0.4979676113309858,-0.6538723531488594,GP,0.07893214891146046,7.708071699433478e+22,0.19048712585636973,0.07893214891146046
728,4.28,0.62,1173.9553407126762,318.0,1541.320130948076,0.0189,9814102147.972301,51965398.866205916,Jackson,-0.312843099025968,-0.7287001220440776,GP,0.18356280514913687,1.9783413284596747e+23,0.2352893354347454,0.18356280514913687
729,4.28,0.62,1173.9553407126762,318.0,6326.542190682916,0.0189,1655775669.0852108,2958749.5027706297,Jackson,-0.4980057969634279,-0.6605322601528884,log,0.19314459788407226,1.0116105445977907e+23,0.8237404802899615,0.19314459788407226
730,4.28,0.62,1173.9553407126762,318.0,2052.0287316071885,0.0189,3499266852.031742,43898448.837037034,Selsis,-0.3977012392790651,-0.7656853370964495,log,0.06900257838731902,9.140381229077159e+22,0.48184271945407675,0.06900257838731902
731,4.28,0.62,1173.9553407126762,318.0,1893.294232623995,0.0189,3738313460.225188,57530965.93825495,Selsis,-0.34470455574006986,-0.7874915447834532,log,0.09207332623839755,6.1223322811578565e+22,0.108750180493701,0.09207332623839755
732,4.28,0.62,1173.9553407126762,318.0,2784.487443118173,0.0189,4390269605.817376,92956536.42414111,Jackson,-0.3841454858235838,-0.7115778059332784,GP,0.3375531477811018,1.520652087862252e+23,0.6902415148565606,0.3375531477811018
733,4.28,0.62,1173.9553407126762,318.0,9303.199428129348,0.0189,1075509098.8049817,20111443.067405406,Jackson,-0.39302418528674504,-0.7872765733529303,log,0.18350873768078696,1.9264308582454816e+22,0.1343179591755147,0.18350873768078696
734,4.28,0.62,1173.9553407126762,318.0,1631.262506738052,0.0189,9051609419.457493,41488712.85123646,Jackson,-0.37175470655041293,-0.6370025220713423,GP,0.07179385241401462,1.5839326661131495e+23,0.14189172305703412,0.07179385241401462
735,4.28,0.62,1173.9553407126762,318.0,1824.0205856437485,0.0189,7731756833.115152,13047114.571908973,Jackson,-0.4891056064401416,-0.7740146932643767,linear,0.16191150117310663,1.6010260293646946e+23,0.9796194602308984,0.16191150117310663
736,4.28,0.62,1173.9553407126762,318.0,610.239717734499,0.0189,10637368752.128288,42637066.08049901,Selsis,-0.31323699252077364,-0.7009105571079317,log,0.07557421392695822,1.6097528564987917e+23,0.40186714967892945,0.07557421392695822
737,4.28,0.62,1173.9553407126762,318.0,2285.083296842669,0.0189,5662735220.618212,4315061.744657666,Jackson,-0.3162041517419143,-0.6880340902211913,GP,0.06615025191716518,8.370300320882516e+22,0.04302650620739712,0.06615025191716518
738,4.28,0.62,1173.9553407126762,318.0,3054.3689189417,0.0189,2535145742.331958,56606012.18333734,Selsis,-0.37658762898087844,-0.668229540696376,linear,0.08114789298756872,1.1157079692694826e+23,0.6573491348834897,0.08114789298756872
739,4.28,0.62,1173.9553407126762,318.0,1445.714656031841,0.0189,10760150708.546535,99753631.1630792,Jackson,-0.2825265766017973,-0.6882438393786393,log,0.41128895447400476,3.819132772846102e+23,0.6808593532342252,0.41128895447400476
740,4.28,0.62,1173.9553407126762,318.0,873.8865366905902,0.0189,7458140524.079203,46808916.94928399,Selsis,-0.4551246149345775,-0.7136368514838958,linear,0.33108219510633874,7.779429406257527e+22,0.339698782776896,0.33108219510633874
741,4.28,0.62,1173.9553407126762,318.0,938.7708012914786,0.0189,6964940286.382369,55928151.895767264,Selsis,-0.4943239230529067,-0.767678206188853,linear,0.29056026402021523,9.559006741249578e+22,0.6720797553092998,0.29056026402021523
742,4.28,0.62,1173.9553407126762,318.0,2509.323055220573,0.0189,4987342369.9331,7490675.164412753,Jackson,-0.49293641608914035,-0.607385441221884,linear,0.43532397329264577,8.541204874493622e+22,0.10728338807859383,0.43532397329264577
743,4.28,0.62,1173.9553407126762,318.0,1322.0116446093757,0.0189,12252288451.891024,8939123.718235774,Jackson,-0.49008928897230664,-0.7549367228729532,linear,0.05696183749193331,8.497897509017899e+22,0.11733112217362951,0.05696183749193331
744,4.28,0.62,1173.9553407126762,318.0,597.6184387054187,0.0189,10866748356.56467,57496713.97501238,Selsis,-0.29718705612900803,-0.6452233289114501,GP,0.2490278648829209,1.918246496204621e+23,0.32717783376572507,0.2490278648829209
745,4.28,0.62,1173.9553407126762,318.0,5955.358421068435,0.0189,1513609007.5642505,93847104.25342812,Selsis,-0.2824872402403241,-0.6526087590019906,log,0.058557811810466674,1.1101213982929906e+23,0.7665672124321767,0.058557811810466674
746,4.28,0.62,1173.9553407126762,318.0,4596.059382188893,0.0189,2404142442.904806,68550660.52096872,Jackson,-0.3312116972034368,-0.6452423089774544,linear,0.21284723528601898,1.8840873476271942e+23,0.973196288925794,0.21284723528601898
747,4.28,0.62,1173.9553407126762,318.0,6091.025908107795,0.0189,1728076227.3703547,33773239.576227024,Jackson,-0.42816504350575524,-0.6448162928016596,linear,0.47473795732217844,1.127363564416403e+23,0.8449746930120124,0.47473795732217844
748,4.28,0.62,1173.9553407126762,318.0,3429.389904082803,0.0189,2312243047.131699,35363576.06728347,Selsis,-0.4471928068401765,-0.7097511208502902,GP,0.10811853124125732,1.1308965049183457e+23,0.8222328719399028,0.10811853124125732
749,4.28,0.62,1173.9553407126762,318.0,14731.574762400563,0.0189,783203789.5920558,70833767.51205963,Selsis,-0.42114644732982326,-0.7153239247166001,log,0.27317769361849087,2.0359227518461055e+22,0.3290363185515788,0.27317769361849087
750,4.28,0.62,1173.9553407126762,318.0,2375.884575536062,0.0189,3103408713.2236395,89058425.8970537,Selsis,-0.4558723744341679,-0.6780411068831319,GP,0.055226576964482424,5.22046678758077e+22,0.13951389081586896,0.055226576964482424
751,4.28,0.62,1173.9553407126762,318.0,6025.672450210471,0.0189,1500495140.2454884,84518623.55019917,Selsis,-0.4734271009515969,-0.7715418291055155,log,0.28774047238982675,1.9722348685960594e+22,0.01688323994468044,0.28774047238982675
752,4.28,0.62,1173.9553407126762,318.0,3299.3911359947797,0.0189,2384143434.463125,43460159.9251736,Selsis,-0.437969254654916,-0.6901987979974876,GP,0.10251127346975726,8.507328329681885e+22,0.5594859237166496,0.10251127346975726
753,4.28,0.62,1173.9553407126762,318.0,3870.0979945314075,0.0189,2102450945.5775423,37575955.850261256,Selsis,-0.3173331895757254,-0.7419487520786814,linear,0.2878037325961214,5.263628101173269e+22,0.2793720908642803,0.2878037325961214
754,4.28,0.62,1173.9553407126762,318.0,864.2233799115319,0.0189,7538297048.876245,16812262.471737802,Selsis,-0.2912568374113737,-0.6250091795749727,GP,0.1164601081024603,2.237212567382564e+23,0.5594666813792385,0.1164601081024603
755,4.28,0.62,1173.9553407126762,318.0,27105.317377175412,0.0189,513880703.8857618,23716884.104794156,Selsis,-0.38452262976981016,-0.7256554367311174,linear,0.35016093255630737,7.451868466352655e+21,0.05490458682490296,0.35016093255630737
756,4.28,0.62,1173.9553407126762,318.0,2250.8942531910693,0.0189,3243203380.621181,16146642.159666061,Selsis,-0.4385102447142538,-0.6023908596750721,linear,0.07218773105781878,4.380519611738002e+22,0.00569968578482849,0.07218773105781878
757,4.28,0.62,1173.9553407126762,318.0,1678.223582551356,0.0189,4131633505.897274,82382832.52305302,Selsis,-0.36971175214769153,-0.7591094699601896,log,0.21145096008079456,1.5930640286397732e+23,0.9009738305885808,0.21145096008079456
758,4.28,0.62,1173.9553407126762,318.0,19603.505177569023,0.0189,480724374.3279905,4368814.541563887,Jackson,-0.2956047418752306,-0.7971890724462714,log,0.05877283740062183,6.171585231776367e+22,0.9854461507189876,0.05877283740062183
759,4.28,0.62,1173.9553407126762,318.0,556.1187129502357,0.0189,11702357868.843176,14328983.34576381,Selsis,-0.3199253054157187,-0.6323449994390321,GP,0.12869068504821943,1.4563677936839728e+23,0.12695770558818764,0.12869068504821943
760,4.28,0.62,1173.9553407126762,318.0,4076.635278640511,0.0189,2772656740.230512,89368099.68278909,Jackson,-0.48748421196345043,-0.7314173797374963,linear,0.1644569752401195,1.0339031793159016e+23,0.750290372575491,0.1644569752401195
761,4.28,0.62,1173.9553407126762,318.0,672.8190014027285,0.0189,9638266140.784527,48957507.03615609,Selsis,-0.36944514280703633,-0.719944460423742,log,0.10197279378392321,1.3525536326298722e+23,0.5874377261980952,0.10197279378392321
762,4.28,0.62,1173.9553407126762,318.0,1705.1600190556283,0.0189,8500825416.090387,79615156.68596575,Jackson,-0.4086632113171616,-0.6028358943527901,GP,0.06765144385753555,2.8027511384202305e+23,0.8346494258148606,0.06765144385753555
763,4.28,0.62,1173.9553407126762,318.0,1706.4316021489994,0.0189,8491875908.457395,18578036.54045795,Jackson,-0.3538397342685519,-0.6082476905841371,linear,0.08917694292682987,3.453917409266613e+23,0.9577385911024342,0.08917694292682987
764,4.28,0.62,1173.9553407126762,318.0,1798.969724758394,0.0189,3899561760.372932,91990587.1938382,Selsis,-0.3985975495397853,-0.6730299792239697,linear,0.19068166786771834,1.3751099446740249e+23,0.7631502262106956,0.19068166786771834
765,4.28,0.62,1173.9553407126762,318.0,4465.238369729432,0.0189,2488041171.788977,59049388.6138918,Jackson,-0.4613227927207013,-0.705610683262275,GP,0.17266520769904686,6.7391167038128025e+22,0.3498982388190899,0.17266520769904686
766,4.28,0.62,1173.9553407126762,318.0,1283.7473538300362,0.0189,5200391553.435901,5630100.73119237,Selsis,-0.3140192733963497,-0.6595855813084242,GP,0.10920076455883775,1.6928515354912055e+23,0.5667571759105444,0.10920076455883775
767,4.28,0.62,1173.9553407126762,318.0,4585.151127468957,0.0189,2410934378.5261574,64741677.11848651,Jackson,-0.2864123461969399,-0.7457040850006244,GP,0.054235986458009096,1.6173267608931588e+23,0.7405978049217247,0.054235986458009096
768,4.28,0.62,1173.9553407126762,318.0,2278.745710817994,0.0189,5684226679.03831,39635042.10231027,Jackson,-0.4322784113655798,-0.7244053096566105,linear,0.4082338028960659,1.416077163132399e+23,0.6056599944223462,0.4082338028960659
769,4.28,0.62,1173.9553407126762,318.0,1052.5466326836358,0.0189,6253462447.925946,28702196.508018985,Selsis,-0.3285767941785215,-0.6794313280132407,GP,0.2055430028765486,1.0852383983859204e+23,0.19677664317339205,0.2055430028765486
770,4.28,0.62,1173.9553407126762,318.0,2714.9492726422613,0.0189,4527707638.06416,16809386.369219903,Jackson,-0.38411649539825543,-0.7195261860593832,linear,0.06066416593979325,1.5371831731980468e+23,0.6566612896716122,0.06066416593979325
771,4.28,0.62,1173.9553407126762,318.0,2475.2312431030828,0.0189,5080356405.690212,60700475.54610598,Jackson,-0.32433793710972536,-0.7877835453845219,linear,0.09944528692427314,1.2642782474093373e+23,0.2962841360466204,0.09944528692427314
772,4.28,0.62,1173.9553407126762,318.0,8559.326441760753,0.0189,1181528982.1973445,32461550.296666395,Jackson,-0.3893155048395907,-0.7886765129954046,GP,0.06532654514438406,6.459755928672183e+22,0.6362159907127637,0.06532654514438406
773,4.28,0.62,1173.9553407126762,318.0,5412.192745798726,0.0189,1982692524.9566875,84773434.55493829,Jackson,-0.473515291646204,-0.7428488545687758,linear,0.10260337896231266,8.310910717848543e+22,0.6739111804091997,0.10260337896231266
774,4.28,0.62,1173.9553407126762,318.0,1114.4016327354675,0.0189,5927578822.621097,67673760.49597622,Selsis,-0.45640749781279216,-0.7998400206483234,GP,0.05823863278408907,1.3009681688595548e+23,0.9449901793258602,0.05823863278408907
775,4.28,0.62,1173.9553407126762,318.0,2439.1623203381723,0.0189,3037842310.5832524,73092618.63975221,Selsis,-0.493268739996941,-0.7414168810154171,linear,0.1346627959312893,7.655485043152424e+22,0.49291508781973337,0.1346627959312893
776,4.28,0.62,1173.9553407126762,318.0,760.4936390106863,0.0189,8535768513.453817,40554833.080360085,Selsis,-0.4041337702129869,-0.7369461759958686,log,0.08328161370827711,8.031162476546604e+22,0.27851718927850166,0.08328161370827711
777,4.28,0.62,1173.9553407126762,318.0,967.672981015679,0.0189,6767694478.864041,28122423.021657806,Selsis,-0.31699127215053496,-0.760524836538748,GP,0.07290404989438148,1.638341752948098e+23,0.5465593639672788,0.07290404989438148
778,4.28,0.62,1173.9553407126762,318.0,3482.756229571259,0.0189,3350736633.1766243,2264638.5694272663,Jackson,-0.36571124013023926,-0.7844369787498285,log,0.08817158299497829,1.8198325208043418e+23,0.9992590597769234,0.08817158299497829
779,4.28,0.62,1173.9553407126762,318.0,2337.5475397606256,0.0189,5490337544.2932625,81296198.25846662,Jackson,-0.3623924334200014,-0.7867856972785139,log,0.44489138901232683,1.3861590369011819e+23,0.4282111340526673,0.44489138901232683
780,4.28,0.62,1173.9553407126762,318.0,1209.7670054567488,0.0189,5492460237.736534,57253605.2074322,Selsis,-0.3128976046055473,-0.7587934881323959,log,0.060223043682035335,2.2725119423096147e+23,0.9375124056170956,0.060223043682035335
781,4.28,0.62,1173.9553407126762,318.0,4836.75568226869,0.0189,1768751961.811463,59048389.61979895,Selsis,-0.29838898599471986,-0.6457886537374381,log,0.14063631885890251,2.9352939436472097e+22,0.10771143744997413,0.14063631885890251
782,4.28,0.62,1173.9553407126762,318.0,1160.2569831400376,0.0189,5709202452.031847,13202159.8324827,Selsis,-0.47112223766240796,-0.7368082214620891,linear,0.3774447864295483,1.1956973827140647e+23,0.7859660518890139,0.3774447864295483
783,4.28,0.62,1173.9553407126762,318.0,2543.596981354921,0.0189,4903953259.3518715,20410851.325501602,Jackson,-0.4875089399415447,-0.7369937090772902,linear,0.06270823822566893,1.1004916539790836e+23,0.4911024935399215,0.06270823822566893
784,4.28,0.62,1173.9553407126762,318.0,8298.184137185008,0.0189,1223727086.538036,96363553.25862364,Jackson,-0.4176733622071996,-0.643748393531675,linear,0.14257058685090968,8.92630075307478e+22,0.8606534289160804,0.14257058685090968
785,4.28,0.62,1173.9553407126762,318.0,1872.6607021075922,0.0189,3772240953.5744176,40455638.182596676,Selsis,-0.43115674074931054,-0.7787967946642874,linear,0.27232980977512994,4.692225604487348e+22,0.01768955570174846,0.27232980977512994
786,4.28,0.62,1173.9553407126762,318.0,13576.55746618098,0.0189,829804383.4099891,23433126.401301593,Selsis,-0.3253551497638489,-0.6983484610999631,linear,0.054147863797955796,1.4815361573629286e+22,0.1371578740724858,0.054147863797955796
787,4.28,0.62,1173.9553407126762,318.0,2004.1807457580053,0.0189,3567567609.167334,31302085.1526451,Selsis,-0.4596454678657829,-0.7562266908838362,GP,0.4861542715795831,5.828144483250359e+22,0.1971365042192802,0.4861542715795831
788,4.28,0.62,1173.9553407126762,318.0,2975.10289232062,0.0189,4051355494.0712037,30503783.65827232,Jackson,-0.3888147568015205,-0.6117345474570276,linear,0.13657478786955596,8.430892166076946e+22,0.19453613605270614,0.13657478786955596
789,4.28,0.62,1173.9553407126762,318.0,3399.1627363013163,0.0189,3450935228.9846287,89960497.9428457,Jackson,-0.37877719617904265,-0.6335402508561742,log,0.05001737184258885,1.0827551134869677e+23,0.3980615111222303,0.05001737184258885
790,4.28,0.62,1173.9553407126762,318.0,987.8024953230857,0.0189,6637445480.167018,21813491.920407124,Selsis,-0.3020294865378473,-0.7207647386020702,GP,0.25894461699097365,2.0749592349029042e+23,0.6932449464772329,0.25894461699097365
791,4.28,0.62,1173.9553407126762,318.0,2405.262634070305,0.0189,5281472505.137643,49575907.510789715,Jackson,-0.35854911410178614,-0.6937166760274973,linear,0.44733414819330014,1.7176562185024565e+23,0.5760045153009574,0.44733414819330014
792,4.28,0.62,1173.9553407126762,318.0,1876.7607305771312,0.0189,3765441820.0660954,27937956.423242856,Selsis,-0.32453776335157686,-0.7316322733722302,linear,0.0847035291033579,1.33480996899039e+23,0.5731296730779722,0.0847035291033579
793,4.28,0.62,1173.9553407126762,318.0,4253.876139336533,0.0189,2635500686.8236237,28609200.048441935,Jackson,-0.34868924958787706,-0.6880654865334305,linear,0.10979799576467615,4.134995218337195e+22,0.07333271590896118,0.10979799576467615
794,4.28,0.62,1173.9553407126762,318.0,4323.036592885859,0.0189,2585444103.636481,53010814.3604547,Jackson,-0.2800256056403558,-0.7024519199052224,log,0.23975122682021033,8.42326526463183e+22,0.3949231219445878,0.23975122682021033
795,4.28,0.62,1173.9553407126762,318.0,1977.2585989833246,0.0189,3607322510.318921,8605312.201765578,Selsis,-0.32266327435500064,-0.6258302769737037,GP,0.46318322231435366,1.191233394037879e+23,0.43144505050386617,0.46318322231435366
796,4.28,0.62,1173.9553407126762,318.0,1988.4783141917994,0.0189,6855192631.279874,52803034.9064126,Jackson,-0.3124451873338115,-0.6120551449068348,linear,0.06651207446807167,3.4092068661331395e+23,0.8570681925515479,0.06651207446807167
797,4.28,0.62,1173.9553407126762,318.0,2656.519979932833,0.0189,4649669241.864922,31140402.926932946,Jackson,-0.3526151223975251,-0.6954116922863011,log,0.05570417370808684,1.621854064116605e+23,0.5620750226324073,0.05570417370808684
798,4.28,0.62,1173.9553407126762,318.0,3517.8427266157346,0.0189,3310312061.561879,45908858.4015945,Jackson,-0.4956550220267455,-0.6869076325132385,log,0.09109171062426913,1.234175528637176e+23,0.7781646103903254,0.09109171062426913
799,4.28,0.62,1173.9553407126762,318.0,12369.589403913229,0.0189,784210312.3286629,72527233.29931729,Jackson,-0.45809269856450363,-0.7529064593601797,log,0.11469239054703448,1.1808203124715274e+22,0.09287783315173137,0.11469239054703448
800,4.28,0.62,1173.9553407126762,318.0,4107.976200727732,0.0189,2747420563.668488,87363625.34596302,Jackson,-0.4556639556019371,-0.6185904384372064,log,0.05805735618122505,9.006771358520395e+22,0.424606329211895,0.05805735618122505
801,4.28,0.62,1173.9553407126762,318.0,1502.5291692203334,0.0189,4534252020.431016,69669159.10409358,Selsis,-0.4021947521709331,-0.6572754309756942,GP,0.08394273110921834,1.7501009588045835e+23,0.9419872706354354,0.08394273110921834
802,4.28,0.62,1173.9553407126762,318.0,4324.203707686667,0.0189,2584614993.852679,39444331.81089979,Jackson,-0.4385458583558922,-0.6955176966908436,GP,0.2901267592073678,1.2863037941013973e+23,0.8869088275228844,0.2901267592073678
803,4.28,0.62,1173.9553407126762,318.0,1003.5704522581533,0.0189,6539225788.250261,67928581.77737297,Selsis,-0.38167506438325943,-0.61504284885499,log,0.4149896572406023,2.043194349074793e+23,0.808566346075898,0.4149896572406023
804,4.28,0.62,1173.9553407126762,318.0,3107.3888493160025,0.0189,2500621560.2942057,26719751.202063497,Selsis,-0.31655545982429045,-0.720384998663144,GP,0.31913645626190706,4.635941888320566e+22,0.14573618329217253,0.31913645626190706
805,4.28,0.62,1173.9553407126762,318.0,3242.160742663421,0.0189,3652910006.4071918,42418703.13763814,Jackson,-0.41546026697646027,-0.7612284488955404,GP,0.14330424419183593,1.3229753789531607e+23,0.75526678821124,0.14330424419183593
806,4.28,0.62,1173.9553407126762,318.0,1271.7713572469509,0.0189,5245306951.26966,62179717.55973963,Selsis,-0.4424567251461789,-0.678685656851544,log,0.1161660548301113,1.619301557254007e+23,0.9540929062748739,0.1161660548301113
807,4.28,0.62,1173.9553407126762,318.0,1384.5211822853532,0.0189,4860990001.546942,71686882.58235486,Selsis,-0.480104519275851,-0.6779768436345169,log,0.09421776200064014,9.042955850069802e+22,0.42015955013934125,0.09421776200064014
808,4.28,0.62,1173.9553407126762,318.0,1913.6767252816867,0.0189,7230303373.587576,14292260.431044547,Jackson,-0.4684221800059467,-0.6160084381291189,GP,0.1780935343682304,1.3441206001805173e+23,0.18251831103821003,0.1780935343682304
809,4.28,0.62,1173.9553407126762,318.0,2705.527149173942,0.0189,4546961430.160532,72360580.55438557,Jackson,-0.4562529304565569,-0.7292891461184533,log,0.08809484589633233,1.042717911847041e+23,0.4334510079730659,0.08809484589633233
810,4.28,0.62,1173.9553407126762,318.0,1533.8463765291226,0.0189,4455864319.076189,49433044.34030452,Selsis,-0.43797031397063685,-0.6785056251267352,GP,0.06192207089337757,6.025795831868337e+22,0.060787134225080974,0.06192207089337757
811,4.28,0.62,1173.9553407126762,318.0,1966.946920849429,0.0189,6959448077.985822,46951486.164731264,Jackson,-0.2849971943376687,-0.7797883143374524,linear,0.3361404345891325,9.685603702399736e+22,0.01947242327336729,0.3361404345891325
812,4.28,0.62,1173.9553407126762,318.0,1946.3395232925484,0.0189,3654288229.4137526,93028012.478188,Selsis,-0.49580288895204566,-0.6132962350001279,log,0.07466455090149875,1.0442442639296773e+23,0.49647623307925026,0.07466455090149875
813,4.28,0.62,1173.9553407126762,318.0,824.0183798654383,0.0189,7893221023.98636,4947469.249842126,Selsis,-0.28445844561062883,-0.7031450127173402,GP,0.3439805955750591,1.9045106298127447e+23,0.4615811716144279,0.3439805955750591
814,4.28,0.62,1173.9553407126762,318.0,3934.0488689354743,0.0189,2893287458.753983,61906275.37874418,Jackson,-0.4753166049492413,-0.6731787902256606,GP,0.37244079965061894,1.2614106463550892e+23,0.8395980876651647,0.37244079965061894
815,4.28,0.62,1173.9553407126762,318.0,3824.0166263079127,0.0189,2993440248.6877184,27812853.166961048,Jackson,-0.34415298876852957,-0.6986176833250323,linear,0.22197638540733186,1.4501780994595265e+23,0.6678745074703096,0.22197638540733186
816,4.28,0.62,1173.9553407126762,318.0,948.4919733443385,0.0189,6897191429.66796,17609728.873828948,Selsis,-0.36702724796556413,-0.6125654795427447,GP,0.13318233265207788,2.3508369859286612e+23,0.8812710405900959,0.13318233265207788
817,4.28,0.62,1173.9553407126762,318.0,1925.371773314085,0.0189,7169199744.931864,78484650.01736481,Jackson,-0.4706768110768445,-0.6748066615185273,GP,0.12990199456835178,1.0221592354609586e+23,0.09615256456068955,0.12990199456835178
818,4.28,0.62,1173.9553407126762,318.0,2589.4193254299307,0.0189,4797654916.428123,82648425.54071674,Jackson,-0.42400720180283896,-0.6583993678673701,log,0.08461622826562272,1.8219646100674458e+23,0.9313927413861536,0.08461622826562272
819,4.28,0.62,1173.9553407126762,318.0,2514.565355494145,0.0189,2963839991.133898,59936481.68571308,Selsis,-0.4363910500571005,-0.6289100957672309,GP,0.06020243956675644,1.3585500462851036e+23,0.801651356772853,0.06020243956675644
820,4.28,0.62,1173.9553407126762,318.0,3237.1026311423525,0.0189,2420520260.94843,22145987.438749656,Selsis,-0.31499547882927714,-0.7380568335349349,GP,0.3204731618962066,4.075097288318758e+22,0.10320168251980255,0.3204731618962066
821,4.28,0.62,1173.9553407126762,318.0,993.00807303998,0.0189,6604659710.774801,17446911.395334125,Selsis,-0.3808057102283114,-0.6240012941793651,log,0.07780607677662578,1.990498466244098e+23,0.7788747743172636,0.07780607677662578
822,4.28,0.62,1173.9553407126762,318.0,6819.902644392801,0.0189,1369530214.1527112,21342164.16625814,Selsis,-0.2853230007838993,-0.6618784491262794,linear,0.09001364385138645,1.2878575830327557e+23,0.8575619069244967,0.09001364385138645
823,4.28,0.62,1173.9553407126762,318.0,5646.746236482088,0.0189,1574666062.5407958,25064842.531191975,Selsis,-0.3816937605754258,-0.7334655712752751,GP,0.06130637757087268,7.004402611971089e+22,0.5491174852360716,0.06130637757087268
824,4.28,0.62,1173.9553407126762,318.0,1031.0344237272695,0.0189,6375618807.490186,86345801.98497447,Selsis,-0.36756388093248493,-0.7983600058926796,GP,0.20284979140416542,8.340902741262436e+22,0.25130049177769165,0.20284979140416542
825,4.28,0.62,1173.9553407126762,318.0,1217.4908559282296,0.0189,5460261154.176711,27964043.905588713,Selsis,-0.3488613406634941,-0.7032191610961002,linear,0.14858123408808088,1.9671897564879808e+23,0.8911900753212211,0.14858123408808088
826,4.28,0.62,1173.9553407126762,318.0,1775.9122024006094,0.0189,8027373555.048387,17915230.72580775,Jackson,-0.4759270333310582,-0.6054132311206407,log,0.11526989279238392,1.6542548814781656e+23,0.26713280357324076,0.11526989279238392
827,4.28,0.62,1173.9553407126762,318.0,671.161342394582,0.0189,9662120696.107508,64594090.93172877,Selsis,-0.31427772925178393,-0.6900383830118256,log,0.10242648751680489,1.9229434249992557e+23,0.569143184485655,0.10242648751680489
828,4.28,0.62,1173.9553407126762,318.0,1540.0598781852002,0.0189,9825598818.524725,61263257.965802886,Jackson,-0.3301674141191602,-0.6957898427073085,linear,0.12628732780955887,1.579157764297762e+23,0.09685241235178121,0.12628732780955887
829,4.28,0.62,1173.9553407126762,318.0,1970.8718859307132,0.0189,6940230658.079295,99113380.20616542,Jackson,-0.4804173365895569,-0.7045642348316481,GP,0.11508532374969427,1.2820441170843391e+23,0.44446351376653515,0.11508532374969427
830,4.28,0.62,1173.9553407126762,318.0,693.812389682578,0.0189,9346838599.390938,69048411.43515979,Selsis,-0.48229403778094787,-0.6124024593013595,GP,0.0718084583645289,2.1069549077869653e+23,0.9857149305083008,0.0718084583645289
831,4.28,0.62,1173.9553407126762,318.0,7720.074064508941,0.0189,1250872573.7141733,36469507.20949845,Selsis,-0.2924409467507224,-0.6318370026496152,log,0.0630956887489921,6.204274822434713e+22,0.5813088297746141,0.0630956887489921
832,4.28,0.62,1173.9553407126762,318.0,4245.110117665228,0.0189,2641977986.9581795,74103250.95282638,Jackson,-0.3942141315308176,-0.7511810910942913,log,0.2528431803402543,8.823687723242604e+22,0.47413497020672113,0.2528431803402543
833,4.28,0.62,1173.9553407126762,318.0,898.3272955066641,0.0189,7263521140.867011,9390694.552968634,Selsis,-0.4897649093793335,-0.6506828345594889,linear,0.4365421670464182,1.2378840409758844e+23,0.5945642305080786,0.4365421670464182
834,4.28,0.62,1173.9553407126762,318.0,6179.009339655177,0.0189,1700355979.5169024,40868770.02883822,Jackson,-0.31096451489364035,-0.6746733363291657,linear,0.12646767646450233,6.272337761001773e+22,0.4504361853736475,0.12646767646450233
835,4.28,0.62,1173.9553407126762,318.0,5285.406572022433,0.0189,2038570332.7205808,90686380.7813156,Jackson,-0.4464875612408549,-0.7631028177404036,linear,0.33187183258382214,9.693364350457138e+22,0.8048608998160551,0.33187183258382214
836,4.28,0.62,1173.9553407126762,318.0,6268.405195262394,0.0189,1673067316.8198285,4831797.1798894135,Jackson,-0.4521837066451526,-0.7517598534824931,log,0.41983532812256685,7.665742442464991e+22,0.6185317976549767,0.41983532812256685
837,4.28,0.62,1173.9553407126762,318.0,7247.837753407335,0.0189,1422053928.086525,26959966.24200052,Jackson,-0.45440775544615375,-0.7630658831884811,GP,0.3484589853046764,6.7714344505588845e+22,0.6173900104010762,0.3484589853046764
838,4.28,0.62,1173.9553407126762,318.0,1563.167688855594,0.0189,4385270127.8575535,8131208.740490909,Selsis,-0.35846848740118437,-0.687129834018273,linear,0.10590434189711054,8.017881165605397e+22,0.18123871639572664,0.10590434189711054
839,4.28,0.62,1173.9553407126762,318.0,7554.775731742085,0.0189,1357951499.1525757,91314556.42478251,Jackson,-0.3966489560809055,-0.6551496183327723,log,0.22579282199802245,8.731690975734093e+22,0.7678803528157683,0.22579282199802245
840,4.28,0.62,1173.9553407126762,318.0,1621.079623406244,0.0189,4253202172.599478,73897923.10504502,Selsis,-0.40220595460190833,-0.7894314427153234,log,0.15183890878371165,1.2820523854936563e+23,0.777880822908375,0.15183890878371165
841,4.28,0.62,1173.9553407126762,318.0,3503.6564133178367,0.0189,3326544399.2372622,56524779.824230395,Jackson,-0.32611069201241016,-0.7932099522396228,GP,0.06332327537060672,1.6599131456682565e+23,0.7266396848060485,0.06332327537060672
842,4.28,0.62,1173.9553407126762,318.0,2901.1295248193646,0.0189,4176773183.9062343,96834944.63636783,Jackson,-0.45985647299482774,-0.6221883066811184,GP,0.11181253633444196,1.8359937959462186e+23,0.9808572593510583,0.11181253633444196
843,4.28,0.62,1173.9553407126762,318.0,2346.9852331903717,0.0189,5460333699.214782,73154080.31029263,Jackson,-0.3802624896325559,-0.6047087476224933,linear,0.09009578566415302,2.1977354675599855e+23,0.7019083428716052,0.09009578566415302
844,4.28,0.62,1173.9553407126762,318.0,3311.6877028143695,0.0189,3561212105.773483,9263816.602483476,Jackson,-0.4720994978589885,-0.7306816921566417,GP,0.11568356267187725,6.855412430435679e+22,0.19794076117186132,0.11568356267187725
845,4.28,0.62,1173.9553407126762,318.0,1055.8693233051974,0.0189,6234947258.647759,47497273.14904256,Selsis,-0.40426870092430006,-0.743752553080552,linear,0.28641603064206833,1.3925456238210178e+23,0.8062768498949111,0.28641603064206833
846,4.28,0.62,1173.9553407126762,318.0,1839.0770808165814,0.0189,3829038335.098698,28049051.114497412,Selsis,-0.3351217551484583,-0.7186484481193974,linear,0.23486047757674375,1.8751854639838327e+23,0.9014255186657888,0.23486047757674375
847,4.28,0.62,1173.9553407126762,318.0,3090.4339025338472,0.0189,2511539999.471312,30931990.18880491,Selsis,-0.39680792579751634,-0.6100603760746112,linear,0.06113030466486307,1.0464464152574563e+23,0.5613242151999727,0.06113030466486307
848,4.28,0.62,1173.9553407126762,318.0,5055.061983858169,0.0189,2148213682.7624507,26419070.664884724,Jackson,-0.36468875357525726,-0.7178983775794281,linear,0.398560864493382,1.2160589342179655e+23,0.7487010429477791,0.398560864493382
849,4.28,0.62,1173.9553407126762,318.0,1151.7183913065294,0.0189,5748503769.3868065,19115360.674131162,Selsis,-0.339249004679834,-0.7518766200097361,GP,0.073037829661749,1.5593436504827925e+23,0.6317953023336387,0.073037829661749
850,4.28,0.62,1173.9553407126762,318.0,1947.8519745463616,0.0189,7054327271.050346,94817692.93922772,Jackson,-0.46253139302303065,-0.7416421217832107,log,0.11812202965665676,1.1095023205498787e+23,0.2950219939260891,0.11812202965665676
851,4.28,0.62,1173.9553407126762,318.0,7775.587304977897,0.0189,1315241077.526441,45804633.48941283,Jackson,-0.38527458424417993,-0.7795627353018977,linear,0.4657486095274861,2.8414709770836714e+22,0.22291292029791088,0.4657486095274861
852,4.28,0.62,1173.9553407126762,318.0,802.090213905827,0.0189,8102760201.648418,89624173.82635224,Selsis,-0.4956725935525942,-0.7850002235400061,linear,0.16342899651098688,4.7809789716364194e+22,0.14461249643539698,0.16342899651098688
853,4.28,0.62,1173.9553407126762,318.0,1648.4493258778696,0.0189,8917895718.460037,77762349.25820716,Jackson,-0.4400768034863322,-0.778150658266087,GP,0.1572786117338637,1.7289253513166442e+23,0.9484259341665892,0.1572786117338637
854,4.28,0.62,1173.9553407126762,318.0,1288.8459364224989,0.0189,5181529059.194913,96344288.60431856,Selsis,-0.38771670376205813,-0.7729770245645,linear,0.44480791386653584,1.0334463950050045e+23,0.5043566574704708,0.44480791386653584
855,4.28,0.62,1173.9553407126762,318.0,3040.132099510162,0.0189,3946897371.598035,45435892.196514875,Jackson,-0.2908324715105808,-0.7968547694135294,linear,0.1162317126603808,8.899343664498997e+22,0.23111131289609121,0.1162317126603808
856,4.28,0.62,1173.9553407126762,318.0,4307.547469125646,0.0189,2596495874.6308975,89099921.17341211,Jackson,-0.486929978956162,-0.6453185397594473,GP,0.13478071525960378,1.0368722432482681e+23,0.6336377990911283,0.13478071525960378
857,4.28,0.62,1173.9553407126762,318.0,14337.890998095798,0.0189,798341967.805503,79569365.94693154,Selsis,-0.4635455972086907,-0.7934978125027287,log,0.2187631946577984,4.714346867876311e+22,0.6902345337863712,0.2187631946577984
858,4.28,0.62,1173.9553407126762,318.0,3069.8984716227524,0.0189,3900780505.6734967,6511318.561393661,Jackson,-0.2859048311088661,-0.754065630594264,log,0.11504538069080045,8.095346075667511e+22,0.19079010924341977,0.11504538069080045
859,4.28,0.62,1173.9553407126762,318.0,3827.806533406619,0.0189,2989880864.176871,85325920.61425973,Jackson,-0.37989206924076074,-0.6368167315374277,log,0.3646805091151247,1.1639711349225444e+23,0.5223790336379781,0.3646805091151247
860,4.28,0.62,1173.9553407126762,318.0,2427.2637566087806,0.0189,5216692817.179375,84405034.28475778,Jackson,-0.46360788559604404,-0.6282658686474457,GP,0.16895350435330228,1.8477785956015776e+23,0.844558554370624,0.16895350435330228
861,4.28,0.62,1173.9553407126762,318.0,2935.3295361595674,0.0189,2616952336.400569,67701409.48183528,Selsis,-0.3415476187185669,-0.7308343610395968,GP,0.1654761296386806,1.3784914798638286e+23,0.787796424561549,0.1654761296386806
862,4.28,0.62,1173.9553407126762,318.0,2574.6149749566125,0.0189,2907871034.7689066,70316690.28287862,Selsis,-0.37742912586183996,-0.6443457098347217,log,0.26651101484922957,3.886975359387067e+22,0.009648257735109689,0.26651101484922957
863,4.28,0.62,1173.9553407126762,318.0,4750.45493318052,0.0189,2311794113.4452543,22080144.198624,Jackson,-0.4269814422536749,-0.7984296425946796,log,0.0675416909659032,9.190087170391365e+22,0.6177036640960398,0.0675416909659032
864,4.28,0.62,1173.9553407126762,318.0,712.9856675908043,0.0189,9096867171.74233,78995208.20756786,Selsis,-0.29612961404571003,-0.6464495147999457,linear,0.09595089015535566,2.4412505945153286e+23,0.6515765303340724,0.09595089015535566
865,4.28,0.62,1173.9553407126762,318.0,851.7103517239351,0.0189,7644954772.730171,7801496.882006173,Selsis,-0.34685592863745746,-0.7831684616894893,log,0.11052948392291902,1.5860799556370754e+23,0.694304038344595,0.11052948392291902
866,4.28,0.62,1173.9553407126762,318.0,1448.1064305703899,0.0189,10734514621.85799,9923704.506595358,Jackson,-0.401744604033567,-0.6959728637009782,log,0.2419883615522315,1.2835069303786378e+23,0.0004591153187325503,0.2419883615522315
867,4.28,0.62,1173.9553407126762,318.0,1861.4274463631662,0.0189,7515141147.308643,60676059.21412548,Jackson,-0.4036769986710847,-0.79969125103388,GP,0.29681315560386484,1.2928173412309062e+23,0.3294685000620561,0.29681315560386484
868,4.28,0.62,1173.9553407126762,318.0,1965.1053195068757,0.0189,6968498074.747662,52845253.383815095,Jackson,-0.3464976769854053,-0.648934222788986,GP,0.0934997224246108,2.84181333022451e+23,0.9395816850286758,0.0934997224246108
869,4.28,0.62,1173.9553407126762,318.0,4590.803690231197,0.0189,1841240496.4005756,76586464.19989973,Selsis,-0.4980327702205202,-0.7540125530345646,log,0.13840061481997473,9.949052143900379e+22,0.8685496723621338,0.13840061481997473
870,4.28,0.62,1173.9553407126762,318.0,4212.90726942282,0.0189,2666036687.8655777,16735847.316027015,Jackson,-0.38534565128719767,-0.7047447969218334,log,0.18861975551265964,1.0919545534992843e+23,0.579911152887983,0.18861975551265964
871,4.28,0.62,1173.9553407126762,318.0,4906.302675769935,0.0189,1749476565.460911,89556834.53017925,Selsis,-0.35867926344725753,-0.6733123142534949,linear,0.07914786004293592,1.4439800599233687e+23,0.9944972670011,0.07914786004293592
872,4.28,0.62,1173.9553407126762,318.0,1468.6710139993402,0.0189,10518515046.655043,32967716.874669436,Jackson,-0.3146676731862715,-0.6278338534243286,linear,0.21027692254439356,3.4459221172117625e+23,0.6225363006477497,0.21027692254439356
873,4.28,0.62,1173.9553407126762,318.0,2021.710211758438,0.0189,6699715834.714443,79813354.25909896,Jackson,-0.49070306568614747,-0.7164410808844003,linear,0.096431699522688,1.6165425992462283e+23,0.9022537359368157,0.096431699522688
874,4.28,0.62,1173.9553407126762,318.0,1349.628754130159,0.0189,4968413143.433119,37429450.76843262,Selsis,-0.40697295276474293,-0.6740586108286766,log,0.14248934184693593,1.5102550152699533e+23,0.7743674098090342,0.14248934184693593
875,4.28,0.62,1173.9553407126762,318.0,2160.935925081213,0.0189,6112430103.577822,75259730.6391202,Jackson,-0.34610324198055037,-0.6972405307545266,log,0.08915337963997488,2.02957858105599e+23,0.6439654867572945,0.08915337963997488
876,4.28,0.62,1173.9553407126762,318.0,936.067913389979,0.0189,6984039536.641322,98447944.94552287,Selsis,-0.29154742419755425,-0.6691812433583876,linear,0.21883803154296735,2.166018291711608e+23,0.64402843118813,0.21883803154296735
877,4.28,0.62,1173.9553407126762,318.0,1882.7295775299988,0.0189,3755594864.7546062,21381327.595060714,Selsis,-0.40021498741410755,-0.6695293591742354,linear,0.25103245642947325,1.62644151756171e+23,0.9024597043027389,0.25103245642947325
878,4.28,0.62,1173.9553407126762,318.0,3235.7076828604318,0.0189,3661650280.8305182,27511927.000652876,Jackson,-0.4691651666877729,-0.7768659713185467,log,0.4069291282443114,1.3281912058431127e+23,0.9010234017927654,0.4069291282443114
879,4.28,0.62,1173.9553407126762,318.0,14535.183517660367,0.0189,658607151.5897996,39144241.27826115,Jackson,-0.40625519337947225,-0.691959613804499,GP,0.19320018991988092,1.4213301295232057e+22,0.23366031183596958,0.19320018991988092
880,4.28,0.62,1173.9553407126762,318.0,1532.2414777819613,0.0189,4459804850.065928,62354347.16421219,Selsis,-0.4997483196471821,-0.7134400779247447,GP,0.16091152397837724,1.0391802721882167e+23,0.6801993998125951,0.16091152397837724
881,4.28,0.62,1173.9553407126762,318.0,2279.487935084815,0.0189,5681702066.498133,89395728.40088367,Jackson,-0.4305423514816685,-0.6135738639346692,GP,0.35639954899669846,2.1637361117428425e+23,0.8762699847264825,0.35639954899669846
882,4.28,0.62,1173.9553407126762,318.0,2660.4118141820977,0.0189,2832090453.2748904,15579665.920136265,Selsis,-0.28117584408884205,-0.6439918315248878,log,0.11462806486552424,1.1087256089449731e+23,0.46982270450001673,0.11462806486552424
883,4.28,0.62,1173.9553407126762,318.0,55545.254756911374,0.0189,314193776.91754806,39792809.06570582,Selsis,-0.3354843154803684,-0.7997474895270301,log,0.3536060009572586,2.922520398101166e+22,0.9003525702435303,0.3536060009572586
884,4.28,0.62,1173.9553407126762,318.0,6497.396348362766,0.0189,1606924375.1852574,99608886.24288373,Jackson,-0.3491159948330892,-0.7745558083807669,linear,0.06411862844045758,6.0001800650476325e+22,0.47294077985899796,0.06411862844045758
885,4.28,0.62,1173.9553407126762,318.0,7466.573052533212,0.0189,1281676084.461776,50319898.56714295,Selsis,-0.46370285043204584,-0.631845275324664,GP,0.19529607287665277,2.46403667406959e+22,0.1742441290393073,0.19529607287665277
886,4.28,0.62,1173.9553407126762,318.0,1376.990325179471,0.0189,4883718773.604279,10662562.52203447,Selsis,-0.487953831845302,-0.7848564405609955,log,0.05701376989938591,7.964368342811486e+22,0.49738048613150665,0.05701376989938591
887,4.28,0.62,1173.9553407126762,318.0,3105.130940338566,0.0189,3847508199.4755745,40662044.97721846,Jackson,-0.45066142368572154,-0.7071858028531773,GP,0.3243144920794372,1.4883969319666002e+23,0.9241960412909787,0.3243144920794372
888,4.28,0.62,1173.9553407126762,318.0,4700.3923996086605,0.0189,2340984382.6705422,26197733.53149134,Jackson,-0.4898852762243555,-0.6566094503402271,log,0.1992527506883369,4.357874444552462e+22,0.14774440275865153,0.1992527506883369
889,4.28,0.62,1173.9553407126762,318.0,5291.8905451735045,0.0189,1652847461.103597,14618204.187483469,Selsis,-0.4885854393325705,-0.7449833217829313,GP,0.42478869375949696,7.27497782706132e+22,0.613116807623026,0.42478869375949696
890,4.28,0.62,1173.9553407126762,318.0,3607.7967405609165,0.0189,2221525355.487495,34353257.44309139,Selsis,-0.4326440525362124,-0.7890136409946952,GP,0.24886495369758382,5.3919418759585565e+22,0.30657529867990874,0.24886495369758382
891,4.28,0.62,1173.9553407126762,318.0,4623.829294597262,0.0189,2387015852.280094,59180774.134142965,Jackson,-0.340409876758801,-0.7531003275991566,GP,0.06030003292997584,3.3990663573862946e+22,0.03738809282380062,0.06030003292997584
892,4.28,0.62,1173.9553407126762,318.0,2736.2671210513545,0.0189,4484712667.037671,55395319.97118734,Jackson,-0.4941461638067383,-0.7425286410688022,linear,0.43177054699513334,1.095342940977279e+23,0.5653720988082817,0.43177054699513334
893,4.28,0.62,1173.9553407126762,318.0,1976.0677655849595,0.0189,6914937516.882719,90422603.25675042,Jackson,-0.39335817656313354,-0.7454217628146733,log,0.28247957834625875,1.8492135917923395e+23,0.7986859193635727,0.28247957834625875
894,4.28,0.62,1173.9553407126762,318.0,1360.5691947301823,0.0189,4934143257.6113405,66920446.517643385,Selsis,-0.4234169874057456,-0.7454552471122021,log,0.30694727910573394,9.675722621782984e+22,0.5221575989804271,0.30694727910573394
895,4.28,0.62,1173.9553407126762,318.0,1898.9843618274363,0.0189,3729082807.0031395,27192562.657651998,Selsis,-0.46210549173560056,-0.6917008328124393,linear,0.1882774914357721,1.5494095601799224e+23,0.9946781522926583,0.1882774914357721
896,4.28,0.62,1173.9553407126762,318.0,1635.9253062779305,0.0189,9014979118.347769,73123441.09989734,Jackson,-0.4215841754222681,-0.6104613258094538,log,0.13609377810095652,1.781340255006653e+23,0.23979462411759145,0.13609377810095652
897,4.28,0.62,1173.9553407126762,318.0,1823.7242175808206,0.0189,7733517840.785112,55735273.49177987,Jackson,-0.39116552472722643,-0.6334073883734207,log,0.07298942121904704,2.022534283787388e+23,0.49612063243894533,0.07298942121904704
898,4.28,0.62,1173.9553407126762,318.0,2407.5569240560567,0.0189,5274649064.62264,20818665.035233222,Jackson,-0.4708486566748341,-0.6174712774141733,linear,0.14126907340673614,1.9144745812058406e+23,0.7900598784353539,0.14126907340673614
899,4.28,0.62,1173.9553407126762,318.0,2305.633363120358,0.0189,3180197552.3680973,35633161.480941325,Selsis,-0.3335355336963181,-0.7197378460920746,log,0.19397838608449317,1.076815342186547e+23,0.49101544260618624,0.19397838608449317
900,4.28,0.62,1173.9553407126762,318.0,2386.7172438280113,0.0189,5337222763.658139,84976981.37440202,Jackson,-0.34974437850570006,-0.6496694422832847,GP,0.15181810585825745,2.3242915597959205e+23,0.8461009610251894,0.15181810585825745
901,4.28,0.62,1173.9553407126762,318.0,2661.281715727378,0.0189,4639496828.155392,10685594.253937038,Jackson,-0.44165544137375173,-0.7998125441790782,GP,0.1662634724418489,1.5278634027929237e+23,0.9235937005946091,0.1662634724418489
902,4.28,0.62,1173.9553407126762,318.0,2589.81337668109,0.0189,4796759781.40119,77905669.0516742,Jackson,-0.4258980109044976,-0.7992095102353335,log,0.331737954821031,1.4732449188146823e+23,0.86402593818671,0.331737954821031
903,4.28,0.62,1173.9553407126762,318.0,1994.3190772441937,0.0189,3582009797.491318,48091201.939264424,Selsis,-0.44218131229259366,-0.6294579632028031,linear,0.30585115800143986,6.606312851686734e+22,0.1665467098788942,0.30585115800143986
904,4.28,0.62,1173.9553407126762,318.0,3204.0712157561306,0.0189,3705085078.469412,8323215.121451275,Jackson,-0.38998725683596575,-0.7528754163568904,GP,0.4954690604665408,1.436697668729901e+23,0.733481599911208,0.4954690604665408
905,4.28,0.62,1173.9553407126762,318.0,2440.2042867003265,0.0189,3036789913.480373,53993233.17875822,Selsis,-0.3111185018934955,-0.6018167896305242,log,0.06015988306253253,9.06259651619696e+22,0.3556096517889903,0.06015988306253253
906,4.28,0.62,1173.9553407126762,318.0,1367.2961258037778,0.0189,4913341713.043316,47342467.82177194,Selsis,-0.3439451186567727,-0.7237214381593169,GP,0.09590824265281453,1.36710063861595e+23,0.5629468742881341,0.09590824265281453
907,4.28,0.62,1173.9553407126762,318.0,3838.9273766102583,0.0189,2979482904.2755203,52386451.14894796,Jackson,-0.36245394854836377,-0.6716043721147337,log,0.09524461925526698,7.696246941610158e+22,0.2928226186001457,0.09524461925526698
908,4.28,0.62,1173.9553407126762,318.0,2719.4570034590533,0.0189,4518550983.637591,53527423.58145813,Jackson,-0.34874248455384715,-0.6279974066783562,GP,0.3576735590056848,7.3514020030718874e+22,0.08952707552174466,0.3576735590056848
909,4.28,0.62,1173.9553407126762,318.0,2079.031858107887,0.0189,6446038248.717055,22946189.163267817,Jackson,-0.3198141020346909,-0.6965735231490471,GP,0.2991405166761943,2.7839955769788208e+23,0.8537821624444972,0.2991405166761943
910,4.28,0.62,1173.9553407126762,318.0,3564.154919518991,0.0189,3258354432.105772,45663695.21457651,Jackson,-0.4399061844534278,-0.7482076211031071,GP,0.0738147267697631,5.363172541904206e+22,0.09755056925989292,0.0738147267697631
911,4.28,0.62,1173.9553407126762,318.0,1859.6307786963605,0.0189,7525294722.70646,80368107.25766489,Jackson,-0.4343195974968758,-0.7263101220221815,log,0.17766830488931323,1.1745994369937037e+23,0.235519817623692,0.17766830488931323
912,4.28,0.62,1173.9553407126762,318.0,5525.767633284396,0.0189,1600290288.4342048,23828044.021827802,Selsis,-0.35286612089908764,-0.7543018030057832,log,0.07668101969053814,1.354974969957428e+23,0.9455263605923734,0.07668101969053814
913,4.28,0.62,1173.9553407126762,318.0,2575.1706434417615,0.0189,4830236966.429041,32520801.230403904,Jackson,-0.37440868005746664,-0.6804820420549372,GP,0.4556531363795638,2.145712190477363e+23,0.9916320181207964,0.4556531363795638
914,4.28,0.62,1173.9553407126762,318.0,5175.402156459582,0.0189,2089558616.2578654,17426449.466696616,Jackson,-0.35775208056704877,-0.6608693049980183,linear,0.22264238833870864,7.658430738797081e+22,0.440702994529131,0.22264238833870864
915,4.28,0.62,1173.9553407126762,318.0,1518.3721257638476,0.0189,4494199437.438797,54152814.305318475,Selsis,-0.42976139166752764,-0.6140778327541295,log,0.40759761647263076,7.179591314321105e+22,0.09789689293583181,0.40759761647263076
916,4.28,0.62,1173.9553407126762,318.0,5812.187559445589,0.0189,1824252140.1519687,81098665.45384626,Jackson,-0.3541736969991357,-0.7277535902602669,GP,0.05821432633951702,2.6181412881879852e+22,0.049638111683740216,0.05821432633951702
917,4.28,0.62,1173.9553407126762,318.0,7588.737682172542,0.0189,1351205961.1248379,28329133.010311987,Jackson,-0.3973163795908216,-0.6741111993762907,log,0.07463269596865083,6.530815966107656e+22,0.5699339383621723,0.07463269596865083
918,4.28,0.62,1173.9553407126762,318.0,4448.203978650199,0.0189,2499336529.0851145,78136804.61730985,Jackson,-0.4644784218090896,-0.6768681760652631,log,0.10134117238051144,8.148004422220122e+22,0.469514351371465,0.10134117238051144
919,4.28,0.62,1173.9553407126762,318.0,1215.485386762414,0.0189,5468581049.846139,28079741.05088969,Selsis,-0.2970688662039187,-0.7199877545638343,log,0.09440253401192715,1.0222665638291998e+23,0.18060403986771867,0.09440253401192715
920,4.28,0.62,1173.9553407126762,318.0,2117.3364349800836,0.0189,6286017876.330142,66217582.02901445,Jackson,-0.4540904415890144,-0.6601993348986407,linear,0.3256067113452868,1.7157260883762892e+23,0.7150869419743789,0.3256067113452868
921,4.28,0.62,1173.9553407126762,318.0,1493.6935429115717,0.0189,4556952363.749186,1431087.6603481232,Selsis,-0.4665773942768598,-0.7392223875459696,log,0.07855295489674974,8.516925953256717e+22,0.4687669108099334,0.07855295489674974
922,4.28,0.62,1173.9553407126762,318.0,3880.741857471676,0.0189,2940996450.569119,45404658.747461565,Jackson,-0.2982941812574464,-0.7780885180726753,linear,0.051761759838635645,8.30605266968754e+22,0.3306380018821581,0.051761759838635645
923,4.28,0.62,1173.9553407126762,318.0,1382.0978026918212,0.0189,4868277207.968857,39335367.22991349,Selsis,-0.38648583827992616,-0.6387825731537737,log,0.10013510962684591,1.9760547176593776e+23,0.9501383705934151,0.10013510962684591
924,4.28,0.62,1173.9553407126762,318.0,1472.969545262619,0.0189,4611247798.081312,73370101.6589812,Selsis,-0.41471481362858303,-0.6615042379939085,log,0.332114147028412,1.5264166097138577e+23,0.822188848993244,0.332114147028412
925,4.28,0.62,1173.9553407126762,318.0,3928.1700736114785,0.0189,2078104875.37281,28230389.84151813,Selsis,-0.4977767449604753,-0.7550631210417331,linear,0.40167235180019295,6.981118005122093e+22,0.5258109111694317,0.40167235180019295
926,4.28,0.62,1173.9553407126762,318.0,4941.03607110754,0.0189,2206777909.329639,37483159.92327912,Jackson,-0.40672915406638693,-0.7834225323638196,GP,0.08090336969954776,6.660164172452242e+22,0.3803483617474638,0.08090336969954776
927,4.28,0.62,1173.9553407126762,318.0,2013.8039857843364,0.0189,6736124293.848674,95405527.65891139,Jackson,-0.33171344746938564,-0.719378685348574,GP,0.32185108850968946,1.0007422947384643e+23,0.051087824663958115,0.32185108850968946
928,4.28,0.62,1173.9553407126762,318.0,2675.4841902564285,0.0189,4609406067.28435,84118651.9285908,Jackson,-0.43883747324057865,-0.7471700759308433,log,0.14300437116789275,1.4094161096168515e+23,0.8135714391925973,0.14300437116789275
929,4.28,0.62,1173.9553407126762,318.0,4055.58354285638,0.0189,2789858028.8803205,12373013.864771489,Jackson,-0.28840824431883816,-0.6018689320290747,log,0.056241114457566826,2.478381446028111e+23,0.9036007200071912,0.056241114457566826
930,4.28,0.62,1173.9553407126762,318.0,18427.65027213102,0.0189,512708267.8562919,5875683.378232964,Jackson,-0.32045801851333844,-0.6806081807749751,linear,0.06369385968343794,2.9589931328276798e+22,0.6392600872201573,0.06369385968343794
931,4.28,0.62,1173.9553407126762,318.0,986.9772449495342,0.0189,6642676226.829507,80823770.13697329,Selsis,-0.3339174266348706,-0.7951100087498463,linear,0.39045150678045243,1.9237283582737598e+23,0.8637584820235288,0.39045150678045243
932,4.28,0.62,1173.9553407126762,318.0,803.8873569861781,0.0189,8085129146.936746,76805067.66331542,Selsis,-0.3349096333237937,-0.727283806066399,log,0.05047009353362645,1.2609670821515398e+23,0.356899339910672,0.05047009353362645
933,4.28,0.62,1173.9553407126762,318.0,1583.9683116090957,0.0189,4336745557.176162,69863899.18310665,Selsis,-0.399730572890723,-0.6431538725101089,GP,0.2018910917169085,5.846134518675954e+22,0.014741092794388067,0.2018910917169085
934,4.28,0.62,1173.9553407126762,318.0,2521.233286110937,0.0189,4957470908.777909,50519207.349350385,Jackson,-0.40031018057353057,-0.6064242208074384,GP,0.06871633240830852,9.243098769463104e+22,0.1479864685767247,0.06871633240830852
935,4.28,0.62,1173.9553407126762,318.0,8584.680880568836,0.0189,1156894597.5869863,73067642.4795216,Selsis,-0.44253901589326705,-0.7375583372434308,GP,0.22386806803417902,3.965096278624478e+22,0.43627444731375975,0.22386806803417902
936,4.28,0.62,1173.9553407126762,318.0,3383.586141974228,0.0189,2336982608.97156,68765185.29842219,Selsis,-0.4611607299055266,-0.7298261500694996,log,0.07449806688038763,1.2337073982654182e+23,0.9535041384838143,0.07449806688038763
937,4.28,0.62,1173.9553407126762,318.0,1714.1027682780268,0.0189,4059350180.21907,50466515.183693,Selsis,-0.4624073923367525,-0.6260672577937634,GP,0.15079076580740108,1.6505118887899083e+23,0.9119832695423367,0.15079076580740108
938,4.28,0.62,1173.9553407126762,318.0,2949.329743880065,0.0189,4094228383.8365555,98905691.38179184,Jackson,-0.404877006669174,-0.7282550871455514,log,0.051767224646730385,1.4296401012296018e+23,0.7645174325157541,0.051767224646730385
939,4.28,0.62,1173.9553407126762,318.0,2903.572617439101,0.0189,4172513079.6365237,37869462.54239084,Jackson,-0.3682420035903438,-0.7850671142468408,log,0.44655287465175636,9.405593478687221e+22,0.2599275340694256,0.44655287465175636
940,4.28,0.62,1173.9553407126762,318.0,17288.94376175425,0.0189,699844987.4652408,22184758.873677094,Selsis,-0.2809937996771094,-0.6149653770984964,GP,0.1263281029629009,8.658706778055929e+22,0.9794216928648896,0.1263281029629009
941,4.28,0.62,1173.9553407126762,318.0,586.5509867209452,0.0189,11076843583.572712,38602950.244552,Selsis,-0.280681537339416,-0.615401445459523,GP,0.36172650751976204,3.5325152831045555e+23,0.8513667047715665,0.36172650751976204
942,4.28,0.62,1173.9553407126762,318.0,3892.1938927640686,0.0189,2093107470.1552114,11069885.645452516,Selsis,-0.4198694129037874,-0.6074831543807682,log,0.138532368991209,7.023047219280837e+22,0.4057726760965471,0.138532368991209
943,4.28,0.62,1173.9553407126762,318.0,839.4025691213423,0.0189,7753152000.370908,17590443.054707304,Selsis,-0.46743230780495565,-0.6158771498028128,log,0.07513922604822144,2.091546179837227e+23,0.9394368523459075,0.07513922604822144
944,4.28,0.62,1173.9553407126762,318.0,2051.201720157788,0.0189,6566990966.74837,64549445.48513998,Jackson,-0.40750987581569154,-0.6476964050893078,GP,0.29622189417219785,1.8905481384301236e+23,0.6351626323724322,0.29622189417219785
945,4.28,0.62,1173.9553407126762,318.0,2781.2659702939904,0.0189,4396460871.961621,71399592.3832177,Jackson,-0.37033627529479773,-0.7547267516911057,log,0.32680354093087616,1.708000786997375e+23,0.8204114993753386,0.32680354093087616
946,4.28,0.62,1173.9553407126762,318.0,4125.3013644064,0.0189,2733657690.334048,41234410.18803085,Jackson,-0.41708705067473784,-0.7608434146509695,GP,0.050868113607010296,6.824768115886554e+22,0.3006790459389198,0.050868113607010296
947,4.28,0.62,1173.9553407126762,318.0,5500.971220704382,0.0189,1945287525.167067,87476444.25923026,Jackson,-0.44120362234058047,-0.6290789266587175,GP,0.12442462978888896,1.1106344367817841e+23,0.7905172085318418,0.12442462978888896
948,4.28,0.62,1173.9553407126762,318.0,1319.0031517388582,0.0189,5073011621.561563,38957869.7894899,Selsis,-0.32263087484461017,-0.78548435069562,linear,0.1341605464883434,1.3887627438290568e+23,0.5226355138892341,0.1341605464883434
949,4.28,0.62,1173.9553407126762,318.0,2636.448826052988,0.0189,2852782901.8425746,66063825.44475167,Selsis,-0.43809953321685896,-0.6231811904217195,GP,0.25145555067069125,5.421994084880433e+22,0.16292635748576134,0.25145555067069125
950,4.28,0.62,1173.9553407126762,318.0,2589.3594717787587,0.0189,4797790908.979225,23463449.263168093,Jackson,-0.4878193372833862,-0.6124691758215164,GP,0.30784837179911545,6.658828595393356e+22,0.017466291010850954,0.30784837179911545
951,4.28,0.62,1173.9553407126762,318.0,2611.521915953651,0.0189,4747931616.344567,13542975.387416337,Jackson,-0.3636945046458052,-0.789574903531557,linear,0.0711936299617094,1.1175778391282126e+23,0.3068326662065026,0.0711936299617094
952,4.28,0.62,1173.9553407126762,318.0,1168.4498571719805,0.0189,5672049839.759893,61598776.55403354,Selsis,-0.40383354209669803,-0.7791080097358662,log,0.05495456254595207,6.483602637030709e+22,0.16823323717517624,0.05495456254595207
953,4.28,0.62,1173.9553407126762,318.0,2816.8778710742235,0.0189,2704850084.490237,95251786.19667126,Selsis,-0.4852455610969694,-0.7171714108310836,GP,0.207344553900043,3.851472946965715e+22,0.0538854710990323,0.207344553900043
954,4.28,0.62,1173.9553407126762,318.0,1982.9034957123358,0.0189,6881914255.082296,97813227.28798066,Jackson,-0.48293079980641046,-0.6829840422409379,linear,0.08536033203370971,9.821775115921443e+22,0.11199636465740026,0.08536033203370971
955,4.28,0.62,1173.9553407126762,318.0,1612.347443868555,0.0189,9202977821.958616,73616173.57271695,Jackson,-0.4209744015342297,-0.6745062314903408,GP,0.3934786521301766,2.3024417383063263e+23,0.9425989383285407,0.3934786521301766
956,4.28,0.62,1173.9553407126762,318.0,2896.6002915964823,0.0189,4184692933.1088285,5321955.124114359,Jackson,-0.44081069656242633,-0.6616508635781709,linear,0.1879362921728738,1.4641538899285027e+23,0.6856196552810917,0.1879362921728738
957,4.28,0.62,1173.9553407126762,318.0,4525.309501631925,0.0189,2448856831.650358,40414187.95643694,Jackson,-0.4012333579701818,-0.6922538601247403,linear,0.20474261079683828,8.972880255163606e+22,0.4940976453490188,0.20474261079683828
958,4.28,0.62,1173.9553407126762,318.0,3704.694219025427,0.0189,3109787290.6296644,70306296.09369613,Jackson,-0.45968872830564744,-0.7885542829252035,log,0.1707893272992078,1.2622368298539678e+23,0.9521213849916165,0.1707893272992078
959,4.28,0.62,1173.9553407126762,318.0,2203.3675634120364,0.0189,5951651476.707381,13471946.526886692,Jackson,-0.34775404473839794,-0.6693091194146301,GP,0.17644760252478167,1.629485980707517e+23,0.38477273764814557,0.17644760252478167
960,4.28,0.62,1173.9553407126762,318.0,1218.8711882311804,0.0189,5454551069.687225,10006174.284185175,Selsis,-0.3425951150051043,-0.7856185857264528,GP,0.165772225206235,8.661072628890005e+22,0.16830647215742933,0.165772225206235
961,4.28,0.62,1173.9553407126762,318.0,4851.452297138941,0.0189,2254978050.962239,2748107.2130478094,Jackson,-0.3762418203672576,-0.7663149772870874,linear,0.24327520776408718,3.423738661152653e+22,0.05486853680861259,0.24327520776408718
962,4.28,0.62,1173.9553407126762,318.0,1494.831423757604,0.0189,4554014124.956543,26428636.494199082,Selsis,-0.45595232815906855,-0.7654008247767813,GP,0.39402459538124035,8.58423015859362e+22,0.49991169987848527,0.39402459538124035
963,4.28,0.62,1173.9553407126762,318.0,1481.111203283964,0.0189,4589738770.693996,37292250.41117099,Selsis,-0.45567289121645177,-0.677884123498305,log,0.05915404687448188,1.4806820787997317e+23,0.872079052764837,0.05915404687448188
964,4.28,0.62,1173.9553407126762,318.0,12510.383857328505,0.0189,879611311.5177511,51651689.952559195,Selsis,-0.30852981064107643,-0.7094098311335426,GP,0.1331684301445491,5.464622301416261e+22,0.692531650845489,0.1331684301445491
965,4.28,0.62,1173.9553407126762,318.0,5799.599114518378,0.0189,1828865551.2048757,10108511.271522192,Jackson,-0.4024998841709373,-0.654140263500219,log,0.10089715402358679,1.2180540188314116e+23,0.8468150723978514,0.10089715402358679
966,4.28,0.62,1173.9553407126762,318.0,2289.935742218952,0.0189,5646379488.333014,17636876.959283948,Jackson,-0.42311870812232183,-0.6478053986697356,log,0.2040169598642879,9.639984601031227e+22,0.11518452557892855,0.2040169598642879
967,4.28,0.62,1173.9553407126762,318.0,3253.6615860116817,0.0189,3637431375.063441,80352246.36545184,Jackson,-0.48365964210694135,-0.6386162633464291,GP,0.2956343971030772,1.118733547648513e+23,0.49155249434239345,0.2956343971030772
968,4.28,0.62,1173.9553407126762,318.0,2414.33178600931,0.0189,5254593203.179159,2844449.8497976367,Jackson,-0.38639362270406596,-0.7482208398420466,log,0.4157183836806068,1.8869998113194297e+23,0.8948604996335828,0.4157183836806068
969,4.28,0.62,1173.9553407126762,318.0,887.7224679847429,0.0189,7346577705.362135,72517339.37724812,Selsis,-0.44472145060992485,-0.7842101264636895,GP,0.4232131149441229,5.088602949880671e+22,0.10437138875091168,0.4232131149441229
970,4.28,0.62,1173.9553407126762,318.0,8592.113543858832,0.0189,1156158442.5054002,52719203.640320785,Selsis,-0.3599823191283753,-0.6845090437730822,GP,0.05490720883925169,4.876129804282674e+22,0.5183074925831518,0.05490720883925169
971,4.28,0.62,1173.9553407126762,318.0,4914.74220941803,0.0189,1747178354.4921024,47108467.84626989,Selsis,-0.37516237593295126,-0.6525855301830785,linear,0.26842722927473833,1.2526622097440157e+23,0.8639104564010609,0.26842722927473833
972,4.28,0.62,1173.9553407126762,318.0,3776.324289821986,0.0189,3038932277.405977,38573351.00499355,Jackson,-0.418213401952394,-0.7362152521441142,GP,0.09063143041399398,9.97216353771754e+22,0.5253965547685315,0.09063143041399398
973,4.28,0.62,1173.9553407126762,318.0,1195.0980268013752,0.0189,5554792207.839898,92828663.24914801,Selsis,-0.28773044791561847,-0.6455418878034753,GP,0.3677111987838756,9.603789667594613e+22,0.12048214355441511,0.3677111987838756
974,4.28,0.62,1173.9553407126762,318.0,2096.6620199617,0.0189,6371482009.541953,29104995.324239492,Jackson,-0.43105686320755265,-0.676437199561709,linear,0.07152014977224803,1.0600614799400872e+23,0.14928118547457114,0.07152014977224803
975,4.28,0.62,1173.9553407126762,318.0,1762.0055272178424,0.0189,8116641128.213498,50078876.402563244,Jackson,-0.4945128722597747,-0.7945503251685249,linear,0.16497389474429647,1.3900722120757292e+23,0.8540884261508862,0.16497389474429647
976,4.28,0.62,1173.9553407126762,318.0,1600.300517667535,0.0189,9301766850.129187,36948853.30919951,Jackson,-0.3249897267779212,-0.724069127775355,log,0.06726442571374584,2.8717321009528112e+23,0.7461903667054169,0.06726442571374584
977,4.28,0.62,1173.9553407126762,318.0,903.1410882883837,0.0189,7226497866.013628,76368314.4482469,Selsis,-0.44517002018388446,-0.7078956735832763,log,0.22898111844761854,1.2522994828408978e+23,0.7701867503881168,0.22898111844761854
978,4.28,0.62,1173.9553407126762,318.0,4237.787514157521,0.0189,2647412124.8155837,63886235.23787564,Jackson,-0.3583372992469541,-0.6871203140161086,GP,0.16727471132007413,1.5095295968013936e+23,0.8306062769716502,0.16727471132007413
979,4.28,0.62,1173.9553407126762,318.0,599.6836285475412,0.0189,10828488915.551384,28286960.382661738,Selsis,-0.2904158799874919,-0.7384897236954566,GP,0.3249160182227953,2.02672983259203e+23,0.5385373454299193,0.3249160182227953
980,4.28,0.62,1173.9553407126762,318.0,5091.233931055601,0.0189,2130253901.3590972,17027757.87773076,Jackson,-0.38554174476985614,-0.6894819760075325,log,0.19854289539800532,2.9998384910889474e+22,0.02513255646166279,0.19854289539800532
981,4.28,0.62,1173.9553407126762,318.0,3033.9023402194607,0.0189,2548777861.514418,49171890.07614324,Selsis,-0.4365285313536745,-0.6954283327825274,linear,0.16436048152246832,8.998161352688145e+22,0.5857291445146025,0.16436048152246832
982,4.28,0.62,1173.9553407126762,318.0,2457.4837966490145,0.0189,5130036249.928046,51529430.399236724,Jackson,-0.3866302475935934,-0.769554983691564,linear,0.13372900242661093,1.7199013931821135e+23,0.8287286440581126,0.13372900242661093
983,4.28,0.62,1173.9553407126762,318.0,3263.0480687370896,0.0189,3624891099.8280478,18289919.092434768,Jackson,-0.4926812537848254,-0.6497767492917121,GP,0.08449629835684766,1.1050105349078862e+23,0.49292345537748417,0.08449629835684766
984,4.28,0.62,1173.9553407126762,318.0,2425.199492317723,0.0189,5222709272.958387,89624419.14653991,Jackson,-0.29758045762242696,-0.6508482926753624,GP,0.10539493211755356,3.1154299216318266e+23,0.9386794091090853,0.10539493211755356
985,4.28,0.62,1173.9553407126762,318.0,2759.2952427281557,0.0189,2750166435.313585,92354358.16367963,Selsis,-0.36129311676047393,-0.7137741536743814,GP,0.3322785529665215,7.314152516286022e+22,0.34727228952391587,0.3322785529665215
986,4.28,0.62,1173.9553407126762,318.0,1210.9651218483352,0.0189,5487437842.183188,48500592.2587037,Selsis,-0.48844364127169543,-0.6227538298572928,linear,0.4087137887075227,1.608889139124637e+23,0.7914896175787569,0.4087137887075227
987,4.28,0.62,1173.9553407126762,318.0,4137.07785845598,0.0189,2724377621.383178,63212461.99133053,Jackson,-0.3401560994917567,-0.7970358025578935,linear,0.38866526026670567,7.750131462302252e+22,0.3373189439588259,0.38866526026670567
988,4.28,0.62,1173.9553407126762,318.0,1681.2003444585405,0.0189,4125521964.1243305,92804552.91213869,Selsis,-0.34736736326624335,-0.6787049379206291,linear,0.05515988080452944,5.843856636516453e+22,0.03496875588260073,0.05515988080452944
989,4.28,0.62,1173.9553407126762,318.0,2451.256426474316,0.0189,5147678309.736769,16515512.44339531,Jackson,-0.28123677263749663,-0.7722102025126661,linear,0.23386322602841228,2.3290937013525805e+23,0.6106651572722674,0.23386322602841228
990,4.28,0.62,1173.9553407126762,318.0,2982.843258695509,0.0189,2583558162.294399,44370304.95983054,Selsis,-0.37113785543619426,-0.6659707523827878,GP,0.2740220405402513,1.327045453726642e+23,0.7749822648429581,0.2740220405402513
991,4.28,0.62,1173.9553407126762,318.0,6245.766534842038,0.0189,1679896611.0208876,95179150.06921495,Jackson,-0.47771474006099335,-0.7763005834093907,log,0.4335556993572249,8.701930745108339e+22,0.8415801397008779,0.4335556993572249
992,4.28,0.62,1173.9553407126762,318.0,748.7236711268583,0.0189,8667655011.2431,12086835.662959335,Selsis,-0.29955120897233106,-0.621159923351561,log,0.41734209013375817,2.0085502915029563e+23,0.42012260508834964,0.41734209013375817
993,4.28,0.62,1173.9553407126762,318.0,2688.928963185979,0.0189,4581260617.392588,42453394.46870629,Jackson,-0.4471536584573845,-0.6321132616734606,log,0.3990761725058428,9.957105880744696e+22,0.23454463615377896,0.3990761725058428
994,4.28,0.62,1173.9553407126762,318.0,2920.470547796147,0.0189,4143272864.5155807,96496911.82164018,Jackson,-0.348081785967214,-0.7001231125993544,GP,0.11486316591436492,5.57038903316676e+22,0.011757024578000874,0.11486316591436492
995,4.28,0.62,1173.9553407126762,318.0,5734.188649049118,0.0189,1853203272.1327484,51685241.61638045,Jackson,-0.38337996082590786,-0.7575560338599676,log,0.05903452702740764,1.194063467670925e+23,0.8979128343723642,0.05903452702740764
996,4.28,0.62,1173.9553407126762,318.0,1992.389511816,0.0189,6836556814.740843,17319271.603817344,Jackson,-0.3406861094838069,-0.786849816447305,log,0.06561243782968644,1.6124568417763462e+23,0.36376050058715603,0.06561243782968644
997,4.28,0.62,1173.9553407126762,318.0,6284.1169215564905,0.0189,1668359465.2518568,72715823.68580915,Jackson,-0.28429963054771423,-0.769048254627002,linear,0.12310581759560056,9.44484227946452e+22,0.6452394620779057,0.12310581759560056
998,4.28,0.62,1173.9553407126762,318.0,2263.7537261879747,0.0189,5735659863.237765,28147883.232863992,Jackson,-0.4637518241077751,-0.791374780279337,linear,0.23072098450220013,7.361677746332649e+22,0.050326751887122434,0.23072098450220013
999,4.28,0.62,1173.9553407126762,318.0,546.1558639996763,0.0189,11923975578.844439,6578006.189164099,Selsis,-0.45238714776036426,-0.6649028353506866,GP,0.14418090411877102,7.977014664010719e+22,0.18990282034620054,0.14418090411877102
