,pl_mass,st_mass,pl_teff,pl_insol,pl_XUV_flux,pl_orbsmax,st_age,pl_form_yr,x-ray-model,euv_gamma1,euv_gamma2,co2_fit,ch4_eta,C_loss,N2O2_frac,CH4_epsilon
0,4.97,0.84,1771.8044249632712,1650.0,6761.879921728551,0.01796,1209411033.5121667,93516650.1837684,Jackson,-0.38466044715842046,-0.6873364343151698,GP,0.46767278277507496,1.9016609603690536e+24,0.5030237173757844,0.46767278277507496
1,4.97,0.84,1771.8044249632712,1650.0,4142.346932995626,0.01796,2078464975.2662973,76524860.2792384,Jackson,-0.4070517856299836,-0.6081473601657089,log,0.4732218361408247,2.8928215573557e+24,0.9370572570125121,0.4732218361408247
2,4.97,0.84,1771.8044249632712,1650.0,1759.9999993474246,0.01796,5351266186.517228,98598642.75148302,Selsis,-0.30296853332016005,-0.7748318287403761,GP,0.08383799500122859,1.5559015984658568e+24,0.07245148242919175,0.08383799500122859
3,4.97,0.84,1771.8044249632712,1650.0,9642.273705924168,0.01796,1241537953.6647205,55462065.81705937,Selsis,-0.47152698264666076,-0.6850993692138934,log,0.09164333231105184,8.923629812339364e+23,0.02557185969622988,0.09164333231105184
4,4.97,0.84,1771.8044249632712,1650.0,4099.669758792501,0.01796,2103681339.134551,2048297.3795872112,Jackson,-0.40554429141870274,-0.7218888172826446,linear,0.11654329530589522,6.961524693185916e+23,0.19564122496987157,0.11654329530589522
5,4.97,0.84,1771.8044249632712,1650.0,2144.5859414973534,0.01796,4402857315.738488,65504046.78456376,Selsis,-0.49798227638371134,-0.6420150447852856,GP,0.39242703513047483,4.738019053783737e+24,0.05423493360831766,0.39242703513047483
6,4.97,0.84,1771.8044249632712,1650.0,5355.596783319329,0.01796,1981717681.4644694,86274261.98532476,Selsis,-0.496659131231139,-0.7259405764052238,linear,0.13649680407961137,1.1800380724442276e+24,0.415582114897462,0.13649680407961137
7,4.97,0.84,1771.8044249632712,1650.0,3808.1727589964285,0.01796,2651193789.1384015,41730602.68448883,Selsis,-0.4214563139294673,-0.6358003392477227,linear,0.13475879007632782,1.8275129679118304e+24,0.9999357241909587,0.13475879007632782
8,4.97,0.84,1771.8044249632712,1650.0,1761.435323566435,0.01796,5346471847.787632,54660169.98512338,Selsis,-0.31510605765602034,-0.7942509754449916,GP,0.2660299597718047,5.183138612049111e+24,0.9287591011884693,0.2660299597718047
9,4.97,0.84,1771.8044249632712,1650.0,2719.938406011995,0.01796,3466182684.223629,58368515.9107969,Jackson,-0.3156349228093167,-0.6903497223336685,GP,0.17959686953945017,1.723622751549711e+24,0.9791833409908207,0.17959686953945017
10,4.97,0.84,1771.8044249632712,1650.0,5181.65017216817,0.01796,2037162258.318661,31815410.844893802,Selsis,-0.28311066029778376,-0.789799875189803,GP,0.07478938768339265,1.7844578701569442e+24,0.16690074713040137,0.07478938768339265
11,4.97,0.84,1771.8044249632712,1650.0,2221.4212024718877,0.01796,4525773697.096356,32321361.41159982,Jackson,-0.4129828142467353,-0.6880073610365305,log,0.3041862948040526,2.0900360576874047e+24,0.39791690052774764,0.3041862948040526
12,4.97,0.84,1771.8044249632712,1650.0,2429.3954736413034,0.01796,3927877870.276465,59159809.14554167,Selsis,-0.3404358676910835,-0.6849208469951343,GP,0.255508023481686,4.25496314769732e+24,0.6283654666105744,0.255508023481686
13,4.97,0.84,1771.8044249632712,1650.0,3337.4371210926984,0.01796,2687178787.037217,37295503.59976069,Jackson,-0.4165583563625772,-0.6757944005337602,GP,0.06513544406980931,3.87321286196701e+23,0.12407900413376305,0.06513544406980931
14,4.97,0.84,1771.8044249632712,1650.0,1558.121495753577,0.01796,8129989023.350533,35346895.571903974,Jackson,-0.3201313409844882,-0.717125338187482,linear,0.31230615309596915,3.8112043570385223e+24,0.6668144220903619,0.31230615309596915
15,4.97,0.84,1771.8044249632712,1650.0,2380.2420488318485,0.01796,4001486121.332346,26993454.869150024,Selsis,-0.4016987983372201,-0.7724197290840892,GP,0.06438025174800312,8.786810374036619e+23,0.1628991768448399,0.06438025174800312
16,4.97,0.84,1771.8044249632712,1650.0,1223.1074750754653,0.01796,12705015835.981346,67197057.24732389,Jackson,-0.3103766351904436,-0.6913328159211592,log,0.07753247717640692,1.1366349019835789e+24,0.5842725138633267,0.07753247717640692
17,4.97,0.84,1771.8044249632712,1650.0,2354.0245112579387,0.01796,4042040926.6537185,59551861.223256215,Selsis,-0.28744559419142574,-0.6637031946286863,GP,0.1656999196496716,4.050385603336874e+24,0.28605504468224785,0.1656999196496716
18,4.97,0.84,1771.8044249632712,1650.0,1445.073945474384,0.01796,6632576100.375156,44673489.482181154,Selsis,-0.30629972550006873,-0.7911281996578563,GP,0.1187766082464118,2.6207111086136484e+24,0.8628814202117834,0.1187766082464118
19,4.97,0.84,1771.8044249632712,1650.0,6692.342454740585,0.01796,1651508262.298085,10068410.811205022,Selsis,-0.39878150603134505,-0.7320561078101198,linear,0.15554817256815007,2.0529709676598792e+24,0.304074647483488,0.15554817256815007
20,4.97,0.84,1771.8044249632712,1650.0,3677.850536970723,0.01796,2389294937.1720824,69800657.13523051,Jackson,-0.49584286151064966,-0.751505020939805,log,0.14192861450714434,5.529682366296947e+23,0.050948760727582254,0.14192861450714434
21,4.97,0.84,1771.8044249632712,1650.0,5804.002772547551,0.01796,1853645363.1668777,52601429.038177624,Selsis,-0.46307631588076276,-0.6708484724480028,linear,0.14345242767486693,1.5528476251145818e+24,0.5082049970108041,0.14345242767486693
22,4.97,0.84,1771.8044249632712,1650.0,2999.6113211792936,0.01796,3258368798.4290266,97411459.31191882,Selsis,-0.3405554583294355,-0.6427997260061167,GP,0.111760967617506,1.6744698350089483e+24,0.7152523442421111,0.111760967617506
23,4.97,0.84,1771.8044249632712,1650.0,2723.113909112036,0.01796,3544629773.881867,37882944.40786953,Selsis,-0.30130036524809906,-0.7281368847904455,linear,0.06644493940152552,1.4705565258512998e+24,0.8864516435574168,0.06644493940152552
24,4.97,0.84,1771.8044249632712,1650.0,1020.1577783300139,0.01796,9704733042.035526,64665090.72576629,Selsis,-0.3447059735129494,-0.6880308829147451,log,0.22006330520923176,4.0146817915083084e+24,0.731512257877113,0.22006330520923176
25,4.97,0.84,1771.8044249632712,1650.0,21744.61236470606,0.01796,376572963.3151934,72545323.2123787,Jackson,-0.4682120699897235,-0.6281618963575757,linear,0.24878581907480257,6.0609145134558e+23,0.5923637482616418,0.24878581907480257
26,4.97,0.84,1771.8044249632712,1650.0,9654.224892078273,0.01796,1240355668.7463663,73095488.75382423,Selsis,-0.4644901128910088,-0.7246018714526423,GP,0.3238925333898685,2.84011844378066e+24,0.7641531908510095,0.3238925333898685
27,4.97,0.84,1771.8044249632712,1650.0,2296.68753100253,0.01796,4328590577.102907,97991426.82797678,Jackson,-0.4271822406097282,-0.6900457334068939,log,0.16321372534321557,8.777712657797059e+23,0.4662322703115813,0.16321372534321557
28,4.97,0.84,1771.8044249632712,1650.0,2751.0082870017636,0.01796,3512566931.829431,4101758.3288738155,Selsis,-0.3910458050158927,-0.7583912089222524,GP,0.08921028400257258,1.336116620206199e+24,0.9493482188006678,0.08921028400257258
29,4.97,0.84,1771.8044249632712,1650.0,3377.5461111347026,0.01796,2648090519.9031796,2237358.9870350654,Jackson,-0.43941939109982125,-0.7780514583393596,GP,0.05968243596809666,3.25040060452198e+23,0.09172595732817401,0.05968243596809666
30,4.97,0.84,1771.8044249632712,1650.0,1259.0263923469977,0.01796,12026400158.317135,50911833.26904297,Jackson,-0.443844341822217,-0.7885205666822355,GP,0.42123493049350574,2.797848881240126e+24,0.8922774590480158,0.42123493049350574
31,4.97,0.84,1771.8044249632712,1650.0,1441.8320124035513,0.01796,6648230829.656409,52775614.30824814,Selsis,-0.40280298362947203,-0.6403408886905708,linear,0.09460402875397107,1.4819209132690413e+24,0.7519761063745362,0.09460402875397107
32,4.97,0.84,1771.8044249632712,1650.0,9233.537673558158,0.01796,1283675523.8926213,39996676.50054646,Selsis,-0.37707048209805044,-0.6518050252831624,log,0.4490730045589049,5.874310795760806e+24,0.5042136590168309,0.4490730045589049
33,4.97,0.84,1771.8044249632712,1650.0,2304.896753675813,0.01796,4308052789.13461,51052748.711429544,Jackson,-0.3537873717446967,-0.6557424165064529,linear,0.20356146770463776,1.7948823810608672e+24,0.8515686286036402,0.20356146770463776
34,4.97,0.84,1771.8044249632712,1650.0,1473.0083046841946,0.01796,8995205388.91799,12406213.859259902,Jackson,-0.3911171376027414,-0.6104913511996826,log,0.10781974641871933,1.3324629790139245e+24,0.17848244030554294,0.10781974641871933
35,4.97,0.84,1771.8044249632712,1650.0,1963.0206340945585,0.01796,5442483659.451319,84149976.2036774,Jackson,-0.35349066488939307,-0.7327902677969135,GP,0.45450334313901086,3.4625640526440485e+24,0.21413561238235534,0.45450334313901086
36,4.97,0.84,1771.8044249632712,1650.0,3838.1310070081486,0.01796,2272292509.218512,50084970.82677708,Jackson,-0.477175558416649,-0.6483486925687991,linear,0.08428104376337316,4.3695830788351345e+23,0.3217941400520762,0.08428104376337316
37,4.97,0.84,1771.8044249632712,1650.0,4350.673816030462,0.01796,1963413193.250241,15393384.556376265,Jackson,-0.3824742548277533,-0.7276507793317177,linear,0.14149933626712782,8.564393204458196e+23,0.6466901344627364,0.14149933626712782
38,4.97,0.84,1771.8044249632712,1650.0,1365.741811443915,0.01796,10330392037.3293,75729440.22618541,Jackson,-0.32262625509012083,-0.7772666446331586,GP,0.05542654974423868,6.161293725512542e+23,0.48603470535100424,0.05542654974423868
39,4.97,0.84,1771.8044249632712,1650.0,2797.4964989854184,0.01796,3461575177.079883,57202285.858554974,Selsis,-0.44922382080085316,-0.7942945110157332,linear,0.21892162905489768,2.346954376835978e+24,0.6578300978713512,0.21892162905489768
40,4.97,0.84,1771.8044249632712,1650.0,2340.3488264328544,0.01796,4221414146.6442037,10084174.894271296,Jackson,-0.3671670739622596,-0.7040701788253777,log,0.13108374185955018,1.0784234824147581e+24,0.15837298065520744,0.13108374185955018
41,4.97,0.84,1771.8044249632712,1650.0,1811.747061361541,0.01796,6240345328.210464,78415668.31700416,Jackson,-0.3755472267850473,-0.7995086597977389,GP,0.053382823401002956,3.576319426486766e+23,0.6110500545639242,0.053382823401002956
42,4.97,0.84,1771.8044249632712,1650.0,2209.9874005713154,0.01796,4557202238.031752,69634859.44908871,Jackson,-0.32799522066171355,-0.6351988667144834,GP,0.0884688355627515,9.214834300133285e+23,0.9858197447381157,0.0884688355627515
43,4.97,0.84,1771.8044249632712,1650.0,1472.0675376059266,0.01796,9005630726.097298,70979031.27114424,Jackson,-0.40139009158842265,-0.6753593410180253,log,0.09429413516898244,7.876298524834601e+23,0.3104107047457474,0.09429413516898244
44,4.97,0.84,1771.8044249632712,1650.0,1534.898474181004,0.01796,8351637804.418055,90988173.7267526,Jackson,-0.4577949109491372,-0.7475662029964097,GP,0.12779418232406992,7.052935190359535e+23,0.7850431485789854,0.12779418232406992
45,4.97,0.84,1771.8044249632712,1650.0,3633.874652350966,0.01796,2423476256.1903915,32515004.50326433,Jackson,-0.4217952357174097,-0.6020192450481131,linear,0.07684183001943533,5.620925465977544e+23,0.3913146622255047,0.07684183001943533
46,4.97,0.84,1771.8044249632712,1650.0,2351.4163565411955,0.01796,4195031575.7041345,12247432.139724735,Jackson,-0.43269685126631957,-0.7311827194478934,linear,0.09254736607518127,5.714916017529248e+23,0.4917397180089419,0.09254736607518127
47,4.97,0.84,1771.8044249632712,1650.0,1577.0996701923793,0.01796,7956152822.989934,54804272.51045063,Jackson,-0.43736282393470033,-0.7546977369377371,GP,0.24096218607418116,1.5053438950727027e+24,0.06208680903888386,0.24096218607418116
48,4.97,0.84,1771.8044249632712,1650.0,4504.819660858874,0.01796,1886018352.8016806,9582318.471429266,Jackson,-0.4728223634379945,-0.7516969606963037,GP,0.3228176281633403,1.5113289430360237e+24,0.5688957297594807,0.3228176281633403
49,4.97,0.84,1771.8044249632712,1650.0,11653.786518613162,0.01796,691949330.5941216,74984463.36880054,Jackson,-0.46224531248094924,-0.7697491108076139,log,0.07568906845959437,2.047822593297021e+23,0.9165647768640462,0.07568906845959437
50,4.97,0.84,1771.8044249632712,1650.0,1997.3670260506851,0.01796,4703668716.605119,58851055.36167679,Selsis,-0.4409754597519689,-0.6235770618813636,GP,0.3391989665738983,4.763039078969658e+24,0.37365205864195605,0.3391989665738983
51,4.97,0.84,1771.8044249632712,1650.0,2933.233482223726,0.01796,3322021352.5964246,96086465.78578712,Selsis,-0.31884241489179255,-0.6812527723769115,GP,0.07885989482924463,1.2864687493825376e+24,0.11739408958329411,0.07885989482924463
52,4.97,0.84,1771.8044249632712,1650.0,4634.582019899396,0.01796,2237836074.6220574,30851042.23248221,Selsis,-0.3383012409324515,-0.7412884917802288,GP,0.11040189148758957,1.8221926116769737e+24,0.7243203161403012,0.11040189148758957
53,4.97,0.84,1771.8044249632712,1650.0,1632.4875951754784,0.01796,5813228622.462854,36237819.80339376,Selsis,-0.3229643931983148,-0.6526129448900582,GP,0.3031845112730072,6.640461354777986e+24,0.28868306286322687,0.3031845112730072
54,4.97,0.84,1771.8044249632712,1650.0,3608.333842970957,0.01796,2443769092.7856116,27941918.41506542,Jackson,-0.427326934850531,-0.6798926950886022,log,0.06353950706539292,3.6413120322939486e+23,0.4606601392074149,0.06353950706539292
55,4.97,0.84,1771.8044249632712,1650.0,16479.880175099624,0.01796,825855070.0862936,98163722.66796316,Selsis,-0.373499873435878,-0.6368447227472872,log,0.24634079642073217,2.291682484970653e+24,0.14613850206955725,0.24634079642073217
56,4.97,0.84,1771.8044249632712,1650.0,2158.83935951183,0.01796,4702923724.069286,74927090.36203569,Jackson,-0.46311456436307497,-0.7037096257726301,log,0.31071031795778126,1.6306551818355914e+24,0.479249132259299,0.31071031795778126
57,4.97,0.84,1771.8044249632712,1650.0,1622.6886500910712,0.01796,7563378203.653475,90711991.1046549,Jackson,-0.4034075862699778,-0.7582541581323587,GP,0.15901978340812198,9.970443335975713e+23,0.5566069565672361,0.15901978340812198
58,4.97,0.84,1771.8044249632712,1650.0,3670.6061749221312,0.01796,2738962017.5233064,54472580.863628194,Selsis,-0.44841522073381584,-0.7146294973559568,log,0.050831596022431126,5.614913706287303e+23,0.6622909227907987,0.050831596022431126
59,4.97,0.84,1771.8044249632712,1650.0,3301.8547464699413,0.01796,2999917739.1906114,84088303.07224646,Selsis,-0.40740415007899966,-0.7330412247509948,linear,0.32285187099961066,3.4493846759994017e+24,0.3874470559999882,0.32285187099961066
60,4.97,0.84,1771.8044249632712,1650.0,3856.791219418498,0.01796,2621674481.802513,99458542.86963229,Selsis,-0.46476889812034033,-0.7983152894547206,GP,0.05597493687424035,4.72882450249087e+23,0.2607047986775949,0.05597493687424035
61,4.97,0.84,1771.8044249632712,1650.0,1694.0632868538466,0.01796,7011194081.716084,81405201.92160049,Jackson,-0.4504604463800329,-0.6080450834660968,log,0.4632444984295067,4.079505104966453e+24,0.9968813409035486,0.4632444984295067
62,4.97,0.84,1771.8044249632712,1650.0,4550.285549808526,0.01796,2272936424.718332,11391596.735280572,Selsis,-0.35320050294101485,-0.7204370227334844,GP,0.1246386949600959,2.0347396709321444e+24,0.016552150465227067,0.1246386949600959
63,4.97,0.84,1771.8044249632712,1650.0,2492.282162211038,0.01796,3884397160.7276115,77846933.74363539,Jackson,-0.3981869238282638,-0.6284114307421973,linear,0.11281735502884598,8.168941900921476e+23,0.13229871330382725,0.11281735502884598
64,4.97,0.84,1771.8044249632712,1650.0,2366.916794322488,0.01796,4021982821.466504,82727574.15047362,Selsis,-0.3085105515812217,-0.7114029355629049,log,0.3103882093352256,5.747558510744608e+24,0.8389814507984977,0.3103882093352256
65,4.97,0.84,1771.8044249632712,1650.0,949.1108898884319,0.01796,10544636446.559278,3080419.942656687,Selsis,-0.4512294552063392,-0.7919856549092683,linear,0.4053464388679122,5.775074749389921e+24,0.9224346229324902,0.4053464388679122
66,4.97,0.84,1771.8044249632712,1650.0,1405.741024902445,0.01796,9795607356.681284,96018708.28857695,Jackson,-0.4286069889282135,-0.75238545617515,linear,0.11839797178416583,7.312102678105397e+23,0.6349292321848738,0.11839797178416583
67,4.97,0.84,1771.8044249632712,1650.0,6930.686769299001,0.01796,1178161176.9839928,45892738.25172086,Jackson,-0.38154980564796426,-0.7179269582300238,GP,0.30691928719221595,1.4763568750662132e+24,0.9221964026243541,0.30691928719221595
68,4.97,0.84,1771.8044249632712,1650.0,5118.298658425552,0.01796,1633749753.9142833,79416494.26007466,Jackson,-0.2963171288765108,-0.652101220062544,linear,0.29989997951164504,2.5692455070568064e+24,0.4212683948769519,0.29989997951164504
69,4.97,0.84,1771.8044249632712,1650.0,3633.7968053900636,0.01796,2763576912.010007,11116027.807870183,Selsis,-0.30238528835163136,-0.7577509953154433,GP,0.37907992959531767,8.579489851641805e+24,0.5414252074676446,0.37907992959531767
70,4.97,0.84,1771.8044249632712,1650.0,1984.693326403847,0.01796,5342479883.16595,88620578.65559852,Jackson,-0.28840254887951006,-0.726853769851469,log,0.46787207286004795,5.659608094301117e+24,0.8772416686385102,0.46787207286004795
71,4.97,0.84,1771.8044249632712,1650.0,1811.7053712868008,0.01796,6240592472.715505,53024819.95114685,Jackson,-0.3944524477610164,-0.7690484131591949,GP,0.24942989146398412,1.6765282169701997e+24,0.07232603416108474,0.24942989146398412
72,4.97,0.84,1771.8044249632712,1650.0,6777.807308912895,0.01796,1634959149.284717,16109053.210560478,Selsis,-0.49949423439184615,-0.6412296192350296,log,0.113064046035286,1.389222292799886e+24,0.24234778072906282,0.113064046035286
73,4.97,0.84,1771.8044249632712,1650.0,2336.4761021538775,0.01796,4230719342.8327103,88427909.32533346,Jackson,-0.44475100220643915,-0.7609899550563025,linear,0.20356200461835142,9.421186493531842e+23,0.521386941005681,0.20356200461835142
74,4.97,0.84,1771.8044249632712,1650.0,1335.3943066003894,0.01796,10769814739.98237,80362769.42505856,Jackson,-0.41553451432930544,-0.6567436648737542,log,0.06315814050029349,5.659152889481465e+23,0.6471911038742733,0.06315814050029349
75,4.97,0.84,1771.8044249632712,1650.0,2611.114790960544,0.01796,3654186919.6792445,85360560.97626035,Jackson,-0.4121644514167832,-0.6403812392293776,GP,0.3703081950602442,2.35997825523857e+24,0.9378442375987461,0.3703081950602442
76,4.97,0.84,1771.8044249632712,1650.0,6050.3636165654625,0.01796,1362326856.8242817,67674335.78771453,Jackson,-0.310984895833285,-0.7403120245948137,log,0.3877344417908524,2.6773496759993067e+24,0.5083796222836436,0.3877344417908524
77,4.97,0.84,1771.8044249632712,1650.0,12478.674786815915,0.01796,646923811.3933699,64217067.46779424,Jackson,-0.38002173078206924,-0.7057527241087218,log,0.10680102589704142,3.8648333786164264e+23,0.19056128313970855,0.10680102589704142
78,4.97,0.84,1771.8044249632712,1650.0,3765.954914730096,0.01796,2323565835.868653,61041306.99676085,Jackson,-0.3319389157598211,-0.7390902378901839,linear,0.21732386490805,1.5639789046085987e+24,0.9224003598396217,0.21732386490805
79,4.97,0.84,1771.8044249632712,1650.0,12588.573841886455,0.01796,1013594498.4915297,17801477.29869877,Selsis,-0.2844418741699684,-0.6438763726240861,linear,0.17487148609795997,3.975586383050318e+24,0.4475106050102915,0.17487148609795997
80,4.97,0.84,1771.8044249632712,1650.0,3617.638707171365,0.01796,2774540910.50853,85901934.90672119,Selsis,-0.42512105161763775,-0.6494794936583628,linear,0.1268133421998631,1.4166149996291794e+24,0.6545221800714558,0.1268133421998631
81,4.97,0.84,1771.8044249632712,1650.0,4088.0736107875086,0.01796,2110636816.328706,14468167.254495969,Jackson,-0.4281849534020756,-0.7170453010024803,log,0.33374321758871434,1.790789787014789e+24,0.9787261414921951,0.33374321758871434
82,4.97,0.84,1771.8044249632712,1650.0,3225.3878245286255,0.01796,2802478246.722712,56074273.90909089,Jackson,-0.46026519836495333,-0.7339714907827551,log,0.06879385751203654,3.17424137665281e+23,0.7569872844476534,0.06879385751203654
83,4.97,0.84,1771.8044249632712,1650.0,1512.5608764988797,0.01796,6323816948.356902,9790497.187493637,Selsis,-0.40714348376299825,-0.611039152155148,log,0.08838964392106359,1.6583489961532585e+24,0.7784234974107861,0.08838964392106359
84,4.97,0.84,1771.8044249632712,1650.0,4998.035689857437,0.01796,2099746584.4375794,34201851.61116502,Selsis,-0.40258808471656543,-0.6729589976967632,GP,0.10819647148515099,1.4254588532800513e+24,0.2529445281587632,0.10819647148515099
85,4.97,0.84,1771.8044249632712,1650.0,1517.8084692085386,0.01796,6301100637.1859455,15149110.529295301,Selsis,-0.2891471754397883,-0.614623326970886,log,0.08034975930964094,2.505721833765296e+24,0.9622934325053827,0.08034975930964094
86,4.97,0.84,1771.8044249632712,1650.0,2464.567014195994,0.01796,3942048984.4267354,8994864.173047626,Jackson,-0.4759947795172041,-0.7709015243955112,GP,0.0670485156765232,3.5929491588431517e+23,0.9314890970628843,0.0670485156765232
87,4.97,0.84,1771.8044249632712,1650.0,2193.167514781648,0.01796,4604182780.217981,68563620.20876932,Jackson,-0.30666155696604025,-0.6250313284347349,GP,0.15249485196691911,1.878437575334262e+24,0.6274830940786,0.15249485196691911
88,4.97,0.84,1771.8044249632712,1650.0,1578.3790031286483,0.01796,7944661451.841071,25253496.942774538,Jackson,-0.4628916283040065,-0.7759427194019096,linear,0.1312390619545366,8.065840743189145e+23,0.752518145143285,0.1312390619545366
89,4.97,0.84,1771.8044249632712,1650.0,3665.3031418271685,0.01796,2398951552.5644846,57255260.00627051,Jackson,-0.42601251445713373,-0.7214156450560327,linear,0.3634912940787293,1.7635222303105524e+24,0.600825087563814,0.3634912940787293
90,4.97,0.84,1771.8044249632712,1650.0,6123.81419495928,0.01796,1344746391.6635997,91121340.59317118,Jackson,-0.3568095078728459,-0.7849303389853433,GP,0.07215363170264298,3.2612523763879754e+23,0.4388786328196419,0.07215363170264298
91,4.97,0.84,1771.8044249632712,1650.0,1727.8192306481942,0.01796,5461165580.599476,2662400.02728602,Selsis,-0.3218744014466772,-0.6424232537892005,log,0.08962349791047437,2.1818707447009275e+24,0.34005121572589825,0.08962349791047437
92,4.97,0.84,1771.8044249632712,1650.0,9899.767180435985,0.01796,813581168.1824691,35518707.471964166,Jackson,-0.3736169578162376,-0.6167162389272657,linear,0.21468010817949232,1.1570402361245915e+24,0.8207799648742926,0.21468010817949232
93,4.97,0.84,1771.8044249632712,1650.0,4368.719564466455,0.01796,1954032270.0749457,35440426.64963151,Jackson,-0.4716867785760177,-0.6332230690256896,GP,0.12768447243558176,7.026829181130945e+23,0.6124862491173759,0.12768447243558176
94,4.97,0.84,1771.8044249632712,1650.0,2340.362857755092,0.01796,4221380502.497352,30445034.31780012,Jackson,-0.4098320571179105,-0.7583046699408563,linear,0.05396535143690877,3.331492455453253e+23,0.8477766016258867,0.05396535143690877
95,4.97,0.84,1771.8044249632712,1650.0,1391.1991056882339,0.01796,6903487832.201197,76096156.4810106,Selsis,-0.46327941485981505,-0.6274985361345753,GP,0.06954595043133423,9.482965712298141e+23,0.2853592167600115,0.06954595043133423
96,4.97,0.84,1771.8044249632712,1650.0,22924.054020896543,0.01796,647585164.7860233,86504743.58945628,Selsis,-0.4148965181740344,-0.7877126613478963,log,0.12317590347000695,9.178136918643265e+23,0.9442804936110399,0.12317590347000695
97,4.97,0.84,1771.8044249632712,1650.0,4561.883395299039,0.01796,1858865520.601556,22571826.45588452,Jackson,-0.3620667889939371,-0.7354572897608322,linear,0.11358125249413668,7.273227288436848e+23,0.7389014259599932,0.11358125249413668
98,4.97,0.84,1771.8044249632712,1650.0,11959.823561488916,0.01796,1053628049.9186052,75559315.19546258,Selsis,-0.42111001337549137,-0.6062058682427219,log,0.15310323750133523,1.6070990070582039e+24,0.3613901206230954,0.15310323750133523
99,4.97,0.84,1771.8044249632712,1650.0,2430.09492188322,0.01796,4016033263.6480966,82817765.54570009,Jackson,-0.3494139490479159,-0.6452315492889871,linear,0.11453691380406049,9.562093845816102e+23,0.3118228704477939,0.11453691380406049
100,4.97,0.84,1771.8044249632712,1650.0,2126.5483322396253,0.01796,4437382068.108043,81059654.57881978,Selsis,-0.4715010486837749,-0.7911530959479075,linear,0.06879750271991454,6.653169813363317e+23,0.4141993604933045,0.06879750271991454
101,4.97,0.84,1771.8044249632712,1650.0,2844.0376625179265,0.01796,3277046461.145057,82678789.58804844,Jackson,-0.3831394087016502,-0.7777096305188522,log,0.37406808524518353,2.0197536761443898e+24,0.1600364591210237,0.37406808524518353
102,4.97,0.84,1771.8044249632712,1650.0,2354.6701111518905,0.01796,4041031107.876248,14848470.12596717,Selsis,-0.43181416851755666,-0.6241760716507659,linear,0.0618953757867971,9.789895581915695e+23,0.0003265125334209751,0.0618953757867971
103,4.97,0.84,1771.8044249632712,1650.0,1238.1197009581037,0.01796,7823479953.785735,1908578.5004032415,Selsis,-0.47363934438934274,-0.6998376724665011,log,0.08232736019595781,1.2106423540899325e+24,0.9993702350055216,0.08232736019595781
104,4.97,0.84,1771.8044249632712,1650.0,1763.4141349848674,0.01796,6538541975.227632,83659533.1912734,Jackson,-0.3569413518009827,-0.7441829308824044,log,0.24376257002089755,1.9025003836000354e+24,0.6680889392237708,0.24376257002089755
105,4.97,0.84,1771.8044249632712,1650.0,1852.5692450912995,0.01796,5059401559.95126,73415010.02801709,Selsis,-0.3105405565641648,-0.7989891664178695,GP,0.3652709189485827,6.855744794923348e+24,0.47974603194476473,0.3652709189485827
106,4.97,0.84,1771.8044249632712,1650.0,1554.2817543834797,0.01796,8165944656.705357,70518609.36728679,Jackson,-0.4626131441091308,-0.7656403307885898,log,0.09513952814201765,5.28781744996091e+23,0.015477512297270235,0.09513952814201765
107,4.97,0.84,1771.8044249632712,1650.0,2654.699904714409,0.01796,3576069118.27758,54963709.817440435,Jackson,-0.34311787852623565,-0.6974722053166372,log,0.2424523435688749,1.9598408539450968e+24,0.5185934675482237,0.2424523435688749
108,4.97,0.84,1771.8044249632712,1650.0,13023.765869765304,0.01796,987963609.8767288,1612045.357009223,Selsis,-0.4762744101101003,-0.7535878027486219,linear,0.4543025660257038,5.100935454003122e+24,0.9573912345409582,0.4543025660257038
109,4.97,0.84,1771.8044249632712,1650.0,1606.65242754572,0.01796,5916456419.0822735,22859493.841561537,Selsis,-0.3024114393276428,-0.6226075490381511,log,0.05193882015776754,1.4146960252910094e+24,0.7593540790429051,0.05193882015776754
110,4.97,0.84,1771.8044249632712,1650.0,9123.93257930117,0.01796,1295569218.988504,58675871.26621003,Selsis,-0.48323148357777734,-0.6944772567797608,GP,0.17655545284999433,1.6737938472445677e+24,0.6473165989357278,0.17655545284999433
111,4.97,0.84,1771.8044249632712,1650.0,3042.089051283652,0.01796,3219087321.1851945,2626149.819708514,Selsis,-0.45958971659502446,-0.6426703826468304,linear,0.4157202766880705,6.111567298782867e+24,0.0764553528463967,0.4157202766880705
112,4.97,0.84,1771.8044249632712,1650.0,3184.833107167676,0.01796,3094516389.3701043,64028283.92143341,Selsis,-0.48669885264014634,-0.6686585595850825,log,0.050358351055966664,5.5111012138555436e+23,0.24789536303575366,0.050358351055966664
113,4.97,0.84,1771.8044249632712,1650.0,9031.564765353774,0.01796,1305800324.6384113,68958106.0110756,Selsis,-0.49844974863982483,-0.7951346391811785,GP,0.12819390004892436,1.0914624607052009e+24,0.8331134309316873,0.12819390004892436
114,4.97,0.84,1771.8044249632712,1650.0,3231.736835581142,0.01796,3055783310.137693,90861998.81782854,Selsis,-0.46234054428904947,-0.6213650131795664,log,0.06927223809423261,7.855133875455752e+23,0.2995452651703675,0.06927223809423261
115,4.97,0.84,1771.8044249632712,1650.0,13478.36778164965,0.01796,962403679.4676282,40216650.75789164,Selsis,-0.3092939069784142,-0.6953563267503913,GP,0.05332925492624236,8.894988064506742e+23,0.7721216689916959,0.05332925492624236
116,4.97,0.84,1771.8044249632712,1650.0,1777.5327610276727,0.01796,6448955437.874181,45812658.305753164,Jackson,-0.3583448367791522,-0.7722286577289217,linear,0.20792130052438307,1.7180179188084161e+24,0.9361097658859165,0.20792130052438307
117,4.97,0.84,1771.8044249632712,1650.0,2546.156478667651,0.01796,3776746196.177851,56142758.252324685,Jackson,-0.44273881965508183,-0.7591704673843146,log,0.054935971540033664,2.7599261511472693e+23,0.7585980735440626,0.054935971540033664
118,4.97,0.84,1771.8044249632712,1650.0,847.1719453922154,0.01796,12055238773.890734,11224898.49894495,Selsis,-0.37101033467120886,-0.7997159997837018,GP,0.24637254652287427,4.3157115166742053e+24,0.2759994574783914,0.24637254652287427
119,4.97,0.84,1771.8044249632712,1650.0,1966.422165447526,0.01796,5426576062.650418,93846585.90686028,Jackson,-0.31740314078249426,-0.6200229626937764,log,0.23148968324694214,2.7046746939258e+24,0.8216687313002828,0.23148968324694214
120,4.97,0.84,1771.8044249632712,1650.0,3204.8455072490265,0.01796,3077852374.4090433,37985461.73246238,Selsis,-0.400666336651403,-0.7540264091754385,log,0.25288866950086153,3.269417656081373e+24,0.05113216718202851,0.25288866950086153
121,4.97,0.84,1771.8044249632712,1650.0,1532.0722460424554,0.01796,8379311084.539243,11188391.728011448,Jackson,-0.4634915172922183,-0.6187715311042277,linear,0.16280153726239055,1.6216095136789645e+24,0.00012320279094302222,0.16280153726239055
122,4.97,0.84,1771.8044249632712,1650.0,1779.325356067464,0.01796,5287458733.714881,24581736.582777616,Selsis,-0.42912670390922775,-0.7258547279526698,linear,0.1997980205459271,2.7181450973375843e+24,0.6844593818312459,0.1997980205459271
123,4.97,0.84,1771.8044249632712,1650.0,7329.47608895532,0.01796,1110465094.3640232,16146174.779178992,Jackson,-0.3219454882489423,-0.6892629388348029,log,0.31446897013702774,2.3310380307073266e+24,0.052041564615742275,0.31446897013702774
124,4.97,0.84,1771.8044249632712,1650.0,4426.840702928286,0.01796,1924407276.1368809,46564815.71878437,Jackson,-0.3258339853700073,-0.7399023157117538,GP,0.0773013669390063,5.7621917679882575e+23,0.9940349328902311,0.0773013669390063
125,4.97,0.84,1771.8044249632712,1650.0,951.7040931031679,0.01796,10511309759.817947,65258884.12598522,Selsis,-0.35001163498423427,-0.7134092773595226,linear,0.23763632698846612,4.127899165465713e+24,0.029456295591375525,0.23763632698846612
126,4.97,0.84,1771.8044249632712,1650.0,1922.2038958518108,0.01796,4875871116.638803,85307048.14735547,Selsis,-0.3962127765509404,-0.7367271566090948,GP,0.15531721883234473,1.826316720640204e+24,0.059913473862489575,0.15531721883234473
127,4.97,0.84,1771.8044249632712,1650.0,4581.388726290997,0.01796,1849759505.6347535,83648651.2667917,Jackson,-0.3570748642928455,-0.6358228778934333,log,0.19461384163053783,1.2119602499749477e+24,0.2884269685478077,0.19461384163053783
128,4.97,0.84,1771.8044249632712,1650.0,2030.6953103554238,0.01796,5140381498.838245,52175306.80894666,Jackson,-0.49311694281111157,-0.7250144462860295,log,0.08263588663762293,4.333196938371443e+23,0.4491681914325978,0.08263588663762293
129,4.97,0.84,1771.8044249632712,1650.0,3962.086515603207,0.01796,2189208267.6674457,98044736.06048372,Jackson,-0.40265602876354173,-0.7303150611619735,GP,0.2822776525452156,1.2278192682287264e+24,0.6291477611741766,0.2822776525452156
130,4.97,0.84,1771.8044249632712,1650.0,3690.2613307770657,0.01796,2726020214.839466,12029071.591925222,Selsis,-0.333024702857126,-0.6608946790141856,GP,0.07691963193039908,1.4963404965819126e+24,0.2971813653155222,0.07691963193039908
131,4.97,0.84,1771.8044249632712,1650.0,11577.795542147824,0.01796,1079892848.048713,54035675.62455158,Selsis,-0.49267764183008106,-0.6571755238533397,log,0.07151876704522687,6.936656579090255e+23,0.3348236771572991,0.07151876704522687
132,4.97,0.84,1771.8044249632712,1650.0,24976.703509425468,0.01796,608396162.9874988,72803272.78534333,Selsis,-0.4098192627522355,-0.7633440839747143,log,0.0510261904043823,4.08268140419435e+23,0.7589004256283323,0.0510261904043823
133,4.97,0.84,1771.8044249632712,1650.0,15316.668076166086,0.01796,529031041.2781769,19775209.055755213,Jackson,-0.4517010259036143,-0.6879990287722598,GP,0.07214549295558016,2.537127539858055e+23,0.1780150766455768,0.07214549295558016
134,4.97,0.84,1771.8044249632712,1650.0,1923.0224076555587,0.01796,4873919727.678873,33822850.24165521,Selsis,-0.2844477772051117,-0.6361222721450053,GP,0.1461797577544897,4.212108799574712e+24,0.3656787617045073,0.1461797577544897
135,4.97,0.84,1771.8044249632712,1650.0,2367.1147674949693,0.01796,4158135265.470446,43811782.40598784,Jackson,-0.474855399911349,-0.623896720525561,linear,0.3947768553619524,2.786689319203788e+24,0.6121491327392418,0.3947768553619524
136,4.97,0.84,1771.8044249632712,1650.0,2956.522217030112,0.01796,3299364274.1302376,1586101.3567968956,Selsis,-0.48328595644514005,-0.6766047500369374,log,0.41187507037739346,5.637263217630114e+24,0.9805918679848592,0.41187507037739346
137,4.97,0.84,1771.8044249632712,1650.0,2897.0610027745693,0.01796,3202114045.5013156,99726889.77354291,Jackson,-0.47457482742494383,-0.7834203592324983,GP,0.1467199763880338,5.530065600701733e+23,0.4384967797094699,0.1467199763880338
138,4.97,0.84,1771.8044249632712,1650.0,12091.203768427675,0.01796,1044947867.8941511,34541510.08151535,Selsis,-0.4551612694043633,-0.7215450618547795,GP,0.18265739856352997,1.879798471050734e+24,0.17752689795265764,0.18265739856352997
139,4.97,0.84,1771.8044249632712,1650.0,2098.488914677075,0.01796,4492316957.332351,87577523.06493124,Selsis,-0.4221365857597466,-0.665609700252417,linear,0.126767428739438,1.4919412208329882e+24,0.7857187132153348,0.126767428739438
140,4.97,0.84,1771.8044249632712,1650.0,1440.1906684785092,0.01796,6656186986.919407,9121309.716808727,Selsis,-0.42656876733404586,-0.6944556171450721,log,0.24744958489294816,3.741453519027845e+24,0.9029982018912581,0.24744958489294816
141,4.97,0.84,1771.8044249632712,1650.0,1605.3192309677152,0.01796,7709063549.071033,46267840.51022869,Jackson,-0.4018442733529828,-0.6547007649144456,GP,0.35410511578215054,3.154697265774445e+24,0.29182606067999184,0.35410511578215054
142,4.97,0.84,1771.8044249632712,1650.0,1415.1250144650928,0.01796,6780288445.569252,37882268.300360985,Selsis,-0.48733819726625205,-0.7816221145409734,GP,0.07576133571177192,8.921712783062424e+23,0.6875216841187639,0.07576133571177192
143,4.97,0.84,1771.8044249632712,1650.0,4345.463824070839,0.01796,1966138012.4381933,82233185.361078,Jackson,-0.37611437026018146,-0.6950624147214035,GP,0.20494534960421942,1.0639647224566289e+24,0.39242224505882517,0.20494534960421942
144,4.97,0.84,1771.8044249632712,1650.0,2139.6187957905663,0.01796,4412304263.754894,80700629.77179922,Selsis,-0.3741429067306676,-0.7858242347012773,GP,0.14295159258451315,1.7836210834333197e+24,0.6741896956161801,0.14295159258451315
145,4.97,0.84,1771.8044249632712,1650.0,8532.176217881704,0.01796,947006536.2915514,39777891.46873378,Jackson,-0.3213606377484288,-0.6060473559393426,linear,0.22870003344591303,1.698416856440355e+24,0.6283389217327175,0.22870003344591303
146,4.97,0.84,1771.8044249632712,1650.0,1165.411845569006,0.01796,8359608163.065589,8207914.139431528,Selsis,-0.3511871915582489,-0.786598732336735,GP,0.12007158146251695,2.257893899942867e+24,0.5127715066051659,0.12007158146251695
147,4.97,0.84,1771.8044249632712,1650.0,1533.0069557120792,0.01796,8370141617.847576,24202725.830903474,Jackson,-0.31080550344861047,-0.734897116901089,log,0.055948562566559897,7.38697556198379e+23,0.6715456455974983,0.055948562566559897
148,4.97,0.84,1771.8044249632712,1650.0,6354.360854673946,0.01796,1292423990.5203798,27707560.42924296,Jackson,-0.28762098137388453,-0.6215299022650523,linear,0.09755409450073453,1.0346203096688952e+24,0.7154911856384354,0.09755409450073453
149,4.97,0.84,1771.8044249632712,1650.0,2063.566783777864,0.01796,4562862876.667908,28861130.52714722,Selsis,-0.44800575638090534,-0.6661116840771355,GP,0.09726294156218007,1.34219727256344e+24,0.31127774262565466,0.09726294156218007
150,4.97,0.84,1771.8044249632712,1650.0,1850.3210539295176,0.01796,6018646450.911486,70662313.01626202,Jackson,-0.38944462521246487,-0.6918726405347119,log,0.06275585732358445,4.5769199455792415e+23,0.9588322592737818,0.06275585732358445
151,4.97,0.84,1771.8044249632712,1650.0,1728.9093631851233,0.01796,6766669792.829266,30679000.053093486,Jackson,-0.34258875879816686,-0.7704423146267337,linear,0.3128690997585237,2.9937626785556477e+24,0.7743074605167656,0.3128690997585237
152,4.97,0.84,1771.8044249632712,1650.0,9850.91874350516,0.01796,1221300822.3888533,96776105.94058697,Selsis,-0.3748468566949115,-0.6133082017475948,log,0.08468177808482723,9.286362377005624e+23,0.9247321152551737,0.08468177808482723
153,4.97,0.84,1771.8044249632712,1650.0,5513.977589162072,0.01796,1506266867.4237113,95896726.49965772,Jackson,-0.43654066585812623,-0.7901674485386017,GP,0.48933943554743314,1.6306812120374675e+24,0.07704205345289983,0.48933943554743314
154,4.97,0.84,1771.8044249632712,1650.0,3891.170177228061,0.01796,2236000113.915844,69085138.80906159,Jackson,-0.40842057207201116,-0.6745485635728813,log,0.4084928827448483,2.1241498679336032e+24,0.8816074148124703,0.4084928827448483
155,4.97,0.84,1771.8044249632712,1650.0,2477.7988019898494,0.01796,3914325929.348065,43286904.96358735,Jackson,-0.3298900147133057,-0.6573172109755365,linear,0.18241077579178672,1.814864555907839e+24,0.18019033360433445,0.18241077579178672
156,4.97,0.84,1771.8044249632712,1650.0,5088.168702543043,0.01796,1644351207.4441786,39716073.26768291,Jackson,-0.4737071026970012,-0.7302263385729261,log,0.09460505802010713,3.9816154307798755e+23,0.5288485346799905,0.09460505802010713
157,4.97,0.84,1771.8044249632712,1650.0,2811.2046484483935,0.01796,3446869605.547883,54590128.62244886,Selsis,-0.40688306500888155,-0.6434486784083219,log,0.12292719609639527,1.6872240391383653e+24,0.19185208759817962,0.12292719609639527
158,4.97,0.84,1771.8044249632712,1650.0,1668.431734000073,0.01796,7201281144.63027,15584614.62668309,Jackson,-0.42539968307527287,-0.6373369724312619,GP,0.08752202398387192,8.07575998302637e+23,0.3701195835824792,0.08752202398387192
159,4.97,0.84,1771.8044249632712,1650.0,3323.2501277060105,0.01796,2701271097.7995334,48432648.87832128,Jackson,-0.37653375082268065,-0.6315492914720628,log,0.2994992217129513,2.2118454826369117e+24,0.6174393676426543,0.2994992217129513
160,4.97,0.84,1771.8044249632712,1650.0,2120.5309505902965,0.01796,4817873224.670267,88229783.8717082,Jackson,-0.48254223551360004,-0.6737328081795153,GP,0.1415332058743958,7.576406885870441e+23,0.7998942007125792,0.1415332058743958
161,4.97,0.84,1771.8044249632712,1650.0,1613.7006055889208,0.01796,5887916042.078002,78195898.30901177,Selsis,-0.45419377689960644,-0.7338035793905343,log,0.18981247375018767,2.0478775966329192e+24,0.8325122780681297,0.18981247375018767
162,4.97,0.84,1771.8044249632712,1650.0,3188.768085311702,0.01796,2842241749.6637053,76205778.42721725,Jackson,-0.4370888413162303,-0.7523194178552325,log,0.2746958913760478,1.2231521470466042e+24,0.8434885356342573,0.2746958913760478
163,4.97,0.84,1771.8044249632712,1650.0,3775.217790449905,0.01796,2316859721.3998804,69388018.80172774,Jackson,-0.3578547563069854,-0.7772891678842296,GP,0.44129994151119395,2.5680193722695164e+24,0.8274936076870771,0.44129994151119395
164,4.97,0.84,1771.8044249632712,1650.0,3266.1542487346633,0.01796,3028064272.5302973,97347119.20833953,Selsis,-0.378498701458243,-0.6473881555070667,GP,0.07531353343762198,9.344329933596542e+23,0.8205357454562403,0.07531353343762198
165,4.97,0.84,1771.8044249632712,1650.0,6288.280603423406,0.01796,1735485887.0853484,72921856.47404744,Selsis,-0.4085042056089564,-0.7081898630261242,GP,0.11165044009307128,1.160606785824934e+24,0.7726017095223134,0.11165044009307128
166,4.97,0.84,1771.8044249632712,1650.0,1901.640876571923,0.01796,5743907000.426654,13923834.970673673,Jackson,-0.4253309904065554,-0.6083659719987313,linear,0.06647236330845395,6.4829445853644e+23,0.5408956239068946,0.06647236330845395
167,4.97,0.84,1771.8044249632712,1650.0,1587.4988170942224,0.01796,7863553800.351712,40332174.6920131,Jackson,-0.3517375261804592,-0.7679598608684679,GP,0.09005231447864609,8.307508049034802e+23,0.5459416798737117,0.09005231447864609
168,4.97,0.84,1771.8044249632712,1650.0,2442.117693662112,0.01796,3989936174.4293175,8634338.271045333,Jackson,-0.34717659384367117,-0.7746474047088479,log,0.4820479538334833,4.105315728906921e+24,0.5615025176757973,0.4820479538334833
169,4.97,0.84,1771.8044249632712,1650.0,3933.6162752990135,0.01796,2207761660.4869347,15407010.53642251,Jackson,-0.49830193365591313,-0.6907646150288519,linear,0.1107173303808601,5.5416896667785595e+23,0.916972899537201,0.1107173303808601
170,4.97,0.84,1771.8044249632712,1650.0,2070.0496907038705,0.01796,4977699371.758322,75547718.22192906,Jackson,-0.4340512590469969,-0.6875156892818266,linear,0.08150202216766259,4.824814786634116e+23,0.7458253613840039,0.08150202216766259
171,4.97,0.84,1771.8044249632712,1650.0,3560.45804420774,0.01796,2812722311.7562094,53164541.55484259,Selsis,-0.3968289815932197,-0.7380148220096088,GP,0.12122414307350919,1.4899438010730586e+24,0.4242305425053804,0.12122414307350919
172,4.97,0.84,1771.8044249632712,1650.0,3249.5143164083142,0.01796,2776858316.9536743,7397214.072543068,Jackson,-0.4436246378745695,-0.6921275544496476,log,0.30299743145588404,1.7785102935222006e+24,0.5150915360655692,0.30299743145588404
173,4.97,0.84,1771.8044249632712,1650.0,4250.630719855104,0.01796,2408737304.3276196,53972671.61393962,Selsis,-0.3838911223703796,-0.7932983029801037,linear,0.48990416950976867,6.004129928145708e+24,0.27663439336057727,0.48990416950976867
174,4.97,0.84,1771.8044249632712,1650.0,2149.0699189399397,0.01796,4731749472.265612,55925766.02141697,Jackson,-0.4574543355862792,-0.6629086605973616,log,0.11958118689209106,7.508878284663002e+23,0.1315443445638006,0.11958118689209106
175,4.97,0.84,1771.8044249632712,1650.0,5734.367180800835,0.01796,1872265554.6237826,45646310.58779521,Selsis,-0.2911024223389886,-0.7544067337126773,linear,0.22611106080293555,4.7567876756487016e+24,0.03318599531535893,0.22611106080293555
176,4.97,0.84,1771.8044249632712,1650.0,9182.181091120094,0.01796,1289215629.1596844,6545886.47476669,Selsis,-0.33655691587680275,-0.7913398964428828,log,0.1301079447171912,2.1196905717160873e+24,0.13434587149636523,0.1301079447171912
177,4.97,0.84,1771.8044249632712,1650.0,1674.7557089124762,0.01796,5652225214.91653,50459619.263069324,Selsis,-0.31518137433627785,-0.7328739678388183,GP,0.2943544599818837,5.990403140454177e+24,0.18886741044619848,0.2943544599818837
178,4.97,0.84,1771.8044249632712,1650.0,6470.40779460408,0.01796,1267613595.025222,79308604.17790101,Jackson,-0.28454918645332955,-0.7452810958922428,GP,0.10412528254789995,8.37162105417243e+23,0.9659985921184524,0.10412528254789995
179,4.97,0.84,1771.8044249632712,1650.0,5045.031439878023,0.01796,1659771923.233704,15058284.44592451,Jackson,-0.28451333077298063,-0.7404112918865458,log,0.23187157415275772,2.534582426114625e+24,0.533056317793777,0.23187157415275772
180,4.97,0.84,1771.8044249632712,1650.0,2031.8836830950625,0.01796,5135335476.816551,3612790.840576484,Jackson,-0.31404550346880894,-0.7895251385160967,linear,0.08850219021269971,1.0176812300287453e+24,0.16327404107138244,0.08850219021269971
181,4.97,0.84,1771.8044249632712,1650.0,1420.6320473897015,0.01796,9608314905.1999,8927248.190169439,Jackson,-0.31318478481450496,-0.6103184678092526,log,0.13031185365814657,2.31491887027814e+24,0.12684228166362965,0.13031185365814657
182,4.97,0.84,1771.8044249632712,1650.0,1790.671409920034,0.01796,5250731883.382379,31655304.829355907,Selsis,-0.3955032324445096,-0.6313756777678854,linear,0.07325363840520424,1.2288450918162188e+24,0.9714647595893321,0.07325363840520424
183,4.97,0.84,1771.8044249632712,1650.0,3232.73776764205,0.01796,3054968908.9674883,85595409.03290887,Selsis,-0.47054544118509317,-0.7622228832739639,log,0.21220986564315275,1.9597748881078044e+24,0.10848832530247143,0.21220986564315275
184,4.97,0.84,1771.8044249632712,1650.0,13007.884319744979,0.01796,988871379.1436666,65614708.28142154,Selsis,-0.34019008441046866,-0.773517767806037,GP,0.19486270801372846,2.36091904203611e+24,0.08358949337577859,0.19486270801372846
185,4.97,0.84,1771.8044249632712,1650.0,3367.6187380596907,0.01796,2949617506.868525,19357650.177116066,Selsis,-0.43505329230209905,-0.6330606168510285,log,0.24565530850346676,3.5618224226115605e+24,0.5762198427143891,0.24565530850346676
186,4.97,0.84,1771.8044249632712,1650.0,2162.991514888451,0.01796,4690771289.901623,54341283.35911953,Jackson,-0.33194057530531795,-0.795632874072803,log,0.08153523641248756,7.062998504034771e+23,0.6658962501954881,0.08153523641248756
187,4.97,0.84,1771.8044249632712,1650.0,2468.0668719163573,0.01796,3934680371.3876853,66240443.11928049,Jackson,-0.34856002449849005,-0.6179508944713743,log,0.3377876009948605,3.1876311013491847e+24,0.2612829969716284,0.3377876009948605
188,4.97,0.84,1771.8044249632712,1650.0,2713.668798199058,0.01796,3555638133.0383973,66301997.1987119,Selsis,-0.38613599611055477,-0.7119659977600311,linear,0.49916432763342294,6.357415354192332e+24,0.4370071324933179,0.49916432763342294
189,4.97,0.84,1771.8044249632712,1650.0,1162.185662469342,0.01796,8385215567.989084,13215627.715577437,Selsis,-0.4415230566385077,-0.7411943903101033,GP,0.07401478828297176,1.0473977271439865e+24,0.8409265831701084,0.07401478828297176
190,4.97,0.84,1771.8044249632712,1650.0,1958.176748016764,0.01796,5465275310.950936,96231361.22036652,Jackson,-0.38859441548782436,-0.6854400901399673,GP,0.1919531167392639,1.295754985703139e+24,0.5726877100211051,0.1919531167392639
191,4.97,0.84,1771.8044249632712,1650.0,9787.925432280488,0.01796,822874214.869822,86778248.82381937,Jackson,-0.3018496830238171,-0.7861871642726527,log,0.18252437889534395,1.0179027239229999e+24,0.5877566555698722,0.18252437889534395
192,4.97,0.84,1771.8044249632712,1650.0,3580.069628782199,0.01796,2466614789.0549555,60941897.47179104,Jackson,-0.34716989737507076,-0.673769147134349,linear,0.31112574962381706,2.2324846837435303e+24,0.28662247409913855,0.31112574962381706
193,4.97,0.84,1771.8044249632712,1650.0,2666.454860117277,0.01796,3555536381.567273,22810496.93913797,Jackson,-0.2854887101437565,-0.7776661944287546,linear,0.08583465323461999,1.0992458518892253e+24,0.3185561421303975,0.08583465323461999
194,4.97,0.84,1771.8044249632712,1650.0,2020.9315310681793,0.01796,4652442006.196942,77809342.32607143,Selsis,-0.35896090984518453,-0.6523175331426616,log,0.4206065944933249,6.471427611027559e+24,0.2636364671852709,0.4206065944933249
195,4.97,0.84,1771.8044249632712,1650.0,1312.115244086772,0.01796,11128634643.965338,48518747.04600493,Jackson,-0.3798669384000531,-0.7813666554505957,log,0.17803284338655476,1.504044994695664e+24,0.6290807080595054,0.17803284338655476
196,4.97,0.84,1771.8044249632712,1650.0,5904.727318502596,0.01796,1827461147.1104221,68444492.37361825,Selsis,-0.39406294762002425,-0.7010383615027785,GP,0.12097083845856493,1.3527527659640166e+24,0.7105866967159891,0.12097083845856493
197,4.97,0.84,1771.8044249632712,1650.0,2164.19393565796,0.01796,4366005034.470772,32649620.477386344,Selsis,-0.45020592113935853,-0.6243673851134721,linear,0.32285413561225335,4.808098787467159e+24,0.4574409981982752,0.32285413561225335
198,4.97,0.84,1771.8044249632712,1650.0,21495.985208122718,0.01796,380776662.0090959,70556131.55154511,Jackson,-0.3750019139679079,-0.6481594076221654,linear,0.12512066291966314,3.666614353870175e+23,0.7430134330128261,0.12512066291966314
199,4.97,0.84,1771.8044249632712,1650.0,1599.890918627516,0.01796,5944109115.221748,68111850.7504495,Selsis,-0.49388828522493394,-0.7508700340623004,GP,0.125963816572037,1.3207922358947527e+24,0.5124600799180272,0.125963816572037
200,4.97,0.84,1771.8044249632712,1650.0,1128.735622460837,0.01796,8660862484.663597,43721179.23941845,Selsis,-0.40497992593722243,-0.7375748891315249,linear,0.1302335871592327,1.8566945248272745e+24,0.7541406020372092,0.1302335871592327
201,4.97,0.84,1771.8044249632712,1650.0,5187.498416729397,0.01796,1609913030.4650319,32856484.772684105,Jackson,-0.4578515491602518,-0.7645418335475532,GP,0.050277967790995,2.153509447362973e+23,0.5129696750262698,0.050277967790995
202,4.97,0.84,1771.8044249632712,1650.0,7696.945702745371,0.01796,1478946832.2533834,69093070.50416969,Selsis,-0.39988478700583036,-0.6131541255245486,log,0.2318106900133246,2.788457468840007e+24,0.39240450616787803,0.2318106900133246
203,4.97,0.84,1771.8044249632712,1650.0,1071.0024233760814,0.01796,9184670211.09309,94621508.14328875,Selsis,-0.32640585123408644,-0.7660243226409807,log,0.3420890315767943,5.871632922479868e+24,0.7857608447309798,0.3420890315767943
204,4.97,0.84,1771.8044249632712,1650.0,1020.1461495405268,0.01796,9704859078.08268,3934325.1164084645,Selsis,-0.4614026412137166,-0.6753146517626074,GP,0.13013600415073429,2.0496608927023914e+24,0.10828310695908416,0.13013600415073429
205,4.97,0.84,1771.8044249632712,1650.0,6053.884683785193,0.01796,1361473502.9730065,57532211.368580185,Jackson,-0.4496326186702313,-0.6065766613042054,linear,0.2031526444634769,1.0444495003690071e+24,0.05559978588504588,0.2031526444634769
206,4.97,0.84,1771.8044249632712,1650.0,2058.5272505367725,0.01796,5024402654.855624,44790390.40395362,Jackson,-0.46899163452214976,-0.6045892176721988,linear,0.27153538676048167,2.2639060968507024e+24,0.649535286457703,0.27153538676048167
207,4.97,0.84,1771.8044249632712,1650.0,3164.2639532635617,0.01796,3111862375.781552,43791797.13319471,Selsis,-0.3017583295070024,-0.7538268737645033,log,0.10219719611486913,2.150133711368497e+24,0.9503504232807398,0.10219719611486913
208,4.97,0.84,1771.8044249632712,1650.0,2720.2997973279325,0.01796,3547901519.76393,14253171.89839491,Selsis,-0.28840866481593674,-0.6741684188950493,linear,0.07308864279262217,1.9695424434479768e+24,0.0750464626251014,0.07308864279262217
209,4.97,0.84,1771.8044249632712,1650.0,1836.4158124013416,0.01796,5107912992.742677,92386056.95172036,Selsis,-0.33162667537518775,-0.7032380808004387,linear,0.08100490003284848,1.2992915826488502e+24,0.3530099226959762,0.08100490003284848
210,4.97,0.84,1771.8044249632712,1650.0,1950.5284089718632,0.01796,4809343309.271697,16164385.19141013,Selsis,-0.3820680660164552,-0.7353306869777793,GP,0.25523828391885167,3.970249587941203e+24,0.5237073931410355,0.25523828391885167
211,4.97,0.84,1771.8044249632712,1650.0,7971.867730822456,0.01796,1438864047.3474462,41090301.61860877,Selsis,-0.45408718383370755,-0.7619400210394486,linear,0.07579486674839779,7.853895425169982e+23,0.36912260352272563,0.07579486674839779
212,4.97,0.84,1771.8044249632712,1650.0,4903.324614498422,0.01796,1712535662.3585248,19779085.14524397,Jackson,-0.41851751669321874,-0.7867250716138284,linear,0.09079759863304482,4.446651567574514e+23,0.19800877934244798,0.09079759863304482
213,4.97,0.84,1771.8044249632712,1650.0,3326.351934733028,0.01796,2698177892.1945257,37887546.16019728,Jackson,-0.38520317815213223,-0.6651957259412171,linear,0.13064312042390205,8.81183842937552e+23,0.0059561265586092205,0.13064312042390205
214,4.97,0.84,1771.8044249632712,1650.0,4279.9431153927535,0.01796,2394630160.966848,13845154.458600007,Selsis,-0.4901369669720448,-0.6697056679681874,log,0.09347533972551182,1.1714214476172913e+24,0.7607324096959225,0.09347533972551182
215,4.97,0.84,1771.8044249632712,1650.0,1091.6373796844998,0.01796,8989931488.896225,69595184.08146341,Selsis,-0.38672220240390714,-0.7541882900099431,linear,0.10924502527686648,1.5000668688661315e+24,0.140331968017269,0.10924502527686648
216,4.97,0.84,1771.8044249632712,1650.0,11783.411471422043,0.01796,1065562330.0069479,44616465.56306012,Selsis,-0.4611215678277584,-0.7448231464535097,log,0.3259505445551263,3.1644659113143785e+24,0.034386585566258177,0.3259505445551263
217,4.97,0.84,1771.8044249632712,1650.0,1238.8381358523989,0.01796,7818545959.276304,91195248.91928513,Selsis,-0.47472813039868716,-0.7291777994166777,GP,0.06730231225877378,6.990007706657078e+23,0.40043936131876223,0.06730231225877378
218,4.97,0.84,1771.8044249632712,1650.0,1159.5104515660112,0.01796,8406576169.069899,3635145.966341523,Selsis,-0.4454459787741353,-0.6733105559307158,log,0.16993799091587664,2.702588116900796e+24,0.5615133696324753,0.16993799091587664
219,4.97,0.84,1771.8044249632712,1650.0,9191.501078674768,0.01796,876611346.1859895,37445767.3873339,Jackson,-0.46466277683219753,-0.6589866798214228,log,0.21172829291138676,8.459606968192449e+23,0.8890120995153806,0.21172829291138676
220,4.97,0.84,1771.8044249632712,1650.0,3486.1788155558866,0.01796,2863681409.541454,44829381.62585448,Selsis,-0.3267179409339842,-0.7144707130545972,log,0.09493816030897077,1.6787263697009107e+24,0.6873691643195008,0.09493816030897077
221,4.97,0.84,1771.8044249632712,1650.0,1050.5053376536193,0.01796,9387120178.645979,96642435.83782434,Selsis,-0.3468050052803378,-0.685890503162577,GP,0.0852189386326754,1.394342133012077e+24,0.4391848408150182,0.0852189386326754
222,4.97,0.84,1771.8044249632712,1650.0,1242.7671220315165,0.01796,7791679649.197048,99258915.81305479,Selsis,-0.4763679080017751,-0.7016994643769688,GP,0.37430063781938194,3.9212269330454864e+24,0.008850942082885838,0.37430063781938194
223,4.97,0.84,1771.8044249632712,1650.0,1983.8336222220983,0.01796,5346386486.830305,48102928.734622486,Jackson,-0.28483124730262543,-0.6716506861850857,linear,0.22571123271007265,3.293349626535046e+24,0.13408193175149874,0.22571123271007265
224,4.97,0.84,1771.8044249632712,1650.0,3897.877842627707,0.01796,2597302307.2939353,98114837.00614138,Selsis,-0.38292924784681653,-0.7651172349491827,log,0.1780494994298049,1.8694915266082224e+24,0.1750855885665088,0.1780494994298049
225,4.97,0.84,1771.8044249632712,1650.0,2370.7246760578814,0.01796,4149736616.310292,27325982.173722886,Jackson,-0.30356469747949183,-0.6889986684303866,log,0.07584058887058896,9.113912261031606e+23,0.6508524944669206,0.07584058887058896
226,4.97,0.84,1771.8044249632712,1650.0,1779.5432079696284,0.01796,6436369206.616577,82145322.07217167,Jackson,-0.4505461760847337,-0.7170529431741844,log,0.21640876615634236,1.220446228485575e+24,0.8629235553288408,0.21640876615634236
227,4.97,0.84,1771.8044249632712,1650.0,3846.3934099849903,0.01796,2627924892.1873717,30726445.262409944,Selsis,-0.3757027981557501,-0.671918269077829,linear,0.37959260067507705,5.687250666686833e+24,0.5029109017659599,0.37959260067507705
228,4.97,0.84,1771.8044249632712,1650.0,1767.5859671180058,0.01796,6511850205.493702,85669400.38395089,Jackson,-0.3402732199106039,-0.6643607904435896,linear,0.06914927716156377,6.781322184223808e+23,0.7178991977262456,0.06914927716156377
229,4.97,0.84,1771.8044249632712,1650.0,6528.433440827867,0.01796,1255565724.7440276,72717955.95203643,Jackson,-0.3321768907147984,-0.6284324252678357,GP,0.13592348380248645,8.805326983498831e+23,0.2842754182920222,0.13592348380248645
230,4.97,0.84,1771.8044249632712,1650.0,1535.6207095063346,0.01796,6221096632.763998,61866885.4405357,Selsis,-0.3055096687408941,-0.7839304507815029,linear,0.12054140482179716,2.5152011973238197e+24,0.3900572589848913,0.12054140482179716
231,4.97,0.84,1771.8044249632712,1650.0,3888.2957263611934,0.01796,2602940294.341844,35475078.02510384,Selsis,-0.36997502969236756,-0.6967149600709299,log,0.2656896258398666,3.900819253658087e+24,0.31625167117263275,0.2656896258398666
232,4.97,0.84,1771.8044249632712,1650.0,2519.839211887294,0.01796,3800131636.4155583,61086371.58951305,Selsis,-0.31210456457021535,-0.6611448251545816,log,0.10706879823649113,2.1503670432133599e+24,0.7347412204854732,0.10706879823649113
233,4.97,0.84,1771.8044249632712,1650.0,2476.450639846148,0.01796,3860221646.213881,15656414.723609315,Selsis,-0.32743532706438067,-0.7999747620575385,log,0.21209287286246667,4.1100884844745107e+24,0.6796099491955948,0.21209287286246667
234,4.97,0.84,1771.8044249632712,1650.0,8339.29915397657,0.01796,1389159993.2623785,49256411.08613843,Selsis,-0.4396327148748338,-0.743712079273411,log,0.05564614558883015,5.688684663192756e+23,0.6665923712624932,0.05564614558883015
235,4.97,0.84,1771.8044249632712,1650.0,5954.88359568904,0.01796,1385885806.6423304,43300802.95995548,Jackson,-0.30963934533713755,-0.7359556335160281,GP,0.14695808915573175,1.1339416538063947e+24,0.23596588310186228,0.14695808915573175
236,4.97,0.84,1771.8044249632712,1650.0,1968.5009346531272,0.01796,4768171421.253758,5203524.180892332,Selsis,-0.3430769600870335,-0.6454397643920643,linear,0.3383758161724423,7.072437268050635e+24,0.9297164950108988,0.3383758161724423
237,4.97,0.84,1771.8044249632712,1650.0,1990.6747977509242,0.01796,5315434658.078205,9918314.186981857,Jackson,-0.38768825694288395,-0.7336218926584076,GP,0.07019621188650575,5.3653904625304924e+23,0.27198892122274343,0.07019621188650575
238,4.97,0.84,1771.8044249632712,1650.0,2341.180628860107,0.01796,4062250013.7252936,36036471.915188976,Selsis,-0.48126113300179885,-0.6870094559347673,linear,0.05083934699409201,6.275114344129347e+23,0.3928691096184924,0.05083934699409201
239,4.97,0.84,1771.8044249632712,1650.0,1025.699801608498,0.01796,9645055473.143818,39939204.57652171,Selsis,-0.36028398124477024,-0.723540683279754,GP,0.18423300849435023,3.2246849544576885e+24,0.4057338969430654,0.18423300849435023
240,4.97,0.84,1771.8044249632712,1650.0,5113.59617899915,0.01796,1635395314.8157525,68990964.3120514,Jackson,-0.46611933174789627,-0.6372406244571662,linear,0.14346884956882794,6.56934785341286e+23,0.6993125973977131,0.14346884956882794
241,4.97,0.84,1771.8044249632712,1650.0,7200.016007424958,0.01796,1558647717.8619258,3498624.36099738,Selsis,-0.3625787697756603,-0.7910936178237131,GP,0.09079882022982419,1.362404671907421e+24,0.5640906389870509,0.09079882022982419
242,4.97,0.84,1771.8044249632712,1650.0,36297.48720637673,0.01796,464212883.61073744,76469353.99997595,Selsis,-0.46940644451820546,-0.6230087100262849,GP,0.43783637686307936,3.1926032662475175e+24,0.6624763924730552,0.43783637686307936
243,4.97,0.84,1771.8044249632712,1650.0,4213.372626247597,0.01796,2037785546.0792303,70799606.49497579,Jackson,-0.38248155866963846,-0.7543310961405266,linear,0.06571206438441987,3.278059869712814e+23,0.24809019682279132,0.06571206438441987
244,4.97,0.84,1771.8044249632712,1650.0,2487.936243067591,0.01796,3893332466.4316998,6161104.775553119,Jackson,-0.4753511486708419,-0.7261777212099194,linear,0.11579329606817236,6.589035372620855e+23,0.16543095898871973,0.11579329606817236
245,4.97,0.84,1771.8044249632712,1650.0,6767.5232276328625,0.01796,1208339182.5613773,63953933.86284875,Jackson,-0.29751894280507174,-0.6615085035051004,linear,0.11696782865107604,9.280099352091955e+23,0.935156243287692,0.11696782865107604
246,4.97,0.84,1771.8044249632712,1650.0,1781.937048562956,0.01796,5278957260.841776,83510385.32785977,Selsis,-0.40672314121526665,-0.6358135614766235,linear,0.3577419980025558,4.88514142865464e+24,0.37721122805461593,0.3577419980025558
247,4.97,0.84,1771.8044249632712,1650.0,2482.8813150834967,0.01796,3851179811.116193,44825859.53189429,Selsis,-0.3436077518825795,-0.7906462033772749,log,0.2470532037177567,3.998838181813471e+24,0.5489404331198567,0.2470532037177567
248,4.97,0.84,1771.8044249632712,1650.0,1514.0879997959717,0.01796,6317187940.099978,47362039.25388599,Selsis,-0.4602434399333295,-0.6567220496541123,GP,0.17893023129178243,2.440553365610189e+24,0.3589097422416958,0.17893023129178243
249,4.97,0.84,1771.8044249632712,1650.0,3225.7423349253777,0.01796,3060671196.237626,64461435.068979494,Selsis,-0.4532986009878014,-0.7734340027227771,GP,0.10940130580170848,1.1242946820369375e+24,0.7597684625352908,0.10940130580170848
250,4.97,0.84,1771.8044249632712,1650.0,7942.548737347206,0.01796,1020538115.7887126,20831060.322621554,Jackson,-0.4924666596968244,-0.7723790643550152,linear,0.2471087681576,9.33970553440314e+23,0.6921007556762577,0.2471087681576
251,4.97,0.84,1771.8044249632712,1650.0,3419.9875503816575,0.01796,2910932647.564163,55176664.62327492,Selsis,-0.2943381218399333,-0.7414167263438645,linear,0.2925243810153221,6.232587245493177e+24,0.40993654882380914,0.2925243810153221
252,4.97,0.84,1771.8044249632712,1650.0,1490.6210162960228,0.01796,6420741701.252719,39927905.00476659,Selsis,-0.3078192476658265,-0.7173259176338369,log,0.20008000542298493,4.552291101187764e+24,0.7457624428458999,0.20008000542298493
253,4.97,0.84,1771.8044249632712,1650.0,4814.401919521578,0.01796,2166975643.6651416,69843513.09355152,Selsis,-0.4914187852255318,-0.6667201148957327,linear,0.1488811565984122,1.504853345021897e+24,0.13090692805226722,0.1488811565984122
254,4.97,0.84,1771.8044249632712,1650.0,5462.678605880231,0.01796,1949287724.5596368,35104481.73662019,Selsis,-0.4481587668747051,-0.6591786781030765,log,0.1055966772464517,1.2808155051511425e+24,0.7816518644099678,0.1055966772464517
255,4.97,0.84,1771.8044249632712,1650.0,1245.7231310049988,0.01796,7771595781.041375,11610920.481521381,Selsis,-0.4705890577480334,-0.670931929766496,log,0.23463185157550176,3.4861169663146503e+24,0.35108488556479367,0.23463185157550176
256,4.97,0.84,1771.8044249632712,1650.0,38212.856619455546,0.01796,447451933.1922468,2472986.581488336,Selsis,-0.49958882675442445,-0.6046350370461532,GP,0.2821651397966626,3.021377779759145e+24,0.08699774967375273,0.2821651397966626
257,4.97,0.84,1771.8044249632712,1650.0,3453.906366919899,0.01796,2886495866.917069,38933825.094235666,Selsis,-0.28710066097016024,-0.6715013490322138,GP,0.49111285471730876,1.2158499311048025e+25,0.9683539263232707,0.49111285471730876
258,4.97,0.84,1771.8044249632712,1650.0,1450.0294536317922,0.01796,6608799672.737319,15893509.253378058,Selsis,-0.4747716349789988,-0.6082907641443746,log,0.34489318801906454,5.875533058504544e+24,0.20364284111642117,0.34489318801906454
259,4.97,0.84,1771.8044249632712,1650.0,1749.18033837122,0.01796,6631033473.046078,3745612.930041291,Jackson,-0.3915058053267634,-0.637164063573539,log,0.27188226631561196,2.756728636206317e+24,0.3573436243275179,0.27188226631561196
260,4.97,0.84,1771.8044249632712,1650.0,1212.0694655476711,0.01796,8006976221.987467,33445939.704877347,Selsis,-0.4888867184427434,-0.7057177837244629,GP,0.09726429737022357,1.2678070682837985e+24,0.6430648742309089,0.09726429737022357
261,4.97,0.84,1771.8044249632712,1650.0,1224.9442085250512,0.01796,12668773898.258848,96889160.28565261,Jackson,-0.31046776162474155,-0.709439169530454,log,0.13780398846862355,1.8534873735336996e+24,0.16142689776853925,0.13780398846862355
262,4.97,0.84,1771.8044249632712,1650.0,2474.993379614366,0.01796,3920173202.887623,81965984.30386983,Jackson,-0.45008977922155236,-0.7275070006638318,GP,0.21564688945475957,1.031214063333593e+24,0.5606169155392575,0.21564688945475957
263,4.97,0.84,1771.8044249632712,1650.0,2118.4219600067577,0.01796,4453136130.348172,23005015.37357407,Selsis,-0.45287519800565296,-0.7857793835451228,log,0.41553551666593136,5.156491753436782e+24,0.1598111261616556,0.41553551666593136
264,4.97,0.84,1771.8044249632712,1650.0,8140.361099875098,0.01796,1415551242.0226336,86725386.12928568,Selsis,-0.48802262780068056,-0.6790280362431907,GP,0.0695750083828759,5.973587441098185e+23,0.44853899866943614,0.0695750083828759
265,4.97,0.84,1771.8044249632712,1650.0,2824.928778077499,0.01796,3432290047.851906,97759902.71863459,Selsis,-0.34706680209120716,-0.7979031820797676,log,0.17479009633808332,2.2459745073519494e+24,0.8940361333725123,0.17479009633808332
266,4.97,0.84,1771.8044249632712,1650.0,3846.037739810501,0.01796,2628139293.1648483,42394314.53200999,Selsis,-0.29189566840936465,-0.7744647237244288,linear,0.08993738356452251,1.9992035507886432e+24,0.8586706751970021,0.08993738356452251
267,4.97,0.84,1771.8044249632712,1650.0,4468.44506095204,0.01796,2308253220.1971483,58400776.88927027,Selsis,-0.33339616497032587,-0.6804897752028521,GP,0.09793783344679552,1.5658640994421287e+24,0.3273032177327344,0.09793783344679552
268,4.97,0.84,1771.8044249632712,1650.0,2053.852320521899,0.01796,5043567057.789464,68975862.70255542,Jackson,-0.47993592528339707,-0.7165822123893578,linear,0.12178984020382798,6.260380611616045e+23,0.025888412818024675,0.12178984020382798
269,4.97,0.84,1771.8044249632712,1650.0,1014.7874381865391,0.01796,9763306095.972548,79490850.30617706,Selsis,-0.48348007222435324,-0.7753926002486077,linear,0.1511917972340578,1.5885434332221041e+24,0.463546137337567,0.1511917972340578
270,4.97,0.84,1771.8044249632712,1650.0,2223.1301484765972,0.01796,4259295411.6080995,35481265.41110947,Selsis,-0.43491373461238475,-0.6996928301268291,linear,0.15785153770342983,2.0592463663008995e+24,0.26157841792924574,0.15785153770342983
271,4.97,0.84,1771.8044249632712,1650.0,1662.7382213289509,0.01796,7244728167.9823265,20582176.173873134,Jackson,-0.3874215670602231,-0.7544678323864463,log,0.19939417706869833,1.5781855619871353e+24,0.9591911463225792,0.19939417706869833
272,4.97,0.84,1771.8044249632712,1650.0,3182.6221596925675,0.01796,2849021426.1712832,84436255.63014647,Jackson,-0.4341346099010835,-0.7777249278706073,linear,0.08889170143878039,3.791675339763136e+23,0.5230824931873447,0.08889170143878039
273,4.97,0.84,1771.8044249632712,1650.0,3555.0408435014638,0.01796,2487476449.26801,21099809.556559343,Jackson,-0.3473274339269537,-0.7771337739606866,log,0.29386676595401295,2.1598522273873591e+24,0.4051448455263341,0.29386676595401295
274,4.97,0.84,1771.8044249632712,1650.0,5979.502687917148,0.01796,1808572082.1855364,63969835.30581875,Selsis,-0.4563926940467535,-0.7885235484960152,GP,0.3005582975138875,2.8700026558519627e+24,0.5203323961913534,0.3005582975138875
275,4.97,0.84,1771.8044249632712,1650.0,1359.9816791670137,0.01796,10411454407.845318,23247257.626507882,Jackson,-0.42027757516443354,-0.6689374321934469,log,0.14656159661889012,1.366630298279729e+24,0.4463417173709038,0.14656159661889012
276,4.97,0.84,1771.8044249632712,1650.0,8798.067513870581,0.01796,917269797.328641,52631197.491606265,Jackson,-0.4000961249822074,-0.6156325354221416,GP,0.09204528505616034,4.450869074999464e+23,0.28173804088091126,0.09204528505616034
277,4.97,0.84,1771.8044249632712,1650.0,5497.397196197209,0.01796,1939035556.34403,13227908.666807907,Selsis,-0.35582905193740816,-0.7722950758651952,linear,0.35245274561033024,5.427314559080622e+24,0.6495492964562541,0.35245274561033024
278,4.97,0.84,1771.8044249632712,1650.0,3185.4788768549465,0.01796,2845866283.308151,24038175.549843267,Jackson,-0.468252013122564,-0.6311251670710156,GP,0.11184807172773321,7.199120810733754e+23,0.3346113498660449,0.11184807172773321
279,4.97,0.84,1771.8044249632712,1650.0,2341.395580328313,0.01796,4218905628.8474126,11312577.419887856,Jackson,-0.4711430934304319,-0.6946725230910676,GP,0.24489855105997635,1.4928655903114167e+24,0.47314654914014975,0.24489855105997635
280,4.97,0.84,1771.8044249632712,1650.0,10967.435117899919,0.01796,734748965.9858065,88185714.6817978,Jackson,-0.2938860890624756,-0.6651204459397315,linear,0.07063568973287733,4.2172042194749655e+23,0.3258764990918078,0.07063568973287733
281,4.97,0.84,1771.8044249632712,1650.0,1340.922742773782,0.01796,7178958644.388853,23369514.762614824,Selsis,-0.29096365785855277,-0.7378301426257888,linear,0.08683876642518532,2.3600231908264745e+24,0.24070838591641908,0.08683876642518532
282,4.97,0.84,1771.8044249632712,1650.0,4549.116677651941,0.01796,2273432074.5965114,43498357.11145165,Selsis,-0.47405207117036763,-0.7148058225921784,GP,0.06328291963291992,6.909337667094272e+23,0.8802516502900414,0.06328291963291992
283,4.97,0.84,1771.8044249632712,1650.0,4067.811701320863,0.01796,2122898684.2342489,4248257.019836319,Jackson,-0.4609018923686677,-0.6718094839227209,GP,0.12804927586621517,7.181236976510006e+23,0.7697201260273481,0.12804927586621517
284,4.97,0.84,1771.8044249632712,1650.0,1027.3253625425775,0.01796,9627696939.402805,99533705.31752868,Selsis,-0.486310296453535,-0.7644884735722678,log,0.1161227086713349,1.1348914982096463e+24,0.8711810471696749,0.1161227086713349
285,4.97,0.84,1771.8044249632712,1650.0,2284.440455252861,0.01796,4154332924.2972965,74082137.29041106,Selsis,-0.4560659599875651,-0.6930450583162379,GP,0.07315703709067836,8.016062039368538e+23,0.39521893069375846,0.07315703709067836
286,4.97,0.84,1771.8044249632712,1650.0,1434.4628480802517,0.01796,9439702164.53039,67820729.2867766,Jackson,-0.4804170002309596,-0.6712350648670101,GP,0.28645096713200097,2.059961548951785e+24,0.05983107323289805,0.28645096713200097
287,4.97,0.84,1771.8044249632712,1650.0,2910.708585055878,0.01796,3183353707.788533,6950504.456949791,Jackson,-0.32466502872542236,-0.6364655150136361,linear,0.19456100065031617,2.137675386581016e+24,0.3891652579160366,0.19456100065031617
288,4.97,0.84,1771.8044249632712,1650.0,3398.1037287973727,0.01796,2628476437.95355,65493854.05962015,Jackson,-0.4479642652720735,-0.6389802278724893,linear,0.1305087323385518,7.275026540414737e+23,0.8476666386446216,0.1305087323385518
289,4.97,0.84,1771.8044249632712,1650.0,7042.3597844190635,0.01796,1158373097.2293143,21256609.391373463,Jackson,-0.38865143422226045,-0.6947453434227138,GP,0.09615640986225878,5.005502998496925e+23,0.8432215760490246,0.09615640986225878
290,4.97,0.84,1771.8044249632712,1650.0,1216.9996156714526,0.01796,7971548731.254884,35841295.39555251,Selsis,-0.31866969052321475,-0.7580728497215019,log,0.17243552005808624,3.695693117881441e+24,0.3626922052838435,0.17243552005808624
291,4.97,0.84,1771.8044249632712,1650.0,5321.292280038261,0.01796,1992373964.0528734,34163588.74653807,Selsis,-0.37210220589335796,-0.7560169826304904,GP,0.09255691285529118,1.2608636236507892e+24,0.1282896067113114,0.09255691285529118
292,4.97,0.84,1771.8044249632712,1650.0,2668.5552483759375,0.01796,3551890924.5283346,98799277.45916505,Jackson,-0.37970378071354866,-0.691561710873856,linear,0.35993882227411783,2.1379949653764854e+24,0.5494418298797766,0.35993882227411783
293,4.97,0.84,1771.8044249632712,1650.0,1372.2245881052058,0.01796,7004670076.055705,34174184.63225991,Selsis,-0.32939583609257556,-0.6359883916667428,GP,0.12367450709105283,2.7796895269678734e+24,0.5458112993745308,0.12367450709105283
294,4.97,0.84,1771.8044249632712,1650.0,1925.9805556633983,0.01796,4866881829.476729,97036801.7557373,Selsis,-0.48938572685031917,-0.7900649621163388,GP,0.230417780273691,2.059565016176779e+24,0.35753501705747415,0.230417780273691
295,4.97,0.84,1771.8044249632712,1650.0,2492.8924121766013,0.01796,3837198861.911391,74478846.63553528,Selsis,-0.43287040063627796,-0.7061527810657449,GP,0.25593807881463937,2.835131564314167e+24,0.9841069803814755,0.25593807881463937
296,4.97,0.84,1771.8044249632712,1650.0,1591.9666931277034,0.01796,5976862763.554669,33841256.13874222,Selsis,-0.3732761143902594,-0.6243044132096546,GP,0.1570746969400601,2.9151418530114216e+24,0.5822598524883236,0.1570746969400601
297,4.97,0.84,1771.8044249632712,1650.0,1072.765018815143,0.01796,9167689147.636133,27798121.478696954,Selsis,-0.466326344581432,-0.6382536896930707,linear,0.4772087507949121,7.624783502263702e+24,0.34419986669038016,0.4772087507949121
298,4.97,0.84,1771.8044249632712,1650.0,6432.078414654596,0.01796,1275701050.9570885,85087381.80686548,Jackson,-0.4822701226024772,-0.7809595321762527,linear,0.40641238210899666,1.2420048382106855e+24,0.788669690328343,0.40641238210899666
299,4.97,0.84,1771.8044249632712,1650.0,1170.6243662129903,0.01796,8318582922.641538,76017295.35958266,Selsis,-0.39272061350544507,-0.6480413079321958,linear,0.1219368762262018,1.863385605562004e+24,0.43675389855285196,0.1219368762262018
300,4.97,0.84,1771.8044249632712,1650.0,2332.083025924527,0.01796,4241321383.1731687,23760519.225108095,Jackson,-0.4377789520782644,-0.7190707667588367,GP,0.09872694264830517,5.9895114356157877e+23,0.8855675753286747,0.09872694264830517
301,4.97,0.84,1771.8044249632712,1650.0,10653.99736330041,0.01796,756193878.4999985,87259965.1102856,Jackson,-0.4922113877872095,-0.7673667582120679,linear,0.1522334147935569,3.8289003492723635e+23,0.4619104447887954,0.1522334147935569
302,4.97,0.84,1771.8044249632712,1650.0,2116.4815242098994,0.01796,4456916543.820139,29421939.10874895,Selsis,-0.34192658305634605,-0.7579141027372499,GP,0.15822154847580389,2.795931891987917e+24,0.7096066778418697,0.15822154847580389
303,4.97,0.84,1771.8044249632712,1650.0,7965.92155594055,0.01796,1439703586.0211036,52198294.69421481,Selsis,-0.28213790232085056,-0.6479341651256162,GP,0.38882248330181657,8.586754904494842e+24,0.6081642227075624,0.38882248330181657
304,4.97,0.84,1771.8044249632712,1650.0,2464.004629765851,0.01796,3943235445.246014,92788419.71013525,Jackson,-0.3164243277849525,-0.7047269230327267,GP,0.06704294708029779,5.9604953175532646e+23,0.005616684729022103,0.06704294708029779
305,4.97,0.84,1771.8044249632712,1650.0,1375.2579668988117,0.01796,10198775953.688581,84139709.39610289,Jackson,-0.4694777909015632,-0.6223989610145189,log,0.21879777065969747,2.0103552326697657e+24,0.9670480654229363,0.21879777065969747
306,4.97,0.84,1771.8044249632712,1650.0,5820.827768054976,0.01796,1849210855.5878196,93876129.30230168,Selsis,-0.4329372157827209,-0.6019614574730537,GP,0.31619890968433406,3.5193658920886373e+24,0.15337499076605332,0.31619890968433406
307,4.97,0.84,1771.8044249632712,1650.0,2262.5734843442406,0.01796,4191094065.097027,30118913.935700063,Selsis,-0.2915625589157097,-0.7176897313972838,linear,0.29311942389473217,7.371200141396403e+24,0.857106986086815,0.29311942389473217
308,4.97,0.84,1771.8044249632712,1650.0,2148.244995574516,0.01796,4734198575.985658,75333082.6471519,Jackson,-0.38542726627466234,-0.7073042061883338,GP,0.32501034868262196,2.1424487423868063e+24,0.08778561153742692,0.32501034868262196
309,4.97,0.84,1771.8044249632712,1650.0,2174.1777153854787,0.01796,4658321329.077586,6052993.949114725,Jackson,-0.3471751342337017,-0.7911713680807555,linear,0.17714276748017835,1.56382650785422e+24,0.05461657765329442,0.17714276748017835
310,4.97,0.84,1771.8044249632712,1650.0,1842.710450150522,0.01796,6061309592.687814,5649581.228772346,Jackson,-0.497357030833055,-0.7789993157786089,linear,0.09353936628277426,5.3094411876247414e+23,0.15089318387125494,0.09353936628277426
311,4.97,0.84,1771.8044249632712,1650.0,3151.9094178595783,0.01796,2883370577.6259093,91247909.73438655,Jackson,-0.353916499873382,-0.6355314480251137,log,0.052983124999038456,3.8609945622005885e+23,0.9301778738065922,0.052983124999038456
312,4.97,0.84,1771.8044249632712,1650.0,1714.2965457568725,0.01796,6867413228.058426,84020197.75582165,Jackson,-0.49306381712290426,-0.7346117117076099,linear,0.4489990653167497,2.2775600105784556e+24,0.3576831553304214,0.4489990653167497
313,4.97,0.84,1771.8044249632712,1650.0,1677.5548876423295,0.01796,7132580693.870437,88022001.14262593,Jackson,-0.4694406869796808,-0.7221906900115909,log,0.4209676365833119,2.288970574146327e+24,0.893865583972733,0.4209676365833119
314,4.97,0.84,1771.8044249632712,1650.0,1467.7380238856101,0.01796,6525314343.9695835,11684588.835884968,Selsis,-0.3529584706151729,-0.6819216016213484,GP,0.33412385396122163,6.464588061931842e+24,0.24857119656114857,0.33412385396122163
315,4.97,0.84,1771.8044249632712,1650.0,4729.902048156144,0.01796,2199619033.3297305,59333172.42086546,Selsis,-0.47160655577469374,-0.6076852272071592,GP,0.07303036120437864,9.020388079935065e+23,0.4406133513254853,0.07303036120437864
316,4.97,0.84,1771.8044249632712,1650.0,1808.0471399610285,0.01796,6262344369.8734665,83122369.79982406,Jackson,-0.40863895499216624,-0.6798223946430952,linear,0.06730327877043339,4.636041669238495e+23,0.6426791382280642,0.06730327877043339
317,4.97,0.84,1771.8044249632712,1650.0,3530.296846076395,0.01796,2833159247.7462053,23605371.21322443,Selsis,-0.4882485749918941,-0.7127109413177842,log,0.47011323055915294,5.582224915372355e+24,0.9340841214254261,0.47011323055915294
318,4.97,0.84,1771.8044249632712,1650.0,3075.6832235478632,0.01796,3188785541.8767395,34656644.73614562,Selsis,-0.46146682575553627,-0.6294504520949891,linear,0.07596711765799787,1.0405138474527853e+24,0.4525724739763789,0.07596711765799787
319,4.97,0.84,1771.8044249632712,1650.0,2130.886072230027,0.01796,4786288620.730936,7739075.679592067,Jackson,-0.2911794934963895,-0.6206113143194856,GP,0.44781496770123136,7.193689488471774e+24,0.128605065183252,0.44781496770123136
320,4.97,0.84,1771.8044249632712,1650.0,2992.144014532541,0.01796,3265388996.411357,86890910.18237916,Selsis,-0.47140319902603006,-0.787905389744221,log,0.10987982369489097,1.0038412286157892e+24,0.9763819646352733,0.10987982369489097
321,4.97,0.84,1771.8044249632712,1650.0,8172.347504010314,0.01796,990535009.1286974,26176255.28389382,Jackson,-0.35319799965770426,-0.7259419547189078,GP,0.15059544818025117,8.406981369970134e+23,0.20503075373522328,0.15059544818025117
322,4.97,0.84,1771.8044249632712,1650.0,2412.892889704422,0.01796,3952247147.2101912,6771713.117051887,Selsis,-0.398107535372701,-0.7354599483037421,linear,0.06897703482792006,1.0237488710742554e+24,0.10021674665504132,0.06897703482792006
323,4.97,0.84,1771.8044249632712,1650.0,11032.1149418811,0.01796,1120213018.208348,60331462.44215095,Selsis,-0.3337052666810933,-0.7686443793654698,log,0.06635798782569445,8.787078327177368e+23,0.014396387423371237,0.06635798782569445
324,4.97,0.84,1771.8044249632712,1650.0,3312.052995413246,0.01796,2991987855.7233777,77263588.63677843,Selsis,-0.39009451299690295,-0.759767449273319,GP,0.09324994903788168,1.0629346660740787e+24,0.7815994265333136,0.09324994903788168
325,4.97,0.84,1771.8044249632712,1650.0,2176.142777036172,0.01796,4343885874.892468,17099247.83612772,Selsis,-0.4508221816425302,-0.7431037732186309,GP,0.2125421761222897,2.7409065453347906e+24,0.20910998728381258,0.2125421761222897
326,4.97,0.84,1771.8044249632712,1650.0,2423.431255178519,0.01796,3936645859.845092,96449858.98567578,Selsis,-0.2973685816375088,-0.6318540165911456,linear,0.2265334615282417,4.7232381187800473e+24,0.1829648379518507,0.2265334615282417
327,4.97,0.84,1771.8044249632712,1650.0,9335.122209534618,0.01796,862871412.5355608,40728035.20008394,Jackson,-0.47088182565763537,-0.724732558125494,GP,0.16650545956124432,5.898002896808183e+23,0.16080619920267714,0.16650545956124432
328,4.97,0.84,1771.8044249632712,1650.0,2481.3772480443226,0.01796,3853290297.5438175,15480823.190111332,Selsis,-0.33226904983689215,-0.6726138526390097,linear,0.06036049912410714,1.2130286232672542e+24,0.024795416561333772,0.06036049912410714
329,4.97,0.84,1771.8044249632712,1650.0,3955.0811782239903,0.01796,2193745165.6903634,37721008.48294522,Jackson,-0.44048024040361794,-0.7935853144397711,GP,0.36946798155642274,1.706325061370502e+24,0.9637460990965845,0.36946798155642274
330,4.97,0.84,1771.8044249632712,1650.0,4163.574786155979,0.01796,2066141304.7321067,41202653.24389858,Jackson,-0.4440186377259894,-0.7349341196842645,log,0.1512273243150518,7.041950160884311e+23,0.6641066459270316,0.1512273243150518
331,4.97,0.84,1771.8044249632712,1650.0,5017.1780607807905,0.01796,1669884028.9952688,66623964.39999332,Jackson,-0.39572619777113743,-0.7435720517283471,linear,0.23904780759627245,1.0888028131147257e+24,0.30158628485029526,0.23904780759627245
332,4.97,0.84,1771.8044249632712,1650.0,4459.563626506394,0.01796,2312162177.5488544,29030511.09413434,Selsis,-0.39271205454971264,-0.6141882634656926,linear,0.23070202662893916,3.5772177529205115e+24,0.6349555315548433,0.23070202662893916
333,4.97,0.84,1771.8044249632712,1650.0,4523.4979416126,0.01796,1877045262.5060887,56409967.61651912,Jackson,-0.468797651574301,-0.617271485848402,linear,0.06140003595220927,3.312536774169637e+23,0.885527997801117,0.06140003595220927
334,4.97,0.84,1771.8044249632712,1650.0,6484.818233448088,0.01796,1693403447.5796537,23148840.56622373,Selsis,-0.4131624780052996,-0.7227882114293402,log,0.07006951660877819,8.658826340327556e+23,0.11421078635207504,0.07006951660877819
335,4.97,0.84,1771.8044249632712,1650.0,3220.4965998114963,0.01796,2807727560.683719,11943339.55689884,Jackson,-0.3041374009700018,-0.7216562030003233,GP,0.40560680770003044,4.3897615392001666e+24,0.9505681890547457,0.40560680770003044
336,4.97,0.84,1771.8044249632712,1650.0,3119.6525252284464,0.01796,3150105646.736867,53953294.90410152,Selsis,-0.430334466944807,-0.705236160804599,linear,0.3533512056525321,4.149898066574514e+24,0.8217465652272926,0.3533512056525321
337,4.97,0.84,1771.8044249632712,1650.0,1809.3957595460538,0.01796,5191273832.390168,53745932.24342405,Selsis,-0.3104466597789005,-0.7838330311052885,linear,0.17107947989100425,3.4553495201195715e+24,0.4341110809626728,0.17107947989100425
338,4.97,0.84,1771.8044249632712,1650.0,3240.076569907589,0.01796,2786826605.4720798,50776808.015476964,Jackson,-0.3384913360501381,-0.7011396285248471,GP,0.2149408171721753,1.6735146429760286e+24,0.9908963301457084,0.2149408171721753
339,4.97,0.84,1771.8044249632712,1650.0,1768.949748884884,0.01796,6503164959.763235,84525087.20763569,Jackson,-0.32092681095576653,-0.69291659582522,GP,0.15030795783973377,1.57658044366709e+24,0.015981751170146885,0.15030795783973377
340,4.97,0.84,1771.8044249632712,1650.0,6134.336934528562,0.01796,1342265206.396419,67818457.12648863,Jackson,-0.3043122326028151,-0.6147676571016489,linear,0.06569869772391398,5.485941352659854e+23,0.41559934961572276,0.06569869772391398
341,4.97,0.84,1771.8044249632712,1650.0,2721.627330586214,0.01796,3546357244.7502418,47070009.66868451,Selsis,-0.3422034610967325,-0.6603667493041038,GP,0.06527465544050001,1.1380946844670466e+24,0.8161478370409342,0.06527465544050001
342,4.97,0.84,1771.8044249632712,1650.0,3223.492480851554,0.01796,2804510115.7895374,88202801.16198117,Jackson,-0.2891647180017318,-0.6278717657575814,GP,0.17749581192355748,1.9805828754674216e+24,0.5991212023009075,0.17749581192355748
343,4.97,0.84,1771.8044249632712,1650.0,3124.9535101474107,0.01796,2914177856.875512,93855498.81228453,Jackson,-0.3203069370208235,-0.6123282866780992,linear,0.12937509782898082,1.21066187501495e+24,0.058495530956583,0.12937509782898082
344,4.97,0.84,1771.8044249632712,1650.0,1779.7698530018818,0.01796,5286009805.869491,62076534.16815082,Selsis,-0.34187453740878315,-0.7041601328578738,GP,0.05663267140288834,9.500292622315428e+23,0.4710948943576261,0.05663267140288834
345,4.97,0.84,1771.8044249632712,1650.0,913.5139047223773,0.01796,11025452861.03202,77374112.96495764,Selsis,-0.46196538546482707,-0.7334295592173349,log,0.0881069821057366,1.0205625428434543e+24,0.8138928156063132,0.0881069821057366
346,4.97,0.84,1771.8044249632712,1650.0,4869.32287960302,0.01796,2146351397.6594157,85574410.76887602,Selsis,-0.4229946654234895,-0.6466334634576362,log,0.35631336057885526,3.8329645574942175e+24,0.6193070338662129,0.35631336057885526
347,4.97,0.84,1771.8044249632712,1650.0,3524.036496046133,0.01796,2837444433.1138086,18155043.306494202,Selsis,-0.4082494467626191,-0.7166145682461708,linear,0.26377707396483535,3.590646260294918e+24,0.7279505396461311,0.26377707396483535
348,4.97,0.84,1771.8044249632712,1650.0,64571.558586126586,0.01796,308304732.0026401,37638420.2740766,Selsis,-0.4624195753477998,-0.7289106973882554,GP,0.2258040210086258,1.635679022592742e+24,0.4776710637511836,0.2258040210086258
349,4.97,0.84,1771.8044249632712,1650.0,3058.9553945702532,0.01796,3203791226.230354,22294467.964117654,Selsis,-0.34035453432939855,-0.7892032728396157,GP,0.3567901781242565,6.1712077511584e+24,0.44807155927348796,0.3567901781242565
350,4.97,0.84,1771.8044249632712,1650.0,4646.77251172632,0.01796,2232863103.02028,41074224.13357229,Selsis,-0.39294501801322723,-0.7071131019080631,GP,0.15024017782232532,1.9357833906340867e+24,0.19211068573457424,0.15024017782232532
351,4.97,0.84,1771.8044249632712,1650.0,1743.4370522774109,0.01796,5407247195.306585,28212171.358494654,Selsis,-0.44418720514458737,-0.7789786952343474,log,0.3127854395536982,3.96190935017248e+24,0.011524087062843247,0.3127854395536982
352,4.97,0.84,1771.8044249632712,1650.0,1478.8954161068484,0.01796,6473870850.815396,40357805.1004372,Selsis,-0.46925925202332847,-0.7197637506357129,log,0.46407115742323146,5.79072712833829e+24,0.4347367819107474,0.46407115742323146
353,4.97,0.84,1771.8044249632712,1650.0,1871.8962051681704,0.01796,5002612251.183678,49228018.957516246,Selsis,-0.32055749245838383,-0.7133326658338446,log,0.18314157048888052,3.5931754342456175e+24,0.8575716960463207,0.18314157048888052
354,4.97,0.84,1771.8044249632712,1650.0,2574.826108607457,0.01796,3726954698.8095026,26192179.55181915,Selsis,-0.4255419916651266,-0.7821375140258604,linear,0.05986544681456582,7.626642880348108e+23,0.11118203562895468,0.05986544681456582
355,4.97,0.84,1771.8044249632712,1650.0,3775.8642979584783,0.01796,2671231023.0030656,97287661.40166566,Selsis,-0.30391934667612047,-0.7007712806289238,GP,0.10909782011618979,1.863243059135287e+24,0.07474390336068781,0.10909782011618979
356,4.97,0.84,1771.8044249632712,1650.0,4948.549388490781,0.01796,2117385582.743319,78512336.1470152,Selsis,-0.47717668511832173,-0.7914484168862393,log,0.14037971696236992,1.2504599090689896e+24,0.8386117894298033,0.14037971696236992
357,4.97,0.84,1771.8044249632712,1650.0,3540.8734315248485,0.01796,2499604320.080902,46961434.682059854,Jackson,-0.4997626774612076,-0.7956269067639017,GP,0.06980677485806969,2.886267445437083e+23,0.8403823446874631,0.06980677485806969
358,4.97,0.84,1771.8044249632712,1650.0,1765.4762432583927,0.01796,6525325095.402786,57272288.52507759,Jackson,-0.4181128557995639,-0.6762404921006944,log,0.09116994007156659,6.650183714549722e+23,0.8263900699570342,0.09116994007156659
359,4.97,0.84,1771.8044249632712,1650.0,2381.1591380151217,0.01796,4000084150.958906,52923076.31814161,Selsis,-0.3996744747511006,-0.652524359887643,GP,0.22926516492146976,3.2436077948986825e+24,0.08097520799270186,0.22926516492146976
360,4.97,0.84,1771.8044249632712,1650.0,1019.425231803718,0.01796,9712679297.868422,17825115.949953824,Selsis,-0.4148503428537622,-0.7700876258616274,linear,0.4092409364026308,6.034593333738619e+24,0.7914012903141693,0.4092409364026308
361,4.97,0.84,1771.8044249632712,1650.0,5737.508666008084,0.01796,1442713915.097842,52288916.8140044,Jackson,-0.4088971081197793,-0.7571045407095486,log,0.11867693082400625,5.186760241957474e+23,0.8323199464909325,0.11867693082400625
362,4.97,0.84,1771.8044249632712,1650.0,2933.933809626321,0.01796,3321334786.943521,35891352.680169985,Selsis,-0.3985108692053569,-0.6729106826780389,GP,0.30810420475194367,4.366760682804984e+24,0.4660777617816556,0.30810420475194367
363,4.97,0.84,1771.8044249632712,1650.0,6322.977633676859,0.01796,1727876761.8064582,82584558.564726,Selsis,-0.3066385611548442,-0.6266369809829655,GP,0.452703577015363,7.873985397728632e+24,0.6783977631355421,0.452703577015363
364,4.97,0.84,1771.8044249632712,1650.0,1369.180297612116,0.01796,10282506873.657593,95171537.16412044,Jackson,-0.39768237669168377,-0.7171307103352303,GP,0.3751711805356359,2.835849722023965e+24,0.5295443133970837,0.3751711805356359
365,4.97,0.84,1771.8044249632712,1650.0,1886.8049822474513,0.01796,5821087198.319294,52118431.76089401,Jackson,-0.395650008121681,-0.7859899690920862,GP,0.32267209442643635,2.093013903132883e+24,0.25365244060278525,0.32267209442643635
366,4.97,0.84,1771.8044249632712,1650.0,1704.0326270940222,0.01796,6939715249.489891,15634671.089818662,Jackson,-0.29663907774329445,-0.6215488850809081,GP,0.2549475350989301,4.3226233327651695e+24,0.43170481736608357,0.2549475350989301
367,4.97,0.84,1771.8044249632712,1650.0,2136.66379792177,0.01796,4768832894.730908,29515139.6599057,Jackson,-0.4925807263869059,-0.7667489008787989,GP,0.3308402922504423,1.7187976242804018e+24,0.5538654653784483,0.3308402922504423
368,4.97,0.84,1771.8044249632712,1650.0,3255.1063393899053,0.01796,3036898613.269553,1276980.3896108335,Selsis,-0.43589525278107066,-0.7777331446046057,log,0.3661307408721447,4.912880866597378e+24,0.01559997713817396,0.3661307408721447
369,4.97,0.84,1771.8044249632712,1650.0,28087.669811512165,0.01796,295022443.6481601,13634952.206936732,Jackson,-0.4375130872858302,-0.7331452032122694,log,0.16715432307937567,4.748959632395528e+23,0.6908132221509501,0.16715432307937567
370,4.97,0.84,1771.8044249632712,1650.0,2211.01649025429,0.01796,4554356870.430375,90989708.2043243,Jackson,-0.44828243317310923,-0.6243294629853419,GP,0.3149215446371285,2.1140339631150606e+24,0.5939035113573405,0.3149215446371285
371,4.97,0.84,1771.8044249632712,1650.0,3036.6120606262484,0.01796,3019705044.6837463,4538222.514384672,Jackson,-0.38237383787337836,-0.6534734657490813,log,0.06228031693902035,4.9071446204824836e+23,0.5843631676037626,0.06228031693902035
372,4.97,0.84,1771.8044249632712,1650.0,1177.7774682592299,0.01796,8262974205.486843,87088593.825403,Selsis,-0.2881109548383034,-0.6646519958288951,linear,0.09949431538805721,2.4823405482532567e+24,0.9930601874009405,0.09949431538805721
373,4.97,0.84,1771.8044249632712,1650.0,1009.8071340141026,0.01796,9818292006.546711,38369704.99044507,Selsis,-0.45756630665897924,-0.7720762330324443,linear,0.06266187068879688,7.980954815119564e+23,0.7480025219981995,0.06266187068879688
374,4.97,0.84,1771.8044249632712,1650.0,10572.58776964969,0.01796,1157065010.755883,34486379.59325266,Selsis,-0.3862737838494186,-0.6943517264556003,GP,0.23315165591253742,2.849975404006335e+24,0.6617101650967079,0.23315165591253742
375,4.97,0.84,1771.8044249632712,1650.0,7203.56180997253,0.01796,1130970195.365343,3857737.649014964,Jackson,-0.4397820326425586,-0.6426925099440298,linear,0.30030374823502903,1.5791087718664677e+24,0.9419916175271743,0.30030374823502903
376,4.97,0.84,1771.8044249632712,1650.0,8460.570711081677,0.01796,1373640549.8311787,64082123.440919675,Selsis,-0.4248506769473155,-0.6718948548569746,log,0.19680432323446867,2.0328810657858451e+24,0.9804685161936603,0.19680432323446867
377,4.97,0.84,1771.8044249632712,1650.0,2442.3891155549504,0.01796,3908928160.57984,30470965.95210511,Selsis,-0.4034163263127697,-0.605118734324192,log,0.17616341685765802,2.9831903397608635e+24,0.8179800298965131,0.17616341685765802
378,4.97,0.84,1771.8044249632712,1650.0,1340.4954609181573,0.01796,7181403393.912144,48258956.40596638,Selsis,-0.39869701768279764,-0.7920483212979599,GP,0.34379807606853197,4.6496866156474113e+24,5.569100987967701e-05,0.34379807606853197
379,4.97,0.84,1771.8044249632712,1650.0,3521.471853840778,0.01796,2516398560.885074,45614062.157063045,Jackson,-0.3917097710500814,-0.7822784983413323,GP,0.4208995944771085,2.299950721594309e+24,0.5876925926899104,0.4208995944771085
380,4.97,0.84,1771.8044249632712,1650.0,1942.3376391959641,0.01796,5540959331.489566,91456138.34736785,Jackson,-0.37489967219567016,-0.686921963193007,log,0.16432328940561422,1.1929778563511609e+24,0.18354555271718953,0.16432328940561422
381,4.97,0.84,1771.8044249632712,1650.0,3360.3728582802964,0.01796,2955063997.3857875,86781671.2856496,Selsis,-0.48729607917164464,-0.7107678383252611,log,0.36643317856273927,3.425867757321185e+24,0.9474498516711912,0.36643317856273927
382,4.97,0.84,1771.8044249632712,1650.0,3043.7921239513175,0.01796,3010856349.7850485,89653062.24522755,Jackson,-0.488773863494739,-0.62718377622645,log,0.34107767790017446,1.8358016481774845e+24,0.13338785530328734,0.34107767790017446
383,4.97,0.84,1771.8044249632712,1650.0,4751.533704766718,0.01796,2191154605.705387,29602617.150907006,Selsis,-0.39010300229575945,-0.6057877491691545,log,0.28837022988175487,4.550203472769564e+24,0.045299886177139426,0.28837022988175487
384,4.97,0.84,1771.8044249632712,1650.0,2455.2059678541887,0.01796,3961885556.251202,67988929.5844519,Jackson,-0.28437121259259274,-0.7860788355567382,GP,0.12553729442548328,1.4764396371921184e+24,0.6851867797255046,0.12553729442548328
385,4.97,0.84,1771.8044249632712,1650.0,1454.9546000528906,0.01796,6585350162.349844,66954387.74349158,Selsis,-0.2900214965999203,-0.7227022392278639,GP,0.1461040611951889,3.507270721210275e+24,0.9855046440228685,0.1461040611951889
386,4.97,0.84,1771.8044249632712,1650.0,2015.2804763410709,0.01796,4664612576.739324,8275286.768841239,Selsis,-0.43497117688918197,-0.7008928214823398,log,0.2061226742957303,2.926405607166931e+24,0.04979937140406154,0.2061226742957303
387,4.97,0.84,1771.8044249632712,1650.0,5705.496175799361,0.01796,1451482227.6865568,75914528.24124989,Jackson,-0.3620302375273339,-0.6572581396734154,linear,0.23583237137663635,1.2817222680468918e+24,0.033425381471401616,0.23583237137663635
388,4.97,0.84,1771.8044249632712,1650.0,1611.294701769496,0.01796,5897625928.123524,50443255.90055569,Selsis,-0.45701888541261615,-0.6800919535155612,GP,0.1702864456706777,2.1791134886437915e+24,0.4654427488052637,0.1702864456706777
389,4.97,0.84,1771.8044249632712,1650.0,2234.5542313454866,0.01796,4490170306.954203,32156966.08538357,Jackson,-0.419855342516485,-0.65855975816553,log,0.1383796936143478,1.0033904672649258e+24,0.3563937801332526,0.1383796936143478
390,4.97,0.84,1771.8044249632712,1650.0,2492.270671376937,0.01796,3884420735.382719,88094154.62294711,Jackson,-0.45007712731683575,-0.7724634651398471,linear,0.05375709712860155,2.3710460296437005e+23,0.044784083581728695,0.05375709712860155
391,4.97,0.84,1771.8044249632712,1650.0,2889.230899034311,0.01796,3365825524.390438,64529958.921326794,Selsis,-0.3054740662345122,-0.6844157887038803,linear,0.07383169046088386,1.472166553759644e+24,0.5307438213364297,0.07383169046088386
392,4.97,0.84,1771.8044249632712,1650.0,12072.159253630605,0.01796,1046195387.5969383,22604863.247106012,Selsis,-0.4617632060848797,-0.6898257520679215,GP,0.4740128963551072,5.155374178889383e+24,0.010965074945778808,0.4740128963551072
393,4.97,0.84,1771.8044249632712,1650.0,12443.905279746505,0.01796,1022477376.0664614,89585437.95293902,Selsis,-0.3576586459019434,-0.6096891953661746,GP,0.1380308249068563,1.593482077096823e+24,0.6492563234554803,0.1380308249068563
394,4.97,0.84,1771.8044249632712,1650.0,993.2302083326007,0.01796,10006085047.186893,12998240.59699691,Selsis,-0.45515074072474165,-0.7810263521316899,linear,0.2385466409672623,3.257830088404157e+24,0.9216691743560512,0.2385466409672623
395,4.97,0.84,1771.8044249632712,1650.0,917.1827948529238,0.01796,10973793784.744364,77380857.15000473,Selsis,-0.283363479913372,-0.6815547309877351,GP,0.07101493847649115,1.9358771494353467e+24,0.2610969761995815,0.07101493847649115
396,4.97,0.84,1771.8044249632712,1650.0,2807.877246688053,0.01796,3330093460.1550026,90231492.00995006,Jackson,-0.46865472133616193,-0.6692870768009025,linear,0.0654540952943314,3.19412860483161e+23,0.027830143590510503,0.0654540952943314
397,4.97,0.84,1771.8044249632712,1650.0,3069.067202878459,0.01796,3194700995.6530247,80175702.53431056,Selsis,-0.44019283900157935,-0.7136122333783353,GP,0.16352126313858106,1.6890257782424821e+24,0.7460766863799001,0.16352126313858106
398,4.97,0.84,1771.8044249632712,1650.0,2436.571735849387,0.01796,4001934816.0473714,4304154.771246307,Jackson,-0.4352850734676353,-0.6295474202346183,log,0.36457594859192827,2.8960627762445905e+24,0.7267903955683779,0.36457594859192827
399,4.97,0.84,1771.8044249632712,1650.0,863.0006306353783,0.01796,11791809121.269352,53257005.217562534,Selsis,-0.38983344952629845,-0.659817154610178,linear,0.07553726956690777,1.2870119094673038e+24,0.30506359066963185,0.07553726956690777
400,4.97,0.84,1771.8044249632712,1650.0,2138.3011058799325,0.01796,4763907796.831199,80296139.24954554,Jackson,-0.3352509554216032,-0.7927084947562363,log,0.10983027456474036,8.710843515326812e+23,0.6629998831674291,0.10983027456474036
401,4.97,0.84,1771.8044249632712,1650.0,3737.108962270394,0.01796,2695724265.592482,69854266.72411339,Selsis,-0.4669525415327844,-0.7599411105159279,linear,0.06403401840492519,6.255545285643989e+23,0.15943544787455632,0.06403401840492519
402,4.97,0.84,1771.8044249632712,1650.0,1415.7458510088059,0.01796,6777154478.8053465,71899334.36523502,Selsis,-0.44903690647730904,-0.7558126801872316,log,0.09977580090505238,1.1086676410315135e+24,0.7494096582789844,0.09977580090505238
403,4.97,0.84,1771.8044249632712,1650.0,3828.817197685451,0.01796,2638567643.990724,49125994.08725925,Selsis,-0.2910425185063084,-0.7370309509038698,GP,0.21439765932166002,4.7319914713169466e+24,0.8721635155146941,0.21439765932166002
404,4.97,0.84,1771.8044249632712,1650.0,3116.318861696492,0.01796,3153000291.3064246,83442315.3605683,Selsis,-0.3921037642502903,-0.6217647341860224,log,0.1678575146051125,2.2445145017764952e+24,0.2504884728065019,0.1678575146051125
405,4.97,0.84,1771.8044249632712,1650.0,3489.6998001285756,0.01796,2861217521.4519377,23923844.911026787,Selsis,-0.3334104794648593,-0.6623590117611808,GP,0.2879861083148283,5.453779929451742e+24,0.8240305864486215,0.2879861083148283
406,4.97,0.84,1771.8044249632712,1650.0,2282.8203326992657,0.01796,4363702255.438317,47754844.06596908,Jackson,-0.4968124567689958,-0.6812172892027959,linear,0.06306559850714961,3.5329599735521614e+23,0.8761729387911451,0.06306559850714961
407,4.97,0.84,1771.8044249632712,1650.0,2139.22489753759,0.01796,4761133169.472281,17861529.680434633,Jackson,-0.31815102178968613,-0.6767039633560401,GP,0.261978285666754,3.0447652643693676e+24,0.5436968638723801,0.261978285666754
408,4.97,0.84,1771.8044249632712,1650.0,12176.26918835054,0.01796,1039419301.7875078,5454731.631995712,Selsis,-0.37653286306908323,-0.603952022358941,linear,0.05508794147142386,8.43573424543863e+23,0.6280594586110433,0.05508794147142386
409,4.97,0.84,1771.8044249632712,1650.0,1228.2557961146788,0.01796,7891899028.980787,76368126.0261249,Selsis,-0.3257520258219471,-0.6521538984690739,linear,0.07806384620523352,1.5659335128091527e+24,0.2968836621527887,0.07806384620523352
410,4.97,0.84,1771.8044249632712,1650.0,2738.5684890181547,0.01796,3526783736.693643,67194231.04386523,Selsis,-0.35881378434265404,-0.7171856254489302,linear,0.36291237900683443,5.11941955903328e+24,0.8652939024357894,0.36291237900683443
411,4.97,0.84,1771.8044249632712,1650.0,4482.011215980156,0.01796,1897090448.1873143,31432925.70636525,Jackson,-0.40452860894492726,-0.6126014151161698,linear,0.3022129770440086,2.0375165628927769e+24,0.13383015591421954,0.3022129770440086
412,4.97,0.84,1771.8044249632712,1650.0,1723.7099663270035,0.01796,6802224709.780512,16076982.600901367,Jackson,-0.4296744723953599,-0.6718973809928713,log,0.06965364082228474,5.533322816912529e+23,0.8401462520701107,0.06965364082228474
413,4.97,0.84,1771.8044249632712,1650.0,1622.2160549659545,0.01796,7567280033.743547,44421651.17801367,Jackson,-0.4791971799128282,-0.7454763169783949,linear,0.09173905756879158,5.367042493756677e+23,0.6743405460162616,0.09173905756879158
414,4.97,0.84,1771.8044249632712,1650.0,2766.500606472714,0.01796,3495364705.200059,74399894.12624829,Selsis,-0.3740911122191039,-0.7272009338565211,log,0.3341586375954057,4.259990421113579e+24,0.5296369802756522,0.3341586375954057
415,4.97,0.84,1771.8044249632712,1650.0,1368.9738404122916,0.01796,7022325431.45034,10828128.234320061,Selsis,-0.3527698325398946,-0.7894512196181436,GP,0.06494613319210013,1.1797011142986088e+24,0.4935580557977417,0.06494613319210013
416,4.97,0.84,1771.8044249632712,1650.0,2301.813001423459,0.01796,4315746295.597355,24785927.333334696,Jackson,-0.3576734007206371,-0.7364400527620456,GP,0.3288139341274646,2.666124966483221e+24,0.4881454764467893,0.3288139341274646
417,4.97,0.84,1771.8044249632712,1650.0,2729.7959382757113,0.01796,3536888567.4122963,85908952.75096066,Selsis,-0.4722879908865604,-0.7166233737185894,linear,0.18153238338941308,1.764649955837236e+24,0.3078720519493652,0.18153238338941308
418,4.97,0.84,1771.8044249632712,1650.0,2286.2709880151597,0.01796,4151288519.9349885,71821028.09338416,Selsis,-0.47204433998049716,-0.6958236877297097,log,0.11280374133032918,1.215224924758877e+24,0.09014241120764188,0.11280374133032918
419,4.97,0.84,1771.8044249632712,1650.0,5392.759051364274,0.01796,1543145810.4576473,2928417.482185192,Jackson,-0.43770043797040364,-0.6730871674755055,GP,0.050246257722864285,2.720044843746537e+23,0.4387864038828323,0.050246257722864285
420,4.97,0.84,1771.8044249632712,1650.0,3343.682594636188,0.01796,2681019634.108806,75796890.17282498,Jackson,-0.342387425926467,-0.7805514703978346,linear,0.2937569380846921,1.9171908232475821e+24,0.8569938138004621,0.2937569380846921
421,4.97,0.84,1771.8044249632712,1650.0,2136.365164651302,0.01796,4769732220.611294,15295337.19418714,Jackson,-0.4601726642158538,-0.7518581068266819,linear,0.2528866967301892,1.4595670831870506e+24,0.32590298110996296,0.2528866967301892
422,4.97,0.84,1771.8044249632712,1650.0,5716.898374820288,0.01796,1877005211.7306457,42822231.40892764,Selsis,-0.4773863990599905,-0.6942226786982244,linear,0.23406021196756832,2.535853198326877e+24,0.7783952590201982,0.23406021196756832
423,4.97,0.84,1771.8044249632712,1650.0,2459.275902931998,0.01796,3884607806.4185243,67339340.7721953,Selsis,-0.3249646708307468,-0.6475238055736663,linear,0.09119345028390684,1.6898520070519598e+24,0.8400307080215408,0.09119345028390684
424,4.97,0.84,1771.8044249632712,1650.0,1607.929956223752,0.01796,7686863092.634365,25029072.98142913,Jackson,-0.4528663984218962,-0.7544676900537917,log,0.22760996581231763,1.4601303544720048e+24,0.09827426957309693,0.22760996581231763
425,4.97,0.84,1771.8044249632712,1650.0,3446.0902615530085,0.01796,2583761026.897894,1065135.1101274302,Jackson,-0.46688791363153986,-0.7174555818140643,GP,0.1807938669799028,9.943091571770376e+23,0.12516096377070862,0.1807938669799028
426,4.97,0.84,1771.8044249632712,1650.0,3295.27089909097,0.01796,2729483260.4775715,12114903.61011953,Jackson,-0.3515642666172646,-0.6112371974961102,linear,0.4940538771990089,4.747850423864446e+24,0.09181546391368867,0.4940538771990089
427,4.97,0.84,1771.8044249632712,1650.0,1357.0017115686746,0.01796,7088238694.402608,34055907.35084665,Selsis,-0.4034628126283151,-0.7395766675049702,GP,0.38811052593898104,5.595431500208655e+24,0.036207441716008315,0.38811052593898104
428,4.97,0.84,1771.8044249632712,1650.0,1295.6849522000666,0.01796,7448085767.879857,12045774.893318817,Selsis,-0.4983629251292606,-0.7296894185782996,linear,0.20784961850081057,2.736775979410127e+24,0.3884114316991705,0.20784961850081057
429,4.97,0.84,1771.8044249632712,1650.0,13184.199771336855,0.01796,612997288.4757853,13955368.348032176,Jackson,-0.3688338339980092,-0.6104507759456711,log,0.4642102587018299,2.5134477222370623e+24,0.07629120364207909,0.4642102587018299
430,4.97,0.84,1771.8044249632712,1650.0,2163.3001505381058,0.01796,4689870319.641445,61100898.209809065,Jackson,-0.39187633856135273,-0.6751187542932432,GP,0.11249346914693487,8.002126182850031e+23,0.8159920306690207,0.11249346914693487
431,4.97,0.84,1771.8044249632712,1650.0,3729.020811491607,0.01796,2700900293.5916,61807403.041758,Selsis,-0.3355162519268391,-0.6509115401733415,linear,0.07313513821379959,1.2133949149696762e+24,0.06964519489579934,0.07313513821379959
432,4.97,0.84,1771.8044249632712,1650.0,6833.013516200377,0.01796,1196039875.1277933,66472512.44262985,Jackson,-0.3696873885408221,-0.6737129309297718,GP,0.05910282981514516,2.9100749659162768e+23,0.7837606610415057,0.05910282981514516
433,4.97,0.84,1771.8044249632712,1650.0,1537.2904239884815,0.01796,8328337530.179761,95271213.95287812,Jackson,-0.3724319763242255,-0.6650556208924253,log,0.05933378126474728,5.2926362889330435e+23,0.9575380846734932,0.05933378126474728
434,4.97,0.84,1771.8044249632712,1650.0,1783.4050524925754,0.01796,5274191204.137999,71081895.97726585,Selsis,-0.39156577239781076,-0.6275357702142267,log,0.08422730986397545,1.2749513902389577e+24,0.039630700851964296,0.08422730986397545
435,4.97,0.84,1771.8044249632712,1650.0,907.150397746297,0.01796,11116262958.639284,5047281.594452063,Selsis,-0.31023345330581675,-0.6871263331844867,log,0.287850011252809,7.736126529990922e+24,0.996296295375935,0.287850011252809
436,4.97,0.84,1771.8044249632712,1650.0,3808.825762783597,0.01796,2292842119.350605,65067867.666417524,Jackson,-0.28622721780392163,-0.6834986559203751,linear,0.3151810445597692,3.3225229361379004e+24,0.44810429801075535,0.3151810445597692
437,4.97,0.84,1771.8044249632712,1650.0,1885.816531005616,0.01796,5826292546.27076,17048299.78253689,Jackson,-0.3459976317852321,-0.6131458850249107,linear,0.3471161294939376,4.2827093720983396e+24,0.749735937738145,0.3471161294939376
438,4.97,0.84,1771.8044249632712,1650.0,2532.416492110166,0.01796,3783107046.1188903,1620237.3900998137,Selsis,-0.2934669580717177,-0.6742755302908209,linear,0.09053461379324472,2.484088853718047e+24,0.34852341993605496,0.09053461379324472
439,4.97,0.84,1771.8044249632712,1650.0,1427.3256752343489,0.01796,9526083269.417904,43556551.66324726,Jackson,-0.37074781085910996,-0.6450153023416262,linear,0.10710539214588806,1.1975104539071466e+24,0.4631219237592151,0.10710539214588806
440,4.97,0.84,1771.8044249632712,1650.0,1586.3339822948003,0.01796,7873834896.635932,30282420.254505802,Jackson,-0.3957894789504663,-0.7191343991550248,linear,0.11698210294028268,9.441190875962638e+23,0.20915770660678568,0.11698210294028268
441,4.97,0.84,1771.8044249632712,1650.0,2254.120406523244,0.01796,4438086976.9593935,62032992.6959602,Jackson,-0.2995338818673583,-0.7904213531050988,GP,0.3993786320155916,4.3013978044531626e+24,0.6744191424204576,0.3993786320155916
442,4.97,0.84,1771.8044249632712,1650.0,1518.0484472150852,0.01796,8518953049.989692,99876863.49332945,Jackson,-0.4209049319647006,-0.6264213306610271,linear,0.44454887146330535,3.9344249480362676e+24,0.7964652305651507,0.44454887146330535
443,4.97,0.84,1771.8044249632712,1650.0,2284.96318765498,0.01796,4358241827.3504925,18846575.74049799,Jackson,-0.3463754750350212,-0.6929171284918901,linear,0.46817830645166253,4.328003771921017e+24,0.3189036372155828,0.46817830645166253
444,4.97,0.84,1771.8044249632712,1650.0,5409.285743062104,0.01796,1538011240.9448059,86580802.82385154,Jackson,-0.30413773824456664,-0.6998431336432259,log,0.12766546379246224,9.297007922764373e+23,0.47758144495232646,0.12766546379246224
445,4.97,0.84,1771.8044249632712,1650.0,1750.1079786391736,0.01796,6624937710.19042,50293972.316268116,Jackson,-0.4436946354781988,-0.7369558430569152,GP,0.05570429365548504,3.385740380773786e+23,0.4746572350188938,0.05570429365548504
446,4.97,0.84,1771.8044249632712,1650.0,1479.1497129313702,0.01796,6472708554.327351,54814858.868161,Selsis,-0.36880559343013797,-0.7080301723568244,log,0.06771861283346081,1.0477887978528399e+24,0.6380143954158369,0.06771861283346081
447,4.97,0.84,1771.8044249632712,1650.0,2093.57692934028,0.01796,4901935419.135673,8912187.273315355,Jackson,-0.4811206304350716,-0.763103644444572,log,0.09591776828293426,5.374648025121352e+23,0.6959520875072108,0.09591776828293426
448,4.97,0.84,1771.8044249632712,1650.0,4718.052457926425,0.01796,2204287862.5717854,69455007.55237709,Selsis,-0.31328520040670943,-0.7890739745800373,log,0.18539159546613115,3.0634201677324877e+24,0.2731123460945819,0.18539159546613115
449,4.97,0.84,1771.8044249632712,1650.0,1905.029879685765,0.01796,4917221831.332438,44603029.8184765,Selsis,-0.4685149408372965,-0.6853252409189963,log,0.4530727460134037,5.645023750221013e+24,0.2337690236446488,0.4530727460134037
450,4.97,0.84,1771.8044249632712,1650.0,5287.890942368857,0.01796,2002878338.1829705,26788073.01098647,Selsis,-0.3920854043856864,-0.7440518774416016,linear,0.10332923398659535,1.3527022349512158e+24,0.2139538447435657,0.10332923398659535
451,4.97,0.84,1771.8044249632712,1650.0,2926.288518473295,0.01796,3328847595.3400407,78483794.34678203,Selsis,-0.3482744211554487,-0.6446427748427082,linear,0.14087105821285828,2.1694377575358848e+24,0.0835333976970305,0.14087105821285828
452,4.97,0.84,1771.8044249632712,1650.0,1894.02278350246,0.01796,5783317569.024547,16748944.812543033,Jackson,-0.456761284140158,-0.7453079620562592,GP,0.05015127998318843,3.0635047673539324e+23,0.21788580205171093,0.05015127998318843
453,4.97,0.84,1771.8044249632712,1650.0,1728.9262520786326,0.01796,6766554818.986473,93294461.38835494,Jackson,-0.416525019394994,-0.7327136017390905,linear,0.11829053558006959,7.040203490585521e+23,0.9421171871760271,0.11829053558006959
454,4.97,0.84,1771.8044249632712,1650.0,7355.511546790498,0.01796,1106319155.3311176,46600597.87858801,Jackson,-0.3887727600013435,-0.7393153286496601,linear,0.0890543079172958,4.002842581987931e+23,0.6362418038877801,0.0890543079172958
455,4.97,0.84,1771.8044249632712,1650.0,2313.780119794475,0.01796,4106136221.5008483,20754926.458907407,Selsis,-0.29962274775859915,-0.6109442034201006,linear,0.19883302222614607,5.360256949483273e+24,0.8756618897631843,0.19883302222614607
456,4.97,0.84,1771.8044249632712,1650.0,4492.984973278879,0.01796,2297531245.5018044,64021013.15079038,Selsis,-0.3440761716025155,-0.6372498186944351,linear,0.18790433595907188,2.9316598641723075e+24,0.7486532018743277,0.18790433595907188
457,4.97,0.84,1771.8044249632712,1650.0,2663.670539006149,0.01796,3560379751.2341413,89309869.05935885,Jackson,-0.36171619351333634,-0.7527239566028382,linear,0.3874047029900819,2.3910321972397692e+24,0.6542019495867888,0.3874047029900819
458,4.97,0.84,1771.8044249632712,1650.0,1912.728567828882,0.01796,5687364501.039881,77196368.06381023,Jackson,-0.3641273005970236,-0.7564796479119147,linear,0.44916098076194866,3.2377902013653324e+24,0.06889758199403184,0.44916098076194866
459,4.97,0.84,1771.8044249632712,1650.0,3381.190185838993,0.01796,2644593231.4833436,75864226.35677014,Jackson,-0.3006959298219992,-0.6783504666026132,log,0.3185031301402606,3.036443655977407e+24,0.9410899678819493,0.3185031301402606
460,4.97,0.84,1771.8044249632712,1650.0,4496.341824719077,0.01796,1890118973.1414733,62418000.615461946,Jackson,-0.33010657435446705,-0.7289841305542891,GP,0.349694363946133,2.3980892387974517e+24,0.8155709931442049,0.349694363946133
461,4.97,0.84,1771.8044249632712,1650.0,3211.8355109749846,0.01796,3072080536.9909463,26767278.320765343,Selsis,-0.40866843120742935,-0.737895309817985,log,0.33546515466213483,4.4379135584300736e+24,0.30598499226724374,0.33546515466213483
462,4.97,0.84,1771.8044249632712,1650.0,1179.3577132802895,0.01796,8250795430.147395,57558184.727379374,Selsis,-0.3638403850516396,-0.6508811372627881,log,0.13598129377398552,2.411766278462491e+24,0.7497038439878964,0.13598129377398552
463,4.97,0.84,1771.8044249632712,1650.0,7830.150760932174,0.01796,1459197137.4762328,44059229.28666676,Selsis,-0.4609611601005548,-0.6881585277185035,linear,0.1017272070683659,1.0804284197452171e+24,0.9116879929916879,0.1017272070683659
464,4.97,0.84,1771.8044249632712,1650.0,6998.821044187004,0.01796,1593931521.6269033,56868683.63087488,Selsis,-0.3079404499104983,-0.6833576200310318,GP,0.21183132842371127,3.735923898814125e+24,0.5908897386183188,0.21183132842371127
465,4.97,0.84,1771.8044249632712,1650.0,1809.584797331612,0.01796,6253185655.91177,66010495.45014669,Jackson,-0.30005541367068417,-0.6796249042887554,log,0.2205395064935274,2.8297616991444303e+24,0.8766259169286282,0.2205395064935274
466,4.97,0.84,1771.8044249632712,1650.0,1087.0753481883366,0.01796,9032232057.069075,59945789.93850055,Selsis,-0.3139588757759345,-0.6607400385972623,GP,0.06831075162778392,1.5571066096308282e+24,0.4672873289402054,0.06831075162778392
467,4.97,0.84,1771.8044249632712,1650.0,1713.1327516526121,0.01796,6875546612.610396,32108494.01672501,Jackson,-0.4174956177839607,-0.6480107867637912,linear,0.11793180711141703,1.019248528944509e+24,0.21701166759218704,0.11793180711141703
468,4.97,0.84,1771.8044249632712,1650.0,1131.8235636954878,0.01796,8634614139.789923,58199447.63337119,Selsis,-0.3693404040422835,-0.7879530029446609,linear,0.1692981701195463,2.5296201115282256e+24,0.1672157920724766,0.1692981701195463
469,4.97,0.84,1771.8044249632712,1650.0,2162.571112584117,0.01796,4369028706.997936,56909517.41465399,Selsis,-0.43581307419345955,-0.6196106486470625,linear,0.07164589074270035,1.0202503551679517e+24,0.5101943158788218,0.07164589074270035
470,4.97,0.84,1771.8044249632712,1650.0,2573.6362623064842,0.01796,3728504329.6035223,69944105.2923173,Selsis,-0.4778711728892621,-0.6444087684839345,linear,0.4878586124543874,5.705883905163751e+24,0.9562384268508749,0.4878586124543874
471,4.97,0.84,1771.8044249632712,1650.0,20941.303984986575,0.01796,691860673.222326,71707522.19255234,Selsis,-0.3079066964153303,-0.7825645402364133,linear,0.31600257654283,4.1300500334254256e+24,0.6994945901082845,0.31600257654283
472,4.97,0.84,1771.8044249632712,1650.0,7980.95486744639,0.01796,1437583296.0403652,32843950.719574507,Selsis,-0.39008057584784905,-0.6989132657864909,log,0.23958903819421143,3.01737536580737e+24,0.8756819491717976,0.23958903819421143
473,4.97,0.84,1771.8044249632712,1650.0,1167.4692862586915,0.01796,13890788901.432718,80417686.9564792,Jackson,-0.3656160469127563,-0.6314986224246096,linear,0.09014327758117224,1.1783154881480854e+24,0.5060514230994985,0.09014327758117224
474,4.97,0.84,1771.8044249632712,1650.0,2979.371425751811,0.01796,3092065883.748918,82071231.90664367,Jackson,-0.3030642317803423,-0.703559251641911,GP,0.07546710620680981,7.09394780646539e+23,0.1467908181899098,0.07546710620680981
475,4.97,0.84,1771.8044249632712,1650.0,1433.8123712616587,0.01796,6687300482.249087,74628135.21258736,Selsis,-0.43076442283928884,-0.7592990196814781,log,0.20199857821340964,2.296899478330233e+24,0.1467158337565111,0.20199857821340964
476,4.97,0.84,1771.8044249632712,1650.0,2166.9469323553194,0.01796,4679249001.782685,52624728.26559975,Jackson,-0.34606589141437,-0.6075121809918965,linear,0.36013613020532936,3.92127558352904e+24,0.2873736326333599,0.36013613020532936
477,4.97,0.84,1771.8044249632712,1650.0,3474.890540636092,0.01796,2871613870.827626,54486775.9867928,Selsis,-0.46253039767564774,-0.6970374490696977,linear,0.1076462398155371,1.1937886660094087e+24,0.6010567147891243,0.1076462398155371
478,4.97,0.84,1771.8044249632712,1650.0,1766.1704489264832,0.01796,5330718768.793196,33456002.19242811,Selsis,-0.44709970276770694,-0.6440581636549464,log,0.08997621568668628,1.3137708291374102e+24,0.5874712636006842,0.08997621568668628
479,4.97,0.84,1771.8044249632712,1650.0,963.352640812592,0.01796,10364279708.130596,94698407.31961378,Selsis,-0.2809853922564591,-0.7088117653865251,linear,0.1563534980138097,4.006139990071567e+24,0.26251369005530256,0.1563534980138097
480,4.97,0.84,1771.8044249632712,1650.0,3345.1371771681743,0.01796,2966592360.9491577,58921566.93607562,Selsis,-0.30840006156580263,-0.7124884176865306,GP,0.14507257775125912,2.777201161262733e+24,0.12405876541975813,0.14507257775125912
481,4.97,0.84,1771.8044249632712,1650.0,5704.31897893951,0.01796,1451806712.4576037,59698402.35083853,Jackson,-0.3041860964623093,-0.7265812746087653,log,0.32926319025755796,2.543397023671881e+24,0.07900580807931468,0.32926319025755796
482,4.97,0.84,1771.8044249632712,1650.0,1913.455273623962,0.01796,5683691976.148957,59023692.97954532,Jackson,-0.46316291307627416,-0.6799901098208594,GP,0.06662338766568707,4.120568920461203e+23,0.6540700520942173,0.06662338766568707
483,4.97,0.84,1771.8044249632712,1650.0,1534.512624363505,0.01796,6226108782.023447,60910172.24946347,Selsis,-0.48954451025683104,-0.7819173334460018,log,0.09226107587125604,9.828351227225907e+23,0.7835541823124068,0.09226107587125604
484,4.97,0.84,1771.8044249632712,1650.0,6008.801528009577,0.01796,1372481903.2871938,45124235.31450072,Jackson,-0.32610658634385764,-0.6053890084540982,GP,0.4114217375994787,3.3449513786688363e+24,0.5221969724237506,0.4114217375994787
485,4.97,0.84,1771.8044249632712,1650.0,1882.3262552203414,0.01796,4973105547.638333,68434076.15133713,Selsis,-0.3483398745456213,-0.6622835405567931,linear,0.11607730357162763,1.9222791843862658e+24,0.6953186000591547,0.11607730357162763
486,4.97,0.84,1771.8044249632712,1650.0,1497.007223795086,0.01796,6392199358.301217,94876962.85652459,Selsis,-0.454291830110762,-0.7043717291788638,linear,0.27313013403349035,2.904413535383221e+24,0.9336206382958302,0.27313013403349035
487,4.97,0.84,1771.8044249632712,1650.0,2032.8426159331232,0.01796,5131269906.94851,48417562.696355335,Jackson,-0.30625462519863866,-0.6002717255283851,GP,0.19374502136131802,2.7982599493190574e+24,0.8244970948753236,0.19374502136131802
488,4.97,0.84,1771.8044249632712,1650.0,3303.569757105935,0.01796,2721056531.041272,49091751.40710327,Jackson,-0.37895754551423133,-0.6326714705766723,linear,0.2238037498643529,1.6326948656964267e+24,0.4061439255592718,0.2238037498643529
489,4.97,0.84,1771.8044249632712,1650.0,4124.020676670376,0.01796,2089220438.8932266,35175266.299624905,Jackson,-0.2863344692674556,-0.7966385218165489,linear,0.14758291752506894,1.5758745660740626e+24,0.11960574264358226,0.14758291752506894
490,4.97,0.84,1771.8044249632712,1650.0,1322.4568097793276,0.01796,10966790215.453194,12416491.883727722,Jackson,-0.38434571260467343,-0.6129559728387535,linear,0.14951822775954532,2.0083713683201816e+24,0.7299313596872529,0.14951822775954532
491,4.97,0.84,1771.8044249632712,1650.0,2176.6815761359294,0.01796,4651115174.60428,40001706.28990944,Jackson,-0.4008793146655668,-0.6727762837581563,GP,0.06678502033138761,4.885785480344987e+23,0.07603418558834596,0.06678502033138761
492,4.97,0.84,1771.8044249632712,1650.0,1465.9988252963783,0.01796,9073376145.642403,6619828.585206311,Jackson,-0.4092586285002175,-0.787556699974714,GP,0.06021872253467388,4.595737768536799e+23,0.017258364234024715,0.06021872253467388
493,4.97,0.84,1771.8044249632712,1650.0,2459.2021251235487,0.01796,3953394624.667208,93163399.9070889,Jackson,-0.33233859083572725,-0.7915021633838982,GP,0.21848531961380765,1.6174391259132899e+24,0.36708690596058347,0.21848531961380765
494,4.97,0.84,1771.8044249632712,1650.0,7171.80688335989,0.01796,1136263604.4122486,63512336.50028765,Jackson,-0.34049839993479386,-0.7717353218600733,GP,0.0541864515941567,2.8663749950805753e+23,0.1222831874585174,0.0541864515941567
495,4.97,0.84,1771.8044249632712,1650.0,1753.306965421389,0.01796,6603989580.878748,97765607.89099966,Jackson,-0.49974203225830355,-0.6686241458533567,linear,0.3948729010726355,2.2867661670809995e+24,0.5924624275342233,0.3948729010726355
496,4.97,0.84,1771.8044249632712,1650.0,884.113126195653,0.01796,11458435974.585543,44299624.17649435,Selsis,-0.32017095674026735,-0.6723570174920817,GP,0.07908546957414439,1.846701221569528e+24,0.14189520296537184,0.07908546957414439
497,4.97,0.84,1771.8044249632712,1650.0,9578.558664360371,0.01796,840878391.6090157,14252707.787933275,Jackson,-0.3974781922937781,-0.6257985790779019,linear,0.11319281243092287,5.988482731466274e+23,0.43144395123578305,0.11319281243092287
498,4.97,0.84,1771.8044249632712,1650.0,2706.3619782062897,0.01796,3488140574.727954,97258220.24040821,Jackson,-0.34072063661904656,-0.7264221038340876,log,0.19040944993453746,1.3266347489906763e+24,0.1273127864000988,0.19040944993453746
499,4.97,0.84,1771.8044249632712,1650.0,1420.57626232563,0.01796,9609005254.087358,41558541.3641752,Jackson,-0.43483586005301494,-0.6153592024860375,linear,0.28359386802705355,3.021151519853182e+24,0.26441114038854496,0.28359386802705355
500,4.97,0.84,1771.8044249632712,1650.0,1277.0592415028168,0.01796,11708237198.490402,85205715.97516795,Jackson,-0.32519697052097246,-0.6610979564419489,GP,0.3252768179834497,4.3520613384748304e+24,0.6052850578495902,0.3252768179834497
501,4.97,0.84,1771.8044249632712,1650.0,2102.4179797432803,0.01796,4484532686.421353,86415723.54960734,Selsis,-0.44053547539751986,-0.6376930153926295,linear,0.12108109530168504,1.4746375194390996e+24,0.23794274220403855,0.12108109530168504
502,4.97,0.84,1771.8044249632712,1650.0,2888.5757721496,0.01796,3213884775.917626,24695738.803034645,Jackson,-0.31071705508925657,-0.6129208515298187,linear,0.07833233270216772,9.608090642275329e+23,0.7460582853930918,0.07833233270216772
503,4.97,0.84,1771.8044249632712,1650.0,1093.0975036469079,0.01796,8976480895.10228,73945390.47655487,Selsis,-0.3595457553150537,-0.7059198404998389,GP,0.11773846306833273,1.873915607741216e+24,0.2913207604322733,0.11773846306833273
504,4.97,0.84,1771.8044249632712,1650.0,3027.3427450642475,0.01796,3031202309.462646,3036737.388736768,Jackson,-0.4291620550508339,-0.6812483355597929,linear,0.2544252201215583,1.641647166468652e+24,0.8722310131895583,0.2544252201215583
505,4.97,0.84,1771.8044249632712,1650.0,4835.406805617767,0.01796,1739034765.835729,57311609.908230126,Jackson,-0.30978074392895205,-0.6143052666392883,log,0.13155912107946532,1.2073906849220511e+24,0.28102417399542845,0.13155912107946532
506,4.97,0.84,1771.8044249632712,1650.0,1186.7094616097759,0.01796,8194633466.545857,91676169.80683772,Selsis,-0.451432451655476,-0.6980826765649357,linear,0.17124794771531632,1.942653860516638e+24,0.6609333681571865,0.17124794771531632
507,4.97,0.84,1771.8044249632712,1650.0,3244.1750576062664,0.01796,3045698467.0582066,31591901.93035889,Selsis,-0.2883823760749249,-0.7749529426527799,log,0.22118137920110822,5.359557543258933e+24,0.10531032055719758,0.22118137920110822
508,4.97,0.84,1771.8044249632712,1650.0,1991.2828687480628,0.01796,4717101166.670391,91356097.7902632,Selsis,-0.3271993317729379,-0.6345638455917904,linear,0.27792465387564497,4.988609291076191e+24,0.06302245669731943,0.27792465387564497
509,4.97,0.84,1771.8044249632712,1650.0,2302.4770809771117,0.01796,4124553756.1687956,81141187.17250055,Selsis,-0.4568349160216719,-0.7604495138147449,GP,0.14630185946199942,1.4571902840722566e+24,0.286976469443601,0.14630185946199942
510,4.97,0.84,1771.8044249632712,1650.0,4567.073077538385,0.01796,1856434143.6281028,58491123.63352531,Jackson,-0.4523425693606774,-0.7000866696549489,GP,0.05430444889110029,2.3668913760849278e+23,0.24150174490739396,0.05430444889110029
511,4.97,0.84,1771.8044249632712,1650.0,4694.691369864628,0.01796,1798551214.8027,22251261.478526223,Jackson,-0.35043987831680756,-0.7441310328427275,GP,0.09729850685765627,6.546135219561321e+23,0.5654897396059242,0.09729850685765627
512,4.97,0.84,1771.8044249632712,1650.0,4455.839997187588,0.01796,2313805588.3040195,35968819.98375913,Selsis,-0.4843556070115706,-0.6164147383237357,linear,0.0787530746691282,1.0330571690993779e+24,0.5353956188597369,0.0787530746691282
513,4.97,0.84,1771.8044249632712,1650.0,5142.331655402039,0.01796,1625391398.7562861,57846211.10459449,Jackson,-0.3632640556706879,-0.7774799123816908,log,0.14278615378356277,7.576106015476237e+23,0.5871957042168153,0.14278615378356277
514,4.97,0.84,1771.8044249632712,1650.0,2925.5880692656788,0.01796,3163137595.938464,23547452.31253185,Jackson,-0.4503863583940478,-0.7094497928959747,log,0.12232528225184758,6.815312737994595e+23,0.47956024217154236,0.12232528225184758
515,4.97,0.84,1771.8044249632712,1650.0,3822.8970675526393,0.01796,2282929886.0127273,53135378.24503536,Jackson,-0.47264523922449103,-0.6477678917312475,GP,0.11737271442201876,6.077364060774376e+23,0.8577144549270665,0.11737271442201876
516,4.97,0.84,1771.8044249632712,1650.0,5968.69893535255,0.01796,1382426230.3211722,73299473.9610199,Jackson,-0.3655741502644522,-0.6733941350758447,linear,0.08777788452473832,4.5210036282416036e+23,0.6340830358738005,0.08777788452473832
517,4.97,0.84,1771.8044249632712,1650.0,1340.1429824350041,0.01796,10699001647.704151,11395588.76311844,Jackson,-0.42729238312923234,-0.6752172817963156,linear,0.09523906956578308,8.781131743700558e+23,0.6855200927805044,0.09523906956578308
518,4.97,0.84,1771.8044249632712,1650.0,2275.310365055247,0.01796,4382940516.520346,12793643.853160698,Jackson,-0.4063174121947068,-0.617573685365069,GP,0.05098673372006839,4.5705328152518127e+23,0.30915671840606573,0.05098673372006839
519,4.97,0.84,1771.8044249632712,1650.0,1387.8446425432746,0.01796,10028976368.8922,3149767.059812737,Jackson,-0.36683251103280873,-0.6708707739827001,linear,0.21268467815869552,2.452591626401043e+24,0.47375138968400066,0.21268467815869552
520,4.97,0.84,1771.8044249632712,1650.0,1262.243446796883,0.01796,7661352207.311719,15413193.8393379,Selsis,-0.30288662444804365,-0.7338362905595844,log,0.05933264113046879,1.5081548685533237e+24,0.37556425293421336,0.05933264113046879
521,4.97,0.84,1771.8044249632712,1650.0,3462.5027466840247,0.01796,2880377761.692352,29742304.598121006,Selsis,-0.4513311880316564,-0.6293317018101836,GP,0.15467565703282835,2.142885844244755e+24,0.6120342215585858,0.15467565703282835
522,4.97,0.84,1771.8044249632712,1650.0,3339.8636313292996,0.01796,2684782591.2850904,29884907.0396451,Jackson,-0.4829672201297075,-0.6234404300299365,linear,0.32970401958969614,2.0830029730222532e+24,0.24783665610766048,0.32970401958969614
523,4.97,0.84,1771.8044249632712,1650.0,4061.93240585351,0.01796,2126482771.1567311,7672210.570244215,Jackson,-0.4860404042636659,-0.7615417027386941,GP,0.42307072285883157,1.9918844804456382e+24,0.03344198023893641,0.42307072285883157
524,4.97,0.84,1771.8044249632712,1650.0,1169.1367322525498,0.01796,8330247780.499658,79723401.97059421,Selsis,-0.3065026605802491,-0.718763455898665,linear,0.15915748008917363,3.344449591991012e+24,0.8353058964154209,0.15915748008917363
525,4.97,0.84,1771.8044249632712,1650.0,1424.9917968929822,0.01796,9554619889.04985,89960282.62343392,Jackson,-0.3305924447990389,-0.7315503832884932,log,0.08140200302101369,8.479475715518414e+23,0.8404287135133243,0.08140200302101369
526,4.97,0.84,1771.8044249632712,1650.0,1615.4420856368101,0.01796,7623585195.609572,23759890.747238,Jackson,-0.3386141949253531,-0.6074684904080075,GP,0.27118267975989363,3.8384286515626165e+24,0.2512616353986461,0.27118267975989363
527,4.97,0.84,1771.8044249632712,1650.0,2353.9775138991586,0.01796,4188970263.571501,53935731.48548162,Jackson,-0.4648665758679511,-0.780879948883484,GP,0.16536588226571766,7.992460236751496e+23,0.2731021125314447,0.16536588226571766
528,4.97,0.84,1771.8044249632712,1650.0,3933.652284034518,0.01796,2576495567.557237,79086579.4245527,Selsis,-0.3213656693430657,-0.791317551455885,GP,0.08072797832234616,1.248201104292852e+24,0.947150407309623,0.08072797832234616
529,4.97,0.84,1771.8044249632712,1650.0,3844.9073727033883,0.01796,2628820951.3651667,76198363.31995997,Selsis,-0.29663216505856876,-0.7642398543663059,linear,0.09370030768003054,1.7777053165037655e+24,0.18799990797816124,0.09370030768003054
530,4.97,0.84,1771.8044249632712,1650.0,2447.5051673085063,0.01796,3978344842.2618804,41606688.56701435,Jackson,-0.4735485711822518,-0.7264777642850988,log,0.24638380017813372,1.2873932100477846e+24,0.9057550018740812,0.24638380017813372
531,4.97,0.84,1771.8044249632712,1650.0,2952.2315848481244,0.01796,3303511738.3238964,93502618.05187073,Selsis,-0.33932019114652606,-0.6232164566821689,GP,0.06493472756249195,1.0355440122018587e+24,0.23953282721442648,0.06493472756249195
532,4.97,0.84,1771.8044249632712,1650.0,3726.6103515477535,0.01796,2702447228.2087555,58150752.26492724,Selsis,-0.2880833709874196,-0.6562682235392397,log,0.3047180055277035,7.017013051517711e+24,0.4429086140667793,0.3047180055277035
533,4.97,0.84,1771.8044249632712,1650.0,3543.2767124823617,0.01796,2497539010.3745565,46237553.16870356,Jackson,-0.3949256214899386,-0.661480091810764,log,0.06321023130999313,3.9514192629027005e+23,0.38176661836498615,0.06321023130999313
534,4.97,0.84,1771.8044249632712,1650.0,1281.0401066018906,0.01796,11639897440.844574,60159894.19522308,Jackson,-0.46762943955178876,-0.695433352216986,log,0.08790246174307363,6.50422556108955e+23,0.28289694152050604,0.08790246174307363
535,4.97,0.84,1771.8044249632712,1650.0,34035.2767356005,0.01796,486144110.27308923,45399872.69977601,Selsis,-0.3578270156979776,-0.6135592648919869,log,0.0815210446824255,9.079347549208937e+23,0.7817840962608811,0.0815210446824255
536,4.97,0.84,1771.8044249632712,1650.0,2426.7393552456697,0.01796,3931777159.6988144,60742674.272360146,Selsis,-0.48659267531876715,-0.6443710290751526,log,0.3353376346087513,4.0583459874738956e+24,0.05589910191487957,0.3353376346087513
537,4.97,0.84,1771.8044249632712,1650.0,3021.561473556126,0.01796,3038415614.4277864,91657122.4792601,Jackson,-0.4424410941174373,-0.6391591818047957,GP,0.14523112090594045,7.949951964710588e+23,0.869019192332833,0.14523112090594045
538,4.97,0.84,1771.8044249632712,1650.0,2742.496271099562,0.01796,3430274732.1042275,36692234.02618792,Jackson,-0.2882207544893616,-0.6559683481490272,log,0.07053025764046975,9.268466225052986e+23,0.5284836617437393,0.07053025764046975
539,4.97,0.84,1771.8044249632712,1650.0,3054.8753805108536,0.01796,2997294294.5294437,10860915.029777735,Jackson,-0.35695861265680834,-0.7469308646048881,linear,0.36859827724560723,2.798227601697288e+24,0.48426845206165037,0.36859827724560723
540,4.97,0.84,1771.8044249632712,1650.0,2743.55340564092,0.01796,3428609334.97999,30516873.99001481,Jackson,-0.4493011980280212,-0.7065900911539589,log,0.06149599641457991,3.461497021845064e+23,0.8555093140430466,0.06149599641457991
541,4.97,0.84,1771.8044249632712,1650.0,1932.474890288295,0.01796,5589001199.183223,3244599.7224954893,Jackson,-0.4227367533145936,-0.754166830831529,GP,0.10069859001876279,6.842659246314546e+23,0.2069843293190068,0.10069859001876279
542,4.97,0.84,1771.8044249632712,1650.0,3369.6102970471197,0.01796,2948124579.6896887,2734808.5984576144,Selsis,-0.4400094651250198,-0.7224691761375562,log,0.2037204807594101,2.7431757302270333e+24,0.8673061398777595,0.2037204807594101
543,4.97,0.84,1771.8044249632712,1650.0,1492.8713798405763,0.01796,8779760281.203007,15700694.315158509,Jackson,-0.3158190523940175,-0.6423234976125025,GP,0.053689976261159594,8.18563552635868e+23,0.3341831966520814,0.053689976261159594
544,4.97,0.84,1771.8044249632712,1650.0,2729.00783820776,0.01796,3451660198.562456,41106693.67035275,Jackson,-0.2874582099264216,-0.6536952097533035,GP,0.10531585427742374,1.3834729848928985e+24,0.6866082646418649,0.10531585427742374
545,4.97,0.84,1771.8044249632712,1650.0,5728.5005556185515,0.01796,1445170453.896267,69696760.4214253,Jackson,-0.305820931445825,-0.6567196015345671,GP,0.2030044537340917,1.5880755403297592e+24,0.1753407767792612,0.2030044537340917
546,4.97,0.84,1771.8044249632712,1650.0,817.2936929611284,0.01796,12587166963.128971,39865910.06168458,Selsis,-0.30727393807698866,-0.6711901985333647,log,0.3292667644008723,8.594216924012189e+24,0.3360699181842355,0.3292667644008723
547,4.97,0.84,1771.8044249632712,1650.0,3004.4985836404403,0.01796,3059897588.4420953,78795572.02297749,Jackson,-0.4088602160092206,-0.6700735992522722,GP,0.05876196331054499,3.3117032771342107e+23,0.5775618491435738,0.05876196331054499
548,4.97,0.84,1771.8044249632712,1650.0,2312.7738276119917,0.01796,4107768374.2213125,21597659.3656989,Selsis,-0.3933591164817367,-0.6689888950309985,GP,0.3061460849147245,4.749475814417823e+24,0.19754989688162206,0.3061460849147245
549,4.97,0.84,1771.8044249632712,1650.0,1558.2635765611565,0.01796,8128663718.755428,9004562.475525975,Jackson,-0.4562091472730532,-0.6074170729388262,log,0.21656110503453657,2.2979982971291824e+24,0.4465534621340751,0.21656110503453657
550,4.97,0.84,1771.8044249632712,1650.0,3081.865391746817,0.01796,2964751624.357973,11970822.033695674,Jackson,-0.29340022660463244,-0.7940820913758806,log,0.20078687630615394,2.3362880657952023e+24,0.15530126017866142,0.20078687630615394
551,4.97,0.84,1771.8044249632712,1650.0,1744.5382527862682,0.01796,5403487332.489167,19583662.216279354,Selsis,-0.39434165272026406,-0.6586925103658697,log,0.2386079933461739,3.917567173259214e+24,0.9158913461811617,0.2386079933461739
552,4.97,0.84,1771.8044249632712,1650.0,4868.772129930573,0.01796,1725914931.9156888,57003968.48993363,Jackson,-0.4473817383975143,-0.6952345714426379,linear,0.286801884418563,1.252854641907291e+24,0.9026431955558234,0.286801884418563
553,4.97,0.84,1771.8044249632712,1650.0,4833.419001676647,0.01796,2159782545.530727,2908691.041791888,Selsis,-0.31844718936924304,-0.7087443292332387,log,0.1519953931800552,3.119670508682413e+24,0.21795567548261308,0.1519953931800552
554,4.97,0.84,1771.8044249632712,1650.0,2111.4643118845756,0.01796,4845848140.373288,64931455.082585774,Jackson,-0.4904569570466547,-0.6048226890258628,log,0.1213431521585277,9.288201183925398e+23,0.1823345834202077,0.1213431521585277
555,4.97,0.84,1771.8044249632712,1650.0,3335.962308113042,0.01796,2973585004.702946,83570525.29529813,Selsis,-0.325897772736114,-0.7404689056768723,log,0.09518435866479423,1.4608649627098776e+24,0.6236270277501936,0.09518435866479423
556,4.97,0.84,1771.8044249632712,1650.0,3075.38943934758,0.01796,2972498080.861725,92442267.84054187,Jackson,-0.46252187095206465,-0.7757266871419112,linear,0.052140574351105674,2.0412428925158214e+23,0.06410981576969987,0.052140574351105674
557,4.97,0.84,1771.8044249632712,1650.0,1917.638985259273,0.01796,4886786295.0236,26140639.94687036,Selsis,-0.4459023686727057,-0.7189304111550021,GP,0.17798120685236168,2.3323121334986418e+24,0.4473997547829194,0.17798120685236168
558,4.97,0.84,1771.8044249632712,1650.0,876.8255971312556,0.01796,11571279580.434393,82372067.41406663,Selsis,-0.34955524529411564,-0.7695646285377192,GP,0.3095313705511537,4.941149718917025e+24,0.590265789870966,0.3095313705511537
559,4.97,0.84,1771.8044249632712,1650.0,1311.8388958799162,0.01796,7349537794.210071,48285192.3775731,Selsis,-0.44974911909062015,-0.6070223967379434,GP,0.0893449303940726,1.4736186030803685e+24,0.913256803905052,0.0893449303940726
560,4.97,0.84,1771.8044249632712,1650.0,3744.4497419541335,0.01796,2691045919.5167317,18179689.852183968,Selsis,-0.36288419753821266,-0.6287245430602935,GP,0.21836528706327207,3.8081807303736746e+24,0.5993446555061855,0.21836528706327207
561,4.97,0.84,1771.8044249632712,1650.0,992.615068367423,0.01796,10013198716.082743,84276796.0132408,Selsis,-0.28891078708508355,-0.7772276439238184,linear,0.0588254659453629,1.3933359797741383e+24,0.44943304838332454,0.0588254659453629
562,4.97,0.84,1771.8044249632712,1650.0,1980.6400528955617,0.01796,4740805961.463945,94771722.03389366,Selsis,-0.4055461649341616,-0.7854508256065517,GP,0.174488083482784,1.8571298530902672e+24,0.22407775657828355,0.174488083482784
563,4.97,0.84,1771.8044249632712,1650.0,26928.104718109695,0.01796,306782916.9072331,65954665.68209527,Jackson,-0.37873871180777535,-0.6576334041326332,log,0.2305171296710368,5.943939279211627e+23,0.096195992953929,0.2305171296710368
564,4.97,0.84,1771.8044249632712,1650.0,1813.0292140310814,0.01796,5179898721.580644,54301249.96109353,Selsis,-0.3696918110418354,-0.750214550411931,linear,0.1802056012410543,2.614591751660458e+24,0.4638984020144086,0.1802056012410543
565,4.97,0.84,1771.8044249632712,1650.0,4135.056122334282,0.01796,2466275499.063122,21474360.20008535,Selsis,-0.40549581511268773,-0.7688055174565108,log,0.40588780212549996,5.281238861561012e+24,0.9852689947749304,0.40588780212549996
566,4.97,0.84,1771.8044249632712,1650.0,1593.440573874364,0.01796,7811463210.2999735,11265384.523014829,Jackson,-0.4549577245561056,-0.6836541244184078,linear,0.47040009867028826,3.591170969334658e+24,0.6202678841655318,0.47040009867028826
567,4.97,0.84,1771.8044249632712,1650.0,2061.62805824558,0.01796,5011760287.640394,66412422.14907487,Jackson,-0.4377358058585606,-0.7512993935249982,GP,0.12966236014740484,6.933768901483351e+23,0.892413853310401,0.12966236014740484
568,4.97,0.84,1771.8044249632712,1650.0,1319.6943585166412,0.01796,7302614984.6252985,96085541.20942383,Selsis,-0.46189754906630387,-0.7136000692590052,log,0.24770928882769178,2.604589526268373e+24,0.21830041069280992,0.24770928882769178
569,4.97,0.84,1771.8044249632712,1650.0,1838.5139321820081,0.01796,5101557003.413232,32670090.79576112,Selsis,-0.4162641058341091,-0.6261383026480629,linear,0.05857805906428418,9.416427845737979e+23,0.806479585135282,0.05857805906428418
570,4.97,0.84,1771.8044249632712,1650.0,10201.400660963014,0.01796,1189057483.134001,18324982.87265021,Selsis,-0.476909378289115,-0.6674994315868986,linear,0.40818172425703153,4.6292660528078644e+24,0.26743749575292985,0.40818172425703153
571,4.97,0.84,1771.8044249632712,1650.0,3387.6447282213144,0.01796,2934684574.377955,86163750.66119944,Selsis,-0.4197676977434989,-0.7059299344616647,log,0.2685717120618883,2.812502533403266e+24,0.4915236625975272,0.2685717120618883
572,4.97,0.84,1771.8044249632712,1650.0,2730.272125957754,0.01796,3449644942.132412,77926413.65140064,Jackson,-0.3234280544215761,-0.6468277143806966,linear,0.40943976357606493,3.8004309199117935e+24,0.35015016369874097,0.40943976357606493
573,4.97,0.84,1771.8044249632712,1650.0,2690.23080545648,0.01796,3514677706.679382,43559082.538139336,Jackson,-0.41712207652564787,-0.6114111396784029,GP,0.3952837307977156,3.0832961677423895e+24,0.8317302594020851,0.3952837307977156
574,4.97,0.84,1771.8044249632712,1650.0,1846.6282680255508,0.01796,6039282822.885697,37703538.157567315,Jackson,-0.44637705446389675,-0.7191895332186713,log,0.06868856568147177,4.322059411305647e+23,0.2814469740865121,0.06868856568147177
575,4.97,0.84,1771.8044249632712,1650.0,1156.426819157966,0.01796,8431341412.238947,27599468.197559703,Selsis,-0.43691453254850177,-0.7437936082372507,log,0.12474009236985256,1.7155536125316062e+24,0.7654599652841321,0.12474009236985256
576,4.97,0.84,1771.8044249632712,1650.0,2717.9744606597137,0.01796,3469342790.7259817,37928610.019307196,Jackson,-0.2933861163027568,-0.6239801103352615,linear,0.3988868073332064,5.335145592195907e+24,0.474799547664544,0.3988868073332064
577,4.97,0.84,1771.8044249632712,1650.0,2269.6007901569005,0.01796,4397673094.284793,53616658.492123075,Jackson,-0.37830609961944933,-0.6212782429117827,log,0.16928918120828493,1.4945251212343355e+24,0.4651496967247595,0.16928918120828493
578,4.97,0.84,1771.8044249632712,1650.0,3725.570219038971,0.01796,2703115362.4726944,72038072.46046571,Selsis,-0.4373589038564139,-0.7278259105782576,log,0.15913746761380376,1.6464591753899723e+24,0.06181132106786702,0.15913746761380376
579,4.97,0.84,1771.8044249632712,1650.0,3510.1583586052757,0.01796,2526292197.137841,91417198.70890233,Jackson,-0.3652400604104453,-0.7342422463475967,log,0.3519186643141736,1.9339775704219023e+24,0.09227993836014192,0.3519186643141736
580,4.97,0.84,1771.8044249632712,1650.0,2651.676589837804,0.01796,3581386161.171745,51302756.31021776,Jackson,-0.36678672002536805,-0.7026124477631308,linear,0.47356629810100526,3.377181529194906e+24,0.857109899973196,0.47356629810100526
581,4.97,0.84,1771.8044249632712,1650.0,5287.7263074041775,0.01796,2002930432.5735357,19132006.269224554,Selsis,-0.3884761610762111,-0.6125897862531784,GP,0.22019369860045357,3.469571130970445e+24,0.971912039990151,0.22019369860045357
582,4.97,0.84,1771.8044249632712,1650.0,4034.171735017349,0.01796,2520003973.0346947,94270205.95542909,Selsis,-0.4326326375340058,-0.6802547186436104,GP,0.17032956699896595,1.688821592351089e+24,0.48481754191729576,0.17032956699896595
583,4.97,0.84,1771.8044249632712,1650.0,2395.8650505945216,0.01796,4092116116.3089266,45905142.5914874,Jackson,-0.38040184903577307,-0.7974243780936098,linear,0.12865193871729347,8.278166973486456e+23,0.008005865345868557,0.12865193871729347
584,4.97,0.84,1771.8044249632712,1650.0,2652.6216617846026,0.01796,3579722484.233127,63793945.73029607,Jackson,-0.28489739083394255,-0.6036649591448932,log,0.19471101639977545,2.7535527662163093e+24,0.3299303905067308,0.19471101639977545
585,4.97,0.84,1771.8044249632712,1650.0,5371.419225659819,0.01796,1976847047.288711,69192537.56696169,Selsis,-0.38785849713982956,-0.6528064208102676,GP,0.4810057909097448,5.864470755328503e+24,0.3110137739305664,0.4810057909097448
586,4.97,0.84,1771.8044249632712,1650.0,2429.4161462949583,0.01796,4017516184.670221,69741902.744235,Jackson,-0.48681590357228094,-0.6753990449400797,log,0.43765056797793445,2.305304953162254e+24,0.29062035280704845,0.43765056797793445
587,4.97,0.84,1771.8044249632712,1650.0,2515.7188168484204,0.01796,3805746881.9460025,16511818.688279945,Selsis,-0.40388538429773235,-0.6890006225082329,log,0.10357531556989202,1.5235976842991957e+24,0.011093818759560503,0.10357531556989202
588,4.97,0.84,1771.8044249632712,1650.0,3370.497071925562,0.01796,2654880882.785328,92071509.28063294,Jackson,-0.31748366605747147,-0.6245722382153039,linear,0.2593323460640488,2.3146276583934694e+24,0.8223942382621572,0.2593323460640488
589,4.97,0.84,1771.8044249632712,1650.0,2240.3508746716584,0.01796,4474621615.366234,15856642.74198068,Jackson,-0.3829773181784762,-0.6478808220365504,linear,0.21848613060279803,1.8972999197441736e+24,0.2632908982536134,0.21848613060279803
590,4.97,0.84,1771.8044249632712,1650.0,5321.279679391035,0.01796,1565755973.8158853,67195733.78072065,Jackson,-0.461647594643415,-0.6903597499768894,linear,0.29382424559018644,1.1759766086295823e+24,0.9369374186350843,0.29382424559018644
591,4.97,0.84,1771.8044249632712,1650.0,1686.334564627191,0.01796,7067513551.558746,99986564.97428712,Jackson,-0.31484512077173155,-0.6145138745020522,GP,0.13003342319819153,1.7128704520860208e+24,0.4592835738150224,0.13003342319819153
592,4.97,0.84,1771.8044249632712,1650.0,5110.587855760314,0.01796,2060865470.9999325,72946139.96626157,Selsis,-0.4168809817900049,-0.7426026721423403,linear,0.08925984937208552,9.146336757245178e+23,0.3648904198869277,0.08925984937208552
593,4.97,0.84,1771.8044249632712,1650.0,1329.656767225989,0.01796,7244020269.76658,40534082.7418407,Selsis,-0.42694285717226066,-0.7708774223458708,linear,0.34588082400565984,4.503024810529125e+24,0.2077325101045896,0.34588082400565984
594,4.97,0.84,1771.8044249632712,1650.0,3209.051441014548,0.01796,2820084560.185651,64314943.54405309,Jackson,-0.30432833908564744,-0.7878621515041542,log,0.1814537380396685,1.6454276726053092e+24,0.9725095915140278,0.1814537380396685
595,4.97,0.84,1771.8044249632712,1650.0,4658.826498981466,0.01796,1814456576.665985,63340451.90577771,Jackson,-0.3767018714633864,-0.6457326374729648,log,0.3084675623120959,1.8252327817372995e+24,0.1883801247834479,0.3084675623120959
596,4.97,0.84,1771.8044249632712,1650.0,6154.81752303585,0.01796,1766017279.629125,74725877.99761185,Selsis,-0.41050678378105715,-0.7281304593500816,log,0.12000642118956426,1.218970129669089e+24,0.6126523670570037,0.12000642118956426
597,4.97,0.84,1771.8044249632712,1650.0,3852.8118681109986,0.01796,2624062594.7525578,46926512.04150289,Selsis,-0.4349469210893408,-0.6385177889289075,GP,0.09830918675525083,1.2671998317815807e+24,0.2777589713097717,0.09830918675525083
598,4.97,0.84,1771.8044249632712,1650.0,1381.4555022081993,0.01796,6955050875.976403,8987554.608192906,Selsis,-0.4434801011953452,-0.6487872409956796,GP,0.22684316996792966,3.6389856733938976e+24,0.13829895652796087,0.22684316996792966
599,4.97,0.84,1771.8044249632712,1650.0,3922.980962722101,0.01796,2582662438.9877195,18719491.09190955,Selsis,-0.36990930104239067,-0.6176069234645007,log,0.2473253424490336,4.268536078827766e+24,0.26311679365476603,0.2473253424490336
600,4.97,0.84,1771.8044249632712,1650.0,1493.5769934221803,0.01796,8772267598.605282,79940408.42353667,Jackson,-0.4283159066638115,-0.7650481421393713,linear,0.07072326502903675,4.310357774069494e+23,0.25484142753430616,0.07072326502903675
601,4.97,0.84,1771.8044249632712,1650.0,2462.6972938744634,0.01796,3879722001.0882854,55804821.38165898,Selsis,-0.386836277648091,-0.6416468294321696,linear,0.22728887030238937,3.3608328516701637e+24,0.5807750340560168,0.22728887030238937
602,4.97,0.84,1771.8044249632712,1650.0,7979.881986407785,0.01796,1437734367.1762185,19214468.775412127,Selsis,-0.4291808033995116,-0.7724263023175242,log,0.10441850365181994,1.2113028418418035e+24,0.976850171976875,0.10441850365181994
603,4.97,0.84,1771.8044249632712,1650.0,4790.701705962844,0.01796,2176018016.187734,16041081.141841054,Selsis,-0.4640439806139361,-0.6900336098025234,log,0.11541572991133212,1.4194110127755053e+24,0.9545512994914473,0.11541572991133212
604,4.97,0.84,1771.8044249632712,1650.0,1433.4302811381235,0.01796,6689174275.874483,48847867.47033968,Selsis,-0.4238468788805261,-0.7925267866709144,GP,0.06789762399791202,8.473590272570065e+23,0.049200012662621195,0.06789762399791202
605,4.97,0.84,1771.8044249632712,1650.0,1757.094915632177,0.01796,6579330621.364419,96295233.3375068,Jackson,-0.343354041719173,-0.7514530572905063,linear,0.08608901051056217,7.036962032204906e+23,0.9196399958973701,0.08608901051056217
606,4.97,0.84,1771.8044249632712,1650.0,2702.55353540076,0.01796,3494347777.176291,34523016.7560742,Jackson,-0.34014370611733197,-0.6428458276592649,linear,0.07619114754654412,7.28560289208324e+23,0.6141103908927182,0.07619114754654412
607,4.97,0.84,1771.8044249632712,1650.0,2754.203699538284,0.01796,3411916468.848086,92769680.70254047,Jackson,-0.32465871324648504,-0.6907764134276717,linear,0.07439016526240537,6.058059028243986e+23,0.9855608101542409,0.07439016526240537
608,4.97,0.84,1771.8044249632712,1650.0,3010.0110504742033,0.01796,3052925793.2349567,37059232.87700803,Jackson,-0.3851797920507496,-0.7955171301616129,GP,0.17210384390243758,1.0371160038756794e+24,0.17726722308096177,0.17210384390243758
609,4.97,0.84,1771.8044249632712,1650.0,2965.3300945747073,0.01796,3110324738.1020503,9442110.929178607,Jackson,-0.4683695526587209,-0.6586851543804091,GP,0.2753999859291082,1.7139583913280362e+24,0.6302522125706146,0.2753999859291082
610,4.97,0.84,1771.8044249632712,1650.0,2431.320810140291,0.01796,4013357664.24255,17180854.944698226,Jackson,-0.4105897747209991,-0.6638458424377267,GP,0.07168925543439034,5.24761976024142e+23,0.3261723464791003,0.07168925543439034
611,4.97,0.84,1771.8044249632712,1650.0,1863.6815777959137,0.01796,5944983511.789866,29225604.038204942,Jackson,-0.34085910513102535,-0.6178139760192128,GP,0.4613322908321949,5.658816109472881e+24,0.6993313317956601,0.4613322908321949
612,4.97,0.84,1771.8044249632712,1650.0,2115.5866158752265,0.01796,4833091454.485908,8656290.91258977,Jackson,-0.31389051528966827,-0.6748721564304911,GP,0.31621862719807525,3.8859701859274855e+24,0.5612297937818175,0.31621862719807525
613,4.97,0.84,1771.8044249632712,1650.0,2293.5901190968116,0.01796,4336387303.963296,19660671.197649542,Jackson,-0.4511739954080148,-0.6120100211575703,GP,0.3639501841128491,3.0015572230602385e+24,0.33944826645859494,0.3639501841128491
614,4.97,0.84,1771.8044249632712,1650.0,2770.5611972385905,0.01796,3490895002.4257827,70208212.06600128,Selsis,-0.36874880158575785,-0.6458366818246203,log,0.09651387447023177,1.4079016049317e+24,0.284533159831697,0.09651387447023177
615,4.97,0.84,1771.8044249632712,1650.0,3253.7440831777153,0.01796,2772412926.159631,90782336.33770779,Jackson,-0.48545719231492596,-0.7873644410491207,log,0.18072662535548395,6.634554525366767e+23,0.7088543127402351,0.18072662535548395
616,4.97,0.84,1771.8044249632712,1650.0,64486.866183472775,0.01796,308588815.102134,1365659.907090922,Selsis,-0.3618602443301523,-0.7039277706453961,log,0.05247510479507415,5.694385150682656e+23,0.74649180971704,0.05247510479507415
617,4.97,0.84,1771.8044249632712,1650.0,3779.38520902565,0.01796,2669030752.3654256,34497566.772025675,Selsis,-0.40266125074471776,-0.7873413352577708,GP,0.07037061043763974,8.899190465225365e+23,0.53510344439341,0.07037061043763974
618,4.97,0.84,1771.8044249632712,1650.0,4343.822994828208,0.01796,1966997700.056997,13518557.56338627,Jackson,-0.45512822239118456,-0.7999268615708742,log,0.3454714435031599,1.6151262880691226e+24,0.8986280252201986,0.3454714435031599
619,4.97,0.84,1771.8044249632712,1650.0,3445.6525310382276,0.01796,2584162308.976228,27934813.897796035,Jackson,-0.3185343389013894,-0.677146807577554,GP,0.05826869971996879,5.569162269171131e+23,0.29909035762603664,0.05826869971996879
620,4.97,0.84,1771.8044249632712,1650.0,5645.514400227423,0.01796,1896667103.3549385,88985277.91270809,Selsis,-0.3298184850671623,-0.7646395562468233,linear,0.09599197597604119,1.2881943803181665e+24,0.8503471561445566,0.09599197597604119
621,4.97,0.84,1771.8044249632712,1650.0,2482.0389771658165,0.01796,3852361445.2874146,37222879.06305507,Selsis,-0.31232989494864083,-0.6792784043026673,log,0.06574889629864397,1.403967121767834e+24,0.9995158754028968,0.06574889629864397
622,4.97,0.84,1771.8044249632712,1650.0,1991.6140220224722,0.01796,5311209338.551185,81789920.8150652,Jackson,-0.38840844532917024,-0.6021623015306805,linear,0.28618258651511214,2.671051080405272e+24,0.5419743084810954,0.28618258651511214
623,4.97,0.84,1771.8044249632712,1650.0,1273.8741087393735,0.01796,7585715831.049238,91134504.85660923,Selsis,-0.35713250451434103,-0.6189837337015444,log,0.14015763706437653,2.47668607445871e+24,0.760048890400522,0.14015763706437653
624,4.97,0.84,1771.8044249632712,1650.0,3081.047682026528,0.01796,3184007663.242833,40371162.12725592,Selsis,-0.3823781743073432,-0.7673443174656155,log,0.3170953758097173,4.3052187885369133e+24,0.6928144921261299,0.3170953758097173
625,4.97,0.84,1771.8044249632712,1650.0,9515.826027605717,0.01796,1254215275.3122687,20207206.911929917,Selsis,-0.3370537062564389,-0.6238038270894045,linear,0.17910566946082046,3.0577675919591403e+24,0.8511454735497486,0.17910566946082046
626,4.97,0.84,1771.8044249632712,1650.0,3907.0496208060663,0.01796,2591931638.5964403,23090693.14203735,Selsis,-0.3833972419723479,-0.6079592103263898,linear,0.1573700308011421,2.638054619870444e+24,0.5182567487400095,0.1573700308011421
627,4.97,0.84,1771.8044249632712,1650.0,2225.631838923144,0.01796,4254895420.374829,60853435.334448956,Selsis,-0.34117928667650693,-0.68391210025606,linear,0.35134625262205965,5.871323256858011e+24,0.6710036794910816,0.35134625262205965
628,4.97,0.84,1771.8044249632712,1650.0,4007.390489939015,0.01796,2160304934.060893,27536848.859453734,Jackson,-0.3881110158056068,-0.6106407922377972,linear,0.2581991696047018,1.9380039416685888e+24,0.05463473897440774,0.2581991696047018
629,4.97,0.84,1771.8044249632712,1650.0,1514.6373712872803,0.01796,8553515472.655485,89105494.04078694,Jackson,-0.3139190580079482,-0.6179420034116346,log,0.2529618206010109,3.636280000430123e+24,0.012024760463499762,0.2529618206010109
630,4.97,0.84,1771.8044249632712,1650.0,3573.7293956431968,0.01796,2803837520.7124643,74435681.15619451,Selsis,-0.43013337997853873,-0.7508314471835371,linear,0.2234077318564462,2.299178996764601e+24,0.8089810059738018,0.2234077318564462
631,4.97,0.84,1771.8044249632712,1650.0,4158.969429788573,0.01796,2454112238.6900916,64765326.94304517,Selsis,-0.4949778046923356,-0.6565220670448314,linear,0.4136822646859753,4.4222937688855303e+24,0.41332393846963467,0.4136822646859753
632,4.97,0.84,1771.8044249632712,1650.0,14954.39415424268,0.01796,541564381.9768333,44276100.45135434,Jackson,-0.4019410500182938,-0.6591585634287703,GP,0.1318638074381506,4.841327275937969e+23,0.12449894908210568,0.1318638074381506
633,4.97,0.84,1771.8044249632712,1650.0,3790.9173340737375,0.01796,2305579415.1718545,27762663.73341869,Jackson,-0.4251939723664592,-0.7360593582737062,GP,0.07327133758671928,3.832776209952748e+23,0.7161578408739463,0.07327133758671928
634,4.97,0.84,1771.8044249632712,1650.0,2796.303963690858,0.01796,3462861310.6991906,26572407.45232082,Selsis,-0.34444209795027175,-0.6926990889519854,log,0.31440900295693547,5.561941445560951e+24,0.20425032035104196,0.31440900295693547
635,4.97,0.84,1771.8044249632712,1650.0,3981.408287193948,0.01796,2176789328.920305,79859544.51826857,Jackson,-0.4772385004873562,-0.7626413554836586,log,0.05109089313533223,1.8989002878801893e+23,0.7143543549105268,0.05109089313533223
636,4.97,0.84,1771.8044249632712,1650.0,1178.1311009976082,0.01796,8260245484.762228,29080378.81302504,Selsis,-0.49473586702044076,-0.629021099238988,linear,0.14376906162660766,2.2564449979177812e+24,0.8521899699998825,0.14376906162660766
637,4.97,0.84,1771.8044249632712,1650.0,3204.763700007798,0.01796,2824740780.122515,86150331.13870463,Jackson,-0.49259629073773525,-0.617488163441671,linear,0.05481590685217981,3.035268894706471e+23,0.4546515838832711,0.05481590685217981
638,4.97,0.84,1771.8044249632712,1650.0,3369.7678607784437,0.01796,2655585242.8425984,83566079.85482955,Jackson,-0.4165415293862025,-0.7784980365282241,linear,0.32109884741167344,1.4221400865983898e+24,0.02858400524085236,0.32109884741167344
639,4.97,0.84,1771.8044249632712,1650.0,1878.1849673324236,0.01796,4984420553.687522,81541743.82592581,Selsis,-0.2844766016669845,-0.7416751940175235,log,0.056494665374793744,1.2959008400019864e+24,0.9942167920928259,0.056494665374793744
640,4.97,0.84,1771.8044249632712,1650.0,3007.6628277736727,0.01796,3055891951.4116807,87471902.81660984,Jackson,-0.43754532623450443,-0.798836552865752,GP,0.2365345311411417,9.926394143316484e+23,0.6153435666427209,0.2365345311411417
641,4.97,0.84,1771.8044249632712,1650.0,3352.513133151265,0.01796,2960998249.159102,69666409.13204576,Selsis,-0.4420219906358725,-0.636662556889905,GP,0.262468795000774,3.1487840391566946e+24,0.2956014626418185,0.262468795000774
642,4.97,0.84,1771.8044249632712,1650.0,11639.91453578207,0.01796,1075514441.7221084,51851485.157456875,Selsis,-0.3879821711627464,-0.6272999797693138,log,0.3733524197452964,4.4906274176492616e+24,0.32774598017581713,0.3733524197452964
643,4.97,0.84,1771.8044249632712,1650.0,3395.2676458465553,0.01796,2631165742.8675976,82846306.24561891,Jackson,-0.37089623344626776,-0.7402367123133626,GP,0.14770113223849277,8.168201717361744e+23,0.015742128270474054,0.14770113223849277
644,4.97,0.84,1771.8044249632712,1650.0,1603.225654467012,0.01796,7726945192.293476,69758145.8849217,Jackson,-0.4575216148832139,-0.6350650184186245,linear,0.3800183046533525,3.058145324257857e+24,0.3752001656191525,0.3800183046533525
645,4.97,0.84,1771.8044249632712,1650.0,13371.079469563892,0.01796,968364148.2550557,1517298.0806212057,Selsis,-0.4712202090437803,-0.7307361832265205,linear,0.46721803605780127,5.303176092915862e+24,0.006079655702819542,0.46721803605780127
646,4.97,0.84,1771.8044249632712,1650.0,1593.8448846657182,0.01796,5969065476.933127,9643326.29802058,Selsis,-0.45201309730705924,-0.7681255281231939,GP,0.10455385622874394,1.3935721075959285e+24,0.7085636631196431,0.10455385622874394
647,4.97,0.84,1771.8044249632712,1650.0,11116.422913275908,0.01796,724994045.7629879,62307475.873510435,Jackson,-0.4052183394433194,-0.6145354022135404,log,0.12647834804716893,5.258734452039432e+23,0.3800057490433676,0.12647834804716893
648,4.97,0.84,1771.8044249632712,1650.0,811.3553804127101,0.01796,12698712300.481808,68316509.35314167,Selsis,-0.376154208390543,-0.7000250671715494,log,0.19582687346966138,3.1354567333967836e+24,0.07092529007036841,0.19582687346966138
649,4.97,0.84,1771.8044249632712,1650.0,2528.025341929869,0.01796,3789031208.794599,93084731.91176964,Selsis,-0.48034548289892703,-0.7713334069838566,linear,0.16208451931406107,1.4626168351954704e+24,0.3268198367584154,0.16208451931406107
650,4.97,0.84,1771.8044249632712,1650.0,2433.0061281335047,0.01796,4009684773.5038505,21843406.584496103,Jackson,-0.40281865797317,-0.7345283770329685,log,0.05446177114777841,3.560444429101023e+23,0.8353954965899384,0.05446177114777841
651,4.97,0.84,1771.8044249632712,1650.0,3328.615279537803,0.01796,2979212087.726174,84138478.86690679,Selsis,-0.477021944434285,-0.6123627801691376,linear,0.06639130109279329,7.790129609119964e+23,0.28840430092283,0.06639130109279329
652,4.97,0.84,1771.8044249632712,1650.0,2891.3934102383046,0.01796,3209966998.8174925,37540851.89543103,Jackson,-0.31321544176053173,-0.7405999932640549,GP,0.17876932236347967,1.7343992591468324e+24,0.5315688911791283,0.17876932236347967
653,4.97,0.84,1771.8044249632712,1650.0,2099.8133018956673,0.01796,4489689689.132309,7447138.98492034,Selsis,-0.4715037339242101,-0.7000889470601002,GP,0.2613616593688494,3.5165912979829684e+24,0.581970581684675,0.2613616593688494
654,4.97,0.84,1771.8044249632712,1650.0,1688.5346649601315,0.01796,7051376603.219653,71566261.79052696,Jackson,-0.3268637745292817,-0.7427076665075586,GP,0.12304622627827527,1.2284644496487573e+24,0.2310571973745582,0.12304622627827527
655,4.97,0.84,1771.8044249632712,1650.0,8990.594584208196,0.01796,896902049.9491842,3173032.2356185904,Jackson,-0.3815641874234818,-0.772758487282727,linear,0.27704405283081956,1.3994901440136083e+24,0.5655832752616132,0.27704405283081956
656,4.97,0.84,1771.8044249632712,1650.0,2083.3735101901775,0.01796,4522548869.8649845,83088823.6099117,Selsis,-0.3284323523342151,-0.7694317594860952,GP,0.3077785858146208,4.904704651667952e+24,0.1281438917801333,0.3077785858146208
657,4.97,0.84,1771.8044249632712,1650.0,4535.531370828606,0.01796,1871308647.6537876,3255061.748464695,Jackson,-0.3842345951069144,-0.7734584568004413,GP,0.07397442492602264,4.444841989947843e+23,0.49123303391945417,0.07397442492602264
658,4.97,0.84,1771.8044249632712,1650.0,3467.881904190706,0.01796,2563934192.3324676,5826496.651849302,Jackson,-0.3770506001409578,-0.6535491741852908,GP,0.055744299483269776,4.260754220186648e+23,0.25149506729408444,0.055744299483269776
659,4.97,0.84,1771.8044249632712,1650.0,2652.5807676386935,0.01796,3628762975.2902584,67698364.85905337,Selsis,-0.4322281540217682,-0.6691263670845499,linear,0.12113456300397836,1.4400264729280095e+24,0.7660761050002537,0.12113456300397836
660,4.97,0.84,1771.8044249632712,1650.0,3130.835759837974,0.01796,2907401554.7113695,60222221.203794435,Jackson,-0.49334033978022523,-0.7881121356996637,linear,0.05604113774343358,2.306418286091356e+23,0.36087140452015753,0.05604113774343358
661,4.97,0.84,1771.8044249632712,1650.0,2035.338619491344,0.01796,5120713588.048887,57943306.1296934,Jackson,-0.32022387368801947,-0.6823615998532438,log,0.13402659105217615,1.4179359824567912e+24,0.28738417955271467,0.13402659105217615
662,4.97,0.84,1771.8044249632712,1650.0,7503.399932121001,0.01796,1083353775.563096,1438210.1866650784,Jackson,-0.36547811401443087,-0.6290792319328952,linear,0.49036489208255746,3.325129114571261e+24,0.06130405867040334,0.49036489208255746
663,4.97,0.84,1771.8044249632712,1650.0,10016.296859953558,0.01796,1205826975.0620701,38948951.17307935,Selsis,-0.49672287432487033,-0.760899928776471,log,0.06631832870407153,6.492103412156368e+23,0.08304444327368765,0.06631832870407153
664,4.97,0.84,1771.8044249632712,1650.0,2445.211424438793,0.01796,3983272178.5610313,78712926.70856118,Jackson,-0.3537646116830951,-0.7397067070695023,log,0.07119688698102929,4.96506340326915e+23,0.11626785664811834,0.07119688698102929
665,4.97,0.84,1771.8044249632712,1650.0,3477.961416717726,0.01796,2869450879.9778595,32287045.85780909,Selsis,-0.4171143737819081,-0.7893881032697836,log,0.14459761327421206,1.7889408250178333e+24,0.10567415231932153,0.14459761327421206
666,4.97,0.84,1771.8044249632712,1650.0,1310.4991210375772,0.01796,7357605093.933699,76043505.45835756,Selsis,-0.3793134697316607,-0.6685718068058716,log,0.28782733727318816,4.302629495667976e+24,0.986280218321901,0.28782733727318816
667,4.97,0.84,1771.8044249632712,1650.0,3460.870103638235,0.01796,2570281795.4767265,49165918.39775542,Jackson,-0.4528252360443379,-0.7910523326520494,GP,0.14536684838839734,6.499570472212458e+23,0.32141318029687105,0.14536684838839734
668,4.97,0.84,1771.8044249632712,1650.0,2086.4185002821937,0.01796,4924721089.593081,11291798.510984419,Jackson,-0.33712563426231223,-0.7503092252388441,GP,0.4067476065169235,3.921341539548104e+24,0.531736533596588,0.4067476065169235
669,4.97,0.84,1771.8044249632712,1650.0,4780.271119831241,0.01796,2180025312.5703335,70503302.12883571,Selsis,-0.3677363963786727,-0.7066750909778171,GP,0.3109405439457247,3.886865327091182e+24,0.01323268428487867,0.3109405439457247
670,4.97,0.84,1771.8044249632712,1650.0,1699.969261496652,0.01796,5560150503.957979,91938444.66759147,Selsis,-0.4773676383754955,-0.7810221806192055,GP,0.06586970969657735,6.225101135187677e+23,0.3577623746859755,0.06586970969657735
671,4.97,0.84,1771.8044249632712,1650.0,3997.840426550661,0.01796,2540095051.360306,2186039.8909662263,Selsis,-0.46533694492271854,-0.6517713715966956,linear,0.08563769728121005,1.1942527508063001e+24,0.6370041255766218,0.08563769728121005
672,4.97,0.84,1771.8044249632712,1650.0,2933.71778642268,0.01796,3321546530.3085685,26749792.535527103,Selsis,-0.28041868723569446,-0.6830702019341262,linear,0.07893767093053972,2.172779270533856e+24,0.10347806335772003,0.07893767093053972
673,4.97,0.84,1771.8044249632712,1650.0,1506.4707058231752,0.01796,6350403660.042061,50529489.80978551,Selsis,-0.33649483644016925,-0.6508129796998448,linear,0.10674036984597982,2.107576969456886e+24,0.09783431849154844,0.10674036984597982
674,4.97,0.84,1771.8044249632712,1650.0,1583.8045298413638,0.01796,6010996492.5219965,90624514.49166478,Selsis,-0.3323261034954882,-0.7190944224845162,GP,0.071497115290871,1.1618973204056242e+24,0.897660979104186,0.071497115290871
675,4.97,0.84,1771.8044249632712,1650.0,2288.795196407811,0.01796,4348508874.897823,17759311.856000677,Jackson,-0.3381243735711906,-0.6981936897314318,GP,0.41863922012660537,4.0402755536685007e+24,0.5266271966464591,0.41863922012660537
676,4.97,0.84,1771.8044249632712,1650.0,1747.9117451318486,0.01796,5392003000.342144,36238221.50859312,Selsis,-0.3255737883092471,-0.7312942946265164,linear,0.17002063631370185,3.3633969565906124e+24,0.6672587004187,0.17002063631370185
677,4.97,0.84,1771.8044249632712,1650.0,4476.674388161188,0.01796,1899699595.2087264,72774622.96029928,Jackson,-0.4633938077668555,-0.6130756457144,linear,0.055210194769218846,2.9032662026197872e+23,0.2699593577294024,0.055210194769218846
678,4.97,0.84,1771.8044249632712,1650.0,3510.4487278415295,0.01796,2526037334.3989167,6524390.647821877,Jackson,-0.4368820213175532,-0.6410926380926388,GP,0.08678417937079737,5.7252568228535074e+23,0.7059988020815999,0.08678417937079737
679,4.97,0.84,1771.8044249632712,1650.0,6868.2544291059385,0.01796,1189526022.0213656,14388481.027574234,Jackson,-0.3653200473083624,-0.7780183933459737,linear,0.2425213792423266,1.355779957253406e+24,0.4106501304133712,0.2425213792423266
680,4.97,0.84,1771.8044249632712,1650.0,3510.432054667175,0.01796,2526051967.430888,84199277.09194626,Jackson,-0.45896012116179136,-0.6177589282240697,linear,0.33401052296527695,1.8564517270838724e+24,0.2480402326982153,0.33401052296527695
681,4.97,0.84,1771.8044249632712,1650.0,3486.263711356449,0.01796,2547435801.646997,56664766.07136713,Jackson,-0.4675829283052703,-0.6976231063227847,GP,0.0710393761418909,3.3336484228705526e+23,0.07953080244553745,0.0710393761418909
682,4.97,0.84,1771.8044249632712,1650.0,3412.4704883774966,0.01796,2614933933.3341036,75160948.4470184,Jackson,-0.3515890267852694,-0.7150956080300319,linear,0.16618528420954903,1.0703278556864911e+24,0.7118120894610683,0.16618528420954903
683,4.97,0.84,1771.8044249632712,1650.0,1727.190484701932,0.01796,6778388796.436106,56393085.28321504,Jackson,-0.28165805999613336,-0.6209306001415065,linear,0.38822180635598313,6.74208210967627e+24,0.698647889275725,0.38822180635598313
684,4.97,0.84,1771.8044249632712,1650.0,10987.377840964813,0.01796,1123676059.9863517,56825299.16466225,Selsis,-0.32877574799447756,-0.72273224913298,log,0.06734318629622839,9.443809946945283e+23,0.3355997130098336,0.06734318629622839
685,4.97,0.84,1771.8044249632712,1650.0,5503.655303925183,0.01796,1937200881.1908448,72491097.87379375,Selsis,-0.46628268275531026,-0.7967304067123017,linear,0.2825329070087118,2.5828614885236297e+24,0.7648712581981778,0.2825329070087118
686,4.97,0.84,1771.8044249632712,1650.0,1536.7498453161345,0.01796,8333593733.980566,74786747.18398473,Jackson,-0.4168807834391625,-0.7670029511043303,log,0.20587879704809625,1.2991601092827608e+24,0.8496979893616945,0.20587879704809625
687,4.97,0.84,1771.8044249632712,1650.0,3058.1504833733843,0.01796,2993309041.1920767,15119928.473980932,Jackson,-0.43594904776868815,-0.6332639737449972,GP,0.29119489207821264,2.029605487990319e+24,0.18386048739080885,0.29119489207821264
688,4.97,0.84,1771.8044249632712,1650.0,13012.594236126475,0.01796,620906626.5138086,99606171.14899988,Jackson,-0.3511598206120861,-0.6579955834216977,GP,0.27348833156425617,9.692126779735217e+23,0.48938325238804914,0.27348833156425617
689,4.97,0.84,1771.8044249632712,1650.0,3884.528552703715,0.01796,2605164459.824224,22759749.98462958,Selsis,-0.389879236687257,-0.6125601994555924,log,0.40519168948897005,6.601052566363982e+24,0.3400579319472139,0.40519168948897005
690,4.97,0.84,1771.8044249632712,1650.0,1386.9032404035763,0.01796,6926119955.567148,48102761.53894297,Selsis,-0.4362464709501442,-0.6017048812029056,GP,0.2469226413460518,4.1936898389650136e+24,0.605249476399702,0.2469226413460518
691,4.97,0.84,1771.8044249632712,1650.0,1025.3094517509119,0.01796,9649233609.143856,23778309.356439732,Selsis,-0.4785755667774648,-0.6109760014518285,log,0.07763832460237177,1.3708313487698818e+24,0.29695497245000957,0.07763832460237177
692,4.97,0.84,1771.8044249632712,1650.0,1892.1313284274006,0.01796,5793174537.140967,96989737.4118108,Jackson,-0.4030635765852676,-0.6527912731604459,linear,0.19604944046943565,1.4089062684334584e+24,0.3099264067577163,0.19604944046943565
693,4.97,0.84,1771.8044249632712,1650.0,2147.5355201468483,0.01796,4736306818.478476,22752208.66286372,Jackson,-0.41731874194529817,-0.6299169530985371,linear,0.08267574862353101,6.899572979412127e+23,0.37123960667070866,0.08267574862353101
694,4.97,0.84,1771.8044249632712,1650.0,13866.19504484036,0.01796,583256478.777997,95116953.03074788,Jackson,-0.4193943737132328,-0.7420473991998706,linear,0.09396740592516914,2.328071212729878e+23,0.7071306038549356,0.09396740592516914
695,4.97,0.84,1771.8044249632712,1650.0,4304.900627568911,0.01796,2382767660.220101,50260843.32133946,Selsis,-0.4662953355572479,-0.6115721598446571,log,0.3899879108449069,5.027889150091124e+24,0.3984604908535364,0.3899879108449069
696,4.97,0.84,1771.8044249632712,1650.0,1232.744379018347,0.01796,7860607516.904815,57964050.89968517,Selsis,-0.33919414678285315,-0.7236809137164438,GP,0.21106486694595272,3.7844227506186445e+24,0.7189161333660371,0.21106486694595272
697,4.97,0.84,1771.8044249632712,1650.0,2897.289990868937,0.01796,3201797532.5451093,81648060.68857126,Jackson,-0.3481258279866801,-0.7800366910730392,linear,0.4518237360441565,2.9423686228552566e+24,0.3300155486401496,0.4518237360441565
698,4.97,0.84,1771.8044249632712,1650.0,2780.794451291797,0.01796,3479688772.041953,44598245.72234798,Selsis,-0.32759848185951873,-0.614738229598528,GP,0.31627588037033355,6.482111985880222e+24,0.34238931220420243,0.31627588037033355
699,4.97,0.84,1771.8044249632712,1650.0,5860.124975829192,0.01796,1410093869.9889495,27839751.69629406,Jackson,-0.3145289764930397,-0.6789211192683802,GP,0.10141937006606407,8.328450659028872e+23,0.49349220601967925,0.10141937006606407
700,4.97,0.84,1771.8044249632712,1650.0,3982.730650755111,0.01796,2548558314.6091313,12757538.39184142,Selsis,-0.3573436094389779,-0.6247123981635273,log,0.12698712003319848,2.2931031309561455e+24,0.23652456412935619,0.12698712003319848
701,4.97,0.84,1771.8044249632712,1650.0,1425.491992989115,0.01796,9548491799.627365,7918981.917280979,Jackson,-0.48626356763905487,-0.7441023951520964,linear,0.26238924184073703,1.7537015274570655e+24,0.4330870566956325,0.26238924184073703
702,4.97,0.84,1771.8044249632712,1650.0,1498.4615603011612,0.01796,8720695163.88819,86506509.6162957,Jackson,-0.4531437233137033,-0.6471697778364398,log,0.4051863637201439,3.146912979650809e+24,0.7413943557384758,0.4051863637201439
703,4.97,0.84,1771.8044249632712,1650.0,2117.310073464499,0.01796,4827776649.054849,46820849.32285456,Jackson,-0.43284789916972055,-0.7173128362074699,linear,0.333224435219442,1.997161985938183e+24,0.0038218777027466677,0.333224435219442
704,4.97,0.84,1771.8044249632712,1650.0,2356.3875816052214,0.01796,4183281479.324982,61907113.594050355,Jackson,-0.3545972831773248,-0.6067774160531596,log,0.311030922208835,3.0746823338998036e+24,0.15776617381656788,0.311030922208835
705,4.97,0.84,1771.8044249632712,1650.0,1182.3784821792947,0.01796,8227620370.128875,4230333.661823283,Selsis,-0.2952864481325804,-0.6209334364560732,linear,0.4046557916847221,1.2791845298742268e+25,0.7668410703838879,0.4046557916847221
706,4.97,0.84,1771.8044249632712,1650.0,10165.633343604566,0.01796,792342832.2056036,25851715.384087216,Jackson,-0.38669091319370436,-0.7637035019264159,log,0.32199034639775026,1.4135199059309153e+24,0.5135817102748766,0.32199034639775026
707,4.97,0.84,1771.8044249632712,1650.0,4704.354071081115,0.01796,1794312775.4116285,61325151.31068034,Jackson,-0.40875770037568215,-0.6371464756714412,linear,0.2567955496810358,1.401255721057211e+24,0.19085591335543872,0.2567955496810358
708,4.97,0.84,1771.8044249632712,1650.0,12084.567710080164,0.01796,1045382156.8314794,21525709.98401685,Selsis,-0.47062163631638115,-0.6455400352846584,log,0.43472486269402305,4.943515043321318e+24,0.5132787799149036,0.43472486269402305
709,4.97,0.84,1771.8044249632712,1650.0,2166.59510453193,0.01796,4680271751.237307,90990752.33033195,Jackson,-0.42638137432777107,-0.6516321583180976,GP,0.3519538405438817,2.2313310280757236e+24,0.3244409480337147,0.3519538405438817
710,4.97,0.84,1771.8044249632712,1650.0,1825.9476805462468,0.01796,6157126205.14932,19103685.919153895,Jackson,-0.4706605456962375,-0.6129210222920491,GP,0.2870016011161325,2.5821604313494743e+24,0.9351865285927513,0.2870016011161325
711,4.97,0.84,1771.8044249632712,1650.0,9344.080706334436,0.01796,1271942456.7597394,3813632.25786684,Selsis,-0.4968145160936628,-0.6850548169602858,log,0.2874341014135293,3.3622314967300457e+24,0.6868229163783662,0.2874341014135293
712,4.97,0.84,1771.8044249632712,1650.0,2237.5436272003894,0.01796,4482139089.650567,82030449.27865073,Jackson,-0.3470759183843021,-0.7388338260775068,linear,0.06319511618692157,4.713924472804076e+23,0.9005587544795843,0.06319511618692157
713,4.97,0.84,1771.8044249632712,1650.0,4155.3596327801215,0.01796,2070893544.4961858,37756669.27369169,Jackson,-0.35955961510205714,-0.7106540352229748,linear,0.4398779360100144,2.875128131604424e+24,0.9997636705836851,0.4398779360100144
714,4.97,0.84,1771.8044249632712,1650.0,1262.8208646314415,0.01796,7657559205.6329365,38291367.49493133,Selsis,-0.31390390939734,-0.7601939648741574,linear,0.32611032654999594,7.132070483104937e+24,0.8629274827413328,0.32611032654999594
715,4.97,0.84,1771.8044249632712,1650.0,2954.893307586343,0.01796,3124030317.740913,21843064.2359185,Jackson,-0.3348424999999449,-0.6900386690212273,GP,0.30743905894724277,2.7742277507567044e+24,0.14439738372452404,0.30743905894724277
716,4.97,0.84,1771.8044249632712,1650.0,2966.853379324528,0.01796,3289426914.9398046,76368617.95602526,Selsis,-0.3802463106471945,-0.7268839012108903,GP,0.07531763514162015,9.224288252841363e+23,0.24363790245614336,0.07531763514162015
717,4.97,0.84,1771.8044249632712,1650.0,1725.8236301031725,0.01796,6787732513.415647,94807027.30594371,Jackson,-0.35665878014934227,-0.6410159550268171,log,0.46550889113348776,4.4637987116217585e+24,0.9455295942891812,0.46550889113348776
718,4.97,0.84,1771.8044249632712,1650.0,3753.005583615394,0.01796,2333004558.641253,56545374.7328012,Jackson,-0.45551722917310206,-0.6738321452332039,GP,0.43078610089151703,2.1190611169242647e+24,0.3086922540858146,0.43078610089151703
719,4.97,0.84,1771.8044249632712,1650.0,1149.783088282823,0.01796,8485227459.8479,82302405.46908484,Selsis,-0.29250671241387866,-0.6413724235567283,log,0.08885613497277493,2.2563986771364635e+24,0.6971892468627954,0.08885613497277493
720,4.97,0.84,1771.8044249632712,1650.0,1789.6067204146746,0.01796,5254155570.902836,46819646.73157278,Selsis,-0.34604846162416025,-0.6846926532967349,log,0.2628967344289806,4.628250454189597e+24,0.14683169001749674,0.2628967344289806
721,4.97,0.84,1771.8044249632712,1650.0,7940.737853534652,0.01796,1020781913.8427784,21312910.518711817,Jackson,-0.3487652434045421,-0.6751948937819359,GP,0.13888613607477668,8.5130867766675e+23,0.7113731323040619,0.13888613607477668
722,4.97,0.84,1771.8044249632712,1650.0,2280.5462638328972,0.01796,4369511046.31434,56135424.63085991,Jackson,-0.3337572120595547,-0.7498210409205265,log,0.14890639095482755,1.2771657810660336e+24,0.9325467547821261,0.14890639095482755
723,4.97,0.84,1771.8044249632712,1650.0,46511.157232660385,0.01796,388804543.4144807,92407447.65831354,Selsis,-0.3512203916202405,-0.7175214773143699,linear,0.34077419624669847,2.474270094788763e+24,0.7240404432916528,0.34077419624669847
724,4.97,0.84,1771.8044249632712,1650.0,3274.0375493963816,0.01796,3021796644.3495674,76037854.9556554,Selsis,-0.43516685714254205,-0.7508797267532554,log,0.28727168051185203,2.936723816149587e+24,0.4981050616923113,0.28727168051185203
725,4.97,0.84,1771.8044249632712,1650.0,9215.311130561864,0.01796,1285635158.4900935,13117540.216310553,Selsis,-0.40159398942394053,-0.7905534684333769,linear,0.26420567131447886,3.2504294189170406e+24,0.8925127337659314,0.26420567131447886
726,4.97,0.84,1771.8044249632712,1650.0,906.5972322454459,0.01796,11124230418.880768,6238676.7113002855,Selsis,-0.34262190629270844,-0.7743660619716818,log,0.07069072021789104,1.450387405076585e+24,0.194867639834162,0.07069072021789104
727,4.97,0.84,1771.8044249632712,1650.0,21257.40708671797,0.01796,684306395.7733669,47362650.27804389,Selsis,-0.3706133324994594,-0.6698052127082145,linear,0.0501276359279784,5.50986932463117e+23,0.21421401749683333,0.0501276359279784
728,4.97,0.84,1771.8044249632712,1650.0,5022.004017645123,0.01796,2091324811.2047431,79940391.03633176,Selsis,-0.388840996625222,-0.7170817808281719,GP,0.12861304363200204,1.4112347871943755e+24,0.9528390523962593,0.12861304363200204
729,4.97,0.84,1771.8044249632712,1650.0,2048.271271489243,0.01796,5066611442.558976,19154841.892124612,Jackson,-0.40360561114810506,-0.6284837664596975,GP,0.06714166043181638,6.008200507756788e+23,0.9435988356852469,0.06714166043181638
730,4.97,0.84,1771.8044249632712,1650.0,3423.241952148405,0.01796,2908567257.7318244,48297694.390886635,Selsis,-0.3217965503382785,-0.7010545043155313,linear,0.07287787715763445,1.327058871004922e+24,0.7275345025871683,0.07287787715763445
731,4.97,0.84,1771.8044249632712,1650.0,1604.3183997835456,0.01796,7717603065.526108,35407472.31565741,Jackson,-0.4036414304496914,-0.7811532618761585,GP,0.09550277126451343,6.772279948737106e+23,0.4004097161366149,0.09550277126451343
732,4.97,0.84,1771.8044249632712,1650.0,2285.194919529867,0.01796,4153077545.794436,82036466.04630074,Selsis,-0.28265820724378854,-0.6271420735342066,log,0.40885451066435574,1.0171420525168957e+25,0.5252388000339048,0.40885451066435574
733,4.97,0.84,1771.8044249632712,1650.0,2658.9953008975035,0.01796,3568540395.637612,43274177.09988907,Jackson,-0.3627996244184388,-0.6978677860303124,linear,0.10862288059754668,8.139081387369085e+23,0.9224510310309447,0.10862288059754668
734,4.97,0.84,1771.8044249632712,1650.0,2714.9910784014005,0.01796,3554092317.224754,88994777.10740606,Selsis,-0.468914203085052,-0.7055096898930358,log,0.18513215949707185,1.8088682067721892e+24,0.7821586456473141,0.18513215949707185
735,4.97,0.84,1771.8044249632712,1650.0,4003.99094288537,0.01796,2536668277.77141,37147435.37144324,Selsis,-0.3297028205652074,-0.6302432127407587,GP,0.48879372537704413,9.318399799225947e+24,0.17302644885599172,0.48879372537704413
736,4.97,0.84,1771.8044249632712,1650.0,4781.122535163608,0.01796,2179697570.7356706,72044788.70781824,Selsis,-0.30813048213963945,-0.7355690574573849,GP,0.0727632491292181,1.2511319300197417e+24,0.9279793707282609,0.0727632491292181
737,4.97,0.84,1771.8044249632712,1650.0,1629.2809564500037,0.01796,5825836053.327939,34930342.02196914,Selsis,-0.3283976147709587,-0.7140095979594195,linear,0.09324659632998188,1.8579603755212147e+24,0.7352943957613428,0.09324659632998188
738,4.97,0.84,1771.8044249632712,1650.0,6398.749838375301,0.01796,1711531379.7472908,92699854.85204157,Selsis,-0.373165176039028,-0.7790167915201277,linear,0.4501602642785538,4.6517961401458706e+24,0.9567762531697861,0.4501602642785538
739,4.97,0.84,1771.8044249632712,1650.0,2144.281683620639,0.01796,4403434671.830105,37058759.33440566,Selsis,-0.37588146994682115,-0.6083054213832644,linear,0.4055582981398594,7.340947763542059e+24,0.07775482104114728,0.4055582981398594
740,4.97,0.84,1771.8044249632712,1650.0,1321.0158053468185,0.01796,7294784496.896773,38539584.94498534,Selsis,-0.33897600533640054,-0.6303662821351861,linear,0.31666470766352134,6.812148372258503e+24,0.08537323092966587,0.31666470766352134
741,4.97,0.84,1771.8044249632712,1650.0,1547.6297728580644,0.01796,8228875912.400675,61092024.13513809,Jackson,-0.28572625388161327,-0.6995071293365498,linear,0.4185484742708355,6.451143552375118e+24,0.14088917727611783,0.4185484742708355
742,4.97,0.84,1771.8044249632712,1650.0,837.77256404378,0.01796,12217509718.97795,94876279.11842233,Selsis,-0.3134169315250261,-0.6722464531293958,log,0.09021887401232136,1.9283653934988792e+24,0.6421778280916954,0.09021887401232136
743,4.97,0.84,1771.8044249632712,1650.0,3217.1831653208997,0.01796,2811294292.23281,85060720.30115554,Jackson,-0.2934074408624158,-0.6870426289558681,log,0.10236678170183412,1.0179306360677855e+24,0.08862762435030458,0.10236678170183412
744,4.97,0.84,1771.8044249632712,1650.0,8114.053658146775,0.01796,1419131557.7189326,6903249.219721641,Selsis,-0.3210076525199414,-0.7903274280082961,log,0.2795695628723429,5.073386443746101e+24,0.7380624780943127,0.2795695628723429
745,4.97,0.84,1771.8044249632712,1650.0,2271.3459378093225,0.01796,4393160230.288648,21825092.38217271,Jackson,-0.28557371416548727,-0.640881333679245,linear,0.1547032244004401,2.3603445107155758e+24,0.6382084239467489,0.1547032244004401
746,4.97,0.84,1771.8044249632712,1650.0,1866.5217680891042,0.01796,5929523123.011965,54680892.66276156,Jackson,-0.36012802299051205,-0.60225141278858,log,0.25805441074488955,2.92869632359059e+24,0.09479345076955914,0.25805441074488955
747,4.97,0.84,1771.8044249632712,1650.0,1936.4749008947483,0.01796,5569431068.579062,5371072.661189293,Jackson,-0.3143746438226984,-0.6139167149330419,GP,0.17599831333263755,2.591980002301399e+24,0.14285249320447724,0.17599831333263755
748,4.97,0.84,1771.8044249632712,1650.0,1886.407529136295,0.01796,4962955299.416428,93392447.28551479,Selsis,-0.35991566260492835,-0.6269413108224715,log,0.07578810145160317,1.182265637024971e+24,0.7806664034301006,0.07578810145160317
749,4.97,0.84,1771.8044249632712,1650.0,1431.4613210061823,0.01796,9475867952.146746,52252523.42721458,Jackson,-0.3587240640777699,-0.7027239752112988,GP,0.24685833514076586,2.455909380180325e+24,0.7531483731191078,0.24685833514076586
750,4.97,0.84,1771.8044249632712,1650.0,2209.0084619180025,0.01796,4284326371.577654,62531359.84568028,Selsis,-0.4712865352744799,-0.6642133253268577,linear,0.05608684157353574,6.63599097276956e+23,0.7625242426273471,0.05608684157353574
751,4.97,0.84,1771.8044249632712,1650.0,2140.589868008399,0.01796,4757038960.435639,12194687.968216298,Jackson,-0.3643796268135087,-0.7320485198950203,linear,0.34283469773946834,2.834270116639277e+24,0.05302171684245127,0.34283469773946834
752,4.97,0.84,1771.8044249632712,1650.0,1688.7253542902517,0.01796,5601045735.287636,86756109.341889,Selsis,-0.41697236430742635,-0.7767508695649319,GP,0.20169635123023336,2.1964742434045798e+24,0.5873167198983874,0.20169635123023336
753,4.97,0.84,1771.8044249632712,1650.0,2587.6687277160495,0.01796,3710321364.24595,39741525.98197543,Selsis,-0.37554305563606377,-0.7429120794325966,log,0.40494617679299616,5.825337357726448e+24,0.3510885282318973,0.40494617679299616
754,4.97,0.84,1771.8044249632712,1650.0,808.4754522807445,0.01796,12753545364.247107,99184420.01641962,Selsis,-0.28233853645620816,-0.7649173054554886,GP,0.153018987094861,3.800255501106812e+24,0.6010356376437965,0.153018987094861
755,4.97,0.84,1771.8044249632712,1650.0,2965.3578356402804,0.01796,3110288461.5985126,36030935.742211044,Jackson,-0.3153727366602112,-0.7585257919030236,log,0.41952266215235456,3.9474033699332306e+24,0.99180421684573,0.41952266215235456
756,4.97,0.84,1771.8044249632712,1650.0,2228.635118682446,0.01796,4506151941.371781,1294576.370070907,Jackson,-0.47359873609675635,-0.7547479371311638,log,0.27200278052175975,1.5874111879937265e+24,0.7974775070250524,0.27200278052175975
757,4.97,0.84,1771.8044249632712,1650.0,4203.554334924482,0.01796,2431798332.42356,71378860.13608813,Selsis,-0.45208011362899636,-0.6345307782081193,linear,0.38394810390340023,4.375264688387318e+24,0.6821827236018391,0.38394810390340023
758,4.97,0.84,1771.8044249632712,1650.0,1568.9507116895786,0.01796,8030015939.734151,84692326.04924098,Jackson,-0.4302592637558659,-0.7961106764887307,linear,0.07260462023880206,4.0776240674047204e+23,0.4469714215084999,0.07260462023880206
759,4.97,0.84,1771.8044249632712,1650.0,4065.0453566556243,0.01796,2503212299.566596,76952096.55374636,Selsis,-0.3673251253280194,-0.6276281334955988,linear,0.13363355351240913,1.8657438330874542e+24,0.6328014843610023,0.13363355351240913
760,4.97,0.84,1771.8044249632712,1650.0,2338.7472535467446,0.01796,4225257680.4464417,57626927.55903988,Jackson,-0.452956760333589,-0.7529397981481544,GP,0.20790293246969974,1.0503695353034031e+24,0.9838570258947982,0.20790293246969974
761,4.97,0.84,1771.8044249632712,1650.0,1959.664001131508,0.01796,5458260003.967625,53312489.60413997,Jackson,-0.37477449567737586,-0.7335737212968536,log,0.057747033549357105,4.254430239964514e+23,0.4631226760816187,0.057747033549357105
762,4.97,0.84,1771.8044249632712,1650.0,2227.50298949081,0.01796,4251611117.2422805,44897069.431801856,Selsis,-0.36685764935117,-0.7041197923648335,log,0.3424200572872795,5.242836420816798e+24,0.6008130239783296,0.3424200572872795
763,4.97,0.84,1771.8044249632712,1650.0,3553.9954622834975,0.01796,2488367466.7301817,14164050.210010057,Jackson,-0.295275648090056,-0.7504820504167214,log,0.1161372358700065,1.283679929753503e+24,0.5989895754133969,0.1161372358700065
764,4.97,0.84,1771.8044249632712,1650.0,3433.1733841619916,0.01796,2595652944.905247,90745930.23266837,Jackson,-0.3278361029649381,-0.7019995808044446,linear,0.1688079831019201,1.2178551434644545e+24,0.8742725049838773,0.1688079831019201
765,4.97,0.84,1771.8044249632712,1650.0,4677.17178235636,0.01796,1806286409.8642125,17014108.95920847,Jackson,-0.3543739696168732,-0.6438251779436864,GP,0.06945098769611038,5.2517714952469505e+23,0.6759144970339637,0.06945098769611038
766,4.97,0.84,1771.8044249632712,1650.0,32151.543273112806,0.01796,506479534.2630163,57129316.670735724,Selsis,-0.30062188427444436,-0.6608164134515492,linear,0.051372750206056673,7.090907748465356e+23,0.4922674829158121,0.051372750206056673
767,4.97,0.84,1771.8044249632712,1650.0,1967.0260042442724,0.01796,4771520511.055093,58145865.95486484,Selsis,-0.2829457378682301,-0.6163667873178544,linear,0.38170181890157506,1.0618067516972483e+25,0.6396948149993936,0.38170181890157506
768,4.97,0.84,1771.8044249632712,1650.0,2243.280447379256,0.01796,4224143528.9702477,25039958.05840316,Selsis,-0.4948654749913746,-0.6221391271513037,linear,0.1212468082755074,1.7662706325326993e+24,0.7914917926226731,0.1212468082755074
769,4.97,0.84,1771.8044249632712,1650.0,2519.8605201929017,0.01796,3828580915.0436087,76580577.01475202,Jackson,-0.4017248810234162,-0.7747359458497397,linear,0.05301984028439678,2.8166358355302422e+23,0.4311640990099235,0.05301984028439678
770,4.97,0.84,1771.8044249632712,1650.0,2000.3781744037815,0.01796,5272058552.627727,67139651.16622302,Jackson,-0.4579319799738958,-0.706787413269492,linear,0.22265034292910718,1.2399306425099193e+24,0.20350649744145233,0.22265034292910718
771,4.97,0.84,1771.8044249632712,1650.0,993.3642400205343,0.01796,10004536467.26621,92091903.90344861,Selsis,-0.319293177986609,-0.634243988114095,log,0.14155565423888897,3.0514905898641823e+24,0.12510976596691248,0.14155565423888897
772,4.97,0.84,1771.8044249632712,1650.0,4123.742473228612,0.01796,2089384552.5480237,36803290.12088541,Jackson,-0.32719495101803553,-0.7916936183836795,GP,0.40895647186918027,3.123592294774798e+24,0.7326528134387323,0.40895647186918027
773,4.97,0.84,1771.8044249632712,1650.0,1366.5397443369075,0.01796,7035608090.920632,29140845.385707974,Selsis,-0.41186298043628,-0.6478355604322755,GP,0.14245082513217422,2.3227942953795585e+24,0.4628317724378369,0.14245082513217422
774,4.97,0.84,1771.8044249632712,1650.0,6585.532974136569,0.01796,1672759690.6945093,18167612.528749637,Selsis,-0.4371994250586333,-0.6210262458727738,linear,0.2410341248651136,3.275678621013508e+24,0.7538766062340093,0.2410341248651136
775,4.97,0.84,1771.8044249632712,1650.0,4107.024052405936,0.01796,2480784153.0602484,65229944.929660305,Selsis,-0.2812051089744144,-0.7158583134562705,linear,0.13634196406415966,3.082361533287538e+24,0.8174412511793144,0.13634196406415966
776,4.97,0.84,1771.8044249632712,1650.0,1964.0783261996125,0.01796,5437528681.50444,56538773.803419925,Jackson,-0.4988702900402291,-0.6554872944725277,GP,0.07085567337675958,4.49431659076741e+23,0.26364565850393706,0.07085567337675958
777,4.97,0.84,1771.8044249632712,1650.0,2229.3424482968403,0.01796,4504236562.991871,71469516.21692365,Jackson,-0.44318981950880354,-0.6808685825685556,GP,0.08629363338794226,4.9838206009452604e+23,0.19806430932316121,0.08629363338794226
778,4.97,0.84,1771.8044249632712,1650.0,4408.054604592116,0.01796,1933885906.4120858,83902775.16165677,Jackson,-0.33317036339679035,-0.709551910760499,linear,0.19645745315150853,1.2561618992583042e+24,0.9274899993788136,0.19645745315150853
779,4.97,0.84,1771.8044249632712,1650.0,8368.802000163132,0.01796,966275982.362414,74519807.91890097,Jackson,-0.2896169764503407,-0.7359843979253261,GP,0.10570876518619275,7.495603370388107e+23,0.13368608392500336,0.10570876518619275
780,4.97,0.84,1771.8044249632712,1650.0,1574.7451098931854,0.01796,6049362439.542484,14642703.431998573,Selsis,-0.4672652709775424,-0.7395620011017818,log,0.12480157079816259,1.6382827758993743e+24,0.37020799920675906,0.12480157079816259
781,4.97,0.84,1771.8044249632712,1650.0,6334.904190632423,0.01796,1296680214.3796093,73547885.6680513,Jackson,-0.327604656246929,-0.682689984262496,log,0.4747703428691098,2.9202490851361393e+24,0.8497209819268391,0.4747703428691098
782,4.97,0.84,1771.8044249632712,1650.0,3217.577507749077,0.01796,3067357853.0947785,89205896.52960128,Selsis,-0.43003372746701424,-0.603157068776261,log,0.40190635110478556,5.1096531103498e+24,0.33589607706286206,0.40190635110478556
783,4.97,0.84,1771.8044249632712,1650.0,1338.7231430765341,0.01796,10720092365.744959,93730102.654109,Jackson,-0.41841292566359484,-0.7059303510158037,GP,0.18295883013976713,1.3421089509735077e+24,0.8990671749919884,0.18295883013976713
784,4.97,0.84,1771.8044249632712,1650.0,3423.766613772366,0.01796,2908186335.1914043,63518025.17196138,Selsis,-0.29176077512966875,-0.7664262784253302,GP,0.3712950741767159,7.791139741103639e+24,0.2332759714251872,0.3712950741767159
785,4.97,0.84,1771.8044249632712,1650.0,1469.913782173421,0.01796,6515213431.3124275,62048331.74746179,Selsis,-0.4245794583049848,-0.7015964204076821,GP,0.39135674161847367,4.993869109748763e+24,0.34873101905767345,0.39135674161847367
786,4.97,0.84,1771.8044249632712,1650.0,1716.984809188078,0.01796,6848688436.383717,25013991.439207193,Jackson,-0.398204594266685,-0.746144872631728,GP,0.4372218928966079,3.2632909849649156e+24,0.08620429071028968,0.4372218928966079
787,4.97,0.84,1771.8044249632712,1650.0,1480.448028910831,0.01796,8913473647.890158,20293143.752542447,Jackson,-0.38368774738936634,-0.7905452731764697,GP,0.06514003634218009,5.3523564617976206e+23,0.7684831185966727,0.06514003634218009
788,4.97,0.84,1771.8044249632712,1650.0,1688.8264722774195,0.01796,7049245915.242336,85815531.85907409,Jackson,-0.4962566091639073,-0.7507099390696262,GP,0.3746556130340329,1.8378725763054055e+24,0.9222637863573898,0.3746556130340329
789,4.97,0.84,1771.8044249632712,1650.0,4479.816271144084,0.01796,2303270609.561309,64182041.97050288,Selsis,-0.3370264625050535,-0.792485663388726,log,0.124048486367834,1.8034077563450513e+24,0.1823941914027154,0.124048486367834
790,4.97,0.84,1771.8044249632712,1650.0,1818.8303818365937,0.01796,5161844925.008534,81370476.49081536,Selsis,-0.2967091585265977,-0.6588834870789926,linear,0.42528843751198064,9.431547482878045e+24,0.7940691812201729,0.42528843751198064
791,4.97,0.84,1771.8044249632712,1650.0,3625.8646745711117,0.01796,2768946954.6458173,34372272.63244256,Selsis,-0.32540291541498834,-0.7906996357212978,linear,0.27479348579061813,4.926421504925267e+24,0.02053035916013124,0.27479348579061813
792,4.97,0.84,1771.8044249632712,1650.0,5571.12927365521,0.01796,1917672748.7159586,50550942.490556546,Selsis,-0.3538368226319868,-0.7319165758865658,GP,0.1091449270039032,1.515363925769896e+24,0.5725627430265863,0.1091449270039032
793,4.97,0.84,1771.8044249632712,1650.0,1723.3165895335324,0.01796,6804927700.880554,47664563.2873511,Jackson,-0.37354777744521417,-0.7554034943576932,GP,0.3171956552823579,2.4758650299708716e+24,0.9998357824152083,0.3171956552823579
794,4.97,0.84,1771.8044249632712,1650.0,1804.0755321368733,0.01796,5208024255.835502,30942321.095665734,Selsis,-0.48859529254437245,-0.7551163925300225,GP,0.40494865029140625,4.840213923728724e+24,0.9271150045378557,0.40494865029140625
795,4.97,0.84,1771.8044249632712,1650.0,1488.0893846501403,0.01796,6432132837.735237,70237561.26362738,Selsis,-0.4588719410604237,-0.6486129361831032,GP,0.05017446004472442,6.489745325212505e+23,0.2739916187349407,0.05017446004472442
796,4.97,0.84,1771.8044249632712,1650.0,1921.8595789298697,0.01796,4876692514.077095,81230756.70363091,Selsis,-0.3670781252264442,-0.6260487344068164,linear,0.2915263652496328,4.589357064591159e+24,0.3729399472559535,0.2915263652496328
797,4.97,0.84,1771.8044249632712,1650.0,9507.272941802265,0.01796,1255084058.9017036,57923194.60810579,Selsis,-0.39244201016731023,-0.6003493717270283,GP,0.2379271899916414,3.0343722938044424e+24,0.18008645534101086,0.2379271899916414
798,4.97,0.84,1771.8044249632712,1650.0,3991.731181339886,0.01796,2170210627.26639,25175149.267110538,Jackson,-0.362113378259117,-0.7864021802947171,linear,0.27047710870989883,1.7412261832839096e+24,0.28462656541103415,0.27047710870989883
799,4.97,0.84,1771.8044249632712,1650.0,2428.9924125571874,0.01796,4018442436.3023973,54537719.798480816,Jackson,-0.40673480659249894,-0.655295396588713,GP,0.11433941625932154,7.911520371608337e+23,0.9262428679298921,0.11433941625932154
800,4.97,0.84,1771.8044249632712,1650.0,1652.4396187958464,0.01796,5736048605.193618,65347431.65020133,Selsis,-0.4684351502954396,-0.6991161143023574,log,0.05551391312468752,6.395798707163079e+23,0.08717788268399995,0.05551391312468752
801,4.97,0.84,1771.8044249632712,1650.0,23835.689884156447,0.01796,344729748.73648334,8486879.356574448,Jackson,-0.39241471344255224,-0.6627188889138059,GP,0.11537760478496488,4.248462264922199e+23,0.3962024657123173,0.11537760478496488
802,4.97,0.84,1771.8044249632712,1650.0,37608.8325071867,0.01796,225844128.67071608,62700817.88560592,Jackson,-0.43741004132171823,-0.7307366484981935,linear,0.3360549110288433,5.814497149008633e+23,0.6516187801110094,0.3360549110288433
803,4.97,0.84,1771.8044249632712,1650.0,1558.7936111491229,0.01796,8123722880.418976,85388486.46635605,Jackson,-0.3673466352022049,-0.6131150722839954,linear,0.47533971985105344,5.316233325372554e+24,0.5743958634274281,0.47533971985105344
804,4.97,0.84,1771.8044249632712,1650.0,5471.36073349956,0.01796,1519028631.3748882,87108500.93456812,Jackson,-0.30348967757157974,-0.6438706766343373,linear,0.27853632691786834,2.1671391112912707e+24,0.9832695986165144,0.27853632691786834
805,4.97,0.84,1771.8044249632712,1650.0,1202.1808571687723,0.01796,8079053700.018736,25175937.340008788,Selsis,-0.33525530414397364,-0.7861636314812904,linear,0.2186381429482061,4.293841739916951e+24,0.3271201971572615,0.2186381429482061
806,4.97,0.84,1771.8044249632712,1650.0,2270.4884259724245,0.01796,4395376630.698515,95049449.54515992,Jackson,-0.3648957387929446,-0.7522110393103251,log,0.12068419232139202,7.674211977168854e+23,0.5416560776221571,0.12068419232139202
807,4.97,0.84,1771.8044249632712,1650.0,1236.2604292654112,0.01796,7836279711.201715,98643593.85160352,Selsis,-0.31088324736540734,-0.7611845467814269,linear,0.22209556659601387,4.116007833887927e+24,0.9431732991345558,0.22209556659601387
808,4.97,0.84,1771.8044249632712,1650.0,1963.8566965452872,0.01796,4778734828.56368,25539669.46956376,Selsis,-0.422352157867346,-0.7868536985048499,GP,0.14024438027234928,1.8435014047918842e+24,0.33623920757267234,0.14024438027234928
809,4.97,0.84,1771.8044249632712,1650.0,4293.658537718464,0.01796,1993640975.9267795,73498864.70444815,Jackson,-0.36209314164356904,-0.63304215770299,linear,0.48056582056771197,3.1289353783606227e+24,0.10751098699201944,0.48056582056771197
810,4.97,0.84,1771.8044249632712,1650.0,2334.4945886840505,0.01796,4072860796.6770215,31867124.29733383,Selsis,-0.39804346661445245,-0.6889452125508917,log,0.0616364507077889,8.926600331809768e+23,0.4237934711051189,0.0616364507077889
811,4.97,0.84,1771.8044249632712,1650.0,1796.6586565255764,0.01796,6330897980.412836,14814268.54446022,Jackson,-0.4023780934142284,-0.6180786785152904,GP,0.24978160936138305,2.5386559019395076e+24,0.32243283237289067,0.24978160936138305
812,4.97,0.84,1771.8044249632712,1650.0,2936.530621835441,0.01796,3148426146.8717103,13281609.16073903,Jackson,-0.3223945387456691,-0.7624464330904187,GP,0.16926146230437847,1.5974584946688293e+24,0.6570360688989201,0.16926146230437847
813,4.97,0.84,1771.8044249632712,1650.0,3796.9436484084445,0.01796,2658119213.0517764,95436469.02555567,Selsis,-0.4608217974319505,-0.758571841918033,log,0.12181034196457563,1.0742864413053843e+24,0.5420512806565345,0.12181034196457563
814,4.97,0.84,1771.8044249632712,1650.0,10221.197196581905,0.01796,1187297202.1950934,81329040.49433574,Selsis,-0.3613263423345325,-0.7825883330701529,linear,0.17444277019746104,1.8493098190710696e+24,0.81426067769875,0.17444277019746104
815,4.97,0.84,1771.8044249632712,1650.0,5174.841422259227,0.01796,1614220580.5226693,8782759.192283416,Jackson,-0.3620786533997475,-0.7375568813801983,GP,0.06337363728263083,4.054284274393996e+23,0.8844865415128224,0.06337363728263083
816,4.97,0.84,1771.8044249632712,1650.0,6263.648605231495,0.01796,1740936156.4762316,78137164.80664104,Selsis,-0.4480087457386348,-0.7682570397024167,log,0.08555626418709611,7.776385440311273e+23,0.8828167629680825,0.08555626418709611
817,4.97,0.84,1771.8044249632712,1650.0,3468.3000578483793,0.01796,2563556600.559319,82778076.44876698,Jackson,-0.4516765483325192,-0.7923616305202539,log,0.10835514261957806,4.2758442526582964e+23,0.5594460674158742,0.10835514261957806
818,4.97,0.84,1771.8044249632712,1650.0,1963.1384674794056,0.01796,4780373133.461206,38591638.54635408,Selsis,-0.4000130410020124,-0.7457175779700623,linear,0.11375987811729536,1.5543487281648023e+24,0.6886082642993412,0.11375987811729536
819,4.97,0.84,1771.8044249632712,1650.0,3832.5497154188915,0.01796,2276178501.375749,68856725.0176241,Jackson,-0.4181788375384819,-0.7891201534021017,GP,0.23675422327163775,1.0469705155449384e+24,0.11506590113988324,0.23675422327163775
820,4.97,0.84,1771.8044249632712,1650.0,3015.7822776587445,0.01796,3045659193.540456,50462315.25079913,Jackson,-0.3629258262240824,-0.7809457389742078,GP,0.07366377910164205,4.7800224887799295e+23,0.0700723743494358,0.07366377910164205
821,4.97,0.84,1771.8044249632712,1650.0,1687.2815433789683,0.01796,5606290264.932643,65407190.07965892,Selsis,-0.4802364759321573,-0.6556551964491172,log,0.42901410829759007,5.281942092842952e+24,0.018029961544912432,0.42901410829759007
822,4.97,0.84,1771.8044249632712,1650.0,3270.8952132664986,0.01796,3024291370.0823374,74707164.45366621,Selsis,-0.35678023552415283,-0.7968656364703054,GP,0.4378956914853599,5.726057904960804e+24,0.018972050929267015,0.4378956914853599
823,4.97,0.84,1771.8044249632712,1650.0,2818.1359922833976,0.01796,3439488461.139462,91913997.05045731,Selsis,-0.32630993815595033,-0.7156724336047744,linear,0.10839126562771928,1.6719734451083106e+24,0.44291986800054495,0.10839126562771928
824,4.97,0.84,1771.8044249632712,1650.0,7736.427504878335,0.01796,1473026684.949049,43436992.45795199,Selsis,-0.48114388518352563,-0.7456332440742358,linear,0.36016785124092915,3.621380067520893e+24,0.5037600216051444,0.36016785124092915
825,4.97,0.84,1771.8044249632712,1650.0,3083.1130591099113,0.01796,2963263614.693539,57730937.83447302,Jackson,-0.47995047972697913,-0.7385379737348547,GP,0.19249563255471036,8.602985097310136e+23,0.6069349402894753,0.19249563255471036
826,4.97,0.84,1771.8044249632712,1650.0,3644.741699953583,0.01796,2414941296.4150925,20022947.532937337,Jackson,-0.3741618421488699,-0.6990612754224083,linear,0.06173612535302188,4.1741449076561144e+23,0.6827483205162148,0.06173612535302188
827,4.97,0.84,1771.8044249632712,1650.0,6467.944691057776,0.01796,1696921446.4712706,94188927.79010837,Selsis,-0.4002162561313449,-0.6996733885278171,linear,0.11959439935770597,1.1637466622511064e+24,0.07465055535301668,0.11959439935770597
828,4.97,0.84,1771.8044249632712,1650.0,5345.211645310015,0.01796,1984929720.3680024,18765442.726270396,Selsis,-0.4416845309043654,-0.6622222397777122,log,0.16808455387428287,2.1585738909894797e+24,0.7506799991563811,0.16808455387428287
829,4.97,0.84,1771.8044249632712,1650.0,7416.995414645812,0.01796,1522615160.6596344,61541324.32381624,Selsis,-0.3242490366570069,-0.6201190467598311,log,0.12912063815503957,2.134382910892416e+24,0.4371343396217807,0.12912063815503957
830,4.97,0.84,1771.8044249632712,1650.0,3552.6848156198516,0.01796,2489485447.8399963,79668988.42747895,Jackson,-0.2818068683488568,-0.7294046920028434,GP,0.07060867727920697,7.345895191599945e+23,0.9645262857760091,0.07060867727920697
831,4.97,0.84,1771.8044249632712,1650.0,5474.543570436807,0.01796,1945769939.0110855,40570090.48828133,Selsis,-0.3743382782363168,-0.7951259834094458,GP,0.23311925858515498,3.0317170180923326e+24,0.3155453088693384,0.23311925858515498
832,4.97,0.84,1771.8044249632712,1650.0,2018.3139540363243,0.01796,5193466641.346619,21395343.39361788,Jackson,-0.3038296448112456,-0.7305169634811753,linear,0.11750293432799089,1.4544155136479458e+24,0.9272837959790281,0.11750293432799089
833,4.97,0.84,1771.8044249632712,1650.0,12595.626220365302,0.01796,641031046.4810259,32414030.555369947,Jackson,-0.4651486005429886,-0.6850618648548417,linear,0.3205006796520565,1.1283519506514084e+24,0.46193795825307915,0.3205006796520565
834,4.97,0.84,1771.8044249632712,1650.0,1524.5638652656116,0.01796,8453589504.914614,70386640.61133587,Jackson,-0.376726502673209,-0.7669044346275913,log,0.10849890181673179,8.275392495452588e+23,0.06285853614712034,0.10849890181673179
835,4.97,0.84,1771.8044249632712,1650.0,2879.4954887265653,0.01796,3375697675.87722,97364533.60787973,Selsis,-0.3335336185704983,-0.6654932398639792,log,0.08225989257694338,1.2452374749812183e+24,0.16635988000769508,0.08225989257694338
836,4.97,0.84,1771.8044249632712,1650.0,1657.5349330740858,0.01796,7284825868.864724,30983109.971302647,Jackson,-0.34753668855173075,-0.7169669941514892,log,0.17096007729204188,1.709126552326504e+24,0.867430316036116,0.17096007729204188
837,4.97,0.84,1771.8044249632712,1650.0,4428.435328277109,0.01796,1923606894.8163066,37658154.89597386,Jackson,-0.45893916210341834,-0.7261935687284007,log,0.19713381296265645,8.95158875711272e+23,0.9983822455878084,0.19713381296265645
838,4.97,0.84,1771.8044249632712,1650.0,2375.8578860332645,0.01796,4008203655.765027,36828708.36810131,Selsis,-0.3938232055691588,-0.6269368953584521,log,0.0818376307045886,1.3149529751166342e+24,0.23845141826525296,0.0818376307045886
839,4.97,0.84,1771.8044249632712,1650.0,1196.959303490665,0.01796,8117672668.500413,92815049.86733861,Selsis,-0.40812805720261114,-0.7758160789715248,log,0.34111988921278846,3.904323015157093e+24,0.41471993013804787,0.34111988921278846
840,4.97,0.84,1771.8044249632712,1650.0,4600.861090297109,0.01796,2251726274.829386,99820736.26797743,Selsis,-0.3263470091600465,-0.6605453175974308,GP,0.05216613706883015,7.577699978746433e+23,0.8763998106132185,0.05216613706883015
841,4.97,0.84,1771.8044249632712,1650.0,2232.119563860218,0.01796,4243532343.308102,22599780.027611185,Selsis,-0.30153029127200076,-0.6557774917880548,GP,0.0665908725912042,1.6576734252333686e+24,0.2929302066208658,0.0665908725912042
842,4.97,0.84,1771.8044249632712,1650.0,6566.497917237226,0.01796,1247787459.5603395,41957045.431210905,Jackson,-0.33276216881448806,-0.7838909056645356,GP,0.0836904124848273,5.222345570892228e+23,0.8360785966958321,0.0836904124848273
843,4.97,0.84,1771.8044249632712,1650.0,5497.2538921696105,0.01796,1939077615.7460914,79967506.80526286,Selsis,-0.3954492632930297,-0.7812790657149078,GP,0.1473179973647122,1.5163680113903296e+24,0.4922322754607409,0.1473179973647122
844,4.97,0.84,1771.8044249632712,1650.0,1903.4653855251026,0.01796,5734536633.76411,98976961.89777109,Jackson,-0.35077789391652536,-0.6479849131488576,linear,0.344014930650002,3.089797162037307e+24,0.4346638219671748,0.344014930650002
845,4.97,0.84,1771.8044249632712,1650.0,4025.3142580230437,0.01796,2524868797.0535893,34697474.69191501,Selsis,-0.42709800904914147,-0.643997721421072,GP,0.14738961421223798,1.9781592969488684e+24,0.7380431147972307,0.14738961421223798
846,4.97,0.84,1771.8044249632712,1650.0,1234.3633800736384,0.01796,7849385585.391371,89552024.76919477,Selsis,-0.48217571939559367,-0.6082591624935355,GP,0.14461169660878134,2.0529090181955955e+24,0.6212782400718144,0.14461169660878134
847,4.97,0.84,1771.8044249632712,1650.0,2676.8687724185797,0.01796,3599282490.4319267,64552163.079941675,Selsis,-0.3294979349737324,-0.7529511133503675,linear,0.1422096127831717,2.337328044006172e+24,0.6852004519737356,0.1422096127831717
848,4.97,0.84,1771.8044249632712,1650.0,2002.182381408168,0.01796,5264060468.474253,30446636.11708649,Jackson,-0.33619763030175825,-0.7252470092216319,GP,0.13332380164674806,1.2940709572121519e+24,0.4576567652167264,0.13332380164674806
849,4.97,0.84,1771.8044249632712,1650.0,3426.2025480210245,0.01796,2602114434.199607,67456323.12078784,Jackson,-0.3198235124249631,-0.6044534129398629,linear,0.4389593009277301,4.349515006074418e+24,0.08947438324865864,0.4389593009277301
850,4.97,0.84,1771.8044249632712,1650.0,1961.7318564273044,0.01796,5448531701.610469,19007414.202714697,Jackson,-0.48985853706961463,-0.6859313424554774,GP,0.3887140414089649,2.4771982986042875e+24,0.32369237571039244,0.3887140414089649
851,4.97,0.84,1771.8044249632712,1650.0,1232.006567566381,0.01796,7865732915.614716,29545751.58362271,Selsis,-0.36409147015893034,-0.7517623830260773,log,0.20623951660417766,3.4920511967729825e+24,0.6260654244057658,0.20623951660417766
852,4.97,0.84,1771.8044249632712,1650.0,20755.957068982698,0.01796,696386154.9549242,57837560.90881689,Selsis,-0.45418655608895725,-0.7733960577948432,GP,0.08325359455368914,6.94265691498642e+23,0.6994651501694664,0.08325359455368914
853,4.97,0.84,1771.8044249632712,1650.0,9718.689300899923,0.01796,1234024881.3092504,92893738.9840442,Selsis,-0.4448132345517162,-0.6826804332571075,log,0.18398040504358176,1.5590189757074272e+24,0.03773689364679289,0.18398040504358176
854,4.97,0.84,1771.8044249632712,1650.0,5404.488498205334,0.01796,1966756462.1084282,61785412.498585105,Selsis,-0.2925719570814792,-0.6325213255550255,GP,0.3660317945453456,7.761661245199038e+24,0.4850993168717226,0.3660317945453456
855,4.97,0.84,1771.8044249632712,1650.0,5252.478200934877,0.01796,2014156628.2875245,12560745.57208684,Selsis,-0.3992833820383893,-0.6075282594652088,log,0.10757602729502364,1.7020022909648515e+24,0.7064504253595454,0.10757602729502364
856,4.97,0.84,1771.8044249632712,1650.0,7882.894924425686,0.01796,1028632224.3348272,99025778.80447765,Jackson,-0.285035998051765,-0.6806233838901172,GP,0.06628075497025301,4.668666736869891e+23,0.3728667905459766,0.06628075497025301
857,4.97,0.84,1771.8044249632712,1650.0,2912.2398410078913,0.01796,3342755469.8149977,70329534.51751451,Selsis,-0.4843991400411844,-0.7523435457594422,log,0.08644725335404127,8.510784886114307e+23,0.28372399250703584,0.08644725335404127
858,4.97,0.84,1771.8044249632712,1650.0,2065.3435424869995,0.01796,4559213585.837102,42630276.28362131,Selsis,-0.4925848550086217,-0.6420393207390954,linear,0.08659858082080615,1.1462295827823762e+24,0.9109762185563998,0.08659858082080615
859,4.97,0.84,1771.8044249632712,1650.0,2350.5221969223994,0.01796,4197151588.7464256,82969083.18534131,Jackson,-0.44921474099717573,-0.6114846431707515,GP,0.2831508142426382,1.999812156135622e+24,0.4530608165326072,0.2831508142426382
860,4.97,0.84,1771.8044249632712,1650.0,1350.4916038844192,0.01796,10547363600.799665,59633601.4875777,Jackson,-0.42183583855296136,-0.7116504221364572,GP,0.17922089710205177,1.3726742873456074e+24,0.19278243512043036,0.17922089710205177
861,4.97,0.84,1771.8044249632712,1650.0,1390.7975087475784,0.01796,9989829394.992104,70563413.5614874,Jackson,-0.2875924461656487,-0.7632908125700592,GP,0.18378315723436217,2.735258878510234e+24,0.7824147253268839,0.18378315723436217
862,4.97,0.84,1771.8044249632712,1650.0,1359.9731009750994,0.01796,10411575926.048235,70621139.15156858,Jackson,-0.3211565089930735,-0.6820744015667801,linear,0.3640642193213652,4.68542381885314e+24,0.15209312037386213,0.3640642193213652
863,4.97,0.84,1771.8044249632712,1650.0,5869.606126217595,0.01796,1407633380.1854877,26329731.47914284,Jackson,-0.2947128217690372,-0.6824029751668528,GP,0.2500364941506677,2.394097408637884e+24,0.7342076262017603,0.2500364941506677
864,4.97,0.84,1771.8044249632712,1650.0,1840.3177686065314,0.01796,6074829511.80193,10210473.494149208,Jackson,-0.42714932985214316,-0.776408080926134,log,0.09271474348423628,6.054088831963126e+23,0.7780070197674197,0.09271474348423628
865,4.97,0.84,1771.8044249632712,1650.0,867.9670354486256,0.01796,11711591981.248926,53919088.89667286,Selsis,-0.3761263265284238,-0.6175170317909284,log,0.1540684325477239,3.077367890637446e+24,0.8655835481282212,0.1540684325477239
866,4.97,0.84,1771.8044249632712,1650.0,4656.235834246929,0.01796,1815616200.3136349,21383360.8155988,Jackson,-0.2999308824447557,-0.6194930098612881,log,0.14929912654562078,1.6394990288615455e+24,0.626989317777333,0.14929912654562078
867,4.97,0.84,1771.8044249632712,1650.0,2311.734940920027,0.01796,4109454931.511201,96881777.88297096,Selsis,-0.48592847327899347,-0.6047607230039649,linear,0.25177866490767437,3.08185531609629e+24,0.7977500353833449,0.25177866490767437
868,4.97,0.84,1771.8044249632712,1650.0,5568.161203464275,0.01796,1918522144.3467486,36772960.62379434,Selsis,-0.28195379549342825,-0.7934801156724107,log,0.2908818833899113,6.828007535333441e+24,0.5000331529068325,0.2908818833899113
869,4.97,0.84,1771.8044249632712,1650.0,2099.2941613763383,0.01796,4490719128.599343,86770241.22195128,Selsis,-0.41121947683684573,-0.6276332113194077,log,0.08755857094325435,1.1617778309465232e+24,0.5863411215065067,0.08755857094325435
870,4.97,0.84,1771.8044249632712,1650.0,4118.748686490934,0.01796,2092334709.982617,89342039.69601956,Jackson,-0.3059593244162178,-0.6927938024287239,GP,0.06479904631932824,5.172457369392377e+23,0.735680785514559,0.06479904631932824
871,4.97,0.84,1771.8044249632712,1650.0,1856.390340082238,0.01796,5048066940.177559,87055862.21768473,Selsis,-0.3213445654455652,-0.7641875003824284,linear,0.15294075504883123,2.5654423330071165e+24,0.45141207455210064,0.15294075504883123
872,4.97,0.84,1771.8044249632712,1650.0,2124.1437359407173,0.01796,4442030636.882237,63040853.26321286,Selsis,-0.4322561526152994,-0.7686971590663901,linear,0.11691758613885689,1.313092332150181e+24,0.8340776159052368,0.11691758613885689
873,4.97,0.84,1771.8044249632712,1650.0,2546.7310170181036,0.01796,3775628383.710406,89998158.36367163,Jackson,-0.43877692998155043,-0.6400439868050756,linear,0.0785495560301008,4.692953868547712e+23,0.7897729749832282,0.0785495560301008
874,4.97,0.84,1771.8044249632712,1650.0,1495.612239556733,0.01796,8750716447.77463,12133449.23123827,Jackson,-0.31744483806021606,-0.6346796891770529,GP,0.07957725214435288,1.2316070596930152e+24,0.1831657797005145,0.07957725214435288
875,4.97,0.84,1771.8044249632712,1650.0,1368.294174235243,0.01796,7026028894.409603,64753067.4256482,Selsis,-0.33006900897854763,-0.6806372506020512,GP,0.1557523644037384,2.9639444478019786e+24,0.14644839210722504,0.1557523644037384
876,4.97,0.84,1771.8044249632712,1650.0,2085.5900629100306,0.01796,4518087029.099431,59530379.507797495,Selsis,-0.3479257343463623,-0.6964811038912,log,0.07470955699219,1.205621096194455e+24,0.7828347561835951,0.07470955699219
877,4.97,0.84,1771.8044249632712,1650.0,1452.927320281225,0.01796,6594980661.117723,23715033.213614263,Selsis,-0.3940177630280582,-0.7671473843446862,GP,0.08785604525790046,1.3076342457514497e+24,0.24779638698863027,0.08785604525790046
878,4.97,0.84,1771.8044249632712,1650.0,4882.627368494311,0.01796,1720524890.4000528,64317203.517516464,Jackson,-0.39967167563021205,-0.7373328751680454,GP,0.294566220516631,1.3529424221418043e+24,0.7500815701434727,0.294566220516631
879,4.97,0.84,1771.8044249632712,1650.0,3322.4052603867226,0.01796,2702114801.746369,30367662.19712963,Jackson,-0.37872671369583816,-0.6329908408115608,GP,0.3712355672435229,2.8480569160706247e+24,0.8879046352706795,0.3712355672435229
880,4.97,0.84,1771.8044249632712,1650.0,4359.598372977916,0.01796,1958762828.5216348,57831210.53561114,Jackson,-0.46439230389980674,-0.6425250618927777,log,0.0581288260309073,2.9006419088380334e+23,0.7730540357623629,0.0581288260309073
881,4.97,0.84,1771.8044249632712,1650.0,1658.187898338025,0.01796,5714208918.07002,56376226.287308246,Selsis,-0.3831790898182736,-0.6565598394235873,GP,0.07005519960208122,1.0807332106279497e+24,0.6939241986326813,0.07005519960208122
882,4.97,0.84,1771.8044249632712,1650.0,5144.024700674134,0.01796,1624805815.2338014,21666992.326720018,Jackson,-0.4484128079355332,-0.6540799911215949,GP,0.07979427366364696,4.205322245834456e+23,0.6175830746913756,0.07979427366364696
883,4.97,0.84,1771.8044249632712,1650.0,3264.876960033369,0.01796,3029082609.473461,51245995.00964467,Selsis,-0.4177593903369118,-0.6628748708193114,linear,0.13512715264822694,1.7297217528124266e+24,0.7502906644500266,0.13512715264822694
884,4.97,0.84,1771.8044249632712,1650.0,985.7450503661979,0.01796,10093371375.92169,79099902.90629104,Selsis,-0.33509394821407373,-0.6142809695492745,GP,0.32544391687778057,7.03891465364208e+24,0.8970088186966109,0.32544391687778057
885,4.97,0.84,1771.8044249632712,1650.0,2164.12948589245,0.01796,4687450918.642557,96090520.35347694,Jackson,-0.481568429220685,-0.6824901243288153,GP,0.18203561172393165,9.19451155258017e+23,0.5630100121213139,0.18203561172393165
886,4.97,0.84,1771.8044249632712,1650.0,2484.494139500964,0.01796,3848919627.346093,6518173.014875051,Selsis,-0.31839935171692585,-0.7039408780298078,GP,0.27094094794185036,5.92525676211903e+24,0.5787092912906847,0.27094094794185036
887,4.97,0.84,1771.8044249632712,1650.0,1735.5817218171267,0.01796,6721504838.979726,75023265.36831215,Jackson,-0.3737849773579599,-0.7053140772049621,log,0.2962312435275832,2.3089098042006997e+24,0.20521952009108835,0.2962312435275832
888,4.97,0.84,1771.8044249632712,1650.0,2391.1958277952435,0.01796,4102704086.505182,27494594.10424509,Jackson,-0.3777802296785586,-0.6598927522715837,linear,0.4415307374545396,3.6086152187015203e+24,0.7490816598077915,0.4415307374545396
889,4.97,0.84,1771.8044249632712,1650.0,1629.4335574018817,0.01796,7508061474.727492,86093965.43506883,Jackson,-0.41221820768742057,-0.7951762500331653,GP,0.06899363337733862,4.0476031433086024e+23,0.4160102403079866,0.06899363337733862
890,4.97,0.84,1771.8044249632712,1650.0,1802.2915622134262,0.01796,6296830797.927115,36807656.10901251,Jackson,-0.4083563263681548,-0.761283605822239,GP,0.13154617667559487,8.837530995628498e+23,0.885326446795497,0.13154617667559487
891,4.97,0.84,1771.8044249632712,1650.0,2163.596797414007,0.01796,4689004651.102412,83693343.75690216,Jackson,-0.40423447398059936,-0.7425914653180098,GP,0.43523936694704807,2.4530935648642096e+24,0.30521953104294264,0.43523936694704807
892,4.97,0.84,1771.8044249632712,1650.0,1892.7368011357403,0.01796,5790016094.374744,1683422.4443831607,Jackson,-0.2858964710857517,-0.6970682390077773,log,0.15112417174859652,2.422098640916155e+24,0.347111781775447,0.15112417174859652
893,4.97,0.84,1771.8044249632712,1650.0,4797.685727803629,0.01796,1754363228.1785247,45641555.47343132,Jackson,-0.41323098010842574,-0.6962561580211896,log,0.10292683668359241,5.1238035707971e+23,0.08795216435780884,0.10292683668359241
894,4.97,0.84,1771.8044249632712,1650.0,4784.769369076078,0.01796,2178295053.9832325,96941979.6804826,Selsis,-0.3248373103582114,-0.7760716567253683,GP,0.1956144864175296,2.6874515921060884e+24,0.5785470939100564,0.1956144864175296
895,4.97,0.84,1771.8044249632712,1650.0,5586.072708320256,0.01796,1913409514.4635813,45148236.22745354,Selsis,-0.43614346824616107,-0.7946909853948866,GP,0.2037456582627469,2.195565084263776e+24,0.8263834916305559,0.2037456582627469
896,4.97,0.84,1771.8044249632712,1650.0,763.1124031411649,0.01796,13686324990.648722,43671014.0006122,Selsis,-0.28247956946574493,-0.7809447693914108,linear,0.11723932208530223,3.422395889672763e+24,0.8421891952299368,0.11723932208530223
897,4.97,0.84,1771.8044249632712,1650.0,1564.9002494537317,0.01796,6091638603.4356575,12783406.36128044,Selsis,-0.3545180175802658,-0.7905997432940941,log,0.16870545007574195,2.9766133377222664e+24,0.21733356881712285,0.16870545007574195
898,4.97,0.84,1771.8044249632712,1650.0,2369.665260863211,0.01796,4017735751.427833,14644975.21547069,Selsis,-0.49989021910102965,-0.6588150617178036,GP,0.08899221640852313,1.2018787756122132e+24,0.4217112030688094,0.08899221640852313
899,4.97,0.84,1771.8044249632712,1650.0,7503.572197264126,0.01796,1508784263.601982,24418742.838031624,Selsis,-0.46501827175754024,-0.6867653524144167,GP,0.47529504799543504,5.442865117659424e+24,0.39017765959828055,0.47529504799543504
900,4.97,0.84,1771.8044249632712,1650.0,1472.2013471442613,0.01796,6504629759.698301,83122940.89618212,Selsis,-0.30694540386015084,-0.7786836495503731,linear,0.13181255037398282,2.561051247777209e+24,0.65047004186408,0.13181255037398282
901,4.97,0.84,1771.8044249632712,1650.0,1937.5340078330328,0.01796,5564269061.980776,55053657.783140555,Jackson,-0.38449207265370244,-0.6266796030253878,linear,0.4741043140732498,4.335810831212343e+24,0.9748725976920928,0.4741043140732498
902,4.97,0.84,1771.8044249632712,1650.0,5513.215676345318,0.01796,1934405861.7488472,72869425.25096723,Selsis,-0.47242033635142927,-0.7506996697775205,GP,0.2530011770362635,2.331040307835132e+24,0.5015185714057997,0.2530011770362635
903,4.97,0.84,1771.8044249632712,1650.0,2049.60292969134,0.01796,5061096518.653276,64606960.3835993,Jackson,-0.3499889736994691,-0.7316004230940971,linear,0.18560000638925278,1.4874964144261945e+24,0.6814996910095197,0.18560000638925278
904,4.97,0.84,1771.8044249632712,1650.0,2646.2383571933456,0.01796,3636552075.2538104,24163307.50906182,Selsis,-0.40876874700503424,-0.720509303197823,log,0.06853756133307001,9.421331759393916e+23,0.006555302503390759,0.06853756133307001
905,4.97,0.84,1771.8044249632712,1650.0,2052.73593574574,0.01796,4585250987.5305395,60870780.05334604,Selsis,-0.4097919882863518,-0.6058736457242158,linear,0.3114966302686819,4.853573973480477e+24,0.8510250803503905,0.3114966302686819
906,4.97,0.84,1771.8044249632712,1650.0,6912.703946645613,0.01796,1181412015.0527563,54580288.39352479,Jackson,-0.32131615055810736,-0.7996866002174834,linear,0.1706134452728237,1.0730868877826138e+24,0.10567113247841664,0.1706134452728237
907,4.97,0.84,1771.8044249632712,1650.0,3091.3985917464483,0.01796,3174835159.665499,13297974.243345685,Selsis,-0.3197919599485988,-0.7085521028394485,log,0.45502876736285447,9.392412101817167e+24,0.05009688504035914,0.45502876736285447
908,4.97,0.84,1771.8044249632712,1650.0,1920.2688979733587,0.01796,5649455253.354797,51056415.13551751,Jackson,-0.33185086919999546,-0.7754254330759841,linear,0.2744011031639161,2.548186499263311e+24,0.9454167697201257,0.2744011031639161
909,4.97,0.84,1771.8044249632712,1650.0,1252.5171995365413,0.01796,7725850542.914887,90158652.86412711,Selsis,-0.4876763004972507,-0.6473512114384598,GP,0.38281261246577647,4.649405906079923e+24,0.4534059980746261,0.38281261246577647
910,4.97,0.84,1771.8044249632712,1650.0,1173.9242472442468,0.01796,8292831079.273024,70467549.9366784,Selsis,-0.4327754218547276,-0.7803331518554639,GP,0.21656590478112195,2.514281002609073e+24,0.5685478677826662,0.21656590478112195
911,4.97,0.84,1771.8044249632712,1650.0,6432.640660926988,0.01796,1704338475.7407203,48207151.56403957,Selsis,-0.45451137508293765,-0.7659465351582555,linear,0.06488140725560976,6.659270089008757e+23,0.3369350917541144,0.06488140725560976
912,4.97,0.84,1771.8044249632712,1650.0,12689.916947850485,0.01796,636361345.2117298,28201772.92307941,Jackson,-0.46941026908547867,-0.7571935461558152,GP,0.34351053073534316,1.1492383236933141e+24,0.9730962494422791,0.34351053073534316
913,4.97,0.84,1771.8044249632712,1650.0,2390.281038248603,0.01796,4104784485.8341894,38655068.53291033,Jackson,-0.42218182219524086,-0.657235880725047,GP,0.07689271095468032,5.327119447517644e+23,0.30773756215116876,0.07689271095468032
914,4.97,0.84,1771.8044249632712,1650.0,4775.860556943203,0.01796,2181724928.585189,84214584.55574195,Selsis,-0.42177149023307325,-0.7205195913664874,GP,0.09639437548787046,9.535882239914593e+23,0.5927237377769511,0.09639437548787046
915,4.97,0.84,1771.8044249632712,1650.0,5470.512735893433,0.01796,1519284774.8719132,51513797.8529516,Jackson,-0.32982539809583516,-0.6639753559096168,linear,0.23053210166208513,1.6428931295004571e+24,0.6090715562043286,0.23053210166208513
916,4.97,0.84,1771.8044249632712,1650.0,5685.892760071147,0.01796,1885486844.1571834,8390574.0598349,Selsis,-0.3912315947466953,-0.640686528001266,log,0.16126337011070177,2.4309816585152713e+24,0.06199816980580197,0.16126337011070177
917,4.97,0.84,1771.8044249632712,1650.0,2256.937387509925,0.01796,4200688422.222241,71631282.83706258,Selsis,-0.36982126360641393,-0.6300088496479479,linear,0.052163235803597705,8.068522355068046e+23,0.4404618894283011,0.052163235803597705
918,4.97,0.84,1771.8044249632712,1650.0,2891.6451946571538,0.01796,3209617349.325157,20695656.20879873,Jackson,-0.45705400827310544,-0.7316904069921343,linear,0.2833482781379452,1.5233269657102097e+24,0.8383916993583065,0.2833482781379452
919,4.97,0.84,1771.8044249632712,1650.0,3174.348703724751,0.01796,3103329964.319418,24427056.223531775,Selsis,-0.4044312558297217,-0.7066152233804459,linear,0.27688484616270675,3.816231742523087e+24,0.8815730125572704,0.27688484616270675
920,4.97,0.84,1771.8044249632712,1650.0,3402.635749419209,0.01796,2624189908.9069066,34569192.542307295,Jackson,-0.4182632448600885,-0.7370920883343238,linear,0.05931372448954237,3.2008290235087256e+23,0.9098925064743504,0.05931372448954237
921,4.97,0.84,1771.8044249632712,1650.0,2232.888476763549,0.01796,4242190144.0278697,70270291.79387428,Selsis,-0.40405368533222574,-0.6779804875661991,log,0.08977631132558812,1.1393810705432986e+24,0.8612220203596416,0.08977631132558812
922,4.97,0.84,1771.8044249632712,1650.0,1847.2179767264954,0.01796,5075365095.543115,71187106.85544132,Selsis,-0.36110180472243625,-0.6463188272198664,linear,0.05494798106322865,8.786499126542097e+23,0.7402676870848746,0.05494798106322865
923,4.97,0.84,1771.8044249632712,1650.0,1266.497242733658,0.01796,11892851615.436869,26275641.91803681,Jackson,-0.3562434009122902,-0.7273510753985506,linear,0.29828330481522947,3.2619034504707904e+24,0.92040646003442,0.29828330481522947
924,4.97,0.84,1771.8044249632712,1650.0,1508.9314064686266,0.01796,8611863875.68973,20980604.899811555,Jackson,-0.3753194020306974,-0.7232962903602935,GP,0.25138134805243867,2.2980695449383906e+24,0.695864846722805,0.25138134805243867
925,4.97,0.84,1771.8044249632712,1650.0,1809.9749677330324,0.01796,5189457028.351394,60652387.05245011,Selsis,-0.37004903954666846,-0.6101306711921575,GP,0.0957604398145367,1.6819996480190392e+24,0.721807270350142,0.0957604398145367
926,4.97,0.84,1771.8044249632712,1650.0,5172.116757597805,0.01796,2040305462.2094655,81488697.73371415,Selsis,-0.4696800062210343,-0.6375241209886177,GP,0.05663242271370854,5.83650855628273e+23,0.7338416539296726,0.05663242271370854
927,4.97,0.84,1771.8044249632712,1650.0,6616.822452876284,0.01796,1666467098.5532007,74814376.9356877,Selsis,-0.4222674853562739,-0.6184700334879862,linear,0.35862064502865154,4.076580989144351e+24,0.7021084804086815,0.35862064502865154
928,4.97,0.84,1771.8044249632712,1650.0,1642.9810897193092,0.01796,7399009784.594092,74505200.06468968,Jackson,-0.3097398366113376,-0.7377606654292355,log,0.20578076548831975,2.3610599817715366e+24,0.7644385174487687,0.20578076548831975
929,4.97,0.84,1771.8044249632712,1650.0,6282.59283248392,0.01796,1308265322.2507586,43942758.94298336,Jackson,-0.29353220004301384,-0.6323733070975721,GP,0.08480736590403351,8.01622559363693e+23,0.6452201623967418,0.08480736590403351
930,4.97,0.84,1771.8044249632712,1650.0,4739.619528025682,0.01796,1779009254.642459,60332012.2101662,Jackson,-0.2802541975130455,-0.7213228771106087,log,0.19708565792653815,1.9998841116381544e+24,0.010500147684122552,0.19708565792653815
931,4.97,0.84,1771.8044249632712,1650.0,1439.286651725106,0.01796,6660577831.8673,64299348.158752464,Selsis,-0.41576847994980815,-0.6534397988260235,linear,0.15831170958875646,2.241600480700782e+24,0.7477035060711723,0.15831170958875646
932,4.97,0.84,1771.8044249632712,1650.0,1326.7351963113092,0.01796,7261099235.443323,37869777.53130246,Selsis,-0.492141633502179,-0.6700236481302354,GP,0.050240321028405546,6.76992177878759e+23,0.9649985645769557,0.050240321028405546
933,4.97,0.84,1771.8044249632712,1650.0,4254.3117624950055,0.01796,2015038855.4214401,99589503.12641856,Jackson,-0.36527807570334353,-0.6480295610136366,log,0.1575143964381873,8.957137761649615e+23,0.4305084525472995,0.1575143964381873
934,4.97,0.84,1771.8044249632712,1650.0,2276.485430318896,0.01796,4379919902.274733,24118131.627308045,Jackson,-0.43277102232200293,-0.7268151279914905,GP,0.11916379692481424,7.288598068949196e+23,0.2391151305804493,0.11916379692481424
935,4.97,0.84,1771.8044249632712,1650.0,4247.201412384102,0.01796,2018953757.0354102,62656903.97994968,Jackson,-0.2814217953918834,-0.7262320161994226,log,0.23299237319737895,2.4082673526061835e+24,0.5324770868898502,0.23299237319737895
936,4.97,0.84,1771.8044249632712,1650.0,1971.0184911083784,0.01796,4762467003.774667,53948998.63097389,Selsis,-0.32189132261191933,-0.7082848719331076,linear,0.22092729567167801,4.2156500975063404e+24,0.9865516020938638,0.22092729567167801
937,4.97,0.84,1771.8044249632712,1650.0,3086.742308157471,0.01796,3178953780.625162,44893224.41076453,Selsis,-0.3620069506194007,-0.6033221389395573,log,0.05012842506379724,8.882265128784671e+23,0.4939160187462195,0.05012842506379724
938,4.97,0.84,1771.8044249632712,1650.0,4984.959915501316,0.01796,2104374226.6764145,49290928.58533573,Selsis,-0.4817099612549776,-0.64415425397027,log,0.09388962508297895,1.0798376952832099e+24,0.10259314704898592,0.09388962508297895
939,4.97,0.84,1771.8044249632712,1650.0,2752.957099864674,0.01796,3510368338.7514467,74378864.23046638,Selsis,-0.45060809034188526,-0.7778143272512894,log,0.4554654230557686,4.5782361193411624e+24,0.07752729612464015,0.4554654230557686
940,4.97,0.84,1771.8044249632712,1650.0,3608.2062278789153,0.01796,2780986877.890388,99948005.80836898,Selsis,-0.3134324688204424,-0.7209523557399704,log,0.3267421600304767,5.128111209861228e+24,0.09312353311912291,0.3267421600304767
941,4.97,0.84,1771.8044249632712,1650.0,1647.1710418507269,0.01796,5756219837.097652,37819328.5601705,Selsis,-0.33865348054334626,-0.6708313363300921,log,0.391844325418474,7.604416946053353e+24,0.3632745886522064,0.391844325418474
942,4.97,0.84,1771.8044249632712,1650.0,1582.9539717928474,0.01796,6014576921.297023,38374168.47506223,Selsis,-0.2901101056968393,-0.7135000151381938,linear,0.07814057320954397,2.0367140737219186e+24,0.15197596435213712,0.07814057320954397
943,4.97,0.84,1771.8044249632712,1650.0,4165.320752512844,0.01796,2065134060.938254,44672289.17420695,Jackson,-0.44073049363352307,-0.797159138504514,log,0.17742562994996083,7.853251601435525e+23,0.9303954271752609,0.17742562994996083
944,4.97,0.84,1771.8044249632712,1650.0,5441.718240248078,0.01796,1528034211.320322,60703500.77613562,Jackson,-0.44458107107172223,-0.7852139667351427,linear,0.0599276140484341,2.2936788232367126e+23,0.7427156347032486,0.0599276140484341
945,4.97,0.84,1771.8044249632712,1650.0,2181.6802793303414,0.01796,4333720363.977197,48588225.606759965,Selsis,-0.39332678005790106,-0.6843964394302499,log,0.09459159043477418,1.3311210058628911e+24,0.6792778277702624,0.09459159043477418
946,4.97,0.84,1771.8044249632712,1650.0,2074.652043391427,0.01796,4962605572.418885,21182559.51689563,Jackson,-0.39468773148901815,-0.7842304693088786,linear,0.2315588160881971,1.573860233825412e+24,0.2316170425008689,0.2315588160881971
947,4.97,0.84,1771.8044249632712,1650.0,2031.9904441789768,0.01796,5134882569.526498,12912101.55419711,Jackson,-0.28339259144726126,-0.6408670352269265,GP,0.06931846812217403,1.1437178644933416e+24,0.7523429786729793,0.06931846812217403
948,4.97,0.84,1771.8044249632712,1650.0,6147.976044738214,0.01796,1767634204.9083333,79180641.1183204,Selsis,-0.42453403262600004,-0.7143173320940891,linear,0.06253526046736968,6.093383372462217e+23,0.43915027271083706,0.06253526046736968
949,4.97,0.84,1771.8044249632712,1650.0,2245.1896035637574,0.01796,4461719209.220608,91447093.46453154,Jackson,-0.3368381140005244,-0.6962339039742139,linear,0.32756962977812754,2.676521903068674e+24,0.7533125717117088,0.32756962977812754
950,4.97,0.84,1771.8044249632712,1650.0,9545.185426371943,0.01796,1251244054.9084265,85645909.8351669,Selsis,-0.47845191664583697,-0.6275936796293443,linear,0.25477079935709607,2.3587739827341875e+24,0.38649358324259775,0.25477079935709607
951,4.97,0.84,1771.8044249632712,1650.0,3498.665329176936,0.01796,2536419718.709271,99620190.10919781,Jackson,-0.4743795634448105,-0.6526176708651649,GP,0.47793647150407875,2.1544904302839576e+24,0.226096953415175,0.47793647150407875
952,4.97,0.84,1771.8044249632712,1650.0,2012.720854669183,0.01796,5217757346.759856,84058063.22698842,Jackson,-0.458415951678204,-0.7419240763957761,log,0.06657212999293002,3.2871890031465223e+23,0.9678478623043476,0.06657212999293002
953,4.97,0.84,1771.8044249632712,1650.0,1457.05625833561,0.01796,9174784275.275522,92941785.94051285,Jackson,-0.37995228550738774,-0.7797264037467931,GP,0.17501121340185277,1.2588962434839134e+24,0.04640032774495806,0.17501121340185277
954,4.97,0.84,1771.8044249632712,1650.0,2421.463624846111,0.01796,3939548202.6611395,66742487.866004825,Selsis,-0.4405404533082906,-0.6053934385546044,log,0.44420786951099095,6.255092985298687e+24,0.13993943097130657,0.44420786951099095
955,4.97,0.84,1771.8044249632712,1650.0,1581.702989340113,0.01796,7914935620.514564,12078371.247689122,Jackson,-0.4389796673599929,-0.7087514751953685,log,0.1580416424276491,1.175823181161447e+24,0.49041956401272957,0.1580416424276491
956,4.97,0.84,1771.8044249632712,1650.0,2958.471921036113,0.01796,3119317912.255123,9856972.707070863,Jackson,-0.39437599954894675,-0.6620975333141426,linear,0.08985747882739224,6.587241914730076e+23,0.011009040060302122,0.08985747882739224
957,4.97,0.84,1771.8044249632712,1650.0,1622.7845201294524,0.01796,5851554019.053788,73603422.03058724,Selsis,-0.4772088732840116,-0.6755060500939154,GP,0.34674361688154004,4.008029639313397e+24,0.18861611885553198,0.34674361688154004
958,4.97,0.84,1771.8044249632712,1650.0,3773.51345973664,0.01796,2672702386.6922784,5718232.465307304,Selsis,-0.3793650834909628,-0.7179572537541149,log,0.4489940016646012,6.868240612148882e+24,0.26601444734657,0.4489940016646012
959,4.97,0.84,1771.8044249632712,1650.0,1253.6447705829914,0.01796,12124165426.677269,72768613.62462579,Jackson,-0.31460569034852964,-0.7561921975161705,linear,0.3042359681835138,3.8637755547952687e+24,0.009762485912319208,0.3042359681835138
960,4.97,0.84,1771.8044249632712,1650.0,2901.8381118594993,0.01796,3195523353.134862,67064954.52975871,Jackson,-0.4346635923605393,-0.7107868076433125,GP,0.09135698159163297,4.6137679122457085e+23,0.9557947337285062,0.09135698159163297
961,4.97,0.84,1771.8044249632712,1650.0,7826.575704423324,0.01796,1036394900.2966644,92790375.3960353,Jackson,-0.3207181941324872,-0.7868454537680998,log,0.06732240013085737,3.4642544194130994e+23,0.16772273631639512,0.06732240013085737
962,4.97,0.84,1771.8044249632712,1650.0,2150.344383152345,0.01796,4727970372.166768,49708003.027982086,Jackson,-0.3861877398085018,-0.6394205331155298,log,0.10689679104701394,8.892810736118348e+23,0.3338720823011223,0.10689679104701394
963,4.97,0.84,1771.8044249632712,1650.0,3586.446305618441,0.01796,2795384709.123088,29084126.483567614,Selsis,-0.45156400324141904,-0.699401998050465,log,0.19256958858074819,2.371024519901021e+24,0.23901171984959435,0.19256958858074819
964,4.97,0.84,1771.8044249632712,1650.0,1900.6505831808931,0.01796,4927891861.590469,54103717.720810145,Selsis,-0.36848838388730415,-0.6193673634047958,GP,0.4218522033042632,7.336441449846651e+24,0.3872933579377409,0.4218522033042632
965,4.97,0.84,1771.8044249632712,1650.0,4258.635937365747,0.01796,2012665264.5138497,60912922.85816313,Jackson,-0.42309699984644833,-0.7418284963334614,GP,0.47061779511235363,2.114284765385105e+24,0.5999725580830553,0.47061779511235363
966,4.97,0.84,1771.8044249632712,1650.0,2074.40515268142,0.01796,4963406294.842937,5370161.415816024,Jackson,-0.3511522068915113,-0.7328712423768345,log,0.4117948120933121,3.764258411771034e+24,0.5273665579137489,0.4117948120933121
967,4.97,0.84,1771.8044249632712,1650.0,2200.7589167334245,0.01796,4582867441.347775,28212595.188990198,Jackson,-0.28075001676618244,-0.7802822690229956,log,0.08593617552310037,1.2087639239673066e+24,0.8694618435829274,0.08593617552310037
968,4.97,0.84,1771.8044249632712,1650.0,4442.191297366208,0.01796,2319852474.1924,12086100.484351499,Selsis,-0.298876377853558,-0.6474520783339255,linear,0.36497912264674837,8.760326829486108e+24,0.26219314686105066,0.36497912264674837
969,4.97,0.84,1771.8044249632712,1650.0,1663.3925246205843,0.01796,7239712540.589205,87511020.39903806,Jackson,-0.31043755630850806,-0.7155610789242569,log,0.08261852716463364,9.314938303998397e+23,0.6155041507433099,0.08261852716463364
970,4.97,0.84,1771.8044249632712,1650.0,2311.7689348381296,0.01796,4290999655.7310653,48671824.21504585,Jackson,-0.3783474805603854,-0.6433025180200725,log,0.08634950437303615,7.09582812322691e+23,0.2327300779521282,0.08634950437303615
971,4.97,0.84,1771.8044249632712,1650.0,1616.1975453655177,0.01796,5877874025.64754,81962164.45837483,Selsis,-0.49278371455471304,-0.6112332312084532,linear,0.08523207874163238,1.141911977757165e+24,0.39694209758400933,0.08523207874163238
972,4.97,0.84,1771.8044249632712,1650.0,3159.498278120855,0.01796,2874809649.671533,44005301.26975496,Jackson,-0.491877932476077,-0.6272204776506692,linear,0.3124031012181448,1.890127257164944e+24,0.2665467945468125,0.3124031012181448
973,4.97,0.84,1771.8044249632712,1650.0,4492.6072067374835,0.01796,2297695429.8497996,49418499.34414054,Selsis,-0.3572480781468967,-0.705136988152765,log,0.1289577985579179,1.8500786829950563e+24,0.66823680253092,0.1289577985579179
974,4.97,0.84,1771.8044249632712,1650.0,2609.649763987825,0.01796,3656868454.359032,85072994.83464214,Jackson,-0.4584773713611991,-0.6119520894782313,log,0.18960269921192954,1.243209838718312e+24,0.19962616301243252,0.18960269921192954
975,4.97,0.84,1771.8044249632712,1650.0,5343.5172415959205,0.01796,1985454932.7648895,77388161.76352024,Selsis,-0.3921090824547353,-0.6455955967019351,linear,0.2214518022489591,2.616632447791915e+24,0.9316083193043598,0.2214518022489591
976,4.97,0.84,1771.8044249632712,1650.0,1696.6708018030854,0.01796,6992377695.083827,53100651.043124594,Jackson,-0.4215143793047193,-0.7373787602494986,linear,0.1504106828901433,9.809079793072327e+23,0.2599957843207914,0.1504106828901433
977,4.97,0.84,1771.8044249632712,1650.0,1933.1700468922297,0.01796,5585591661.384741,84454201.07680519,Jackson,-0.4557372282916338,-0.6813603835280668,GP,0.14449776399137787,8.392525543434486e+23,0.31523339740564094,0.14449776399137787
978,4.97,0.84,1771.8044249632712,1650.0,4461.159863662646,0.01796,1907324723.974068,44784529.085114956,Jackson,-0.35507538505216835,-0.7379056512183486,linear,0.2700074800066773,1.6838948368629723e+24,0.788919847132534,0.2700074800066773
979,4.97,0.84,1771.8044249632712,1650.0,4052.9606939251103,0.01796,2131974897.3980234,4887320.843720353,Jackson,-0.43338324010256224,-0.7790012847221829,linear,0.059839742450235205,3.108681949720228e+23,0.8929932165793504,0.059839742450235205
980,4.97,0.84,1771.8044249632712,1650.0,2391.727601650703,0.01796,4101495642.773364,12035021.077587744,Jackson,-0.327008210687743,-0.7548271499474142,linear,0.4212789060965225,4.137138818852371e+24,0.17989337448926257,0.4212789060965225
981,4.97,0.84,1771.8044249632712,1650.0,2198.2132265147084,0.01796,4589994744.413517,95291553.55339932,Jackson,-0.423622257035399,-0.7181326527313141,linear,0.0915653521898723,4.812111932521368e+23,0.8655461839698373,0.0915653521898723
982,4.97,0.84,1771.8044249632712,1650.0,1084.178140666688,0.01796,9059314554.265133,77400360.19691056,Selsis,-0.32602990027475837,-0.6174198706577569,log,0.0867538885383723,1.9176911402275062e+24,0.6336977806611908,0.0867538885383723
983,4.97,0.84,1771.8044249632712,1650.0,2147.5767361443313,0.01796,4397191069.101161,82253375.88752842,Selsis,-0.4661918180000052,-0.6675232346018642,linear,0.39351236831327374,4.3469514865936324e+24,0.49371484828712275,0.39351236831327374
984,4.97,0.84,1771.8044249632712,1650.0,7964.759246672202,0.01796,1439867829.0090058,58405344.96274095,Selsis,-0.3340855151012391,-0.6847035079162733,log,0.0671114515151294,9.746177972948292e+23,0.8541980993903597,0.0671114515151294
985,4.97,0.84,1771.8044249632712,1650.0,8966.801708535844,0.01796,899368900.5546527,22118261.633825343,Jackson,-0.43953556479946737,-0.6924813462333522,GP,0.24349594630781934,1.0230800653088186e+24,0.6168243462590078,0.24349594630781934
986,4.97,0.84,1771.8044249632712,1650.0,3297.0554971160986,0.01796,2727666942.58781,12492755.971407877,Jackson,-0.38343436951538523,-0.7930297673820337,GP,0.15755750491532738,9.938552340756262e+23,0.5767076694140316,0.15755750491532738
987,4.97,0.84,1771.8044249632712,1650.0,8171.645919720481,0.01796,990623872.2243911,85310094.15531306,Jackson,-0.3010104489415693,-0.6005679119124617,log,0.32959889106277146,2.4067107582879256e+24,0.5031098312242506,0.32959889106277146
988,4.97,0.84,1771.8044249632712,1650.0,3418.9485695702306,0.01796,2608871268.3023677,8465055.770069612,Jackson,-0.29233124423457374,-0.6138714522907264,GP,0.12195078032830473,1.6509494199779923e+24,0.9048614605168089,0.12195078032830473
989,4.97,0.84,1771.8044249632712,1650.0,998.04857907613,0.01796,9950727933.149256,5986741.721313889,Selsis,-0.30030646246122283,-0.7440904501367634,log,0.17934735079347752,4.886270406133294e+24,0.8986581555063363,0.17934735079347752
990,4.97,0.84,1771.8044249632712,1650.0,1271.2955223587005,0.01796,7602347155.432727,22873826.29629259,Selsis,-0.4423843071832059,-0.75254015023922,log,0.3363127291545322,4.551373700980576e+24,0.8785431045047214,0.3363127291545322
991,4.97,0.84,1771.8044249632712,1650.0,3132.8657470519865,0.01796,2905070022.3115187,82618263.73005657,Jackson,-0.4331055537984095,-0.634148775457898,linear,0.0776146411228452,4.462524680269759e+23,0.5729638161013931,0.0776146411228452
992,4.97,0.84,1771.8044249632712,1650.0,3033.4648853988497,0.01796,3023599307.0966687,38182140.704655625,Jackson,-0.498883516510317,-0.6180756992092082,log,0.13739532906042098,8.886100819610232e+23,0.42229259206138403,0.13739532906042098
993,4.97,0.84,1771.8044249632712,1650.0,3608.3894752216497,0.01796,2780861327.789789,86245338.2155286,Selsis,-0.3835413532801157,-0.6603688222752603,linear,0.09715462943509205,1.1865690717411002e+24,0.8279006320185864,0.09715462943509205
994,4.97,0.84,1771.8044249632712,1650.0,2306.1199128740313,0.01796,4305008287.772331,63222301.331465505,Jackson,-0.48426874694582905,-0.7965768709397602,log,0.06574364759865745,2.9483485899652883e+23,0.7716554313629727,0.06574364759865745
995,4.97,0.84,1771.8044249632712,1650.0,2171.5853147371354,0.01796,4665804272.654178,36501084.556309395,Jackson,-0.43939769519123456,-0.7927704704538109,log,0.13636863695770204,7.516940211953534e+23,0.500315328898266,0.13636863695770204
996,4.97,0.84,1771.8044249632712,1650.0,2883.7006910307023,0.01796,3220684907.1031513,44254363.26543683,Jackson,-0.3169209180410325,-0.6478164780433557,log,0.20292280780056712,2.1011711672196153e+24,0.4301381198528609,0.20292280780056712
997,4.97,0.84,1771.8044249632712,1650.0,2354.4214690954227,0.01796,4187921252.7579403,14708118.24667976,Jackson,-0.4888877204078734,-0.745763251069862,GP,0.12915304777310346,6.958744407697414e+23,0.9750672929185914,0.12915304777310346
998,4.97,0.84,1771.8044249632712,1650.0,5355.594046309643,0.01796,1981718526.4103618,80288240.3061927,Selsis,-0.37546147320314666,-0.6667249616222215,linear,0.08015519237144854,9.571009229676161e+23,0.31219463970354844,0.08015519237144854
999,4.97,0.84,1771.8044249632712,1650.0,3259.8111639739845,0.01796,2766060330.673427,57313498.55455525,Jackson,-0.39580287268903347,-0.6126206432865606,GP,0.14969579103684394,1.0883329929463306e+24,0.14850564332278293,0.14969579103684394
