pl_mass,pl_radius,mass_source,st_mass,pl_teff,pl_insol,pl_XUV_flux,pl_orbsmax,orbit_source,st_age,pl_form_yr,x-ray-model,euv_gamma1,euv_gamma2,co2_fit,ch4_eta,N2O2_frac,C_loss,atmospheric_loss
2.33,1.242,catalog,0.24,595.0,20.951916667793355,1176.6055557670618,0.01848,catalog,2173462072.218839,31547591.308090966,Jackson,-0.31291838467891614,-0.6048204390964623,log,0.3300443100903709,0.4427135630479926,6.467108082689892e+22,6.467108082689892e+22
2.33,1.242,catalog,0.24,595.0,20.951916667793355,1107.2423822440776,0.01848,catalog,2295093335.4077544,68956318.29488952,Jackson,-0.34341323143186964,-0.6289457649091518,log,0.12185456356959638,0.91909080471485,6.7523427766626115e+22,6.7523427766626115e+22
2.33,1.242,catalog,0.24,595.0,20.951916667793355,742.579711476248,0.01848,catalog,3306220208.494246,76288866.21341184,Jackson,-0.31784098797481086,-0.6376277563639469,GP,0.19341414083125424,0.583493258534703,8.0164504763055e+22,8.0164504763055e+22
2.33,1.242,catalog,0.24,595.0,20.951916667793355,1765.580340778459,0.01848,catalog,3077821193.625815,34692516.58728423,Selsis,-0.43966508261981635,-0.6062455385078833,linear,0.2633277300454541,0.922089789298191,9.041359925857886e+22,9.041359925857886e+22
2.33,1.242,catalog,0.24,595.0,20.951916667793355,5590.262125992945,0.01848,catalog,878689639.4938945,3020711.2882777564,Selsis,-0.4854603433251152,-0.7528043137075919,log,0.16862922457899715,0.9368818020296666,3.0746009446415543e+22,3.0746009446415543e+22
2.33,1.242,catalog,0.24,595.0,20.951916667793355,352.85324359418405,0.01848,catalog,6798765068.32094,40441230.18606963,Jackson,-0.28650976931058514,-0.6922959062145,linear,0.09886931861163654,0.6602541951277501,1.210861363054582e+23,1.210861363054582e+23
2.33,1.242,catalog,0.24,595.0,20.951916667793355,611.1751281180483,0.01848,catalog,6917352495.2908745,22623359.118983045,Selsis,-0.33907402511062473,-0.6053605546253344,linear,0.4894840377124348,0.0631169361557613,9.552589040837333e+22,9.552589040837333e+22
2.33,1.242,catalog,0.24,595.0,20.951916667793355,1826.853317742211,0.01848,catalog,3003027826.2488527,42486292.84145447,Selsis,-0.30993506178113606,-0.6863274042633827,log,0.0926141886856242,0.9239383214482179,1.3032465716418999e+23,1.3032465716418999e+23
2.33,1.242,catalog,0.24,595.0,20.951916667793355,520.3763630656392,0.01848,catalog,7884216869.835562,98260627.3805797,Selsis,-0.35854066805968965,-0.7979627306563556,log,0.07463628500678036,0.750628692588784,1.133220919485312e+23,1.133220919485312e+23
2.33,1.242,catalog,0.24,595.0,20.951916667793355,239.4717082812373,0.01848,catalog,10147983814.036774,4295197.4561362155,Jackson,-0.4206228782788295,-0.6409251366199348,GP,0.298627468357705,0.41159591331844225,5.709946305399778e+22,5.709946305399778e+22
2.33,1.242,catalog,0.24,595.0,20.951916667793355,1942.6257770568604,0.01848,catalog,2873276029.6334124,33880945.37695792,Selsis,-0.3936668063040866,-0.6151935453543392,GP,0.05024029034672766,0.4551460899958141,9.134843853152441e+22,9.134843853152441e+22
2.33,1.242,catalog,0.24,595.0,20.951916667793355,880.8184007791263,0.01848,catalog,5176318632.390991,50349710.761847995,Selsis,-0.34549428879259664,-0.6951531788857672,linear,0.15083079987796538,0.025719703295232543,6.9359018977205265e+22,6.9359018977205265e+22
2.33,1.242,catalog,0.24,595.0,20.951916667793355,586.9734585563432,0.01848,catalog,7147072817.222555,48452051.820880376,Selsis,-0.3633392796053125,-0.6412660136798495,log,0.11747658808393809,0.8715134049013575,1.3510581931003919e+23,1.3510581931003919e+23
2.33,1.242,catalog,0.24,595.0,20.951916667793355,682.2865436109166,0.01848,catalog,6332411286.82076,21730073.596606843,Selsis,-0.49449818608326807,-0.7296860507708179,GP,0.09074147490325617,0.9264486747215405,7.85063678318829e+22,7.85063678318829e+22
2.33,1.242,catalog,0.24,595.0,20.951916667793355,2894.6885161849114,0.01848,catalog,2165095507.2261157,77463495.26187252,Selsis,-0.3554018791629514,-0.6130255534381331,linear,0.1424911330157845,0.11073217123648338,4.043046571739871e+22,4.043046571739871e+22
2.33,1.242,catalog,0.24,595.0,20.951916667793355,628.0211816768177,0.01848,catalog,3869916783.347196,30049056.636724927,Jackson,-0.40548627504443685,-0.7988350738310785,linear,0.16062012895043784,0.762555224222764,5.101820406336638e+22,5.101820406336638e+22
2.33,1.242,catalog,0.24,595.0,20.951916667793355,705.9607550731499,0.01848,catalog,3465709554.012221,17729610.177224275,Jackson,-0.3236669420353148,-0.721443004029186,log,0.1324289268642052,0.5331919926979172,7.395600325936949e+22,7.395600325936949e+22
2.33,1.242,catalog,0.24,595.0,20.951916667793355,2230.467457352869,0.01848,catalog,2603285942.182794,85778025.09799038,Selsis,-0.314723546818899,-0.708391842128127,GP,0.40731570564331976,0.1515965606729449,5.356610036202565e+22,5.356610036202565e+22
2.33,1.242,catalog,0.24,595.0,20.951916667793355,520.0242414508563,0.01848,catalog,4636529841.62299,80321220.75236598,Jackson,-0.3524428400513692,-0.6505292451178728,log,0.4797063567760914,0.6716729470646083,7.629957525522541e+22,7.629957525522541e+22
2.33,1.242,catalog,0.24,595.0,20.951916667793355,5588.854061612263,0.01848,catalog,517255575.1924102,57097106.30596204,Selsis,-0.41244991845160445,-0.7572698096381996,log,0.05901256474115226,0.7855149055573916,1.6900301232596098e+22,1.6900301232596098e+22
2.33,1.242,catalog,0.24,595.0,20.951916667793355,3374.8201830592657,0.01848,catalog,1944807069.2975488,23145376.10886062,Selsis,-0.32881308072116644,-0.7855874068006894,GP,0.3731210001679957,0.5449676555794674,8.590259829453827e+22,8.590259829453827e+22
2.33,1.242,catalog,0.24,595.0,20.951916667793355,1654.2164726583671,0.01848,catalog,1608875584.7282536,94677979.56849489,Jackson,-0.29173091140626606,-0.62525090265196,log,0.1776644693005113,0.16893849224314716,3.35307812370146e+22,3.35307812370146e+22
2.33,1.242,catalog,0.24,595.0,20.951916667793355,198.24957405716194,0.01848,catalog,12430224511.202652,28688772.665972102,Jackson,-0.4558703136913966,-0.744666425098956,log,0.14331396836534324,0.9654296188928451,4.569780401773889e+22,4.569780401773889e+22
2.33,1.242,catalog,0.24,595.0,20.951916667793355,1396.5198470910282,0.01848,catalog,1866549834.8955123,48835838.80378441,Jackson,-0.31906272230421245,-0.6694867158532218,linear,0.2824513041460722,0.48475558221789317,5.7160643791454994e+22,5.7160643791454994e+22
2.33,1.242,catalog,0.24,595.0,20.951916667793355,339.87654395436584,0.01848,catalog,7061236248.0863085,90144093.99032731,Jackson,-0.49057020906006515,-0.6676792867995119,log,0.26874528607560244,0.9497315334002215,4.4330500895957724e+22,4.4330500895957724e+22
2.33,1.242,catalog,0.24,595.0,20.951916667793355,326.7243775640925,0.01848,catalog,7349994167.316037,76185726.13355242,Jackson,-0.44662114434868583,-0.6065255729300941,log,0.32320072174684344,0.3766501490441647,5.901089495283453e+22,5.901089495283453e+22
2.33,1.242,catalog,0.24,595.0,20.951916667793355,700.2752727353818,0.01848,catalog,3491984842.7402105,48554230.78485169,Jackson,-0.30295575341801856,-0.6096873588672339,log,0.06362147432025246,0.5522572526893131,9.040988701524722e+22,9.040988701524722e+22
2.33,1.242,catalog,0.24,595.0,20.951916667793355,5604.149973204828,0.01848,catalog,1178847197.5464919,45827363.72968761,Selsis,-0.48622720632953453,-0.7944295439357786,log,0.056437240758858156,0.5324845029793333,3.4326945042554266e+22,3.4326945042554266e+22
2.33,1.242,catalog,0.24,595.0,20.951916667793355,398.89234071973044,0.01848,catalog,6012974293.190351,29848130.07791617,Jackson,-0.47852430063558504,-0.7721225105242069,log,0.24523396970852085,0.15454309592800164,3.062474748771562e+22,3.062474748771562e+22
2.33,1.242,catalog,0.24,595.0,20.951916667793355,1086.6985327851187,0.01848,catalog,4407268784.757959,79479161.58873825,Selsis,-0.4505097350031219,-0.7668435432596428,log,0.22366225125887934,0.9309739057896763,7.60124403545923e+22,7.60124403545923e+22
2.33,1.242,catalog,0.24,595.0,20.951916667793355,1018.8188605480333,0.01848,catalog,4628287674.142641,94713133.52308245,Selsis,-0.3789289244862511,-0.6484851308475119,GP,0.3477309949006275,0.6470744019791904,1.05856756236942e+23,1.05856756236942e+23
2.33,1.242,catalog,0.24,595.0,20.951916667793355,1151.3817825273964,0.01848,catalog,4219044769.9869466,86367596.12123635,Selsis,-0.3773737965807767,-0.6688359226447016,GP,0.33938763653304566,0.8345612562332905,1.0012800848770559e+23,1.0012800848770559e+23
2.33,1.242,catalog,0.24,595.0,20.951916667793355,1902.927180642119,0.01848,catalog,2916179859.940477,45649521.04567887,Selsis,-0.39969093337183975,-0.7454185149614716,linear,0.15058116582334213,0.037932355033907905,4.507724785323398e+22,4.507724785323398e+22
2.33,1.242,catalog,0.24,595.0,20.951916667793355,306.3570581394135,0.01848,catalog,12331974087.090397,96467141.77199464,Selsis,-0.2924040353422795,-0.690868344000936,linear,0.11415823580287976,0.06287005628407594,1.2189673586410552e+23,1.2189673586410552e+23
2.33,1.242,catalog,0.24,595.0,20.951916667793355,861.9716005921651,0.01848,catalog,5264514567.569501,2320195.3764115158,Selsis,-0.48457658901622513,-0.667876414617087,log,0.14975640098891374,0.40090417320064176,8.721176042206385e+22,8.721176042206385e+22
2.33,1.242,catalog,0.24,595.0,20.951916667793355,431.82534346185287,0.01848,catalog,5558797215.005808,32535437.67008424,Jackson,-0.29852059629800143,-0.7379575216609877,GP,0.08551765453111394,0.9659338699714691,1.1228136261554945e+23,1.1228136261554945e+23
2.33,1.242,catalog,0.24,595.0,20.951916667793355,602.8217664989442,0.01848,catalog,4023563801.968515,79546679.92652774,Jackson,-0.4949867028172164,-0.6767494798140358,linear,0.07425393360084324,0.8665576285018566,4.352875502383182e+22,4.352875502383182e+22
2.33,1.242,catalog,0.24,595.0,20.951916667793355,2666.901777118077,0.01848,catalog,1067669542.2195473,95932317.91828226,Jackson,-0.48684278900837236,-0.765642184578571,log,0.3205314365504438,0.814011447492802,2.742773863759562e+22,2.742773863759562e+22
2.33,1.242,catalog,0.24,595.0,20.951916667793355,1046.3120408788764,0.01848,catalog,4535590031.171166,96785735.46073185,Selsis,-0.4816209428186386,-0.6787563150493277,log,0.0792309599284328,0.7640923721262792,7.877797874069643e+22,7.877797874069643e+22
2.33,1.242,catalog,0.24,595.0,20.951916667793355,675.9377555367279,0.01848,catalog,3610023217.798594,51446642.45925721,Jackson,-0.3199897852569868,-0.6494210682751148,GP,0.08004759764065213,0.6319582237248639,8.522891845147471e+22,8.522891845147471e+22
2.33,1.242,catalog,0.24,595.0,20.951916667793355,748.096272434749,0.01848,catalog,3283559806.7332215,95176098.53390816,Jackson,-0.3808810116447632,-0.6584137700226306,log,0.06497830272236588,0.6900158102874058,5.8776323757361366e+22,5.8776323757361366e+22
2.33,1.242,catalog,0.24,595.0,20.951916667793355,669.5031620742272,0.01848,catalog,3642718387.10073,60873522.75191821,Jackson,-0.37651481317325025,-0.7842087120396669,linear,0.09358352868182915,0.3903597638022016,5.013498408963347e+22,5.013498408963347e+22
2.33,1.242,catalog,0.24,595.0,20.951916667793355,555.0076777276437,0.01848,catalog,7479742951.567257,74143540.8644005,Selsis,-0.39488182947982003,-0.7449488999500953,GP,0.053540807881158725,0.8827665713920638,9.64926897398321e+22,9.64926897398321e+22
2.33,1.242,catalog,0.24,595.0,20.951916667793355,322.6434082429223,0.01848,catalog,7444716836.032956,55424677.90356886,Jackson,-0.3829202997233267,-0.6093988866425375,GP,0.06601857997734774,0.3418217400827708,6.827783955783519e+22,6.827783955783519e+22
2.33,1.242,catalog,0.24,595.0,20.951916667793355,564.5383828534458,0.01848,catalog,7376788122.238605,29826845.401192166,Selsis,-0.4777755454673521,-0.7435246067280401,log,0.16435089827260319,0.3849429269211788,7.67092139334436e+22,7.67092139334436e+22
2.33,1.242,catalog,0.24,595.0,20.951916667793355,545.4716855734762,0.01848,catalog,4427705352.950834,19032616.48187074,Jackson,-0.304150801980931,-0.7809764729252654,linear,0.3659956428225397,0.16679252490643115,6.0977336788383724e+22,6.0977336788383724e+22
2.33,1.242,catalog,0.24,595.0,20.951916667793355,752.9173654170513,0.01848,catalog,5855492288.962913,64917340.864919014,Selsis,-0.3721184346239622,-0.7459374139968605,linear,0.4623967555367631,0.04134259315373312,6.881999371463103e+22,6.881999371463103e+22
2.33,1.242,catalog,0.24,595.0,20.951916667793355,2467.2184015856515,0.01848,catalog,2423466158.1067033,86691925.27942711,Selsis,-0.40610712434967594,-0.6693889861242529,GP,0.09975998911443819,0.2196736640313215,5.467775037264355e+22,5.467775037264355e+22
2.33,1.242,catalog,0.24,595.0,20.951916667793355,1310.341801114615,0.01848,catalog,1974776843.1779482,61904374.842618816,Jackson,-0.39434131918342624,-0.6028774849466565,linear,0.12447949444827616,0.1063130200194049,3.2918797664279614e+22,3.2918797664279614e+22
2.33,1.242,catalog,0.24,595.0,20.951916667793355,940.6053612759106,0.01848,catalog,4919198229.784752,58225083.37080891,Selsis,-0.2841477990727922,-0.6381361788042758,GP,0.08326789578257063,0.529656303156131,1.660055037487793e+23,1.660055037487793e+23
2.33,1.242,catalog,0.24,595.0,20.951916667793355,501.83777066761326,0.01848,catalog,8122740863.033739,43443989.2892035,Selsis,-0.34414801305898035,-0.6705956119500208,linear,0.15499314179851292,0.3083938689620005,1.2091858630495184e+23,1.2091858630495184e+23
2.33,1.242,catalog,0.24,595.0,20.951916667793355,912.7213461642592,0.01848,catalog,5034786617.09838,37886713.81623003,Selsis,-0.33607497946592496,-0.6989348914890777,log,0.22178487470173658,0.3993191322780899,1.1485384625990415e+23,1.1485384625990415e+23
2.33,1.242,catalog,0.24,595.0,20.951916667793355,461.97275747427045,0.01848,catalog,8698055211.806103,92802650.02758616,Selsis,-0.3080578965173436,-0.7954737951266497,GP,0.3457077042265822,0.46483494643341694,1.55034765429329e+23,1.55034765429329e+23
2.33,1.242,catalog,0.24,595.0,20.951916667793355,715.9761339804004,0.01848,catalog,3420450581.6527424,7830017.9230584195,Jackson,-0.29402947737497,-0.7132153410382416,log,0.09462552915444604,0.31492212246437123,6.896239324365778e+22,6.896239324365778e+22
2.33,1.242,catalog,0.24,595.0,20.951916667793355,1521.1377629129586,0.01848,catalog,3429295399.1558065,57420035.54660183,Selsis,-0.4616078293743967,-0.7441952873179878,log,0.3620614833275586,0.17623742543343746,5.823950676913456e+22,5.823950676913456e+22
2.33,1.242,catalog,0.24,595.0,20.951916667793355,316.2408275078307,0.01848,catalog,7598609864.267943,15246545.035179693,Jackson,-0.3016458669458669,-0.7491834903776914,GP,0.22078515391844294,0.1082797670758946,6.550160579040804e+22,6.550160579040804e+22
2.33,1.242,catalog,0.24,595.0,20.951916667793355,541.2590214148851,0.01848,catalog,4460873939.588984,58101486.87133611,Jackson,-0.30351411757357954,-0.7286544554818624,log,0.38997708926040153,0.8868140889555726,9.877049088372962e+22,9.877049088372962e+22
2.33,1.242,catalog,0.24,595.0,20.951916667793355,2553.5680189416876,0.01848,catalog,2365142131.355776,35949143.16290583,Selsis,-0.3059351559841559,-0.6147648164431266,GP,0.086745817313813,0.3433730522221089,7.686623380034495e+22,7.686623380034495e+22
2.33,1.242,catalog,0.24,595.0,20.951916667793355,5605.1634881635255,0.01848,catalog,1204370947.076917,10692248.895055523,Selsis,-0.37246465461015493,-0.7154148696792828,GP,0.10671457105818283,0.3983198048607328,4.482598831526965e+22,4.482598831526965e+22
2.33,1.242,catalog,0.24,595.0,20.951916667793355,993.5843740306568,0.01848,catalog,2530706508.1811724,6804192.439211253,Jackson,-0.47081411706903503,-0.7494284920971207,GP,0.05219826450389031,0.8405335129794109,4.632975411322188e+22,4.632975411322188e+22
2.33,1.242,catalog,0.24,595.0,20.951916667793355,5589.681472248737,0.01848,catalog,398378247.83317274,79808727.21758424,Selsis,-0.35164271115827483,-0.6747289746323991,linear,0.15066628827172168,0.36178866857793335,1.0998045588730166e+22,1.0998045588730166e+22
2.33,1.242,catalog,0.24,595.0,20.951916667793355,324.25885728084967,0.01848,catalog,11739052218.683481,5262295.319590382,Selsis,-0.33504623649649823,-0.6422216357746213,GP,0.11903375783024048,0.7604335926780199,1.7199039732224594e+23,1.7199039732224594e+23
2.33,1.242,catalog,0.24,595.0,20.951916667793355,4215.167542934318,0.01848,catalog,1667728916.436958,97429386.33031131,Selsis,-0.4896206100918152,-0.7768073964953226,log,0.44348347421042467,0.21516919340111573,3.839033601255313e+22,3.839033601255313e+22
2.33,1.242,catalog,0.24,595.0,20.951916667793355,1317.066912199138,0.01848,catalog,1965832411.7192965,32993321.416573897,Jackson,-0.3162331710859467,-0.6971596241121526,linear,0.30342830008191857,0.0723398759674363,3.3147878307272197e+22,3.3147878307272197e+22
2.33,1.242,catalog,0.24,595.0,20.951916667793355,448.2306441273202,0.01848,catalog,5358612258.8130865,97961362.23837797,Jackson,-0.337721822396575,-0.6413012953234232,linear,0.43124499632715096,0.7819247396557485,8.654549949982787e+22,8.654549949982787e+22
2.33,1.242,catalog,0.24,595.0,20.951916667793355,409.68565116063564,0.01848,catalog,9616660349.880568,40984189.64583201,Selsis,-0.4694323142672128,-0.7536325904807949,linear,0.29586714470177766,0.5734867824390257,7.768510341585055e+22,7.768510341585055e+22
2.33,1.242,catalog,0.24,595.0,20.951916667793355,3222.8428837648844,0.01848,catalog,2008289753.4074373,79558268.84266143,Selsis,-0.43091398474386416,-0.6884899365758496,log,0.10802904200274265,0.14742292582660022,4.044165756413013e+22,4.044165756413013e+22
2.33,1.242,catalog,0.24,595.0,20.951916667793355,3173.7854693338177,0.01848,catalog,2029915789.237314,18283719.667673603,Selsis,-0.3518091628776658,-0.7954421866479832,linear,0.1900810567508606,0.47506611598314386,7.684314065287403e+22,7.684314065287403e+22
2.33,1.242,catalog,0.24,595.0,20.951916667793355,795.6735983671356,0.01848,catalog,3101262432.317525,21079088.357906014,Jackson,-0.4988794602686763,-0.7316264752398974,linear,0.2410937286039926,0.7861892739431791,4.359232358151061e+22,4.359232358151061e+22
2.33,1.242,catalog,0.24,595.0,20.951916667793355,682.6812388211373,0.01848,catalog,3576432063.965262,61835992.2140814,Jackson,-0.35075842673582597,-0.7070196416773935,log,0.27629204176244726,0.9942194864593646,6.813860952354306e+22,6.813860952354306e+22
2.33,1.242,catalog,0.24,595.0,20.951916667793355,2566.5562877076663,0.01848,catalog,1102926641.7256134,94636879.48650712,Jackson,-0.3961894142916906,-0.6956026997971355,GP,0.2487685168028154,0.36953685244619994,2.936721042865265e+22,2.936721042865265e+22
2.33,1.242,catalog,0.24,595.0,20.951916667793355,3028.8582859214084,0.01848,catalog,959048698.032571,90568537.92421205,Jackson,-0.3422980598245874,-0.6645923433580839,log,0.069939743573593,0.4153310575206144,3.1690781769370528e+22,3.1690781769370528e+22
2.33,1.242,catalog,0.24,595.0,20.951916667793355,5598.568564197604,0.01848,catalog,303077738.52522796,76585499.0113054,Selsis,-0.2955534974539695,-0.6364210350083849,log,0.12220995810807396,0.7913734480727989,1.695256433867425e+22,1.695256433867425e+22
2.33,1.242,catalog,0.24,595.0,20.951916667793355,296.8518761051317,0.01848,catalog,12675761377.71152,80711253.25556158,Selsis,-0.28967389192182924,-0.6570326252860692,linear,0.05425070672221112,0.05087242875410736,1.2997464259500972e+23,1.2997464259500972e+23
2.33,1.242,catalog,0.24,595.0,20.951916667793355,1015.5398256994827,0.01848,catalog,4639651808.661927,99783398.04505138,Selsis,-0.3620384498728698,-0.7958547787242478,linear,0.10074842937960535,0.580714429754181,1.0103415884630757e+23,1.0103415884630757e+23
2.33,1.242,catalog,0.24,595.0,20.951916667793355,498.92318963771584,0.01848,catalog,8161792806.461852,76209542.84551615,Selsis,-0.28335165287145453,-0.7436176988198836,linear,0.2948820987738507,0.518202965663378,1.8474303452397265e+23,1.8474303452397265e+23
2.33,1.242,catalog,0.24,595.0,20.951916667793355,726.4703967923766,0.01848,catalog,6023818107.27594,38854390.42291568,Selsis,-0.4277736844701741,-0.6215728157401816,GP,0.11625943468685747,0.17356860966923005,8.529837552481334e+22,8.529837552481334e+22
2.33,1.242,catalog,0.24,595.0,20.951916667793355,514.4524931092122,0.01848,catalog,7958636462.26572,33448622.89088642,Selsis,-0.2936948625019302,-0.6433971207425364,linear,0.055818853398963086,0.47368895412909107,1.7842894778101006e+23,1.7842894778101006e+23
2.33,1.242,catalog,0.24,595.0,20.951916667793355,722.1625865087996,0.01848,catalog,3393128467.823008,50640818.539800845,Jackson,-0.4000824680374171,-0.6134653330613283,log,0.4883752484377265,0.9890022088551692,6.635763508280806e+22,6.635763508280806e+22
2.33,1.242,catalog,0.24,595.0,20.951916667793355,667.6976442998063,0.01848,catalog,6442767919.265495,93744859.40611064,Selsis,-0.30617096929152754,-0.7240651691990839,linear,0.07681351079294274,0.7984639377916972,1.6547274005985535e+23,1.6547274005985535e+23
2.33,1.242,catalog,0.24,595.0,20.951916667793355,360.43369744395744,0.01848,catalog,10719347465.701088,2564963.2209695787,Selsis,-0.35856350744487253,-0.6307759233803263,GP,0.10573436496652813,0.49738314353428636,1.5010093552734087e+23,1.5010093552734087e+23
2.33,1.242,catalog,0.24,595.0,20.951916667793355,1190.8883268269242,0.01848,catalog,4113334033.404545,92376004.19135384,Selsis,-0.3301201460125624,-0.6850057994355493,log,0.059186217997780274,0.7630129585307645,1.2390986369445355e+23,1.2390986369445355e+23
2.33,1.242,catalog,0.24,595.0,20.951916667793355,360.7640338653359,0.01848,catalog,6648598531.712012,92899854.33206114,Jackson,-0.35863904136188546,-0.6956489263755458,linear,0.37666908845369546,0.34680761256360126,5.671717326742847e+22,5.671717326742847e+22
2.33,1.242,catalog,0.24,595.0,20.951916667793355,385.71717332626713,0.01848,catalog,10118779279.148542,13161179.556579132,Selsis,-0.30331851147620953,-0.6058649536444726,log,0.10542738579918913,0.13248172751459375,1.3752196006935061e+23,1.3752196006935061e+23
2.33,1.242,catalog,0.24,595.0,20.951916667793355,436.49296837067214,0.01848,catalog,5500237092.458051,3667238.7758651404,Jackson,-0.3068610914197846,-0.7042163091413906,GP,0.08906694587872528,0.3502701651340443,8.069985892669442e+22,8.069985892669442e+22
2.33,1.242,catalog,0.24,595.0,20.951916667793355,4287.157247960998,0.01848,catalog,718424458.9247663,61705622.70052756,Jackson,-0.4628592730268015,-0.6875873147575415,GP,0.32064703851427995,0.1668825554403075,1.447386952943094e+22,1.447386952943094e+22
2.33,1.242,catalog,0.24,595.0,20.951916667793355,634.5025288153497,0.01848,catalog,6711755465.419235,7703129.207779045,Selsis,-0.3838163504238518,-0.6554593243207802,log,0.18288499841927308,0.48084116455072845,1.1890914394889102e+23,1.1890914394889102e+23
2.33,1.242,catalog,0.24,595.0,20.951916667793355,1745.1070867070064,0.01848,catalog,1535700044.952051,73498446.46762243,Jackson,-0.39575231563959873,-0.6609430890858516,GP,0.42548435430468784,0.9765928903564316,4.358350888400304e+22,4.358350888400304e+22
2.33,1.242,catalog,0.24,595.0,20.951916667793355,257.47283287956947,0.01848,catalog,9401298122.117735,36686791.82822439,Jackson,-0.4523676377774631,-0.7520557435822481,linear,0.2863754839967895,0.7884557879715045,4.47759292493411e+22,4.47759292493411e+22
2.33,1.242,catalog,0.24,595.0,20.951916667793355,319.1753727954166,0.01848,catalog,7527253354.891147,30135900.005302686,Jackson,-0.44726561439849055,-0.7441760701822494,GP,0.08428668832562987,0.6959791932718639,4.5884912929538874e+22,4.5884912929538874e+22
2.33,1.242,catalog,0.24,595.0,20.951916667793355,1793.5832166663283,0.01848,catalog,3043072407.685447,26398935.37285673,Selsis,-0.28240775454010186,-0.7915470784711968,GP,0.08892546945364212,0.37197668751305313,1.0067150872431416e+23,1.0067150872431416e+23
2.33,1.242,catalog,0.24,595.0,20.951916667793355,1027.913410587216,0.01848,catalog,4597118551.231969,83513008.22469972,Selsis,-0.31933853113529564,-0.7130712543090832,linear,0.15448201733810651,0.15630976931402052,8.279858438347059e+22,8.279858438347059e+22
2.33,1.242,catalog,0.24,595.0,20.951916667793355,230.90485404855494,0.01848,catalog,10548409490.197432,93957955.49018519,Jackson,-0.4137444424713322,-0.6813447581298173,GP,0.17820606072485232,0.680037207105686,5.131577901297779e+22,5.131577901297779e+22
2.33,1.242,catalog,0.24,595.0,20.951916667793355,1843.5449519577805,0.01848,catalog,2983424583.9625683,10135423.883170558,Selsis,-0.45503540545688076,-0.7260884992951814,log,0.14846071949142878,0.12586879139487606,5.1943693979031335e+22,5.1943693979031335e+22
2.33,1.242,catalog,0.24,595.0,20.951916667793355,747.1735069626556,0.01848,catalog,5891095572.809493,13691174.06080919,Selsis,-0.4252409078636242,-0.687689939227568,GP,0.17191724641822115,0.5318858301594894,9.609513309213532e+22,9.609513309213532e+22
2.33,1.242,catalog,0.24,595.0,20.951916667793355,894.5088414630707,0.01848,catalog,2784791826.107122,73093214.48080517,Jackson,-0.42927842479751055,-0.783895759449551,GP,0.49229759824870967,0.8451001260433993,4.365800585408445e+22,4.365800585408445e+22
2.33,1.242,catalog,0.24,595.0,20.951916667793355,1197.7235856378381,0.01848,catalog,4095692874.542742,91680932.24095698,Selsis,-0.312895134602731,-0.7037246844078394,linear,0.1304952669841324,0.8844374939686286,1.3756072624593259e+23,1.3756072624593259e+23
2.33,1.242,catalog,0.24,595.0,20.951916667793355,267.9477722111939,0.01848,catalog,9017005874.160337,92726732.77775624,Jackson,-0.42951074072959744,-0.6774501753765418,GP,0.12505214978820559,0.46624078700383065,4.837395274542e+22,4.837395274542e+22
2.33,1.242,catalog,0.24,595.0,20.951916667793355,1372.1062421289514,0.01848,catalog,3700310815.881693,87674709.28759201,Selsis,-0.37004669856505723,-0.6594238796693723,GP,0.30314916412515025,0.029060217146610445,5.482225164295386e+22,5.482225164295386e+22
2.33,1.242,catalog,0.24,595.0,20.951916667793355,4732.568123669985,0.01848,catalog,662387349.9771678,40195199.94302847,Jackson,-0.30372638474688207,-0.6793767730553905,linear,0.3774002670768362,0.9332123139247877,4.713812906769031e+22,4.713812906769031e+22
2.33,1.242,catalog,0.24,595.0,20.951916667793355,605.9777404320536,0.01848,catalog,4003603642.874916,2389155.728520233,Jackson,-0.3634173764137077,-0.7270774181587252,linear,0.09928483149569656,0.5415463242829412,6.542547056917981e+22,6.542547056917981e+22
2.33,1.242,catalog,0.24,595.0,20.951916667793355,818.8547176880766,0.01848,catalog,3020159961.079009,1703574.5164691147,Jackson,-0.28950367620572687,-0.6224523653823368,log,0.3783992308365793,0.6684629058824556,1.0225731470847179e+23,1.0225731470847179e+23
2.33,1.242,catalog,0.24,595.0,20.951916667793355,332.95567711207207,0.01848,catalog,7210146965.456189,1456435.5261971515,Jackson,-0.4926044902037644,-0.6339424386441006,linear,0.35224595866040626,0.9692182638974105,5.974897813801567e+22,5.974897813801567e+22
2.33,1.242,catalog,0.24,595.0,20.951916667793355,635.1982907862671,0.01848,catalog,6705843981.105664,51265373.712142386,Selsis,-0.28951896903801144,-0.601329179506861,linear,0.09625592227761914,0.11104801068318582,1.130820947770364e+23,1.130820947770364e+23
2.33,1.242,catalog,0.24,595.0,20.951916667793355,387.2765666150522,0.01848,catalog,6192612256.453266,29736964.48560155,Jackson,-0.29089606341803753,-0.7981347266248022,GP,0.08747335256650601,0.8124956235613833,1.1795636421434132e+23,1.1795636421434132e+23
2.33,1.242,catalog,0.24,595.0,20.951916667793355,453.2700800923225,0.01848,catalog,5300158742.733902,97750859.26299803,Jackson,-0.38792084759754997,-0.7878482068795462,linear,0.2503136136856975,0.9333782269985029,5.021570188191601e+22,5.021570188191601e+22
2.33,1.242,catalog,0.24,595.0,20.951916667793355,209.91016307655372,0.01848,catalog,11683534507.562206,64799737.748860806,Jackson,-0.307716801630317,-0.6670025704959875,GP,0.27057241762319856,0.12874641659040387,7.058422783121835e+22,7.058422783121835e+22
2.33,1.242,catalog,0.24,595.0,20.951916667793355,1033.1189190611346,0.01848,catalog,2442891220.5330234,82545061.21553937,Jackson,-0.2955641249298914,-0.6894391485083127,GP,0.2664153633640461,0.9890119489932906,8.68416127321263e+22,8.68416127321263e+22
2.33,1.242,catalog,0.24,595.0,20.951916667793355,1703.2992138781412,0.01848,catalog,1568419695.5293221,90416793.6828143,Jackson,-0.2957351348714536,-0.7396199165758603,GP,0.054194373284936814,0.981623246393919,7.051202865650748e+22,7.051202865650748e+22
2.33,1.242,catalog,0.24,595.0,20.951916667793355,466.15461303862,0.01848,catalog,5156701735.740106,38285325.22426257,Jackson,-0.3506141088144863,-0.7865952390132086,log,0.24564902938180463,0.22418731602240183,5.007048487508737e+22,5.007048487508737e+22
2.33,1.242,catalog,0.24,595.0,20.951916667793355,522.4493090998096,0.01848,catalog,4615722182.412525,12494006.055173011,Jackson,-0.3001961912143117,-0.7885151569069947,log,0.43805075176269287,0.5888038682926782,9.33629088817664e+22,9.33629088817664e+22
2.33,1.242,catalog,0.24,595.0,20.951916667793355,901.3010594970136,0.01848,catalog,2765594410.3851295,3528339.567403625,Jackson,-0.45835531933158946,-0.646150364526865,GP,0.11346726581004489,0.43236911576237314,4.93558137723531e+22,4.93558137723531e+22
2.33,1.242,catalog,0.24,595.0,20.951916667793355,5589.768031841493,0.01848,catalog,866048096.2037345,81001222.94436891,Selsis,-0.37871798592085915,-0.7084191112330236,linear,0.07052258268941118,0.7737723443273087,3.0773161457509235e+22,3.0773161457509235e+22
2.33,1.242,catalog,0.24,595.0,20.951916667793355,848.4755597801677,0.01848,catalog,2922998868.155916,3978461.6500491775,Jackson,-0.2999568595534381,-0.6875670917426174,GP,0.2067855651074995,0.9690028862733263,9.990771411552728e+22,9.990771411552728e+22
2.33,1.242,catalog,0.24,595.0,20.951916667793355,3483.3543106720176,0.01848,catalog,1902453627.878471,57130995.553567745,Selsis,-0.2801021888650114,-0.7415078341232836,GP,0.0735771301536823,0.991209597966944,1.2561878033767562e+23,1.2561878033767562e+23
2.33,1.242,catalog,0.24,595.0,20.951916667793355,1424.3729965457353,0.01848,catalog,1834311167.9838173,52919991.36681763,Jackson,-0.3096172478215891,-0.7571852850305357,log,0.08208749353876997,0.5600083673230956,6.172742267829768e+22,6.172742267829768e+22
2.33,1.242,catalog,0.24,595.0,20.951916667793355,528.6345609829717,0.01848,catalog,7783149093.90986,50306779.31432982,Selsis,-0.49188096844301255,-0.666249850398711,log,0.057108854878277174,0.7314073348307906,8.664152613623386e+22,8.664152613623386e+22
2.33,1.242,catalog,0.24,595.0,20.951916667793355,1450.0694906026363,0.01848,catalog,3551743313.854645,97089355.02592312,Selsis,-0.28014972532532656,-0.7780508244934722,linear,0.091658573599631,0.9895773262694775,1.6711300633409352e+23,1.6711300633409352e+23
2.33,1.242,catalog,0.24,595.0,20.951916667793355,1275.9921075512277,0.01848,catalog,3906046582.396221,10804899.26836418,Selsis,-0.32656786345912997,-0.609405998165026,GP,0.2135397849775794,0.0021447885040875025,5.871144226198928e+22,5.871144226198928e+22
2.33,1.242,catalog,0.24,595.0,20.951916667793355,1460.0316636664604,0.01848,catalog,1794792060.7843099,61544961.43886449,Jackson,-0.28801256823679466,-0.7358155236913954,linear,0.08463225308329937,0.1411713096019569,3.5690539654876483e+22,3.5690539654876483e+22
2.33,1.242,catalog,0.24,595.0,20.951916667793355,264.99590649237007,0.01848,catalog,9121953903.936792,18857672.637983125,Jackson,-0.3412491441503694,-0.6292994899327021,log,0.17699061446383993,0.4478100802319249,8.358533440484208e+22,8.358533440484208e+22
2.33,1.242,catalog,0.24,595.0,20.951916667793355,1852.8224485093358,0.01848,catalog,2972665265.164689,12104928.582035897,Selsis,-0.4719310377454623,-0.6950466802175406,log,0.2964179870602454,0.7799296149049377,7.255848378885489e+22,7.255848378885489e+22
2.33,1.242,catalog,0.24,595.0,20.951916667793355,561.8263849399868,0.01848,catalog,4303795722.044205,62286887.41713533,Jackson,-0.31945209776549943,-0.6304763154222103,log,0.14472576515999105,0.34695088413362485,7.3414603540633666e+22,7.3414603540633666e+22
2.33,1.242,catalog,0.24,595.0,20.951916667793355,4597.543853718583,0.01848,catalog,1571571897.5623426,43433448.691404134,Selsis,-0.3867528067598695,-0.6375191337087526,log,0.37017412280098355,0.4027566053202799,5.756503257744834e+22,5.756503257744834e+22
2.33,1.242,catalog,0.24,595.0,20.951916667793355,587.0276329534096,0.01848,catalog,4126765183.01938,6819925.511334993,Jackson,-0.43014910959677466,-0.6301459704872134,log,0.08101806700044127,0.916336469913331,6.6987575057954785e+22,6.6987575057954785e+22
2.33,1.242,catalog,0.24,595.0,20.951916667793355,1825.0569063205355,0.01848,catalog,1477173080.379494,59372594.29902758,Jackson,-0.4898807406388921,-0.7429993580847977,linear,0.47210188685728405,0.015475698551900785,1.97667253194017e+22,1.97667253194017e+22
2.33,1.242,catalog,0.24,595.0,20.951916667793355,745.81810151776,0.01848,catalog,3292876868.0786443,97452212.57153474,Jackson,-0.4562911979192502,-0.7671179234411524,GP,0.08152837561184956,0.23993179369520534,3.32218067083895e+22,3.32218067083895e+22
2.33,1.242,catalog,0.24,595.0,20.951916667793355,563.8057885347732,0.01848,catalog,7384583714.474707,2080717.527179635,Selsis,-0.46205206980091273,-0.6601833946794022,log,0.22542280505523474,0.993728405396624,9.818696558403903e+22,9.818696558403903e+22
2.33,1.242,catalog,0.24,595.0,20.951916667793355,2111.571273328658,0.01848,catalog,1302681168.6551354,30633387.655397967,Jackson,-0.4972623304966072,-0.7390421667602455,log,0.17336592244691024,0.21538189779247485,2.530031177961797e+22,2.530031177961797e+22
2.33,1.242,catalog,0.24,595.0,20.951916667793355,1632.3365148624641,0.01848,catalog,3257698195.7338533,68945745.74776746,Selsis,-0.39201146293726835,-0.7373521897169634,GP,0.09571806383395708,0.7477050413419625,8.167004686470003e+22,8.167004686470003e+22
2.33,1.242,catalog,0.24,595.0,20.951916667793355,2383.7989830186993,0.01848,catalog,2483326712.6586833,83074043.65718989,Selsis,-0.4580460753101239,-0.7522586193302059,linear,0.08071268442091699,0.0862755579237624,4.179513591682893e+22,4.179513591682893e+22
2.33,1.242,catalog,0.24,595.0,20.951916667793355,1165.9539845065801,0.01848,catalog,2191212495.03286,56810076.71082774,Jackson,-0.4231415603332157,-0.6457144873502759,linear,0.06049337013258675,0.07717377225611122,3.0670577918450808e+22,3.0670577918450808e+22
2.33,1.242,catalog,0.24,595.0,20.951916667793355,767.141435770493,0.01848,catalog,3207853059.0061364,36986268.09637488,Jackson,-0.3384437167205974,-0.633505042956572,GP,0.3099441132142313,0.3453178258803078,6.112802239604632e+22,6.112802239604632e+22
2.33,1.242,catalog,0.24,595.0,20.951916667793355,470.065850381608,0.01848,catalog,8573631937.293616,16477914.821134143,Selsis,-0.4616809723611822,-0.7954994163157689,linear,0.07300201601000132,0.567833138802984,7.811991661296611e+22,7.811991661296611e+22
2.33,1.242,catalog,0.24,595.0,20.951916667793355,1301.2893446117023,0.01848,catalog,3849215833.150618,17095419.21541838,Selsis,-0.43363309247144594,-0.6135614658386876,GP,0.214377774514734,0.6608829589201736,9.834453324838128e+22,9.834453324838128e+22
2.33,1.242,catalog,0.24,595.0,20.951916667793355,1107.398080920198,0.01848,catalog,4344840340.152382,94681894.33560261,Selsis,-0.43108828007321687,-0.6545670972069924,GP,0.07719217650697109,0.27381041572862463,7.851826752487069e+22,7.851826752487069e+22
2.33,1.242,catalog,0.24,595.0,20.951916667793355,608.5006564902086,0.01848,catalog,6941881797.131089,1600897.3163545388,Selsis,-0.36415656642467004,-0.7565734500175418,linear,0.17852111622642977,0.4003507869426618,1.1262869752759723e+23,1.1262869752759723e+23
2.33,1.242,catalog,0.24,595.0,20.951916667793355,2043.0943597272485,0.01848,catalog,1340095750.7395985,66505071.59998078,Jackson,-0.2904641001815539,-0.6613953548276218,linear,0.06299844430712274,0.9530764515434869,7.4500985107564724e+22,7.4500985107564724e+22
2.33,1.242,catalog,0.24,595.0,20.951916667793355,820.0014338770819,0.01848,catalog,3016267531.572501,57362946.17303117,Jackson,-0.3165155189712645,-0.6859616972341699,log,0.1176969141719695,0.13350979105453886,4.76182053084578e+22,4.76182053084578e+22
2.33,1.242,catalog,0.24,595.0,20.951916667793355,2551.037117962207,0.01848,catalog,1108615356.0478923,76976572.44335438,Jackson,-0.46244368557376686,-0.6164710053795804,log,0.2254217027056641,3.8237575368693655e-05,1.5484191125414982e+22,1.5484191125414982e+22
2.33,1.242,catalog,0.24,595.0,20.951916667793355,1997.2561175936403,0.01848,catalog,1366517982.7967129,13974417.274000807,Jackson,-0.36994820857349237,-0.6615978621949964,linear,0.3243477245736481,0.45856050825236827,4.305058255489378e+22,4.305058255489378e+22
2.33,1.242,catalog,0.24,595.0,20.951916667793355,2388.581408650766,0.01848,catalog,2479805070.323597,61849017.04737828,Selsis,-0.35259423901584064,-0.7141923282830268,linear,0.43366773676374637,0.9635804069219662,8.738153217742661e+22,8.738153217742661e+22
2.33,1.242,catalog,0.24,595.0,20.951916667793355,1076.7405176133764,0.01848,catalog,4438086181.20481,61714884.70916034,Selsis,-0.4403413912905778,-0.7685349719052519,GP,0.3724664995457909,0.8631209319327676,7.861801321894409e+22,7.861801321894409e+22
2.33,1.242,catalog,0.24,595.0,20.951916667793355,1515.0098985477864,0.01848,catalog,3439408377.438142,83274863.84647864,Selsis,-0.49978557413687486,-0.6409334297821172,log,0.08653231801666449,0.26341253509901574,6.863219449028439e+22,6.863219449028439e+22
2.33,1.242,catalog,0.24,595.0,20.951916667793355,3126.4535257595926,0.01848,catalog,2051344474.2976806,99901360.09496254,Selsis,-0.3823492963487319,-0.6057650321388075,GP,0.0784829290845217,0.14744688873880052,4.112684644064588e+22,4.112684644064588e+22
2.33,1.242,catalog,0.24,595.0,20.951916667793355,5596.31421926121,0.01848,catalog,998815702.3495306,68155570.52527976,Selsis,-0.30745716018181024,-0.6409880649897767,GP,0.09072609871182398,0.4501808555863508,3.938171186301658e+22,3.938171186301658e+22
2.33,1.242,catalog,0.24,595.0,20.951916667793355,1316.7903455839914,0.01848,catalog,3815376970.2302065,64686815.04054104,Selsis,-0.4804990134486968,-0.6575915903152203,log,0.4704320231121028,0.985614423630127,7.901647393679531e+22,7.901647393679531e+22
2.33,1.242,catalog,0.24,595.0,20.951916667793355,5605.113159639346,0.01848,catalog,1203090658.8261018,19360602.304276578,Selsis,-0.42388025013487046,-0.6205026060446894,linear,0.4800583583829312,0.7559815109789456,4.808539638555245e+22,4.808539638555245e+22
2.33,1.242,catalog,0.24,595.0,20.951916667793355,3277.39243853171,0.01848,catalog,1984910514.1041706,47925338.73248699,Selsis,-0.42573305622719537,-0.6573340315269075,GP,0.48434557624725877,0.8247857109822824,6.422011694366809e+22,6.422011694366809e+22
2.33,1.242,catalog,0.24,595.0,20.951916667793355,5595.761367023557,0.01848,catalog,987197410.7853752,75822315.59043215,Selsis,-0.37277831162321395,-0.6062034644928397,log,0.2466053867876712,0.3412706123810765,3.001168600222883e+22,3.001168600222883e+22
2.33,1.242,catalog,0.24,595.0,20.951916667793355,1072.2484716033039,0.01848,catalog,4452159961.47325,95513007.77980755,Selsis,-0.4419878931131432,-0.7062734215069444,linear,0.132964745520805,0.3063388451016755,7.758535162127026e+22,7.758535162127026e+22
2.33,1.242,catalog,0.24,595.0,20.951916667793355,1513.2374098836365,0.01848,catalog,1739212370.6326296,21367669.17440056,Jackson,-0.32915136644090437,-0.6534160134656045,GP,0.3376747289428856,0.015623595363088993,2.6693075452660376e+22,2.6693075452660376e+22
2.33,1.242,catalog,0.24,595.0,20.951916667793355,1961.3871599596373,0.01848,catalog,2853539421.283567,6358261.7161984565,Selsis,-0.40234600927730146,-0.6836074470346313,linear,0.3681307886277819,0.5348081972172004,8.104954738221792e+22,8.104954738221792e+22
2.33,1.242,catalog,0.24,595.0,20.951916667793355,2805.715142112783,0.01848,catalog,2213129414.929879,77010263.4336193,Selsis,-0.32091379271312953,-0.7726411608251552,log,0.09886156914266479,0.4791879572763349,8.811383802215299e+22,8.811383802215299e+22
2.33,1.242,catalog,0.24,595.0,20.951916667793355,512.1691271829944,0.01848,catalog,7987763706.033318,16451657.122681106,Selsis,-0.3421656472162069,-0.7496355310315516,log,0.09718662381519433,0.2138120384663572,1.0171576540511783e+23,1.0171576540511783e+23
2.33,1.242,catalog,0.24,595.0,20.951916667793355,978.0452261459129,0.01848,catalog,4774582353.876008,65809445.68952872,Selsis,-0.39265929464827737,-0.7259100744030501,GP,0.4816332073215105,0.1166411242065386,6.7340023383145216e+22,6.7340023383145216e+22
2.33,1.242,catalog,0.24,595.0,20.951916667793355,1630.9784913584551,0.01848,catalog,3259666769.027503,25053408.961148597,Selsis,-0.37708870236245134,-0.7519508244810527,log,0.2005169329128122,0.6479467560468711,8.889546264020087e+22,8.889546264020087e+22
2.33,1.242,catalog,0.24,595.0,20.951916667793355,639.6376184771166,0.01848,catalog,6668413318.696188,94927296.94643736,Selsis,-0.37122402086606027,-0.7825839918775284,log,0.4975813946427991,0.47624733378075357,1.0517558901660604e+23,1.0517558901660604e+23
2.33,1.242,catalog,0.24,595.0,20.951916667793355,370.4284782275214,0.01848,catalog,6474370261.080219,82254664.66784056,Jackson,-0.34196800291869706,-0.7996532030269325,linear,0.2170043833122936,0.690625008162029,6.916563523550526e+22,6.916563523550526e+22
2.33,1.242,catalog,0.24,595.0,20.951916667793355,848.4187486089011,0.01848,catalog,5330196963.707179,59742565.580539286,Selsis,-0.3041896717990869,-0.7217254310444872,linear,0.49203804423178155,0.17982070788906312,9.723011180129377e+22,9.723011180129377e+22
2.33,1.242,catalog,0.24,595.0,20.951916667793355,584.4869582053321,0.01848,catalog,4143901264.501272,11808730.65000072,Jackson,-0.31106230610434543,-0.7679460391336635,GP,0.16588793993473017,0.06347841409224453,5.1480584070265955e+22,5.1480584070265955e+22
2.33,1.242,catalog,0.24,595.0,20.951916667793355,1164.56854759894,0.01848,catalog,4183029989.866725,59537589.42561029,Selsis,-0.3331956203266565,-0.6033202540794358,linear,0.32583082228795845,0.16798544419329287,8.349615772725271e+22,8.349615772725271e+22
2.33,1.242,catalog,0.24,595.0,20.951916667793355,636.4927166420138,0.01848,catalog,6694878671.1617565,5178208.170303913,Selsis,-0.41524833840235303,-0.7040262632437296,linear,0.15863085636702448,0.7049317502622848,9.833282631644533e+22,9.833282631644533e+22
2.33,1.242,catalog,0.24,595.0,20.951916667793355,3726.835003937466,0.01848,catalog,1815341043.8706856,9102443.96009015,Selsis,-0.3219688684279186,-0.6317776612536453,linear,0.40899795372411213,0.0031499313844384202,2.7305345457274866e+22,2.7305345457274866e+22
2.33,1.242,catalog,0.24,595.0,20.951916667793355,602.7906009357238,0.01848,catalog,4023761979.366192,69834662.86135246,Jackson,-0.2858210742517047,-0.7020461128438403,GP,0.11069667039153656,0.6564699824791883,1.0181640905738972e+23,1.0181640905738972e+23
2.33,1.242,catalog,0.24,595.0,20.951916667793355,278.327852595057,0.01848,catalog,8667123328.201126,15956361.88065378,Jackson,-0.4288857407684263,-0.7086321509455237,log,0.16849642477771043,0.42083026557081726,4.757349866772237e+22,4.757349866772237e+22
2.33,1.242,catalog,0.24,595.0,20.951916667793355,610.1701993413653,0.01848,catalog,6926545328.207214,9301746.912447548,Selsis,-0.35531150745588846,-0.6545810514565871,log,0.07563207991739584,0.8944218993689006,1.4002304212892931e+23,1.4002304212892931e+23
2.33,1.242,catalog,0.24,595.0,20.951916667793355,788.1666031536686,0.01848,catalog,3128554463.2917185,45366988.88433622,Jackson,-0.33503714361276116,-0.621219989022638,linear,0.3204763066017385,0.5426391556359413,7.432836305044188e+22,7.432836305044188e+22
2.33,1.242,catalog,0.24,595.0,20.951916667793355,382.54349454221244,0.01848,catalog,6269115198.714263,98485045.57870185,Jackson,-0.32966076814105794,-0.7382533344032843,GP,0.10419778612635629,0.7623121623033282,7.84359623376928e+22,7.84359623376928e+22
2.33,1.242,catalog,0.24,595.0,20.951916667793355,3474.436628004411,0.01848,catalog,1905846186.2436893,75260754.94682705,Selsis,-0.35635797576791145,-0.7304535825271763,linear,0.05110314763437955,0.5624525364998509,7.1630614369533675e+22,7.1630614369533675e+22
2.33,1.242,catalog,0.24,595.0,20.951916667793355,283.89887553020344,0.01848,catalog,8490758297.771564,51294770.23274926,Jackson,-0.41397400774606646,-0.6404007758821719,GP,0.08150392648131034,0.5960174610267366,6.109296424553865e+22,6.109296424553865e+22
2.33,1.242,catalog,0.24,595.0,20.951916667793355,591.7738470010889,0.01848,catalog,4095158248.4390736,17815894.481477942,Jackson,-0.36255349188956415,-0.7546864772886014,log,0.40148916414823277,0.23163992242179055,4.861606136809821e+22,4.861606136809821e+22
2.33,1.242,catalog,0.24,595.0,20.951916667793355,393.4946384841961,0.01848,catalog,6095058156.735151,24733782.837573934,Jackson,-0.42044646276254,-0.6036965015281636,GP,0.1351502929016834,0.3630439113110072,6.4791321561912285e+22,6.4791321561912285e+22
2.33,1.242,catalog,0.24,595.0,20.951916667793355,580.6204093052432,0.01848,catalog,4170275750.5312214,80909426.2274794,Jackson,-0.2947739773863719,-0.6466350880586379,GP,0.06700015225417424,0.8182009212095893,1.0804844318028743e+23,1.0804844318028743e+23
2.33,1.242,catalog,0.24,595.0,20.951916667793355,555.2131625522501,0.01848,catalog,4352993721.217777,7036333.101689937,Jackson,-0.3173296746688678,-0.7227062750009567,log,0.20506330051473956,0.9823580030650587,9.597854014539675e+22,9.597854014539675e+22
2.33,1.242,catalog,0.24,595.0,20.951916667793355,1846.3113183604335,0.01848,catalog,2980206263.7755446,56871538.12128935,Selsis,-0.4975761642534312,-0.7725865079548934,GP,0.43559597430990243,0.3918065931445137,6.299205477499222e+22,6.299205477499222e+22
2.33,1.242,catalog,0.24,595.0,20.951916667793355,1519.7429926446068,0.01848,catalog,1732680903.956728,90697863.34737779,Jackson,-0.4178082216271346,-0.6534279491109213,log,0.27186690046873196,0.5161818012964822,4.1907624796201595e+22,4.1907624796201595e+22
2.33,1.242,catalog,0.24,595.0,20.951916667793355,1231.2864353679024,0.01848,catalog,4011673225.143621,45835887.92796391,Selsis,-0.38881110908275995,-0.7145049800579582,linear,0.21804256301770203,0.2581726065863691,7.6915991615396e+22,7.6915991615396e+22
2.33,1.242,catalog,0.24,595.0,20.951916667793355,209.79944025989747,0.01848,catalog,11690190861.706083,93353037.04497269,Jackson,-0.33787386798500096,-0.6731697800655027,GP,0.2080176396295574,0.2037855392718384,5.968646052531996e+22,5.968646052531996e+22
2.33,1.242,catalog,0.24,595.0,20.951916667793355,5589.579007124511,0.01848,catalog,806468615.2706666,73949208.4712943,Selsis,-0.36632099378512817,-0.7764884434449107,log,0.16097192485237277,0.5679897341205673,2.9572733922889953e+22,2.9572733922889953e+22
2.33,1.242,catalog,0.24,595.0,20.951916667793355,1960.89212775092,0.01848,catalog,2854055860.862458,70385242.9375246,Selsis,-0.29575580450523037,-0.7886549191942108,log,0.1318713387005854,0.07083237714770485,4.917822476970833e+22,4.917822476970833e+22
2.33,1.242,catalog,0.24,595.0,20.951916667793355,4852.8166616213675,0.01848,catalog,1514748459.8169093,42485363.76682795,Selsis,-0.3355865783720996,-0.7519466230271599,log,0.09424284929585054,0.732990249548618,6.960764095845762e+22,6.960764095845762e+22
2.33,1.242,catalog,0.24,595.0,20.951916667793355,938.1974954932625,0.01848,catalog,4928863741.91508,18053820.009911887,Selsis,-0.3588085399124196,-0.723326042437983,linear,0.1747254075111173,0.10832083700155037,7.345856007727009e+22,7.345856007727009e+22
2.33,1.242,catalog,0.24,595.0,20.951916667793355,1861.3265264578,0.01848,catalog,2962887074.8076253,24457628.527315337,Selsis,-0.3486396489128561,-0.7545140956390126,linear,0.06174484593140143,0.061401795969491246,5.012359244660342e+22,5.012359244660342e+22
2.33,1.242,catalog,0.24,595.0,20.951916667793355,334.26709280649527,0.01848,catalog,11435083019.961802,16572292.907039365,Selsis,-0.29995404638805157,-0.7383677581909708,GP,0.05271116000714311,0.20826743146667426,1.3162384366714964e+23,1.3162384366714964e+23
2.33,1.242,catalog,0.24,595.0,20.951916667793355,3640.6457685730647,0.01848,catalog,1845012769.1407335,72660761.15911838,Selsis,-0.3887002572973761,-0.6368896572482403,linear,0.19719720446952946,0.8941556593412857,6.793567571946027e+22,6.793567571946027e+22
2.33,1.242,catalog,0.24,595.0,20.951916667793355,666.8617819011224,0.01848,catalog,3656325797.7455,59374179.75057199,Jackson,-0.3808744325710658,-0.7832160037934826,GP,0.10847786566811887,0.11833828422440229,3.789890075915968e+22,3.789890075915968e+22
2.33,1.242,catalog,0.24,595.0,20.951916667793355,327.64331392899555,0.01848,catalog,11634198228.495188,59924100.648547255,Selsis,-0.32302915707009267,-0.6926097926698566,linear,0.31422355762932747,0.5925342506840214,1.6420589330845432e+23,1.6420589330845432e+23
2.33,1.242,catalog,0.24,595.0,20.951916667793355,1260.998259399549,0.01848,catalog,2043263925.6873574,33166364.963895768,Jackson,-0.44783056214319594,-0.7224121084124642,linear,0.2956525022115755,0.45405547242603317,4.072616324676219e+22,4.072616324676219e+22
2.33,1.242,catalog,0.24,595.0,20.951916667793355,5161.904083706762,0.01848,catalog,1452502231.6756823,25016136.127717353,Selsis,-0.391888854818388,-0.7338309691068037,linear,0.36400553226613225,0.6227468357703242,5.303326365526132e+22,5.303326365526132e+22
2.33,1.242,catalog,0.24,595.0,20.951916667793355,494.64684364697536,0.01848,catalog,4866974299.847447,76709251.09865059,Jackson,-0.3283822475955836,-0.7015906675908182,GP,0.15289437895981,0.4014888974414452,7.059944421851511e+22,7.059944421851511e+22
2.33,1.242,catalog,0.24,595.0,20.951916667793355,2152.0057702830227,0.01848,catalog,1281663578.4435627,24086140.599202134,Jackson,-0.336535619134813,-0.6119509190378217,log,0.355536910689237,0.47071351918254367,4.704205047888025e+22,4.704205047888025e+22
2.33,1.242,catalog,0.24,595.0,20.951916667793355,1685.3608299467192,0.01848,catalog,3183064554.215607,11920960.96225883,Selsis,-0.2960450822761782,-0.6507230801748584,log,0.2285702795895513,0.9792737895623661,1.5799824263178054e+23,1.5799824263178054e+23
2.33,1.242,catalog,0.24,595.0,20.951916667793355,2195.5589741187882,0.01848,catalog,2632664351.219557,48221842.25667602,Selsis,-0.31981436087519155,-0.6713138802937315,linear,0.4184705572591145,0.3076077786428326,7.591084626448685e+22,7.591084626448685e+22
2.33,1.242,catalog,0.24,595.0,20.951916667793355,661.802813480414,0.01848,catalog,3682696886.2298303,72382017.78083266,Jackson,-0.46257161688063225,-0.60851884604102,linear,0.1460597880924752,0.17818211927340044,4.53023520406524e+22,4.53023520406524e+22
2.33,1.242,catalog,0.24,595.0,20.951916667793355,1622.4591152444682,0.01848,catalog,1636315016.4852686,2696935.388531291,Jackson,-0.3052036221109153,-0.7273112985917842,log,0.23582006779828402,0.03237468938150023,2.641483157961499e+22,2.641483157961499e+22
2.33,1.242,catalog,0.24,595.0,20.951916667793355,539.8009586443293,0.01848,catalog,7651215942.454959,26657072.66306039,Selsis,-0.3491430721725407,-0.6513169882359782,GP,0.08874636310744789,0.6334672619161682,1.4524161257783553e+23,1.4524161257783553e+23
2.33,1.242,catalog,0.24,595.0,20.951916667793355,1972.573564524727,0.01848,catalog,1381234819.6715486,67118274.77662143,Jackson,-0.46221818530121733,-0.7650933219586947,GP,0.31948278632060073,0.12538500038606182,2.2464527477459504e+22,2.2464527477459504e+22
2.33,1.242,catalog,0.24,595.0,20.951916667793355,292.4338461713097,0.01848,catalog,8234632573.111486,41461615.91502295,Jackson,-0.4251055247942976,-0.7874188905022068,log,0.2706877627335195,0.8620717945254505,4.677433436931376e+22,4.677433436931376e+22
2.33,1.242,catalog,0.24,595.0,20.951916667793355,359.7241847808777,0.01848,catalog,6667937020.148912,1261751.9971413454,Jackson,-0.47324671407637126,-0.6921707000997542,GP,0.21950704486068237,0.6112642143901026,4.815451088607604e+22,4.815451088607604e+22
2.33,1.242,catalog,0.24,595.0,20.951916667793355,342.0529580411537,0.01848,catalog,7015733900.521404,70730135.76406194,Jackson,-0.290331739901927,-0.6483491237233265,linear,0.0702040259799017,0.7925338929940555,1.2985574373712414e+23,1.2985574373712414e+23
2.33,1.242,catalog,0.24,595.0,20.951916667793355,787.5797944452785,0.01848,catalog,5651023662.884302,21350817.706320886,Selsis,-0.3889383641925828,-0.6682393522623244,log,0.145999424874753,0.7096955459255686,1.1022516256425936e+23,1.1022516256425936e+23
2.33,1.242,catalog,0.24,595.0,20.951916667793355,233.86342317225663,0.01848,catalog,10406472102.645512,28062991.519728094,Jackson,-0.38129378992060003,-0.7259214651084421,log,0.4797919554982871,0.7522580749180008,6.044737927892915e+22,6.044737927892915e+22
2.33,1.242,catalog,0.24,595.0,20.951916667793355,629.4775510987286,0.01848,catalog,6754818367.871981,50131820.47582079,Selsis,-0.47315162373745256,-0.6171703663977869,log,0.49084474537915446,0.982771243112266,1.0822291756173857e+23,1.0822291756173857e+23
2.33,1.242,catalog,0.24,595.0,20.951916667793355,773.1330327577866,0.01848,catalog,3184812799.7851863,91183724.93618838,Jackson,-0.39842251430990916,-0.7294583046142382,GP,0.45000294339586594,0.5935186310821614,5.023084310702625e+22,5.023084310702625e+22
2.33,1.242,catalog,0.24,595.0,20.951916667793355,606.5697497605597,0.01848,catalog,6959719423.43883,43960005.886686,Selsis,-0.3097851657558487,-0.7211271357122833,log,0.45107169632840993,0.30888479836715166,1.2606918662255308e+23,1.2606918662255308e+23
2.33,1.242,catalog,0.24,595.0,20.951916667793355,264.5209576201415,0.01848,catalog,9139077977.190952,7936590.443815492,Jackson,-0.3199561771624544,-0.7701735956489139,linear,0.24352236662692892,0.6025521456302093,8.702984541264212e+22,8.702984541264212e+22
2.33,1.242,catalog,0.24,595.0,20.951916667793355,336.63108318622614,0.01848,catalog,7130252395.406853,44759371.6876724,Jackson,-0.32675192963994726,-0.6168914445075346,linear,0.22156653978557764,0.5279426017163799,9.943495953332956e+22,9.943495953332956e+22
2.33,1.242,catalog,0.24,595.0,20.951916667793355,972.7312109317738,0.01848,catalog,4794481477.209003,37247321.562289566,Selsis,-0.3431780327828914,-0.7827347719051649,linear,0.37597273115705,0.20759712474558722,8.45677965286723e+22,8.45677965286723e+22
2.33,1.242,catalog,0.24,595.0,20.951916667793355,486.57844799418615,0.01848,catalog,8332196876.292894,12536274.916647634,Selsis,-0.3259806780323053,-0.6595775489622717,log,0.14352684488599438,0.30815626273599683,1.3232157792331138e+23,1.3232157792331138e+23
2.33,1.242,catalog,0.24,595.0,20.951916667793355,1172.3569805136015,0.01848,catalog,4162107539.5040474,16197480.72186011,Selsis,-0.31584000549642005,-0.7447797345597555,log,0.10412436836677441,0.6566684374849224,1.3776978151349135e+23,1.3776978151349135e+23
2.33,1.242,catalog,0.24,595.0,20.951916667793355,1154.4422362930536,0.01848,catalog,2210759225.9527345,60354692.95425343,Jackson,-0.3556880092696356,-0.7280986578954114,log,0.37334745914142436,0.47001702322342664,5.105019047631812e+22,5.105019047631812e+22
2.33,1.242,catalog,0.24,595.0,20.951916667793355,1570.546288334023,0.01848,catalog,1683487250.3585036,98109702.41349335,Jackson,-0.46758978447659194,-0.7520778950762411,GP,0.06238472936752838,0.31533121000897835,3.050400467427442e+22,3.050400467427442e+22
2.33,1.242,catalog,0.24,595.0,20.951916667793355,888.9800286895685,0.01848,catalog,5139209478.4052725,88579506.62211034,Selsis,-0.3810792247617962,-0.7265199657636504,GP,0.12448453496628836,0.5824733669865824,9.896213818576923e+22,9.896213818576923e+22
2.33,1.242,catalog,0.24,595.0,20.951916667793355,1747.674716050973,0.01848,catalog,3100561759.7231617,83254686.93614464,Selsis,-0.4886605015148345,-0.7281432155029143,GP,0.36102337107697025,0.2750706684659542,6.2773843957297806e+22,6.2773843957297806e+22
2.33,1.242,catalog,0.24,595.0,20.951916667793355,1673.4532845286838,0.01848,catalog,1592745785.2161062,25149887.86546336,Jackson,-0.35347123101073774,-0.6394926875887567,linear,0.31962796852125014,0.9823305914560645,6.002929300537213e+22,6.002929300537213e+22
2.33,1.242,catalog,0.24,595.0,20.951916667793355,2304.9423663487514,0.01848,catalog,1208572098.7682295,58751745.229799606,Jackson,-0.29778394669197006,-0.609014714470472,linear,0.12377231991067916,0.7615729760839572,6.9538073237657555e+22,6.9538073237657555e+22
2.33,1.242,catalog,0.24,595.0,20.951916667793355,1637.7341115572438,0.01848,catalog,1622988034.9460936,15183623.244639229,Jackson,-0.3879906531918101,-0.780830284615749,linear,0.13199184788696663,0.15273975704512788,2.8869023478030883e+22,2.8869023478030883e+22
2.33,1.242,catalog,0.24,595.0,20.951916667793355,689.3177741374108,0.01848,catalog,6280804013.724308,43733621.12981144,Selsis,-0.43157469456854447,-0.7643693801386423,GP,0.12221027092901662,0.3441162598196654,8.26021800393538e+22,8.26021800393538e+22
2.33,1.242,catalog,0.24,595.0,20.951916667793355,2916.68682837973,0.01848,catalog,989969202.2848356,73734628.32928129,Jackson,-0.408086034958467,-0.6341990570056562,GP,0.28700011702824696,0.26246033672315705,2.4177069869314137e+22,2.4177069869314137e+22
2.33,1.242,catalog,0.24,595.0,20.951916667793355,705.542133549557,0.01848,catalog,6165436401.044534,22488063.811384242,Selsis,-0.3238941837023206,-0.6481259053704294,linear,0.09906036010636168,0.25450085788654264,1.1330919786661156e+23,1.1330919786661156e+23
2.33,1.242,catalog,0.24,595.0,20.951916667793355,5743.1352925238825,0.01848,catalog,254792561.46803114,85969022.32391326,Selsis,-0.3829525384066887,-0.6762562074127108,log,0.15793426984092768,0.23732097149518216,4.3759927811054224e+21,4.3759927811054224e+21
2.33,1.242,catalog,0.24,595.0,20.951916667793355,2538.1602904907045,0.01848,catalog,1113385858.3017051,73805777.42559183,Jackson,-0.3080812496251613,-0.741212145518637,linear,0.09393570792322309,0.09709335221546433,1.9510748318701915e+22,1.9510748318701915e+22
2.33,1.242,catalog,0.24,595.0,20.951916667793355,317.0031861563622,0.01848,catalog,7579936094.502063,66938341.245185085,Jackson,-0.33370659020032645,-0.7554978035189417,GP,0.32758868759869425,0.32544597075687354,6.1517992069527866e+22,6.1517992069527866e+22
2.33,1.242,catalog,0.24,595.0,20.951916667793355,342.17922306882576,0.01848,catalog,7013112993.438224,88620987.1032361,Jackson,-0.41888346352438793,-0.6113983792272736,log,0.47185330687744065,0.0543180177563074,4.660186223250464e+22,4.660186223250464e+22
2.33,1.242,catalog,0.24,595.0,20.951916667793355,569.50564677536,0.01848,catalog,4248143438.9943604,28104008.943347976,Jackson,-0.3556716552081317,-0.7502912693851113,GP,0.06130993323381417,0.7634008018542172,6.895617819050448e+22,6.895617819050448e+22
2.33,1.242,catalog,0.24,595.0,20.951916667793355,3152.451171189723,0.01848,catalog,2039504609.1082308,94458609.23150982,Selsis,-0.4463307776167222,-0.74465075562655,log,0.14053831369423736,0.18480360460527656,4.334310130133874e+22,4.334310130133874e+22
2.33,1.242,catalog,0.24,595.0,20.951916667793355,2144.8399838885825,0.01848,catalog,1285332831.0926979,39836792.14978009,Jackson,-0.45552556684787265,-0.7337276366225753,log,0.21743177126382543,0.10299026772873765,2.152315768785003e+22,2.152315768785003e+22
2.33,1.242,catalog,0.24,595.0,20.951916667793355,1780.4828149957764,0.01848,catalog,3059207008.6898003,40622026.800282985,Selsis,-0.48438749015642557,-0.6630040346365119,log,0.10746981182883471,0.7549037746609819,7.319161116600277e+22,7.319161116600277e+22
2.33,1.242,catalog,0.24,595.0,20.951916667793355,389.51728865830813,0.01848,catalog,6157079052.444894,82357298.85284927,Jackson,-0.4466602590104234,-0.6886701200852247,log,0.08407435308232694,0.7523545226496611,4.612621819895887e+22,4.612621819895887e+22
2.33,1.242,catalog,0.24,595.0,20.951916667793355,628.1820506446272,0.01848,catalog,3868976456.1249666,85990775.72184522,Jackson,-0.3247906337770947,-0.6522860138039671,log,0.059328973450840074,0.4196324147273487,7.026510341728727e+22,7.026510341728727e+22
2.33,1.242,catalog,0.24,595.0,20.951916667793355,369.3759894644253,0.01848,catalog,6492875346.14607,71920842.07952541,Jackson,-0.4805182155808754,-0.6773216174656516,GP,0.1527813788745856,0.8729309019213265,4.490962939658456e+22,4.490962939658456e+22
2.33,1.242,catalog,0.24,595.0,20.951916667793355,915.734517879666,0.01848,catalog,5021894751.432722,39823052.97186822,Selsis,-0.3557663112651922,-0.6503954047827034,linear,0.10659038370481089,0.4132867866519856,1.142630272601625e+23,1.142630272601625e+23
2.33,1.242,catalog,0.24,595.0,20.951916667793355,501.7825254255777,0.01848,catalog,8123477018.564485,89209446.6468839,Selsis,-0.42057840697985377,-0.6256078721696281,GP,0.05301516120896457,0.5101344580307416,1.1468689465882848e+23,1.1468689465882848e+23
2.33,1.242,catalog,0.24,595.0,20.951916667793355,754.5201798003679,0.01848,catalog,5845648315.651106,78679627.75527087,Selsis,-0.2833355304289253,-0.690807970703439,log,0.17507747588670558,0.7918346706172019,2.002758828736122e+23,2.002758828736122e+23
2.33,1.242,catalog,0.24,595.0,20.951916667793355,3602.45891056209,0.01848,catalog,1858554756.570348,44366816.01523148,Selsis,-0.36902418710573315,-0.7498763855086515,GP,0.22109593499530325,0.13204513504769777,3.6902011153529417e+22,3.6902011153529417e+22
2.33,1.242,catalog,0.24,595.0,20.951916667793355,2584.268231025238,0.01848,catalog,2345237926.5746937,39116439.32808114,Selsis,-0.3264953932760466,-0.719401288888078,linear,0.4532426360892276,0.050748329300027706,3.8900316661387905e+22,3.8900316661387905e+22
2.33,1.242,catalog,0.24,595.0,20.951916667793355,2317.448142373581,0.01848,catalog,2533509940.882336,52011934.474163026,Selsis,-0.32548514356783775,-0.768363093579412,log,0.14280041110347108,0.6189978073761138,1.0179776017188054e+23,1.0179776017188054e+23
2.33,1.242,catalog,0.24,595.0,20.951916667793355,2517.7218396203148,0.01848,catalog,2388924612.532149,88339159.36499691,Selsis,-0.4021983411700195,-0.6153459861399678,linear,0.11509577956527794,0.35960723607192857,7.107728649089815e+22,7.107728649089815e+22
2.33,1.242,catalog,0.24,595.0,20.951916667793355,1295.8439924498387,0.01848,catalog,1994368493.0677767,83024568.3017338,Jackson,-0.484144173663249,-0.7124217296835827,linear,0.07252613083521925,0.23523765055616797,3.060975159950455e+22,3.060975159950455e+22
2.33,1.242,catalog,0.24,595.0,20.951916667793355,385.5682295607731,0.01848,catalog,6219996068.547471,5255455.529734332,Jackson,-0.47344440155392703,-0.6328781092751959,GP,0.2705378259271398,0.8165664770814901,5.982680937936957e+22,5.982680937936957e+22
2.33,1.242,catalog,0.24,595.0,20.951916667793355,2463.5878346393833,0.01848,catalog,2425997479.0905385,68867842.00377497,Selsis,-0.4048032788814804,-0.6118037015794332,linear,0.050712147008140515,0.5952941518070801,8.177901571477182e+22,8.177901571477182e+22
2.33,1.242,catalog,0.24,595.0,20.951916667793355,581.720750897174,0.01848,catalog,4162733419.8984513,50164316.508140385,Jackson,-0.35796653048722443,-0.7281127217744295,GP,0.4240130638298495,0.8894391977683945,6.7619564650419655e+22,6.7619564650419655e+22
2.33,1.242,catalog,0.24,595.0,20.951916667793355,258.28256031426463,0.01848,catalog,9370378998.462717,15123411.677821282,Jackson,-0.38171666206914395,-0.7744277588924824,GP,0.08709911241001285,0.4475507686280077,5.363237287826308e+22,5.363237287826308e+22
2.33,1.242,catalog,0.24,595.0,20.951916667793355,950.1302504129749,0.01848,catalog,2635647494.7963285,1923693.0355009916,Jackson,-0.33148167989340305,-0.6438095615647652,linear,0.06675000691197311,0.5860436595025188,7.3654725165500915e+22,7.3654725165500915e+22
2.33,1.242,catalog,0.24,595.0,20.951916667793355,556.9952285445828,0.01848,catalog,4339617812.363642,42911356.8828778,Jackson,-0.3039565498858537,-0.6814664873741972,linear,0.1822272452010054,0.8646074143581114,1.0240339721641332e+23,1.0240339721641332e+23
2.33,1.242,catalog,0.24,595.0,20.951916667793355,576.6167771599677,0.01848,catalog,4197968574.4695497,24350989.25164816,Jackson,-0.451264882976383,-0.6508670677123259,log,0.20331255274485305,0.432896734123527,5.175439582123064e+22,5.175439582123064e+22
2.33,1.242,catalog,0.24,595.0,20.951916667793355,506.6831600376771,0.01848,catalog,8058776734.44785,25488954.84766517,Selsis,-0.42116987525741406,-0.7235413836299155,log,0.21034653761873054,0.7361793552586584,9.234151137813825e+22,9.234151137813825e+22
2.33,1.242,catalog,0.24,595.0,20.951916667793355,257.46883347330066,0.01848,catalog,9401451364.575512,62275004.40648382,Jackson,-0.433573856641338,-0.7986918651090047,linear,0.08502856928952733,0.2422600949920174,3.5333749157720045e+22,3.5333749157720045e+22
2.33,1.242,catalog,0.24,595.0,20.951916667793355,217.55025868741384,0.01848,catalog,11242357256.434353,50464324.016633965,Jackson,-0.4628952906447317,-0.6409751510780136,log,0.3320163111794091,0.01526538908566244,3.496766317226559e+22,3.496766317226559e+22
2.33,1.242,catalog,0.24,595.0,20.951916667793355,1168.4043706984482,0.01848,catalog,2187100786.1422963,21798857.399757043,Jackson,-0.37814856623353493,-0.6123719742703062,log,0.058384233320111945,0.6215885292833533,6.1479348371474715e+22,6.1479348371474715e+22
2.33,1.242,catalog,0.24,595.0,20.951916667793355,261.1510585673602,0.01848,catalog,9262527902.02028,89815978.7090188,Jackson,-0.46866242738408564,-0.6253376740936446,GP,0.48388852463007426,0.3169143255854001,4.841181412689189e+22,4.841181412689189e+22
2.33,1.242,catalog,0.24,595.0,20.951916667793355,574.0403519557442,0.01848,catalog,7277401873.825454,50764754.11633434,Selsis,-0.49084183128063974,-0.6477520703768419,linear,0.14999998061087447,0.2102389742007319,7.888452316186655e+22,7.888452316186655e+22
2.33,1.242,catalog,0.24,595.0,20.951916667793355,595.1408640987943,0.01848,catalog,4073049759.845629,11656089.227298794,Jackson,-0.485661750995049,-0.7364907988968203,log,0.08677585939122376,0.971471841766606,4.594399271303264e+22,4.594399271303264e+22
2.33,1.242,catalog,0.24,595.0,20.951916667793355,1127.8600231526614,0.01848,catalog,4285198939.483194,20319400.622426763,Selsis,-0.33442718888927897,-0.7447571352854591,GP,0.20004983573683283,0.23503475564016274,8.662541617760033e+22,8.662541617760033e+22
2.33,1.242,catalog,0.24,595.0,20.951916667793355,4918.402689395855,0.01848,catalog,641823211.5937203,97088256.12265156,Jackson,-0.37331865080016124,-0.7352753944121039,GP,0.12481260985912053,0.9167966527402583,2.551520821738361e+22,2.551520821738361e+22
2.33,1.242,catalog,0.24,595.0,20.951916667793355,550.0798427811704,0.01848,catalog,7534314630.688512,48175284.42113325,Selsis,-0.29134379816550954,-0.6754109849879313,GP,0.061978430904176686,0.6398252038233385,2.0312680255573548e+23,2.0312680255573548e+23
2.33,1.242,catalog,0.24,595.0,20.951916667793355,3068.255902600534,0.01848,catalog,2078486104.9688828,74294261.20384565,Selsis,-0.29659946467203224,-0.6523697255430541,log,0.08557175930730665,0.1356355245789035,4.110526382561968e+22,4.110526382561968e+22
2.33,1.242,catalog,0.24,595.0,20.951916667793355,1241.4339369189336,0.01848,catalog,3987088707.033128,99744317.85751173,Selsis,-0.33969513781561755,-0.7120562176788079,GP,0.2530463253060989,0.8768948560122409,1.1253067106298108e+23,1.1253067106298108e+23
2.33,1.242,catalog,0.24,595.0,20.951916667793355,476.4860315375781,0.01848,catalog,5047508458.314111,33607021.878984146,Jackson,-0.3104898394379397,-0.7069621621591603,linear,0.3163540104729158,0.10491847144215716,6.01605208237489e+22,6.01605208237489e+22
2.33,1.242,catalog,0.24,595.0,20.951916667793355,639.9415553977747,0.01848,catalog,6665868685.408726,3969031.345161606,Selsis,-0.46754086226177827,-0.6821819896497504,linear,0.1483220632986319,0.6484640840701631,8.93755366266151e+22,8.93755366266151e+22
2.33,1.242,catalog,0.24,595.0,20.951916667793355,692.4449340779344,0.01848,catalog,6258170093.099554,60025776.23415758,Selsis,-0.32241408908237695,-0.7545756098671036,GP,0.17319240292674953,0.3526378997182251,1.196576122812743e+23,1.196576122812743e+23
2.33,1.242,catalog,0.24,595.0,20.951916667793355,1008.0601405601805,0.01848,catalog,4665829014.5531845,3315169.135387079,Selsis,-0.35261431823505857,-0.6061194819432161,GP,0.13927645078209394,0.20685587119147564,9.222862827525055e+22,9.222862827525055e+22
2.33,1.242,catalog,0.24,595.0,20.951916667793355,2392.153002919349,0.01848,catalog,2477183177.4358206,39883425.94738716,Selsis,-0.310191900070102,-0.7445246774145139,linear,0.07360225824562716,0.4400631228805473,9.26044249684954e+22,9.26044249684954e+22
2.33,1.242,catalog,0.24,595.0,20.951916667793355,617.3760202898488,0.01848,catalog,6861258828.13521,20268310.51701918,Selsis,-0.43852570096374266,-0.6040886850973218,linear,0.13579347605558945,0.1677067683073158,9.242103970617184e+22,9.242103970617184e+22
2.33,1.242,catalog,0.24,595.0,20.951916667793355,2329.8434644258205,0.01848,catalog,2523942884.1762886,86694225.10686024,Selsis,-0.3339121930516116,-0.7790085704885936,log,0.13555089364450756,0.9157818477280066,9.402302140271068e+22,9.402302140271068e+22
2.33,1.242,catalog,0.24,595.0,20.951916667793355,345.4544396322918,0.01848,catalog,6945841882.9196005,9042565.970980406,Jackson,-0.48749561980470585,-0.6856978913246955,GP,0.275830965395914,0.6228773808255929,4.742875241874985e+22,4.742875241874985e+22
2.33,1.242,catalog,0.24,595.0,20.951916667793355,2199.73525858654,0.01848,catalog,2629106113.4897103,87635677.29529426,Selsis,-0.3380777775986874,-0.6293757838081475,linear,0.057806749760870454,0.5341612504615073,1.0355750633179504e+23,1.0355750633179504e+23
2.33,1.242,catalog,0.24,595.0,20.951916667793355,736.4710723231369,0.01848,catalog,3331712391.1711698,42925165.05645734,Jackson,-0.45814535461098405,-0.7783959785081029,log,0.0891359046613492,0.6927083640447806,4.2622933675295466e+22,4.2622933675295466e+22
2.33,1.242,catalog,0.24,595.0,20.951916667793355,1957.646790164909,0.01848,catalog,2857447304.735951,47710075.65276664,Selsis,-0.2903738947795245,-0.6796284719904325,log,0.18583169347947465,0.8956896474566255,1.486846994737248e+23,1.486846994737248e+23
2.33,1.242,catalog,0.24,595.0,20.951916667793355,469.7441021820784,0.01848,catalog,5118196997.81021,3336770.274079175,Jackson,-0.2833873956175806,-0.7758597080068196,GP,0.08266092106739127,0.6777510264242782,1.147295340098425e+23,1.147295340098425e+23
2.33,1.242,catalog,0.24,595.0,20.951916667793355,949.930181734311,0.01848,catalog,4882195005.220548,72215811.3493937,Selsis,-0.4091344524504616,-0.7584950481953767,linear,0.1387821857717646,0.95091473154326,8.732362530782472e+22,8.732362530782472e+22
2.33,1.242,catalog,0.24,595.0,20.951916667793355,2784.622324094525,0.01848,catalog,2224912375.0916743,70594238.7527963,Selsis,-0.29663643791185174,-0.7738520447032617,GP,0.1557178996854733,0.2872519512863059,6.264471155695976e+22,6.264471155695976e+22
2.33,1.242,catalog,0.24,595.0,20.951916667793355,2466.2450055927497,0.01848,catalog,2424144186.9519644,66478560.29421978,Selsis,-0.44444883210042707,-0.7265480622797948,log,0.07203676286375632,0.9569113352044682,6.306290890380285e+22,6.306290890380285e+22
2.33,1.242,catalog,0.24,595.0,20.951916667793355,436.9229308474793,0.01848,catalog,5494908679.088933,18329260.024686985,Jackson,-0.36425726282720167,-0.7481313537598643,GP,0.10284440146391481,0.6852568127319708,6.530707763340523e+22,6.530707763340523e+22
2.33,1.242,catalog,0.24,595.0,20.951916667793355,5580.252070726792,0.01848,catalog,1288675624.1811721,44455686.473734565,Selsis,-0.3091104304260885,-0.6150360289675545,log,0.19474834081245856,0.339081629379679,4.076631075329403e+22,4.076631075329403e+22
2.33,1.242,catalog,0.24,595.0,20.951916667793355,507.2313180193116,0.01848,catalog,8051614611.432129,82747196.65668713,Selsis,-0.3173461580618229,-0.6042663508164828,linear,0.2942325791132774,0.6227696003886385,1.908517739837154e+23,1.908517739837154e+23
2.33,1.242,catalog,0.24,595.0,20.951916667793355,318.74334345829567,0.01848,catalog,7537670176.207694,1492459.350801424,Jackson,-0.42230743364043466,-0.7444197874759879,GP,0.14874331634348065,0.678474658265169,5.123196646103279e+22,5.123196646103279e+22
2.33,1.242,catalog,0.24,595.0,20.951916667793355,5589.761552660451,0.01848,catalog,863934807.2307009,76061442.33436736,Selsis,-0.4563535809812472,-0.6435469352147244,GP,0.051543355394769085,0.4039900607193272,2.7196432131007028e+22,2.7196432131007028e+22
2.33,1.242,catalog,0.24,595.0,20.951916667793355,415.0569712571104,0.01848,catalog,5780584219.861226,75384481.46292806,Jackson,-0.43524126416868825,-0.6443046879336147,linear,0.2346304513964755,0.5456739109913513,5.4666625874502175e+22,5.4666625874502175e+22
2.33,1.242,catalog,0.24,595.0,20.951916667793355,6886.972948398042,0.01848,catalog,353170291.9051368,93733290.87692553,Jackson,-0.4989001133156191,-0.7331949652745575,GP,0.11532916572190853,0.11014289871196459,5.017616203686757e+21,5.017616203686757e+21
2.33,1.242,catalog,0.24,595.0,20.951916667793355,914.403421480319,0.01848,catalog,2729366681.705784,57417627.38152437,Jackson,-0.42572367986292997,-0.7546447621243346,linear,0.14290872842087973,0.2512517079157476,3.719780948513806e+22,3.719780948513806e+22
2.33,1.242,catalog,0.24,595.0,20.951916667793355,2419.8066215402405,0.01848,catalog,2457051282.1446757,32907411.484552056,Selsis,-0.34112296664391406,-0.6457984552273696,log,0.40684533946248547,0.006039000021555663,3.689096504488696e+22,3.689096504488696e+22
2.33,1.242,catalog,0.24,595.0,20.951916667793355,389.3463625805666,0.01848,catalog,6159774371.935642,7497151.593364306,Jackson,-0.3984600294992612,-0.7378924452004426,log,0.13193048649049977,0.1983224254404784,4.081941254121147e+22,4.081941254121147e+22
2.33,1.242,catalog,0.24,595.0,20.951916667793355,1293.8725282014793,0.01848,catalog,1997065881.8699722,86127131.63014834,Jackson,-0.4691837450186709,-0.7987977276380829,log,0.4099603958721939,0.9466712273747824,3.6117028818465428e+22,3.6117028818465428e+22
2.33,1.242,catalog,0.24,595.0,20.951916667793355,2115.0713256729728,0.01848,catalog,2703670589.2923594,55048656.28635269,Selsis,-0.4264819069545492,-0.7337514358689603,linear,0.09345946395230868,0.3006902996140042,6.460831041626011e+22,6.460831041626011e+22
2.33,1.242,catalog,0.24,595.0,20.951916667793355,452.51067783423025,0.01848,catalog,5308880185.34432,31690076.29685641,Jackson,-0.44273194037703656,-0.6653422900219559,linear,0.2463711957984178,0.5503702971376044,5.211594028428781e+22,5.211594028428781e+22
2.33,1.242,catalog,0.24,595.0,20.951916667793355,3505.0160438287403,0.01848,catalog,848801162.6047522,85216027.59978917,Jackson,-0.3703423550368322,-0.7417809858514404,GP,0.13574326690242708,0.5927912095350072,3.2132418793539304e+22,3.2132418793539304e+22
2.33,1.242,catalog,0.24,595.0,20.951916667793355,2465.8425234021574,0.01848,catalog,2424424678.383136,70853723.25690596,Selsis,-0.48270595190522014,-0.7389168980182095,log,0.43507176886462684,0.7094655571694818,5.909175554331811e+22,5.909175554331811e+22
2.33,1.242,catalog,0.24,595.0,20.951916667793355,269.02708983829103,0.01848,catalog,13822029293.135796,9818584.775543416,Selsis,-0.33913178450613757,-0.7657557865576835,linear,0.27478636348866436,0.4480479249845276,1.3221211713388029e+23,1.3221211713388029e+23
2.33,1.242,catalog,0.24,595.0,20.951916667793355,564.1553473719796,0.01848,catalog,7380861615.968849,65072309.66753917,Selsis,-0.4700703615254864,-0.7535621582959112,log,0.08985141207358421,0.13519072178110392,6.142539032617953e+22,6.142539032617953e+22
2.33,1.242,catalog,0.24,595.0,20.951916667793355,507.3434827741656,0.01848,catalog,4748691506.186247,84065490.93991944,Jackson,-0.2865586243523196,-0.6557652609893891,linear,0.1431092660079575,0.6137167518884037,1.0600176082608621e+23,1.0600176082608621e+23
2.33,1.242,catalog,0.24,595.0,20.951916667793355,1484.9284950039666,0.01848,catalog,3490140758.7360306,26222372.58469901,Selsis,-0.3293080106270465,-0.6571115873017606,log,0.4145725592230654,0.6418100011066009,1.2455434702320507e+23,1.2455434702320507e+23
2.33,1.242,catalog,0.24,595.0,20.951916667793355,409.6868098011508,0.01848,catalog,5855648201.547292,22636802.434866276,Jackson,-0.4213415002686064,-0.6266255847825074,linear,0.23124919123665605,0.4087894819360852,5.951142511626724e+22,5.951142511626724e+22
2.33,1.242,catalog,0.24,595.0,20.951916667793355,1697.8597693227894,0.01848,catalog,3166081525.3702106,94983607.0903574,Selsis,-0.45799284831925124,-0.7027042437062067,GP,0.3653133701133086,0.9907681909017544,6.938061051313201e+22,6.938061051313201e+22
2.33,1.242,catalog,0.24,595.0,20.951916667793355,3095.488222870631,0.01848,catalog,941689537.3084768,71536780.90410608,Jackson,-0.359293338820444,-0.7039115524360289,linear,0.10400336795458248,0.37337784208776037,2.875767995212237e+22,2.875767995212237e+22
2.33,1.242,catalog,0.24,595.0,20.951916667793355,1351.1788863145086,0.01848,catalog,3742834858.800529,88795599.99280097,Selsis,-0.28822674956973243,-0.705012532027438,log,0.2887015483264681,0.02547858953971005,5.8153307918498955e+22,5.8153307918498955e+22
2.33,1.242,catalog,0.24,595.0,20.951916667793355,510.4664323504195,0.01848,catalog,4720532863.709069,36597714.38821413,Jackson,-0.390081657937809,-0.7387911122758551,log,0.06846679750927219,0.15016128094424042,3.946729179695015e+22,3.946729179695015e+22
2.33,1.242,catalog,0.24,595.0,20.951916667793355,541.4715130932318,0.01848,catalog,4459188115.416844,92029638.57867509,Jackson,-0.38889806114241043,-0.607447683351025,GP,0.35638004402094764,0.9464184092238977,7.247683287444886e+22,7.247683287444886e+22
2.33,1.242,catalog,0.24,595.0,20.951916667793355,591.7777898135689,0.01848,catalog,4095132208.105359,59532634.075464875,Jackson,-0.4226995268397556,-0.7838396841449882,linear,0.17593657154732198,0.7459169913698589,4.565126319773116e+22,4.565126319773116e+22
2.33,1.242,catalog,0.24,595.0,20.951916667793355,340.6463250796696,0.01848,catalog,11250573400.008429,56287468.06705309,Selsis,-0.36824378944609876,-0.6540589346923243,GP,0.0567074146435538,0.8402477252019158,1.3107265551190056e+23,1.3107265551190056e+23
2.33,1.242,catalog,0.24,595.0,20.951916667793355,6886.95498885212,0.01848,catalog,353720527.387778,26922368.260607902,Jackson,-0.28579640160395475,-0.7044332567675925,GP,0.0929895555410154,0.9638507007095951,3.260106903463705e+22,3.260106903463705e+22
2.33,1.242,catalog,0.24,595.0,20.951916667793355,1605.7797206854996,0.01848,catalog,3296736235.5683074,3443781.365247258,Selsis,-0.40088429722341357,-0.6151104476272966,linear,0.15714807233926228,0.7036075366106048,1.0011708636708176e+23,1.0011708636708176e+23
2.33,1.242,catalog,0.24,595.0,20.951916667793355,3717.155643461018,0.01848,catalog,1818613352.5281212,53162831.19703833,Selsis,-0.4799082499445031,-0.7909016778788425,GP,0.16401152472746874,0.16934826689769633,3.874153021037127e+22,3.874153021037127e+22
2.33,1.242,catalog,0.24,595.0,20.951916667793355,1992.7872589904675,0.01848,catalog,2821249085.626729,98039111.44386628,Selsis,-0.3882653470301171,-0.6628022758414125,log,0.27593060395456837,0.8462155779282757,8.162479348123264e+22,8.162479348123264e+22
2.33,1.242,catalog,0.24,595.0,20.951916667793355,2070.116685693083,0.01848,catalog,2745458243.9320297,39841351.18361097,Selsis,-0.33313988642216785,-0.712345335160228,linear,0.17856757169274923,0.20225831154294005,6.297579384154188e+22,6.297579384154188e+22
2.33,1.242,catalog,0.24,595.0,20.951916667793355,5603.014246285805,0.01848,catalog,1239682397.4772277,93995329.76698434,Selsis,-0.2978124005188795,-0.7981071934592618,log,0.30567746321880007,0.6863236458845272,6.9472570981857e+22,6.9472570981857e+22
2.33,1.242,catalog,0.24,595.0,20.951916667793355,1326.989820894134,0.01848,catalog,1952797153.4904976,7560208.432675428,Jackson,-0.34144090734975113,-0.71539578924175,linear,0.3249406641048577,0.032647833504522605,2.9765617024667283e+22,2.9765617024667283e+22
2.33,1.242,catalog,0.24,595.0,20.951916667793355,739.6813388686534,0.01848,catalog,5938317714.353145,23264241.391031586,Selsis,-0.3173870637554604,-0.7085509395901085,log,0.20238757456530201,0.33988301851377545,1.2117101003825272e+23,1.2117101003825272e+23
2.33,1.242,catalog,0.24,595.0,20.951916667793355,1629.030918868643,0.01848,catalog,3262495085.486069,29083421.339056894,Selsis,-0.3982065091076919,-0.6536051871248819,linear,0.08218386613293423,0.5169524656777974,8.902650346699705e+22,8.902650346699705e+22
2.33,1.242,catalog,0.24,595.0,20.951916667793355,482.4562256723126,0.01848,catalog,8390972761.091291,37626388.00202362,Selsis,-0.47909624523510647,-0.6688831505833339,GP,0.22608428160254876,0.6984408071434414,8.85181266223892e+22,8.85181266223892e+22
2.33,1.242,catalog,0.24,595.0,20.951916667793355,298.6765767861918,0.01848,catalog,12608069702.610895,56057692.79902479,Selsis,-0.4878020807411112,-0.6567343868796501,log,0.13706446209190465,0.8527650966351238,8.943074124817475e+22,8.943074124817475e+22
2.33,1.242,catalog,0.24,595.0,20.951916667793355,307.2079649406963,0.01848,catalog,7827451593.430994,83988536.16791359,Jackson,-0.46055078341536665,-0.6521406550051051,linear,0.05965551156980575,0.05897141101431902,3.4511263789470445e+22,3.4511263789470445e+22
2.33,1.242,catalog,0.24,595.0,20.951916667793355,514.4157730046575,0.01848,catalog,4685430262.72012,57531931.381316535,Jackson,-0.4078187517612676,-0.6888025130567863,log,0.14980267409092424,0.819990927794024,5.43048053871561e+22,5.43048053871561e+22
2.33,1.242,catalog,0.24,595.0,20.951916667793355,1193.4506365966045,0.01848,catalog,4106699296.816034,13368506.224491451,Selsis,-0.31478371499250274,-0.6610910186979184,GP,0.3228631383583376,0.7479200802014911,1.4737211120103114e+23,1.4737211120103114e+23
2.33,1.242,catalog,0.24,595.0,20.951916667793355,820.5844788421302,0.01848,catalog,5471445489.837151,4444277.147529512,Selsis,-0.39109837045676576,-0.6940914097582676,log,0.1363563662079941,0.8157421176829868,1.0682974668260852e+23,1.0682974668260852e+23
2.33,1.242,catalog,0.24,595.0,20.951916667793355,7105.764523726252,0.01848,catalog,247317683.69053188,69748001.67167524,Jackson,-0.4230250939426235,-0.6944076628467567,linear,0.11611711578632146,0.5259900410655318,8.425943322612675e+21,8.425943322612675e+21
2.33,1.242,catalog,0.24,595.0,20.951916667793355,4699.829839256351,0.01848,catalog,1548161954.5000632,71831818.57618602,Selsis,-0.411676859277726,-0.6206999706952417,linear,0.07825869137108102,0.5860072485546175,5.759466393070403e+22,5.759466393070403e+22
2.33,1.242,catalog,0.24,595.0,20.951916667793355,2818.801557654127,0.01848,catalog,1018857412.5924572,1483500.6050183335,Jackson,-0.2878050963477397,-0.7948054173579586,log,0.17991878750609452,0.11271931500733157,1.9793497339067997e+22,1.9793497339067997e+22
2.33,1.242,catalog,0.24,595.0,20.951916667793355,645.1967345164235,0.01848,catalog,6622231103.454383,9586954.98881863,Selsis,-0.40379555950248147,-0.6158584758875538,GP,0.09017391508193612,0.8181542754593959,1.265074458968206e+23,1.265074458968206e+23
2.33,1.242,catalog,0.24,595.0,20.951916667793355,1325.8370364453901,0.01848,catalog,1954301698.058898,88400930.66881226,Jackson,-0.3493959900258522,-0.6202646868055706,linear,0.2084956498473649,0.1455278751764193,3.55342468487189e+22,3.55342468487189e+22
2.33,1.242,catalog,0.24,595.0,20.951916667793355,486.19998590550523,0.01848,catalog,8337552972.389292,59288135.723673195,Selsis,-0.2885432370137148,-0.6556158418612931,log,0.05073570473950874,0.5992365349502004,2.061757907479424e+23,2.061757907479424e+23
2.33,1.242,catalog,0.24,595.0,20.951916667793355,533.2905868977265,0.01848,catalog,4525094421.124406,46954354.83836326,Jackson,-0.35352595481659543,-0.6326174083334974,log,0.11498262895701705,0.29081598581505663,6.324192279643405e+22,6.324192279643405e+22
2.33,1.242,catalog,0.24,595.0,20.951916667793355,295.7698456907971,0.01848,catalog,12716296304.480358,10056403.785013575,Selsis,-0.3785025873373456,-0.7921300756420611,linear,0.2875495094223712,0.11575347995115115,7.481697090839946e+22,7.481697090839946e+22
2.33,1.242,catalog,0.24,595.0,20.951916667793355,441.2343343706236,0.01848,catalog,5442079432.2365265,28802943.038673256,Jackson,-0.38647181264773905,-0.6889486740558471,GP,0.053424718750625426,0.2296684695633452,4.69493602829491e+22,4.69493602829491e+22
2.33,1.242,catalog,0.24,595.0,20.951916667793355,1639.4924411727018,0.01848,catalog,1621469411.34273,72246342.0127833,Jackson,-0.35594023493848964,-0.7222737530808813,GP,0.0629586431187784,0.01402300271250767,2.3467503810491084e+22,2.3467503810491084e+22
2.33,1.242,catalog,0.24,595.0,20.951916667793355,647.6432738249018,0.01848,catalog,3758741890.3622255,57439473.556931406,Jackson,-0.3768523969635093,-0.6779795537819819,linear,0.46629350031669725,0.24322182415442994,4.889600254549861e+22,4.889600254549861e+22
2.33,1.242,catalog,0.24,595.0,20.951916667793355,1395.471847443825,0.01848,catalog,1867787386.3543003,54769225.06780705,Jackson,-0.35118535563211206,-0.7370591587122369,linear,0.05102145850101599,0.4340889161552932,4.677220542518492e+22,4.677220542518492e+22
2.33,1.242,catalog,0.24,595.0,20.951916667793355,2020.372640646957,0.01848,catalog,1353048899.3821042,79767037.88590571,Jackson,-0.36946213092684715,-0.6577926608101478,log,0.2888946572466363,0.5842475027440451,4.424950768481121e+22,4.424950768481121e+22
2.33,1.242,catalog,0.24,595.0,20.951916667793355,1145.0500503414178,0.01848,catalog,4236607446.259148,73211729.36337897,Selsis,-0.28553858352810646,-0.6943337149445005,GP,0.11462082827067108,0.15762072809122174,8.60506919964736e+22,8.60506919964736e+22
2.33,1.242,catalog,0.24,595.0,20.951916667793355,1822.4505016934197,0.01848,catalog,3008252092.4609394,29187097.808631614,Selsis,-0.31148521726842104,-0.7830260478936591,GP,0.0972599319827429,0.2848064445796046,8.058993009322805e+22,8.058993009322805e+22
2.33,1.242,catalog,0.24,595.0,20.951916667793355,1622.4737625089324,0.01848,catalog,3272062346.9292774,92437778.52079463,Selsis,-0.47919287734466526,-0.6509031341904052,GP,0.257762585062788,0.6727039676429807,7.420508349820659e+22,7.420508349820659e+22
2.33,1.242,catalog,0.24,595.0,20.951916667793355,1716.493592897632,0.01848,catalog,3141174536.2806635,60594886.53893438,Selsis,-0.31790766897540507,-0.73296728633774,linear,0.35137132210698013,0.19995208615251792,7.019010988494225e+22,7.019010988494225e+22
2.33,1.242,catalog,0.24,595.0,20.951916667793355,5561.6173161401975,0.01848,catalog,1330388423.3006723,13768432.448543804,Selsis,-0.46069772761129474,-0.6480458409691382,linear,0.13643604730461897,0.31985620749410704,4.127045694492524e+22,4.127045694492524e+22
2.33,1.242,catalog,0.24,595.0,20.951916667793355,7191.781797836455,0.01848,catalog,227880468.99761525,51652635.30456159,Jackson,-0.4402887007129112,-0.6665659375205263,GP,0.05001893125540871,0.5615270619028175,8.815852621960977e+21,8.815852621960977e+21
2.33,1.242,catalog,0.24,595.0,20.951916667793355,287.2403975189446,0.01848,catalog,8388522525.6331,42938181.168460205,Jackson,-0.4554379520032892,-0.6119884884351299,linear,0.38296231433569433,0.4760800594535035,6.1867553614380835e+22,6.1867553614380835e+22
2.33,1.242,catalog,0.24,595.0,20.951916667793355,1799.939589836958,0.01848,catalog,3035319532.4585094,80736931.11557654,Selsis,-0.4137423536904823,-0.6523261385353475,GP,0.39717336584162594,0.37798003545415815,7.939936789124959e+22,7.939936789124959e+22
2.33,1.242,catalog,0.24,595.0,20.951916667793355,2305.8201062375647,0.01848,catalog,1208179378.3859658,93041904.0597818,Jackson,-0.422551754661019,-0.7589273529217564,log,0.19563457923443142,0.6749732034932233,3.244725125410362e+22,3.244725125410362e+22
2.33,1.242,catalog,0.24,595.0,20.951916667793355,1976.5642738154047,0.01848,catalog,2837817903.541594,22320318.586588275,Selsis,-0.3015452659246812,-0.7466343254531049,GP,0.08702069640074166,0.28249315238052475,7.872706578673934e+22,7.872706578673934e+22
2.33,1.242,catalog,0.24,595.0,20.951916667793355,879.3622369162715,0.01848,catalog,5183007052.567209,72621691.48460717,Selsis,-0.3799359300350911,-0.6182854470766211,GP,0.4645871158607654,0.3893845034030894,1.1023040350361082e+23,1.1023040350361082e+23
2.33,1.242,catalog,0.24,595.0,20.951916667793355,1157.0532746510412,0.01848,catalog,4203463029.9173574,54337054.359746546,Selsis,-0.42924830870155767,-0.7507741115209317,linear,0.13638434912393035,0.55096035354688,8.030795387481532e+22,8.030795387481532e+22
2.33,1.242,catalog,0.24,595.0,20.951916667793355,936.7863967490939,0.01848,catalog,2669817529.3429317,90310670.4941198,Jackson,-0.37287384186714034,-0.6884818677583212,log,0.4055380120776615,0.4199366129529908,4.953898801635353e+22,4.953898801635353e+22
2.33,1.242,catalog,0.24,595.0,20.951916667793355,2313.7705735993054,0.01848,catalog,2536365848.5065184,8408610.790567426,Selsis,-0.38278105215525926,-0.6632410719916668,log,0.08742769240017176,0.339778702905025,7.29857832619698e+22,7.29857832619698e+22
2.33,1.242,catalog,0.24,595.0,20.951916667793355,962.9891370121309,0.01848,catalog,4831488644.71034,71160930.08943124,Selsis,-0.2857941185359731,-0.779475575570612,log,0.40913710276045473,0.9579471557512114,1.7995487004290184e+23,1.7995487004290184e+23
2.33,1.242,catalog,0.24,595.0,20.951916667793355,2012.3628516802275,0.01848,catalog,2801573236.104946,96909982.3512789,Selsis,-0.4554607981507032,-0.7662805022432211,log,0.2822877300238892,0.26332880239851364,5.919487699379127e+22,5.919487699379127e+22
2.33,1.242,catalog,0.24,595.0,20.951916667793355,1058.5288893991801,0.01848,catalog,4495823422.118537,58053489.658392616,Selsis,-0.33184110708851533,-0.6767764297027241,linear,0.1389045969491528,0.3402581388019984,1.0422756937937055e+23,1.0422756937937055e+23
2.33,1.242,catalog,0.24,595.0,20.951916667793355,3042.2379840290628,0.01848,catalog,2090914615.1555884,31332687.176493563,Selsis,-0.487142430550981,-0.6902240361595665,GP,0.055612447983447354,0.105278779056724,3.898717557745854e+22,3.898717557745854e+22
2.33,1.242,catalog,0.24,595.0,20.951916667793355,861.6459865274046,0.01848,catalog,2881947821.789546,66399594.38794106,Jackson,-0.41665670280830447,-0.7939534987134701,linear,0.12027773054821359,0.9867690757669865,4.589728104665266e+22,4.589728104665266e+22
2.33,1.242,catalog,0.24,595.0,20.951916667793355,344.1132881577447,0.01848,catalog,6973223394.639304,3297244.3487989674,Jackson,-0.4065849099220399,-0.6572359061083081,log,0.36384346867045986,0.8162891091250374,6.467454630830574e+22,6.467454630830574e+22
2.33,1.242,catalog,0.24,595.0,20.951916667793355,1209.8545504268288,0.01848,catalog,4064833180.9256835,55797793.96490866,Selsis,-0.2936408886513686,-0.7877604366789926,linear,0.2357840776610636,0.20387986074067654,8.829142170561086e+22,8.829142170561086e+22
2.33,1.242,catalog,0.24,595.0,20.951916667793355,1585.626015861507,0.01848,catalog,3327144389.224246,39600967.919620864,Selsis,-0.47554923481618966,-0.6506894574813835,log,0.09933652024558674,0.19949348538030864,6.284009306824539e+22,6.284009306824539e+22
2.33,1.242,catalog,0.24,595.0,20.951916667793355,1101.9174013627087,0.01848,catalog,2305055324.0107365,12357034.380815605,Jackson,-0.3962066404201804,-0.7629924313586065,log,0.19935892949379777,0.3850217391291809,4.394202686540714e+22,4.394202686540714e+22
2.33,1.242,catalog,0.24,595.0,20.951916667793355,562.2591530498119,0.01848,catalog,4300617780.539841,91166574.89554258,Jackson,-0.4392061176055064,-0.6947397009210818,linear,0.42853606959242574,0.428276008701049,4.4773384205624e+22,4.4773384205624e+22
2.33,1.242,catalog,0.24,595.0,20.951916667793355,711.2832832952212,0.01848,catalog,3441496819.2945232,48147304.98480466,Jackson,-0.49962174621404565,-0.672978425670597,log,0.12448084670064624,0.40724640738788476,4.358310397419597e+22,4.358310397419597e+22
2.33,1.242,catalog,0.24,595.0,20.951916667793355,2061.9138044479328,0.01848,catalog,2753257832.21278,88081603.39629985,Selsis,-0.48035335891920844,-0.747081246386854,log,0.08417664028136461,0.4206656576712724,6.164497698657325e+22,6.164497698657325e+22
2.33,1.242,catalog,0.24,595.0,20.951916667793355,1019.1416613214042,0.01848,catalog,4627172589.360882,26546251.420738727,Selsis,-0.4133960620019722,-0.7244577478464868,linear,0.3511245057284249,0.3272309070055721,8.491249466917215e+22,8.491249466917215e+22
2.33,1.242,catalog,0.24,595.0,20.951916667793355,1037.9199544353362,0.01848,catalog,4563405621.391486,31984788.30851969,Selsis,-0.32903061623178753,-0.6896122896381336,log,0.1732066084482191,0.20621946598709595,8.84149937975145e+22,8.84149937975145e+22
2.33,1.242,catalog,0.24,595.0,20.951916667793355,2663.7180739600685,0.01848,catalog,2295613585.0399294,98524713.81309076,Selsis,-0.2876053847561872,-0.6374762348272889,GP,0.18635478438870356,0.2697383724426484,6.136328793927583e+22,6.136328793927583e+22
2.33,1.242,catalog,0.24,595.0,20.951916667793355,418.65950394482616,0.01848,catalog,5731361804.807437,55728812.96609344,Jackson,-0.39131345294830217,-0.6750224561790388,linear,0.4210044481620102,0.2948946909089508,4.9615711334078635e+22,4.9615711334078635e+22
2.33,1.242,catalog,0.24,595.0,20.951916667793355,701.9305711658455,0.01848,catalog,6190681233.8503895,38215956.32844016,Selsis,-0.28003424426109,-0.7372179255953296,linear,0.12648045265623986,0.547261647504558,1.8038505073703302e+23,1.8038505073703302e+23
2.33,1.242,catalog,0.24,595.0,20.951916667793355,1149.9691072177231,0.01848,catalog,4222947825.55531,75265389.76454644,Selsis,-0.49062519915090635,-0.7244877149775545,GP,0.2699209183188177,0.07691149791791685,5.44842315843334e+22,5.44842315843334e+22
2.33,1.242,catalog,0.24,595.0,20.951916667793355,1087.5759336349486,0.01848,catalog,4404578327.899253,6623936.892788337,Selsis,-0.49460513872520856,-0.6816631658634759,GP,0.3669683626412486,0.17510196948602696,6.64734035127747e+22,6.64734035127747e+22
2.33,1.242,catalog,0.24,595.0,20.951916667793355,912.8182479672254,0.01848,catalog,2733694446.6325808,77079361.24392223,Jackson,-0.41652831210436175,-0.6942486651683815,GP,0.1976994434074176,0.5465172230453919,4.759604898191567e+22,4.759604898191567e+22
2.33,1.242,catalog,0.24,595.0,20.951916667793355,730.1689611887853,0.01848,catalog,3358463258.241917,15941399.400271192,Jackson,-0.4275309547240084,-0.6060169374378575,GP,0.2018097147933369,0.31850120030552787,5.3483930977368506e+22,5.3483930977368506e+22
2.33,1.242,catalog,0.24,595.0,20.951916667793355,326.99546751228394,0.01848,catalog,7343791543.15936,2941313.3069727267,Jackson,-0.4341679629873982,-0.6900863286247086,linear,0.1561221114139504,0.5781343322244792,5.202640666501731e+22,5.202640666501731e+22
2.33,1.242,catalog,0.24,595.0,20.951916667793355,596.5214261236969,0.01848,catalog,7054320557.42985,99395159.91285305,Selsis,-0.3061922905446697,-0.7397016546596039,log,0.06154580786501879,0.8372974468221414,1.6791287326078036e+23,1.6791287326078036e+23
2.33,1.242,catalog,0.24,595.0,20.951916667793355,568.8360218693128,0.01848,catalog,7331443541.542487,20952823.297466636,Selsis,-0.37732571755817373,-0.6074425106212076,GP,0.09630477761983502,0.867125702659411,1.4427790045984079e+23,1.4427790045984079e+23
2.33,1.242,catalog,0.24,595.0,20.951916667793355,326.4511505946024,0.01848,catalog,7356256840.246125,89947564.9096378,Jackson,-0.41731716744138764,-0.6013145658609783,GP,0.1206821941128495,0.1222739171062387,5.314082485265451e+22,5.314082485265451e+22
2.33,1.242,catalog,0.24,595.0,20.951916667793355,616.7883256871164,0.01848,catalog,6866529094.115007,50849281.599192455,Selsis,-0.4944973072777772,-0.7461164326533036,GP,0.08961983052940994,0.24276149751524267,6.91505717087438e+22,6.91505717087438e+22
2.33,1.242,catalog,0.24,595.0,20.951916667793355,657.956252612246,0.01848,catalog,3703024797.982233,17269054.456990156,Jackson,-0.4943677768858164,-0.6690321366025743,log,0.09381875488652497,0.7086303015614758,4.919766504606569e+22,4.919766504606569e+22
2.33,1.242,catalog,0.24,595.0,20.951916667793355,820.1209735335441,0.01848,catalog,3015862393.278198,52600378.04867402,Jackson,-0.47243938945025304,-0.7995334333738542,GP,0.37282369520792324,0.5345479731607137,3.969213511355946e+22,3.969213511355946e+22
2.33,1.242,catalog,0.24,595.0,20.951916667793355,246.32834063036455,0.01848,catalog,9849474227.212515,20201715.574645583,Jackson,-0.44460685976663544,-0.6082817872279138,linear,0.19458328721120458,0.07673952347718127,4.6818873164596154e+22,4.6818873164596154e+22
2.33,1.242,catalog,0.24,595.0,20.951916667793355,758.3413861793695,0.01848,catalog,5822337665.484732,8443545.750147536,Selsis,-0.49270809296414053,-0.6212409385326354,log,0.43738521700200333,0.9011802622009303,1.0444675330858593e+23,1.0444675330858593e+23
2.33,1.242,catalog,0.24,595.0,20.951916667793355,4852.320868817659,0.01848,catalog,648967167.8241053,31321296.55150362,Jackson,-0.45951516025987926,-0.7444441970410239,linear,0.14179756050090106,0.6645647487493829,2.507643990520754e+22,2.507643990520754e+22
2.33,1.242,catalog,0.24,595.0,20.951916667793355,3948.9141596660793,0.01848,catalog,1744138800.2012098,48959781.95744639,Selsis,-0.4887282996313748,-0.7936820862970405,GP,0.21315547157193465,0.01607798522356052,2.6400744769465656e+22,2.6400744769465656e+22
2.33,1.242,catalog,0.24,595.0,20.951916667793355,455.68849735764786,0.01848,catalog,5272586389.911121,66882994.75656261,Jackson,-0.3046319797278568,-0.7649706520702704,log,0.18646013346208315,0.2691166064069078,7.093074955284512e+22,7.093074955284512e+22
2.33,1.242,catalog,0.24,595.0,20.951916667793355,419.15712794711067,0.01848,catalog,5724632478.726855,34710806.46475775,Jackson,-0.3770235845606018,-0.6207347857653599,log,0.43674056949967915,0.9813453595622279,8.139172991160272e+22,8.139172991160272e+22
2.33,1.242,catalog,0.24,595.0,20.951916667793355,1757.6276229917194,0.01848,catalog,1526194515.9341104,30031116.11718829,Jackson,-0.40821150071507945,-0.689759536644579,log,0.0655804095595271,0.43274109841584796,3.95208249799509e+22,3.95208249799509e+22
2.33,1.242,catalog,0.24,595.0,20.951916667793355,1185.7212115715502,0.01848,catalog,4126793309.0972786,44946623.5153864,Selsis,-0.4232081767812195,-0.703696072183448,linear,0.10245272311817824,0.21928784247691435,7.066401449877358e+22,7.066401449877358e+22
2.33,1.242,catalog,0.24,595.0,20.951916667793355,1125.8462710486924,0.01848,catalog,4290980247.6080055,45273134.99645338,Selsis,-0.30613450277376736,-0.649289131264484,GP,0.28241181881014,0.17737326265061482,8.797304161247799e+22,8.797304161247799e+22
2.33,1.242,catalog,0.24,595.0,20.951916667793355,1687.4669996478842,0.01848,catalog,3180186987.795157,82913342.66542451,Selsis,-0.4228592310863203,-0.6927868616908324,linear,0.297703532318685,0.12653517781284218,5.437466401088827e+22,5.437466401088827e+22
2.33,1.242,catalog,0.24,595.0,20.951916667793355,1261.0135908662164,0.01848,catalog,3940674869.16826,11345586.922521519,Selsis,-0.41036086223140944,-0.6426533908906181,linear,0.06429282154236327,0.7032344536672679,9.72683835256433e+22,9.72683835256433e+22
2.33,1.242,catalog,0.24,595.0,20.951916667793355,2484.5022999412295,0.01848,catalog,1133772332.3905246,9847607.479730237,Jackson,-0.4833800780744635,-0.6358867810352687,log,0.17908770340171148,0.7130750255102458,3.895600671253388e+22,3.895600671253388e+22
2.33,1.242,catalog,0.24,595.0,20.951916667793355,1682.2847240903602,0.01848,catalog,3187278903.1604295,52273537.65600261,Selsis,-0.3131117963150938,-0.7484555347680599,linear,0.08840400467017993,0.7077544553492158,1.248826200695665e+23,1.248826200695665e+23
2.33,1.242,catalog,0.24,595.0,20.951916667793355,1497.0544672094054,0.01848,catalog,1755705497.2916315,59009049.10117106,Jackson,-0.43436668770191333,-0.6938483206782725,GP,0.3522604813633682,0.9052775429810532,4.099797248450768e+22,4.099797248450768e+22
2.33,1.242,catalog,0.24,595.0,20.951916667793355,556.1675518688154,0.01848,catalog,4345819234.814804,30188864.066422284,Jackson,-0.353320566764602,-0.7077714699407681,GP,0.2872462578768621,0.8692792637260759,7.3877388897384275e+22,7.3877388897384275e+22
2.33,1.242,catalog,0.24,595.0,20.951916667793355,1286.9586549078977,0.01848,catalog,3881159955.853578,22228397.601718683,Selsis,-0.48044680648388005,-0.6644897599884043,linear,0.17979562895958587,0.06164824451333839,5.488329231886631e+22,5.488329231886631e+22
2.33,1.242,catalog,0.24,595.0,20.951916667793355,7178.108385576538,0.01848,catalog,230850347.99307004,86130626.97379252,Jackson,-0.4300227196786529,-0.7177348538911477,log,0.2117722031765975,0.17248530641548465,3.2309902544310407e+21,3.2309902544310407e+21
2.33,1.242,catalog,0.24,595.0,20.951916667793355,250.94692299026624,0.01848,catalog,9658455013.967686,21771092.86867665,Jackson,-0.468738868604873,-0.7218901093070722,GP,0.4219479354444209,0.1403597739153425,3.2365865522671083e+22,3.2365865522671083e+22
2.33,1.242,catalog,0.24,595.0,20.951916667793355,1509.9759165719158,0.01848,catalog,3447771347.928492,65132180.91537621,Selsis,-0.3350812704679384,-0.6219129204245653,log,0.050393809093852854,0.3485462584909562,9.568308435541329e+22,9.568308435541329e+22
2.33,1.242,catalog,0.24,595.0,20.951916667793355,2568.172674593892,0.01848,catalog,2355620910.47843,70894710.27807428,Selsis,-0.3394608377662774,-0.6389993133530973,linear,0.21382702387058355,0.36276118602242935,7.527045134906922e+22,7.527045134906922e+22
2.33,1.242,catalog,0.24,595.0,20.951916667793355,657.478564220371,0.01848,catalog,3705566173.5325327,58698213.51019369,Jackson,-0.33958992284455164,-0.6074774884710672,log,0.059181206787355396,0.8507425928219184,8.676357365020813e+22,8.676357365020813e+22
2.33,1.242,catalog,0.24,595.0,20.951916667793355,1145.4677237800731,0.01848,catalog,4235443441.691008,40573077.1455086,Selsis,-0.45204207296381776,-0.7768716075153164,log,0.4465830952590499,0.5098788226233062,7.646651189810057e+22,7.646651189810057e+22
2.33,1.242,catalog,0.24,595.0,20.951916667793355,255.20121807812907,0.01848,catalog,9489182651.306208,82449762.43484345,Jackson,-0.36706861977200855,-0.7116516273405445,log,0.1142415488092595,0.7031762640602257,6.209132065255914e+22,6.209132065255914e+22
2.33,1.242,catalog,0.24,595.0,20.951916667793355,409.88478778273156,0.01848,catalog,9612729260.276094,44177642.12163463,Selsis,-0.4785515078390544,-0.6365838593881985,GP,0.09091321070242937,0.12840349697168818,7.579250460305515e+22,7.579250460305515e+22
2.33,1.242,catalog,0.24,595.0,20.951916667793355,426.794012924219,0.01848,catalog,5623424517.954061,9772277.082756713,Jackson,-0.46116337422165554,-0.6493216504838476,linear,0.050581950433630674,0.14394850969936646,3.9474739458075005e+22,3.9474739458075005e+22
2.33,1.242,catalog,0.24,595.0,20.951916667793355,747.7545304005072,0.01848,catalog,5887470697.337393,1791750.5431190496,Selsis,-0.2879793597802142,-0.7113916839667455,GP,0.05130116889494772,0.07713264884538962,9.399576594456025e+22,9.399576594456025e+22
2.33,1.242,catalog,0.24,595.0,20.951916667793355,2030.1692151963175,0.01848,catalog,2783969348.169342,92182389.58443052,Selsis,-0.3881102499289023,-0.7184430866663646,GP,0.4659997963892924,0.16953584473610017,5.496058452987556e+22,5.496058452987556e+22
2.33,1.242,catalog,0.24,595.0,20.951916667793355,865.8831341352204,0.01848,catalog,2869006835.992233,82870825.33262536,Jackson,-0.3579659172075124,-0.6694721799973274,log,0.29975766467222953,0.24801847488090534,4.630054640672985e+22,4.630054640672985e+22
2.33,1.242,catalog,0.24,595.0,20.951916667793355,1739.199815708053,0.01848,catalog,3111471088.6501694,88203489.3016587,Selsis,-0.4835313248441887,-0.6541881383985455,linear,0.43586810776646895,0.5736911755226501,7.205467299639241e+22,7.205467299639241e+22
2.33,1.242,catalog,0.24,595.0,20.951916667793355,1787.9576350767795,0.01848,catalog,3049975034.0509086,26213802.37434655,Selsis,-0.45542502504907817,-0.6416739362150629,GP,0.12240332049006411,0.6598299978124018,7.986719455712023e+22,7.986719455712023e+22
2.33,1.242,catalog,0.24,595.0,20.951916667793355,1065.3379896788613,0.01848,catalog,4474023753.243812,27408270.77337107,Selsis,-0.29902524842619177,-0.7675714829176679,GP,0.10116179635230842,0.7483792414934198,1.599811031636174e+23,1.599811031636174e+23
2.33,1.242,catalog,0.24,595.0,20.951916667793355,1244.9070800690074,0.01848,catalog,3978758367.873741,59739588.15412029,Selsis,-0.4843194849535479,-0.7108141035051523,GP,0.2719851318097379,0.7761750545677829,7.404090728173606e+22,7.404090728173606e+22
2.33,1.242,catalog,0.24,595.0,20.951916667793355,2004.226653627948,0.01848,catalog,2809709541.940532,89754335.720864,Selsis,-0.382655963821348,-0.6740623980715006,log,0.2430247945869842,0.19193797664022716,5.869375163706972e+22,5.869375163706972e+22
2.33,1.242,catalog,0.24,595.0,20.951916667793355,757.0845155310506,0.01848,catalog,5829980567.272628,89192787.7848215,Selsis,-0.31715088378294215,-0.6449600055640511,linear,0.4476571899988812,0.07443202923750691,8.747833894090105e+22,8.747833894090105e+22
2.33,1.242,catalog,0.24,595.0,20.951916667793355,356.2620323488282,0.01848,catalog,10826497004.55666,33170111.680180162,Selsis,-0.3064452310537039,-0.7870570704653931,linear,0.08164489389300125,0.40886731358954886,1.515524758608735e+23,1.515524758608735e+23
2.33,1.242,catalog,0.24,595.0,20.951916667793355,608.883122586058,0.01848,catalog,3985415893.525596,86794063.47874299,Jackson,-0.44135246470537687,-0.6684262300439829,linear,0.18521775579853403,0.9489593460515654,4.904642948066466e+22,4.904642948066466e+22
2.33,1.242,catalog,0.24,595.0,20.951916667793355,1792.434091730577,0.01848,catalog,3044479242.9182286,39381786.45874385,Selsis,-0.48261328095005435,-0.7780096187754698,GP,0.19370469722941216,0.49593359332427633,6.55813068852256e+22,6.55813068852256e+22
2.33,1.242,catalog,0.24,595.0,20.951916667793355,772.2462680292292,0.01848,catalog,5739345845.279052,18817777.1861745,Selsis,-0.4437904090997989,-0.7230555353384239,linear,0.2572556281392422,0.7984162939372158,8.721581952145862e+22,8.721581952145862e+22
2.33,1.242,catalog,0.24,595.0,20.951916667793355,1506.7464228960903,0.01848,catalog,1745783893.8990264,16236901.80457265,Jackson,-0.370256559263838,-0.7542056133938012,GP,0.46418967033449465,0.8951178480231066,5.280505646952086e+22,5.280505646952086e+22
2.33,1.242,catalog,0.24,595.0,20.951916667793355,1119.0701158859542,0.01848,catalog,4310574108.363798,58741444.96092872,Selsis,-0.3624464461112225,-0.7816495309681585,log,0.4151482498509858,0.548149484754873,1.0097021343324126e+23,1.0097021343324126e+23
2.33,1.242,catalog,0.24,595.0,20.951916667793355,2108.715474727644,0.01848,catalog,2709482500.260668,8399050.92093281,Selsis,-0.3569398570776882,-0.7672151517994105,linear,0.27790063182966696,0.21460995006564343,6.220223643382455e+22,6.220223643382455e+22
2.33,1.242,catalog,0.24,595.0,20.951916667793355,4122.153805968323,0.01848,catalog,1693446389.1401942,56541520.87058714,Selsis,-0.42764857917629673,-0.6804987587843055,GP,0.12078122031658413,0.7570645135428955,5.499171196886184e+22,5.499171196886184e+22
2.33,1.242,catalog,0.24,595.0,20.951916667793355,601.9401460132464,0.01848,catalog,4029178025.5564556,3068835.546589898,Jackson,-0.38856480687710504,-0.6982069054401199,linear,0.11895988922271535,0.5940171218610891,6.060746493093207e+22,6.060746493093207e+22
2.33,1.242,catalog,0.24,595.0,20.951916667793355,4347.556045532383,0.01848,catalog,1632778382.4465117,23516621.58450562,Selsis,-0.4314350212340328,-0.6220138862709366,linear,0.2371762258962449,0.965624082645178,6.211141918526739e+22,6.211141918526739e+22
2.33,1.242,catalog,0.24,595.0,20.951916667793355,580.5016669276908,0.01848,catalog,4171091431.543551,88753145.9384601,Jackson,-0.30387143452593307,-0.7542571907242077,linear,0.11746483705821685,0.5970531982829679,8.571004050464697e+22,8.571004050464697e+22
2.33,1.242,catalog,0.24,595.0,20.951916667793355,565.907041908361,0.01848,catalog,7362275853.852419,90584183.00557937,Selsis,-0.4969137413955411,-0.7844327696275971,linear,0.279057021869271,0.9123077775326431,7.026522376485209e+22,7.026522376485209e+22
2.33,1.242,catalog,0.24,595.0,20.951916667793355,431.3642295331236,0.01848,catalog,5564654439.484659,69275202.50133398,Jackson,-0.42837162604404794,-0.7180899338911787,log,0.42891449708883184,0.4434448125063477,4.551298225072368e+22,4.551298225072368e+22
2.33,1.242,catalog,0.24,595.0,20.951916667793355,499.46589304975777,0.01848,catalog,4821344666.122212,10414132.658501491,Jackson,-0.33288757641511013,-0.6474510278500031,linear,0.20352277582762662,0.9894811903522405,9.609831988988111e+22,9.609831988988111e+22
2.33,1.242,catalog,0.24,595.0,20.951916667793355,2973.0280934285774,0.01848,catalog,974161755.5603724,91084036.81422298,Jackson,-0.28028912367995246,-0.7790513071477657,log,0.22715293886069213,0.4285267485862868,3.5496857085539506e+22,3.5496857085539506e+22
2.33,1.242,catalog,0.24,595.0,20.951916667793355,5563.878608611874,0.01848,catalog,1325247583.1531823,26904047.605953127,Selsis,-0.41862008343660584,-0.7981368798237086,log,0.23978529105090382,0.22087499892440254,3.2403150942211886e+22,3.2403150942211886e+22
2.33,1.242,catalog,0.24,595.0,20.951916667793355,354.67238382930196,0.01848,catalog,6763602714.668126,8739908.638887193,Jackson,-0.42758151017328666,-0.6528173110341375,GP,0.20523274626549162,0.5186160374477012,5.7156017680190175e+22,5.7156017680190175e+22
2.33,1.242,catalog,0.24,595.0,20.951916667793355,699.9016049063896,0.01848,catalog,6204971663.332715,35515689.19705391,Selsis,-0.3368302746419874,-0.7841254118346644,linear,0.1629791107060747,0.016520128380381527,7.469633314253095e+22,7.469633314253095e+22
2.33,1.242,catalog,0.24,595.0,20.951916667793355,3476.2252900392746,0.01848,catalog,1905164504.0307682,16995925.404685475,Selsis,-0.3105770830747038,-0.7260697529352256,GP,0.31947326264192016,0.7314898754801878,1.0045260077343074e+23,1.0045260077343074e+23
2.33,1.242,catalog,0.24,595.0,20.951916667793355,1387.130189063096,0.01848,catalog,3670502506.4116406,70875297.30012177,Selsis,-0.3828215498159025,-0.730737185236079,linear,0.061242468100018765,0.7243089016354513,8.868250496169914e+22,8.868250496169914e+22
2.33,1.242,catalog,0.24,595.0,20.951916667793355,242.02655760326263,0.01848,catalog,10034586961.651909,33181291.120328672,Jackson,-0.3181611122316758,-0.7992290981150736,log,0.2564805868448553,0.8652143256141585,9.091193111460922e+22,9.091193111460922e+22
2.33,1.242,catalog,0.24,595.0,20.951916667793355,641.8793803790237,0.01848,catalog,6649698558.338897,60159766.876052886,Selsis,-0.30570573696749187,-0.6030648014849499,GP,0.07629908408533757,0.7202332251250836,1.9757906774224947e+23,1.9757906774224947e+23
2.33,1.242,catalog,0.24,595.0,20.951916667793355,752.94361318652,0.01848,catalog,3263924787.3475137,96595480.77830696,Jackson,-0.42740773309224295,-0.675519651272876,log,0.3124439654897491,0.036013902643436735,3.3288486472394545e+22,3.3288486472394545e+22
2.33,1.242,catalog,0.24,595.0,20.951916667793355,1528.394680355967,0.01848,catalog,3417413543.481704,44773591.64584619,Selsis,-0.4349747915267601,-0.7507707843103645,GP,0.20592622852147832,0.8887128287981706,7.4769298356281794e+22,7.4769298356281794e+22
2.33,1.242,catalog,0.24,595.0,20.951916667793355,1304.3258842033822,0.01848,catalog,3842529338.336853,32075144.40054814,Selsis,-0.4771638264228109,-0.724084242611668,GP,0.12842791576278656,0.5339221687776268,7.428522077317015e+22,7.428522077317015e+22
2.33,1.242,catalog,0.24,595.0,20.951916667793355,5589.340316734305,0.01848,catalog,737056744.9015676,59753846.43004424,Selsis,-0.4715784571440195,-0.6668843851326349,log,0.13250750384751822,0.6090472922829989,2.3165577518553313e+22,2.3165577518553313e+22
2.33,1.242,catalog,0.24,595.0,20.951916667793355,508.44794247004904,0.01848,catalog,4738691952.538435,61530449.15064074,Jackson,-0.3798841460540441,-0.6427115495583129,log,0.08363005553290526,0.41418991143686745,6.2806893724954324e+22,6.2806893724954324e+22
2.33,1.242,catalog,0.24,595.0,20.951916667793355,1627.2019858878457,0.01848,catalog,3265156642.0902267,56879161.29697117,Selsis,-0.4766349723634213,-0.7191895391756592,GP,0.11087347183117306,0.42505746574821546,6.890794364907425e+22,6.890794364907425e+22
2.33,1.242,catalog,0.24,595.0,20.951916667793355,5158.417187733959,0.01848,catalog,1453168412.0687585,11232606.078996487,Selsis,-0.3385332265437346,-0.6883553014461726,GP,0.07185576242420495,0.37827366855376066,5.170615215814866e+22,5.170615215814866e+22
2.33,1.242,catalog,0.24,595.0,20.951916667793355,3800.79125595838,0.01848,catalog,793570541.8987396,2847559.8382353717,Jackson,-0.3973920493309965,-0.7322965017789665,GP,0.10827690423349959,0.7956106213312678,3.552087520705e+22,3.552087520705e+22
2.33,1.242,catalog,0.24,595.0,20.951916667793355,538.7061267695397,0.01848,catalog,4481234972.185027,86637631.65971424,Jackson,-0.3100876381974385,-0.7963276513463341,log,0.14498254928919727,0.002951938571971735,4.845950488980718e+22,4.845950488980718e+22
2.33,1.242,catalog,0.24,595.0,20.951916667793355,554.1053782094775,0.01848,catalog,4361353286.568797,20043998.64604967,Jackson,-0.3533969393802957,-0.7515942219503537,linear,0.08357550273866726,0.18155262304283282,4.880027034523171e+22,4.880027034523171e+22
2.33,1.242,catalog,0.24,595.0,20.951916667793355,416.2698658213999,0.01848,catalog,5763912148.047207,4893327.358238266,Jackson,-0.41881192786657406,-0.6958627220103563,GP,0.05086957547886127,0.7483136747231494,5.575888403655902e+22,5.575888403655902e+22
2.33,1.242,catalog,0.24,595.0,20.951916667793355,5556.790653985882,0.01848,catalog,1341435657.1061203,57941910.27028601,Selsis,-0.4491303862561005,-0.7417903545704939,GP,0.32652209610296085,0.4086583062162187,4.038392452645841e+22,4.038392452645841e+22
2.33,1.242,catalog,0.24,595.0,20.951916667793355,5605.125724556312,0.01848,catalog,1203410166.40199,16240281.638794763,Selsis,-0.4175467069697422,-0.7789917486384353,GP,0.31655295761299984,0.42379700592316094,3.96305254841823e+22,3.96305254841823e+22
2.33,1.242,catalog,0.24,595.0,20.951916667793355,347.3374005513111,0.01848,catalog,6907778579.664179,95898460.8724275,Jackson,-0.4008901978164805,-0.6205794203879731,GP,0.4042895347695466,0.6219563240234021,6.751689656057589e+22,6.751689656057589e+22
2.33,1.242,catalog,0.24,595.0,20.951916667793355,1719.9548130541925,0.01848,catalog,1555200151.2589784,68940144.02322352,Jackson,-0.3304598089060805,-0.657863326070835,GP,0.07229736571061535,0.07646053263105379,2.6502442670073122e+22,2.6502442670073122e+22
2.33,1.242,catalog,0.24,595.0,20.951916667793355,1893.5552919751456,0.01848,catalog,1430831836.3152225,99672608.31791708,Jackson,-0.430582418160695,-0.6263975527970547,log,0.06752743719947663,0.6897837615628635,3.978515491539206e+22,3.978515491539206e+22
2.33,1.242,catalog,0.24,595.0,20.951916667793355,433.44010245261535,0.01848,catalog,9172609272.4603,81893326.09127207,Selsis,-0.4633435399073707,-0.7222040761585086,linear,0.08353313393121573,0.7745530920959282,7.908220922196224e+22,7.908220922196224e+22
2.33,1.242,catalog,0.24,595.0,20.951916667793355,5141.501961706583,0.01848,catalog,1456411177.4498253,32564822.443639733,Selsis,-0.37095201371920833,-0.6558862048683972,linear,0.059149488451628124,0.39798207597580804,5.34278660876048e+22,5.34278660876048e+22
2.33,1.242,catalog,0.24,595.0,20.951916667793355,1304.0588895388432,0.01848,catalog,3843116125.9493275,68959583.4527511,Selsis,-0.4142719981553949,-0.6731183450040312,log,0.2205186031567454,0.695665873337347,8.624330455971221e+22,8.624330455971221e+22
2.33,1.242,catalog,0.24,595.0,20.951916667793355,539.1178275165066,0.01848,catalog,7659136605.69213,43414755.211897396,Selsis,-0.4159036549936012,-0.7306788602670273,log,0.2353600280905389,0.4545811889818723,9.076998177827555e+22,9.076998177827555e+22
2.33,1.242,catalog,0.24,595.0,20.951916667793355,954.6932577410892,0.01848,catalog,2624181188.2744355,24420012.532515932,Jackson,-0.4229426462542835,-0.7321314714218671,linear,0.09225781425966309,0.4178650479365532,4.505050759782128e+22,4.505050759782128e+22
2.33,1.242,catalog,0.24,595.0,20.951916667793355,737.0139467213595,0.01848,catalog,3329429634.01618,54930595.73152591,Jackson,-0.38696012828978454,-0.682756375376126,GP,0.2557718974549762,0.023913992147630014,3.610635314696393e+22,3.610635314696393e+22
2.33,1.242,catalog,0.24,595.0,20.951916667793355,347.8366911823176,0.01848,catalog,11050631947.035624,93576999.55155218,Selsis,-0.3990401631840769,-0.7976230094146596,GP,0.09565948282056878,0.9820247586600747,9.043837165822498e+22,9.043837165822498e+22
2.33,1.242,catalog,0.24,595.0,20.951916667793355,948.9143956690893,0.01848,catalog,2638721327.609409,1864773.9614935291,Jackson,-0.29553949691403214,-0.7817083261909006,GP,0.2945185168614088,0.4838269929319311,7.281637934895332e+22,7.281637934895332e+22
2.33,1.242,catalog,0.24,595.0,20.951916667793355,758.1980962403086,0.01848,catalog,5823207793.01914,92349808.12620592,Selsis,-0.4393403728381919,-0.6699348476675024,linear,0.1016321090142005,0.8729781057973008,9.220405595109006e+22,9.220405595109006e+22
2.33,1.242,catalog,0.24,595.0,20.951916667793355,1018.5023047192211,0.01848,catalog,4629381818.941822,26125807.390787244,Selsis,-0.4314421105188568,-0.6449589907748616,GP,0.13628818142237,0.4082165390399567,9.3948305467905e+22,9.3948305467905e+22
2.33,1.242,catalog,0.24,595.0,20.951916667793355,822.2611885293474,0.01848,catalog,5462683569.922658,9426384.864896912,Selsis,-0.43085785248301595,-0.7867352952288171,GP,0.380002250955735,0.2778646900941504,7.84157735137848e+22,7.84157735137848e+22
2.33,1.242,catalog,0.24,595.0,20.951916667793355,800.9244910389926,0.01848,catalog,3082478250.2806697,99428450.35462222,Jackson,-0.29569830498422395,-0.7065178877722148,log,0.28887678252809834,0.7577480743814508,9.026353551921105e+22,9.026353551921105e+22
2.33,1.242,catalog,0.24,595.0,20.951916667793355,799.346269998177,0.01848,catalog,5585407428.322562,11799431.98768046,Selsis,-0.49324334353100885,-0.6536434685629984,log,0.07025956133269715,0.7699378500561235,9.30986779344399e+22,9.30986779344399e+22
2.33,1.242,catalog,0.24,595.0,20.951916667793355,553.4330399915989,0.01848,catalog,4366443714.162686,96879494.22735655,Jackson,-0.48759758297387434,-0.719274472942816,GP,0.11947969967131852,0.8989439515957315,3.925580519811713e+22,3.925580519811713e+22
2.33,1.242,catalog,0.24,595.0,20.951916667793355,315.2049310293624,0.01848,catalog,7624139188.705888,60586503.952383205,Jackson,-0.3046025712834305,-0.7754619313561271,GP,0.09647085543447913,0.7640724507367996,1.0031592693644102e+23,1.0031592693644102e+23
2.33,1.242,catalog,0.24,595.0,20.951916667793355,1051.7179225530163,0.01848,catalog,2403868490.6621027,85657285.11963606,Jackson,-0.4511918455912747,-0.6707947199538331,linear,0.13711814928651983,0.7023669528245312,4.372348920282463e+22,4.372348920282463e+22
2.33,1.242,catalog,0.24,595.0,20.951916667793355,5388.326703891349,0.01848,catalog,1410842781.6481378,63781985.159250595,Selsis,-0.3677438790287648,-0.6129099863845896,linear,0.08607072441129064,0.0049933862272569796,2.045046598363515e+22,2.045046598363515e+22
2.33,1.242,catalog,0.24,595.0,20.951916667793355,829.7943120805586,0.01848,catalog,2983466182.971712,4378338.228794126,Jackson,-0.4106666654099302,-0.619903817104506,linear,0.05498966091652971,0.16871513180031017,4.363430198003684e+22,4.363430198003684e+22
2.33,1.242,catalog,0.24,595.0,20.951916667793355,730.5150975241874,0.01848,catalog,5997331526.016674,76210637.97497535,Selsis,-0.45764988793172906,-0.6261823860666373,log,0.42930894786876805,0.5756605355495085,1.0150262703751348e+23,1.0150262703751348e+23
2.33,1.242,catalog,0.24,595.0,20.951916667793355,1194.823623108949,0.01848,catalog,4103154855.8805156,73646419.9482152,Selsis,-0.3094586664466938,-0.6074346051225499,linear,0.4455768248118497,0.5740342871443681,1.5180857308285404e+23,1.5180857308285404e+23
2.33,1.242,catalog,0.24,595.0,20.951916667793355,626.555535044522,0.01848,catalog,3878506680.0759516,17969856.578467447,Jackson,-0.3875810205463624,-0.6381000344390719,GP,0.11032651159532351,0.6536679057190175,6.8386154091302135e+22,6.8386154091302135e+22
2.33,1.242,catalog,0.24,595.0,20.951916667793355,1481.0508978499204,0.01848,catalog,1772367372.6353877,9832846.717682095,Jackson,-0.3759459902883121,-0.7477998755131515,GP,0.16414950593252856,0.6332905963993126,4.9862022756207906e+22,4.9862022756207906e+22
2.33,1.242,catalog,0.24,595.0,20.951916667793355,1342.7759597994548,0.01848,catalog,1932448636.4395273,38698803.13148009,Jackson,-0.4970596536934203,-0.6311909969751472,GP,0.2106409973741444,0.1090170515753911,2.924117548204957e+22,2.924117548204957e+22
2.33,1.242,catalog,0.24,595.0,20.951916667793355,3358.7107372813284,0.01848,catalog,1951297343.1555574,3388419.064002626,Selsis,-0.3735993716786388,-0.6432541438632713,GP,0.08306362101702396,0.9463543346471918,8.110803728222936e+22,8.110803728222936e+22
2.33,1.242,catalog,0.24,595.0,20.951916667793355,1709.3616787854846,0.01848,catalog,3150649977.110477,1270359.1941360561,Selsis,-0.4720201883504828,-0.656643111653581,log,0.330449720655433,0.4503170581407132,7.656048255739698e+22,7.656048255739698e+22
2.33,1.242,catalog,0.24,595.0,20.951916667793355,612.9537963631336,0.01848,catalog,3960230600.1993923,83503738.65509644,Jackson,-0.29911754817178826,-0.6272006796710894,GP,0.0881909130946746,0.7340710665737625,1.0437690166201301e+23,1.0437690166201301e+23
2.33,1.242,catalog,0.24,595.0,20.951916667793355,257.0724697843037,0.01848,catalog,9416664369.693213,81930313.54396623,Jackson,-0.4007615908384663,-0.798525148547355,log,0.10513784824873108,0.7423593452448572,4.784625938062756e+22,4.784625938062756e+22
2.33,1.242,catalog,0.24,595.0,20.951916667793355,924.6483097488665,0.01848,catalog,2701753648.4568834,47072744.962277375,Jackson,-0.28773272755527785,-0.6966920824301774,linear,0.06791874402836554,0.2135460057712082,5.495879608479325e+22,5.495879608479325e+22
2.33,1.242,catalog,0.24,595.0,20.951916667793355,1783.0701947138348,0.01848,catalog,1507276608.5601983,45791116.84237173,Jackson,-0.4224093107636616,-0.6421970055953887,linear,0.07122784581165398,0.41166748238956474,3.870951066422581e+22,3.870951066422581e+22
2.33,1.242,catalog,0.24,595.0,20.951916667793355,685.7579289569112,0.01848,catalog,3561329615.0720696,38024489.953079596,Jackson,-0.3980266286641461,-0.7382568575875884,GP,0.1953163709162259,0.054415723536052285,3.447691273415694e+22,3.447691273415694e+22
2.33,1.242,catalog,0.24,595.0,20.951916667793355,595.406943291415,0.01848,catalog,4071313575.229215,15678560.972846745,Jackson,-0.4960566939726965,-0.764338481085171,linear,0.4700727028955792,0.02769127982227415,2.617679018919808e+22,2.617679018919808e+22
2.33,1.242,catalog,0.24,595.0,20.951916667793355,1064.352039179941,0.01848,catalog,4477164437.195066,64812381.31485256,Selsis,-0.49675867431542137,-0.7720764892103513,GP,0.05924470956052444,0.15047722104475114,6.007182458336454e+22,6.007182458336454e+22
2.33,1.242,catalog,0.24,595.0,20.951916667793355,315.44187723616255,0.01848,catalog,7618283859.817989,33878485.166322,Jackson,-0.352705977425306,-0.6813804812927778,GP,0.06908377518639329,0.11665329095011978,5.0539047926773525e+22,5.0539047926773525e+22
2.33,1.242,catalog,0.24,595.0,20.951916667793355,1497.2924646380054,0.01848,catalog,3469066725.7247033,29912804.58649993,Selsis,-0.49935972011180596,-0.6972114076624937,log,0.13698168197236424,0.7172293390612183,7.2816116357526555e+22,7.2816116357526555e+22
2.33,1.242,catalog,0.24,595.0,20.951916667793355,5603.254547721658,0.01848,catalog,1239176334.4808357,8850002.864253141,Selsis,-0.29035996812763804,-0.7241781967853637,log,0.18539415237492388,0.4934962850969361,5.752269553271449e+22,5.752269553271449e+22
2.33,1.242,catalog,0.24,595.0,20.951916667793355,297.9162392215538,0.01848,catalog,8078455997.012629,54711948.396224484,Jackson,-0.286679879834076,-0.6183147331855283,linear,0.1103845703987044,0.3886208052119464,1.140901056470095e+23,1.140901056470095e+23
2.33,1.242,catalog,0.24,595.0,20.951916667793355,754.4090987366425,0.01848,catalog,3258038663.4196615,98033532.18593034,Jackson,-0.44806710244313214,-0.6533847891495291,GP,0.06363748873078003,0.16621937419391286,3.817300770287433e+22,3.817300770287433e+22
2.33,1.242,catalog,0.24,595.0,20.951916667793355,5587.390723694342,0.01848,catalog,578435666.3966097,92092037.75542799,Jackson,-0.3214814742883264,-0.6924923732755867,linear,0.3755252694161201,0.3938176482914596,1.8075216341664468e+22,1.8075216341664468e+22
2.33,1.242,catalog,0.24,595.0,20.951916667793355,2484.220245185621,0.01848,catalog,2411699193.4364576,19671443.789409038,Selsis,-0.3131558125943868,-0.6441552422732713,GP,0.20666628442462187,0.8043867718283134,1.2062362838561848e+23,1.2062362838561848e+23
2.33,1.242,catalog,0.24,595.0,20.951916667793355,1326.915891166235,0.01848,catalog,3793661888.912663,46957166.91201377,Selsis,-0.47094440887251665,-0.7226359745092756,GP,0.39319865584635816,0.9205838079102703,7.410144086679394e+22,7.410144086679394e+22
2.33,1.242,catalog,0.24,595.0,20.951916667793355,261.136933619475,0.01848,catalog,9263052651.386648,47574982.04833508,Jackson,-0.3210148616922739,-0.7041674759219255,GP,0.20693397800206056,0.38919323542242723,7.539619645167174e+22,7.539619645167174e+22
2.33,1.242,catalog,0.24,595.0,20.951916667793355,5595.153006999774,0.01848,catalog,974567584.073964,37374507.30603976,Selsis,-0.31008302565301543,-0.6254321841808707,log,0.13500808233860115,0.7138954346076021,5.803771189438371e+22,5.803771189438371e+22
2.33,1.242,catalog,0.24,595.0,20.951916667793355,551.1553863094427,0.01848,catalog,7522324134.5989065,25312936.50500674,Selsis,-0.4182669769661455,-0.6328471442506436,GP,0.15005209543730058,0.8463514746495961,1.1692230331365847e+23,1.1692230331365847e+23
2.33,1.242,catalog,0.24,595.0,20.951916667793355,4705.842129598667,0.01848,catalog,1546813382.4761415,74613646.64504963,Selsis,-0.34743104268088043,-0.6694173059031472,log,0.19379863930939298,0.3943857372139443,5.4786694396108436e+22,5.4786694396108436e+22
2.33,1.242,catalog,0.24,595.0,20.951916667793355,978.9880773475448,0.01848,catalog,4771072548.836084,38298452.57113068,Selsis,-0.44135890246100273,-0.7136044612277446,linear,0.06045430592600058,0.28673650503203396,7.885777316506167e+22,7.885777316506167e+22
2.33,1.242,catalog,0.24,595.0,20.951916667793355,3811.114265603665,0.01848,catalog,1787462968.1642792,78601260.45127562,Selsis,-0.37349457057713153,-0.6471815516099048,log,0.09402230967127301,0.3690979252407155,5.90502785869556e+22,5.90502785869556e+22
2.33,1.242,catalog,0.24,595.0,20.951916667793355,870.1122104109826,0.01848,catalog,2856216274.0507,8388277.547557189,Jackson,-0.3767990945311251,-0.6511480685069971,log,0.3720345463157833,0.41706326409816163,5.552135080168207e+22,5.552135080168207e+22
2.33,1.242,catalog,0.24,595.0,20.951916667793355,333.1133634057215,0.01848,catalog,7206680573.432181,89794699.38602847,Jackson,-0.4733741172972331,-0.7220159958807988,linear,0.4985124464824193,0.7231849086826613,4.045452449606175e+22,4.045452449606175e+22
2.33,1.242,catalog,0.24,595.0,20.951916667793355,563.5824669204591,0.01848,catalog,4290931491.907836,76006520.96066901,Jackson,-0.29521974422065717,-0.7318971705776138,log,0.17438098742268507,0.2801958829719112,7.009021523580584e+22,7.009021523580584e+22
2.33,1.242,catalog,0.24,595.0,20.951916667793355,619.5490140564328,0.01848,catalog,6841854719.733403,33730140.40823535,Selsis,-0.29344788821905077,-0.6357871346457257,GP,0.222828820653761,0.14785181642033052,1.1538113297886397e+23,1.1538113297886397e+23
2.33,1.242,catalog,0.24,595.0,20.951916667793355,2356.83574106288,0.01848,catalog,2503418107.3908277,72651467.99719931,Selsis,-0.2915230999160798,-0.6304178773549352,GP,0.2957573907957189,0.5675107272770142,1.2145404574787798e+23,1.2145404574787798e+23
2.33,1.242,catalog,0.24,595.0,20.951916667793355,1380.7085955196412,0.01848,catalog,3683171145.087172,58469622.41745886,Selsis,-0.3820784910175962,-0.7697861090804218,log,0.4271911959407077,0.02027482619093668,5.157695553635492e+22,5.157695553635492e+22
2.33,1.242,catalog,0.24,595.0,20.951916667793355,2533.6728217518184,0.01848,catalog,2378268344.3328195,27961115.734190255,Selsis,-0.44480972540676506,-0.6380105949057846,GP,0.051090592028414754,0.4841975504753816,7.148307188802974e+22,7.148307188802974e+22
2.33,1.242,catalog,0.24,595.0,20.951916667793355,589.1486492987768,0.01848,catalog,7125690004.976675,35957117.62899956,Selsis,-0.337348915232875,-0.7039060001878331,GP,0.2499254802650554,0.705856118360349,1.4254317398216217e+23,1.4254317398216217e+23
2.33,1.242,catalog,0.24,595.0,20.951916667793355,585.5722962186226,0.01848,catalog,4136562295.46285,57311908.94081657,Jackson,-0.3544537410245785,-0.7120091661348918,GP,0.17817295821615844,0.26285321215542645,5.356142144496012e+22,5.356142144496012e+22
2.33,1.242,catalog,0.24,595.0,20.951916667793355,1276.9076720697362,0.01848,catalog,3903953962.4880285,50769167.726771854,Selsis,-0.30742863665968095,-0.73344391470452,linear,0.07253769908254007,0.015679760764404027,5.946608153869597e+22,5.946608153869597e+22
2.33,1.242,catalog,0.24,595.0,20.951916667793355,972.3199910023937,0.01848,catalog,2580893674.102754,22919511.978214428,Jackson,-0.3125403942905767,-0.725948527846539,linear,0.4171933731279355,0.8858494238829675,8.258673356985073e+22,8.258673356985073e+22
2.33,1.242,catalog,0.24,595.0,20.951916667793355,1990.2361655894645,0.01848,catalog,1370667826.505934,85257443.72514644,Jackson,-0.4387623272954513,-0.6408154911894844,GP,0.23696014166676885,0.3652469745450796,3.3110783870960954e+22,3.3110783870960954e+22
2.33,1.242,catalog,0.24,595.0,20.951916667793355,1291.3525130102284,0.01848,catalog,3871297054.606191,94243099.80944167,Selsis,-0.3715204298459845,-0.6709056461644941,GP,0.11953607172067673,0.33354376909037164,8.709564658151117e+22,8.709564658151117e+22
2.33,1.242,catalog,0.24,595.0,20.951916667793355,4092.6042614502785,0.01848,catalog,1701828788.353591,67952177.6931007,Selsis,-0.40345980667832476,-0.72183939894716,linear,0.053430567771876845,0.704334782725051,5.582842159327074e+22,5.582842159327074e+22
2.33,1.242,catalog,0.24,595.0,20.951916667793355,2839.9908434382605,0.01848,catalog,1012443545.1206393,61037815.55310892,Jackson,-0.29556129769928713,-0.6656116996416747,linear,0.17217989559603206,0.17010223744655972,2.1124703641822944e+22,2.1124703641822944e+22
2.33,1.242,catalog,0.24,595.0,20.951916667793355,443.5867962048714,0.01848,catalog,5413706852.882803,72288811.14371987,Jackson,-0.41004078170312497,-0.7054567653264523,GP,0.35329028495553716,0.6904804693626513,5.096841119879524e+22,5.096841119879524e+22
2.33,1.242,catalog,0.24,595.0,20.951916667793355,839.890437168828,0.01848,catalog,5372543724.9538965,23020409.18083182,Selsis,-0.48604787078866885,-0.7048841331909909,log,0.35995704412433777,0.6123915425587222,8.152129277770103e+22,8.152129277770103e+22
2.33,1.242,catalog,0.24,595.0,20.951916667793355,2747.7909687996394,0.01848,catalog,1041037011.8286378,28225164.601345602,Jackson,-0.392249225884761,-0.6105013037273473,linear,0.4705893156089408,0.21332456551237666,2.463096850841875e+22,2.463096850841875e+22
2.33,1.242,catalog,0.24,595.0,20.951916667793355,369.11004688682976,0.01848,catalog,6497568909.063819,2999393.01943027,Jackson,-0.44931866347396965,-0.6980693816751076,linear,0.07807354234951054,0.3643588600048643,4.4340373825564856e+22,4.4340373825564856e+22
2.33,1.242,catalog,0.24,595.0,20.951916667793355,282.9344984453503,0.01848,catalog,8520750043.367283,6841405.910958971,Jackson,-0.4976485256390233,-0.6559678505623905,linear,0.3271938701377037,0.9089747924740597,5.347565831211245e+22,5.347565831211245e+22
2.33,1.242,catalog,0.24,595.0,20.951916667793355,309.75584472238836,0.01848,catalog,7761450723.468175,28677681.697661523,Jackson,-0.2993445879139396,-0.6714040709672993,linear,0.3054327549948353,0.7063944346778416,1.1793059375492813e+23,1.1793059375492813e+23
2.33,1.242,catalog,0.24,595.0,20.951916667793355,3063.4096843198204,0.01848,catalog,2080787041.2739832,13522102.307088202,Selsis,-0.3520067470472182,-0.6678647855143506,linear,0.299639873128369,0.8316311765565865,8.72375210035286e+22,8.72375210035286e+22
2.33,1.242,catalog,0.24,595.0,20.951916667793355,744.5796404084979,0.01848,catalog,5907343082.95118,39425064.236998305,Selsis,-0.4742254806931181,-0.6771952334656001,linear,0.11910470770435977,0.42314708412943836,8.595515443942504e+22,8.595515443942504e+22
2.33,1.242,catalog,0.24,595.0,20.951916667793355,901.9446172212491,0.01848,catalog,5081551345.626238,30400218.378418636,Selsis,-0.4165119669159115,-0.7415987640287769,log,0.17734127359969323,0.6334823052178388,8.991566419224336e+22,8.991566419224336e+22
2.33,1.242,catalog,0.24,595.0,20.951916667793355,897.5096624489881,0.01848,catalog,5101100349.381534,84999566.32025611,Selsis,-0.43869423760474097,-0.6120189400370023,log,0.2718530579345803,0.3093715559252238,9.307352501748154e+22,9.307352501748154e+22
2.33,1.242,catalog,0.24,595.0,20.951916667793355,5329.719000180767,0.01848,catalog,1421332785.1408625,99080391.31616023,Selsis,-0.32041602427325294,-0.7478201263715459,linear,0.058619760220040285,0.4362565550643164,5.4186804677531404e+22,5.4186804677531404e+22
2.33,1.242,catalog,0.24,595.0,20.951916667793355,729.314514009551,0.01848,catalog,3362126111.498612,26936035.813575223,Jackson,-0.34672640280615563,-0.6633715886300927,linear,0.20180811333013365,0.9762657186803004,7.639367943961246e+22,7.639367943961246e+22
2.33,1.242,catalog,0.24,595.0,20.951916667793355,5830.623871341511,0.01848,catalog,229853697.17337364,19266630.109829646,Selsis,-0.4758316157806814,-0.6888720784797763,GP,0.23867292347127775,0.6497620723896329,9.44490552088171e+21,9.44490552088171e+21
2.33,1.242,catalog,0.24,595.0,20.951916667793355,354.21503073097983,0.01848,catalog,10879984508.773842,25388291.4294365,Selsis,-0.4985420637338421,-0.7070546860297203,GP,0.1566803535757071,0.22555890871063222,7.087400963536716e+22,7.087400963536716e+22
2.33,1.242,catalog,0.24,595.0,20.951916667793355,1104.9146976137608,0.01848,catalog,2299436304.7466044,8393936.763714653,Jackson,-0.3196324773978896,-0.755596045094395,log,0.38988975829574046,0.693299381402135,7.317463481274669e+22,7.317463481274669e+22
2.33,1.242,catalog,0.24,595.0,20.951916667793355,389.7853883927177,0.01848,catalog,10029294856.45612,53847813.849710256,Selsis,-0.2946925371279941,-0.6569901865538486,linear,0.3406189229551581,0.9941567125928605,2.2003199730647525e+23,2.2003199730647525e+23
2.33,1.242,catalog,0.24,595.0,20.951916667793355,774.4410572272135,0.01848,catalog,5726502280.5644245,84351831.12198855,Selsis,-0.28839295134007104,-0.7860461608181147,linear,0.3992220258000377,0.6947170387740286,1.8264616934681674e+23,1.8264616934681674e+23
2.33,1.242,catalog,0.24,595.0,20.951916667793355,1199.5297556698865,0.01848,catalog,2136313093.0807056,32553041.680468645,Jackson,-0.4738261105397162,-0.6275752846841741,GP,0.31986386674581874,0.6188624368644078,4.821525923507321e+22,4.821525923507321e+22
2.33,1.242,catalog,0.24,595.0,20.951916667793355,1630.0731070248912,0.01848,catalog,3260980837.7578635,76123161.01262039,Selsis,-0.4139612005505511,-0.6433506843234005,linear,0.23876584472810772,0.623292575541349,8.491479225483169e+22,8.491479225483169e+22
2.33,1.242,catalog,0.24,595.0,20.951916667793355,1084.6151077510483,0.01848,catalog,4413673407.846798,91932507.60423256,Selsis,-0.4730893189178422,-0.6494813647249325,log,0.4592795869734372,0.7305847914900835,8.378682754998873e+22,8.378682754998873e+22
2.33,1.242,catalog,0.24,595.0,20.951916667793355,5601.305194239934,0.01848,catalog,1110038916.6376057,2713312.4341228465,Selsis,-0.2944444550364993,-0.7926931539884604,GP,0.10544715650852148,0.9747020078198132,7.534767132713012e+22,7.534767132713012e+22
2.33,1.242,catalog,0.24,595.0,20.951916667793355,582.1259237545646,0.01848,catalog,4159963531.1475954,58922126.3506804,Jackson,-0.40050952556194963,-0.6043593604214021,log,0.4717649481600578,0.0011674021146330649,4.4137088559783954e+22,4.4137088559783954e+22
2.33,1.242,catalog,0.24,595.0,20.951916667793355,1846.36815887836,0.01848,catalog,2980140227.275907,27924691.228177875,Selsis,-0.2998248460000398,-0.7795278424218857,GP,0.09307196703973716,0.15197291298921933,6.278539135506144e+22,6.278539135506144e+22
2.33,1.242,catalog,0.24,595.0,20.951916667793355,4510.798636924498,0.01848,catalog,1592143695.3052096,61327148.48008781,Selsis,-0.4000988597186318,-0.7298224288747973,linear,0.07802961862266927,0.6846584705531289,5.368896944834766e+22,5.368896944834766e+22
2.33,1.242,catalog,0.24,595.0,20.951916667793355,462.5156112436402,0.01848,catalog,5196373757.208919,5243207.5050447555,Jackson,-0.48002480500239214,-0.7040598413765596,linear,0.3729858540888944,0.05685286811157275,3.0068623954954196e+22,3.0068623954954196e+22
2.33,1.242,catalog,0.24,595.0,20.951916667793355,1040.5708366322688,0.01848,catalog,4554574641.9661455,2093859.8417573248,Selsis,-0.42138339825471555,-0.617328168498527,linear,0.3636181001620858,0.7936826629225352,1.0798835920853547e+23,1.0798835920853547e+23
2.33,1.242,catalog,0.24,595.0,20.951916667793355,640.3336710633926,0.01848,catalog,6662589187.285915,9373584.90217536,Selsis,-0.286285913219404,-0.6517883725761133,GP,0.0881268100953205,0.26306200281864456,1.3478324112936593e+23,1.3478324112936593e+23
2.33,1.242,catalog,0.24,595.0,20.951916667793355,520.59527019174,0.01848,catalog,7881498023.598383,77555362.37944536,Selsis,-0.3071669243156697,-0.7413670048445983,log,0.11634806966368472,0.7742996334294283,1.732199654705958e+23,1.732199654705958e+23
2.33,1.242,catalog,0.24,595.0,20.951916667793355,1121.00543231761,0.01848,catalog,2269778438.562821,37629342.6479992,Jackson,-0.3869565785455872,-0.6574843264269118,linear,0.06928607217929805,0.8733323704114245,5.5915688814511955e+22,5.5915688814511955e+22
2.33,1.242,catalog,0.24,595.0,20.951916667793355,526.0119382029313,0.01848,catalog,4585514033.458883,86203924.79278871,Jackson,-0.4276568214768872,-0.7606229283053187,log,0.07826018273386874,0.2069828706743838,3.4860956083205354e+22,3.4860956083205354e+22
2.33,1.242,catalog,0.24,595.0,20.951916667793355,1030.3404666904028,0.01848,catalog,2448840542.5685234,24706488.234689273,Jackson,-0.46391544481260877,-0.7012771612919638,log,0.11483321654574094,0.913241470253107,4.649962397158393e+22,4.649962397158393e+22
2.33,1.242,catalog,0.24,595.0,20.951916667793355,576.6447173731949,0.01848,catalog,4197773943.8433676,25689482.611690823,Jackson,-0.4696688377058011,-0.7701406954920731,linear,0.07237710543051297,0.1112218702135992,2.9687093156753952e+22,2.9687093156753952e+22
2.33,1.242,catalog,0.24,595.0,20.951916667793355,3253.6601780831843,0.01848,catalog,1994997396.860716,15847973.439796718,Selsis,-0.4657406439913423,-0.7746398466646893,GP,0.06965063475545688,0.26323743364238605,5.088906677779057e+22,5.088906677779057e+22
2.33,1.242,catalog,0.24,595.0,20.951916667793355,1255.3959260098331,0.01848,catalog,2051373639.9889817,89018754.116119,Jackson,-0.38294987068830594,-0.614137015986407,GP,0.10807898553679914,0.28916511003570033,4.183886859171397e+22,4.183886859171397e+22
2.33,1.242,catalog,0.24,595.0,20.951916667793355,655.9687545158293,0.01848,catalog,6534858715.549115,76059844.11374214,Selsis,-0.34608776516712303,-0.6658685358800726,linear,0.31622113536741503,0.3611549751296611,1.1799528940500552e+23,1.1799528940500552e+23
2.33,1.242,catalog,0.24,595.0,20.951916667793355,2528.008772641609,0.01848,catalog,2382038677.377621,5769035.822231936,Selsis,-0.4347908494085604,-0.779403635897187,log,0.3756538248895178,0.7111744073530875,6.657428561483361e+22,6.657428561483361e+22
2.33,1.242,catalog,0.24,595.0,20.951916667793355,900.5988967875985,0.01848,catalog,2767565587.1382275,78226546.46991125,Jackson,-0.28346738425197576,-0.7215729705957786,log,0.09512927182306041,0.1871622638315108,5.340355619389027e+22,5.340355619389027e+22
2.33,1.242,catalog,0.24,595.0,20.951916667793355,322.1094796356445,0.01848,catalog,7457299933.741406,79414906.8890268,Jackson,-0.39730349730894166,-0.6266469311074908,linear,0.4209082389710531,0.4375149468569378,6.2974721808156796e+22,6.2974721808156796e+22
2.33,1.242,catalog,0.24,595.0,20.951916667793355,2082.4492651465953,0.01848,catalog,2733834884.1753836,9023879.463558944,Selsis,-0.36897171142379964,-0.7481852002586004,linear,0.05070326003810811,0.8743961598406873,8.850924039861724e+22,8.850924039861724e+22
2.33,1.242,catalog,0.24,595.0,20.951916667793355,1166.1748837838327,0.01848,catalog,4178693866.524099,12222399.968491098,Selsis,-0.38208440817394984,-0.6336695951348946,GP,0.0995563681318452,0.03614418507832218,6.177184888268418e+22,6.177184888268418e+22
2.33,1.242,catalog,0.24,595.0,20.951916667793355,3370.891204873073,0.01848,catalog,1946384991.5090923,67275999.86248796,Selsis,-0.33037313511844413,-0.7876251977908388,linear,0.19269874966424697,0.5699681147201373,8.309744388846695e+22,8.309744388846695e+22
2.33,1.242,catalog,0.24,595.0,20.951916667793355,2783.9131282722933,0.01848,catalog,2225311281.4727917,21229367.37458868,Selsis,-0.29416205190114525,-0.7453630793912926,GP,0.3929169012159947,0.6137977229859902,1.2078489048469506e+23,1.2078489048469506e+23
2.33,1.242,catalog,0.24,595.0,20.951916667793355,1076.8131067388676,0.01848,catalog,2353331830.3191957,3302111.0224775462,Jackson,-0.3135826091158217,-0.6808555712726185,linear,0.38604778960974667,0.2821889331296368,5.244642002740934e+22,5.244642002740934e+22
2.33,1.242,catalog,0.24,595.0,20.951916667793355,2469.2291862658126,0.01848,catalog,2422067023.221281,72103146.45686959,Selsis,-0.3867350944093757,-0.7163358512976963,log,0.2987452716316013,0.7968689707344419,7.3480346273439824e+22,7.3480346273439824e+22
2.33,1.242,catalog,0.24,595.0,20.951916667793355,2036.6501131924429,0.01848,catalog,1343741229.0107923,70460633.73020296,Jackson,-0.2935397459366811,-0.6471467858345122,GP,0.132582832552077,0.9435821218375579,7.314076873641958e+22,7.314076873641958e+22
2.33,1.242,catalog,0.24,595.0,20.951916667793355,540.7677701375007,0.01848,catalog,4464776568.897058,9268843.975214466,Jackson,-0.4078754534660754,-0.6370382196527115,GP,0.3909653989891512,0.34536529722589404,5.6608929057831075e+22,5.6608929057831075e+22
2.33,1.242,catalog,0.24,595.0,20.951916667793355,1733.5239171082035,0.01848,catalog,3118830764.917258,17578346.337743327,Selsis,-0.48376506955045706,-0.7870126098654381,log,0.05266830850092105,0.8418758091911432,6.8414754087725095e+22,6.8414754087725095e+22
2.33,1.242,catalog,0.24,595.0,20.951916667793355,3760.380903669376,0.01848,catalog,800633463.3006072,20393298.53843193,Jackson,-0.4708152913759766,-0.7323536700568728,GP,0.05490086187396571,0.242619542417277,1.9873845150198083e+22,1.9873845150198083e+22
2.33,1.242,catalog,0.24,595.0,20.951916667793355,5603.387216159576,0.01848,catalog,1159993125.5787055,67657143.74783278,Selsis,-0.29053393922428133,-0.6211301592065225,log,0.24347849736006288,0.2376150337218471,2.8333087209700675e+22,2.8333087209700675e+22
2.33,1.242,catalog,0.24,595.0,20.951916667793355,406.9289879426267,0.01848,catalog,5895007133.029954,29926219.393264256,Jackson,-0.29318869406266346,-0.6722771773489361,log,0.07779210302234277,0.5548532460973739,1.0596740168747014e+23,1.0596740168747014e+23
2.33,1.242,catalog,0.24,595.0,20.951916667793355,621.7489218309016,0.01848,catalog,6822341752.016769,29751218.69250945,Selsis,-0.2989820279804672,-0.7337482584799448,log,0.49478411549538587,0.5315165519608783,1.6751540662219307e+23,1.6751540662219307e+23
2.33,1.242,catalog,0.24,595.0,20.951916667793355,214.09071098539468,0.01848,catalog,11437800177.52871,47848314.34198786,Jackson,-0.3346734309808872,-0.6823768884741992,GP,0.16922249596476024,0.9094111488753297,8.628335837075789e+22,8.628335837075789e+22
2.33,1.242,catalog,0.24,595.0,20.951916667793355,5605.139589658879,0.01848,catalog,1203762833.5533044,29104424.91314367,Selsis,-0.3505580381460229,-0.760849597709791,linear,0.0695291147042974,0.451367745495329,4.925204916352358e+22,4.925204916352358e+22
2.33,1.242,catalog,0.24,595.0,20.951916667793355,1425.6351437265773,0.01848,catalog,3596717481.7803082,63984442.33717815,Selsis,-0.3157236778145941,-0.6070081047576484,log,0.4499683342262962,0.5660213365712671,1.3992134751101837e+23,1.3992134751101837e+23
2.33,1.242,catalog,0.24,595.0,20.951916667793355,4850.40410963969,0.01848,catalog,1515261209.3902662,4431889.07149915,Selsis,-0.40203407475721786,-0.6414160708986187,linear,0.10194544109433275,0.3448729207035798,5.016234779168057e+22,5.016234779168057e+22
2.33,1.242,catalog,0.24,595.0,20.951916667793355,605.4025856427986,0.01848,catalog,4007225345.539037,59779948.1764572,Jackson,-0.3795847359804133,-0.7327616986776451,linear,0.09550509557807299,0.22046281680782553,4.40774064988536e+22,4.40774064988536e+22
2.33,1.242,catalog,0.24,595.0,20.951916667793355,959.9728627184126,0.01848,catalog,4843087199.736465,15629248.728475321,Selsis,-0.3023695917936355,-0.7211353915895771,GP,0.06776288868993852,0.708061467153599,1.6253127671695688e+23,1.6253127671695688e+23
2.33,1.242,catalog,0.24,595.0,20.951916667793355,599.9690901347735,0.01848,catalog,4041791074.022388,3709195.132158202,Jackson,-0.48750875688549344,-0.6463233085703095,log,0.39528196734503496,0.06258786914111691,3.537380878669907e+22,3.537380878669907e+22
2.33,1.242,catalog,0.24,595.0,20.951916667793355,1210.182300232581,0.01848,catalog,2119521986.617416,35830462.08140415,Jackson,-0.37608407187047527,-0.6767496386922676,GP,0.2903519554422599,0.8617432865255831,5.552584648309536e+22,5.552584648309536e+22
2.33,1.242,catalog,0.24,595.0,20.951916667793355,715.5769687964914,0.01848,catalog,3422229873.961994,84194815.19883202,Jackson,-0.4161364836023639,-0.6910820803805585,GP,0.3091731384724982,0.9150968550799045,5.034339468151609e+22,5.034339468151609e+22
2.33,1.242,catalog,0.24,595.0,20.951916667793355,1402.4939041692367,0.01848,catalog,3640620769.292173,22683278.997488424,Selsis,-0.37777546994752054,-0.7601081534230899,log,0.12728550993765395,0.5280413812652593,9.120441165182692e+22,9.120441165182692e+22
2.33,1.242,catalog,0.24,595.0,20.951916667793355,282.00905802480554,0.01848,catalog,8549739709.674407,19285261.669586305,Jackson,-0.2894010329249893,-0.6874124997620809,log,0.21172747970818628,0.07660393209264404,7.529066329514423e+22,7.529066329514423e+22
2.33,1.242,catalog,0.24,595.0,20.951916667793355,1186.0143404227604,0.01848,catalog,2158043949.517269,53555874.10788551,Jackson,-0.32715193844657836,-0.6120706583423341,GP,0.24719689696469702,0.3349879670771949,5.301836635645717e+22,5.301836635645717e+22
2.33,1.242,catalog,0.24,595.0,20.951916667793355,657.5376558962843,0.01848,catalog,3705251592.575372,57308698.74966458,Jackson,-0.3951578068226301,-0.7271242637062024,GP,0.4833000935835109,0.05956683610435365,3.5234651085009284e+22,3.5234651085009284e+22
2.33,1.242,catalog,0.24,595.0,20.951916667793355,541.4725288577177,0.01848,catalog,7631915534.835667,59617404.93844854,Selsis,-0.35022107281115233,-0.6553476500687065,GP,0.1795238762846446,0.23171931036475568,1.0866486777422473e+23,1.0866486777422473e+23
2.33,1.242,catalog,0.24,595.0,20.951916667793355,1880.7906411670194,0.01848,catalog,2940804161.212827,62775308.22766649,Selsis,-0.37615958402033983,-0.7957299168592761,GP,0.09337234906062745,0.6509632424054914,8.20308285921528e+22,8.20308285921528e+22
2.33,1.242,catalog,0.24,595.0,20.951916667793355,701.1745371402337,0.01848,catalog,3487800205.092695,58302535.65179836,Jackson,-0.45662015276072565,-0.642217402430998,linear,0.06586234203642848,0.027169062054803295,3.5340592863914268e+22,3.5340592863914268e+22
2.33,1.242,catalog,0.24,595.0,20.951916667793355,3123.3466481763844,0.01848,catalog,2052770977.2918575,15685859.9938751,Selsis,-0.3996685027533356,-0.6590678707962045,log,0.0874205043321565,0.2517322038092963,5.344969859820241e+22,5.344969859820241e+22
2.33,1.242,catalog,0.24,595.0,20.951916667793355,495.20231479368687,0.01848,catalog,4861667734.700073,51405967.795561954,Jackson,-0.4756036179510384,-0.7832322558159763,log,0.053012976882740266,0.6053607728590681,4.023121915385765e+22,4.023121915385765e+22
2.33,1.242,catalog,0.24,595.0,20.951916667793355,1509.112618013484,0.01848,catalog,3449210592.957728,22139630.695240993,Selsis,-0.39960457567590246,-0.6108365130658922,log,0.06960994828942152,0.8224625163114233,1.0288243660222707e+23,1.0288243660222707e+23
2.33,1.242,catalog,0.24,595.0,20.951916667793355,690.8889912688012,0.01848,catalog,6269407560.71931,50326415.84425448,Selsis,-0.40333139434006504,-0.6025637123807508,GP,0.1623329764663552,0.6911760119495132,1.2629462430208665e+23,1.2629462430208665e+23
2.33,1.242,catalog,0.24,595.0,20.951916667793355,1090.9779712708635,0.01848,catalog,4394183938.266844,13944143.092170382,Selsis,-0.34636840709982913,-0.6646134087086878,linear,0.050616061063756185,0.6118133307011356,1.2261488554463416e+23,1.2261488554463416e+23
2.33,1.242,catalog,0.24,595.0,20.951916667793355,1085.1891753343098,0.01848,catalog,4411906420.918318,57292592.27544807,Selsis,-0.4407259147047038,-0.6591803273310864,GP,0.06236156141149464,0.17481931294323172,6.95620506002121e+22,6.95620506002121e+22
2.33,1.242,catalog,0.24,595.0,20.951916667793355,463.57475573898625,0.01848,catalog,5184760066.433912,78224530.97478473,Jackson,-0.41353658927216463,-0.7002266505832918,GP,0.056097108269123334,0.7810447471600123,5.032249632971524e+22,5.032249632971524e+22
2.33,1.242,catalog,0.24,595.0,20.951916667793355,5581.486418647823,0.01848,catalog,1285964347.8473985,90256970.27848484,Selsis,-0.4094510513499435,-0.7983061971918407,log,0.16828241817280132,0.2718534871969869,3.3558382594184423e+22,3.3558382594184423e+22
2.33,1.242,catalog,0.24,595.0,20.951916667793355,2942.1837802105165,0.01848,catalog,2140503633.984308,86279177.4821443,Selsis,-0.4622251398305589,-0.6942258030663045,linear,0.05290110739027094,0.7548446340121427,5.793165511223454e+22,5.793165511223454e+22
2.33,1.242,catalog,0.24,595.0,20.951916667793355,800.5839236760711,0.01848,catalog,3083689062.5505457,18768686.447309446,Jackson,-0.338846105873903,-0.6208619865051387,log,0.16099267983243226,0.3623098957473888,6.293024393322534e+22,6.293024393322534e+22
2.33,1.242,catalog,0.24,595.0,20.951916667793355,661.5100643375984,0.01848,catalog,6490964727.272165,45623271.35282727,Selsis,-0.3527581666499175,-0.6754563637133522,linear,0.20476562707355955,0.4446006769156554,1.2600354662347552e+23,1.2600354662347552e+23
2.33,1.242,catalog,0.24,595.0,20.951916667793355,2584.236021932578,0.01848,catalog,1096525383.757656,1612416.4379214223,Jackson,-0.41183001151446047,-0.6071208093071911,log,0.08388136138535263,0.8951923449934416,4.795785247179835e+22,4.795785247179835e+22
2.33,1.242,catalog,0.24,595.0,20.951916667793355,1912.9106626318228,0.01848,catalog,2905240904.886785,38514553.02738932,Selsis,-0.4651516044410258,-0.612120314679749,log,0.418150490494292,0.16727089977087162,5.817285224493749e+22,5.817285224493749e+22
2.33,1.242,catalog,0.24,595.0,20.951916667793355,922.5980920196639,0.01848,catalog,4992821861.383968,53932344.23115885,Selsis,-0.32677821338141905,-0.7459059133261263,log,0.4762613114361677,0.6070057151028019,1.325154034953967e+23,1.325154034953967e+23
2.33,1.242,catalog,0.24,595.0,20.951916667793355,1127.1219005630576,0.01848,catalog,4287315825.9674273,73747549.89880633,Selsis,-0.347554855035055,-0.6553146149860947,log,0.42001372268463505,0.7949714530283317,1.1895329765303091e+23,1.1895329765303091e+23
2.33,1.242,catalog,0.24,595.0,20.951916667793355,357.52433966022176,0.01848,catalog,6709242286.802061,28348192.86888242,Jackson,-0.3538781219527715,-0.6605152735167789,GP,0.4008710506414935,0.23090061927349503,5.896544059879726e+22,5.896544059879726e+22
2.33,1.242,catalog,0.24,595.0,20.951916667793355,701.2277445564554,0.01848,catalog,3487552950.0975986,41327832.21836021,Jackson,-0.2919758947798762,-0.6000757849254674,GP,0.06016590361921427,0.4007590515631977,8.38198015386961e+22,8.38198015386961e+22
2.33,1.242,catalog,0.24,595.0,20.951916667793355,2551.625041870471,0.01848,catalog,2366416073.395786,86742388.60620071,Selsis,-0.32321618670909413,-0.7314302479426787,log,0.10585890852569672,0.30715753934853607,6.775092645654991e+22,6.775092645654991e+22
2.33,1.242,catalog,0.24,595.0,20.951916667793355,1439.6340530605862,0.01848,catalog,3570781463.092496,65979457.8991539,Selsis,-0.30228025340628456,-0.7813258209668504,linear,0.09069081204538015,0.7544803991426441,1.402963636989804e+23,1.402963636989804e+23
2.33,1.242,catalog,0.24,595.0,20.951916667793355,872.8177601523082,0.01848,catalog,2848098565.672224,56754200.63151135,Jackson,-0.3326947482485675,-0.7830433069213232,GP,0.07828412157871936,0.6142234475191402,6.695371166592489e+22,6.695371166592489e+22
2.33,1.242,catalog,0.24,595.0,20.951916667793355,2026.9118896605787,0.01848,catalog,2787169057.1148868,50191187.99959197,Selsis,-0.33599319996879606,-0.6982876694698349,GP,0.19144323793631587,0.4822780003806859,9.968418991002659e+22,9.968418991002659e+22
2.33,1.242,catalog,0.24,595.0,20.951916667793355,1191.082627690383,0.01848,catalog,4112830004.003308,51714236.746442504,Selsis,-0.33315139539120564,-0.6395099276448101,log,0.34230763848754203,0.853923985448464,1.3237191448684734e+23,1.3237191448684734e+23
2.33,1.242,catalog,0.24,595.0,20.951916667793355,2074.317435411361,0.01848,catalog,2741485269.805293,30812092.646321353,Selsis,-0.29201213772023427,-0.6901810853385617,linear,0.36514154607675603,0.3107649787165614,8.208458543364799e+22,8.208458543364799e+22
2.33,1.242,catalog,0.24,595.0,20.951916667793355,3496.926256545256,0.01848,catalog,1897319503.834504,7400074.77205916,Selsis,-0.3845031536102484,-0.6018377721466542,log,0.08323297432104756,0.20781708649042563,4.5770220139271546e+22,4.5770220139271546e+22
2.33,1.242,catalog,0.24,595.0,20.951916667793355,2790.6753926871734,0.01848,catalog,1027513995.8782974,58343458.187991776,Jackson,-0.40969056600696935,-0.6338632191818631,log,0.11817305135710476,0.7843689936154026,3.768729593225719e+22,3.768729593225719e+22
2.33,1.242,catalog,0.24,595.0,20.951916667793355,587.8191473753312,0.01848,catalog,4121457747.2100034,87509960.30350871,Jackson,-0.2885371596986857,-0.6063100868332855,GP,0.31411488430228096,0.3252507647238133,8.261917495447255e+22,8.261917495447255e+22
2.33,1.242,catalog,0.24,595.0,20.951916667793355,2427.320623996011,0.01848,catalog,2451651192.7306304,99735665.80940434,Selsis,-0.2868387965696006,-0.7803727836138353,GP,0.29595321778515177,0.40589127646905443,8.784649562692917e+22,8.784649562692917e+22
2.33,1.242,catalog,0.24,595.0,20.951916667793355,399.18580008506814,0.01848,catalog,6008578658.986259,10446138.61953493,Jackson,-0.3080674324912219,-0.7806954435988471,log,0.3716676980370316,0.5520566242258291,9.065637323280124e+22,9.065637323280124e+22
2.33,1.242,catalog,0.24,595.0,20.951916667793355,567.9035738577255,0.01848,catalog,4259625885.8696527,21084641.145184357,Jackson,-0.37357187388091273,-0.6132980775078936,GP,0.0623227373082826,0.9838295810210251,8.177100926128731e+22,8.177100926128731e+22
2.33,1.242,catalog,0.24,595.0,20.951916667793355,374.7609633414325,0.01848,catalog,6399354609.978696,70765943.28318633,Jackson,-0.36211944264876117,-0.7299344098077644,GP,0.06506788884549723,0.3469244146560061,5.377984658797702e+22,5.377984658797702e+22
2.33,1.242,catalog,0.24,595.0,20.951916667793355,1040.3083788473073,0.01848,catalog,2427643068.4851217,56095444.67104255,Jackson,-0.4012776355261715,-0.7873548004609696,GP,0.28698754939245924,0.6369710739642909,4.685629052750825e+22,4.685629052750825e+22
2.33,1.242,catalog,0.24,595.0,20.951916667793355,561.4832779880793,0.01848,catalog,4306318842.38099,87118193.3699196,Jackson,-0.45367588300072337,-0.7433527434698392,log,0.26580179477671806,0.9139111537983925,4.122329629985831e+22,4.122329629985831e+22
2.33,1.242,catalog,0.24,595.0,20.951916667793355,395.2691270467701,0.01848,catalog,9911531482.210539,36632651.68035833,Selsis,-0.47775843862534,-0.7734092641168517,log,0.33565069991952196,0.2772228183716374,7.2551050983435254e+22,7.2551050983435254e+22
2.33,1.242,catalog,0.24,595.0,20.951916667793355,2874.4352277044286,0.01848,catalog,2175799351.3741097,58044016.03265759,Selsis,-0.497282045907197,-0.6387694700655604,linear,0.4426281148929073,0.790660312582974,6.3321436411595174e+22,6.3321436411595174e+22
2.33,1.242,catalog,0.24,595.0,20.951916667793355,255.82063190262735,0.01848,catalog,9465049700.061163,90883729.85818306,Jackson,-0.45315266244292945,-0.6112978956152919,GP,0.4750968324102759,0.7375438961738506,6.152869617978648e+22,6.152869617978648e+22
2.33,1.242,catalog,0.24,595.0,20.951916667793355,3581.1942387981258,0.01848,catalog,1866205008.6445289,67047493.28361488,Selsis,-0.3815493358243124,-0.6408369507367978,log,0.15897674744685697,0.7762520458994817,7.002631137583896e+22,7.002631137583896e+22
2.33,1.242,catalog,0.24,595.0,20.951916667793355,3499.707478480349,0.01848,catalog,1896271697.81543,22928334.527337074,Selsis,-0.301676781554866,-0.7767324764524127,GP,0.3327084620587892,0.8130556828681049,1.0629770946816994e+23,1.0629770946816994e+23
2.33,1.242,catalog,0.24,595.0,20.951916667793355,801.6167343207818,0.01848,catalog,5572954198.4679,77696218.35470662,Selsis,-0.40860415110668347,-0.6539449023719616,log,0.12176959258483532,0.44302435862405154,1.0129393788478713e+23,1.0129393788478713e+23
2.33,1.242,catalog,0.24,595.0,20.951916667793355,353.55146587050876,0.01848,catalog,10897454383.817028,15495350.28499075,Selsis,-0.359011903071638,-0.7966290241813241,log,0.35637197610919424,0.13473215985074471,8.30625316970392e+22,8.30625316970392e+22
2.33,1.242,catalog,0.24,595.0,20.951916667793355,668.9528341470728,0.01848,catalog,6433093979.82522,11504814.629434813,Selsis,-0.3982284061693366,-0.7414759529185269,linear,0.2695633918832786,0.5175466521512455,9.832428173953772e+22,9.832428173953772e+22
2.33,1.242,catalog,0.24,595.0,20.951916667793355,5594.612190713159,0.01848,catalog,963474729.7396245,34620669.32622822,Selsis,-0.49699182071841075,-0.7783177045614926,log,0.17732600496455597,0.18004060067204974,2.110137276688403e+22,2.110137276688403e+22
2.33,1.242,catalog,0.24,595.0,20.951916667793355,1504.3302377912305,0.01848,catalog,1748244693.3105848,49617476.1906451,Jackson,-0.40592867745643463,-0.6266091330323214,linear,0.11290842920360061,0.14569980212696754,3.0977431610626752e+22,3.0977431610626752e+22
2.33,1.242,catalog,0.24,595.0,20.951916667793355,481.95116411605915,0.01848,catalog,4991716996.373817,68989282.00664131,Jackson,-0.4184157398934081,-0.7402020931997462,log,0.3457963779177008,0.47807453753103923,4.6251952198282e+22,4.6251952198282e+22
2.33,1.242,catalog,0.24,595.0,20.951916667793355,575.7503137484164,0.01848,catalog,7259849525.588129,79092897.26091143,Selsis,-0.43035948444198097,-0.6174725496333675,GP,0.2822204869802572,0.2671756497758254,1.0070458967161709e+23,1.0070458967161709e+23
2.33,1.242,catalog,0.24,595.0,20.951916667793355,701.1129901185038,0.01848,catalog,3488086261.641601,64510029.425570406,Jackson,-0.43273645419832607,-0.7985424399292308,GP,0.1982599115979161,0.39244267093398366,4.086237063330958e+22,4.086237063330958e+22
2.33,1.242,catalog,0.24,595.0,20.951916667793355,514.9857337260676,0.01848,catalog,4680410389.456198,75189331.89202714,Jackson,-0.46648580650213267,-0.7049617116196616,log,0.18857856444973278,0.19334306381065225,3.405034686589926e+22,3.405034686589926e+22
2.33,1.242,catalog,0.24,595.0,20.951916667793355,1496.7434394210466,0.01848,catalog,3469995868.925205,99856679.40249673,Selsis,-0.3716160896355623,-0.6138149084710313,linear,0.07218210945681176,0.851448711599575,1.0510779337419538e+23,1.0510779337419538e+23
2.33,1.242,catalog,0.24,595.0,20.951916667793355,1355.668157869759,0.01848,catalog,3733612171.500302,3694484.7128357007,Selsis,-0.3232884965316934,-0.7479194393506223,GP,0.17626828032915953,0.7286351945945417,1.277409977225241e+23,1.277409977225241e+23
2.33,1.242,catalog,0.24,595.0,20.951916667793355,626.6437911028353,0.01848,catalog,6779392428.862598,86251037.78099184,Selsis,-0.31675870876820195,-0.688962682650814,GP,0.07561022614494543,0.6333155802694088,1.5884984389049126e+23,1.5884984389049126e+23
2.33,1.242,catalog,0.24,595.0,20.951916667793355,359.66232833290735,0.01848,catalog,6669091131.543469,56048498.67357544,Jackson,-0.44093924620975095,-0.7444745124976684,log,0.07670220615323275,0.10188630341494842,3.1222606063041094e+22,3.1222606063041094e+22
2.33,1.242,catalog,0.24,595.0,20.951916667793355,539.6452039197786,0.01848,catalog,4473722073.796175,39605249.61035595,Jackson,-0.43686347902772293,-0.7750125950742321,GP,0.1312073730005211,0.31512371312067955,3.884642589996633e+22,3.884642589996633e+22
2.33,1.242,catalog,0.24,595.0,20.951916667793355,2698.0328847772003,0.01848,catalog,2274979863.096451,17938948.635229576,Selsis,-0.4374833136274031,-0.6278061391166443,log,0.40953927432626935,0.630341918287077,7.401244265309153e+22,7.401244265309153e+22
2.33,1.242,catalog,0.24,595.0,20.951916667793355,1696.899512112234,0.01848,catalog,3167378330.0732927,99112769.01422806,Selsis,-0.46462251705385066,-0.7666786400861253,log,0.17997854928980725,0.2024409914936447,5.694682852270981e+22,5.694682852270981e+22
2.33,1.242,catalog,0.24,595.0,20.951916667793355,936.6281280459038,0.01848,catalog,4935188152.196121,61416440.67584933,Selsis,-0.3626940209424731,-0.6907385714609074,GP,0.21194526759439922,0.8358660171630117,1.113949114548424e+23,1.113949114548424e+23
2.33,1.242,catalog,0.24,595.0,20.951916667793355,5603.760217081808,0.01848,catalog,1238112169.011019,62498579.096350044,Selsis,-0.46777116060108415,-0.6906586159304003,linear,0.16578392315007312,0.8753993021528074,3.799257508820647e+22,3.799257508820647e+22
2.33,1.242,catalog,0.24,595.0,20.951916667793355,538.368865534631,0.01848,catalog,4483939770.681733,16300612.377754416,Jackson,-0.4124078831424551,-0.7971729099583377,log,0.10009951074068764,0.5583557557443309,4.891871474014226e+22,4.891871474014226e+22
2.33,1.242,catalog,0.24,595.0,20.951916667793355,976.6038795203351,0.01848,catalog,4779959924.47086,82367268.61114962,Selsis,-0.3806136729961217,-0.6255175513267335,GP,0.07520176739522585,0.13232576197442159,7.643896774665348e+22,7.643896774665348e+22
2.33,1.242,catalog,0.24,595.0,20.951916667793355,537.6667570385732,0.01848,catalog,4489581849.432483,49469448.01357341,Jackson,-0.35099888897601705,-0.782704822814275,log,0.4492206178430867,0.21939612766749694,4.955628661082963e+22,4.955628661082963e+22
2.33,1.242,catalog,0.24,595.0,20.951916667793355,1368.3202010655189,0.01848,catalog,3707916332.616185,12215839.827138757,Selsis,-0.28718654744154,-0.7296304269707854,GP,0.13006183690859166,0.02075269596015128,5.817978189316447e+22,5.817978189316447e+22
2.33,1.242,catalog,0.24,595.0,20.951916667793355,734.9470868219081,0.01848,catalog,3338138860.3947988,7823160.147163586,Jackson,-0.3202294603883064,-0.7515567543819235,log,0.1639267970749667,0.285472216951981,5.814436983685716e+22,5.814436983685716e+22
2.33,1.242,catalog,0.24,595.0,20.951916667793355,941.9285096604056,0.01848,catalog,4913906393.392805,98231133.10604182,Selsis,-0.41336350738021216,-0.7778698008242146,log,0.10486004345958198,0.8106512383984085,8.430763978067784e+22,8.430763978067784e+22
2.33,1.242,catalog,0.24,595.0,20.951916667793355,2019.4766122587996,0.01848,catalog,2794507223.6333246,2379695.644504257,Selsis,-0.3176858975335568,-0.7065254954923533,log,0.1657617680673248,0.3013058737270967,7.944767867184337e+22,7.944767867184337e+22
2.33,1.242,catalog,0.24,595.0,20.951916667793355,514.6308429022658,0.01848,catalog,7956371855.553643,87161592.93833224,Selsis,-0.43825123305598324,-0.6357840810585375,linear,0.4333754404473335,0.8142671760005213,1.0452066929801127e+23,1.0452066929801127e+23
2.33,1.242,catalog,0.24,595.0,20.951916667793355,2987.3029441375206,0.01848,catalog,970246612.9354424,13430144.06517234,Jackson,-0.3506909819144886,-0.6102964519941201,GP,0.2615506592038491,0.8611360864810667,5.186361716318482e+22,5.186361716318482e+22
2.33,1.242,catalog,0.24,595.0,20.951916667793355,303.28224112408424,0.01848,catalog,7931480607.81344,69648543.31433028,Jackson,-0.4546536359362897,-0.7973698016955452,GP,0.28425148876204137,0.8565104185288731,4.057649378346014e+22,4.057649378346014e+22
2.33,1.242,catalog,0.24,595.0,20.951916667793355,294.9804802941753,0.01848,catalog,8161307905.922468,22357231.24884306,Jackson,-0.4039040996581589,-0.6030807557349727,log,0.3623048232623489,0.8314882281161777,8.096070847171198e+22,8.096070847171198e+22
2.33,1.242,catalog,0.24,595.0,20.951916667793355,462.4395836632697,0.01848,catalog,5197209546.227608,54202412.02042757,Jackson,-0.36490015604975296,-0.663585624915318,linear,0.41111003705504234,0.1954691584806617,5.2812183294994266e+22,5.2812183294994266e+22
2.33,1.242,catalog,0.24,595.0,20.951916667793355,363.4094422342742,0.01848,catalog,6599930302.025332,4105237.1860359446,Jackson,-0.3213918384179065,-0.7197907536597483,linear,0.2889106529626594,0.613258108785085,9.022111604822697e+22,9.022111604822697e+22
2.33,1.242,catalog,0.24,595.0,20.951916667793355,683.8688230245548,0.01848,catalog,3570586218.551585,84603998.27219465,Jackson,-0.29515705748348253,-0.6983935302831734,GP,0.2629701646827701,0.42477366446380893,7.568411470293925e+22,7.568411470293925e+22
2.33,1.242,catalog,0.24,595.0,20.951916667793355,1165.9010717065742,0.01848,catalog,2191301469.6998715,26292039.830443595,Jackson,-0.28445894393336896,-0.712858833699966,GP,0.45444709292130636,0.22451577103365805,4.978232597647438e+22,4.978232597647438e+22
2.33,1.242,catalog,0.24,595.0,20.951916667793355,737.9601722677872,0.01848,catalog,3325458911.781878,78165974.10220525,Jackson,-0.31378913140418346,-0.7504368130023926,log,0.08907734888896092,0.9198661397362787,8.100408542559733e+22,8.100408542559733e+22
2.33,1.242,catalog,0.24,595.0,20.951916667793355,623.5095455061441,0.01848,catalog,6806819564.471548,87650742.5687899,Selsis,-0.45778039450627633,-0.6174387144172129,log,0.22707183403967376,0.9637755501592777,1.0800505650901312e+23,1.0800505650901312e+23
2.33,1.242,catalog,0.24,595.0,20.951916667793355,569.7279422565177,0.01848,catalog,4246555444.4481535,47770962.808688894,Jackson,-0.312872009023589,-0.7842237937958672,GP,0.09902418546021656,0.37631016194305644,6.968525435800136e+22,6.968525435800136e+22
2.33,1.242,catalog,0.24,595.0,20.951916667793355,583.3184531054452,0.01848,catalog,7183345362.176786,96248851.39130612,Selsis,-0.37116915244741305,-0.7051413502127489,GP,0.08403664060765068,0.841219793415305,1.1314140113308868e+23,1.1314140113308868e+23
2.33,1.242,catalog,0.24,595.0,20.951916667793355,379.9222135758571,0.01848,catalog,6312351583.243706,64808949.3355116,Jackson,-0.4178022415789601,-0.6279047688401198,log,0.07014588343296413,0.993195306454006,6.352300710704101e+22,6.352300710704101e+22
2.33,1.242,catalog,0.24,595.0,20.951916667793355,1146.8727589696903,0.01848,catalog,2223822827.3938217,20872035.107611712,Jackson,-0.4333538067086864,-0.7187487288538142,GP,0.17223495753765933,0.9471862210271133,4.747644363106379e+22,4.747644363106379e+22
2.33,1.242,catalog,0.24,595.0,20.951916667793355,361.76518493237023,0.01848,catalog,6630091241.401086,44167660.33595976,Jackson,-0.3412996695487107,-0.7452329664766404,linear,0.2410504805152168,0.2588294543850136,5.624890447643272e+22,5.624890447643272e+22
2.33,1.242,catalog,0.24,595.0,20.951916667793355,5731.058037027823,0.01848,catalog,258471850.1904784,29543437.07212209,Selsis,-0.4053107692254891,-0.7191583918003399,GP,0.11625768811750228,0.02239867717322408,3.617603790270073e+21,3.617603790270073e+21
2.33,1.242,catalog,0.24,595.0,20.951916667793355,231.98670938782976,0.01848,catalog,10496044998.945978,74235203.57787,Jackson,-0.31005758803169214,-0.6117885946528617,linear,0.08748129804868507,0.18850870798799813,8.719386721598092e+22,8.719386721598092e+22
2.33,1.242,catalog,0.24,595.0,20.951916667793355,2401.541693722021,0.01848,catalog,2470302392.719661,81788434.46213986,Selsis,-0.29189741033683414,-0.676965433301776,log,0.1726202620062737,0.17546456269982225,5.369266634595582e+22,5.369266634595582e+22
2.33,1.242,catalog,0.24,595.0,20.951916667793355,2159.0359458148255,0.01848,catalog,2664302289.258384,12090002.804952001,Selsis,-0.30409034181874833,-0.7701547700284315,log,0.10967852511451247,0.268467596267262,7.279605271914539e+22,7.279605271914539e+22
2.33,1.242,catalog,0.24,595.0,20.951916667793355,891.5832912705508,0.01848,catalog,2793150589.054901,21863121.575555254,Jackson,-0.3979078398750749,-0.6473622789641553,log,0.08015603356217861,0.3759949641514251,5.035242562368227e+22,5.035242562368227e+22
2.33,1.242,catalog,0.24,595.0,20.951916667793355,257.57764842559095,0.01848,catalog,9397283829.412283,5031729.684929062,Jackson,-0.3057800645828973,-0.7963779713569041,GP,0.0719040927069195,0.8077684613282017,1.0415032312598948e+23,1.0415032312598948e+23
2.33,1.242,catalog,0.24,595.0,20.951916667793355,499.65185246191237,0.01848,catalog,4819602202.820822,69741462.21481237,Jackson,-0.36831914808191335,-0.7622023515593792,GP,0.1549259988278779,0.34682349598603746,5.060272550523099e+22,5.060272550523099e+22
2.33,1.242,catalog,0.24,595.0,20.951916667793355,2212.998551873192,0.01848,catalog,2617884707.1266174,63665852.76437419,Selsis,-0.4594789544203644,-0.6778395592088027,linear,0.12999066918700747,0.9015056745905055,6.722183724575708e+22,6.722183724575708e+22
2.33,1.242,catalog,0.24,595.0,20.951916667793355,927.0142022163235,0.01848,catalog,2695463396.691652,24243244.946277224,Jackson,-0.4806084012046531,-0.7832402134211115,GP,0.09387944890007076,0.6811982198796521,4.203691308017476e+22,4.203691308017476e+22
2.33,1.242,catalog,0.24,595.0,20.951916667793355,595.855343737199,0.01848,catalog,7060699080.651276,64417083.210366525,Selsis,-0.49017717614392775,-0.7931489708908347,GP,0.10219260466228887,0.08496871477127776,5.48955468861122e+22,5.48955468861122e+22
2.33,1.242,catalog,0.24,595.0,20.951916667793355,1664.1103368966264,0.01848,catalog,1600534557.9805772,44298473.602372654,Jackson,-0.4908819894957414,-0.6751519183428891,linear,0.14085638275204693,0.9845335379862273,3.878106430314957e+22,3.878106430314957e+22
2.33,1.242,catalog,0.24,595.0,20.951916667793355,686.8746045006532,0.01848,catalog,6298622893.334744,70003018.4637211,Selsis,-0.3202649339418557,-0.6025465215591501,linear,0.08492559733452124,0.2775722826377056,1.2492689329620268e+23,1.2492689329620268e+23
2.33,1.242,catalog,0.24,595.0,20.951916667793355,773.5353647763628,0.01848,catalog,5731793951.871961,81932660.33678609,Selsis,-0.4709216536961065,-0.7753388059722899,linear,0.1370163129669205,0.7037681838823271,7.402358795081949e+22,7.402358795081949e+22
2.33,1.242,catalog,0.24,595.0,20.951916667793355,1877.6080808898887,0.01848,catalog,2944386963.6922007,19103358.533991545,Selsis,-0.30490791820428376,-0.6002291504299118,log,0.08139729049421603,0.7951889394714058,1.5098281369139384e+23,1.5098281369139384e+23
2.33,1.242,catalog,0.24,595.0,20.951916667793355,1136.3297620849419,0.01848,catalog,4261088867.668147,65477997.012722224,Selsis,-0.4353877214492076,-0.6995271222085825,linear,0.20801954328315295,0.3745352496500204,8.1401134554254e+22,8.1401134554254e+22
2.33,1.242,catalog,0.24,595.0,20.951916667793355,364.8829706623684,0.01848,catalog,6573146107.826774,59859992.91329447,Jackson,-0.2816239296109762,-0.6367757663835226,linear,0.3774964535407365,0.8856718498999112,1.4176582836653862e+23,1.4176582836653862e+23
2.33,1.242,catalog,0.24,595.0,20.951916667793355,3401.3280543471574,0.01848,catalog,1934244672.061712,40686740.41375815,Selsis,-0.4037081407716176,-0.6782749002870844,GP,0.16153395987974825,0.8098111060995811,6.5398046573975986e+22,6.5398046573975986e+22
2.33,1.242,catalog,0.24,595.0,20.951916667793355,255.36070231964848,0.01848,catalog,9482956772.251612,36568107.74439174,Jackson,-0.4667855151725218,-0.722593519847002,GP,0.38684470796563886,0.7700755316600612,4.485046503196107e+22,4.485046503196107e+22
2.33,1.242,catalog,0.24,595.0,20.951916667793355,2942.1338243110054,0.01848,catalog,2140529132.783335,96782778.16853242,Selsis,-0.4499316994667001,-0.7744993683609491,log,0.4198046401120822,0.8841713271597225,5.5675565455758305e+22,5.5675565455758305e+22
2.33,1.242,catalog,0.24,595.0,20.951916667793355,488.4441759184879,0.01848,catalog,4927082232.953862,5848963.115118851,Jackson,-0.4529904000106299,-0.6728692291222422,linear,0.15086740318588715,0.3462952639351323,4.548872174364922e+22,4.548872174364922e+22
2.33,1.242,catalog,0.24,595.0,20.951916667793355,476.87483789250723,0.01848,catalog,5043495310.651217,66524005.951830216,Jackson,-0.4642165787619439,-0.6087770245472262,linear,0.07122397527336019,0.7295278165968074,6.301123501260028e+22,6.301123501260028e+22
2.33,1.242,catalog,0.24,595.0,20.951916667793355,3065.82308513382,0.01848,catalog,2079640383.964541,87141968.74339965,Selsis,-0.3248828925555425,-0.739778964218251,linear,0.11608459899573265,0.490549777566994,8.533644029186829e+22,8.533644029186829e+22
2.33,1.242,catalog,0.24,595.0,20.951916667793355,1815.5524194261084,0.01848,catalog,1483869753.767293,92002853.23348807,Jackson,-0.46855374852465925,-0.7105256568408852,GP,0.07722315748740818,0.6919577648802191,3.3721522779499457e+22,3.3721522779499457e+22
2.33,1.242,catalog,0.24,595.0,20.951916667793355,755.6485542683347,0.01848,catalog,5838741772.192377,71588129.96204382,Selsis,-0.3932862593482067,-0.7052573351349701,linear,0.05427886698786352,0.7381281060584132,1.0076535230274511e+23,1.0076535230274511e+23
2.33,1.242,catalog,0.24,595.0,20.951916667793355,757.9471088770296,0.01848,catalog,3243922808.9644647,40743819.12546275,Jackson,-0.31944344974710587,-0.7777315611268966,linear,0.06635313833207701,0.6344410530189254,7.715498634889389e+22,7.715498634889389e+22
2.33,1.242,catalog,0.24,595.0,20.951916667793355,913.9429876803138,0.01848,catalog,5029550275.158249,6435340.356561529,Selsis,-0.367296731374969,-0.7960044724299119,GP,0.24147772484671143,0.8462470671374179,1.086245500590706e+23,1.086245500590706e+23
2.33,1.242,catalog,0.24,595.0,20.951916667793355,2113.6177280031375,0.01848,catalog,1301598887.0652206,66286143.537174255,Jackson,-0.33484243309176703,-0.6185690886016607,GP,0.31367909796252413,0.24115065650331402,3.1648806805886432e+22,3.1648806805886432e+22
2.33,1.242,catalog,0.24,595.0,20.951916667793355,389.2473478064259,0.01848,catalog,6161336871.100894,76905392.86478454,Jackson,-0.475964344517396,-0.6576361264809676,GP,0.21786544700527785,0.028915144944206772,3.1982939285317273e+22,3.1982939285317273e+22
2.33,1.242,catalog,0.24,595.0,20.951916667793355,385.0729160481026,0.01848,catalog,6227983710.660995,31817318.189092584,Jackson,-0.3177957378847038,-0.6025469088020866,linear,0.11038624605780335,0.6620823269800675,1.1424359607887581e+23,1.1424359607887581e+23
2.33,1.242,catalog,0.24,595.0,20.951916667793355,782.9210289239488,0.01848,catalog,3147937411.557184,46048323.06004491,Jackson,-0.3684783417888267,-0.6171777147315151,GP,0.07875525834355912,0.06548607689626185,4.230651636598646e+22,4.230651636598646e+22
2.33,1.242,catalog,0.24,595.0,20.951916667793355,984.9693671607236,0.01848,catalog,2550779597.4201756,16830908.6320946,Jackson,-0.4990110168178289,-0.6168743361464071,linear,0.12410361548101873,0.2548331296557661,4.123134915000727e+22,4.123134915000727e+22
2.33,1.242,catalog,0.24,595.0,20.951916667793355,5601.59752019197,0.01848,catalog,1116921707.4954383,18836939.81871221,Selsis,-0.31893506724869136,-0.7655294056166417,GP,0.09705776286461974,0.17391753280231093,2.4596653603793916e+22,2.4596653603793916e+22
2.33,1.242,catalog,0.24,595.0,20.951916667793355,1002.4599929741705,0.01848,catalog,2510384791.0530186,77964087.0127203,Jackson,-0.35547720998146126,-0.6922728497569562,log,0.3929160627540036,0.3464026406925511,4.785766863591523e+22,4.785766863591523e+22
2.33,1.242,catalog,0.24,595.0,20.951916667793355,787.8217079561623,0.01848,catalog,3129820913.0525293,26117582.5905729,Jackson,-0.4965311156438514,-0.7199403437522964,log,0.3402035261837467,0.9897325449021569,4.4190937782693336e+22,4.4190937782693336e+22
2.33,1.242,catalog,0.24,595.0,20.951916667793355,1155.3436720254133,0.01848,catalog,2209214750.6956315,62386352.017767586,Jackson,-0.32696021385679114,-0.6728371418629114,log,0.06368975269056257,0.6921307085803929,6.8221134073441345e+22,6.8221134073441345e+22
2.33,1.242,catalog,0.24,595.0,20.951916667793355,5588.854061612258,0.01848,catalog,589734716.6781675,34402003.51952362,Selsis,-0.28276938065470864,-0.6380061804481606,log,0.21605385675728037,0.03621353404312566,9.059191003412034e+21,9.059191003412034e+21
2.33,1.242,catalog,0.24,595.0,20.951916667793355,5539.491330485386,0.01848,catalog,1381875402.9935749,48946754.521931626,Selsis,-0.35704614173085103,-0.6019360875436931,GP,0.14148777097201232,0.9750984871055004,6.68346767738497e+22,6.68346767738497e+22
2.33,1.242,catalog,0.24,595.0,20.951916667793355,490.61380243160517,0.01848,catalog,4905877492.34157,60312493.48759476,Jackson,-0.3137291996343567,-0.7847333642853513,linear,0.2056811548120378,0.9561821354074346,9.141599632238452e+22,9.141599632238452e+22
2.33,1.242,catalog,0.24,595.0,20.951916667793355,1003.41327025399,0.01848,catalog,2508223397.709892,78848054.39977524,Jackson,-0.3107830249037843,-0.6551310811565776,log,0.1540022851954784,0.7141927638194603,7.953719235296429e+22,7.953719235296429e+22
2.33,1.242,catalog,0.24,595.0,20.951916667793355,347.22851365751205,0.01848,catalog,6909967708.669848,31697607.1733285,Jackson,-0.2809985289307966,-0.6454841394958807,log,0.07924099338034292,0.7810173309531401,1.4255302041524992e+23,1.4255302041524992e+23
2.33,1.242,catalog,0.24,595.0,20.951916667793355,1155.9767568323612,0.01848,catalog,2208131474.0311513,16623033.53087798,Jackson,-0.4441499972437903,-0.6408424085774544,log,0.12475424968882656,0.1686446811966017,3.4831825386312e+22,3.4831825386312e+22
2.33,1.242,catalog,0.24,595.0,20.951916667793355,3320.5199302411716,0.01848,catalog,1966903999.1340463,40382674.183199786,Selsis,-0.3947821174276323,-0.7478521018180094,GP,0.4592877847263248,0.5357845759882425,6.388306041756641e+22,6.388306041756641e+22
2.33,1.242,catalog,0.24,595.0,20.951916667793355,1977.273988408295,0.01848,catalog,2837087995.5041633,74850641.73639108,Selsis,-0.4121047651076822,-0.771420530337402,GP,0.25660203547586063,0.4576177954167904,7.072249201342371e+22,7.072249201342371e+22
2.33,1.242,catalog,0.24,595.0,20.951916667793355,490.0800318729889,0.01848,catalog,4911076172.878723,16103543.93340921,Jackson,-0.3460080974243009,-0.7248150905710578,linear,0.057018109574459845,0.6596512168932928,7.50365163611287e+22,7.50365163611287e+22
2.33,1.242,catalog,0.24,595.0,20.951916667793355,324.778483908072,0.01848,catalog,7394842139.82452,4821549.0202331245,Jackson,-0.3604155394899824,-0.7169226755149275,GP,0.1935885838371379,0.7341305837224489,7.072206600517361e+22,7.072206600517361e+22
2.33,1.242,catalog,0.24,595.0,20.951916667793355,419.27593431935435,0.01848,catalog,5723028351.0296955,20167877.837840896,Jackson,-0.4000399482837825,-0.639843815480962,linear,0.07913863560378732,0.2572947325053597,5.2912635194759115e+22,5.2912635194759115e+22
2.33,1.242,catalog,0.24,595.0,20.951916667793355,960.6440365051429,0.01848,catalog,4840500495.830523,98903342.91901205,Selsis,-0.295440864333577,-0.6011238791351262,linear,0.25131388443925934,0.28398106558425773,1.17445109635638e+23,1.17445109635638e+23
2.33,1.242,catalog,0.24,595.0,20.951916667793355,1819.0023555349305,0.01848,catalog,3012359348.2111526,26669104.605207678,Selsis,-0.30139940595370646,-0.626232838283823,linear,0.10088542383844303,0.8744215711070183,1.4965704534816406e+23,1.4965704534816406e+23
2.33,1.242,catalog,0.24,595.0,20.951916667793355,203.91392396215926,0.01848,catalog,12055615116.192938,72721691.31186064,Jackson,-0.47133684794489683,-0.7501739604227435,log,0.3954689520484394,0.27565215426722967,3.4662619114734493e+22,3.4662619114734493e+22
2.33,1.242,catalog,0.24,595.0,20.951916667793355,2326.1277516177897,0.01848,catalog,2526801297.8739853,99736367.52238391,Selsis,-0.40003925780053723,-0.7135920093914598,linear,0.07342943730472386,0.35374300552105853,6.837112510167532e+22,6.837112510167532e+22
2.33,1.242,catalog,0.24,595.0,20.951916667793355,1099.8849913995457,0.01848,catalog,2308882688.1361165,42889236.7437057,Jackson,-0.4984910348321999,-0.6350907852112836,linear,0.3205507565437592,0.706828382195812,4.730554232666849e+22,4.730554232666849e+22
2.33,1.242,catalog,0.24,595.0,20.951916667793355,1049.7566799932617,0.01848,catalog,4524291309.738756,30749331.055330295,Selsis,-0.3705168216109296,-0.716447009453151,GP,0.060381524934327024,0.7165625064197111,1.0447474302308976e+23,1.0447474302308976e+23
2.33,1.242,catalog,0.24,595.0,20.951916667793355,721.453730008252,0.01848,catalog,6057058489.390817,54422053.264583774,Selsis,-0.31013003702992487,-0.7759766373788805,linear,0.1360210146222442,0.3787623157305854,1.2763869126676251e+23,1.2763869126676251e+23
2.33,1.242,catalog,0.24,595.0,20.951916667793355,231.5609823960449,0.01848,catalog,10516586924.143078,90842485.2596584,Jackson,-0.362468154955991,-0.7037100310414323,GP,0.21585336125894947,0.9727317453759354,6.411576564914918e+22,6.411576564914918e+22
2.33,1.242,catalog,0.24,595.0,20.951916667793355,842.5395800919971,0.01848,catalog,2941921073.075554,28686071.69011632,Jackson,-0.4295779482886425,-0.6537019924280887,linear,0.15353854688631563,0.3481986350503862,4.6658608893187594e+22,4.6658608893187594e+22
2.33,1.242,catalog,0.24,595.0,20.951916667793355,793.7291112371751,0.01848,catalog,3108281893.4264946,75028320.80002236,Jackson,-0.29802881040195,-0.641748636306428,linear,0.09973082302994872,0.2621778612866341,6.211684566539799e+22,6.211684566539799e+22
2.33,1.242,catalog,0.24,595.0,20.951916667793355,651.4800374371829,0.01848,catalog,6570933769.55862,40233213.97863005,Selsis,-0.3118482510994269,-0.6475455021453718,linear,0.0878929222537619,0.07795642498639943,9.596644033683501e+22,9.596644033683501e+22
2.33,1.242,catalog,0.24,595.0,20.951916667793355,513.8862292518485,0.01848,catalog,7965836653.86834,39777563.84332596,Selsis,-0.3059947884263159,-0.7576329146967894,linear,0.4893685069825851,0.38969359402842796,1.4467389083125436e+23,1.4467389083125436e+23
2.33,1.242,catalog,0.24,595.0,20.951916667793355,568.6039446895878,0.01848,catalog,4254597963.257277,15126868.539783146,Jackson,-0.3372603262734056,-0.6926729828336806,log,0.12130425508047925,0.6244303699830481,7.97172893618292e+22,7.97172893618292e+22
2.33,1.242,catalog,0.24,595.0,20.951916667793355,5588.854061612263,0.01848,catalog,436271583.79251355,56479556.02857016,Selsis,-0.48096203639586826,-0.771267868000344,log,0.17571473903810603,0.08948030617978753,7.004042543414631e+21,7.004042543414631e+21
2.33,1.242,catalog,0.24,595.0,20.951916667793355,1176.4744490010664,0.01848,catalog,4151149100.755231,7375370.510750338,Selsis,-0.3716798860685228,-0.779590793985467,linear,0.4384695148765099,0.0011013516555027358,5.523022027406745e+22,5.523022027406745e+22
2.33,1.242,catalog,0.24,595.0,20.951916667793355,1486.4545280036598,0.01848,catalog,3487522600.7125173,65478779.30719712,Selsis,-0.3777827585230143,-0.6295526406326988,GP,0.07360273886086408,0.3901989573904723,9.30587600665842e+22,9.30587600665842e+22
2.33,1.242,catalog,0.24,595.0,20.951916667793355,652.5417803972966,0.01848,catalog,3732053003.521866,88558348.44504482,Jackson,-0.2951100879874583,-0.7468957493788843,linear,0.16780938049578487,0.4873046448735737,7.963245386955313e+22,7.963245386955313e+22
2.33,1.242,catalog,0.24,595.0,20.951916667793355,3560.533543411501,0.01848,catalog,1873714408.9283946,29250242.32477294,Selsis,-0.3236272557152676,-0.6561797499922136,GP,0.3405170232509859,0.2719686969216665,5.177994017107909e+22,5.177994017107909e+22
2.33,1.242,catalog,0.24,595.0,20.951916667793355,467.7087626668481,0.01848,catalog,5139954640.13801,46831128.82766097,Jackson,-0.44610116410624323,-0.650022831525494,linear,0.20684174361144872,0.07364274128676418,3.70460783653822e+22,3.70460783653822e+22
2.33,1.242,catalog,0.24,595.0,20.951916667793355,192.3497781100192,0.01848,catalog,12846722473.964043,41193748.16225884,Jackson,-0.3333436623628318,-0.7570929201258013,log,0.10611020360721729,0.7240679615374744,7.937243953523295e+22,7.937243953523295e+22
2.33,1.242,catalog,0.24,595.0,20.951916667793355,506.8823941306138,0.01848,catalog,4752879480.469946,72987391.54121096,Jackson,-0.4172669991879807,-0.7915270779029348,linear,0.35687276592568856,0.33313362332652063,4.019613805436141e+22,4.019613805436141e+22
2.33,1.242,catalog,0.24,595.0,20.951916667793355,1014.1420950022913,0.01848,catalog,2484175927.9090033,82050528.37401287,Jackson,-0.4163866870808168,-0.7328240412039955,log,0.29028633509176327,0.22956530997884295,3.548026124664462e+22,3.548026124664462e+22
2.33,1.242,catalog,0.24,595.0,20.951916667793355,756.5208106553135,0.01848,catalog,3249597402.0976634,37346178.09129467,Jackson,-0.29921391514013324,-0.6988513798716356,GP,0.10309063828872077,0.39276641552722136,7.098765653702798e+22,7.098765653702798e+22
2.33,1.242,catalog,0.24,595.0,20.951916667793355,499.32658568445123,0.01848,catalog,4822650876.545396,68626116.89150737,Jackson,-0.4823713414463329,-0.7277527023389198,log,0.0622368594030735,0.4014876053003219,3.934133341898742e+22,3.934133341898742e+22
2.33,1.242,catalog,0.24,595.0,20.951916667793355,734.6902835221872,0.01848,catalog,5970278902.139489,7331324.7139664395,Selsis,-0.46259195122955915,-0.7388502903540776,GP,0.2129607189199448,0.33097786860521816,7.933361677448204e+22,7.933361677448204e+22
2.33,1.242,catalog,0.24,595.0,20.951916667793355,534.8450559508237,0.01848,catalog,7709118228.522038,58419786.377354674,Selsis,-0.4088027713674811,-0.7945419996718375,log,0.44795550090127956,0.7493742793544266,8.882003818013454e+22,8.882003818013454e+22
2.33,1.242,catalog,0.24,595.0,20.951916667793355,646.5260277367867,0.01848,catalog,3764886895.8097425,50168787.24100053,Jackson,-0.40238090118623826,-0.685165847092856,linear,0.4733747767840731,0.7107452552838841,5.648117663055533e+22,5.648117663055533e+22
2.33,1.242,catalog,0.24,595.0,20.951916667793355,270.5308262284645,0.01848,catalog,8927211851.815676,5355406.881713831,Jackson,-0.3001036975210943,-0.7054435083020291,linear,0.3570809922441521,0.035944468277919084,6.469284801656952e+22,6.469284801656952e+22
2.33,1.242,catalog,0.24,595.0,20.951916667793355,472.3796520305153,0.01848,catalog,8538818314.706078,86345729.01097956,Selsis,-0.36071227136457834,-0.620153243915264,log,0.13641789978570892,0.3510899047091741,1.3036011473082507e+23,1.3036011473082507e+23
2.33,1.242,catalog,0.24,595.0,20.951916667793355,839.817781291302,0.01848,catalog,5372907948.431998,44182842.49072217,Selsis,-0.3740874619496027,-0.77312140495061,linear,0.19518618136035612,0.5705808325824777,1.0335984569351042e+23,1.0335984569351042e+23
2.33,1.242,catalog,0.24,595.0,20.951916667793355,316.85104053419803,0.01848,catalog,7583655162.745034,82206734.13144241,Jackson,-0.34222726213186816,-0.6995174612686264,linear,0.21584616839762516,0.8334807139376553,7.544915323600676e+22,7.544915323600676e+22
2.33,1.242,catalog,0.24,595.0,20.951916667793355,1118.6117829302452,0.01848,catalog,4311907280.828706,44025951.93480705,Selsis,-0.48544469114702027,-0.6945572312804772,log,0.062420368842783215,0.31749411577676756,7.643436756007359e+22,7.643436756007359e+22
2.33,1.242,catalog,0.24,595.0,20.951916667793355,5591.865428126165,0.01848,catalog,319943404.00987506,33245751.995692715,Selsis,-0.3838811095440871,-0.6985508133686182,linear,0.1576423950725788,0.027671169119151018,4.585829780656704e+21,4.585829780656704e+21
2.33,1.242,catalog,0.24,595.0,20.951916667793355,1445.1932762673018,0.01848,catalog,3560608318.207661,46507239.07035472,Selsis,-0.3491875864976718,-0.7856214198737459,linear,0.07136328919067143,0.8466251015257029,1.0294445974723961e+23,1.0294445974723961e+23
2.33,1.242,catalog,0.24,595.0,20.951916667793355,698.6864718339184,0.01848,catalog,3499404823.907219,32480074.237222888,Jackson,-0.3123311319009577,-0.7658308246775389,log,0.38196200426939947,0.715897062769897,8.551741599493889e+22,8.551741599493889e+22
2.33,1.242,catalog,0.24,595.0,20.951916667793355,2147.2171406709913,0.01848,catalog,1284112998.44086,15584906.879507791,Jackson,-0.49637811220833,-0.7921397320626106,linear,0.26429008894668016,0.5626383847219446,3.375518194531078e+22,3.375518194531078e+22
2.33,1.242,catalog,0.24,595.0,20.951916667793355,2318.833297277909,0.01848,catalog,2532436344.6313505,56322576.31709058,Selsis,-0.4417696247513453,-0.7581978636640299,log,0.0610814070418368,0.5870223684036951,6.423964619869396e+22,6.423964619869396e+22
2.33,1.242,catalog,0.24,595.0,20.951916667793355,1693.9104989477858,0.01848,catalog,3171423353.3744054,5670849.38629805,Selsis,-0.45304318515032554,-0.7044675635834398,linear,0.07166202782388988,0.7535309638800813,7.600931174463074e+22,7.600931174463074e+22
2.33,1.242,catalog,0.24,595.0,20.951916667793355,471.9115397596466,0.01848,catalog,5095242177.224424,2493760.829899647,Jackson,-0.31023707237747067,-0.6487779248251558,log,0.23289843588085718,0.5274471524648244,9.456127016391366e+22,9.456127016391366e+22
2.33,1.242,catalog,0.24,595.0,20.951916667793355,1209.523256030086,0.01848,catalog,4065668434.2497063,48947391.171973914,Selsis,-0.41330188234176884,-0.7297778333445625,linear,0.37150574956943133,0.6189539215669482,8.432841441727718e+22,8.432841441727718e+22
2.33,1.242,catalog,0.24,595.0,20.951916667793355,5589.687375002014,0.01848,catalog,840105072.3414495,68536871.42700525,Selsis,-0.2913948539282792,-0.7333912480804798,linear,0.1826728871489098,0.9954386856626902,5.172104409162588e+22,5.172104409162588e+22
2.33,1.242,catalog,0.24,595.0,20.951916667793355,352.29247087689595,0.01848,catalog,10930778822.871216,89131407.76148514,Selsis,-0.3323678785035429,-0.7097200984539523,linear,0.36319759866899376,0.22271150851861965,1.105091769108226e+23,1.105091769108226e+23
2.33,1.242,catalog,0.24,595.0,20.951916667793355,829.3997235864783,0.01848,catalog,2984772836.631093,28240511.725721695,Jackson,-0.31026879472060875,-0.6797217494104956,log,0.10901782047197664,0.6325074075158014,8.30781040797833e+22,8.30781040797833e+22
2.33,1.242,catalog,0.24,595.0,20.951916667793355,1681.0223641184361,0.01848,catalog,3189012371.0171537,54937403.5336699,Selsis,-0.3157097106592302,-0.6658953243467338,GP,0.08201947713732204,0.7878324066148806,1.2879586808969864e+23,1.2879586808969864e+23
2.33,1.242,catalog,0.24,595.0,20.951916667793355,1049.4807240802165,0.01848,catalog,4525193954.293783,92087599.4540155,Selsis,-0.4652578418111631,-0.7266891090779929,linear,0.4420757868482053,0.14762652396272646,6.207460155282869e+22,6.207460155282869e+22
2.33,1.242,catalog,0.24,595.0,20.951916667793355,392.1625230176809,0.01848,catalog,9977849759.926407,10120582.640499076,Selsis,-0.48920153677958184,-0.751409841195812,GP,0.06782024623874244,0.9208724135872549,7.873491625863176e+22,7.873491625863176e+22
2.33,1.242,catalog,0.24,595.0,20.951916667793355,899.6289376766384,0.01848,catalog,2770293601.6933274,32454998.249919802,Jackson,-0.37111736911542165,-0.6958289166401744,linear,0.10035696761173685,0.2919959524440743,4.627099777716185e+22,4.627099777716185e+22
2.33,1.242,catalog,0.24,595.0,20.951916667793355,1936.869476685588,0.01848,catalog,2879399829.1906395,18241879.41504272,Selsis,-0.4841716912940844,-0.6715826817525676,linear,0.11959495876899427,0.7698592033003708,7.231912797916416e+22,7.231912797916416e+22
2.33,1.242,catalog,0.24,595.0,20.951916667793355,1172.6886860939835,0.01848,catalog,4161222112.797537,62864219.58370427,Selsis,-0.37437357614936007,-0.7441718703792803,log,0.1628068762777492,0.624293052148199,9.58095990473606e+22,9.58095990473606e+22
2.33,1.242,catalog,0.24,595.0,20.951916667793355,2991.8300392587576,0.01848,catalog,2115533488.5985901,98565359.96024743,Selsis,-0.4480152364673608,-0.7892604357914369,GP,0.1015751832492533,0.5496814818035628,5.516257169218537e+22,5.516257169218537e+22
2.33,1.242,catalog,0.24,595.0,20.951916667793355,2046.6116128662372,0.01848,catalog,1338115372.6312795,65768657.90385087,Jackson,-0.29139142146112174,-0.6321358738685721,log,0.09031074025187957,0.9271319825414446,7.60243881915144e+22,7.60243881915144e+22
2.33,1.242,catalog,0.24,595.0,20.951916667793355,1285.0523030967356,0.01848,catalog,3885458268.127666,88595826.9595113,Selsis,-0.40194645239921506,-0.6208664673077245,log,0.08909625302626495,0.42622297745480453,9.756151535730856e+22,9.756151535730856e+22
2.33,1.242,catalog,0.24,595.0,20.951916667793355,404.0379974189549,0.01848,catalog,9729724473.521544,70468475.83288853,Selsis,-0.3619636617131817,-0.6592369383027444,GP,0.13882262698237982,0.4613700254500235,1.313664564633901e+23,1.313664564633901e+23
2.33,1.242,catalog,0.24,595.0,20.951916667793355,683.1288434717925,0.01848,catalog,3574226315.0463142,63165119.73325639,Jackson,-0.36873884033306364,-0.6427602406846027,GP,0.43512203838835745,0.5314335160427057,6.562477377574482e+22,6.562477377574482e+22
2.33,1.242,catalog,0.24,595.0,20.951916667793355,818.8854085390249,0.01848,catalog,3020055641.121322,34124191.57782822,Jackson,-0.2969034796760331,-0.6002600107733856,GP,0.46539318400159707,0.8990660867456584,1.0997117019873412e+23,1.0997117019873412e+23
2.33,1.242,catalog,0.24,595.0,20.951916667793355,5571.1669824298115,0.01848,catalog,1308827715.019957,71935232.18380274,Selsis,-0.31907877963829234,-0.7604162820741012,linear,0.17149587386357829,0.9835508983885245,6.4845559703004575e+22,6.4845559703004575e+22
2.33,1.242,catalog,0.24,595.0,20.951916667793355,546.8431747378165,0.01848,catalog,4417020685.604851,11435516.06210953,Jackson,-0.325747705074703,-0.7600738530075751,log,0.07044768653197683,0.9500613469375904,8.849469443005536e+22,8.849469443005536e+22
2.33,1.242,catalog,0.24,595.0,20.951916667793355,633.6394915790378,0.01848,catalog,3837365353.81718,3464355.558660562,Jackson,-0.42946500870204735,-0.6730625857634246,linear,0.30365589831606404,0.8490507196807661,5.778522382825952e+22,5.778522382825952e+22
2.33,1.242,catalog,0.24,595.0,20.951916667793355,1497.3089340619165,0.01848,catalog,3469038863.1634874,68466412.19804393,Selsis,-0.4232965102375289,-0.6024108388235181,log,0.10720912736993796,0.4821696652859846,9.544228973125447e+22,9.544228973125447e+22
2.33,1.242,catalog,0.24,595.0,20.951916667793355,747.1187299805084,0.01848,catalog,5891437587.955974,90887741.34193659,Selsis,-0.41729984419018235,-0.684571642274903,GP,0.06710081982909193,0.2828147337224707,8.693318267326155e+22,8.693318267326155e+22
2.33,1.242,catalog,0.24,595.0,20.951916667793355,2903.5012853401895,0.01848,catalog,2160479015.6333466,71458752.17690948,Selsis,-0.41833412853270574,-0.612467245041574,log,0.3570486160174614,0.9469039449655149,7.398432980378557e+22,7.398432980378557e+22
2.33,1.242,catalog,0.24,595.0,20.951916667793355,659.3282799683489,0.01848,catalog,6508163654.335229,23148265.449396167,Selsis,-0.30595931639600404,-0.6091524407707841,GP,0.053043916217868206,0.14814616560762983,1.1184581466162588e+23,1.1184581466162588e+23
2.33,1.242,catalog,0.24,595.0,20.951916667793355,697.8498412947888,0.01848,catalog,6219502488.499391,84114250.89232704,Selsis,-0.3933962359362556,-0.6307055582400977,linear,0.0565985521647111,0.037384804050096365,7.468171046208558e+22,7.468171046208558e+22
2.33,1.242,catalog,0.24,595.0,20.951916667793355,1661.9844396386825,0.01848,catalog,1602318673.7265918,53058151.01548551,Jackson,-0.3536047319190441,-0.6871531874667128,GP,0.11484577223692842,0.5315027611281609,4.942910525275077e+22,4.942910525275077e+22
2.33,1.242,catalog,0.24,595.0,20.951916667793355,370.55584048799864,0.01848,catalog,10469241193.22592,17659934.36543291,Selsis,-0.4502203881697423,-0.6587650874729737,GP,0.08220642524259113,0.6019689500688588,9.723521352869063e+22,9.723521352869063e+22
2.33,1.242,catalog,0.24,595.0,20.951916667793355,3067.907542636103,0.01848,catalog,2078651289.8414702,62716699.633012906,Selsis,-0.2828913436165176,-0.6654341247153425,linear,0.2527392259987241,0.6803321875150015,1.3007345954806754e+23,1.3007345954806754e+23
2.33,1.242,catalog,0.24,595.0,20.951916667793355,1445.7173853762479,0.01848,catalog,3559652881.611653,12957042.569390453,Selsis,-0.28847550175965914,-0.7013910053576007,GP,0.4847839597174203,0.4084961628038163,1.174794608474618e+23,1.174794608474618e+23
2.33,1.242,catalog,0.24,595.0,20.951916667793355,1893.4669578543503,0.01848,catalog,2926640381.031476,24233386.057397977,Selsis,-0.367133418181159,-0.7715557876357118,log,0.14828192534635976,0.833517141022442,8.930823124759879e+22,8.930823124759879e+22
2.33,1.242,catalog,0.24,595.0,20.951916667793355,556.4137977287385,0.01848,catalog,4343972234.00721,73783301.59285937,Jackson,-0.29743533535419175,-0.7871585638924375,linear,0.4100475982277566,0.6798006301536974,9.5976041716334e+22,9.5976041716334e+22
2.33,1.242,catalog,0.24,595.0,20.951916667793355,1159.7922223412436,0.01848,catalog,4195988103.329533,96545766.03706212,Selsis,-0.3164790561911649,-0.797452939897434,log,0.23792893863227754,0.8457675895569724,1.3041266857354649e+23,1.3041266857354649e+23
2.33,1.242,catalog,0.24,595.0,20.951916667793355,205.22440828053527,0.01848,catalog,11972227698.75899,35750051.65888353,Jackson,-0.47947943033602647,-0.689029541722271,linear,0.07029775748693895,0.8599779869699636,4.671467173145545e+22,4.671467173145545e+22
2.33,1.242,catalog,0.24,595.0,20.951916667793355,285.51759480140413,0.01848,catalog,8440909414.59685,20360603.71416943,Jackson,-0.2866069362461163,-0.7215046396768307,GP,0.3763748649334924,0.8879627024153584,1.3111550493870626e+23,1.3111550493870626e+23
2.33,1.242,catalog,0.24,595.0,20.951916667793355,931.3812123962139,0.01848,catalog,2683936428.815382,15952522.672917988,Jackson,-0.43369975361190716,-0.7795741494297602,linear,0.3100754208090589,0.5938637104501115,4.645432479699687e+22,4.645432479699687e+22
2.33,1.242,catalog,0.24,595.0,20.951916667793355,810.3290106911483,0.01848,catalog,3049446526.2012753,56949842.19336687,Jackson,-0.4549823905325967,-0.6515368482188907,log,0.10138207036447214,0.09884268335686275,3.5358761581285663e+22,3.5358761581285663e+22
2.33,1.242,catalog,0.24,595.0,20.951916667793355,548.1877504296684,0.01848,catalog,7555517673.701205,2154830.5617203177,Selsis,-0.28208688126543524,-0.6753995102294296,GP,0.17166548135341758,0.20915392359704055,1.3327795740838691e+23,1.3327795740838691e+23
2.33,1.242,catalog,0.24,595.0,20.951916667793355,963.2749507022108,0.01848,catalog,4830393080.27257,72678372.97920547,Selsis,-0.47747675222627073,-0.7075404245920893,linear,0.07770337319508526,0.18788729154940398,6.744138577044775e+22,6.744138577044775e+22
2.33,1.242,catalog,0.24,595.0,20.951916667793355,692.9844416501785,0.01848,catalog,6254284753.849201,60509046.89527677,Selsis,-0.358862239626324,-0.6100258187936023,GP,0.06247412265668758,0.4871209071477932,1.3932712599993265e+23,1.3932712599993265e+23
2.33,1.242,catalog,0.24,595.0,20.951916667793355,1095.0176546663731,0.01848,catalog,4381918392.280965,69251487.26144622,Selsis,-0.29482786438791025,-0.71634565247095,linear,0.09503243965784901,0.16169595334819908,8.664483423015963e+22,8.664483423015963e+22
2.33,1.242,catalog,0.24,595.0,20.951916667793355,410.74433078051084,0.01848,catalog,9595804017.018198,36519514.48010936,Selsis,-0.2819519148970498,-0.6988203719800778,log,0.2661329077322641,0.3106227968419555,1.6142991026040278e+23,1.6142991026040278e+23
2.33,1.242,catalog,0.24,595.0,20.951916667793355,1237.8707838868504,0.01848,catalog,3995679280.1448812,11501373.590429645,Selsis,-0.3078214246620907,-0.6238353678778898,log,0.0531241259767251,0.22459608564266575,9.266756545687981e+22,9.266756545687981e+22
2.33,1.242,catalog,0.24,595.0,20.951916667793355,624.9008737314808,0.01848,catalog,3888253907.055237,96603631.63987544,Jackson,-0.30189996454091045,-0.6156908452515353,GP,0.1447097324865293,0.7860502178565797,1.0377668003498359e+23,1.0377668003498359e+23
2.33,1.242,catalog,0.24,595.0,20.951916667793355,4227.087916048618,0.01848,catalog,1664504180.028794,83591196.45062271,Selsis,-0.39463321504801585,-0.6833719107005902,log,0.18246423013562774,0.674056853885106,5.714477241209464e+22,5.714477241209464e+22
2.33,1.242,catalog,0.24,595.0,20.951916667793355,2220.8421548044075,0.01848,catalog,2611304608.9618454,54777843.01529473,Selsis,-0.2895455197985285,-0.6972732261033402,GP,0.15998674353050363,0.8204288831967064,1.4065282274952628e+23,1.4065282274952628e+23
2.33,1.242,catalog,0.24,595.0,20.951916667793355,399.1669804786383,0.01848,catalog,9829751654.9253,19105033.808391232,Selsis,-0.45726675102094877,-0.765140477533797,GP,0.27022580632570464,0.013939326262221496,5.362519714693797e+22,5.362519714693797e+22
2.33,1.242,catalog,0.24,595.0,20.951916667793355,496.9629925996862,0.01848,catalog,4844928920.609923,96266653.05322154,Jackson,-0.4438500485698962,-0.7952226660478455,GP,0.07966848293874412,0.7012188035836258,4.012160949171238e+22,4.012160949171238e+22
2.33,1.242,catalog,0.24,595.0,20.951916667793355,635.3203788285699,0.01848,catalog,3827741014.3574543,32178925.05041088,Jackson,-0.4536687842073897,-0.6328588357641043,GP,0.4726222283152757,0.011185553797095071,3.71414144950795e+22,3.71414144950795e+22
2.33,1.242,catalog,0.24,595.0,20.951916667793355,645.2134906552942,0.01848,catalog,6622093044.453346,88874927.72376369,Selsis,-0.3470609520003454,-0.7322841552119185,GP,0.15679783734808944,0.3728181929114813,1.1379016813680688e+23,1.1379016813680688e+23
2.33,1.242,catalog,0.24,595.0,20.951916667793355,298.86623106315193,0.01848,catalog,8052021312.619257,22589399.653049722,Jackson,-0.4924645940903173,-0.6185842636175447,log,0.2868200762761513,0.0011799344323401018,3.7625669988435297e+22,3.7625669988435297e+22
2.33,1.242,catalog,0.24,595.0,20.951916667793355,564.4200181071802,0.01848,catalog,4284825024.152106,29397598.95796286,Jackson,-0.45053824503665446,-0.6980137105078756,linear,0.41326726781299095,0.7748163441639786,4.898100881336459e+22,4.898100881336459e+22
2.33,1.242,catalog,0.24,595.0,20.951916667793355,648.1907705608586,0.01848,catalog,6597669875.255512,34229769.567581736,Selsis,-0.4005348273463529,-0.7461565781665787,log,0.08897995849212559,0.23747823031355297,8.190034404323913e+22,8.190034404323913e+22
2.33,1.242,catalog,0.24,595.0,20.951916667793355,1159.7805140568682,0.01848,catalog,2201647377.814196,41513842.41578643,Jackson,-0.4197913466736903,-0.7829963150257766,GP,0.48636407835485795,0.5906017506779238,4.384379546147275e+22,4.384379546147275e+22
2.33,1.242,catalog,0.24,595.0,20.951916667793355,1138.2579276648592,0.01848,catalog,2238898970.8446045,90723462.18096818,Jackson,-0.4991606156465289,-0.7087427035643129,log,0.22367787819565615,0.06394919240807273,2.614505489660657e+22,2.614505489660657e+22
2.33,1.242,catalog,0.24,595.0,20.951916667793355,4085.0885978305264,0.01848,catalog,747604624.8206816,93503061.80006568,Jackson,-0.44913476190726037,-0.602702543501884,log,0.09261821459003537,0.014363142891310576,1.0146843329997115e+22,1.0146843329997115e+22
2.33,1.242,catalog,0.24,595.0,20.951916667793355,2783.440085967923,0.01848,catalog,2225577456.482949,8650735.616949553,Selsis,-0.4882217754718779,-0.6546969424495571,GP,0.16257350717673547,0.9407494644001804,6.737311074932504e+22,6.737311074932504e+22
2.33,1.242,catalog,0.24,595.0,20.951916667793355,686.8376293408932,0.01848,catalog,6298893486.846924,84219564.20431313,Selsis,-0.44875274156937145,-0.7028422048870917,linear,0.09810942366725478,0.9188613196557098,8.408201350451188e+22,8.408201350451188e+22
2.33,1.242,catalog,0.24,595.0,20.951916667793355,532.0220136788882,0.01848,catalog,4535501778.890003,39862808.75723054,Jackson,-0.38692813223079847,-0.7837764888204815,linear,0.28621206475191213,0.24333746649198718,4.23406078313125e+22,4.23406078313125e+22
2.33,1.242,catalog,0.24,595.0,20.951916667793355,385.8295597867536,0.01848,catalog,6215790474.731281,60560259.719160974,Jackson,-0.4204333895807883,-0.704862081243798,GP,0.31531684428299167,0.9547246216771706,4.99482339747106e+22,4.99482339747106e+22
2.33,1.242,catalog,0.24,595.0,20.951916667793355,637.7550985380619,0.01848,catalog,3813892378.669747,16540075.011688137,Jackson,-0.318507186268543,-0.7653583928055546,log,0.12215276299548371,0.1043196389017007,5.037864303108331e+22,5.037864303108331e+22
2.33,1.242,catalog,0.24,595.0,20.951916667793355,835.4552047622609,0.01848,catalog,2964856774.363244,12528765.876797266,Jackson,-0.41676673401868275,-0.7019210232629023,GP,0.24283713430358017,0.18389696257019983,3.866819890898014e+22,3.866819890898014e+22
2.33,1.242,catalog,0.24,595.0,20.951916667793355,1896.3465852997153,0.01848,catalog,1429011979.1358566,47829022.37712196,Jackson,-0.4121306034578811,-0.7671900165725,linear,0.08130012408316832,0.45134879998436317,3.6835094027930893e+22,3.6835094027930893e+22
2.33,1.242,catalog,0.24,595.0,20.951916667793355,863.0059966689458,0.01848,catalog,2877780253.7658453,69865037.81964919,Jackson,-0.4306912291839839,-0.7938736519625313,log,0.10398603878822514,0.6363790928655049,4.342728936747074e+22,4.342728936747074e+22
2.33,1.242,catalog,0.24,595.0,20.951916667793355,309.7914305200915,0.01848,catalog,7760537160.684131,91688315.588944,Jackson,-0.46555000125105717,-0.6102546036777029,log,0.21944641830005512,0.3552818141805836,5.444154813517539e+22,5.444154813517539e+22
2.33,1.242,catalog,0.24,595.0,20.951916667793355,1605.644435295863,0.01848,catalog,3296938069.1864944,98652041.65784737,Selsis,-0.4555780205026183,-0.6535306998603889,log,0.08968462589303018,0.44414873453038006,7.585668911591618e+22,7.585668911591618e+22
2.33,1.242,catalog,0.24,595.0,20.951916667793355,536.9378306653208,0.01848,catalog,4495455562.970713,82837760.54191674,Jackson,-0.2960422443033386,-0.6199409994897149,log,0.2338832468124393,0.11766718370257212,6.568757176326772e+22,6.568757176326772e+22
2.33,1.242,catalog,0.24,595.0,20.951916667793355,481.19006109850915,0.01848,catalog,8409221361.481354,82307408.64164162,Selsis,-0.3881644488065157,-0.748968077384146,log,0.07007574108068397,0.9588709124410245,9.885315149327095e+22,9.885315149327095e+22
2.33,1.242,catalog,0.24,595.0,20.951916667793355,525.5694447636217,0.01848,catalog,4589242965.229574,13089946.820037395,Jackson,-0.2993141338152979,-0.6958225271053092,log,0.23377834144812068,0.13011808378558642,6.3038102902581525e+22,6.3038102902581525e+22
2.33,1.242,catalog,0.24,595.0,20.951916667793355,1091.8249156448742,0.01848,catalog,4391605484.976278,43111982.94155053,Selsis,-0.36823307877854367,-0.7152377407880898,GP,0.09526813065057554,0.06455954787038642,6.3672144121419346e+22,6.3672144121419346e+22
2.33,1.242,catalog,0.24,595.0,20.951916667793355,265.25736433223693,0.01848,catalog,9112555641.170134,71252550.96923023,Jackson,-0.42421326208226456,-0.740203716177142,log,0.13874456576277147,0.14884619026377743,3.4176740459242603e+22,3.4176740459242603e+22
2.33,1.242,catalog,0.24,595.0,20.951916667793355,2190.2471542720164,0.01848,catalog,2637207470.187748,52734241.47244717,Selsis,-0.2823782708902952,-0.695747949291492,linear,0.1854486813803905,0.21791624804916376,6.406353673349749e+22,6.406353673349749e+22
2.33,1.242,catalog,0.24,595.0,20.951916667793355,362.5573265839504,0.01848,catalog,10665735391.312132,23099876.66736176,Selsis,-0.4851896596626049,-0.6042069781814304,linear,0.06288337880683507,0.09693228817784405,8.525219126167278e+22,8.525219126167278e+22
2.33,1.242,catalog,0.24,595.0,20.951916667793355,585.7035905387764,0.01848,catalog,7159626090.326764,21287534.545429308,Selsis,-0.29664844174838273,-0.7234681605937104,log,0.19763567463682272,0.2860854792373526,1.3150863522460371e+23,1.3150863522460371e+23
2.33,1.242,catalog,0.24,595.0,20.951916667793355,1201.7396364474218,0.01848,catalog,4085413456.674197,54864275.8877117,Selsis,-0.40781899123544335,-0.7434505382915316,GP,0.3432743434828938,0.05427413754863253,5.594389444777009e+22,5.594389444777009e+22
2.33,1.242,catalog,0.24,595.0,20.951916667793355,725.597083022876,0.01848,catalog,3378163463.3245707,87343659.06018397,Jackson,-0.3258342280257188,-0.7932959744195559,linear,0.438889926365133,0.20408453724335585,4.987747829883111e+22,4.987747829883111e+22
2.33,1.242,catalog,0.24,595.0,20.951916667793355,4478.06807341478,0.01848,catalog,1600084990.414253,28511795.37861251,Selsis,-0.3231739249219472,-0.7935451840429586,log,0.2417327211247059,0.21305122712492564,3.852196789392726e+22,3.852196789392726e+22
2.33,1.242,catalog,0.24,595.0,20.951916667793355,1893.4077479429293,0.01848,catalog,2926706145.2655716,28125474.517184872,Selsis,-0.4325080098901981,-0.7000073704037442,linear,0.2665809323626042,0.010603032927523182,4.277942259958693e+22,4.277942259958693e+22
2.33,1.242,catalog,0.24,595.0,20.951916667793355,905.0433502448956,0.01848,catalog,2755140223.1571875,94928602.47010395,Jackson,-0.48260692250762177,-0.67775368091857,linear,0.4280911803874499,0.08953639768231947,3.0723821689557e+22,3.0723821689557e+22
2.33,1.242,catalog,0.24,595.0,20.951916667793355,1046.9033004166204,0.01848,catalog,2413838340.802939,28403081.166238956,Jackson,-0.32661733240822727,-0.63559814545408,GP,0.42574975392028935,0.6808320820102656,7.622016468599854e+22,7.622016468599854e+22
2.33,1.242,catalog,0.24,595.0,20.951916667793355,1396.4985846871275,0.01848,catalog,3652210334.6578336,9806403.468641717,Selsis,-0.33814739064474586,-0.7331451756838534,GP,0.20827737340273236,0.7743351424107046,1.1607338846317973e+23,1.1607338846317973e+23
2.33,1.242,catalog,0.24,595.0,20.951916667793355,349.3256545665157,0.01848,catalog,11010245386.847662,40996649.58431158,Selsis,-0.44157813815136876,-0.6678516865457375,log,0.06636444296587804,0.23198402999983636,8.215117223121006e+22,8.215117223121006e+22
2.33,1.242,catalog,0.24,595.0,20.951916667793355,797.2035519590813,0.01848,catalog,3095763605.3314056,71831295.98831694,Jackson,-0.31374766473542515,-0.7989559264123886,log,0.18932883425148916,0.7065492298174681,7.797151996987073e+22,7.797151996987073e+22
2.33,1.242,catalog,0.24,595.0,20.951916667793355,2336.573311885197,0.01848,catalog,2518786264.7751336,99216661.97533384,Selsis,-0.37836330855909095,-0.7904928160719253,linear,0.11139373198858439,0.4071471808156919,7.301047937970005e+22,7.301047937970005e+22
2.33,1.242,catalog,0.24,595.0,20.951916667793355,2219.341591740176,0.01848,catalog,2612560258.5673466,36436500.1837101,Selsis,-0.3320205500539809,-0.6342151170521163,linear,0.4551885138336072,0.33938385371588864,7.993625810398822e+22,7.993625810398822e+22
2.33,1.242,catalog,0.24,595.0,20.951916667793355,3609.675074074288,0.01848,catalog,828283894.9264977,2286641.080446683,Jackson,-0.3954701446152703,-0.7638650231839365,linear,0.27563226818458,0.6987326090411639,3.5087074825965517e+22,3.5087074825965517e+22
2.33,1.242,catalog,0.24,595.0,20.951916667793355,4159.9262902478085,0.01848,catalog,1682882193.5616271,37842410.674704865,Selsis,-0.479714720675597,-0.6516465838053546,GP,0.20734426714265897,0.82193954214303,5.4366534748486865e+22,5.4366534748486865e+22
2.33,1.242,catalog,0.24,595.0,20.951916667793355,1156.8037421375827,0.01848,catalog,2206718173.20721,55773684.83524908,Jackson,-0.481125205069797,-0.636306991212198,linear,0.09222903432168847,0.5904691727212164,4.571332268242494e+22,4.571332268242494e+22
2.33,1.242,catalog,0.24,595.0,20.951916667793355,587.2514760743952,0.01848,catalog,7144331391.25746,23425468.562550656,Selsis,-0.3518930048943044,-0.6057745289608639,log,0.10723558549004811,0.5145835021945874,1.545496043429696e+23,1.545496043429696e+23
2.33,1.242,catalog,0.24,595.0,20.951916667793355,410.49271585631044,0.01848,catalog,5844251541.234614,63369410.2066132,Jackson,-0.28022443452461365,-0.7605113416779694,log,0.09519508142422298,0.4635948726535346,9.971660023763838e+22,9.971660023763838e+22
2.33,1.242,catalog,0.24,595.0,20.951916667793355,790.9108894057327,0.01848,catalog,5632261768.016893,19274868.368422396,Selsis,-0.3294660005955347,-0.6335419746946566,linear,0.15605328432352747,0.31082517591406544,1.1684131050092173e+23,1.1684131050092173e+23
2.33,1.242,catalog,0.24,595.0,20.951916667793355,3387.683586853224,0.01848,catalog,1939663409.6835048,97102918.8402993,Selsis,-0.39867882280852235,-0.7529923386973261,GP,0.13834232364179858,0.7931873422951201,5.95258601717954e+22,5.95258601717954e+22
2.33,1.242,catalog,0.24,595.0,20.951916667793355,349.83699080254326,0.01848,catalog,10996454260.499825,16466064.078154255,Selsis,-0.3073451974006103,-0.7630757643517083,log,0.17221374807171808,0.7540221156694368,1.8256502860197696e+23,1.8256502860197696e+23
2.33,1.242,catalog,0.24,595.0,20.951916667793355,391.30578252926784,0.01848,catalog,9996320450.940105,72944533.47824746,Selsis,-0.3931309227512633,-0.6756378683548323,GP,0.0692711492912605,0.7722909574499139,1.081741628431905e+23,1.081741628431905e+23
2.33,1.242,catalog,0.24,595.0,20.951916667793355,1003.9865182052814,0.01848,catalog,4680236971.168592,75209761.6547798,Selsis,-0.37510205778948585,-0.7706888652414879,linear,0.13899715619249955,0.8771518951305337,9.727087834402428e+22,9.727087834402428e+22
2.33,1.242,catalog,0.24,595.0,20.951916667793355,417.6106708732995,0.01848,catalog,9463041222.462355,55385133.70143131,Selsis,-0.4265053389190782,-0.6651847098863921,GP,0.3665402803020318,0.9193971442757717,9.921788748136307e+22,9.921788748136307e+22
2.33,1.242,catalog,0.24,595.0,20.951916667793355,710.3022170761681,0.01848,catalog,6132533878.179271,27186025.700452264,Selsis,-0.35067284156658773,-0.6433713965861917,GP,0.06422495438508259,0.9106438294724017,1.3920275679975386e+23,1.3920275679975386e+23
2.33,1.242,catalog,0.24,595.0,20.951916667793355,1907.9037791697187,0.01848,catalog,1421531623.1671772,41496698.823941484,Jackson,-0.37464016617188045,-0.6256233975204735,log,0.05009241425068275,0.7234663938106723,5.077879994202259e+22,5.077879994202259e+22
2.33,1.242,catalog,0.24,595.0,20.951916667793355,542.1894963403766,0.01848,catalog,4453502016.670655,75417240.2891211,Jackson,-0.2931099214758582,-0.7761277477065047,log,0.20241988516343468,0.36090897288021095,7.659922654563173e+22,7.659922654563173e+22
2.33,1.242,catalog,0.24,595.0,20.951916667793355,954.098720409473,0.01848,catalog,2625669002.9279346,40484493.68380235,Jackson,-0.41291046307816576,-0.7785882284424792,linear,0.08895850395446928,0.7029801061778959,4.778554563166371e+22,4.778554563166371e+22
2.33,1.242,catalog,0.24,595.0,20.951916667793355,2457.7743485381475,0.01848,catalog,2430064560.9860086,41938788.48522751,Selsis,-0.39161497211125773,-0.6886916866792308,linear,0.17017808077100519,0.9115545393415775,7.629394956462692e+22,7.629394956462692e+22
2.33,1.242,catalog,0.24,595.0,20.951916667793355,792.3615093608424,0.01848,catalog,5624137655.322762,53653984.621687956,Selsis,-0.46190193169234994,-0.6662166419617906,GP,0.06742448211368128,0.156175486448067,7.262995104247201e+22,7.262995104247201e+22
2.33,1.242,catalog,0.24,595.0,20.951916667793355,1008.7967328275222,0.01848,catalog,4663235224.633118,63724993.179853,Selsis,-0.3301906192251839,-0.651558511986425,GP,0.4573192716331734,0.08829005501767906,7.593257265316934e+22,7.593257265316934e+22
2.33,1.242,catalog,0.24,595.0,20.951916667793355,614.3227477779265,0.01848,catalog,3951837724.0151644,81380847.54949747,Jackson,-0.28371028736235965,-0.7730903780959482,log,0.23092293626967778,0.6327122191033413,9.763362701191276e+22,9.763362701191276e+22
2.33,1.242,catalog,0.24,595.0,20.951916667793355,306.1917393864552,0.01848,catalog,12337771335.292282,90100786.16275719,Selsis,-0.2847769778642561,-0.6608498162206285,linear,0.10926805793111087,0.5408632723061887,2.1714490187572483e+23,2.1714490187572483e+23
2.33,1.242,catalog,0.24,595.0,20.951916667793355,2332.258314127244,0.01848,catalog,2522089519.6837316,3744516.3184097367,Selsis,-0.3949658182566426,-0.6879997608050766,log,0.3760224815687696,0.27611637818287316,6.419764177481301e+22,6.419764177481301e+22
2.33,1.242,catalog,0.24,595.0,20.951916667793355,311.2862513526504,0.01848,catalog,7722364586.537979,79091008.64177747,Jackson,-0.3835127749956682,-0.751775584791271,linear,0.2852368445275048,0.3542731835644565,4.742791750423909e+22,4.742791750423909e+22
2.33,1.242,catalog,0.24,595.0,20.951916667793355,878.597652031482,0.01848,catalog,5186527212.026148,67713934.64895406,Selsis,-0.4340940156241818,-0.7503444455628056,log,0.07252464600860956,0.22774849248578655,7.330848348123759e+22,7.330848348123759e+22
2.33,1.242,catalog,0.24,595.0,20.951916667793355,5589.60855114509,0.01848,catalog,815502921.2215856,94578134.30048905,Selsis,-0.2864509384687208,-0.6054659943797523,linear,0.4378331962225002,0.6818044502271459,5.200163911083111e+22,5.200163911083111e+22
2.33,1.242,catalog,0.24,595.0,20.951916667793355,1376.2785071439685,0.01848,catalog,3691973508.331718,36455555.003122464,Selsis,-0.47459054716078836,-0.6426977542114413,GP,0.05760830609072065,0.7677481885515501,8.332870324312674e+22,8.332870324312674e+22
2.33,1.242,catalog,0.24,595.0,20.951916667793355,1512.087068656538,0.01848,catalog,1740372980.2127812,91532563.27874587,Jackson,-0.32885399622056377,-0.7503889592785489,log,0.4648356036267874,0.2026351287218806,3.4940316832498025e+22,3.4940316832498025e+22
2.33,1.242,catalog,0.24,595.0,20.951916667793355,1957.8618814930092,0.01848,catalog,1390176479.6371737,12000882.75391337,Jackson,-0.3767708285454734,-0.7730740824618508,linear,0.07919758959048304,0.4296792431854978,3.9623885372678465e+22,3.9623885372678465e+22
2.33,1.242,catalog,0.24,595.0,20.951916667793355,454.6928058432412,0.01848,catalog,5283901170.195034,40720567.602702245,Jackson,-0.35803291833159606,-0.6490604141673214,log,0.059620379969369225,0.1351252064070272,5.4496995840038325e+22,5.4496995840038325e+22
2.33,1.242,catalog,0.24,595.0,20.951916667793355,548.5472081656691,0.01848,catalog,7551478756.784419,42844057.90332122,Selsis,-0.36086321004308636,-0.7392838576025714,linear,0.18462758130156484,0.055617257664787534,7.69497274184189e+22,7.69497274184189e+22
2.33,1.242,catalog,0.24,595.0,20.951916667793355,898.2673819601459,0.01848,catalog,5097747622.147157,6877645.0447300235,Selsis,-0.4039987815118399,-0.7986260937170262,log,0.1368127423368502,0.059798937329614166,6.247275446713409e+22,6.247275446713409e+22
2.33,1.242,catalog,0.24,595.0,20.951916667793355,811.2257059673424,0.01848,catalog,3046337212.306701,38023187.812507905,Jackson,-0.3855229312548711,-0.67161940405006,GP,0.12425921643704467,0.4028275309940509,5.2305368627616676e+22,5.2305368627616676e+22
2.33,1.242,catalog,0.24,595.0,20.951916667793355,2509.419498742591,0.01848,catalog,1124201952.767513,31347253.761705644,Jackson,-0.3465581385838602,-0.6976161969446378,GP,0.3968009584635427,0.8047939566849224,4.867495335226272e+22,4.867495335226272e+22
2.33,1.242,catalog,0.24,595.0,20.951916667793355,1300.573648183775,0.01848,catalog,3850795947.1354666,84311074.88717434,Selsis,-0.29076850802394755,-0.7583490474918744,linear,0.05099186983980709,0.3390918826480884,1.0619433248830419e+23,1.0619433248830419e+23
2.33,1.242,catalog,0.24,595.0,20.951916667793355,1066.0367598133475,0.01848,catalog,2374744770.625213,54499199.49969309,Jackson,-0.41015485892085257,-0.6163645891233869,GP,0.09591711214391235,0.6889716454322707,5.6058079232238195e+22,5.6058079232238195e+22
2.33,1.242,catalog,0.24,595.0,20.951916667793355,339.9956264325874,0.01848,catalog,7058730636.248294,7681849.981351428,Jackson,-0.40191587055523287,-0.6503018538023215,log,0.08823344787048734,0.5607033088152882,6.353066287121763e+22,6.353066287121763e+22
2.33,1.242,catalog,0.24,595.0,20.951916667793355,1924.5312332702429,0.01848,catalog,2892635744.3958807,43700271.665575646,Selsis,-0.4613672321199729,-0.7572436740620432,log,0.07577276995677064,0.40456003360187487,6.5834111426846945e+22,6.5834111426846945e+22
2.33,1.242,catalog,0.24,595.0,20.951916667793355,294.8509277844812,0.01848,catalog,8165005093.951389,28644186.947639327,Jackson,-0.3518863894374332,-0.6011324948444265,log,0.07286627434124436,0.16891715044491107,7.220167300724841e+22,7.220167300724841e+22
2.33,1.242,catalog,0.24,595.0,20.951916667793355,4699.300320866668,0.01848,catalog,1548280869.9283326,20605622.141022276,Selsis,-0.29799431798349396,-0.7315335866191827,log,0.09103101049680762,0.18148390606116438,3.4820706060625024e+22,3.4820706060625024e+22
2.33,1.242,catalog,0.24,595.0,20.951916667793355,2193.6153504587064,0.01848,catalog,1260812192.8677158,47422944.40328308,Jackson,-0.38288000826170127,-0.7492040446722964,log,0.07182906035169438,0.6457766104642464,4.050093110524141e+22,4.050093110524141e+22
2.33,1.242,catalog,0.24,595.0,20.951916667793355,6888.440059445459,0.01848,catalog,310991478.19831604,32800130.131690595,Jackson,-0.44727622532080435,-0.7800206262292217,GP,0.0814539770308749,0.3267770791579605,8.860195877260062e+21,8.860195877260062e+21
2.33,1.242,catalog,0.24,595.0,20.951916667793355,358.24956862270426,0.01848,catalog,10775140164.883957,47934167.71100397,Selsis,-0.39812709870878615,-0.669448327224114,linear,0.18406559360021624,0.6900762154362601,1.0919685588110097e+23,1.0919685588110097e+23
2.33,1.242,catalog,0.24,595.0,20.951916667793355,1373.114988645709,0.01848,catalog,3698290847.8907366,45845758.66399465,Selsis,-0.39565366132566465,-0.6805666933063471,GP,0.07431492212484629,0.6068500028343717,9.029103156043975e+22,9.029103156043975e+22
2.33,1.242,catalog,0.24,595.0,20.951916667793355,438.35707491468264,0.01848,catalog,5477214828.049971,26383222.49170173,Jackson,-0.44778784000840904,-0.7113758967124356,linear,0.43986388264312115,0.6710262236521543,4.786073084451699e+22,4.786073084451699e+22
2.33,1.242,catalog,0.24,595.0,20.951916667793355,1776.885931263528,0.01848,catalog,1511826736.5358496,19749106.23496837,Jackson,-0.37737794073370134,-0.7111827579964407,GP,0.10110902996108598,0.685237078024569,4.7683840752057775e+22,4.7683840752057775e+22
2.33,1.242,catalog,0.24,595.0,20.951916667793355,4428.108172886985,0.01848,catalog,1612402524.483869,63099866.90048476,Selsis,-0.36440229380579214,-0.6944196045948338,log,0.1802540580274031,0.44605689585532415,6.168036907829135e+22,6.168036907829135e+22
2.33,1.242,catalog,0.24,595.0,20.951916667793355,2139.184894750866,0.01848,catalog,2681899998.8313813,63874077.77224107,Selsis,-0.4439961678761185,-0.7838690378134409,GP,0.3164436179566603,0.4078032213080631,6.415804686410158e+22,6.415804686410158e+22
2.33,1.242,catalog,0.24,595.0,20.951916667793355,5561.479617143573,0.01848,catalog,1330702184.0075006,23127216.29679219,Selsis,-0.4001955716195344,-0.7065733074668151,linear,0.2788265444892513,0.6442632646067008,4.8645400101121144e+22,4.8645400101121144e+22
2.33,1.242,catalog,0.24,595.0,20.951916667793355,5595.668367467965,0.01848,catalog,985256231.4454532,12332095.046808567,Selsis,-0.3567635036044581,-0.6174867174653623,GP,0.05398494447423844,0.9445545383032746,5.078239085957161e+22,5.078239085957161e+22
2.33,1.242,catalog,0.24,595.0,20.951916667793355,2356.619973660719,0.01848,catalog,1185927817.5282872,77261675.77425148,Jackson,-0.30027025780237887,-0.6327341657230657,linear,0.12852194038958792,0.5945625194497809,5.4574682688756596e+22,5.4574682688756596e+22
2.33,1.242,catalog,0.24,595.0,20.951916667793355,739.609696687746,0.01848,catalog,3318561400.7618327,78094067.32106398,Jackson,-0.4803088240944372,-0.6701726063006326,GP,0.30573526653990474,0.8583527123807998,4.544267988899263e+22,4.544267988899263e+22
2.33,1.242,catalog,0.24,595.0,20.951916667793355,774.1622707011558,0.01848,catalog,3180891080.1793795,54621428.11680944,Jackson,-0.3025367553939574,-0.6151085844958006,log,0.42141129174764214,0.22378090849713095,6.143998584079033e+22,6.143998584079033e+22
2.33,1.242,catalog,0.24,595.0,20.951916667793355,1479.4610867519004,0.01848,catalog,3499560921.2009344,54602195.48752235,Selsis,-0.4706120702734623,-0.6048413312051135,log,0.24980837652277083,0.08350993537616791,5.725759743633625e+22,5.725759743633625e+22
2.33,1.242,catalog,0.24,595.0,20.951916667793355,1114.5286512411058,0.01848,catalog,4323828452.939873,14811535.055837972,Selsis,-0.39143995956770716,-0.6579394100528098,log,0.12179137355702549,0.6253502925831591,1.0208657138493832e+23,1.0208657138493832e+23
2.33,1.242,catalog,0.24,595.0,20.951916667793355,1017.9134575876681,0.01848,catalog,2475843699.6268873,84738102.28966512,Jackson,-0.3063104965616093,-0.7774482198334497,log,0.18595156490718387,0.3729731628824383,5.688215028746522e+22,5.688215028746522e+22
2.33,1.242,catalog,0.24,595.0,20.951916667793355,621.6267744215946,0.01848,catalog,3907697384.3658934,37364640.06524368,Jackson,-0.2975778634153764,-0.7898406770138567,log,0.28863477727027814,0.6422289977942403,9.280662178743801e+22,9.280662178743801e+22
2.33,1.242,catalog,0.24,595.0,20.951916667793355,207.71895555956343,0.01848,catalog,11816732382.508455,23520330.306403972,Jackson,-0.3260443705407976,-0.6417848091521159,GP,0.13757301027383836,0.1412642644630584,6.821291280038593e+22,6.821291280038593e+22
2.33,1.242,catalog,0.24,595.0,20.951916667793355,944.8283022139204,0.01848,catalog,4902356844.665387,43290952.884085864,Selsis,-0.479407379376856,-0.6843346451474732,log,0.3918278569293628,0.3997146217060209,8.204734384677588e+22,8.204734384677588e+22
2.33,1.242,catalog,0.24,595.0,20.951916667793355,666.498746248779,0.01848,catalog,6452040236.994007,15267630.514932737,Selsis,-0.43079045316810527,-0.6837162706920641,log,0.10245551965624705,0.8809159001103,9.723945381509562e+22,9.723945381509562e+22
2.33,1.242,catalog,0.24,595.0,20.951916667793355,533.0698732158074,0.01848,catalog,7730109857.889543,27157815.491109025,Selsis,-0.45752143317731864,-0.6906337416019561,GP,0.43958026674048534,0.2838858270369399,8.158526508354955e+22,8.158526508354955e+22
2.33,1.242,catalog,0.24,595.0,20.951916667793355,2653.209050157748,0.01848,catalog,2302026839.4436073,41362384.18347181,Selsis,-0.3854116281046194,-0.7914090742304732,linear,0.2521562920919563,0.9695629744337736,7.20274417622127e+22,7.20274417622127e+22
2.33,1.242,catalog,0.24,595.0,20.951916667793355,1160.1102438384178,0.01848,catalog,2201087276.0500746,23137675.450668,Jackson,-0.4140175861028031,-0.7827160911392632,GP,0.3848825368875585,0.578253962438722,4.544098583094943e+22,4.544098583094943e+22
2.33,1.242,catalog,0.24,595.0,20.951916667793355,2826.4486172031743,0.01848,catalog,2201698292.2384515,26453942.73687568,Selsis,-0.297915277153261,-0.7546515986800649,linear,0.4578723603323663,0.7804016344291573,1.1963696043205678e+23,1.1963696043205678e+23
2.33,1.242,catalog,0.24,595.0,20.951916667793355,763.4438172818429,0.01848,catalog,3222253750.720672,49973810.37984558,Jackson,-0.4474224687635115,-0.6779963146503621,linear,0.05279320255575949,0.3510218003018484,4.412988121080559e+22,4.412988121080559e+22
2.33,1.242,catalog,0.24,595.0,20.951916667793355,432.2611270050356,0.01848,catalog,9193526552.252268,71536383.68557858,Selsis,-0.3134903487824949,-0.6884707476730698,GP,0.3250632345083138,0.4608831298994194,1.6035492749217508e+23,1.6035492749217508e+23
2.33,1.242,catalog,0.24,595.0,20.951916667793355,589.9987574540667,0.01848,catalog,7117374068.7172785,47570989.631204516,Selsis,-0.4212643024316544,-0.7986259483696079,log,0.12307006929998755,0.423660779607995,8.438166872800705e+22,8.438166872800705e+22
2.33,1.242,catalog,0.24,595.0,20.951916667793355,739.7707255305835,0.01848,catalog,3317889719.5297203,99160821.83101706,Jackson,-0.30830043717064576,-0.7207084641614597,GP,0.07690729122259199,0.7511409915349793,8.317264047566071e+22,8.317264047566071e+22
2.33,1.242,catalog,0.24,595.0,20.951916667793355,1401.007420892651,0.01848,catalog,3643485893.687218,9828179.079797955,Selsis,-0.44328875571141396,-0.7706071357542901,linear,0.15469800678816553,0.15467708468906183,5.943580560095917e+22,5.943580560095917e+22
2.33,1.242,catalog,0.24,595.0,20.951916667793355,323.205104241136,0.01848,catalog,7431527396.606028,51654080.1912722,Jackson,-0.40795610250582975,-0.7287990203038021,linear,0.22687113925059413,0.48027818312782367,4.950550818770559e+22,4.950550818770559e+22
2.33,1.242,catalog,0.24,595.0,20.951916667793355,581.2899669767535,0.01848,catalog,4165682747.347996,40859293.30476102,Jackson,-0.41541172539568844,-0.7013128701687862,linear,0.07015540466561232,0.04331184910112984,3.378726607495712e+22,3.378726607495712e+22
2.33,1.242,catalog,0.24,595.0,20.951916667793355,1867.442432407459,0.01848,catalog,2955904035.9771996,20277559.227198992,Selsis,-0.33236846256856567,-0.7098911486390813,log,0.4508598863258548,0.7603939794256624,1.107497296581583e+23,1.107497296581583e+23
2.33,1.242,catalog,0.24,595.0,20.951916667793355,2755.1033440726637,0.01848,catalog,1038702837.0217127,3397228.3240000824,Jackson,-0.3634462897335202,-0.6384007472884411,log,0.38610190322676724,0.04619324704676431,1.7281619501962303e+22,1.7281619501962303e+22
2.33,1.242,catalog,0.24,595.0,20.951916667793355,734.6544234888278,0.01848,catalog,3339376068.5574026,2642005.3564497735,Jackson,-0.2926555396320664,-0.7833496714120703,linear,0.4719173188135007,0.4296408659142166,7.632941939153494e+22,7.632941939153494e+22
2.33,1.242,catalog,0.24,595.0,20.951916667793355,2774.3497648402476,0.01848,catalog,2230707997.5471754,70428849.27534765,Selsis,-0.4649672155143471,-0.7566471595654362,GP,0.09680918033162351,0.3215813819760506,5.641163187054265e+22,5.641163187054265e+22
2.33,1.242,catalog,0.24,595.0,20.951916667793355,5602.541144122228,0.01848,catalog,1139429613.4292965,59850814.16936733,Selsis,-0.28001436566895227,-0.7002787464319807,GP,0.14956016246346923,0.33196018419629547,3.4796627698108642e+22,3.4796627698108642e+22
2.33,1.242,catalog,0.24,595.0,20.951916667793355,2556.9462701321854,0.01848,catalog,1106441528.7013958,62850722.08578386,Jackson,-0.48021984877787344,-0.6505773330406933,GP,0.3658553398240462,0.11662598565834326,1.982012854395648e+22,1.982012854395648e+22
2.33,1.242,catalog,0.24,595.0,20.951916667793355,565.9223315873205,0.01848,catalog,4273918503.391015,26673560.67120786,Jackson,-0.3822177376704686,-0.6243511211894524,linear,0.19380272320328917,0.7436518490447737,7.454197133856491e+22,7.454197133856491e+22
2.33,1.242,catalog,0.24,595.0,20.951916667793355,736.5821638504813,0.01848,catalog,3331244980.945873,59872312.78993152,Jackson,-0.4543833377779373,-0.7024715524971158,GP,0.3454457947888536,0.2272873416955583,3.6559439399175162e+22,3.6559439399175162e+22
2.33,1.242,catalog,0.24,595.0,20.951916667793355,348.17450402921224,0.01848,catalog,6890997621.740056,33524793.094501745,Jackson,-0.3941931304809985,-0.6160821976136587,linear,0.050051460352308036,0.5011124012883904,7.206054079683414e+22,7.206054079683414e+22
2.33,1.242,catalog,0.24,595.0,20.951916667793355,984.5857979069204,0.01848,catalog,4750362634.58424,93854079.49779998,Selsis,-0.33203505262898114,-0.6814043449385042,log,0.16588467493552683,0.9102927580134561,1.2911203991342842e+23,1.2911203991342842e+23
2.33,1.242,catalog,0.24,595.0,20.951916667793355,2288.6077520866934,0.01848,catalog,1215933196.3507614,3816194.4513479704,Jackson,-0.39465974017604427,-0.632699324673845,GP,0.4039916619618051,0.5465384015573458,4.396856933958739e+22,4.396856933958739e+22
2.33,1.242,catalog,0.24,595.0,20.951916667793355,1358.3559566855176,0.01848,catalog,3728116942.150123,97099653.93270876,Selsis,-0.3116232318193503,-0.7278324979095135,log,0.29111517893338706,0.5361237645969171,1.273472969660465e+23,1.273472969660465e+23
2.33,1.242,catalog,0.24,595.0,20.951916667793355,1050.061192886257,0.01848,catalog,4523295762.758967,98001226.96048374,Selsis,-0.3447298040631057,-0.739312861592634,linear,0.06160855468631259,0.14271108444321845,7.444518729547674e+22,7.444518729547674e+22
2.33,1.242,catalog,0.24,595.0,20.951916667793355,616.3085935354584,0.01848,catalog,6870838276.373751,96553145.12613516,Selsis,-0.3874955929484854,-0.6495681496427218,GP,0.315233447377662,0.6818697224440349,1.1578884178875233e+23,1.1578884178875233e+23
2.33,1.242,catalog,0.24,595.0,20.951916667793355,383.73315208066737,0.01848,catalog,10163094600.196104,86063026.04968682,Selsis,-0.292583537967312,-0.6908421416202566,linear,0.09963846608852693,0.30473635081864225,1.547894107740875e+23,1.547894107740875e+23
2.33,1.242,catalog,0.24,595.0,20.951916667793355,754.6052110717178,0.01848,catalog,3257252726.695917,36254875.3048295,Jackson,-0.3220057184286963,-0.6877367135447309,GP,0.21634658048137687,0.43434431929714257,6.726214614633776e+22,6.726214614633776e+22
2.33,1.242,catalog,0.24,595.0,20.951916667793355,1252.144197992958,0.01848,catalog,2056113394.5934603,88805158.28852129,Jackson,-0.2908944141245393,-0.6434564391585903,log,0.11648809484016757,0.43477917150400314,6.236714376843099e+22,6.236714376843099e+22
2.33,1.242,catalog,0.24,595.0,20.951916667793355,1455.555108373162,0.01848,catalog,3541834812.2445555,25526056.725644473,Selsis,-0.38112278909781677,-0.6672675935577368,linear,0.3710406231167587,0.24253069973247887,7.466276346237692e+22,7.466276346237692e+22
2.33,1.242,catalog,0.24,595.0,20.951916667793355,1085.5517251804788,0.01848,catalog,2336276694.33929,34863293.903786115,Jackson,-0.29437453652815737,-0.7527310423755826,log,0.356577516676389,0.05772907981346076,3.80329962269633e+22,3.80329962269633e+22
2.33,1.242,catalog,0.24,595.0,20.951916667793355,919.6571061377405,0.01848,catalog,2715129760.577097,99429716.2806844,Jackson,-0.468585920382545,-0.7728528131812064,linear,0.42504568062272813,0.648910122690378,3.817883345307963e+22,3.817883345307963e+22
2.33,1.242,catalog,0.24,595.0,20.951916667793355,1547.1615463642954,0.01848,catalog,1705740792.2465491,24590698.69544748,Jackson,-0.29342835117926047,-0.7969234849550092,log,0.17355891894996628,0.8444790065759551,8.052513384131024e+22,8.052513384131024e+22
2.33,1.242,catalog,0.24,595.0,20.951916667793355,1026.910711579217,0.01848,catalog,4600530079.544348,31309103.816546224,Selsis,-0.38796826255738365,-0.6544245218011094,linear,0.18093530074998823,0.10179166118270278,6.952984687971436e+22,6.952984687971436e+22
2.33,1.242,catalog,0.24,595.0,20.951916667793355,913.5041481246434,0.01848,catalog,5031429778.643729,77342264.62148578,Selsis,-0.49896899041333853,-0.6885114410151709,linear,0.06666146749983001,0.3592908416972802,7.897727079928461e+22,7.897727079928461e+22
2.33,1.242,catalog,0.24,595.0,20.951916667793355,812.7669739659968,0.01848,catalog,3041008924.095562,80129017.20414615,Jackson,-0.32167750115013505,-0.727500227744839,log,0.21922205792610636,0.3497780003555594,5.7666101796787576e+22,5.7666101796787576e+22
2.33,1.242,catalog,0.24,595.0,20.951916667793355,5588.854061612263,0.01848,catalog,471912587.82881314,35101149.73030977,Selsis,-0.30357123320178114,-0.7763685897732202,linear,0.46248507785407433,0.08124980870896714,7.904354976644532e+21,7.904354976644532e+21
2.33,1.242,catalog,0.24,595.0,20.951916667793355,1036.4795257706896,0.01848,catalog,4568221610.671349,82363845.62014312,Selsis,-0.3770936110040632,-0.7614358310420317,linear,0.36003322610665356,0.3074998883876625,8.54701475526684e+22,8.54701475526684e+22
2.33,1.242,catalog,0.24,595.0,20.951916667793355,1061.6343050233352,0.01848,catalog,2383616330.322547,54846789.43808201,Jackson,-0.4019103260172011,-0.6714833851186282,GP,0.11996974557937959,0.4309580485991702,4.692992617951845e+22,4.692992617951845e+22
2.33,1.242,catalog,0.24,595.0,20.951916667793355,1918.9025274903963,0.01848,catalog,1414493425.8619838,64846845.198596284,Jackson,-0.3067024422121599,-0.7698108221183305,log,0.08891739596114372,0.8208508732953019,6.36703527785245e+22,6.36703527785245e+22
2.33,1.242,catalog,0.24,595.0,20.951916667793355,680.9974908479937,0.01848,catalog,3584755833.0656743,87853853.09207122,Jackson,-0.48870755236355506,-0.6903626603913529,GP,0.11177206085857433,0.044934579477526326,2.877508548655706e+22,2.877508548655706e+22
2.33,1.242,catalog,0.24,595.0,20.951916667793355,894.706012560698,0.01848,catalog,2784230441.387831,42870428.058830045,Jackson,-0.3133991847994452,-0.71339658842371,linear,0.3346473010717187,0.46899615824284335,6.681570674784358e+22,6.681570674784358e+22
2.33,1.242,catalog,0.24,595.0,20.951916667793355,845.12086428735,0.01848,catalog,2933659948.9424634,14384825.734728327,Jackson,-0.34433038001037536,-0.6635323025414238,log,0.1776026262303612,0.37604337316466496,5.813645700607743e+22,5.813645700607743e+22
2.33,1.242,catalog,0.24,595.0,20.951916667793355,401.8067857235827,0.01848,catalog,5969619729.355002,86411555.3239831,Jackson,-0.3675155965433215,-0.6348068771736888,log,0.08699600213741387,0.9666953819769343,7.50471336518953e+22,7.50471336518953e+22
2.33,1.242,catalog,0.24,595.0,20.951916667793355,310.25706498901303,0.01848,catalog,7748604084.834887,57768719.20805831,Jackson,-0.37095603904023783,-0.6182306047191359,GP,0.19927138576485914,0.9644303820504542,8.203935945341572e+22,8.203935945341572e+22
2.33,1.242,catalog,0.24,595.0,20.951916667793355,350.898078164562,0.01848,catalog,6836989161.500405,94368053.82080916,Jackson,-0.4393915898763116,-0.6106464422548947,log,0.10793158969213615,0.9455903637605523,6.350450830688977e+22,6.350450830688977e+22
2.33,1.242,catalog,0.24,595.0,20.951916667793355,553.8959652574441,0.01848,catalog,4362937433.948879,60666199.45776315,Jackson,-0.45652556873826683,-0.7077126957166475,GP,0.2011814293291704,0.34610802476457925,4.041233215861947e+22,4.041233215861947e+22
2.33,1.242,catalog,0.24,595.0,20.951916667793355,3390.8724908838853,0.01848,catalog,1938393556.205517,10841300.950623417,Selsis,-0.37179103628775734,-0.6599514819988008,log,0.11311143688445444,0.2710500939150262,5.373145980001785e+22,5.373145980001785e+22
2.33,1.242,catalog,0.24,595.0,20.951916667793355,1945.7858619968413,0.01848,catalog,2869927931.062136,31804287.54602749,Selsis,-0.4224608969503032,-0.6713590162028631,GP,0.2839795898679542,0.11906121088902188,5.200648684080853e+22,5.200648684080853e+22
2.33,1.242,catalog,0.24,595.0,20.951916667793355,676.137006606708,0.01848,catalog,3609020910.3987956,78855915.56577769,Jackson,-0.4433088481219288,-0.6957693381523019,log,0.1577046289899806,0.898832018163729,4.603959014128507e+22,4.603959014128507e+22
2.33,1.242,catalog,0.24,595.0,20.951916667793355,1180.2079581969344,0.01848,catalog,4141273070.612475,29751087.35300927,Selsis,-0.3736179622647406,-0.6825535481959369,GP,0.17338304814065345,0.2883439528643751,8.54137154986691e+22,8.54137154986691e+22
2.33,1.242,catalog,0.24,595.0,20.951916667793355,1446.5290174073104,0.01848,catalog,1809532810.015259,83391518.14290224,Jackson,-0.3806592885595941,-0.6467724059371344,linear,0.054750153574677676,0.7140300028417885,4.937103587388081e+22,4.937103587388081e+22
2.33,1.242,catalog,0.24,595.0,20.951916667793355,1057.8763468991508,0.01848,catalog,2391246952.9237275,91912197.23103027,Jackson,-0.42844976762549886,-0.6286054578628446,GP,0.4363197658154324,0.20715956234807398,3.7427929184282723e+22,3.7427929184282723e+22
2.33,1.242,catalog,0.24,595.0,20.951916667793355,595.4416715491759,0.01848,catalog,7064667336.665792,44693369.25534446,Selsis,-0.3591042965616981,-0.7546819462367228,linear,0.05641530634113077,0.24730031696520116,9.60838844931554e+22,9.60838844931554e+22
2.33,1.242,catalog,0.24,595.0,20.951916667793355,202.2549357078309,0.01848,catalog,12162907617.359512,82059927.80312735,Jackson,-0.48945565616391923,-0.7840783057718278,linear,0.06708980716087233,0.6310034671964299,3.7481445186005327e+22,3.7481445186005327e+22
2.33,1.242,catalog,0.24,595.0,20.951916667793355,1096.3434746685903,0.01848,catalog,2315585451.8367414,24946821.347510323,Jackson,-0.29946721211835564,-0.756827515549499,GP,0.06282023622105125,0.6428281199439871,7.892982271658523e+22,7.892982271658523e+22
2.33,1.242,catalog,0.24,595.0,20.951916667793355,409.631788745725,0.01848,catalog,5856427997.8123255,42605411.62913845,Jackson,-0.46920161842758995,-0.6408972053231502,linear,0.07991204033341825,0.3138260611492282,4.635678240932553e+22,4.635678240932553e+22
2.33,1.242,catalog,0.24,595.0,20.951916667793355,939.2050535800611,0.01848,catalog,2663552208.2380238,76128547.41807494,Jackson,-0.3061544803071396,-0.6873707523270913,log,0.13465738852932055,0.431497859833043,6.476948999663025e+22,6.476948999663025e+22
2.33,1.242,catalog,0.24,595.0,20.951916667793355,3442.490534311464,0.01848,catalog,1918125553.1881692,18739881.115598075,Selsis,-0.3997435270274579,-0.671218578228776,log,0.055706627801932536,0.4689474025366185,6.584568305625723e+22,6.584568305625723e+22
2.33,1.242,catalog,0.24,595.0,20.951916667793355,1440.2535523735767,0.01848,catalog,1816475482.368321,34240994.86588207,Jackson,-0.33076764384866963,-0.6488259512470849,linear,0.1051816990487205,0.9942048477351237,6.872125410569786e+22,6.872125410569786e+22
2.33,1.242,catalog,0.24,595.0,20.951916667793355,614.7726457702478,0.01848,catalog,6884677937.807662,32238761.100851398,Selsis,-0.35898983964249304,-0.7592707926847171,GP,0.2873506226031233,0.6476364460061088,1.196297374774793e+23,1.196297374774793e+23
2.33,1.242,catalog,0.24,595.0,20.951916667793355,631.6509254241926,0.01848,catalog,3848819021.9400287,95536423.83251125,Jackson,-0.38087917010686956,-0.6636081843153564,log,0.24116095075204283,0.31928312118479174,5.1991369569862685e+22,5.1991369569862685e+22
2.33,1.242,catalog,0.24,595.0,20.951916667793355,509.4902710454232,0.01848,catalog,4729296148.938719,50000190.49376758,Jackson,-0.309034298567362,-0.7668985788257865,log,0.05707193054297916,0.14036883120046584,5.915559150046322e+22,5.915559150046322e+22
2.33,1.242,catalog,0.24,595.0,20.951916667793355,549.6534961625875,0.01848,catalog,7539080119.569806,32436210.19455702,Selsis,-0.46287238907348754,-0.6894370084189733,GP,0.32616280717320045,0.9021280754009489,8.708322170611252e+22,8.708322170611252e+22
2.33,1.242,catalog,0.24,595.0,20.951916667793355,566.9926904218489,0.01848,catalog,4266184197.8317714,32198776.907114536,Jackson,-0.2827167992916784,-0.7745197796021405,log,0.12106925072733132,0.19262604605270328,6.80686938815917e+22,6.80686938815917e+22
2.33,1.242,catalog,0.24,595.0,20.951916667793355,6886.896456312547,0.01848,catalog,355519765.70526403,38459941.44288899,Jackson,-0.3203801641468133,-0.7514774499453732,log,0.330797194024487,0.9967105310545935,2.4334379725196536e+22,2.4334379725196536e+22
2.33,1.242,catalog,0.24,595.0,20.951916667793355,1100.0391060212644,0.01848,catalog,4366787315.929671,29064590.489851076,Selsis,-0.2952340746605203,-0.6805821003614375,log,0.12822047874996967,0.3075593158019284,1.1073702174057039e+23,1.1073702174057039e+23
2.33,1.242,catalog,0.24,595.0,20.951916667793355,5595.2908647371705,0.01848,catalog,977415444.5316939,30810600.03870017,Selsis,-0.2869706381060707,-0.6098468804211509,GP,0.4175975298118404,0.4259814344491093,3.7885478968314084e+22,3.7885478968314084e+22
2.33,1.242,catalog,0.24,595.0,20.951916667793355,1392.7676551893674,0.01848,catalog,3659468337.3165193,43264606.84844931,Selsis,-0.4568805656019695,-0.7238843960137148,log,0.36843794444639577,0.6210931576027676,7.484600148754121e+22,7.484600148754121e+22
2.33,1.242,catalog,0.24,595.0,20.951916667793355,392.6004583247121,0.01848,catalog,6108886033.984349,69196881.07216582,Jackson,-0.2861447185665558,-0.6723099355395092,log,0.10231934815331821,0.5723390469759199,1.1072411763242336e+23,1.1072411763242336e+23
2.33,1.242,catalog,0.24,595.0,20.951916667793355,593.4904193236538,0.01848,catalog,7083456345.21012,24829977.39304724,Selsis,-0.3741522106629515,-0.6299214670031972,log,0.20036160817807605,0.10005381192350626,8.980317698443609e+22,8.980317698443609e+22
2.33,1.242,catalog,0.24,595.0,20.951916667793355,1570.3300527464755,0.01848,catalog,3350690678.1580486,58472524.91744956,Selsis,-0.36848553055812533,-0.7406628337745242,log,0.13840114158020017,0.2190282415799789,6.861758995586831e+22,6.861758995586831e+22
2.33,1.242,catalog,0.24,595.0,20.951916667793355,1099.253674907335,0.01848,catalog,4369145670.029477,74627733.54898146,Selsis,-0.43751801917810906,-0.6267455344783579,GP,0.1427708887035305,0.8050569211036857,9.438165145436145e+22,9.438165145436145e+22
2.33,1.242,catalog,0.24,595.0,20.951916667793355,381.79884699962366,0.01848,catalog,6281333860.693541,20515532.293796696,Jackson,-0.458032632439727,-0.6630053906393084,GP,0.13799362903621717,0.5595289909154492,5.143015125178641e+22,5.143015125178641e+22
2.33,1.242,catalog,0.24,595.0,20.951916667793355,921.9621867241156,0.01848,catalog,2708934335.897515,71285987.5356272,Jackson,-0.4618833867735184,-0.7548670168746149,GP,0.2211929193496943,0.996107942880016,4.096828661158558e+22,4.096828661158558e+22
2.33,1.242,catalog,0.24,595.0,20.951916667793355,1145.833610502669,0.01848,catalog,4234424399.3960323,63079679.151357956,Selsis,-0.4930095913560691,-0.7063607969739739,GP,0.12846371842494006,0.7997427379730305,7.4989991708249024e+22,7.4989991708249024e+22
2.33,1.242,catalog,0.24,595.0,20.951916667793355,1121.3897406936242,0.01848,catalog,2269080371.2551947,31719578.648989666,Jackson,-0.41988159117263196,-0.6392222655135609,GP,0.22347698204055866,0.9599494275704227,5.3619676868773744e+22,5.3619676868773744e+22
2.33,1.242,catalog,0.24,595.0,20.951916667793355,1194.8117939576834,0.01848,catalog,2143843923.0589776,59674893.709584676,Jackson,-0.3197601792834503,-0.7058517759245762,log,0.09988003221519642,0.5823384360937441,6.49505927258871e+22,6.49505927258871e+22
2.33,1.242,catalog,0.24,595.0,20.951916667793355,2229.068910819924,0.01848,catalog,2604447231.9005966,99679775.35142325,Selsis,-0.3376588650506066,-0.6589582665861935,linear,0.3945778662528802,0.39480439793222766,8.337830506918177e+22,8.337830506918177e+22
2.33,1.242,catalog,0.24,595.0,20.951916667793355,1365.1711005967202,0.01848,catalog,3714271553.106737,51921656.83259236,Selsis,-0.4929294729377921,-0.7470587509310497,GP,0.40890123476719825,0.67756534145178,7.01723479830252e+22,7.01723479830252e+22
2.33,1.242,catalog,0.24,595.0,20.951916667793355,5559.932923920587,0.01848,catalog,1334232128.855768,82873047.3219529,Selsis,-0.32153869951076297,-0.7495627513542442,log,0.2439486524219744,0.47530190268239936,5.610563440790925e+22,5.610563440790925e+22
2.33,1.242,catalog,0.24,595.0,20.951916667793355,405.5835216103202,0.01848,catalog,5914413762.814259,70188547.07163623,Jackson,-0.377393594835366,-0.6417902094231057,linear,0.18936265845384245,0.8231693007017289,7.0476359934433854e+22,7.0476359934433854e+22
2.33,1.242,catalog,0.24,595.0,20.951916667793355,1029.7975514662262,0.01848,catalog,2450006768.223326,77076578.59187056,Jackson,-0.43512448571079126,-0.7115578980808583,GP,0.21800457004960977,0.25889775268390103,3.5920649203119255e+22,3.5920649203119255e+22
2.33,1.242,catalog,0.24,595.0,20.951916667793355,637.0118255770582,0.01848,catalog,6690493101.221752,9754360.407449733,Selsis,-0.39077470937792724,-0.6636376627157872,linear,0.12021423480637976,0.03557821204733147,7.483231885813683e+22,7.483231885813683e+22
2.33,1.242,catalog,0.24,595.0,20.951916667793355,1983.5430276424381,0.01848,catalog,1374650803.7601652,90608332.4745315,Jackson,-0.49580492444910496,-0.6025440518524313,log,0.1315117790584252,0.4603759280005747,3.777581676015374e+22,3.777581676015374e+22
2.33,1.242,catalog,0.24,595.0,20.951916667793355,906.6914896618691,0.01848,catalog,5060825021.957488,17603880.755646154,Selsis,-0.4026552030095472,-0.6016195366474322,linear,0.16150376921599893,0.2870954838917339,9.840377770151254e+22,9.840377770151254e+22
2.33,1.242,catalog,0.24,595.0,20.951916667793355,261.9065582120573,0.01848,catalog,9234550555.349129,31916551.078348897,Jackson,-0.4363831819528746,-0.7035503890130606,log,0.10136268652643284,0.4709379960024547,4.7553165146861796e+22,4.7553165146861796e+22
2.33,1.242,catalog,0.24,595.0,20.951916667793355,303.09013813600814,0.01848,catalog,7936645647.980676,68550330.84079838,Jackson,-0.364982361464886,-0.6872772641589061,linear,0.09457765456697995,0.40368009573060093,5.914559698769927e+22,5.914559698769927e+22
2.33,1.242,catalog,0.24,595.0,20.951916667793355,505.6430042123869,0.01848,catalog,8072408314.521125,34089699.267474845,Selsis,-0.32439292447616697,-0.7380026624522193,linear,0.16901862408584908,0.2281241270480021,1.1374541580925266e+23,1.1374541580925266e+23
2.33,1.242,catalog,0.24,595.0,20.951916667793355,1278.7690850491038,0.01848,catalog,2018001248.9372458,45621965.00493265,Jackson,-0.38258218101578545,-0.6815686246329614,log,0.22800448769210338,0.8723632372402684,5.191933013617132e+22,5.191933013617132e+22
2.33,1.242,catalog,0.24,595.0,20.951916667793355,623.8599434638337,0.01848,catalog,3894412900.247376,39524681.62983969,Jackson,-0.36282271007314526,-0.6330263083040679,log,0.15500455974296262,0.7367769902629253,7.513706427892521e+22,7.513706427892521e+22
2.33,1.242,catalog,0.24,595.0,20.951916667793355,227.7019262312346,0.01848,catalog,10706658225.9561,90418942.36218283,Jackson,-0.28465470488464567,-0.7677466031254744,GP,0.08124311824660543,0.9694292766716966,1.219134814205656e+23,1.219134814205656e+23
2.33,1.242,catalog,0.24,595.0,20.951916667793355,5565.358474390859,0.01848,catalog,1321895190.8795364,32711871.687814884,Selsis,-0.33896761644304985,-0.786107739272016,GP,0.1185992321462115,0.4965232131274011,5.779426876923539e+22,5.779426876923539e+22
2.33,1.242,catalog,0.24,595.0,20.951916667793355,580.809014711734,0.01848,catalog,7208501518.28178,18382841.78064025,Selsis,-0.4564510715323244,-0.7148612560463852,linear,0.25400882580296347,0.33450492307396806,8.239790719909483e+22,8.239790719909483e+22
2.33,1.242,catalog,0.24,595.0,20.951916667793355,952.8335590150431,0.01848,catalog,4870810477.643596,14516521.164016806,Selsis,-0.28805823346334936,-0.6995706408030031,GP,0.3039499916528508,0.5794085545996678,1.6942767748037373e+23,1.6942767748037373e+23
2.33,1.242,catalog,0.24,595.0,20.951916667793355,969.1953784611552,0.01848,catalog,2588452788.4532547,9013294.187706696,Jackson,-0.4450762115813161,-0.7943295917952203,log,0.28657041206095013,0.11812655311043951,3.1231151624853775e+22,3.1231151624853775e+22
2.33,1.242,catalog,0.24,595.0,20.951916667793355,3000.337121834092,0.01848,catalog,2111327725.1393323,91357779.28720693,Selsis,-0.3919596818717824,-0.7278329836816875,log,0.23057388553356978,0.5000398491352923,6.52107055519004e+22,6.52107055519004e+22
2.33,1.242,catalog,0.24,595.0,20.951916667793355,370.4896129717903,0.01848,catalog,10470833882.037037,74466723.41161129,Selsis,-0.3179276836425373,-0.7712951901929865,log,0.0854846153183684,0.9580187138870644,1.6032352067234253e+23,1.6032352067234253e+23
2.33,1.242,catalog,0.24,595.0,20.951916667793355,5597.677796476373,0.01848,catalog,1028054948.4711297,61085444.32245943,Selsis,-0.38595183381389386,-0.6049347031865824,log,0.1276884437336988,0.7781463487446953,4.35160178659794e+22,4.35160178659794e+22
2.33,1.242,catalog,0.24,595.0,20.951916667793355,557.7277720222282,0.01848,catalog,4334145007.299246,77518222.53658631,Jackson,-0.32284476138761414,-0.6767467132816494,log,0.1802117915462761,0.9041909544863289,8.633160215086927e+22,8.633160215086927e+22
2.33,1.242,catalog,0.24,595.0,20.951916667793355,869.2655191641005,0.01848,catalog,2858767065.546297,59328207.534722224,Jackson,-0.3633142755030049,-0.6721747275593116,linear,0.45564695152941387,0.2257477979711201,4.4953743853196665e+22,4.4953743853196665e+22
2.33,1.242,catalog,0.24,595.0,20.951916667793355,438.31407030172323,0.01848,catalog,5477743637.534008,88606056.1531231,Jackson,-0.32602342755302605,-0.7978584302768992,log,0.07566248204299644,0.01869523101990722,4.673455203847591e+22,4.673455203847591e+22
2.33,1.242,catalog,0.24,595.0,20.951916667793355,330.53840563901736,0.01848,catalog,7263727924.11351,26674234.8634088,Jackson,-0.4221122511547659,-0.7882215184983827,GP,0.200012258671677,0.7414399290128822,4.834939507060925e+22,4.834939507060925e+22
2.33,1.242,catalog,0.24,595.0,20.951916667793355,598.2624636136876,0.01848,catalog,7037712447.2623005,63858353.96212456,Selsis,-0.2850170716013914,-0.7320907384525269,GP,0.12663697454783854,0.8057864550970123,2.0516489702664457e+23,2.0516489702664457e+23
2.33,1.242,catalog,0.24,595.0,20.951916667793355,596.2231174663387,0.01848,catalog,7057175526.82715,81762723.66028886,Selsis,-0.39846448964759745,-0.7720807244606849,log,0.13089919442402986,0.3332913714514695,8.90825315895351e+22,8.90825315895351e+22
2.33,1.242,catalog,0.24,595.0,20.951916667793355,264.90486359656063,0.01848,catalog,9125231237.212782,5786601.9707361115,Jackson,-0.3853875623865195,-0.7817878803557906,GP,0.281866042843431,0.519301005298351,5.521784147511869e+22,5.521784147511869e+22
2.33,1.242,catalog,0.24,595.0,20.951916667793355,396.9337628508432,0.01848,catalog,6042486676.269426,16014794.284110714,Jackson,-0.3988759879421237,-0.7386083262361508,linear,0.22869231118901395,0.4098827841784508,4.973393941028862e+22,4.973393941028862e+22
2.33,1.242,catalog,0.24,595.0,20.951916667793355,545.737371040368,0.01848,catalog,4425631186.076532,80723175.80207565,Jackson,-0.4758351341568403,-0.6105674277233213,linear,0.1697479907148232,0.6538245714016911,6.000079869975199e+22,6.000079869975199e+22
2.33,1.242,catalog,0.24,595.0,20.951916667793355,1194.0051602997514,0.01848,catalog,2145137338.1188917,3855987.0641656937,Jackson,-0.47445632380420527,-0.6132561691592383,GP,0.057699562135180904,0.8838840756859762,5.51398393083168e+22,5.51398393083168e+22
2.33,1.242,catalog,0.24,595.0,20.951916667793355,2416.9455544118027,0.01848,catalog,2459115257.320179,81472368.89019758,Selsis,-0.4893925267003402,-0.6853504065364062,linear,0.061728478465918696,0.700081458313499,6.144215716983946e+22,6.144215716983946e+22
2.33,1.242,catalog,0.24,595.0,20.951916667793355,3666.2325478807916,0.01848,catalog,1836077098.0802805,58519976.923996754,Selsis,-0.3313971883126508,-0.7032253699195044,linear,0.16655825458515552,0.540824979219673,8.151336573561343e+22,8.151336573561343e+22
2.33,1.242,catalog,0.24,595.0,20.951916667793355,453.0765098501536,0.01848,catalog,5302378922.725357,58995685.08118604,Jackson,-0.46194595955221435,-0.7262914054335401,linear,0.34848084525472073,0.7442659392269213,4.3156583571066815e+22,4.3156583571066815e+22
2.33,1.242,catalog,0.24,595.0,20.951916667793355,5598.287335185184,0.01848,catalog,1041398579.914195,56724073.60000351,Selsis,-0.32625651011233425,-0.6025472391573653,log,0.1574965495145926,0.7147213661643738,5.717236640374895e+22,5.717236640374895e+22
2.33,1.242,catalog,0.24,595.0,20.951916667793355,5556.547525483191,0.01848,catalog,1341994817.4133604,77971719.23202476,Selsis,-0.2979729643248601,-0.7558384792221355,linear,0.1832548943261978,0.06450033266441735,2.200786775825561e+22,2.200786775825561e+22
2.33,1.242,catalog,0.24,595.0,20.951916667793355,621.8725274729782,0.01848,catalog,3906230687.3724914,69687526.68551803,Jackson,-0.45114909580478674,-0.7339268271702006,log,0.4928208800844288,0.7819828745506058,4.3040957788957255e+22,4.3040957788957255e+22
2.33,1.242,catalog,0.24,595.0,20.951916667793355,1954.4705635488563,0.01848,catalog,2860776242.848802,24998642.39779492,Selsis,-0.4652127226588964,-0.6717239400058218,linear,0.08766225348329679,0.900899570043455,7.319348418894656e+22,7.319348418894656e+22
2.33,1.242,catalog,0.24,595.0,20.951916667793355,481.214985459046,0.01848,catalog,8408861243.868877,78181314.98020191,Selsis,-0.3097587062706628,-0.6527655723860992,GP,0.16849807398429043,0.08335732407825547,1.0849736707118744e+23,1.0849736707118744e+23
2.33,1.242,catalog,0.24,595.0,20.951916667793355,623.4334214616889,0.01848,catalog,6807488972.117149,69687619.05870613,Selsis,-0.28452916597109534,-0.7981609600532432,log,0.29107420258452765,0.6273648189045086,1.936680103749198e+23,1.936680103749198e+23
2.33,1.242,catalog,0.24,595.0,20.951916667793355,1539.9101647476793,0.01848,catalog,3398766013.084329,85174161.24137542,Selsis,-0.3153091827155583,-0.7531996970909223,log,0.44762766915361535,0.008745994333639429,5.072624496210178e+22,5.072624496210178e+22
2.33,1.242,catalog,0.24,595.0,20.951916667793355,293.73445118499626,0.01848,catalog,8197013117.217761,83983279.82824975,Jackson,-0.423628414798533,-0.7683262214570379,GP,0.3334414326872038,0.5050820264422762,4.388725497690299e+22,4.388725497690299e+22
2.33,1.242,catalog,0.24,595.0,20.951916667793355,527.7396930386866,0.01848,catalog,4571016025.665384,33680021.61980321,Jackson,-0.3833821939089087,-0.7816864463639155,log,0.17005081530596292,0.5997862900815394,5.544387731003765e+22,5.544387731003765e+22
2.33,1.242,catalog,0.24,595.0,20.951916667793355,658.9481699871401,0.01848,catalog,3697759651.1291723,56370481.065036,Jackson,-0.43415353205037593,-0.6498651502289026,GP,0.2228907115592511,0.2439149724140185,4.466929505466378e+22,4.466929505466378e+22
2.33,1.242,catalog,0.24,595.0,20.951916667793355,373.3711924340795,0.01848,catalog,6423217206.451274,75637971.46206294,Jackson,-0.38058694566763285,-0.67378209339062,linear,0.32314039959908447,0.13077968347415891,4.43946244918573e+22,4.43946244918573e+22
2.33,1.242,catalog,0.24,595.0,20.951916667793355,335.15703678603063,0.01848,catalog,11408925262.541832,36756131.869983815,Selsis,-0.40497585828826216,-0.6658381416702001,linear,0.11379733193491084,0.2734160017225744,9.410723871403509e+22,9.410723871403509e+22
2.33,1.242,catalog,0.24,595.0,20.951916667793355,426.3061737636619,0.01848,catalog,5629775883.10849,98294720.18605375,Jackson,-0.3152958112183474,-0.7506592782314963,linear,0.3129869771206273,0.8326510949543919,8.865420067416832e+22,8.865420067416832e+22
2.33,1.242,catalog,0.24,595.0,20.951916667793355,477.63809027172005,0.01848,catalog,5035637013.993992,61323587.202039674,Jackson,-0.2940494212981708,-0.6009013526379058,linear,0.17473764651198126,0.5126746293560805,1.0547316380851238e+23,1.0547316380851238e+23
2.33,1.242,catalog,0.24,595.0,20.951916667793355,384.3221833804659,0.01848,catalog,6240131833.547454,87573362.98933855,Jackson,-0.4260442457335494,-0.6103464009112066,log,0.10500630713438402,0.30015032165450506,5.659207248347292e+22,5.659207248347292e+22
