pl_mass,pl_radius,mass_source,st_mass,pl_teff,pl_insol,pl_XUV_flux,pl_orbsmax,orbit_source,st_age,pl_form_yr,x-ray-model,euv_gamma1,euv_gamma2,co2_fit,ch4_eta,N2O2_frac,C_loss,atmospheric_loss
3.131426744186047,1.367,radius relation,0.12,271.5220750552471,0.91,249.031617317901,0.03984,catalog,3925185157.755879,59611398.19542026,Selsis,-0.339648469724234,-0.7895904539290918,linear,0.4392702724392881,0.7710221390913495,1.346427458773511e+20,1.346427458773511e+20
3.131426744186047,1.367,radius relation,0.12,271.5220750552471,0.91,294.3845626795462,0.03984,catalog,2394103374.2416635,21002399.59904811,Selsis,-0.3438605837659629,-0.632824818507316,log,0.10571470142334898,0.9611062854920444,6.489546344690962e+20,6.489546344690962e+20
3.131426744186047,1.367,radius relation,0.12,271.5220750552471,0.91,224.12249822875225,0.03984,catalog,4229186015.6071825,87671674.99224128,Selsis,-0.3159181305046115,-0.6569122777084998,GP,0.4262898595669029,0.0787716543498348,1.4140410427604776e+20,1.4140410427604776e+20
3.131426744186047,1.367,radius relation,0.12,271.5220750552471,0.91,151.19120942806862,0.03984,catalog,2886681554.89669,27686196.31946336,Jackson,-0.3408214876330804,-0.7421015637316632,log,0.11887708645868976,0.4351130354567365,9.802172757791981e+21,9.802172757791981e+21
3.131426744186047,1.367,radius relation,0.12,271.5220750552471,0.91,203.64546741640842,0.03984,catalog,2240218082.0840545,6932143.139650788,Jackson,-0.35695392035781126,-0.6805717655849521,GP,0.1733864329451965,0.5963742393245695,1.0462501164625548e+22,1.0462501164625548e+22
3.131426744186047,1.367,radius relation,0.12,271.5220750552471,0.91,146.045496359302,0.03984,catalog,5753810820.546346,53741649.2475298,Selsis,-0.29390148047701986,-0.6900770283502988,GP,0.1966365596675524,0.5857190206726124,6.716038244340413e+20,6.716038244340413e+20
3.131426744186047,1.367,radius relation,0.12,271.5220750552471,0.91,294.3845626795462,0.03984,catalog,1978959440.6754212,73610527.02411555,Selsis,-0.29305002212798453,-0.6666126818892978,log,0.1252203598319027,0.5130847714602229,5.023700332521081e+20,5.023700332521081e+20
3.131426744186047,1.367,radius relation,0.12,271.5220750552471,0.91,219.3289184005768,0.03984,catalog,4294636200.9983244,95667743.06058805,Selsis,-0.408291054717396,-0.6524610701979809,GP,0.11389926735406386,0.8224097809647652,1370683256843087.5,1370683256843087.5
3.131426744186047,1.367,radius relation,0.12,271.5220750552471,0.91,159.19482352415434,0.03984,catalog,5404608699.777721,62862866.483378716,Selsis,-0.28032303651336515,-0.6970295919044267,linear,0.23016406849339127,0.2104361182139447,8.192772331849177e+20,8.192772331849177e+20
3.131426744186047,1.367,radius relation,0.12,271.5220750552471,0.91,515.6886873457374,0.03984,catalog,1042284001.5965307,11083748.607889922,Jackson,-0.41351226262653346,-0.6567585272727591,GP,0.39810255169877534,0.9656101828699505,8.641942901939453e+21,8.641942901939453e+21
3.131426744186047,1.367,radius relation,0.12,271.5220750552471,0.91,177.97286924556815,0.03984,catalog,4986655358.5856495,66571535.03003522,Selsis,-0.44522092677794145,-0.7603806297240564,linear,0.2797793382761672,0.8087063032489324,1606079347050955.8,1606079347050955.8
3.131426744186047,1.367,radius relation,0.12,271.5220750552471,0.91,596.1867501907909,0.03984,catalog,927708950.5796952,10159749.669462556,Jackson,-0.45437660087033865,-0.6614864622672487,GP,0.13796419866031542,0.29301906923773735,7.38897216312577e+21,7.38897216312577e+21
3.131426744186047,1.367,radius relation,0.12,271.5220750552471,0.91,119.7466193875871,0.03984,catalog,6655044847.280911,20225015.076297026,Selsis,-0.47383844820347704,-0.7144505109434329,log,0.3050031249574162,0.03260596056784826,1.9686852010867347e+20,1.9686852010867347e+20
3.131426744186047,1.367,radius relation,0.12,271.5220750552471,0.91,294.3845626795462,0.03984,catalog,2492562702.451553,30364965.007232834,Selsis,-0.4197159887371534,-0.6117912526719186,log,0.21466128892674718,0.7209627753002408,2.8324468739844024e+20,2.8324468739844024e+20
3.131426744186047,1.367,radius relation,0.12,271.5220750552471,0.91,232.89186491245928,0.03984,catalog,2001251389.881668,6491781.501110955,Jackson,-0.28701957833404435,-0.6288936131589713,GP,0.16227275782926914,0.026433781979174453,1.3769366001929666e+22,1.3769366001929666e+22
3.131426744186047,1.367,radius relation,0.12,271.5220750552471,0.91,250.71978393613134,0.03984,catalog,1881608595.5335479,37222145.19787063,Jackson,-0.4286090364597616,-0.7997355482571172,linear,0.3835553262451608,0.4866351946644494,6.46809477522246e+21,6.46809477522246e+21
3.131426744186047,1.367,radius relation,0.12,271.5220750552471,0.91,124.91539639501502,0.03984,catalog,3404520640.5109663,76935069.72880168,Jackson,-0.29769812495967085,-0.6478889132889973,log,0.15982493317687366,0.582050795088978,1.2487446364667385e+22,1.2487446364667385e+22
3.131426744186047,1.367,radius relation,0.12,271.5220750552471,0.91,294.3845626795457,0.03984,catalog,2507874292.7720895,6319148.985078629,Selsis,-0.4764185897820302,-0.6795014140530226,linear,0.1374667756361754,0.9787032941450369,4.470669807175964e+20,4.470669807175964e+20
3.131426744186047,1.367,radius relation,0.12,271.5220750552471,0.91,284.6959288955602,0.03984,catalog,3572571754.2052364,50089263.149436116,Selsis,-0.46778495660916936,-0.6571500706001205,linear,0.23231688698412384,0.3139670248836962,5.391398138956874e+18,5.391398138956874e+18
3.131426744186047,1.367,radius relation,0.12,271.5220750552471,0.91,113.57652800166399,0.03984,catalog,6920385807.850251,23403894.427923214,Selsis,-0.46412069335701395,-0.7483384177859618,GP,0.13567775902947124,0.7183412903572642,1.6698366487705472e+20,1.6698366487705472e+20
3.131426744186047,1.367,radius relation,0.12,271.5220750552471,0.91,343.2615059309855,0.03984,catalog,1450985026.4370406,57071493.39105686,Jackson,-0.3791103246885848,-0.6402541579309143,linear,0.09679020446443959,0.9543613973691762,7.503679612980399e+21,7.503679612980399e+21
3.131426744186047,1.367,radius relation,0.12,271.5220750552471,0.91,161.05493930589506,0.03984,catalog,2734435884.1303506,49743442.81911497,Jackson,-0.28178547341138305,-0.7718689439652908,GP,0.1636859128871467,0.4629056670530267,1.5423740817049265e+22,1.5423740817049265e+22
3.131426744186047,1.367,radius relation,0.12,271.5220750552471,0.91,373.1908322005472,0.03984,catalog,1354966487.585241,17437607.951473653,Jackson,-0.45511256552920576,-0.6202314733648553,linear,0.43343858366273696,0.12074155936772213,7.126755195284136e+21,7.126755195284136e+21
3.131426744186047,1.367,radius relation,0.12,271.5220750552471,0.91,197.87260324629744,0.03984,catalog,4621651691.971117,85409936.78192575,Selsis,-0.4265622121639535,-0.7131131347792171,linear,0.15876332993441886,0.12311561428707196,1480780502429419.2,1480780502429419.2
3.131426744186047,1.367,radius relation,0.12,271.5220750552471,0.91,84.72906684721175,0.03984,catalog,4793474121.014549,50546550.04455929,Jackson,-0.3122636491250011,-0.7787325824834951,log,0.48843439141617134,0.3895260256838087,1.1095822053571008e+22,1.1095822053571008e+22
3.131426744186047,1.367,radius relation,0.12,271.5220750552471,0.91,53.17034889139078,0.03984,catalog,7325972330.170858,98581524.36913279,Jackson,-0.38313396272872957,-0.6598622097481511,linear,0.3304401020068139,0.32453318700257183,6.172493485894534e+21,6.172493485894534e+21
3.131426744186047,1.367,radius relation,0.12,271.5220750552471,0.91,72.59297018227394,0.03984,catalog,5508210610.727718,98484221.90235221,Jackson,-0.4241363184381203,-0.7226417788413735,linear,0.15284365916635181,0.3164972743415665,5.127061823683797e+21,5.127061823683797e+21
3.131426744186047,1.367,radius relation,0.12,271.5220750552471,0.91,173.3441349169514,0.03984,catalog,5082170587.318055,25855009.718175445,Selsis,-0.4070030368731421,-0.7490999042093052,log,0.10876102792714322,0.4845592280262696,2.045954855339141e+20,2.045954855339141e+20
3.131426744186047,1.367,radius relation,0.12,271.5220750552471,0.91,267.1280710787267,0.03984,catalog,1784866310.1681361,88421971.5906353,Jackson,-0.3382833799598806,-0.6661927634057778,linear,0.2210835168098798,0.5373400264177436,8.211398735661578e+21,8.211398735661578e+21
3.131426744186047,1.367,radius relation,0.12,271.5220750552471,0.91,61.36849720446184,0.03984,catalog,6418461496.303,72235496.90005744,Jackson,-0.4202774242448693,-0.7333038375901646,log,0.4504936488496737,0.26543859215854226,5.690906727212096e+21,5.690906727212096e+21
3.131426744186047,1.367,radius relation,0.12,271.5220750552471,0.91,300.9875984631758,0.03984,catalog,501128890.65222055,43789836.28368333,Selsis,-0.35428892582941734,-0.7566119676590861,log,0.1297134574972659,0.440201232070876,1.976383597278567e+20,1.976383597278567e+20
3.131426744186047,1.367,radius relation,0.12,271.5220750552471,0.91,73.14308250177035,0.03984,catalog,5470740332.611655,81697374.66016208,Jackson,-0.3237978388829758,-0.6794310376127578,log,0.08176250125320078,0.6516580629363975,9.318826467538879e+21,9.318826467538879e+21
3.131426744186047,1.367,radius relation,0.12,271.5220750552471,0.91,58.35068339773463,0.03984,catalog,6722778967.528261,42619922.61702001,Jackson,-0.4874867323741675,-0.7299207572634089,log,0.06759237651443467,0.5569661916910731,5.889356839020664e+21,5.889356839020664e+21
3.131426744186047,1.367,radius relation,0.12,271.5220750552471,0.91,294.384562679546,0.03984,catalog,2196895655.3966455,49748402.46980847,Selsis,-0.33502924910634024,-0.7894384846032845,GP,0.1643901612625702,0.7550905808887695,2.3447435371475812e+20,2.3447435371475812e+20
3.131426744186047,1.367,radius relation,0.12,271.5220750552471,0.91,163.04980713420582,0.03984,catalog,2705795913.8363776,37809138.13435644,Jackson,-0.2922559025102469,-0.7546176184288448,linear,0.13902798413258158,0.27409752146821864,1.362380701506487e+22,1.362380701506487e+22
3.131426744186047,1.367,radius relation,0.12,271.5220750552471,0.91,294.3845626795462,0.03984,catalog,2357818693.028487,84514433.55506554,Selsis,-0.48231541617115636,-0.7098294660594662,log,0.16336916398417808,0.37676535295697233,742082279822759.5,742082279822759.5
3.131426744186047,1.367,radius relation,0.12,271.5220750552471,0.91,59.57312897399424,0.03984,catalog,6595788248.018542,90763860.93023053,Jackson,-0.48202209046085626,-0.6851117651838055,log,0.1531409376721463,0.5534482373276951,4.930786881089943e+21,4.930786881089943e+21
3.131426744186047,1.367,radius relation,0.12,271.5220750552471,0.91,124.47154495548016,0.03984,catalog,3415077213.1492233,15975350.987825455,Jackson,-0.36460127242405654,-0.7026931950992407,log,0.18757245911028317,0.9079661702850842,9.46998447274827e+21,9.46998447274827e+21
3.131426744186047,1.367,radius relation,0.12,271.5220750552471,0.91,294.384562679546,0.03984,catalog,2778936742.923621,59391787.49323975,Selsis,-0.35118426763744826,-0.6162453860205991,log,0.10301230414946018,0.6119760395572424,2.120450318281294e+20,2.120450318281294e+20
3.131426744186047,1.367,radius relation,0.12,271.5220750552471,0.91,119.62832805379396,0.03984,catalog,3535195477.302033,12574623.559853006,Jackson,-0.3982995080030797,-0.7316761212610738,log,0.14946234975244718,0.2878568334653585,7.788294717466921e+21,7.788294717466921e+21
3.131426744186047,1.367,radius relation,0.12,271.5220750552471,0.91,152.86185457872438,0.03984,catalog,5566082276.879298,88655051.6442263,Selsis,-0.29417495870780647,-0.6265417754358357,linear,0.13377303898048426,0.03687805462618032,4.3552607921355824e+20,4.3552607921355824e+20
3.131426744186047,1.367,radius relation,0.12,271.5220750552471,0.91,88.91007745480844,0.03984,catalog,4591844705.536666,22801640.714641925,Jackson,-0.47214019678504837,-0.7042656836732643,log,0.16818813224079895,0.5146689424611653,6.837278217862663e+21,6.837278217862663e+21
3.131426744186047,1.367,radius relation,0.12,271.5220750552471,0.91,77.4660421596926,0.03984,catalog,5194636383.611739,4571482.086617241,Jackson,-0.4739314181737617,-0.6637337787954315,GP,0.14082581462325794,0.9505510316459637,8.522092836748463e+21,8.522092836748463e+21
3.131426744186047,1.367,radius relation,0.12,271.5220750552471,0.91,40.84570729236574,0.03984,catalog,9383943683.89894,74817395.03485823,Jackson,-0.4977367921645537,-0.691964633120995,log,0.22339780839511328,0.6670677936030144,5.145675214137616e+21,5.145675214137616e+21
3.131426744186047,1.367,radius relation,0.12,271.5220750552471,0.91,294.3845626795462,0.03984,catalog,2469361669.393435,66956717.36650214,Selsis,-0.3191471208809092,-0.778237182803845,linear,0.2567039128121895,0.4244713831920002,2.0101379191825544e+20,2.0101379191825544e+20
3.131426744186047,1.367,radius relation,0.12,271.5220750552471,0.91,214.29438504453069,0.03984,catalog,2146048398.8408291,41694100.04283265,Jackson,-0.4801657285283721,-0.7155038650162995,GP,0.12571260077350577,0.07682809300271032,5.732788444443966e+21,5.732788444443966e+21
3.131426744186047,1.367,radius relation,0.12,271.5220750552471,0.91,82.65973672749101,0.03984,catalog,4900688251.310284,62295355.81750358,Jackson,-0.367254806108662,-0.6649595422724809,linear,0.269630834207373,0.11640395289295857,7.346175165213547e+21,7.346175165213547e+21
3.131426744186047,1.367,radius relation,0.12,271.5220750552471,0.91,294.384562679546,0.03984,catalog,1908430850.7094598,77350096.56593473,Selsis,-0.2954857656354267,-0.744797993836903,GP,0.4086312177026628,0.7436322516582998,3.723760396173614e+20,3.723760396173614e+20
3.131426744186047,1.367,radius relation,0.12,271.5220750552471,0.91,83.8274737567065,0.03984,catalog,4839545762.872139,17841298.20633277,Jackson,-0.48841529469881345,-0.7339523868047321,GP,0.29340351633844947,0.315868802299639,6.661226784180167e+21,6.661226784180167e+21
3.131426744186047,1.367,radius relation,0.12,271.5220750552471,0.91,70.13904310518468,0.03984,catalog,9950074646.663322,31149722.636065744,Selsis,-0.474177081078648,-0.6597722174939986,GP,0.29784377714463806,0.2928017201255354,1.254062856943493e+20,1.254062856943493e+20
3.131426744186047,1.367,radius relation,0.12,271.5220750552471,0.91,110.02857927392714,0.03984,catalog,3803544129.2557464,49070691.49493738,Jackson,-0.30837070834785835,-0.6532664274259756,GP,0.27037237864450836,0.23084444796347192,1.1747706352587915e+22,1.1747706352587915e+22
3.131426744186047,1.367,radius relation,0.12,271.5220750552471,0.91,223.09004561091893,0.03984,catalog,2074715595.946218,63682096.08299757,Jackson,-0.43893783481157195,-0.6927465903504207,GP,0.123745526371945,0.8972382205387893,5.786746909633174e+21,5.786746909633174e+21
3.131426744186047,1.367,radius relation,0.12,271.5220750552471,0.91,51.90241613106347,0.03984,catalog,12571568798.70007,61754053.2220541,Selsis,-0.40708654146221057,-0.6527330797029338,log,0.45065838069533243,0.3054216153462538,4083620486698533.0,4083620486698533.0
3.131426744186047,1.367,radius relation,0.12,271.5220750552471,0.91,151.04827388788073,0.03984,catalog,2889027957.780643,49874389.49014113,Jackson,-0.37234213425477003,-0.6316082365211684,linear,0.07780085945561989,0.1769105941517901,7.893483961641363e+21,7.893483961641363e+21
3.131426744186047,1.367,radius relation,0.12,271.5220750552471,0.91,329.05588461426765,0.03984,catalog,1502250579.9617,66483872.91016508,Jackson,-0.34236017902518745,-0.6982299689727455,log,0.09820628470255614,0.36722539763143713,8.382405906489189e+21,8.382405906489189e+21
3.131426744186047,1.367,radius relation,0.12,271.5220750552471,0.91,292.40564060896577,0.03984,catalog,3419891617.1113834,3079714.9230794776,Selsis,-0.4595289402881444,-0.6608926076431082,GP,0.08063387699021457,0.7104687089784282,6.118189501176366e+20,6.118189501176366e+20
3.131426744186047,1.367,radius relation,0.12,271.5220750552471,0.91,294.384562679546,0.03984,catalog,1605079497.7556927,33030603.868040126,Selsis,-0.30777567591636273,-0.7975478735434313,log,0.1525192839182157,0.4142656421877027,6.619881986405922e+20,6.619881986405922e+20
3.131426744186047,1.367,radius relation,0.12,271.5220750552471,0.91,294.384562679546,0.03984,catalog,1482588121.6789427,57671979.25195715,Selsis,-0.3296887115239429,-0.7941471483761816,GP,0.2797083291983386,0.7651093391072257,2.0421510924083603e+20,2.0421510924083603e+20
3.131426744186047,1.367,radius relation,0.12,271.5220750552471,0.91,294.384562679546,0.03984,catalog,1132642920.6092982,31315683.13097952,Selsis,-0.4800687385229516,-0.6794584852528108,linear,0.09064823198891835,0.6820030323054664,1.1652831433755889e+20,1.1652831433755889e+20
3.131426744186047,1.367,radius relation,0.12,271.5220750552471,0.91,276.66176692724565,0.03984,catalog,3645019754.5302653,94214977.95683166,Selsis,-0.4761876971586831,-0.6728557434648474,log,0.45668770669500464,0.3556247307142405,1159101027864838.2,1159101027864838.2
3.131426744186047,1.367,radius relation,0.12,271.5220750552471,0.91,120.62300187792293,0.03984,catalog,3509763640.336925,96399723.51593362,Jackson,-0.3444149302772711,-0.7412437366128098,linear,0.2289829924674926,0.8751513951827122,7.344492377184792e+21,7.344492377184792e+21
3.131426744186047,1.367,radius relation,0.12,271.5220750552471,0.91,72.0422262219786,0.03984,catalog,5546292172.013835,37765509.56785365,Jackson,-0.39600326312273365,-0.6764660469689623,log,0.431551083043553,0.07388663961571262,6.875092242081178e+21,6.875092242081178e+21
3.131426744186047,1.367,radius relation,0.12,271.5220750552471,0.91,100.85813902893419,0.03984,catalog,4106209762.1537833,23921420.27475461,Jackson,-0.40044851582478647,-0.7796543240760551,log,0.2017895161212645,0.7351660852240983,7.57075699628355e+21,7.57075699628355e+21
3.131426744186047,1.367,radius relation,0.12,271.5220750552471,0.91,53.43291945071164,0.03984,catalog,7292569331.138893,23199997.845641218,Jackson,-0.45214065692949706,-0.6461274327656563,log,0.19328439709178885,0.5078249576875731,7.378843142713995e+21,7.378843142713995e+21
3.131426744186047,1.367,radius relation,0.12,271.5220750552471,0.91,101.78877646550744,0.03984,catalog,7507538616.232026,44952978.983242355,Selsis,-0.34328651461278764,-0.7293866922228246,GP,0.46100614286624125,0.32054604901514006,2.5666031708623487e+20,2.5666031708623487e+20
3.131426744186047,1.367,radius relation,0.12,271.5220750552471,0.91,254.66970672624427,0.03984,catalog,1857246143.3309228,95795999.67871512,Jackson,-0.47489995101474686,-0.6857161799921151,GP,0.44117291771300304,0.4086810217997111,4.87160021812506e+21,4.87160021812506e+21
3.131426744186047,1.367,radius relation,0.12,271.5220750552471,0.91,566.2904694288328,0.03984,catalog,966749178.4282024,24411497.948808346,Jackson,-0.4178750204592551,-0.604153834909788,GP,0.24702333970753124,0.5877837456753328,8.453689957650659e+21,8.453689957650659e+21
3.131426744186047,1.367,radius relation,0.12,271.5220750552471,0.91,79.10181274228066,0.03984,catalog,5097946750.895949,33776780.544527434,Jackson,-0.3411177360545415,-0.6966897702024105,log,0.06509892572872532,0.27344797555663114,9.396847538900839e+21,9.396847538900839e+21
3.131426744186047,1.367,radius relation,0.12,271.5220750552471,0.91,658.6483717910006,0.03984,catalog,856767597.051298,56357527.35491986,Jackson,-0.28425734377332246,-0.694666378892779,log,0.06562919756118027,0.6069263668526996,1.3347320861875094e+22,1.3347320861875094e+22
3.131426744186047,1.367,radius relation,0.12,271.5220750552471,0.91,293.860892239115,0.03984,catalog,3200807365.774592,57419063.4317694,Selsis,-0.45328034966389635,-0.7793696261789953,log,0.05403829057650136,0.5300436825479258,1026106711431175.2,1026106711431175.2
3.131426744186047,1.367,radius relation,0.12,271.5220750552471,0.91,402.7792079610757,0.03984,catalog,1273192885.4059346,66593687.49228083,Jackson,-0.36009291600052146,-0.7911298939709898,GP,0.07021137311152513,0.7687872941491617,7.282019396137731e+21,7.282019396137731e+21
3.131426744186047,1.367,radius relation,0.12,271.5220750552471,0.91,111.5774172355548,0.03984,catalog,3757214048.703321,73068531.3897285,Jackson,-0.4858819864838205,-0.6154715721529023,GP,0.17630558750340108,0.17938282710382225,5.895476385580936e+21,5.895476385580936e+21
3.131426744186047,1.367,radius relation,0.12,271.5220750552471,0.91,133.57056895643132,0.03984,catalog,3212249526.7097554,79340259.35220182,Jackson,-0.44126506168424584,-0.6267078397924192,GP,0.13946907402710917,0.3565739878436618,5.918918058440974e+21,5.918918058440974e+21
3.131426744186047,1.367,radius relation,0.12,271.5220750552471,0.91,115.32497701546566,0.03984,catalog,6842591822.502367,49633518.39731015,Selsis,-0.47877289155211333,-0.637914212382101,linear,0.24709270474862183,0.5107481812827107,3.13116265525154e+19,3.13116265525154e+19
3.131426744186047,1.367,radius relation,0.12,271.5220750552471,0.91,88.72771369701081,0.03984,catalog,4600249564.231732,8043748.148612256,Jackson,-0.3172448164792495,-0.6011548262496722,log,0.3900491927742734,0.7275086275898499,1.497922482176823e+22,1.497922482176823e+22
3.131426744186047,1.367,radius relation,0.12,271.5220750552471,0.91,292.2530160107269,0.03984,catalog,3443789584.141422,67949717.10781135,Selsis,-0.4080252360683134,-0.7806398662629043,log,0.11898748908858452,0.33601942222281567,1101986649787541.1,1101986649787541.1
3.131426744186047,1.367,radius relation,0.12,271.5220750552471,0.91,252.3154114326553,0.03984,catalog,3889073168.9285893,59661903.69972662,Selsis,-0.3038862473058896,-0.6468526346200126,log,0.3700622617015094,0.30564221303104144,5.200143361585282e+20,5.200143361585282e+20
3.131426744186047,1.367,radius relation,0.12,271.5220750552471,0.91,101.3614480326629,0.03984,catalog,4088213694.549998,22194303.593861777,Jackson,-0.4911537521989668,-0.7776318555884415,log,0.39368505768787165,0.8930262165280604,6.578234022518163e+21,6.578234022518163e+21
3.131426744186047,1.367,radius relation,0.12,271.5220750552471,0.91,294.3845626795462,0.03984,catalog,2293002480.2669086,85532933.42217863,Selsis,-0.3463650474203082,-0.6730457333233946,GP,0.2382262876440647,0.10894666428935451,720591635341104.5,720591635341104.5
3.131426744186047,1.367,radius relation,0.12,271.5220750552471,0.91,64.61990363902568,0.03984,catalog,6122386873.580165,74409241.97078387,Jackson,-0.38683078754575234,-0.6564117197085357,log,0.34231125537133295,0.7272452733753917,6.642251180751251e+21,6.642251180751251e+21
3.131426744186047,1.367,radius relation,0.12,271.5220750552471,0.91,115.9084327804302,0.03984,catalog,3634055863.567144,42768966.95743692,Jackson,-0.34742641024151216,-0.66129527970918,log,0.42153528336619817,0.8043269749624148,9.175087812723287e+21,9.175087812723287e+21
3.131426744186047,1.367,radius relation,0.12,271.5220750552471,0.91,87.08022259521938,0.03984,catalog,4677747028.918886,96909130.55476743,Jackson,-0.28730917179660875,-0.7470233125560496,linear,0.14314626006990736,0.2613812442119341,1.2614818594332128e+22,1.2614818594332128e+22
3.131426744186047,1.367,radius relation,0.12,271.5220750552471,0.91,294.416147078143,0.03984,catalog,857935288.6300067,68003042.02956112,Selsis,-0.2860009759154375,-0.6233360076315027,log,0.15923319607978445,0.4371141357481775,7.910885224199314e+20,7.910885224199314e+20
3.131426744186047,1.367,radius relation,0.12,271.5220750552471,0.91,292.4822581303166,0.03984,catalog,1655576136.6232066,93065129.0851076,Jackson,-0.3172431976009896,-0.686790965247534,linear,0.16413054032847066,0.519828901552109,9.500435373743965e+21,9.500435373743965e+21
3.131426744186047,1.367,radius relation,0.12,271.5220750552471,0.91,201.41211231270233,0.03984,catalog,4563468756.061719,73141141.39567655,Selsis,-0.45365321387851104,-0.6173012636597216,GP,0.1442774595168342,0.7705886594325292,1465792596638307.0,1465792596638307.0
3.131426744186047,1.367,radius relation,0.12,271.5220750552471,0.91,147.82764821751502,0.03984,catalog,5703233616.843243,71341392.91763145,Selsis,-0.3329421347984932,-0.7110706301220028,log,0.44367846291866087,0.8740302862093962,1.0041697986200332e+20,1.0041697986200332e+20
3.131426744186047,1.367,radius relation,0.12,271.5220750552471,0.91,294.384562679546,0.03984,catalog,2994508568.6416125,22572628.024684984,Selsis,-0.2893900318345759,-0.7314069796186741,GP,0.06172545150399565,0.3926743612381255,1.199258557252973e+21,1.199258557252973e+21
3.131426744186047,1.367,radius relation,0.12,271.5220750552471,0.91,74.41779008198553,0.03984,catalog,9509205546.802435,42496239.38462344,Selsis,-0.4238156055734564,-0.6202793738661857,log,0.11540351623824215,0.3483716168626658,1.47594755600746e+20,1.47594755600746e+20
3.131426744186047,1.367,radius relation,0.12,271.5220750552471,0.91,52.11048894606969,0.03984,catalog,7464250164.994226,63958267.761455,Jackson,-0.42314235717161586,-0.6368554055653861,GP,0.40308767928285266,0.35125740389250915,6.373804746129756e+21,6.373804746129756e+21
3.131426744186047,1.367,radius relation,0.12,271.5220750552471,0.91,236.49625461473445,0.03984,catalog,4071115905.4145937,82997319.81798914,Selsis,-0.39486340378643664,-0.7827822644610289,GP,0.29739197546178076,0.19551783098730746,1301854830856902.8,1301854830856902.8
3.131426744186047,1.367,radius relation,0.12,271.5220750552471,0.91,191.25198770576904,0.03984,catalog,4735591358.694439,91209720.04323162,Selsis,-0.34707667516746754,-0.7122631493083926,linear,0.0971194053773346,0.05562312572197736,1516080964707992.0,1516080964707992.0
3.131426744186047,1.367,radius relation,0.12,271.5220750552471,0.91,213.40901009776124,0.03984,catalog,4379039334.592342,9097515.594148286,Selsis,-0.44548954878539365,-0.7848536603663064,linear,0.23042121506811633,0.8890675383535053,3.544137480346606e+20,3.544137480346606e+20
3.131426744186047,1.367,radius relation,0.12,271.5220750552471,0.91,294.3845626795462,0.03984,catalog,2688147126.810246,71766304.18044728,Selsis,-0.46521313862094726,-0.6259622418753671,log,0.05022228748180473,0.3119436487385152,854073904824075.4,854073904824075.4
3.131426744186047,1.367,radius relation,0.12,271.5220750552471,0.91,442.04563230534313,0.03984,catalog,1180494263.0712833,27336915.465173278,Jackson,-0.4369646669813622,-0.7043296786372873,linear,0.17046982203591338,0.011116181079552256,6.138410441217949e+21,6.138410441217949e+21
3.131426744186047,1.367,radius relation,0.12,271.5220750552471,0.91,61.41975687896125,0.03984,catalog,6413550868.282857,71284537.40962447,Jackson,-0.35797075320613403,-0.7476946749182364,linear,0.4143888913167423,0.14515009876472607,7.231213818985549e+21,7.231213818985549e+21
3.131426744186047,1.367,radius relation,0.12,271.5220750552471,0.91,108.78015329235495,0.03984,catalog,3841822157.8998427,32423589.21846487,Jackson,-0.4907380641477319,-0.7859494317054097,log,0.20762119670916007,0.9424312849730435,6.127327740690656e+21,6.127327740690656e+21
3.131426744186047,1.367,radius relation,0.12,271.5220750552471,0.91,55.8379091045624,0.03984,catalog,7001321686.349511,57521817.81387958,Jackson,-0.2959403631143384,-0.7413913493617116,linear,0.40556971631418925,0.06108334922473857,1.1542167196460693e+22,1.1542167196460693e+22
3.131426744186047,1.367,radius relation,0.12,271.5220750552471,0.91,294.3845626795462,0.03984,catalog,2798140419.0473886,53149233.878889024,Selsis,-0.37733544326858487,-0.7270520312287909,linear,0.059500107783594804,0.6920299660398386,5.71165312999562e+19,5.71165312999562e+19
3.131426744186047,1.367,radius relation,0.12,271.5220750552471,0.91,791.792515993735,0.03984,catalog,740425041.6391007,87333523.09987682,Jackson,-0.47664068518627056,-0.6059189977719597,GP,0.1708734647530905,0.7808833667999492,5.788782958177772e+21,5.788782958177772e+21
3.131426744186047,1.367,radius relation,0.12,271.5220750552471,0.91,361.00082048641264,0.03984,catalog,1392279140.4300115,65730815.902744465,Jackson,-0.3409115223606249,-0.6019770463623982,linear,0.24166916572219677,0.7482112400923854,9.623385141195284e+21,9.623385141195284e+21
3.131426744186047,1.367,radius relation,0.12,271.5220750552471,0.91,294.3845626795459,0.03984,catalog,1866269446.7991407,25054164.1101867,Selsis,-0.43692013791851086,-0.7074256780223986,linear,0.05397928019847157,0.33342064175966846,1.910358463998555e+20,1.910358463998555e+20
3.131426744186047,1.367,radius relation,0.12,271.5220750552471,0.91,72.53821653664562,0.03984,catalog,5511970920.122291,63264769.12192211,Jackson,-0.331346580828548,-0.6172399810522979,GP,0.3675869045760426,0.6395937757382492,1.0035527176698538e+22,1.0035527176698538e+22
3.131426744186047,1.367,radius relation,0.12,271.5220750552471,0.91,604.4748512055843,0.03984,catalog,917517096.9265112,64439379.62936893,Jackson,-0.3063531771657902,-0.6402515033291485,linear,0.09025171784768334,0.2817570724421854,1.151397667656622e+22,1.151397667656622e+22
3.131426744186047,1.367,radius relation,0.12,271.5220750552471,0.91,126.09948827694367,0.03984,catalog,6406453306.983467,37067510.52743906,Selsis,-0.3891820692860251,-0.6461030174932619,log,0.3662428079218869,0.4165430852143318,2.210654625163705e+20,2.210654625163705e+20
3.131426744186047,1.367,radius relation,0.12,271.5220750552471,0.91,172.6657296713501,0.03984,catalog,5096552211.349357,27016388.52469642,Selsis,-0.4593917479915523,-0.7462375248676211,GP,0.09520932285289821,0.831011068559081,1.3617920572093838e+20,1.3617920572093838e+20
3.131426744186047,1.367,radius relation,0.12,271.5220750552471,0.91,156.10063220001246,0.03984,catalog,2808596934.7631326,91054621.16463406,Jackson,-0.3960558510876888,-0.6514958933098649,linear,0.47914580909121146,0.6066029385311297,6.089984544256374e+21,6.089984544256374e+21
3.131426744186047,1.367,radius relation,0.12,271.5220750552471,0.91,253.65520235296205,0.03984,catalog,3874575914.078409,16240362.916428015,Selsis,-0.3743402526084775,-0.601783035086718,log,0.3858473625828151,0.46855190856516704,6.507690432587771e+20,6.507690432587771e+20
3.131426744186047,1.367,radius relation,0.12,271.5220750552471,0.91,41.615503003460326,0.03984,catalog,9219070377.586971,15028895.254063578,Jackson,-0.42086045590134874,-0.6320148010883312,GP,0.3591604190507617,0.6869788536774711,8.496037551927954e+21,8.496037551927954e+21
3.131426744186047,1.367,radius relation,0.12,271.5220750552471,0.91,294.384562679546,0.03984,catalog,1212626507.8732293,59324820.584443524,Selsis,-0.3307480489114048,-0.6915715162221426,GP,0.2434558357958446,0.7402446776744336,2.2234518775517276e+20,2.2234518775517276e+20
3.131426744186047,1.367,radius relation,0.12,271.5220750552471,0.91,139.6587940732336,0.03984,catalog,3090815280.225738,31529577.31981783,Jackson,-0.4402780344883824,-0.7998165896938743,log,0.1260213178034532,0.9300752938886032,6.540101471499205e+21,6.540101471499205e+21
3.131426744186047,1.367,radius relation,0.12,271.5220750552471,0.91,146.79336977095198,0.03984,catalog,2960885635.9444766,50918710.16488067,Jackson,-0.3148889008809571,-0.7246499898508082,log,0.14355867680285683,0.7684053165203496,1.0967401933753069e+22,1.0967401933753069e+22
3.131426744186047,1.367,radius relation,0.12,271.5220750552471,0.91,68.59143842871657,0.03984,catalog,10121998723.365597,27509776.310272135,Selsis,-0.4037442048433246,-0.6691798227177973,linear,0.19324411674312617,0.47871406749822476,2.533895005721855e+20,2.533895005721855e+20
3.131426744186047,1.367,radius relation,0.12,271.5220750552471,0.91,65.29348762295287,0.03984,catalog,10513428783.597569,37441096.382899575,Selsis,-0.3709656346725382,-0.7722932275656681,linear,0.09253697303931292,0.2180364854760436,1.728013848864108e+20,1.728013848864108e+20
3.131426744186047,1.367,radius relation,0.12,271.5220750552471,0.91,56.065155674455745,0.03984,catalog,6975100508.661685,41412532.553196475,Jackson,-0.48767546108406956,-0.7188644141019164,linear,0.09022140687404828,0.4704281834170727,5.961367047160577e+21,5.961367047160577e+21
3.131426744186047,1.367,radius relation,0.12,271.5220750552471,0.91,145.9223265371148,0.03984,catalog,2976092672.473579,56640003.81186981,Jackson,-0.45376954645831336,-0.6579372873660277,GP,0.15287358351975847,0.4398933292581506,6.034186049133011e+21,6.034186049133011e+21
3.131426744186047,1.367,radius relation,0.12,271.5220750552471,0.91,95.72944737861908,0.03984,catalog,7860064762.017082,8799469.773236148,Selsis,-0.4035135845931898,-0.6217283669277439,GP,0.16898329476957505,0.5990925735309721,6.442152116028085e+20,6.442152116028085e+20
3.131426744186047,1.367,radius relation,0.12,271.5220750552471,0.91,257.54353259276326,0.03984,catalog,3833254230.471852,43787062.12654148,Selsis,-0.3374289536449569,-0.659711898491311,GP,0.31361216205890186,0.6254465055265157,3.532331685530804e+20,3.532331685530804e+20
3.131426744186047,1.367,radius relation,0.12,271.5220750552471,0.91,82.64899940077412,0.03984,catalog,4901258352.5178175,69043629.37893929,Jackson,-0.28631044337135975,-0.6778778420831024,linear,0.27788575183028397,0.2168785868683295,1.368158824566394e+22,1.368158824566394e+22
3.131426744186047,1.367,radius relation,0.12,271.5220750552471,0.91,81.77446866546339,0.03984,catalog,8851082250.810534,71207534.80616693,Selsis,-0.48403961182959054,-0.7548155753729738,log,0.2109315126670429,0.8061250435924197,2866043741685471.0,2866043741685471.0
3.131426744186047,1.367,radius relation,0.12,271.5220750552471,0.91,294.384562679546,0.03984,catalog,2104566690.3478036,27821373.454729125,Selsis,-0.29387643096418614,-0.6658014786456311,log,0.22553354700988243,0.4132957714189903,1.0780603130190131e+21,1.0780603130190131e+21
3.131426744186047,1.367,radius relation,0.12,271.5220750552471,0.91,106.75891537925695,0.03984,catalog,7245649465.005815,54803490.74158876,Selsis,-0.43222187463473033,-0.632305588410931,linear,0.3720777376837231,0.7872537373146112,3.344957119787338e+19,3.344957119787338e+19
3.131426744186047,1.367,radius relation,0.12,271.5220750552471,0.91,292.66699754875975,0.03984,catalog,3379382823.8526497,39036314.18655278,Selsis,-0.28380525687684466,-0.7124252469948709,linear,0.05715735003286891,0.015640628411104585,1.0385865628251404e+21,1.0385865628251404e+21
3.131426744186047,1.367,radius relation,0.12,271.5220750552471,0.91,51.12060852285531,0.03984,catalog,7598619609.194151,4645138.574228912,Jackson,-0.4901696340780186,-0.6221871258197478,GP,0.18603219101341195,0.7698041984697908,8.78493631024456e+21,8.78493631024456e+21
3.131426744186047,1.367,radius relation,0.12,271.5220750552471,0.91,242.130858558028,0.03984,catalog,4003874412.1552305,43752807.949588545,Selsis,-0.38803291607187274,-0.7322442105006856,log,0.057473583434823866,0.5492986767810475,9.935738139427955e+19,9.935738139427955e+19
3.131426744186047,1.367,radius relation,0.12,271.5220750552471,0.91,201.35085269668994,0.03984,catalog,2261747534.643833,67687448.7035399,Jackson,-0.3289428709237712,-0.6734718058443434,GP,0.06441489270607628,0.42321490415594465,9.383238854750631e+21,9.383238854750631e+21
3.131426744186047,1.367,radius relation,0.12,271.5220750552471,0.91,70.02719129479246,0.03984,catalog,5690686910.930671,94597092.49540237,Jackson,-0.4228989209604695,-0.6317567912093796,linear,0.14949411236860594,0.14262175250278164,5.751451590121063e+21,5.751451590121063e+21
3.131426744186047,1.367,radius relation,0.12,271.5220750552471,0.91,294.3845626795459,0.03984,catalog,1352392895.0574841,12102110.864262901,Selsis,-0.2857717047563892,-0.6224458498642056,GP,0.12322238621128352,0.8866805283558629,1.8294202741114756e+21,1.8294202741114756e+21
3.131426744186047,1.367,radius relation,0.12,271.5220750552471,0.91,294.3845626795462,0.03984,catalog,1669923273.2301388,43316472.737453446,Selsis,-0.2965547618168015,-0.7063250628028557,linear,0.2709586663251689,0.05309730763598397,7.351939855980858e+20,7.351939855980858e+20
3.131426744186047,1.367,radius relation,0.12,271.5220750552471,0.91,294.38456267954626,0.03984,catalog,1751130427.6677558,94174445.87053047,Selsis,-0.42713616110440455,-0.7078685998736999,linear,0.32931718835269325,0.11368218487397597,540885659019907.3,540885659019907.3
3.131426744186047,1.367,radius relation,0.12,271.5220750552471,0.91,113.33184436523139,0.03984,catalog,6931445565.155694,47476858.05840767,Selsis,-0.49910876755545314,-0.6109205006866515,log,0.3083226240532464,0.846013101739291,7.731299840959093e+19,7.731299840959093e+19
3.131426744186047,1.367,radius relation,0.12,271.5220750552471,0.91,49.78173344639326,0.03984,catalog,7788946442.513225,89477636.0202593,Jackson,-0.4614235368395403,-0.7067148906567101,GP,0.18996785024363638,0.6886260038181645,4.988669561337642e+21,4.988669561337642e+21
3.131426744186047,1.367,radius relation,0.12,271.5220750552471,0.91,96.14700492546238,0.03984,catalog,4283580128.100385,68533730.16697006,Jackson,-0.4928406520256447,-0.7993227789586145,GP,0.050696980810043035,0.8439421436323986,5.086784217285731e+21,5.086784217285731e+21
3.131426744186047,1.367,radius relation,0.12,271.5220750552471,0.91,177.85343985522334,0.03984,catalog,2512529502.1270165,86733656.75074577,Jackson,-0.350467888580289,-0.7030569490764953,GP,0.052763412535904435,0.9718619759475768,7.378239830558468e+21,7.378239830558468e+21
3.131426744186047,1.367,radius relation,0.12,271.5220750552471,0.91,138.19482444373313,0.03984,catalog,3119072610.327744,76070617.38372199,Jackson,-0.468978424884114,-0.6791538149447585,log,0.07747384385436265,0.3401305755463616,5.319482177179522e+21,5.319482177179522e+21
3.131426744186047,1.367,radius relation,0.12,271.5220750552471,0.91,260.7613753539457,0.03984,catalog,1821040447.7581923,8148545.111718839,Jackson,-0.3944576719856995,-0.651255533238115,linear,0.09273560970966373,0.809055061339096,9.453300884953318e+21,9.453300884953318e+21
3.131426744186047,1.367,radius relation,0.12,271.5220750552471,0.91,1686.9461677665545,0.03984,catalog,229913367.7922872,76488271.82750206,Jackson,-0.4587624636600885,-0.784169605401504,log,0.1444975508452604,0.03838815526541384,2.0411082545642474e+21,2.0411082545642474e+21
3.131426744186047,1.367,radius relation,0.12,271.5220750552471,0.91,56.94726521853724,0.03984,catalog,6875307863.498793,13657562.848841887,Jackson,-0.3092712108368389,-0.6849365454199842,log,0.11995713577042176,0.9116983527384193,1.4243312299459503e+22,1.4243312299459503e+22
3.131426744186047,1.367,radius relation,0.12,271.5220750552471,0.91,195.1014520292102,0.03984,catalog,2322822672.140884,75110807.63622528,Jackson,-0.43520550519710366,-0.6777833577025673,GP,0.07081558559607794,0.6369295296852766,5.632262237173644e+21,5.632262237173644e+21
3.131426744186047,1.367,radius relation,0.12,271.5220750552471,0.91,297.029656957858,0.03984,catalog,1634587343.7335877,42485942.49178782,Jackson,-0.3464689473011106,-0.6640616557769845,linear,0.06243125416046181,0.9033005940433505,9.21134637199364e+21,9.21134637199364e+21
3.131426744186047,1.367,radius relation,0.12,271.5220750552471,0.91,266.73887302687916,0.03984,catalog,1787030928.158074,68791445.57224165,Jackson,-0.3710995439965294,-0.7455345837992223,linear,0.05255276139502117,0.5640051941257153,6.866822679101724e+21,6.866822679101724e+21
3.131426744186047,1.367,radius relation,0.12,271.5220750552471,0.91,84.19838285401394,0.03984,catalog,8657451998.785355,6992327.963358034,Selsis,-0.4173945066581845,-0.6466757209205163,log,0.058626863571613064,0.6310564140609333,5.888637054917855e+20,5.888637054917855e+20
3.131426744186047,1.367,radius relation,0.12,271.5220750552471,0.91,143.1966448278648,0.03984,catalog,3024828340.067377,12287137.029178353,Jackson,-0.3328253078433225,-0.6421066826144814,log,0.05006947764472716,0.9299472135018987,1.2367930740096715e+22,1.2367930740096715e+22
3.131426744186047,1.367,radius relation,0.12,271.5220750552471,0.91,84.19554511446913,0.03984,catalog,4820619883.921921,11551657.552532112,Jackson,-0.4748256316962986,-0.7725611251151427,log,0.05385814667332977,0.3023290254283817,6.835227420179977e+21,6.835227420179977e+21
3.131426744186047,1.367,radius relation,0.12,271.5220750552471,0.91,294.85942684037275,0.03984,catalog,708167934.837199,38176108.57166457,Selsis,-0.3435852030394506,-0.6455727107026509,linear,0.1400451200390337,0.3444287117470374,3.92560115768915e+20,3.92560115768915e+20
3.131426744186047,1.367,radius relation,0.12,271.5220750552471,0.91,227.32134414675252,0.03984,catalog,4186868338.024122,17795904.686918,Selsis,-0.46052046503817134,-0.6767314652653942,GP,0.23688075593001715,0.851703747179733,2.6878019113672117e+20,2.6878019113672117e+20
3.131426744186047,1.367,radius relation,0.12,271.5220750552471,0.91,143.12750796997076,0.03984,catalog,5839054778.994038,1782675.074564796,Selsis,-0.4819844604979611,-0.7126847233877898,log,0.13110678419424354,0.9650155576653636,6.025930271520479e+20,6.025930271520479e+20
3.131426744186047,1.367,radius relation,0.12,271.5220750552471,0.91,294.3845626795462,0.03984,catalog,1279577442.494298,88034605.70072538,Selsis,-0.28705432452899116,-0.6441722694166873,log,0.09153098159614331,0.6677477430892819,5.120072668061477e+20,5.120072668061477e+20
3.131426744186047,1.367,radius relation,0.12,271.5220750552471,0.91,294.384562679546,0.03984,catalog,2698830008.7479987,75413278.76006845,Selsis,-0.46215445063418503,-0.7745097604352393,log,0.2062874448250003,0.43007482787962903,856370659493489.2,856370659493489.2
3.131426744186047,1.367,radius relation,0.12,271.5220750552471,0.91,139.3798418527038,0.03984,catalog,3096155444.7094884,57279125.38044967,Jackson,-0.4417569615414062,-0.7285359844918811,GP,0.21444027799483267,0.11110959781997343,5.725713024905686e+21,5.725713024905686e+21
3.131426744186047,1.367,radius relation,0.12,271.5220750552471,0.91,51.62872223447578,0.03984,catalog,7528997437.0483055,72698255.94168347,Jackson,-0.49775965007919365,-0.6214288862074879,GP,0.2570345230136731,0.6073370797471078,5.748688349759083e+21,5.748688349759083e+21
3.131426744186047,1.367,radius relation,0.12,271.5220750552471,0.91,175.9565297833946,0.03984,catalog,5027713241.795438,30935075.376158334,Selsis,-0.35106556474481065,-0.7713556417652261,log,0.09622111791986501,0.8242059654946423,3.29710347577859e+20,3.29710347577859e+20
3.131426744186047,1.367,radius relation,0.12,271.5220750552471,0.91,53.73704767407985,0.03984,catalog,7254290358.768068,70855090.40525731,Jackson,-0.3328192227322098,-0.6144225063957267,log,0.45224621544016086,0.10988037421058061,9.382046885965341e+21,9.382046885965341e+21
3.131426744186047,1.367,radius relation,0.12,271.5220750552471,0.91,294.3845626795462,0.03984,catalog,3019148329.8967047,52480488.49749519,Selsis,-0.4954583760599975,-0.6741584001905856,linear,0.07430197387495592,0.2905944707007775,968419262862921.5,968419262862921.5
3.131426744186047,1.367,radius relation,0.12,271.5220750552471,0.91,217.22566476160563,0.03984,catalog,4324157550.386765,9795083.85947822,Selsis,-0.38623927922561513,-0.7986581501214567,linear,0.45968018497066626,0.1017439485794529,4.843208238539213e+20,4.843208238539213e+20
3.131426744186047,1.367,radius relation,0.12,271.5220750552471,0.91,105.7013751183851,0.03984,catalog,3939981616.5318637,66797048.665906414,Jackson,-0.31342305613668414,-0.7688934482929942,GP,0.21482386670753062,0.338892123511664,1.0393340624672414e+22,1.0393340624672414e+22
3.131426744186047,1.367,radius relation,0.12,271.5220750552471,0.91,178.24038884697617,0.03984,catalog,2507889947.419379,99357695.77694748,Jackson,-0.32682297281291955,-0.7895636161794692,GP,0.09359595790350882,0.5772070857119123,8.288813163138156e+21,8.288813163138156e+21
3.131426744186047,1.367,radius relation,0.12,271.5220750552471,0.91,132.6127206463504,0.03984,catalog,3232333436.179543,26348425.790280163,Jackson,-0.32314661509765424,-0.6455752831822683,linear,0.07908964339237796,0.13001476489894892,1.0599529239770147e+22,1.0599529239770147e+22
3.131426744186047,1.367,radius relation,0.12,271.5220750552471,0.91,294.3845626795462,0.03984,catalog,2316727237.9509854,1450484.3149718503,Selsis,-0.4849991519342041,-0.7491511506420219,linear,0.08524284421033938,0.4735254569522188,5.663717552368104e+20,5.663717552368104e+20
3.131426744186047,1.367,radius relation,0.12,271.5220750552471,0.91,598.8311572887244,0.03984,catalog,924428911.504124,75321566.00413209,Jackson,-0.43774417089694395,-0.6860577646384781,GP,0.22134096794471053,0.013577022637476066,5.44572783101739e+21,5.44572783101739e+21
3.131426744186047,1.367,radius relation,0.12,271.5220750552471,0.91,37.66274206962269,0.03984,catalog,10138991586.86964,28604293.950891975,Jackson,-0.38535681453885245,-0.6298654431012555,linear,0.4539036346471747,0.8241204652170323,8.549980515295705e+21,8.549980515295705e+21
3.131426744186047,1.367,radius relation,0.12,271.5220750552471,0.91,72.74960993440055,0.03984,catalog,9675401961.613634,41116541.12261881,Selsis,-0.38761614913160675,-0.6195715782308163,GP,0.36875744143178235,0.6757348205012141,2.2919276238727794e+20,2.2919276238727794e+20
3.131426744186047,1.367,radius relation,0.12,271.5220750552471,0.91,111.48120695751952,0.03984,catalog,7016515463.962786,1769373.5421629292,Selsis,-0.3333387930983701,-0.6318102547173419,GP,0.47901341547429604,0.6490332785218198,1.3912018910681707e+21,1.3912018910681707e+21
3.131426744186047,1.367,radius relation,0.12,271.5220750552471,0.91,259.7253453829742,0.03984,catalog,1827084993.3025095,7383988.965455328,Jackson,-0.2976696582588121,-0.6994468241600539,GP,0.10496289977369852,0.847756032813693,1.647106802846219e+22,1.647106802846219e+22
3.131426744186047,1.367,radius relation,0.12,271.5220750552471,0.91,809.1581851210143,0.03984,catalog,727848896.4587045,71184189.75885399,Jackson,-0.342313568988986,-0.7714789050660449,log,0.12210992340855151,0.13884573423039748,7.689016180524765e+21,7.689016180524765e+21
3.131426744186047,1.367,radius relation,0.12,271.5220750552471,0.91,294.3845626795462,0.03984,catalog,2142653670.9100442,96445762.61768809,Selsis,-0.39403503320228683,-0.7304971128989164,linear,0.27923066162612786,0.9676942498063578,667950461645939.1,667950461645939.1
3.131426744186047,1.367,radius relation,0.12,271.5220750552471,0.91,50.70348802393665,0.03984,catalog,7656826483.869887,59461995.61782335,Jackson,-0.37010241597548815,-0.7330231368754548,GP,0.08897356422621033,0.04690332496028404,6.865111616224279e+21,6.865111616224279e+21
3.131426744186047,1.367,radius relation,0.12,271.5220750552471,0.91,294.3845626795462,0.03984,catalog,1705325236.3189268,84391764.78585264,Selsis,-0.49916605981792816,-0.6018734520103621,linear,0.10866391540679513,0.445633758762926,529126711034672.7,529126711034672.7
3.131426744186047,1.367,radius relation,0.12,271.5220750552471,0.91,294.384562679546,0.03984,catalog,2240677949.7754555,21374560.8603906,Selsis,-0.40085385326595807,-0.6386289996210761,linear,0.09670752612530004,0.0018887005633397846,3.729942869887278e+20,3.729942869887278e+20
3.131426744186047,1.367,radius relation,0.12,271.5220750552471,0.91,164.55397900631957,0.03984,catalog,5276668800.930926,7693980.304476977,Selsis,-0.47499208874007603,-0.7354864551521887,linear,0.12791551047317984,0.9208158760811693,3.7965378784367287e+20,3.7965378784367287e+20
3.131426744186047,1.367,radius relation,0.12,271.5220750552471,0.91,108.95418776230736,0.03984,catalog,3836434867.0793014,35357348.94784686,Jackson,-0.3390610602138365,-0.7174779419081797,linear,0.29573984704101325,0.47738271057758586,9.691997894216677e+21,9.691997894216677e+21
3.131426744186047,1.367,radius relation,0.12,271.5220750552471,0.91,185.79976232014988,0.03984,catalog,4834814761.911512,21610259.203433346,Selsis,-0.3281118751181389,-0.7456663232459074,linear,0.051033049792558134,0.27345962974220395,6.347601669235809e+20,6.347601669235809e+20
3.131426744186047,1.367,radius relation,0.12,271.5220750552471,0.91,242.08032796165315,0.03984,catalog,4004465162.800785,62048618.652011134,Selsis,-0.28007484848770875,-0.7193149211284966,log,0.05308741527165735,0.4439359523864962,8.104838378609282e+20,8.104838378609282e+20
3.131426744186047,1.367,radius relation,0.12,271.5220750552471,0.91,202.49618730192103,0.03984,catalog,4546009484.638576,95675123.61819343,Selsis,-0.3981745758114578,-0.78394833841265,linear,0.05042618993752124,0.9511795328426549,1452737465667947.8,1452737465667947.8
3.131426744186047,1.367,radius relation,0.12,271.5220750552471,0.91,50.23212178304038,0.03984,catalog,7723777920.970482,23890742.442110345,Jackson,-0.48085167640843773,-0.6329962592067438,linear,0.21795904381021938,0.23026409238826595,6.937634050183782e+21,6.937634050183782e+21
3.131426744186047,1.367,radius relation,0.12,271.5220750552471,0.91,208.07332566222166,0.03984,catalog,2199950179.8566966,90277511.47013661,Jackson,-0.4694603830094185,-0.6935162106351552,linear,0.1162904901931832,0.3452204606613134,4.968091209938642e+21,4.968091209938642e+21
3.131426744186047,1.367,radius relation,0.12,271.5220750552471,0.91,294.3845626795462,0.03984,catalog,1757628590.0688636,54180002.35670508,Selsis,-0.300317126397892,-0.6789871155393392,GP,0.1479221341270056,0.010399197834716767,5.783174637418297e+20,5.783174637418297e+20
3.131426744186047,1.367,radius relation,0.12,271.5220750552471,0.91,125.13919572224187,0.03984,catalog,3399225286.3712974,11103046.320885874,Jackson,-0.4569081338230765,-0.7606405633049377,GP,0.14630894399673625,0.2194196563150912,6.787694564631829e+21,6.787694564631829e+21
3.131426744186047,1.367,radius relation,0.12,271.5220750552471,0.91,230.27737494069888,0.03984,catalog,4148686679.8629274,54063505.33477801,Selsis,-0.42012709519018165,-0.709633912107595,linear,0.0798191263242739,0.8842915312069674,1336621478496147.5,1336621478496147.5
3.131426744186047,1.367,radius relation,0.12,271.5220750552471,0.91,270.70842425321746,0.03984,catalog,3701129655.248377,47239186.93021418,Selsis,-0.47064504100608545,-0.7075379325018089,GP,0.3086722387049949,0.4793471887351882,1192751633510012.5,1192751633510012.5
3.131426744186047,1.367,radius relation,0.12,271.5220750552471,0.91,245.24093399024642,0.03984,catalog,3967927741.470408,75152486.64808573,Selsis,-0.3198363471045706,-0.7806829160777337,linear,0.07684919168686993,0.09877392477214342,1.3402313692813258e+20,1.3402313692813258e+20
3.131426744186047,1.367,radius relation,0.12,271.5220750552471,0.91,277.49622642497525,0.03984,catalog,3637323989.171856,75119816.78542493,Selsis,-0.43373918271511197,-0.7938959378989713,linear,0.24168156987087336,0.8315307778912249,1162822170601566.0,1162822170601566.0
3.131426744186047,1.367,radius relation,0.12,271.5220750552471,0.91,101.39039121788316,0.03984,catalog,4087184121.7987146,64461172.6027476,Jackson,-0.4180944112968941,-0.6764094911205779,log,0.2743909076113847,0.8465457656717659,6.115901695990888e+21,6.115901695990888e+21
3.131426744186047,1.367,radius relation,0.12,271.5220750552471,0.91,79.87266135229476,0.03984,catalog,9010531487.94344,67116337.80370583,Selsis,-0.3366594973546132,-0.6856658828853519,GP,0.09004491357553465,0.9781678864894227,1.3238452454019472e+20,1.3238452454019472e+20
3.131426744186047,1.367,radius relation,0.12,271.5220750552471,0.91,479.68911106470415,0.03984,catalog,1104933842.3006756,61122585.14380541,Jackson,-0.36857047062744697,-0.670815166446099,linear,0.25595360009487944,0.06115996052665984,7.161184392862363e+21,7.161184392862363e+21
3.131426744186047,1.367,radius relation,0.12,271.5220750552471,0.91,42.97501044427198,0.03984,catalog,8942611672.697979,24440356.187312596,Jackson,-0.36899845548095994,-0.6207939331309658,GP,0.08240590629834606,0.439981756419504,9.418707765785049e+21,9.418707765785049e+21
3.131426744186047,1.367,radius relation,0.12,271.5220750552471,0.91,205.083365795783,0.03984,catalog,4505003788.463901,92628390.94474272,Selsis,-0.488856645472363,-0.6003301245853543,linear,0.16782526612250304,0.8851687397425211,1440346394803891.0,1440346394803891.0
3.131426744186047,1.367,radius relation,0.12,271.5220750552471,0.91,294.3845626795462,0.03984,catalog,1071415824.2094467,21967168.495322354,Selsis,-0.45198318108836527,-0.632155445214362,log,0.2605848571083087,0.11888712641376165,2.8554151907184404e+20,2.8554151907184404e+20
3.131426744186047,1.367,radius relation,0.12,271.5220750552471,0.91,484.93953579807635,0.03984,catalog,1095260990.1201065,59920119.583602965,Jackson,-0.43938209319246435,-0.7953690429191841,linear,0.06992454022294564,0.362485627892141,5.664970668034767e+21,5.664970668034767e+21
3.131426744186047,1.367,radius relation,0.12,271.5220750552471,0.91,203.29029178860063,0.03984,catalog,4533324966.454397,77603358.4679428,Selsis,-0.28111358538881087,-0.7386055097836587,log,0.23774910542693092,0.9055205786443262,6.066314183822593e+20,6.066314183822593e+20
3.131426744186047,1.367,radius relation,0.12,271.5220750552471,0.91,173.62494467582064,0.03984,catalog,5076246946.651995,9284314.96821467,Selsis,-0.45056479940234256,-0.6444805582567323,linear,0.0679586196822531,0.09213206440870003,4.652785614625246e+20,4.652785614625246e+20
3.131426744186047,1.367,radius relation,0.12,271.5220750552471,0.91,102.88518718484363,0.03984,catalog,4034779933.773493,45567204.386105314,Jackson,-0.4178780472455917,-0.6197623602079659,linear,0.05890408541139138,0.7255577432354813,7.252063044337873e+21,7.252063044337873e+21
3.131426744186047,1.367,radius relation,0.12,271.5220750552471,0.91,132.88939413578333,0.03984,catalog,3226503506.5113945,3958202.3987354976,Jackson,-0.4576387840011939,-0.6176192478632391,log,0.11172339298183952,0.9495923846898616,9.38626216547067e+21,9.38626216547067e+21
3.131426744186047,1.367,radius relation,0.12,271.5220750552471,0.91,165.48837226671702,0.03984,catalog,2671685039.0870795,23395649.384955008,Jackson,-0.39572045866913963,-0.6657965173384892,linear,0.08265573549524169,0.6020143692423502,8.121180660015124e+21,8.121180660015124e+21
3.131426744186047,1.367,radius relation,0.12,271.5220750552471,0.91,93.89412086955245,0.03984,catalog,4374550067.66912,63979519.21742972,Jackson,-0.499984373843289,-0.6306094530677968,log,0.07049046784532513,0.8791364885535378,5.841206145574472e+21,5.841206145574472e+21
3.131426744186047,1.367,radius relation,0.12,271.5220750552471,0.91,48.215952978552394,0.03984,catalog,8025087554.225605,91423205.92732768,Jackson,-0.32322268645750846,-0.7679858290767249,log,0.09066225221981165,0.7994668229424251,8.791915587459818e+21,8.791915587459818e+21
3.131426744186047,1.367,radius relation,0.12,271.5220750552471,0.91,129.45947996198893,0.03984,catalog,3300476581.287147,31119734.485219456,Jackson,-0.3057894158197252,-0.7214887333104367,log,0.2890747628570879,0.8064483781282892,1.3033377208599784e+22,1.3033377208599784e+22
3.131426744186047,1.367,radius relation,0.12,271.5220750552471,0.91,77.68415803165713,0.03984,catalog,5181511220.945362,83654892.88578832,Jackson,-0.3921134531981755,-0.7832925342049593,linear,0.36269599189388796,0.6295910499597381,5.877329636278285e+21,5.877329636278285e+21
3.131426744186047,1.367,radius relation,0.12,271.5220750552471,0.91,758.6261036035509,0.03984,catalog,765901210.1980895,52961074.0216418,Jackson,-0.3140816766114807,-0.7419746190819017,log,0.432504828514654,0.07019197658737875,9.190627001822654e+21,9.190627001822654e+21
3.131426744186047,1.367,radius relation,0.12,271.5220750552471,0.91,130.44470869718327,0.03984,catalog,3278843391.583837,76323720.56624661,Jackson,-0.49890166321777873,-0.6447455096540311,GP,0.44683623263004174,0.39955916771397104,5.405369619942622e+21,5.405369619942622e+21
3.131426744186047,1.367,radius relation,0.12,271.5220750552471,0.91,140.77253623920473,0.03984,catalog,5910156939.898221,81201234.72185487,Selsis,-0.4037829119821611,-0.7627415747859467,linear,0.21263862767158573,0.8334104345784731,1902765422031591.0,1902765422031591.0
3.131426744186047,1.367,radius relation,0.12,271.5220750552471,0.91,112.12265864620517,0.03984,catalog,6986741616.833719,63956469.46577615,Selsis,-0.4625476637598219,-0.651517512475256,linear,0.2468744816076735,0.20350161830618363,2259827809442418.0,2259827809442418.0
3.131426744186047,1.367,radius relation,0.12,271.5220750552471,0.91,100.53183711026008,0.03984,catalog,4117970876.5988455,42849971.96975595,Jackson,-0.41410503980578145,-0.6463289102585862,linear,0.10096391966594342,0.30050350636917145,7.043533732760341e+21,7.043533732760341e+21
3.131426744186047,1.367,radius relation,0.12,271.5220750552471,0.91,93.60938596756898,0.03984,catalog,4386352679.575981,58824581.06654489,Jackson,-0.4071498645246985,-0.6240355603354556,linear,0.39263031668180765,0.5128891936178206,6.96278873548421e+21,6.96278873548421e+21
3.131426744186047,1.367,radius relation,0.12,271.5220750552471,0.91,232.52851334186255,0.03984,catalog,2003869963.2104936,69425952.53419638,Jackson,-0.3506512970210844,-0.6065529987555106,GP,0.11156552012018993,0.42255090569642384,8.838739179868795e+21,8.838739179868795e+21
3.131426744186047,1.367,radius relation,0.12,271.5220750552471,0.91,171.63698078487812,0.03984,catalog,2589802514.6393547,86252159.66783473,Jackson,-0.3235203747901413,-0.6505751635054468,linear,0.27151273087418265,0.817446248951844,9.444719940992382e+21,9.444719940992382e+21
3.131426744186047,1.367,radius relation,0.12,271.5220750552471,0.91,76.93097921127014,0.03984,catalog,5227145443.746198,55286330.13670734,Jackson,-0.29280889373978464,-0.6649040833748031,linear,0.3046449569634872,0.9734322286706334,1.388430890669873e+22,1.388430890669873e+22
3.131426744186047,1.367,radius relation,0.12,271.5220750552471,0.91,142.98347812202067,0.03984,catalog,5843343056.924554,87488950.12742147,Selsis,-0.4340710998259761,-0.6432602139857702,linear,0.47518290809408836,0.10673021436764873,1878902623834698.8,1878902623834698.8
3.131426744186047,1.367,radius relation,0.12,271.5220750552471,0.91,351.56900632185625,0.03984,catalog,1422803431.5790205,39478928.538703404,Jackson,-0.34837732885757566,-0.7621538991144883,GP,0.05382627337620682,0.018176400473133403,7.844347563293688e+21,7.844347563293688e+21
3.131426744186047,1.367,radius relation,0.12,271.5220750552471,0.91,38.80714950797451,0.03984,catalog,9852904117.980026,76178059.07668047,Jackson,-0.31576229738785605,-0.6522366656068174,log,0.08914464464522195,0.7743605557940754,1.0424531422200285e+22,1.0424531422200285e+22
3.131426744186047,1.367,radius relation,0.12,271.5220750552471,0.91,38.725394200976375,0.03984,catalog,9872766705.449352,61353116.70063162,Jackson,-0.41199751327011896,-0.6181189769607262,linear,0.1480760545949303,0.07459491181367006,6.700938343909809e+21,6.700938343909809e+21
3.131426744186047,1.367,radius relation,0.12,271.5220750552471,0.91,270.50594021894426,0.03984,catalog,1766326061.3472888,8674229.997367077,Jackson,-0.37664744774141956,-0.7093543148629224,linear,0.31363241154013094,0.2398744439072783,8.390416008225957e+21,8.390416008225957e+21
3.131426744186047,1.367,radius relation,0.12,271.5220750552471,0.91,428.20392593779604,0.03984,catalog,1211366857.1921985,50708420.221345186,Jackson,-0.3489147166837439,-0.7955922341873841,GP,0.26576965711738065,0.3493562934882636,8.303189372004857e+21,8.303189372004857e+21
3.131426744186047,1.367,radius relation,0.12,271.5220750552471,0.91,294.384562679546,0.03984,catalog,2900569113.9316635,76605407.2946121,Selsis,-0.4826230436209374,-0.7326478082866279,GP,0.05949109670161674,0.2985570140753201,921835876928930.2,921835876928930.2
3.131426744186047,1.367,radius relation,0.12,271.5220750552471,0.91,38.597280893716956,0.03984,catalog,9904065593.350945,67557477.68422712,Jackson,-0.3632658576545843,-0.7806831304345223,log,0.3597921434242857,0.6487266091937982,7.141088021959137e+21,7.141088021959137e+21
3.131426744186047,1.367,radius relation,0.12,271.5220750552471,0.91,293.703555000004,0.03984,catalog,3223747167.8687716,56787345.80864427,Selsis,-0.3805904827779113,-0.6747253348461332,log,0.12924485679712902,0.2769631180160512,5.5127164088414765e+19,5.5127164088414765e+19
3.131426744186047,1.367,radius relation,0.12,271.5220750552471,0.91,174.17865084578722,0.03984,catalog,2557571526.672312,79484889.1618845,Jackson,-0.4320984104226594,-0.6330430495182672,log,0.35827836456884327,0.6072891948994908,5.936051534781801e+21,5.936051534781801e+21
3.131426744186047,1.367,radius relation,0.12,271.5220750552471,0.91,93.87099870440584,0.03984,catalog,7976462715.471266,90415729.78928764,Selsis,-0.28110148878861657,-0.7817241193884662,GP,0.3826231589340707,0.6958143145910665,4.639932375173134e+20,4.639932375173134e+20
3.131426744186047,1.367,radius relation,0.12,271.5220750552471,0.91,263.4976051280992,0.03984,catalog,1805291933.5012708,15198538.034037873,Jackson,-0.4820458958915903,-0.7145123012037448,log,0.4139613055852419,0.021724942775043554,6.031127198222466e+21,6.031127198222466e+21
3.131426744186047,1.367,radius relation,0.12,271.5220750552471,0.91,77.93103741459477,0.03984,catalog,9180672460.8647,26279535.85553599,Selsis,-0.29086496374388005,-0.665473550226075,GP,0.30529162044756153,0.3673537007140908,1.1801943384187378e+21,1.1801943384187378e+21
3.131426744186047,1.367,radius relation,0.12,271.5220750552471,0.91,125.08800118140638,0.03984,catalog,6444508142.043399,98893631.84628908,Selsis,-0.3597275558144317,-0.6185097486732285,GP,0.28337077040280484,0.0513030368117795,2071420076296439.8,2071420076296439.8
3.131426744186047,1.367,radius relation,0.12,271.5220750552471,0.91,154.59141148795558,0.03984,catalog,2832094117.243657,24923199.689595573,Jackson,-0.48693743454691957,-0.7559185749487157,GP,0.1619776658528427,0.7656212086989229,6.501517596313742e+21,6.501517596313742e+21
3.131426744186047,1.367,radius relation,0.12,271.5220750552471,0.91,64.1948725944396,0.03984,catalog,6159389681.998251,82905421.66106169,Jackson,-0.4602139829534391,-0.6943935225020984,GP,0.17999366203055717,0.05851522324504066,5.159472234225443e+21,5.159472234225443e+21
3.131426744186047,1.367,radius relation,0.12,271.5220750552471,0.91,68.89858251919681,0.03984,catalog,5775224960.816276,53679073.24512634,Jackson,-0.3279727581861432,-0.796557830022086,log,0.16424844659296972,0.8614298068312726,9.557781814018413e+21,9.557781814018413e+21
3.131426744186047,1.367,radius relation,0.12,271.5220750552471,0.91,96.18670912203902,0.03984,catalog,4282014317.9531574,39104751.425218426,Jackson,-0.4568781059397615,-0.7219647603775139,log,0.16392801581256514,0.8475377450712636,6.223871572499835e+21,6.223871572499835e+21
3.131426744186047,1.367,radius relation,0.12,271.5220750552471,0.91,62.40185104124132,0.03984,catalog,6321024177.668687,73006422.86333592,Jackson,-0.4897150109467821,-0.7309810763995811,log,0.08121801437829726,0.5167399656935266,5.09042871639419e+21,5.09042871639419e+21
3.131426744186047,1.367,radius relation,0.12,271.5220750552471,0.91,118.97393548565084,0.03984,catalog,3552151838.804497,75578416.56972075,Jackson,-0.3796153843453952,-0.7645552321922439,GP,0.10640416868597222,0.9428169891344945,6.396519050418826e+21,6.396519050418826e+21
3.131426744186047,1.367,radius relation,0.12,271.5220750552471,0.91,112.09027725792753,0.03984,catalog,6988237251.138657,27939792.280596238,Selsis,-0.28031043229570624,-0.7713473736053266,GP,0.07520918008625903,0.3665286699013842,1.2760077246693738e+21,1.2760077246693738e+21
3.131426744186047,1.367,radius relation,0.12,271.5220750552471,0.91,132.093811776076,0.03984,catalog,6191734869.409258,2091975.986675677,Selsis,-0.41654825930309425,-0.7261632069044086,linear,0.2610171744313304,0.30256499430316997,6.35723874184302e+20,6.35723874184302e+20
3.131426744186047,1.367,radius relation,0.12,271.5220750552471,0.91,89.40902999306734,0.03984,catalog,8273873526.189801,78058904.37346949,Selsis,-0.40278067990326377,-0.7877697631757957,GP,0.13164139762720406,0.11408748621288023,2675387060142566.5,2675387060142566.5
3.131426744186047,1.367,radius relation,0.12,271.5220750552471,0.91,123.71382670667795,0.03984,catalog,6497105640.12983,69257041.11135966,Selsis,-0.3297328750091602,-0.618725241267702,GP,0.08753857683821176,0.7275535188599431,2.5474232336106475e+20,2.5474232336106475e+20
3.131426744186047,1.367,radius relation,0.12,271.5220750552471,0.91,85.04447139855328,0.03984,catalog,8592247161.95134,12915909.66794402,Selsis,-0.3682701229115636,-0.6092513326949546,log,0.3149509461447403,0.4253029111236868,7.277875282242159e+20,7.277875282242159e+20
3.131426744186047,1.367,radius relation,0.12,271.5220750552471,0.91,285.0804944953451,0.03984,catalog,1691082985.8892782,4651521.590666723,Jackson,-0.44054604455709206,-0.6273966700330285,GP,0.393008316358972,0.9786232164377474,9.333174900814061e+21,9.333174900814061e+21
3.131426744186047,1.367,radius relation,0.12,271.5220750552471,0.91,177.793394883988,0.03984,catalog,2513251175.682468,66399631.10315041,Jackson,-0.37952216354263746,-0.7992618641014113,linear,0.0505370744085687,0.8702598952526459,6.595742908983972e+21,6.595742908983972e+21
3.131426744186047,1.367,radius relation,0.12,271.5220750552471,0.91,125.14101068700965,0.03984,catalog,3399182417.1268167,60517168.102170005,Jackson,-0.39875626958859406,-0.7310283371659425,GP,0.3776768446715727,0.5126601521359003,6.360851721164724e+21,6.360851721164724e+21
3.131426744186047,1.367,radius relation,0.12,271.5220750552471,0.91,294.384562679546,0.03984,catalog,2160117324.328839,76551448.29602616,Selsis,-0.4964118032286305,-0.7126849851673125,linear,0.05317414188867322,0.45157068969355274,680145347462413.6,680145347462413.6
3.131426744186047,1.367,radius relation,0.12,271.5220750552471,0.91,48.00705858317621,0.03984,catalog,8057770458.784981,87448031.12589297,Jackson,-0.4763518011303724,-0.734175789819749,linear,0.25631674883331806,0.23543208867450482,4.859287125895022e+21,4.859287125895022e+21
3.131426744186047,1.367,radius relation,0.12,271.5220750552471,0.91,282.7756013928183,0.03984,catalog,1702496215.495737,66738291.38797107,Jackson,-0.36692305405116893,-0.6399927310255616,log,0.3766242488175391,0.15255704449361063,7.555310496352475e+21,7.555310496352475e+21
3.131426744186047,1.367,radius relation,0.12,271.5220750552471,0.91,258.5978373103112,0.03984,catalog,3822238468.9907227,63926419.339203626,Selsis,-0.46725693964677745,-0.6649420878466766,GP,0.08604784282196816,0.2418103640050896,1226838318042290.8,1226838318042290.8
3.131426744186047,1.367,radius relation,0.12,271.5220750552471,0.91,104.38722049776908,0.03984,catalog,3983597789.160773,52544196.92977398,Jackson,-0.330810109746412,-0.7609709216197281,GP,0.43902258910467246,0.5506724684441591,9.43529538722341e+21,9.43529538722341e+21
3.131426744186047,1.367,radius relation,0.12,271.5220750552471,0.91,100.88881981197306,0.03984,catalog,7557459505.485912,57060196.01952956,Selsis,-0.39194835292914687,-0.7826726303440973,linear,0.26250594172416997,0.14190803315902112,2448380323907513.0,2448380323907513.0
3.131426744186047,1.367,radius relation,0.12,271.5220750552471,0.91,177.94998041117537,0.03984,catalog,2511370167.5857587,97427702.88532394,Jackson,-0.4810938117827177,-0.6800187065367165,GP,0.48167621737758815,0.8841090599063549,4.836131525570579e+21,4.836131525570579e+21
3.131426744186047,1.367,radius relation,0.12,271.5220750552471,0.91,36.77189668395217,0.03984,catalog,10374358787.158602,5609685.394138937,Jackson,-0.2906202910265804,-0.6313074413666967,GP,0.07916251510160674,0.9677148693004974,1.8950908330142e+22,1.8950908330142e+22
3.131426744186047,1.367,radius relation,0.12,271.5220750552471,0.91,170.1496470527472,0.03984,catalog,2609090328.1509566,54819761.13183204,Jackson,-0.31556556226448257,-0.6731826642572567,log,0.06718306326638207,0.26643589419437075,1.0823405987905176e+22,1.0823405987905176e+22
3.131426744186047,1.367,radius relation,0.12,271.5220750552471,0.91,283.28065003507993,0.03984,catalog,1699980406.328927,25504339.230439983,Jackson,-0.3594290560565334,-0.7509553638757711,log,0.2294084317243699,0.6444508971534236,8.941025829375919e+21,8.941025829375919e+21
3.131426744186047,1.367,radius relation,0.12,271.5220750552471,0.91,294.3845626795462,0.03984,catalog,2443613505.2885337,72813041.8559258,Selsis,-0.3359817052686722,-0.6885212460088133,log,0.16364463129733078,0.4102321428023402,9.47027789555429e+19,9.47027789555429e+19
3.131426744186047,1.367,radius relation,0.12,271.5220750552471,0.91,97.37852196746209,0.03984,catalog,7760173658.511347,75117177.2810105,Selsis,-0.35365461938652915,-0.6938340997014226,log,0.3264023590679024,0.5233371660668186,1.157299078418281e+19,1.157299078418281e+19
3.131426744186047,1.367,radius relation,0.12,271.5220750552471,0.91,294.3845626795462,0.03984,catalog,1956067717.0154016,27266997.356174983,Selsis,-0.4971592063002735,-0.6426062671053273,linear,0.13428622064515183,0.7703945751271195,1.8215999073149305e+20,1.8215999073149305e+20
3.131426744186047,1.367,radius relation,0.12,271.5220750552471,0.91,295.65485170190135,0.03984,catalog,603641572.9646337,76080848.92933066,Selsis,-0.3634509662765713,-0.7148388314614718,log,0.05022987376446865,0.6091499674276246,172213403993597.97,172213403993597.97
3.131426744186047,1.367,radius relation,0.12,271.5220750552471,0.91,294.3845626795462,0.03984,catalog,2490227244.670361,64753375.97889833,Selsis,-0.44618639017225026,-0.6557814831409887,log,0.15275830715916783,0.6653236535352732,791755512104662.6,791755512104662.6
3.131426744186047,1.367,radius relation,0.12,271.5220750552471,0.91,107.45191822075138,0.03984,catalog,3883497676.525882,94715175.19369365,Jackson,-0.2914685989456821,-0.7480597285857511,linear,0.2316699058815213,0.14517651988045432,1.1783852488049352e+22,1.1783852488049352e+22
3.131426744186047,1.367,radius relation,0.12,271.5220750552471,0.91,294.3845626795462,0.03984,catalog,2786580317.6900945,81742027.58845037,Selsis,-0.4100082175016935,-0.7952286595106265,GP,0.1026108594050448,0.2393710123882672,882949370505937.4,882949370505937.4
3.131426744186047,1.367,radius relation,0.12,271.5220750552471,0.91,294.3845626795462,0.03984,catalog,1705916581.9872785,77419512.95987372,Selsis,-0.34496746450666754,-0.6460454405801292,log,0.1588879973671249,0.8647248413728928,5.863094413654436e+19,5.863094413654436e+19
3.131426744186047,1.367,radius relation,0.12,271.5220750552471,0.91,150.13498138354305,0.03984,catalog,2904121736.057944,14906679.916669529,Jackson,-0.4672506174916999,-0.602720972589614,GP,0.2006216973906189,0.9694805168850251,8.453167658428917e+21,8.453167658428917e+21
3.131426744186047,1.367,radius relation,0.12,271.5220750552471,0.91,180.7135437124496,0.03984,catalog,4932156937.159933,98688074.76373556,Selsis,-0.3959265255877562,-0.6027170514097634,linear,0.2612514162179935,0.5550352870055509,1577805336840449.2,1577805336840449.2
3.131426744186047,1.367,radius relation,0.12,271.5220750552471,0.91,292.6405827767103,0.03984,catalog,3383453346.124008,79828072.0578336,Selsis,-0.4770379465402436,-0.6497828134273231,log,0.08602367984271742,0.20752956795477884,1078413399721067.4,1078413399721067.4
3.131426744186047,1.367,radius relation,0.12,271.5220750552471,0.91,94.17666560122932,0.03984,catalog,4362907362.814811,84415872.01727365,Jackson,-0.4105666891720303,-0.6664319611061156,linear,0.09285837193481185,0.5112780600855347,5.842392925458939e+21,5.842392925458939e+21
3.131426744186047,1.367,radius relation,0.12,271.5220750552471,0.91,40.57127992939577,0.03984,catalog,9444266230.621157,75414922.44030957,Jackson,-0.3767144826779837,-0.7251256538391561,log,0.24307913857791938,0.47499684690298805,6.556883751276464e+21,6.556883751276464e+21
3.131426744186047,1.367,radius relation,0.12,271.5220750552471,0.91,65.84085215758961,0.03984,catalog,6018741285.661827,85605547.61414623,Jackson,-0.3608503384041734,-0.6150780671621178,log,0.11306182002649441,0.6631961412511788,7.75230877254648e+21,7.75230877254648e+21
3.131426744186047,1.367,radius relation,0.12,271.5220750552471,0.91,123.37828204322469,0.03984,catalog,6510109166.714415,61274014.11994681,Selsis,-0.41299486452518674,-0.7038683010003475,linear,0.28143384796926985,0.3277126993069347,2105114734332554.2,2105114734332554.2
3.131426744186047,1.367,radius relation,0.12,271.5220750552471,0.91,294.3845626795462,0.03984,catalog,2400948457.915535,2299277.644335193,Selsis,-0.46504765797121417,-0.6545647479468213,log,0.09258804823664567,0.8805379204297145,6.608150862132194e+20,6.608150862132194e+20
3.131426744186047,1.367,radius relation,0.12,271.5220750552471,0.91,241.61420256423523,0.03984,catalog,4009924872.5717425,46880772.00164647,Selsis,-0.3548785923922369,-0.6866080440000615,log,0.28435946536698214,0.9783303087669243,2.0310252146785806e+20,2.0310252146785806e+20
3.131426744186047,1.367,radius relation,0.12,271.5220750552471,0.91,149.46321339219912,0.03984,catalog,2915337031.025163,25586572.802047662,Jackson,-0.4973775964541911,-0.6206145258450682,log,0.07186511092311386,0.9111268524789385,7.278835067722915e+21,7.278835067722915e+21
3.131426744186047,1.367,radius relation,0.12,271.5220750552471,0.91,114.68580348141235,0.03984,catalog,3667907214.3228803,31813257.21662382,Jackson,-0.3220951242250733,-0.6621140676873609,log,0.14167820563472552,0.9886986085507257,1.1582462868881003e+22,1.1582462868881003e+22
3.131426744186047,1.367,radius relation,0.12,271.5220750552471,0.91,338.5315631758654,0.03984,catalog,1467607464.3639307,28280660.777142562,Jackson,-0.35143582292968967,-0.738640349815544,GP,0.07771100315668286,0.13778461213276472,8.436565164076617e+21,8.436565164076617e+21
3.131426744186047,1.367,radius relation,0.12,271.5220750552471,0.91,104.3462590728131,0.03984,catalog,3984974493.1596675,63495812.52959893,Jackson,-0.3296674583470956,-0.6168213373274324,GP,0.1639925823260022,0.251735288486695,1.0074064105470383e+22,1.0074064105470383e+22
3.131426744186047,1.367,radius relation,0.12,271.5220750552471,0.91,102.16347852283651,0.03984,catalog,4059894520.972086,79008158.43335488,Jackson,-0.28579494375646847,-0.7646125276383816,linear,0.2506886053083196,0.7650495178050706,1.3493722780566297e+22,1.3493722780566297e+22
3.131426744186047,1.367,radius relation,0.12,271.5220750552471,0.91,90.31640810473003,0.03984,catalog,4528148870.646165,87078301.34186764,Jackson,-0.4280388890850621,-0.7574450106876034,log,0.16842209726789661,0.46639674067633996,5.233077571378692e+21,5.233077571378692e+21
3.131426744186047,1.367,radius relation,0.12,271.5220750552471,0.91,294.384562679546,0.03984,catalog,2145319584.0191905,87530416.9556446,Selsis,-0.38280629521777737,-0.7281741336350501,GP,0.07227717496821807,0.9607537125920317,671730970513737.1,671730970513737.1
3.131426744186047,1.367,radius relation,0.12,271.5220750552471,0.91,206.76269372332513,0.03984,catalog,2211698576.6587086,3000372.0457264576,Jackson,-0.36082659229842845,-0.7264577855440943,log,0.41716970820954735,0.14887165271336333,8.653322497766747e+21,8.653322497766747e+21
3.131426744186047,1.367,radius relation,0.12,271.5220750552471,0.91,141.38269786945787,0.03984,catalog,3058264133.548324,75664681.77735485,Jackson,-0.3711186149213066,-0.6353244774529175,log,0.05055208158584812,0.3075208963751903,7.309148755613528e+21,7.309148755613528e+21
3.131426744186047,1.367,radius relation,0.12,271.5220750552471,0.91,103.67430453668514,0.03984,catalog,4007710185.9853654,93070221.30257635,Jackson,-0.3605887899725982,-0.7125326025843775,log,0.2688538126830102,0.6459449851491823,6.758594923003962e+21,6.758594923003962e+21
3.131426744186047,1.367,radius relation,0.12,271.5220750552471,0.91,294.384562679546,0.03984,catalog,2791101158.0055275,77592743.47253324,Selsis,-0.2927630862565768,-0.6253817687355416,linear,0.26397651310121095,0.4097737242053392,5.5727637017028297e+20,5.5727637017028297e+20
3.131426744186047,1.367,radius relation,0.12,271.5220750552471,0.91,172.98145132748502,0.03984,catalog,5089846680.558366,12532319.235679533,Selsis,-0.39353839604461976,-0.7336385943741266,log,0.39357512472490264,0.36203097968418274,4.232155955744115e+20,4.232155955744115e+20
3.131426744186047,1.367,radius relation,0.12,271.5220750552471,0.91,212.0692929469234,0.03984,catalog,4398717515.011836,95784593.33962935,Selsis,-0.310422773201291,-0.7226059980174574,linear,0.363213587910054,0.5515481895186224,8.758789858317928e+19,8.758789858317928e+19
3.131426744186047,1.367,radius relation,0.12,271.5220750552471,0.91,294.384562679546,0.03984,catalog,1610737395.2249315,50710201.339864284,Selsis,-0.3611276258104297,-0.647429447366034,log,0.0706703094021612,0.8048266908490149,1.8688262275829904e+20,1.8688262275829904e+20
3.131426744186047,1.367,radius relation,0.12,271.5220750552471,0.91,194.2785872534209,0.03984,catalog,2331142924.883555,57842971.34933203,Jackson,-0.3278422329571883,-0.7505762658289066,GP,0.4416643486114617,0.4329968960348999,9.477064992872093e+21,9.477064992872093e+21
3.131426744186047,1.367,radius relation,0.12,271.5220750552471,0.91,91.13372195456853,0.03984,catalog,4492017639.497885,29012431.028334357,Jackson,-0.42785500103042795,-0.7752709910600498,GP,0.0707872871729819,0.03437458852721287,6.145660008188488e+21,6.145660008188488e+21
3.131426744186047,1.367,radius relation,0.12,271.5220750552471,0.91,242.28440071730665,0.03984,catalog,4002080690.197138,84817446.49664691,Selsis,-0.4275895155112607,-0.772268036370235,log,0.18314181795856557,0.7819469321147912,1278725285644125.8,1278725285644125.8
3.131426744186047,1.367,radius relation,0.12,271.5220750552471,0.91,153.84209298450148,0.03984,catalog,2843924697.83191,87828567.34021172,Jackson,-0.2942441754756589,-0.7534924177559083,GP,0.07168422232881308,0.7217129538542938,1.1950424095322022e+22,1.1950424095322022e+22
3.131426744186047,1.367,radius relation,0.12,271.5220750552471,0.91,294.384562679546,0.03984,catalog,1813261972.6836164,81774276.46819177,Selsis,-0.3167409499091603,-0.6798893214179665,linear,0.11969965918977041,0.5056564606002047,1.5617875000075855e+20,1.5617875000075855e+20
3.131426744186047,1.367,radius relation,0.12,271.5220750552471,0.91,46.36177738875861,0.03984,catalog,8325621137.170898,21504181.817510273,Jackson,-0.38861690860966475,-0.7918829353268031,linear,0.31017023492587564,0.6031594062975175,8.006201568363448e+21,8.006201568363448e+21
3.131426744186047,1.367,radius relation,0.12,271.5220750552471,0.91,121.66240111700294,0.03984,catalog,3483619096.866605,13591809.235014534,Jackson,-0.39863650677466794,-0.6672916863723799,GP,0.4315620650125675,0.36833908708544905,8.244122680587274e+21,8.244122680587274e+21
3.131426744186047,1.367,radius relation,0.12,271.5220750552471,0.91,294.384562679546,0.03984,catalog,2042440153.4406679,97666540.3669972,Selsis,-0.4447461758871658,-0.6469935998337899,log,0.10467767299294557,0.1058063825583524,634838926868129.6,634838926868129.6
3.131426744186047,1.367,radius relation,0.12,271.5220750552471,0.91,155.6703112496416,0.03984,catalog,5493025492.750633,87360302.1114292,Selsis,-0.4543429429578461,-0.6505197607074186,log,0.13644550801640115,0.7972668371430506,1764589289758013.8,1764589289758013.8
3.131426744186047,1.367,radius relation,0.12,271.5220750552471,0.91,294.3845626795462,0.03984,catalog,2522166391.2195754,85790801.56417562,Selsis,-0.45035241696130573,-0.6735483936197488,log,0.31719930332316215,0.3931450547610279,795314197183088.5,795314197183088.5
3.131426744186047,1.367,radius relation,0.12,271.5220750552471,0.91,166.38105593616547,0.03984,catalog,2659437632.869579,78209392.30506408,Jackson,-0.29282672847614233,-0.7120662202768064,log,0.19730990610578622,0.9853729735456931,1.2614233433683997e+22,1.2614233433683997e+22
3.131426744186047,1.367,radius relation,0.12,271.5220750552471,0.91,56.09033743655811,0.03984,catalog,6972208007.939345,11545889.048401346,Jackson,-0.4413494726568206,-0.6035640165631231,GP,0.3949108761508345,0.9772636124547024,8.990516254868907e+21,8.990516254868907e+21
3.131426744186047,1.367,radius relation,0.12,271.5220750552471,0.91,46.87731812944469,0.03984,catalog,8239640610.970308,51956279.01863068,Jackson,-0.40179993830228783,-0.7819172359548668,linear,0.10658744870627986,0.3194332347159208,6.470914677883962e+21,6.470914677883962e+21
3.131426744186047,1.367,radius relation,0.12,271.5220750552471,0.91,112.02451402030356,0.03984,catalog,3744071946.18538,12426199.116864424,Jackson,-0.34996906256613725,-0.6485621737417547,GP,0.07700682056244228,0.19498204651872686,9.54672461003483e+21,9.54672461003483e+21
3.131426744186047,1.367,radius relation,0.12,271.5220750552471,0.91,190.55330326053038,0.03984,catalog,4748024690.57187,42839249.669939354,Selsis,-0.35799311981916715,-0.7236351844273466,log,0.17669707825821934,0.7593334600133164,1.9478338648132177e+20,1.9478338648132177e+20
3.131426744186047,1.367,radius relation,0.12,271.5220750552471,0.91,146.19205692277154,0.03984,catalog,2971364972.692924,16995762.826590803,Jackson,-0.33038741868342725,-0.6348253142661786,log,0.1464515157698865,0.7645378014362558,1.2227161791530952e+22,1.2227161791530952e+22
3.131426744186047,1.367,radius relation,0.12,271.5220750552471,0.91,88.59847554512999,0.03984,catalog,4606226522.432669,48467993.21921994,Jackson,-0.4165883142237714,-0.674162786388783,linear,0.3801634111890917,0.03165694203414737,6.22097572014931e+21,6.22097572014931e+21
3.131426744186047,1.367,radius relation,0.12,271.5220750552471,0.91,155.61214422502294,0.03984,catalog,5494514678.511112,67492393.32655355,Selsis,-0.4268664273391249,-0.7722137479830289,GP,0.06136511092701001,0.5372031755866759,1771560957252394.0,1771560957252394.0
3.131426744186047,1.367,radius relation,0.12,271.5220750552471,0.91,72.6909199380812,0.03984,catalog,5501497737.070915,84261494.88106759,Jackson,-0.38942126394559995,-0.6320561242680441,linear,0.05551777585578033,0.28378339462189084,6.597422163165073e+21,6.597422163165073e+21
3.131426744186047,1.367,radius relation,0.12,271.5220750552471,0.91,294.3845626795465,0.03984,catalog,982964212.6363415,8981177.860967126,Selsis,-0.3603603620201776,-0.7847308510906201,log,0.07463612399650525,0.049996787981134494,6.031964094338795e+20,6.031964094338795e+20
3.131426744186047,1.367,radius relation,0.12,271.5220750552471,0.91,324.1419680189045,0.03984,catalog,1520961408.5084162,89315691.96268101,Jackson,-0.28118757220528096,-0.6378527205765412,GP,0.2348545211266066,0.43030622076460734,1.4718556371771864e+22,1.4718556371771864e+22
3.131426744186047,1.367,radius relation,0.12,271.5220750552471,0.91,164.8931755068116,0.03984,catalog,5268821154.451984,19777954.105731465,Selsis,-0.3707707905250704,-0.6865651187624582,log,0.10578492688669228,0.13312972698882186,4.284855409276754e+20,4.284855409276754e+20
3.131426744186047,1.367,radius relation,0.12,271.5220750552471,0.91,107.69576549953506,0.03984,catalog,3875771554.4258504,94404474.33269201,Jackson,-0.33109656837699264,-0.7699125162501239,linear,0.06257624548845678,0.2831910599428503,8.13897327314997e+21,8.13897327314997e+21
3.131426744186047,1.367,radius relation,0.12,271.5220750552471,0.91,75.63924504094979,0.03984,catalog,9391801931.008957,48698092.584444135,Selsis,-0.2966062176398473,-0.681038389347539,GP,0.3849668840357351,0.5664013932965911,7.039326386223827e+20,7.039326386223827e+20
3.131426744186047,1.367,radius relation,0.12,271.5220750552471,0.91,294.384562679546,0.03984,catalog,1420007257.4797359,6621785.2791331345,Selsis,-0.49926529970415634,-0.6890329745432349,linear,0.28924991195194005,0.24798188265570453,4.098140093805863e+20,4.098140093805863e+20
3.131426744186047,1.367,radius relation,0.12,271.5220750552471,0.91,31.563258321068265,0.03984,catalog,12025773853.883316,79297733.45475985,Jackson,-0.4441181592389584,-0.7366935264019865,GP,0.38314412333296455,0.3630676231577078,5.246832353868927e+21,5.246832353868927e+21
3.131426744186047,1.367,radius relation,0.12,271.5220750552471,0.91,244.9013226006097,0.03984,catalog,1918845718.0682404,5673601.860250711,Jackson,-0.49928530072298816,-0.6375101237626397,log,0.0646919766246432,0.70901280043925,8.346107700808542e+21,8.346107700808542e+21
3.131426744186047,1.367,radius relation,0.12,271.5220750552471,0.91,294.5541488427086,0.03984,catalog,808179649.1573042,63114672.34669722,Selsis,-0.30124583731104665,-0.7747913207808678,log,0.10331074005086732,0.8069112246853104,4.132253593503477e+20,4.132253593503477e+20
3.131426744186047,1.367,radius relation,0.12,271.5220750552471,0.91,93.23075571986297,0.03984,catalog,8017540627.541688,79893935.45921478,Selsis,-0.4147642338406388,-0.7720491800825555,log,0.21091061881070272,0.459713697768374,2591112443106305.5,2591112443106305.5
3.131426744186047,1.367,radius relation,0.12,271.5220750552471,0.91,255.78955784052994,0.03984,catalog,3851757141.359234,46826554.53219893,Selsis,-0.37239144804891827,-0.7515761132096039,linear,0.05996361968363711,0.5897288417153261,1.0856711127875797e+20,1.0856711127875797e+20
3.131426744186047,1.367,radius relation,0.12,271.5220750552471,0.91,178.2964692839647,0.03984,catalog,2507219133.5425262,68435554.43864971,Jackson,-0.39366289215046896,-0.6268820820539558,linear,0.4903624142432706,0.3303242086834727,6.944191358574426e+21,6.944191358574426e+21
3.131426744186047,1.367,radius relation,0.12,271.5220750552471,0.91,91.00844979208604,0.03984,catalog,4497514261.867385,57679644.81598077,Jackson,-0.33426944887784416,-0.7667773335175904,linear,0.4917874588118849,0.8850747004541846,8.985954096278083e+21,8.985954096278083e+21
3.131426744186047,1.367,radius relation,0.12,271.5220750552471,0.91,294.384562679546,0.03984,catalog,3050210769.399761,7961171.058500982,Selsis,-0.4189977548915478,-0.6386971582575793,linear,0.165032973544757,0.08128564998128607,5.467605436678874e+20,5.467605436678874e+20
3.131426744186047,1.367,radius relation,0.12,271.5220750552471,0.91,32.01843017552766,0.03984,catalog,11859257533.310122,69648384.2773302,Jackson,-0.49731469214839685,-0.6452755750633242,linear,0.49280172013928975,0.09743286831168074,5.517690969051501e+21,5.517690969051501e+21
3.131426744186047,1.367,radius relation,0.12,271.5220750552471,0.91,65.49527788159546,0.03984,catalog,6047686155.7000475,95313329.76697913,Jackson,-0.4210422838602178,-0.6781188385241897,linear,0.4324016540079615,0.03778363350637981,5.375554731932333e+21,5.375554731932333e+21
3.131426744186047,1.367,radius relation,0.12,271.5220750552471,0.91,181.2034728163792,0.03984,catalog,4922569250.000777,34939952.40554589,Selsis,-0.39652277544408887,-0.7060788018069225,log,0.20323697386783712,0.10198458697989332,1.657772827772938e+20,1.657772827772938e+20
3.131426744186047,1.367,radius relation,0.12,271.5220750552471,0.91,151.93439169014928,0.03984,catalog,2874549990.162405,13489374.392138317,Jackson,-0.4108020076928773,-0.7287386998575941,GP,0.06075593902302357,0.6287378343562776,8.075213368833188e+21,8.075213368833188e+21
3.131426744186047,1.367,radius relation,0.12,271.5220750552471,0.91,294.54672145829915,0.03984,catalog,810782185.2161779,26377245.887331072,Selsis,-0.4399369870286991,-0.7568243798786446,log,0.06690098479075891,0.9983129447916065,1.5388539322435804e+20,1.5388539322435804e+20
3.131426744186047,1.367,radius relation,0.12,271.5220750552471,0.91,126.3605491468125,0.03984,catalog,6396720637.771509,63919175.17053895,Selsis,-0.47876347837758,-0.6609960712722966,GP,0.09917070141984767,0.6015479205595716,2067237470500493.0,2067237470500493.0
3.131426744186047,1.367,radius relation,0.12,271.5220750552471,0.91,426.64770792660386,0.03984,catalog,1214954097.8520086,98359684.18279417,Jackson,-0.49382123848601456,-0.707658711055623,linear,0.33316604941204325,0.25485411113146306,4.6598220388756703e+21,4.6598220388756703e+21
3.131426744186047,1.367,radius relation,0.12,271.5220750552471,0.91,349.9612383757214,0.03984,catalog,1428159865.6107082,81361349.47363248,Jackson,-0.299573780087108,-0.7452427295178865,log,0.17323120623201949,0.8181215609864142,1.148904788928524e+22,1.148904788928524e+22
3.131426744186047,1.367,radius relation,0.12,271.5220750552471,0.91,92.6689333395458,0.03984,catalog,4425840594.12284,78324766.99964303,Jackson,-0.4854925622736732,-0.735086666243291,log,0.338703392687454,0.3545634798941151,5.003264993640689e+21,5.003264993640689e+21
3.131426744186047,1.367,radius relation,0.12,271.5220750552471,0.91,148.09863603983337,0.03984,catalog,5695638553.671144,36674171.78758665,Selsis,-0.4126553164911509,-0.7720819949586544,GP,0.2576062794707819,0.5939752315853062,1.0486820195440828e+20,1.0486820195440828e+20
3.131426744186047,1.367,radius relation,0.12,271.5220750552471,0.91,294.1713426929116,0.03984,catalog,3156058529.0440574,61392234.20377375,Selsis,-0.4827704106255029,-0.7910926643589943,GP,0.32655414522432796,0.4403088767765234,1010202224271413.9,1010202224271413.9
3.131426744186047,1.367,radius relation,0.12,271.5220750552471,0.91,204.6807421654303,0.03984,catalog,4511324872.357193,41013196.16255839,Selsis,-0.4755548159506296,-0.7123401798219663,GP,0.0921810578282426,0.5109989521244788,3.477294724140388e+19,3.477294724140388e+19
3.131426744186047,1.367,radius relation,0.12,271.5220750552471,0.91,64.75360520528575,0.03984,catalog,10581016555.88332,6814286.058400707,Selsis,-0.3575581146304001,-0.6047594650210113,log,0.25089504872511215,0.10560573602286916,9.11666492715611e+20,9.11666492715611e+20
3.131426744186047,1.367,radius relation,0.12,271.5220750552471,0.91,166.2626502673362,0.03984,catalog,2661054886.002589,49644685.42400099,Jackson,-0.2967444488001752,-0.6112778987379623,linear,0.05976268450876795,0.9304078913617077,1.4439552594334072e+22,1.4439552594334072e+22
3.131426744186047,1.367,radius relation,0.12,271.5220750552471,0.91,294.3845626795462,0.03984,catalog,988616492.9385699,55240748.62205299,Selsis,-0.42339368660346266,-0.7729138089057634,linear,0.2446918294867937,0.30537341485807623,304684952481506.6,304684952481506.6
3.131426744186047,1.367,radius relation,0.12,271.5220750552471,0.91,294.3845626795462,0.03984,catalog,2133856149.26336,84911346.19834204,Selsis,-0.33596110330055695,-0.6897105680936649,GP,0.15352579775420777,0.6009768102293147,1.5528147960388e+19,1.5528147960388e+19
3.131426744186047,1.367,radius relation,0.12,271.5220750552471,0.91,123.63196938542562,0.03984,catalog,3435246368.000162,76551109.89852057,Jackson,-0.3282890589923144,-0.7303980267210068,linear,0.108242563406118,0.007364513557917229,8.302770988932478e+21,8.302770988932478e+21
3.131426744186047,1.367,radius relation,0.12,271.5220750552471,0.91,130.72071253702578,0.03984,catalog,6239353833.688856,45961490.38531759,Selsis,-0.35911719872569275,-0.6700429953718485,linear,0.24842615650651334,0.45999825380391746,2.0887211644702006e+20,2.0887211644702006e+20
3.131426744186047,1.367,radius relation,0.12,271.5220750552471,0.91,292.7485016024618,0.03984,catalog,3366856296.2103033,50258093.01987448,Selsis,-0.308880197311824,-0.7945739186956207,log,0.05078222287252912,0.766804373012632,4.4177207086318046e+20,4.4177207086318046e+20
3.131426744186047,1.367,radius relation,0.12,271.5220750552471,0.91,219.42385462208648,0.03984,catalog,4293315472.0463643,79468000.35837145,Selsis,-0.4589286510153056,-0.6912921615426632,GP,0.29558088539418875,0.6123945262145715,1375540262850660.8,1375540262850660.8
3.131426744186047,1.367,radius relation,0.12,271.5220750552471,0.91,210.84934264512015,0.03984,catalog,4416828779.489072,29618320.386256848,Selsis,-0.4834709414457306,-0.707772110744887,linear,0.1716874308325128,0.3184855498483705,1.1405342392707006e+20,1.1405342392707006e+20
3.131426744186047,1.367,radius relation,0.12,271.5220750552471,0.91,264.0125843107572,0.03984,catalog,3766883653.2000294,36632132.26561839,Selsis,-0.39966737768538674,-0.6877474474191728,log,0.13476276039442248,0.6505844163476546,1.5199006361103506e+20,1.5199006361103506e+20
3.131426744186047,1.367,radius relation,0.12,271.5220750552471,0.91,279.6471864541112,0.03984,catalog,1718270196.9548166,90458169.20108734,Jackson,-0.38251685110624234,-0.7695417241337122,log,0.16930518851655346,0.7955027834518972,5.978470789509617e+21,5.978470789509617e+21
3.131426744186047,1.367,radius relation,0.12,271.5220750552471,0.91,516.7953530500241,0.03984,catalog,1040486238.0857563,76263015.21219814,Jackson,-0.41815506611010694,-0.6762560657984897,GP,0.09344941395000025,0.15812941952756532,5.837751901317381e+21,5.837751901317381e+21
3.131426744186047,1.367,radius relation,0.12,271.5220750552471,0.91,231.12277391514053,0.03984,catalog,2014074104.7928357,94387167.03986308,Jackson,-0.2971822325850229,-0.7407338451925373,GP,0.20700427080888611,0.06585227211927858,1.0783340573826163e+22,1.0783340573826163e+22
3.131426744186047,1.367,radius relation,0.12,271.5220750552471,0.91,161.582988104962,0.03984,catalog,2726788826.4318857,88006657.87926805,Jackson,-0.4728480026592462,-0.6983322433143664,log,0.08463852390375387,0.4616255449321478,4.973492270354259e+21,4.973492270354259e+21
3.131426744186047,1.367,radius relation,0.12,271.5220750552471,0.91,236.7527987504505,0.03984,catalog,1973896736.6551223,76484090.21493053,Jackson,-0.2947484026242667,-0.6262020189258993,log,0.42304906565284683,0.43741816730446414,1.3233813474713776e+22,1.3233813474713776e+22
3.131426744186047,1.367,radius relation,0.12,271.5220750552471,0.91,294.3845626795462,0.03984,catalog,2045364333.3446734,26879188.816616427,Selsis,-0.40704958175077893,-0.781247901722189,log,0.30116666907633544,0.04677214606003077,1.932585627193165e+20,1.932585627193165e+20
3.131426744186047,1.367,radius relation,0.12,271.5220750552471,0.91,90.62203166372518,0.03984,catalog,4514563225.229437,52578156.087951146,Jackson,-0.31667526005387253,-0.7204858607646843,GP,0.38264771514816576,0.6798742877439824,1.0729333387640089e+22,1.0729333387640089e+22
3.131426744186047,1.367,radius relation,0.12,271.5220750552471,0.91,113.6807231650065,0.03984,catalog,3696264793.9963965,42252126.608751595,Jackson,-0.41687478311296033,-0.6903307435942242,GP,0.25951485894618836,0.5814343768268544,6.717621933679902e+21,6.717621933679902e+21
3.131426744186047,1.367,radius relation,0.12,271.5220750552471,0.91,190.23391639373466,0.03984,catalog,2373035731.7923446,39636501.870093055,Jackson,-0.3882387308682912,-0.7175000645172659,linear,0.0602413607903131,0.3127058413293473,7.291247513209511e+21,7.291247513209511e+21
3.131426744186047,1.367,radius relation,0.12,271.5220750552471,0.91,207.83130915411473,0.03984,catalog,2202108998.5827208,78136101.95979974,Jackson,-0.3486091993572156,-0.7040757547757333,linear,0.1660017170717439,0.27717594455489025,7.684753950510519e+21,7.684753950510519e+21
3.131426744186047,1.367,radius relation,0.12,271.5220750552471,0.91,277.3057842699918,0.03984,catalog,1730294873.5438688,39366093.887023814,Jackson,-0.39576043684046724,-0.6558896866661574,GP,0.252833516955513,0.28874142040537054,7.419934545293757e+21,7.419934545293757e+21
3.131426744186047,1.367,radius relation,0.12,271.5220750552471,0.91,76.57483084000938,0.03984,catalog,5249033071.529204,15623207.887384804,Jackson,-0.30771045555350984,-0.6660141460295419,log,0.20706545542554816,0.11352512401355475,1.1833743462620698e+22,1.1833743462620698e+22
3.131426744186047,1.367,radius relation,0.12,271.5220750552471,0.91,256.56739426809844,0.03984,catalog,3843524197.8247976,35508000.51965549,Selsis,-0.3818496295926822,-0.7045474657469268,GP,0.24186493855027624,0.9284033741468394,2.0019042042828128e+20,2.0019042042828128e+20
3.131426744186047,1.367,radius relation,0.12,271.5220750552471,0.91,78.60767483948099,0.03984,catalog,5126735977.589448,80912529.02624826,Jackson,-0.49601178990384687,-0.7485908889162581,linear,0.17165184426295416,0.06014451564693768,4.870547236761401e+21,4.870547236761401e+21
3.131426744186047,1.367,radius relation,0.12,271.5220750552471,0.91,150.8042064450299,0.03984,catalog,2893044402.4114895,51269230.06225317,Jackson,-0.3243096407436027,-0.7483888906746705,GP,0.21478311513560525,0.043404122414414825,9.09510695577205e+21,9.09510695577205e+21
3.131426744186047,1.367,radius relation,0.12,271.5220750552471,0.91,294.384562679546,0.03984,catalog,1577686243.5850666,2251718.308562069,Selsis,-0.39128256628518754,-0.6471754477228527,GP,0.1818792033437134,0.7824118449255595,8.751442032657333e+20,8.751442032657333e+20
3.131426744186047,1.367,radius relation,0.12,271.5220750552471,0.91,57.713413985939404,0.03984,catalog,6791117806.120977,62688528.366538025,Jackson,-0.35185250204139473,-0.7099297461591259,GP,0.059874625727335894,0.4593939583863259,7.939652251486118e+21,7.939652251486118e+21
3.131426744186047,1.367,radius relation,0.12,271.5220750552471,0.91,414.1886274799106,0.03984,catalog,1244575378.826051,18310306.21406651,Jackson,-0.4288273694156084,-0.7341487850302122,linear,0.19240441824716162,0.8112430876231861,7.429108510976411e+21,7.429108510976411e+21
3.131426744186047,1.367,radius relation,0.12,271.5220750552471,0.91,141.11617060409955,0.03984,catalog,3063246679.1744204,11664611.557695033,Jackson,-0.34623851098925,-0.662995033681826,log,0.1461984550381814,0.5096652896859597,1.0730731120319791e+22,1.0730731120319791e+22
3.131426744186047,1.367,radius relation,0.12,271.5220750552471,0.91,217.1723686589252,0.03984,catalog,4324912178.024619,31133406.373857845,Selsis,-0.34108614228737616,-0.6994446085739833,log,0.15983095597197305,0.898780058075015,4.176688713020206e+20,4.176688713020206e+20
3.131426744186047,1.367,radius relation,0.12,271.5220750552471,0.91,180.73987953778897,0.03984,catalog,4931640381.951556,77251346.49785122,Selsis,-0.2803193505069555,-0.7117419601685162,linear,0.05937840061241383,0.3490590987144391,6.470875622283086e+20,6.470875622283086e+20
3.131426744186047,1.367,radius relation,0.12,271.5220750552471,0.91,121.21388424495159,0.03984,catalog,3494847568.1213193,5955882.192573193,Jackson,-0.419744220205734,-0.7722667627265843,GP,0.40079612936473175,0.5854317503155565,8.229915547404583e+21,8.229915547404583e+21
3.131426744186047,1.367,radius relation,0.12,271.5220750552471,0.91,117.39690251190011,0.03984,catalog,6753121122.2992735,21514179.743911326,Selsis,-0.45167933208835065,-0.619876628704378,linear,0.3450449038091563,0.21994856999014423,3.219169629411445e+20,3.219169629411445e+20
3.131426744186047,1.367,radius relation,0.12,271.5220750552471,0.91,262.2863354804017,0.03984,catalog,3784312933.0982394,21069395.35119901,Selsis,-0.3939901373732552,-0.6338744620742053,GP,0.0561043927245455,0.4483683291794498,4.0076098907856005e+20,4.0076098907856005e+20
3.131426744186047,1.367,radius relation,0.12,271.5220750552471,0.91,56.83190633172081,0.03984,catalog,6888181621.461588,82454304.11818466,Jackson,-0.3478040953395483,-0.6325698681379976,log,0.3966966169562552,0.13275428920044086,8.086687536185689e+21,8.086687536185689e+21
3.131426744186047,1.367,radius relation,0.12,271.5220750552471,0.91,192.93978339277453,0.03984,catalog,2344824378.8670745,25765687.446293455,Jackson,-0.394024164027786,-0.7625136976976111,log,0.34883301600650973,0.4983747743898719,7.65942584421632e+21,7.65942584421632e+21
3.131426744186047,1.367,radius relation,0.12,271.5220750552471,0.91,258.20578181357195,0.03984,catalog,3826325573.056975,58355632.010409355,Selsis,-0.3104304108556422,-0.6991426544261524,GP,0.2991300252303611,0.45980353166476406,3.852058847919969e+20,3.852058847919969e+20
3.131426744186047,1.367,radius relation,0.12,271.5220750552471,0.91,294.3845626795462,0.03984,catalog,895582466.2257968,13500015.979433877,Selsis,-0.28810086390364087,-0.6104643615701367,log,0.425816557396836,0.026463410156331246,1.6040834026666407e+21,1.6040834026666407e+21
3.131426744186047,1.367,radius relation,0.12,271.5220750552471,0.91,93.33684055290902,0.03984,catalog,4397716112.608851,79310057.68097469,Jackson,-0.2844166725604412,-0.6144478828386738,linear,0.22838352559183897,0.09064526004162854,1.3738193615098674e+22,1.3738193615098674e+22
3.131426744186047,1.367,radius relation,0.12,271.5220750552471,0.91,124.11058585008576,0.03984,catalog,3423716166.521419,26816122.31694032,Jackson,-0.4723001153182058,-0.7922325719491372,log,0.06630080159522429,0.5634234891371721,6.464663285374021e+21,6.464663285374021e+21
3.131426744186047,1.367,radius relation,0.12,271.5220750552471,0.91,81.89729478128329,0.03984,catalog,4941536461.660146,46656126.19544125,Jackson,-0.44642276019472754,-0.798625972362672,GP,0.07225206978652499,0.716679476003324,5.952912203936559e+21,5.952912203936559e+21
3.131426744186047,1.367,radius relation,0.12,271.5220750552471,0.91,146.6959278367362,0.03984,catalog,5735224142.639263,33860180.20410109,Selsis,-0.4351954357014474,-0.6977509109373587,linear,0.05900697495033715,0.6615113002001101,1.269705412947544e+20,1.269705412947544e+20
3.131426744186047,1.367,radius relation,0.12,271.5220750552471,0.91,127.1217445010533,0.03984,catalog,3353104090.644384,66088497.39016539,Jackson,-0.2956937857181601,-0.7575930999321664,linear,0.13129249145604482,0.7200713585934474,1.2526175831918629e+22,1.2526175831918629e+22
3.131426744186047,1.367,radius relation,0.12,271.5220750552471,0.91,96.82277218843365,0.03984,catalog,4257101313.6520934,26586011.226575334,Jackson,-0.3281282819890274,-0.7579303133641989,GP,0.07289769436317373,0.4784597168452751,1.0791293343797982e+22,1.0791293343797982e+22
3.131426744186047,1.367,radius relation,0.12,271.5220750552471,0.91,162.7325626860473,0.03984,catalog,5319307758.912723,1041451.9457526788,Selsis,-0.4732983134163323,-0.7070085421325679,linear,0.05414295398073648,0.3404294804905046,5.992518792642943e+20,5.992518792642943e+20
3.131426744186047,1.367,radius relation,0.12,271.5220750552471,0.91,57.634569378653865,0.03984,catalog,6799678195.722796,53024615.85333124,Jackson,-0.403557927176407,-0.790577975469575,GP,0.16435745423705683,0.6870910611193153,6.374416633640183e+21,6.374416633640183e+21
3.131426744186047,1.367,radius relation,0.12,271.5220750552471,0.91,339.45872628298713,0.03984,catalog,1464315006.7710524,97514874.56881897,Jackson,-0.2955711367990588,-0.6661017353777576,log,0.10138695506681338,0.27067299083443974,1.1874971617933606e+22,1.1874971617933606e+22
3.131426744186047,1.367,radius relation,0.12,271.5220750552471,0.91,239.12244819136805,0.03984,catalog,4039428416.6149516,83255347.33328049,Selsis,-0.4546254450052659,-0.7298279946522968,GP,0.0789942126437708,0.6291420651883814,1291426749583438.5,1291426749583438.5
3.131426744186047,1.367,radius relation,0.12,271.5220750552471,0.91,43.19792841732382,0.03984,catalog,8898973520.565819,99300997.84186728,Jackson,-0.37822701177550094,-0.7854037017654221,GP,0.2512344385008761,0.09123216818747604,5.891420084284575e+21,5.891420084284575e+21
3.131426744186047,1.367,radius relation,0.12,271.5220750552471,0.91,294.3845626795462,0.03984,catalog,2535481609.7314677,45029857.9896415,Selsis,-0.34836918621900853,-0.6301406191213293,GP,0.1871397203340568,0.5377524792836781,3.229513761884048e+20,3.229513761884048e+20
3.131426744186047,1.367,radius relation,0.12,271.5220750552471,0.91,85.4823135465985,0.03984,catalog,4755716559.367231,57211963.60453245,Jackson,-0.48574335926473156,-0.6951089544625485,GP,0.17802627877092442,0.7190590783380051,5.594503141868213e+21,5.594503141868213e+21
3.131426744186047,1.367,radius relation,0.12,271.5220750552471,0.91,165.25373296341274,0.03984,catalog,2674925261.1245484,79968448.59226646,Jackson,-0.4049946561051301,-0.6169909795948584,GP,0.11271259533713288,0.316468803805534,6.561198123525517e+21,6.561198123525517e+21
3.131426744186047,1.367,radius relation,0.12,271.5220750552471,0.91,58.64458792357605,0.03984,catalog,6691763140.981063,34391939.7039468,Jackson,-0.2980112983222109,-0.7991219457426517,GP,0.28475382406772237,0.9184089693968769,1.3693414626088679e+22,1.3693414626088679e+22
3.131426744186047,1.367,radius relation,0.12,271.5220750552471,0.91,68.65127428186403,0.03984,catalog,5794118411.987283,12176724.332607405,Jackson,-0.49740455898051295,-0.6830479973794567,log,0.07101270651660176,0.07295716365563465,6.304679339289884e+21,6.304679339289884e+21
3.131426744186047,1.367,radius relation,0.12,271.5220750552471,0.91,40.06152233060437,0.03984,catalog,9558560831.956163,17714042.820004433,Jackson,-0.36065383596977574,-0.7060464487702341,linear,0.1391283183465442,0.2656323825748803,8.824905787462165e+21,8.824905787462165e+21
3.131426744186047,1.367,radius relation,0.12,271.5220750552471,0.91,76.39506782502548,0.03984,catalog,5260157306.638295,96290230.7651015,Jackson,-0.30769750642027255,-0.6125160504159848,log,0.12191825874646839,0.6763445430778999,1.1221253465656971e+22,1.1221253465656971e+22
3.131426744186047,1.367,radius relation,0.12,271.5220750552471,0.91,260.70528067472134,0.03984,catalog,3800454023.787024,79236743.44167155,Selsis,-0.4054078940125489,-0.7646416719412135,GP,0.31286899114732936,0.8260762806695114,1214729348967207.0,1214729348967207.0
3.131426744186047,1.367,radius relation,0.12,271.5220750552471,0.91,104.40868697662249,0.03984,catalog,3982876726.4998503,29600832.10888109,Jackson,-0.4430263100145876,-0.6908506684491861,log,0.07679134964976697,0.11339934954048159,6.383487525602941e+21,6.383487525602941e+21
3.131426744186047,1.367,radius relation,0.12,271.5220750552471,0.91,129.18165452054902,0.03984,catalog,6293809298.395562,78299628.81353748,Selsis,-0.3401350661730993,-0.7655482597839174,linear,0.48529266080266936,0.09900567194931509,9.464354807116872e+18,9.464354807116872e+18
3.131426744186047,1.367,radius relation,0.12,271.5220750552471,0.91,71.55933667379422,0.03984,catalog,5580160179.108827,70790035.81218241,Jackson,-0.419269126021457,-0.6281871640289429,linear,0.07210089722568945,0.465299659019659,6.370691449074651e+21,6.370691449074651e+21
3.131426744186047,1.367,radius relation,0.12,271.5220750552471,0.91,294.3845626795462,0.03984,catalog,1389226059.3260937,47460400.11077996,Selsis,-0.42642669286913,-0.7330058537826177,log,0.1377223172413396,0.34537146796519236,1.8519030260057907e+19,1.8519030260057907e+19
3.131426744186047,1.367,radius relation,0.12,271.5220750552471,0.91,294.3845626795462,0.03984,catalog,2623141109.483334,3252597.7218013145,Selsis,-0.44269857503537274,-0.7099615433993697,linear,0.2020846835423489,0.5497764651889803,5.68754573370348e+20,5.68754573370348e+20
3.131426744186047,1.367,radius relation,0.12,271.5220750552471,0.91,81.54940680279671,0.03984,catalog,4960424856.139481,73070427.26005381,Jackson,-0.28862649649813005,-0.6624717390525955,GP,0.13228455868829234,0.842667146682957,1.3790104569090763e+22,1.3790104569090763e+22
3.131426744186047,1.367,radius relation,0.12,271.5220750552471,0.91,358.38863740615346,0.03984,catalog,1400582714.7702696,29752076.112143908,Jackson,-0.3360200095124542,-0.745841950447255,linear,0.3757488401405266,0.2887761024839901,9.71248652601028e+21,9.71248652601028e+21
3.131426744186047,1.367,radius relation,0.12,271.5220750552471,0.91,89.08346668021922,0.03984,catalog,4583884812.149488,27883080.2820886,Jackson,-0.46950297348971354,-0.775852689866361,GP,0.22040335003024006,0.010214963391554921,5.745159335391752e+21,5.745159335391752e+21
3.131426744186047,1.367,radius relation,0.12,271.5220750552471,0.91,54.4677492907059,0.03984,catalog,7164079343.478748,53080448.05357415,Jackson,-0.4345605331835201,-0.7107288450540928,log,0.24003642881892737,0.6708839320491562,6.04029508426868e+21,6.04029508426868e+21
3.131426744186047,1.367,radius relation,0.12,271.5220750552471,0.91,294.384562679546,0.03984,catalog,2779883464.0713806,27327343.93802553,Selsis,-0.3027458302447828,-0.7262983513546899,GP,0.38055686333775074,0.5627293570510109,8.535425278662621e+20,8.535425278662621e+20
3.131426744186047,1.367,radius relation,0.12,271.5220750552471,0.91,190.8667298622174,0.03984,catalog,2366369763.154674,71924914.80964074,Jackson,-0.3174757861811262,-0.7290806100230998,log,0.06730306977581982,0.5156227978716583,9.924224431646554e+21,9.924224431646554e+21
3.131426744186047,1.367,radius relation,0.12,271.5220750552471,0.91,54.36646534893566,0.03984,catalog,7176438013.921567,29905077.556358445,Jackson,-0.42252346477567504,-0.7984664392366406,log,0.13996621560882813,0.7842189504700922,6.848351736996907e+21,6.848351736996907e+21
3.131426744186047,1.367,radius relation,0.12,271.5220750552471,0.91,120.28321737282843,0.03984,catalog,3518405394.5847096,80868086.16056775,Jackson,-0.343984376523643,-0.6441401460914948,linear,0.1261272384970525,0.8499951367405502,8.279653270749871e+21,8.279653270749871e+21
3.131426744186047,1.367,radius relation,0.12,271.5220750552471,0.91,111.2653090227531,0.03984,catalog,7026606518.501789,44290499.129261315,Selsis,-0.47782102682051497,-0.6520391290126716,log,0.2817647153492539,0.1443932584844384,3.3732676509218476e+19,3.3732676509218476e+19
3.131426744186047,1.367,radius relation,0.12,271.5220750552471,0.91,294.3845626795462,0.03984,catalog,1532934304.9318907,52136879.606586955,Selsis,-0.467229076649645,-0.6591896717787099,linear,0.34773842622925755,0.8320764711299808,483381634799563.75,483381634799563.75
3.131426744186047,1.367,radius relation,0.12,271.5220750552471,0.91,294.384562679546,0.03984,catalog,2249667521.997532,4468271.734738589,Selsis,-0.30181198365437406,-0.7177635339189695,GP,0.1408898511665767,0.5408803838635121,1.545125526818277e+21,1.545125526818277e+21
3.131426744186047,1.367,radius relation,0.12,271.5220750552471,0.91,1193.336031825126,0.03984,catalog,536291446.3970897,3018450.8856571573,Jackson,-0.38045797592853026,-0.7008932370387478,GP,0.06547468792992077,0.8710640565663517,9.078842860880497e+21,9.078842860880497e+21
3.131426744186047,1.367,radius relation,0.12,271.5220750552471,0.91,126.56685454602473,0.03984,catalog,3365871915.512528,21967794.75286726,Jackson,-0.4700370367859757,-0.6672488815425867,GP,0.28857038604691454,0.5677404749940095,7.09362825844374e+21,7.09362825844374e+21
3.131426744186047,1.367,radius relation,0.12,271.5220750552471,0.91,50.21113387323972,0.03984,catalog,7726788506.937263,35442018.87660048,Jackson,-0.3920769992327042,-0.608917205735452,log,0.3035140986833642,0.8942872731451886,8.40953928010682e+21,8.40953928010682e+21
3.131426744186047,1.367,radius relation,0.12,271.5220750552471,0.91,85.89283716097954,0.03984,catalog,4735412837.500408,18446384.78429296,Jackson,-0.3979270859925572,-0.7435038043643252,GP,0.09427952066993933,0.8324035642603863,8.006812674203728e+21,8.006812674203728e+21
3.131426744186047,1.367,radius relation,0.12,271.5220750552471,0.91,294.65254426427475,0.03984,catalog,774483826.6323878,50737213.03875298,Selsis,-0.28068964966363313,-0.6504935389463364,GP,0.07420982585552201,0.3258556460161186,1.0418752349558336e+21,1.0418752349558336e+21
3.131426744186047,1.367,radius relation,0.12,271.5220750552471,0.91,669.9178514346211,0.03984,catalog,845286208.7306216,60521610.98837493,Jackson,-0.49678180483552703,-0.6770096594125778,GP,0.0692400511812751,0.6432802187613669,5.545101659603437e+21,5.545101659603437e+21
3.131426744186047,1.367,radius relation,0.12,271.5220750552471,0.91,73.63168830134637,0.03984,catalog,5437924818.812604,80523140.74229066,Jackson,-0.3372798064039563,-0.6730429631924042,linear,0.06310727722371097,0.5680567946351129,8.433067441161771e+21,8.433067441161771e+21
3.131426744186047,1.367,radius relation,0.12,271.5220750552471,0.91,294.384562679546,0.03984,catalog,1316408441.9577107,51872866.436321124,Selsis,-0.3336030654217357,-0.7812712695529755,GP,0.09759718115954716,0.5350873144237235,2.2657903911259777e+20,2.2657903911259777e+20
3.131426744186047,1.367,radius relation,0.12,271.5220750552471,0.91,211.37988636341277,0.03984,catalog,2170925750.6188707,37358742.72531164,Jackson,-0.32948936349554525,-0.6472254612943371,log,0.2600794306539136,0.10978813951104915,9.815050598419888e+21,9.815050598419888e+21
3.131426744186047,1.367,radius relation,0.12,271.5220750552471,0.91,79.60535373226523,0.03984,catalog,5068972749.006812,92456129.86626783,Jackson,-0.32893007053355533,-0.7178445092838732,GP,0.09656305391412978,0.02367232842123712,8.116592879952191e+21,8.116592879952191e+21
3.131426744186047,1.367,radius relation,0.12,271.5220750552471,0.91,222.54121304955535,0.03984,catalog,2079010146.2135456,44137582.49406827,Jackson,-0.3438780288397328,-0.7340957918147081,linear,0.34404881999132786,0.3424174965745971,8.902003014550588e+21,8.902003014550588e+21
3.131426744186047,1.367,radius relation,0.12,271.5220750552471,0.91,111.57110555301595,0.03984,catalog,3757400309.4454727,28811551.81990222,Jackson,-0.4067624833981601,-0.7135093645106183,linear,0.10794704655697675,0.49783674236148734,7.337828771921935e+21,7.337828771921935e+21
3.131426744186047,1.367,radius relation,0.12,271.5220750552471,0.91,124.36075923203391,0.03984,catalog,3417723519.900783,8520378.882971691,Jackson,-0.4891281213482714,-0.6256157430813926,GP,0.25359890030429894,0.5524909951502122,8.16359954345152e+21,8.16359954345152e+21
3.131426744186047,1.367,radius relation,0.12,271.5220750552471,0.91,156.69520387493205,0.03984,catalog,2799459313.0574775,19271981.77288972,Jackson,-0.287130559994115,-0.6693782507113489,log,0.0813968292462416,0.517855967953302,1.6575790864747102e+22,1.6575790864747102e+22
3.131426744186047,1.367,radius relation,0.12,271.5220750552471,0.91,294.384562679546,0.03984,catalog,2556489364.312065,69420332.85567729,Selsis,-0.4467184947729356,-0.7981292163591135,GP,0.06505945032821431,0.1457144544877348,811862226206028.6,811862226206028.6
3.131426744186047,1.367,radius relation,0.12,271.5220750552471,0.91,293.60617782351005,0.03984,catalog,3238033596.016179,20648684.75454851,Selsis,-0.43284962026016416,-0.7530985173051037,linear,0.08718313030220785,0.817416332075716,2.2321353793744614e+20,2.2321353793744614e+20
3.131426744186047,1.367,radius relation,0.12,271.5220750552471,0.91,254.546676577507,0.03984,catalog,1857994203.200426,37126754.259343855,Jackson,-0.46639601010227494,-0.661060139263928,linear,0.21147022310021385,0.719963296946374,6.51562840241212e+21,6.51562840241212e+21
3.131426744186047,1.367,radius relation,0.12,271.5220750552471,0.91,72.59439725429783,0.03984,catalog,9691222988.409267,3720765.8866037037,Selsis,-0.42701202553801754,-0.6248815376275085,log,0.23076081668508888,0.8633579984992675,7.595944153473228e+20,7.595944153473228e+20
3.131426744186047,1.367,radius relation,0.12,271.5220750552471,0.91,294.384562679546,0.03984,catalog,2716609155.8159223,38430345.21137599,Selsis,-0.42787979169536294,-0.6923844451736769,linear,0.2085694596039108,0.8831811823156032,9.4229867224763e+19,9.4229867224763e+19
3.131426744186047,1.367,radius relation,0.12,271.5220750552471,0.91,75.3332150182411,0.03984,catalog,5326938880.173544,65153271.173896454,Jackson,-0.42086682674012377,-0.6815565973925715,log,0.1321695154651753,0.8322618136083307,6.029035019164327e+21,6.029035019164327e+21
3.131426744186047,1.367,radius relation,0.12,271.5220750552471,0.91,165.09261435249806,0.03984,catalog,2677155316.077566,22717113.360065572,Jackson,-0.4112136362836184,-0.7437831445421516,linear,0.18136478470902945,0.6642851029281404,7.461620398567489e+21,7.461620398567489e+21
3.131426744186047,1.367,radius relation,0.12,271.5220750552471,0.91,294.384562679546,0.03984,catalog,2455153317.282192,1380977.7102332197,Selsis,-0.35306542507557886,-0.7719824503075956,linear,0.43695643042472243,0.4400893780443156,9.639334402237381e+20,9.639334402237381e+20
3.131426744186047,1.367,radius relation,0.12,271.5220750552471,0.91,110.78587272294061,0.03984,catalog,3780733912.621177,83505613.30312565,Jackson,-0.2864070752560162,-0.712486626355277,linear,0.059394988917211775,0.6351589580950325,1.3392583090734514e+22,1.3392583090734514e+22
3.131426744186047,1.367,radius relation,0.12,271.5220750552471,0.91,74.06790741744072,0.03984,catalog,5408990114.294682,72382059.28705883,Jackson,-0.3850690729986591,-0.6923488391439202,log,0.06047372880105685,0.2475446367892904,6.519152400172771e+21,6.519152400172771e+21
3.131426744186047,1.367,radius relation,0.12,271.5220750552471,0.91,301.04270326471527,0.03984,catalog,500174536.6796663,99277783.31292741,Selsis,-0.281299106307638,-0.6870787870914827,log,0.1557462162982525,0.9220189056895798,4.516663893252194e+20,4.516663893252194e+20
3.131426744186047,1.367,radius relation,0.12,271.5220750552471,0.91,235.74940497609646,0.03984,catalog,1980924236.867336,14416623.663686004,Jackson,-0.4878781918581723,-0.7619452202211173,log,0.31688211994736337,0.6326489696050385,7.06522093898582e+21,7.06522093898582e+21
3.131426744186047,1.367,radius relation,0.12,271.5220750552471,0.91,127.27295827827749,0.03984,catalog,6362987509.927675,68071976.65772901,Selsis,-0.4173458011404815,-0.7845789160274188,linear,0.37802218672532495,0.5987542849061007,2054870240423829.2,2054870240423829.2
3.131426744186047,1.367,radius relation,0.12,271.5220750552471,0.91,141.0610513945535,0.03984,catalog,3064279358.698465,26478493.377370633,Jackson,-0.49336346986237767,-0.7328689448546475,GP,0.2688063061999476,0.5805019474703077,6.448402528807065e+21,6.448402528807065e+21
3.131426744186047,1.367,radius relation,0.12,271.5220750552471,0.91,53.57468347710273,0.03984,catalog,7274671821.625464,50725883.35627473,Jackson,-0.36859163396915856,-0.6394293742453058,linear,0.08314819473925664,0.6836354301389509,8.1012644396279e+21,8.1012644396279e+21
3.131426744186047,1.367,radius relation,0.12,271.5220750552471,0.91,294.3845626795462,0.03984,catalog,1808769803.0139577,74924139.28967735,Selsis,-0.2845908722086022,-0.7454359192641046,log,0.2869781615275754,0.6855416542875173,5.5868810146921454e+20,5.5868810146921454e+20
3.131426744186047,1.367,radius relation,0.12,271.5220750552471,0.91,58.15581058393088,0.03984,catalog,6743517173.286954,17664395.377593305,Jackson,-0.45330608088830043,-0.663259230234622,log,0.0825127469113475,0.04432001016957199,6.453351462454927e+21,6.453351462454927e+21
3.131426744186047,1.367,radius relation,0.12,271.5220750552471,0.91,182.93985797953286,0.03984,catalog,4888956902.385173,47081773.490496136,Selsis,-0.34212498366827376,-0.7480651808569654,linear,0.051752936783737706,0.4241685522556379,2.3364786161998306e+20,2.3364786161998306e+20
3.131426744186047,1.367,radius relation,0.12,271.5220750552471,0.91,259.4603880224091,0.03984,catalog,1828638151.178539,27641428.49073959,Jackson,-0.33211048391816117,-0.7530175519601527,GP,0.0710249951451667,0.975383008930844,1.0510023618344096e+22,1.0510023618344096e+22
3.131426744186047,1.367,radius relation,0.12,271.5220750552471,0.91,294.83666153700085,0.03984,catalog,715176735.596322,16338768.093641669,Selsis,-0.4772166282680506,-0.7577771209769766,linear,0.46468773336471886,0.7583331080636933,2.259858961383147e+20,2.259858961383147e+20
3.131426744186047,1.367,radius relation,0.12,271.5220750552471,0.91,51.66679217331382,0.03984,catalog,7523836694.242258,72559057.56068006,Jackson,-0.40480833994753124,-0.7142794185419894,linear,0.2590103966131617,0.19146422200764013,5.995303387770978e+21,5.995303387770978e+21
3.131426744186047,1.367,radius relation,0.12,271.5220750552471,0.91,294.38456267954575,0.03984,catalog,2514159146.479224,26583071.80949847,Selsis,-0.46925558353076774,-0.7462587907302322,linear,0.07012027039332235,0.42778503130007295,1.2953805784523651e+20,1.2953805784523651e+20
3.131426744186047,1.367,radius relation,0.12,271.5220750552471,0.91,294.3845626795462,0.03984,catalog,2187668034.7396016,53417559.93157836,Selsis,-0.42251941064527115,-0.7275089941421911,linear,0.10220911246326222,0.46176653031111303,696690489827000.5,696690489827000.5
3.131426744186047,1.367,radius relation,0.12,271.5220750552471,0.91,294.384562679546,0.03984,catalog,1950862548.6978176,69568268.04939887,Selsis,-0.3224967023832517,-0.684671467871549,linear,0.38196295527206653,0.9782960674594848,2.0089212082219837e+20,2.0089212082219837e+20
3.131426744186047,1.367,radius relation,0.12,271.5220750552471,0.91,294.384562679546,0.03984,catalog,2861620532.734081,44861531.57726866,Selsis,-0.4360622492945155,-0.6336380887878877,linear,0.2585685545177653,0.9517454130503654,8.880338143192393e+19,8.880338143192393e+19
3.131426744186047,1.367,radius relation,0.12,271.5220750552471,0.91,104.68053610161132,0.03984,catalog,3973770221.6854434,14203292.902331086,Jackson,-0.29466894006723837,-0.6467777398553793,linear,0.08764264298220298,0.07705959310805299,1.3105961865688272e+22,1.3105961865688272e+22
3.131426744186047,1.367,radius relation,0.12,271.5220750552471,0.91,291.89170592755175,0.03984,catalog,3501084669.50386,2208527.3052202114,Selsis,-0.3292264485465183,-0.7125386267233356,linear,0.47422722056950245,0.26517185006440736,1.1109428149612848e+21,1.1109428149612848e+21
3.131426744186047,1.367,radius relation,0.12,271.5220750552471,0.91,54.7508995635328,0.03984,catalog,7129773328.993996,38828665.53369737,Jackson,-0.44209840482079754,-0.7395166614363021,linear,0.19100626832497036,0.0730317768864569,5.978915282780675e+21,5.978915282780675e+21
3.131426744186047,1.367,radius relation,0.12,271.5220750552471,0.91,195.95511385445698,0.03984,catalog,2314261340.67671,99060598.9935073,Jackson,-0.4062379411556358,-0.6686596964930591,linear,0.17715644237260655,0.19431857241682393,5.606546063403983e+21,5.606546063403983e+21
3.131426744186047,1.367,radius relation,0.12,271.5220750552471,0.91,146.64422317764732,0.03984,catalog,5736696246.791808,97304060.67543027,Selsis,-0.36409693975371926,-0.7133466274641214,linear,0.19298465018910718,0.44921000292707014,1840885571233333.2,1840885571233333.2
3.131426744186047,1.367,radius relation,0.12,271.5220750552471,0.91,85.73372205132975,0.03984,catalog,8540000513.680488,45382627.66069152,Selsis,-0.36651833431401487,-0.6485432745579185,GP,0.27028880359545565,0.600442803295166,1.9878756633975125e+20,1.9878756633975125e+20
3.131426744186047,1.367,radius relation,0.12,271.5220750552471,0.91,294.384562679546,0.03984,catalog,950630938.1816472,42179280.467641525,Selsis,-0.3761332455603656,-0.6281323700255065,linear,0.09169107187120003,0.8121021669717183,2.370640852257673e+20,2.370640852257673e+20
3.131426744186047,1.367,radius relation,0.12,271.5220750552471,0.91,66.50798674648568,0.03984,catalog,5963710441.84982,64970951.45994183,Jackson,-0.41723324264050826,-0.7426750645813498,GP,0.05283471434455684,0.08704325759139775,5.804200612934442e+21,5.804200612934442e+21
3.131426744186047,1.367,radius relation,0.12,271.5220750552471,0.91,185.2497200955466,0.03984,catalog,2427054532.384731,83425428.24213733,Jackson,-0.2923121374508417,-0.7230000351799736,log,0.22363040953006252,0.28113832557448015,1.2394983808852195e+22,1.2394983808852195e+22
3.131426744186047,1.367,radius relation,0.12,271.5220750552471,0.91,127.08190009307917,0.03984,catalog,3354017301.803962,58244856.36196576,Jackson,-0.48066081092418417,-0.7942201550736276,linear,0.14889089576934592,0.6099161037627812,5.392987891486395e+21,5.392987891486395e+21
3.131426744186047,1.367,radius relation,0.12,271.5220750552471,0.91,294.384562679546,0.03984,catalog,1212300524.148965,72687015.88146074,Selsis,-0.3607230884312347,-0.7141155254436646,linear,0.32386031234643164,0.4595115000662364,372007832566967.44,372007832566967.44
3.131426744186047,1.367,radius relation,0.12,271.5220750552471,0.91,181.78176110252446,0.03984,catalog,2466305286.507883,3374678.1371834725,Jackson,-0.4921723849309048,-0.7123438459310247,linear,0.4229992320257775,0.3082117358618447,7.13944047780065e+21,7.13944047780065e+21
3.131426744186047,1.367,radius relation,0.12,271.5220750552471,0.91,294.3845626795462,0.03984,catalog,1501982168.579775,87972940.78654046,Selsis,-0.37774119709712095,-0.6166652283558831,GP,0.20403194523309823,0.17780064714487487,461579741065668.6,461579741065668.6
3.131426744186047,1.367,radius relation,0.12,271.5220750552471,0.91,294.3845626795462,0.03984,catalog,2303998428.157306,54349721.20279199,Selsis,-0.4594523448344278,-0.7187999993515467,linear,0.19684014915595088,0.7084969212642207,734360319037904.6,734360319037904.6
3.131426744186047,1.367,radius relation,0.12,271.5220750552471,0.91,295.11205770376137,0.03984,catalog,634870923.622424,49749376.860114604,Selsis,-0.4814537308477227,-0.714876272098178,log,0.2163029846993678,0.2348290979938582,191003175041502.0,191003175041502.0
3.131426744186047,1.367,radius relation,0.12,271.5220750552471,0.91,78.57912180282712,0.03984,catalog,9123023695.553238,22391249.890236054,Selsis,-0.4883833459070496,-0.734190689226124,linear,0.05988426545106826,0.684505906302679,1.558917030861934e+20,1.558917030861934e+20
3.131426744186047,1.367,radius relation,0.12,271.5220750552471,0.91,92.82039082960233,0.03984,catalog,8044141138.240956,14451041.36784652,Selsis,-0.28976659810983046,-0.7793236295354012,log,0.11534374761700024,0.9167088539288462,1.3565669450752073e+21,1.3565669450752073e+21
3.131426744186047,1.367,radius relation,0.12,271.5220750552471,0.91,83.71664319407877,0.03984,catalog,4845276664.714536,37445066.33858909,Jackson,-0.4717429940921486,-0.6793041615754859,GP,0.22721444049547257,0.21579829154638686,6.249360190438652e+21,6.249360190438652e+21
3.131426744186047,1.367,radius relation,0.12,271.5220750552471,0.91,294.3845626795462,0.03984,catalog,2875672418.3571115,92085360.70961846,Selsis,-0.4209246507419767,-0.7577468384096927,GP,0.16824952366348414,0.7218504675440192,908655592939705.1,908655592939705.1
3.131426744186047,1.367,radius relation,0.12,271.5220750552471,0.91,74.1997698971033,0.03984,catalog,9530535168.554823,56359304.72943458,Selsis,-0.3965298170814023,-0.6958416120292631,log,0.30454175473152384,0.8008475913319,1.467225614033327e+19,1.467225614033327e+19
3.131426744186047,1.367,radius relation,0.12,271.5220750552471,0.91,35.53614855319848,0.03984,catalog,10720970141.55623,41785185.49361205,Jackson,-0.49463521753977463,-0.6462662019635622,linear,0.06567103780462459,0.633023000002801,6.313778218129381e+21,6.313778218129381e+21
3.131426744186047,1.367,radius relation,0.12,271.5220750552471,0.91,62.81649028418115,0.03984,catalog,6282827207.765658,14778930.649629747,Jackson,-0.2965807073420728,-0.65325549140118,linear,0.21664607782367998,0.3255177306605348,1.4563503668791492e+22,1.4563503668791492e+22
3.131426744186047,1.367,radius relation,0.12,271.5220750552471,0.91,180.61278199682928,0.03984,catalog,4934134530.529182,7126966.308228612,Selsis,-0.496629548469143,-0.7781240184782354,linear,0.3453517078668508,0.23990138339751144,3.5779749975189265e+20,3.5779749975189265e+20
3.131426744186047,1.367,radius relation,0.12,271.5220750552471,0.91,294.384562679546,0.03984,catalog,2796571359.002149,61024613.013572924,Selsis,-0.2994648263549562,-0.7158260290606286,linear,0.23030527794034092,0.7871432171296435,4.802700843664554e+20,4.802700843664554e+20
3.131426744186047,1.367,radius relation,0.12,271.5220750552471,0.91,99.58411934828283,0.03984,catalog,7631286105.611344,95861026.81322032,Selsis,-0.4930055061116074,-0.6400542148297493,log,0.05971412191894405,0.32591186850712106,2459813902430902.5,2459813902430902.5
3.131426744186047,1.367,radius relation,0.12,271.5220750552471,0.91,115.58078214367032,0.03984,catalog,3643059413.5709696,45343980.74210091,Jackson,-0.4097360741687807,-0.7986089418105157,linear,0.23015045801738243,0.8060132515877129,6.493991645006698e+21,6.493991645006698e+21
3.131426744186047,1.367,radius relation,0.12,271.5220750552471,0.91,193.81041401735413,0.03984,catalog,4690742968.472612,24462487.967773896,Selsis,-0.3277526160477212,-0.7704944424073694,GP,0.35436638441414153,0.8406940271609131,5.772504755378408e+20,5.772504755378408e+20
3.131426744186047,1.367,radius relation,0.12,271.5220750552471,0.91,262.0029084573156,0.03984,catalog,1813856310.5324695,38299457.13550965,Jackson,-0.4945487363194793,-0.7164850934079355,linear,0.07038436329941541,0.8701261469420153,6.032279568465215e+21,6.032279568465215e+21
3.131426744186047,1.367,radius relation,0.12,271.5220750552471,0.91,294.3845626795462,0.03984,catalog,908011526.6678815,51511384.99852813,Selsis,-0.3218409945367844,-0.6987542157103416,log,0.2078166040150133,0.8167435220451593,3.493098866138811e+20,3.493098866138811e+20
3.131426744186047,1.367,radius relation,0.12,271.5220750552471,0.91,32.318275901027526,0.03984,catalog,11752222372.892508,75611472.110674,Jackson,-0.39651304712728963,-0.695552090266754,log,0.15319664155044097,0.9003385808478925,6.136525665043064e+21,6.136525665043064e+21
3.131426744186047,1.367,radius relation,0.12,271.5220750552471,0.91,88.23857458272428,0.03984,catalog,4622961718.359228,45896394.836275846,Jackson,-0.3963225049395705,-0.621761204924032,log,0.08384123444697349,0.9298719758325634,7.64025204402965e+21,7.64025204402965e+21
3.131426744186047,1.367,radius relation,0.12,271.5220750552471,0.91,172.77254774707944,0.03984,catalog,5094281087.140773,92732693.77999784,Selsis,-0.45904436335093174,-0.650174007698611,log,0.1383081827539296,0.4936576962755602,1632672097860210.8,1632672097860210.8
3.131426744186047,1.367,radius relation,0.12,271.5220750552471,0.91,294.3845626795462,0.03984,catalog,1184056380.913524,64436443.90429884,Selsis,-0.4486206658654013,-0.6097686561941551,log,0.1323882089984738,0.29129647362462996,365481264519899.7,365481264519899.7
3.131426744186047,1.367,radius relation,0.12,271.5220750552471,0.91,294.0251457372376,0.03984,catalog,3177046935.2836995,12938236.556602612,Selsis,-0.32430744958079755,-0.6068730421558145,linear,0.1864081966085246,0.1891060075668347,1.1060194042819911e+21,1.1060194042819911e+21
3.131426744186047,1.367,radius relation,0.12,271.5220750552471,0.91,187.31985858650043,0.03984,catalog,2404285618.9184823,12314039.788814668,Jackson,-0.49771298407702835,-0.7898958981706153,log,0.2800423056997261,0.39109208602214274,6.858203257444848e+21,6.858203257444848e+21
3.131426744186047,1.367,radius relation,0.12,271.5220750552471,0.91,109.71863644749025,0.03984,catalog,7099948176.641751,55598415.38694102,Selsis,-0.4298687956461242,-0.7799210444038235,linear,0.0624910515027858,0.2532171652266577,2299510551179697.5,2299510551179697.5
3.131426744186047,1.367,radius relation,0.12,271.5220750552471,0.91,110.61339547436195,0.03984,catalog,3785902325.6960306,80477466.64326726,Jackson,-0.42952387972901046,-0.6388062524827276,linear,0.07947372580592697,0.8421089923852723,5.888163792593175e+21,5.888163792593175e+21
3.131426744186047,1.367,radius relation,0.12,271.5220750552471,0.91,140.6282715891065,0.03984,catalog,3072414755.2248826,53796609.08928782,Jackson,-0.4404142743207913,-0.613034891962672,GP,0.21930566439223836,0.8413354754919742,6.779234527926164e+21,6.779234527926164e+21
3.131426744186047,1.367,radius relation,0.12,271.5220750552471,0.91,242.68975662106266,0.03984,catalog,1933441372.405284,80586311.28544843,Jackson,-0.4316316810650777,-0.6634665091288467,linear,0.06637155183354439,0.4427435068211857,5.643825047998331e+21,5.643825047998331e+21
3.131426744186047,1.367,radius relation,0.12,271.5220750552471,0.91,294.384562679546,0.03984,catalog,2994958511.0914183,8954047.701745385,Selsis,-0.47304141584521114,-0.7981273581180484,log,0.2271136389214962,0.808701728932152,3.251689938903962e+20,3.251689938903962e+20
3.131426744186047,1.367,radius relation,0.12,271.5220750552471,0.91,143.0616226743232,0.03984,catalog,3027289020.025765,33561767.46755836,Jackson,-0.4633239029201153,-0.7809318652042527,log,0.22696320801153752,0.6409587034377007,6.262830549379704e+21,6.262830549379704e+21
3.131426744186047,1.367,radius relation,0.12,271.5220750552471,0.91,131.3358921956506,0.03984,catalog,6217908737.975867,5759575.331517448,Selsis,-0.37742532897917014,-0.6067007754483041,linear,0.10854267854745255,0.5744869582826324,8.908668604510367e+20,8.908668604510367e+20
3.131426744186047,1.367,radius relation,0.12,271.5220750552471,0.91,57.15490313182528,0.03984,catalog,6852267404.628089,36252424.16815401,Jackson,-0.3764287649011592,-0.7820517844420033,GP,0.48713443823535263,0.81098077917632,7.683798143047657e+21,7.683798143047657e+21
3.131426744186047,1.367,radius relation,0.12,271.5220750552471,0.91,158.28312334455043,0.03984,catalog,2775378485.8633966,57309171.14951615,Jackson,-0.2954716506430208,-0.6198403944778688,log,0.1488877127521707,0.8051631588843975,1.4056481964616675e+22,1.4056481964616675e+22
3.131426744186047,1.367,radius relation,0.12,271.5220750552471,0.91,292.9245264661363,0.03984,catalog,3339973256.3849897,92631577.36647889,Selsis,-0.3829092426536982,-0.7251911259005367,log,0.45795343355479146,0.7996034392945688,1060040558357867.5,1060040558357867.5
3.131426744186047,1.367,radius relation,0.12,271.5220750552471,0.91,36.44875786648925,0.03984,catalog,10462659206.459145,46555036.855938464,Jackson,-0.4036742998683632,-0.613905640903316,GP,0.07545901746530756,0.5455287175308229,7.600234172850287e+21,7.600234172850287e+21
3.131426744186047,1.367,radius relation,0.12,271.5220750552471,0.91,294.3845626795462,0.03984,catalog,3049064030.0678744,38170896.04116366,Selsis,-0.4790679138088333,-0.7604455435857304,log,0.4308673027839487,0.32070943068851643,3.328839416843151e+19,3.328839416843151e+19
3.131426744186047,1.367,radius relation,0.12,271.5220750552471,0.91,189.71586129865318,0.03984,catalog,4763034306.644707,68272658.46258467,Selsis,-0.33806568413353627,-0.6055355261226318,linear,0.18852168799838392,0.40316597699063506,2.3514696231797942e+20,2.3514696231797942e+20
3.131426744186047,1.367,radius relation,0.12,271.5220750552471,0.91,294.3845626795462,0.03984,catalog,2009094509.7776203,72097570.09643078,Selsis,-0.4018660838647962,-0.6958101533792284,linear,0.4883731119144571,0.6810065799410905,632300361475274.4,632300361475274.4
3.131426744186047,1.367,radius relation,0.12,271.5220750552471,0.91,131.3012868375362,0.03984,catalog,3260290073.4698744,17941661.892584343,Jackson,-0.3329880068888512,-0.6464696201246007,GP,0.19807402587945352,0.9102420363718703,1.1756026003774312e+22,1.1756026003774312e+22
3.131426744186047,1.367,radius relation,0.12,271.5220750552471,0.91,211.68889510166778,0.03984,catalog,2168257327.781105,70357056.81718862,Jackson,-0.45742864083198603,-0.7579004403875291,GP,0.42683687014131866,0.722670473895154,5.295623082202981e+21,5.295623082202981e+21
3.131426744186047,1.367,radius relation,0.12,271.5220750552471,0.91,218.41353939958364,0.03984,catalog,2111963780.865306,54425941.50806864,Jackson,-0.36465021315874624,-0.7733938354249145,GP,0.1118030205281838,0.7910714608691142,7.476384088029105e+21,7.476384088029105e+21
3.131426744186047,1.367,radius relation,0.12,271.5220750552471,0.91,217.65392163707685,0.03984,catalog,2118157313.336793,51407694.84144968,Jackson,-0.3406686558736754,-0.7533639342742519,linear,0.21470202541164593,0.29196958821459595,8.768321505468333e+21,8.768321505468333e+21
3.131426744186047,1.367,radius relation,0.12,271.5220750552471,0.91,273.93011039892025,0.03984,catalog,3670499756.468246,98153219.56513268,Selsis,-0.420416036228196,-0.6505361888558323,log,0.05383044239392501,0.43825596896258145,1166132976426157.0,1166132976426157.0
3.131426744186047,1.367,radius relation,0.12,271.5220750552471,0.91,186.87116199777554,0.03984,catalog,2409179880.8521514,77346042.25581075,Jackson,-0.3944225938192716,-0.7998715598719832,GP,0.19145888938377742,0.746872663878544,5.947290729601321e+21,5.947290729601321e+21
3.131426744186047,1.367,radius relation,0.12,271.5220750552471,0.91,58.577765867465835,0.03984,catalog,6698787497.578476,81671090.57105565,Jackson,-0.4858424692697646,-0.6620447652680423,GP,0.11856623980439086,0.8708241657832173,5.211804651064178e+21,5.211804651064178e+21
3.131426744186047,1.367,radius relation,0.12,271.5220750552471,0.91,294.195652127364,0.03984,catalog,3152583132.960027,82311072.48046802,Selsis,-0.4405353488619067,-0.7795198088284689,linear,0.33341729629940553,0.51221914800518,1002239133113026.5,1002239133113026.5
3.131426744186047,1.367,radius relation,0.12,271.5220750552471,0.91,294.3845626795462,0.03984,catalog,1268563373.3934865,65111510.02682655,Selsis,-0.46381321859796526,-0.6674357109924162,log,0.15695544379705512,0.01827015862583614,392846799412122.56,392846799412122.56
3.131426744186047,1.367,radius relation,0.12,271.5220750552471,0.91,293.4207637867714,0.03984,catalog,3265425319.918034,3539790.1301489575,Selsis,-0.41757576358990445,-0.7395718624478634,log,0.16675777874619468,0.8856991078880151,5.881248359858284e+20,5.881248359858284e+20
3.131426744186047,1.367,radius relation,0.12,271.5220750552471,0.91,338.9172783334679,0.03984,catalog,1466235701.0806937,37478701.77653814,Jackson,-0.4803798175605987,-0.6198195162424417,linear,0.4810547785952185,0.09721434449976218,6.504392344065371e+21,6.504392344065371e+21
3.131426744186047,1.367,radius relation,0.12,271.5220750552471,0.91,233.3355862173993,0.03984,catalog,1998064082.0013816,76920073.13742146,Jackson,-0.3177076772180575,-0.7371643824058214,log,0.3885828380389953,0.5296876291707896,9.720451780149177e+21,9.720451780149177e+21
3.131426744186047,1.367,radius relation,0.12,271.5220750552471,0.91,294.384562679546,0.03984,catalog,1918464296.5282865,18797546.808649812,Selsis,-0.33860652776768047,-0.6178628750293826,GP,0.4270617746264244,0.4792577352118499,7.762357374699801e+20,7.762357374699801e+20
3.131426744186047,1.367,radius relation,0.12,271.5220750552471,0.91,133.88980503441144,0.03984,catalog,6130777136.657283,95782660.17805654,Selsis,-0.3095744741140496,-0.6864263984339077,GP,0.07390044738223732,0.9621001551067045,1.0585921373963362e+20,1.0585921373963362e+20
3.131426744186047,1.367,radius relation,0.12,271.5220750552471,0.91,293.65869297385757,0.03984,catalog,3230320512.2558494,1702659.727270309,Selsis,-0.2914940804254986,-0.7564003469536271,linear,0.3794749915692797,0.12476472479003098,1.562672146007317e+21,1.562672146007317e+21
3.131426744186047,1.367,radius relation,0.12,271.5220750552471,0.91,1555.0144307682608,0.03984,catalog,273924439.31787807,56283141.26079691,Jackson,-0.37588133008129115,-0.6297880425445598,log,0.13389709036643072,0.6641665487397568,3.668050109827209e+21,3.668050109827209e+21
3.131426744186047,1.367,radius relation,0.12,271.5220750552471,0.91,101.23736192606898,0.03984,catalog,4092634225.4705634,9365890.39720866,Jackson,-0.3360641984816011,-0.7399289215370455,linear,0.3558234792184996,0.31100401232049346,1.0424093321414297e+22,1.0424093321414297e+22
3.131426744186047,1.367,radius relation,0.12,271.5220750552471,0.91,201.64364519837508,0.03984,catalog,2258974451.716948,76282588.1667741,Jackson,-0.3921703516022018,-0.6777955900955431,GP,0.16128749605687012,0.4340325617304448,6.318904871275031e+21,6.318904871275031e+21
3.131426744186047,1.367,radius relation,0.12,271.5220750552471,0.91,150.2184724325411,0.03984,catalog,5637072628.288479,62066365.480026506,Selsis,-0.3271207324987303,-0.6911683905104103,log,0.23211565041623702,0.41642971577997245,2.22191994324167e+20,2.22191994324167e+20
3.131426744186047,1.367,radius relation,0.12,271.5220750552471,0.91,42.518171864521626,0.03984,catalog,9033499310.057865,41083974.84792028,Jackson,-0.38192094953528954,-0.642785391054086,GP,0.08908260554463225,0.3485272698897589,7.916147016976821e+21,7.916147016976821e+21
3.131426744186047,1.367,radius relation,0.12,271.5220750552471,0.91,287.14808374610334,0.03984,catalog,1680991465.1542432,11035929.207448049,Jackson,-0.3380107413844377,-0.7488357866979166,log,0.07826719417312233,0.8801323106204886,1.1363949568232278e+22,1.1363949568232278e+22
3.131426744186047,1.367,radius relation,0.12,271.5220750552471,0.91,294.3845626795462,0.03984,catalog,2464137933.769067,45721400.24688987,Selsis,-0.43949233548963057,-0.7749190559864377,log,0.18045705683044333,0.7213996243420726,1.100373122457388e+19,1.100373122457388e+19
3.131426744186047,1.367,radius relation,0.12,271.5220750552471,0.91,149.20791722664168,0.03984,catalog,5664806011.983723,35614653.91105917,Selsis,-0.3488777867079492,-0.6174380197827832,linear,0.0695445188971034,0.8989438799034247,4.48041185147292e+20,4.48041185147292e+20
3.131426744186047,1.367,radius relation,0.12,271.5220750552471,0.91,82.23725323871233,0.03984,catalog,4923230796.371913,19603608.299024843,Jackson,-0.37272077768915246,-0.7375494932422013,GP,0.21072932917813436,0.8090901195632519,8.738553814426972e+21,8.738553814426972e+21
3.131426744186047,1.367,radius relation,0.12,271.5220750552471,0.91,56.848713019266405,0.03984,catalog,6886302774.846313,19185894.654984646,Jackson,-0.4450357386472939,-0.67561749144932,GP,0.05391325303382334,0.41672583709949174,7.316477619110255e+21,7.316477619110255e+21
3.131426744186047,1.367,radius relation,0.12,271.5220750552471,0.91,190.607210299995,0.03984,catalog,4747062516.47486,84900290.57123633,Selsis,-0.34915316053349194,-0.6258114411714671,log,0.07923748126982068,0.061629167803685214,2.1411979319883686e+19,2.1411979319883686e+19
3.131426744186047,1.367,radius relation,0.12,271.5220750552471,0.91,294.384562679546,0.03984,catalog,2328622816.9551377,33544017.855255924,Selsis,-0.41853861707682766,-0.7838155873825083,linear,0.09422258938465979,0.29882865795786107,1.1489617300312846e+20,1.1489617300312846e+20
3.131426744186047,1.367,radius relation,0.12,271.5220750552471,0.91,56.45805142542317,0.03984,catalog,6930265734.796957,10839475.018407406,Jackson,-0.3616183065741484,-0.7416046775923323,log,0.07373798737269918,0.3457027190539661,9.127326213588769e+21,9.127326213588769e+21
3.131426744186047,1.367,radius relation,0.12,271.5220750552471,0.91,233.5920993756032,0.03984,catalog,1996226741.5487885,16656953.37526251,Jackson,-0.3551832444807162,-0.7832882755077142,linear,0.06565720095087371,0.10192186050261787,8.29715736019094e+21,8.29715736019094e+21
3.131426744186047,1.367,radius relation,0.12,271.5220750552471,0.91,294.384562679546,0.03984,catalog,1599794233.1506064,66445126.33939848,Selsis,-0.3523327059199936,-0.6156829447967814,GP,0.2901827513892732,0.1541588275469148,1.5559132734195568e+20,1.5559132734195568e+20
3.131426744186047,1.367,radius relation,0.12,271.5220750552471,0.91,77.65740414285922,0.03984,catalog,9205278138.447697,37594089.369631074,Selsis,-0.3496083641479957,-0.6118786767093173,log,0.13110456385528516,0.022999072317615,4.2835733891640374e+20,4.2835733891640374e+20
3.131426744186047,1.367,radius relation,0.12,271.5220750552471,0.91,92.27680354833798,0.03984,catalog,4442538458.331399,6578456.425076878,Jackson,-0.4081803564765677,-0.6189715951311061,GP,0.08989377605674115,0.4386289394295354,9.043880110500751e+21,9.043880110500751e+21
3.131426744186047,1.367,radius relation,0.12,271.5220750552471,0.91,155.53015186015534,0.03984,catalog,2817427331.0211267,6432217.6702953745,Jackson,-0.3625701523387872,-0.7270545942135384,GP,0.1008388707120572,0.16966727081991773,8.60531803866935e+21,8.60531803866935e+21
3.131426744186047,1.367,radius relation,0.12,271.5220750552471,0.91,294.384562679546,0.03984,catalog,2451013163.7153654,6886538.911086714,Selsis,-0.3005156911897829,-0.704082111758007,GP,0.3109785408671089,0.2714671714305902,1.4095863119258905e+21,1.4095863119258905e+21
3.131426744186047,1.367,radius relation,0.12,271.5220750552471,0.91,294.384562679546,0.03984,catalog,1610025869.2712517,73992249.99346715,Selsis,-0.4850145044925411,-0.6172248042782693,log,0.08411928259781808,0.48070826383679277,501412569535279.0,501412569535279.0
3.131426744186047,1.367,radius relation,0.12,271.5220750552471,0.91,105.33766063755323,0.03984,catalog,3951946932.5369515,85150085.85420762,Jackson,-0.32769796774180193,-0.6229837668653435,GP,0.2889071893278982,0.16406486023838773,9.41851659570119e+21,9.41851659570119e+21
3.131426744186047,1.367,radius relation,0.12,271.5220750552471,0.91,100.54693478045009,0.03984,catalog,7576636700.450359,84674890.15011963,Selsis,-0.4716706800830542,-0.7977091214001895,log,0.268478264944582,0.06545392821782636,2445626042956724.5,2445626042956724.5
3.131426744186047,1.367,radius relation,0.12,271.5220750552471,0.91,76.63687149558687,0.03984,catalog,5245205802.5931835,55016454.02226538,Jackson,-0.39757128706023365,-0.7641913789707816,log,0.05841172971377223,0.7657879110959548,6.488086743743001e+21,6.488086743743001e+21
3.131426744186047,1.367,radius relation,0.12,271.5220750552471,0.91,148.11999182920778,0.03984,catalog,5695041065.890601,39830500.46702406,Selsis,-0.463902973266743,-0.7183361574645161,GP,0.4027535892029561,0.8853843940133236,4.480504786131681e+19,4.480504786131681e+19
3.131426744186047,1.367,radius relation,0.12,271.5220750552471,0.91,91.54469571043542,0.03984,catalog,4474088789.477224,32411879.823967453,Jackson,-0.3278675386312872,-0.6498667901672591,log,0.18324824355371944,0.3376296231181961,1.0851983503825396e+22,1.0851983503825396e+22
3.131426744186047,1.367,radius relation,0.12,271.5220750552471,0.91,726.9237964447157,0.03984,catalog,792232396.9200076,74791998.38857916,Jackson,-0.49182390832424544,-0.7233510429937438,linear,0.34480343424648935,0.462574062037714,5.070238959052461e+21,5.070238959052461e+21
3.131426744186047,1.367,radius relation,0.12,271.5220750552471,0.91,294.3558713175319,0.03984,catalog,3129780439.8706326,80981163.16563775,Selsis,-0.34574940544303356,-0.7587661555315969,log,0.1040294459451481,0.28821530055869193,995229700798295.0,995229700798295.0
3.131426744186047,1.367,radius relation,0.12,271.5220750552471,0.91,294.3845626795462,0.03984,catalog,996096451.5284989,93953721.96554306,Selsis,-0.4116677535738499,-0.6342741851078416,log,0.24485307722843389,0.4619625414416746,294489455465445.4,294489455465445.4
3.131426744186047,1.367,radius relation,0.12,271.5220750552471,0.91,294.384562679546,0.03984,catalog,1409695533.962546,98497433.05102512,Selsis,-0.4416887341534632,-0.7318077467993447,log,0.20018157975604156,0.08896166048702847,428018762543065.9,428018762543065.9
3.131426744186047,1.367,radius relation,0.12,271.5220750552471,0.91,275.9231155380604,0.03984,catalog,1737485957.747831,70792121.1615593,Jackson,-0.288698564894686,-0.777323482005252,log,0.09311165635515861,0.4594924497146077,1.33316912209844e+22,1.33316912209844e+22
3.131426744186047,1.367,radius relation,0.12,271.5220750552471,0.91,94.9619646047088,0.03984,catalog,7907630434.586622,20043177.23486473,Selsis,-0.43574640849810975,-0.6732879368178253,log,0.35529316072649436,0.4613836079875284,2.747718597582075e+20,2.747718597582075e+20
3.131426744186047,1.367,radius relation,0.12,271.5220750552471,0.91,294.3845626795462,0.03984,catalog,2331441732.4325123,96255008.3358766,Selsis,-0.45342523691303427,-0.6270636788005802,GP,0.325720098411139,0.3070588967112693,729639445813298.0,729639445813298.0
3.131426744186047,1.367,radius relation,0.12,271.5220750552471,0.91,292.1314229887771,0.03984,catalog,3462957567.226774,13145364.06565806,Selsis,-0.40507782080899096,-0.6846513525517222,GP,0.23389300696350823,0.8680161069916938,4.14464932574274e+20,4.14464932574274e+20
3.131426744186047,1.367,radius relation,0.12,271.5220750552471,0.91,51.456566704396266,0.03984,catalog,7552430942.470166,28645336.829163678,Jackson,-0.43350612159139007,-0.6007269423645561,GP,0.3690889136203853,0.42011114063212895,8.023799867791737e+21,8.023799867791737e+21
3.131426744186047,1.367,radius relation,0.12,271.5220750552471,0.91,78.30366932796902,0.03984,catalog,5144626093.075744,83399659.45148781,Jackson,-0.33988204766124536,-0.625187545399208,log,0.08279115103418558,0.14833734319575953,8.620162824782253e+21,8.620162824782253e+21
3.131426744186047,1.367,radius relation,0.12,271.5220750552471,0.91,294.3845626795462,0.03984,catalog,1810348947.384285,52008951.45427158,Selsis,-0.4933649739664868,-0.7510628424518766,linear,0.25655386555836596,0.7505544457088422,573980780375404.8,573980780375404.8
3.131426744186047,1.367,radius relation,0.12,271.5220750552471,0.91,278.0179724162816,0.03984,catalog,3632532802.838358,25185136.35598239,Selsis,-0.34774716949889845,-0.7341481914726479,linear,0.09708286990648637,0.14637178692558994,4.380579443179568e+20,4.380579443179568e+20
3.131426744186047,1.367,radius relation,0.12,271.5220750552471,0.91,137.40521019621315,0.03984,catalog,6015614244.998644,52860714.944688186,Selsis,-0.40713576924191097,-0.7608482389372253,GP,0.43495025556857114,0.08537186577285372,8.980309183938684e+18,8.980309183938684e+18
3.131426744186047,1.367,radius relation,0.12,271.5220750552471,0.91,294.3350641826672,0.03984,catalog,3132731670.244993,77275384.8609453,Selsis,-0.32753414281261484,-0.6884631644900534,linear,0.18351256075669747,0.3688579378589243,1.1277576207477755e+20,1.1277576207477755e+20
3.131426744186047,1.367,radius relation,0.12,271.5220750552471,0.91,189.8728883574401,0.03984,catalog,2376857715.7514515,28098512.39999593,Jackson,-0.42654263613690485,-0.6695937136651261,log,0.3532503352349446,0.7973068579602722,7.24359201725607e+21,7.24359201725607e+21
3.131426744186047,1.367,radius relation,0.12,271.5220750552471,0.91,86.9050220840922,0.03984,catalog,4686158258.098306,50597291.11268323,Jackson,-0.4960104680817447,-0.6500716955982857,log,0.0756161927475791,0.9513216610445666,6.004692059828665e+21,6.004692059828665e+21
3.131426744186047,1.367,radius relation,0.12,271.5220750552471,0.91,292.9937945287921,0.03984,catalog,3329458005.0868444,29431081.482668225,Selsis,-0.332078912760979,-0.6940673489080871,GP,0.10400869310528703,0.657991060745581,5.1532782411228086e+20,5.1532782411228086e+20
3.131426744186047,1.367,radius relation,0.12,271.5220750552471,0.91,226.6206206968483,0.03984,catalog,4196048021.572442,40387960.49233324,Selsis,-0.47084155187758286,-0.7754980756751304,GP,0.2897454010367262,0.8950496751254712,1.9414196454346072e+19,1.9414196454346072e+19
3.131426744186047,1.367,radius relation,0.12,271.5220750552471,0.91,321.3725889723142,0.03984,catalog,1531742360.4966893,21988480.965082243,Jackson,-0.3948892458455405,-0.7499252988415845,linear,0.11421939383974392,0.5686555722639552,7.860084031924579e+21,7.860084031924579e+21
3.131426744186047,1.367,radius relation,0.12,271.5220750552471,0.91,47.53805911288569,0.03984,catalog,8132208445.777691,71046688.82750015,Jackson,-0.31674097828850817,-0.7063340759019501,log,0.06150343482858814,0.19033213402019278,9.936626702439787e+21,9.936626702439787e+21
3.131426744186047,1.367,radius relation,0.12,271.5220750552471,0.91,44.86009863884147,0.03984,catalog,8587503886.602764,32100581.953591004,Jackson,-0.2965010996420093,-0.7461271238937873,GP,0.2270482421098626,0.5650824328120713,1.4122048548942037e+22,1.4122048548942037e+22
3.131426744186047,1.367,radius relation,0.12,271.5220750552471,0.91,294.3845626795462,0.03984,catalog,2587815545.5981827,51170325.07600048,Selsis,-0.4458781132142634,-0.7898604168939595,log,0.06441919962622,0.7363866276796107,828045546698020.4,828045546698020.4
3.131426744186047,1.367,radius relation,0.12,271.5220750552471,0.91,179.224139629537,0.03984,catalog,2496180853.035541,80650211.57630391,Jackson,-0.3156035832327555,-0.6220936869794579,GP,0.17972176180698177,0.07490264778754185,1.0179627443976996e+22,1.0179627443976996e+22
3.131426744186047,1.367,radius relation,0.12,271.5220750552471,0.91,294.3845626795462,0.03984,catalog,1805487414.0550082,15017803.461854074,Selsis,-0.3292561857789313,-0.6957347124322515,GP,0.34325054314182507,0.41977323820946655,7.798701311517697e+20,7.798701311517697e+20
3.131426744186047,1.367,radius relation,0.12,271.5220750552471,0.91,218.6385910438743,0.03984,catalog,4304270328.109405,66499749.799030825,Selsis,-0.2968154825312155,-0.6809440179793069,GP,0.19170727089959191,0.08423388914906382,4.983532628605023e+20,4.983532628605023e+20
3.131426744186047,1.367,radius relation,0.12,271.5220750552471,0.91,203.45406668039632,0.03984,catalog,2241996265.998366,33726159.11025951,Jackson,-0.3206664198596349,-0.7795205714487781,linear,0.15832411614979286,0.3966797078669966,1.09452264046001e+22,1.09452264046001e+22
3.131426744186047,1.367,radius relation,0.12,271.5220750552471,0.91,211.32197947242148,0.03984,catalog,4409790111.917666,49313784.53441932,Selsis,-0.48031106254695405,-0.6178895198231092,GP,0.08460824605315558,0.5626925973690012,4.8740639475767116e+19,4.8740639475767116e+19
3.131426744186047,1.367,radius relation,0.12,271.5220750552471,0.91,41.01219803993464,0.03984,catalog,9347749073.041748,71889986.19980875,Jackson,-0.2922355296833481,-0.6275099527258131,linear,0.07275754346242903,0.7176600726451048,1.37517132797564e+22,1.37517132797564e+22
3.131426744186047,1.367,radius relation,0.12,271.5220750552471,0.91,294.38456267954575,0.03984,catalog,1915054604.4157114,92430570.85901469,Selsis,-0.49456485262290734,-0.7218838552955854,linear,0.05219263074623289,0.355402863221845,594965232852202.2,594965232852202.2
3.131426744186047,1.367,radius relation,0.12,271.5220750552471,0.91,294.384562679546,0.03984,catalog,2117557747.8827367,86200973.45614329,Selsis,-0.4244176622201092,-0.7603549234241622,linear,0.3160042723454637,0.12232013762567362,663102556561904.9,663102556561904.9
3.131426744186047,1.367,radius relation,0.12,271.5220750552471,0.91,294.384562679546,0.03984,catalog,1511054012.6999733,90109381.29485415,Selsis,-0.41436825887442785,-0.6411127961392298,GP,0.053624603899101314,0.4950418357972599,463843687962504.2,463843687962504.2
3.131426744186047,1.367,radius relation,0.12,271.5220750552471,0.91,294.3845626795457,0.03984,catalog,2693356544.208324,5912114.835060177,Selsis,-0.39324173113700056,-0.6851582587913018,linear,0.3611370406972043,0.12926293505028297,5.9507589266936e+20,5.9507589266936e+20
3.131426744186047,1.367,radius relation,0.12,271.5220750552471,0.91,50.8868613610868,0.03984,catalog,7631119083.235286,42677072.23840093,Jackson,-0.44824957907284435,-0.6336890483064194,GP,0.1246881924284372,0.09674194038102857,6.448133626599731e+21,6.448133626599731e+21
3.131426744186047,1.367,radius relation,0.12,271.5220750552471,0.91,717.313728769484,0.03984,catalog,800634112.4515114,80329144.92747544,Jackson,-0.4727645690603509,-0.7036181202853508,linear,0.40663061360352115,0.7324417306565795,5.10781412103393e+21,5.10781412103393e+21
3.131426744186047,1.367,radius relation,0.12,271.5220750552471,0.91,83.07618193914413,0.03984,catalog,4878689013.490711,81337172.26314367,Jackson,-0.31584955199894027,-0.6217447624830527,GP,0.07162713665558909,0.6086470454368436,1.0666691876171693e+22,1.0666691876171693e+22
3.131426744186047,1.367,radius relation,0.12,271.5220750552471,0.91,146.0609083860437,0.03984,catalog,2973661580.467765,42552625.73883065,Jackson,-0.3587996990617461,-0.6567662487230522,GP,0.32284135715141304,0.5306432522901359,8.625934953585009e+21,8.625934953585009e+21
3.131426744186047,1.367,radius relation,0.12,271.5220750552471,0.91,161.09202564123774,0.03984,catalog,2733897241.0463533,29255861.34033969,Jackson,-0.3955235157315602,-0.7295455043471825,log,0.36690288398604903,0.16768437162250194,7.108620161250946e+21,7.108620161250946e+21
3.131426744186047,1.367,radius relation,0.12,271.5220750552471,0.91,286.12926320227365,0.03984,catalog,1685947005.1599274,55327835.27836372,Jackson,-0.32958724920668986,-0.649029189374413,GP,0.1308571855952665,0.9203592806257314,9.99101240341475e+21,9.99101240341475e+21
3.131426744186047,1.367,radius relation,0.12,271.5220750552471,0.91,56.819155002904836,0.03984,catalog,6889607857.238725,74909869.34616616,Jackson,-0.29866543960248465,-0.7356802982579698,linear,0.4803070324413963,0.8604017912498313,1.1853746873269037e+22,1.1853746873269037e+22
3.131426744186047,1.367,radius relation,0.12,271.5220750552471,0.91,111.62628970121033,0.03984,catalog,7009754156.20754,69465890.607664,Selsis,-0.4507361541475205,-0.7141030700415171,linear,0.08134903241801102,0.8428104579743302,2265541410614559.0,2265541410614559.0
3.131426744186047,1.367,radius relation,0.12,271.5220750552471,0.91,476.20470162402086,0.03984,catalog,1111462154.0029588,25811974.799979605,Jackson,-0.42895970951524726,-0.7200749471409957,log,0.06463887048096564,0.06527241041161835,6.377672423630241e+21,6.377672423630241e+21
3.131426744186047,1.367,radius relation,0.12,271.5220750552471,0.91,218.10838971140137,0.03984,catalog,4311706328.784176,1027569.3711714795,Selsis,-0.29444913810926887,-0.7163311744585308,linear,0.46805702210409217,0.07225362930830159,1.4869021983893066e+21,1.4869021983893066e+21
3.131426744186047,1.367,radius relation,0.12,271.5220750552471,0.91,132.19174808237878,0.03984,catalog,3241249173.2583404,88737950.33302817,Jackson,-0.3803104605320183,-0.6548698133619504,linear,0.09023172306441031,0.47133138502475114,6.499544243998644e+21,6.499544243998644e+21
3.131426744186047,1.367,radius relation,0.12,271.5220750552471,0.91,1349.1040579214887,0.03984,catalog,476998215.46706575,45091238.34834011,Jackson,-0.4381273612665631,-0.7508663886312513,log,0.05338145719861589,0.2882999420460771,5.146136282799999e+21,5.146136282799999e+21
3.131426744186047,1.367,radius relation,0.12,271.5220750552471,0.91,294.384562679546,0.03984,catalog,2664392115.999345,83414720.15258524,Selsis,-0.46519115016156626,-0.7353575343294877,GP,0.12362467847032238,0.33611262540501174,842517046321210.0,842517046321210.0
3.131426744186047,1.367,radius relation,0.12,271.5220750552471,0.91,294.3845626795462,0.03984,catalog,1881594041.0294847,87264020.77394685,Selsis,-0.28248374215966826,-0.6975509278059262,GP,0.49006861021795206,0.709645431438433,5.209464683451425e+20,5.209464683451425e+20
3.131426744186047,1.367,radius relation,0.12,271.5220750552471,0.91,138.1193575822698,0.03984,catalog,5992863303.601386,93940866.7304702,Selsis,-0.38229474232816696,-0.7446358530981204,log,0.346416179520724,0.9353819494245939,1925604895257082.5,1925604895257082.5
3.131426744186047,1.367,radius relation,0.12,271.5220750552471,0.91,293.11277189300046,0.03984,catalog,3311479889.046859,35927789.67067027,Selsis,-0.3103033368491179,-0.7734088068286382,log,0.062416674055236994,0.6032243290004238,6.023397478187709e+20,6.023397478187709e+20
3.131426744186047,1.367,radius relation,0.12,271.5220750552471,0.91,118.77601605374018,0.03984,catalog,6695132720.791839,66314005.327835985,Selsis,-0.360080739143073,-0.6593535150814291,log,0.1145038457836754,0.02876790789902406,5.271785706172307e+19,5.271785706172307e+19
3.131426744186047,1.367,radius relation,0.12,271.5220750552471,0.91,69.05735415361488,0.03984,catalog,10069491234.078138,60034741.56310697,Selsis,-0.4023939126629993,-0.6805195303813788,GP,0.1719472797930996,0.04014029516171247,3267420215661246.5,3267420215661246.5
3.131426744186047,1.367,radius relation,0.12,271.5220750552471,0.91,291.98755624836616,0.03984,catalog,3485785570.7924075,17249625.877071675,Selsis,-0.3111744112148442,-0.6107383946456965,linear,0.3128626495118549,0.2315373382141631,1.1712597876242465e+21,1.1712597876242465e+21
3.131426744186047,1.367,radius relation,0.12,271.5220750552471,0.91,228.15682850171876,0.03984,catalog,4175988305.163667,44258508.72020189,Selsis,-0.4215681893714769,-0.6514837696921743,linear,0.07785168191139796,0.009028038989749798,8.909538458901894e+19,8.909538458901894e+19
3.131426744186047,1.367,radius relation,0.12,271.5220750552471,0.91,35.605126193145246,0.03984,catalog,10700969611.59806,43628502.74522235,Jackson,-0.3309361391853147,-0.685577183445948,linear,0.06164221735459101,0.13853916691745083,9.433033844951045e+21,9.433033844951045e+21
3.131426744186047,1.367,radius relation,0.12,271.5220750552471,0.91,237.54103857488101,0.03984,catalog,1968415506.6413417,19894091.05494458,Jackson,-0.40024847033862043,-0.7466718734506589,log,0.2707897380856274,0.05313603781809417,6.810359165069105e+21,6.810359165069105e+21
3.131426744186047,1.367,radius relation,0.12,271.5220750552471,0.91,414.25395636965453,0.03984,catalog,1244415743.2930498,38118225.00717989,Jackson,-0.3025742329318152,-0.7600812701331934,linear,0.052522809258025424,0.2775665636967951,1.232579465350061e+22,1.232579465350061e+22
3.131426744186047,1.367,radius relation,0.12,271.5220750552471,0.91,120.09739697554534,0.03984,catalog,3523151424.234858,44190711.23416232,Jackson,-0.3892920485824412,-0.6953220763470837,linear,0.16387065650732696,0.04565541866140199,6.727741151657826e+21,6.727741151657826e+21
3.131426744186047,1.367,radius relation,0.12,271.5220750552471,0.91,257.556330789262,0.03984,catalog,3833120034.9995446,80176305.8735483,Selsis,-0.42832026609510915,-0.7078585285172297,linear,0.25427098020460515,0.9113146250219888,1225085919295929.2,1225085919295929.2
3.131426744186047,1.367,radius relation,0.12,271.5220750552471,0.91,84.75336986519561,0.03984,catalog,8614546762.887863,85966817.90456982,Selsis,-0.3403362553807696,-0.718999326260893,log,0.23224324540395289,0.5231463370424674,2784012752736349.5,2784012752736349.5
3.131426744186047,1.367,radius relation,0.12,271.5220750552471,0.91,259.0884145823603,0.03984,catalog,3817139610.36451,71994126.85015865,Selsis,-0.31077055181418467,-0.7116879739381514,log,0.16182896927972693,0.8617891006255669,2.5310740424098175e+20,2.5310740424098175e+20
3.131426744186047,1.367,radius relation,0.12,271.5220750552471,0.91,128.34541680219007,0.03984,catalog,3325325333.7935076,80706363.35019359,Jackson,-0.3127759776076801,-0.7575660738789375,log,0.30218605350114175,0.6785182045982676,1.002253352392874e+22,1.002253352392874e+22
3.131426744186047,1.367,radius relation,0.12,271.5220750552471,0.91,117.26025098466546,0.03984,catalog,3597425767.372219,10748759.125565086,Jackson,-0.39475087016161436,-0.7158621456491876,GP,0.19456542798790377,0.4603847939952863,8.405932989140186e+21,8.405932989140186e+21
3.131426744186047,1.367,radius relation,0.12,271.5220750552471,0.91,132.54370168949114,0.03984,catalog,3233791433.1602917,56144532.9014105,Jackson,-0.4031623827134284,-0.7921594044047456,log,0.3329760225641166,0.46559791530699424,6.298537659155635e+21,6.298537659155635e+21
3.131426744186047,1.367,radius relation,0.12,271.5220750552471,0.91,48.73314033240858,0.03984,catalog,7945390590.134231,26622721.132670812,Jackson,-0.46715548010743985,-0.68789769039266,GP,0.1904431399538001,0.7206040431963836,6.766656227704359e+21,6.766656227704359e+21
3.131426744186047,1.367,radius relation,0.12,271.5220750552471,0.91,206.89962396777375,0.03984,catalog,4476759954.670726,42445682.82643027,Selsis,-0.49136646603394785,-0.6886190033450664,log,0.13533312473810413,0.3208655870264716,2.0784857835338465e+19,2.0784857835338465e+19
3.131426744186047,1.367,radius relation,0.12,271.5220750552471,0.91,129.22472845526505,0.03984,catalog,6292269373.29975,70601732.75731526,Selsis,-0.2950654786455404,-0.6666233010465555,log,0.19801784686180107,0.5310166080766799,4.970173802211874e+20,4.970173802211874e+20
3.131426744186047,1.367,radius relation,0.12,271.5220750552471,0.91,294.3845626795462,0.03984,catalog,1808372530.3794668,94745116.87685491,Selsis,-0.3404494303401379,-0.6572425888302845,linear,0.1330555503220185,0.11742073996626279,559385103194834.6,559385103194834.6
3.131426744186047,1.367,radius relation,0.12,271.5220750552471,0.91,50.811752907570046,0.03984,catalog,7641626006.052851,36326816.63746704,Jackson,-0.37310803192198844,-0.6652093580840839,log,0.08100823961558003,0.7848777171587996,8.205824466023181e+21,8.205824466023181e+21
3.131426744186047,1.367,radius relation,0.12,271.5220750552471,0.91,36.45652484652633,0.03984,catalog,10460517920.821583,58170779.08887119,Jackson,-0.3716504265845014,-0.6392418057056646,linear,0.14803734577161026,0.3282725877088454,7.739559313584086e+21,7.739559313584086e+21
3.131426744186047,1.367,radius relation,0.12,271.5220750552471,0.91,39.003727340012404,0.03984,catalog,9805494556.288649,11602608.784273485,Jackson,-0.49486369518939094,-0.7733868539551421,linear,0.4436606383815023,0.17864851995878916,6.422752034012403e+21,6.422752034012403e+21
3.131426744186047,1.367,radius relation,0.12,271.5220750552471,0.91,33.50349829518219,0.03984,catalog,11348551901.778612,68571815.96905866,Jackson,-0.4001746704061839,-0.622767904406942,GP,0.19359238158208045,0.7408294223946255,6.847675711327359e+21,6.847675711327359e+21
3.131426744186047,1.367,radius relation,0.12,271.5220750552471,0.91,169.62534832939846,0.03984,catalog,5162262475.73082,24568216.434292488,Selsis,-0.2973085654992522,-0.7223146057537037,GP,0.2675098039380779,0.09323001548073062,1.0050735798187664e+21,1.0050735798187664e+21
3.131426744186047,1.367,radius relation,0.12,271.5220750552471,0.91,81.26169856619317,0.03984,catalog,4976166283.704078,47433917.06370704,Jackson,-0.3983518056299648,-0.6666567046656159,log,0.22712341404576988,0.9519849584058813,7.0457190144279e+21,7.0457190144279e+21
3.131426744186047,1.367,radius relation,0.12,271.5220750552471,0.91,431.9701671748549,0.03984,catalog,1202784714.4760864,33255057.947646614,Jackson,-0.37222118074230004,-0.7758876750035708,linear,0.1446648833398906,0.6894608592508176,7.971196493386853e+21,7.971196493386853e+21
3.131426744186047,1.367,radius relation,0.12,271.5220750552471,0.91,160.92802747152018,0.03984,catalog,2736280956.1902294,6014845.33996159,Jackson,-0.41703774214840184,-0.7551318373227939,log,0.12769601616669293,0.7404267275008873,8.525820809814997e+21,8.525820809814997e+21
3.131426744186047,1.367,radius relation,0.12,271.5220750552471,0.91,62.42495610908828,0.03984,catalog,6318882384.085767,74334030.10311581,Jackson,-0.4768924177892955,-0.6138366898412743,GP,0.0789492631827024,0.0819720592057015,5.891186985750187e+21,5.891186985750187e+21
3.131426744186047,1.367,radius relation,0.12,271.5220750552471,0.91,160.47598089937674,0.03984,catalog,2742875636.040247,62318293.384888664,Jackson,-0.4288148730657828,-0.7724888224737828,linear,0.051812809956179935,0.563705971260973,5.751019039095381e+21,5.751019039095381e+21
3.131426744186047,1.367,radius relation,0.12,271.5220750552471,0.91,83.34676472772512,0.03984,catalog,4864511223.682801,81943489.87718536,Jackson,-0.4812803938941816,-0.7069493774990181,GP,0.36486646778621856,0.029961864583897935,4.985002773466379e+21,4.985002773466379e+21
3.131426744186047,1.367,radius relation,0.12,271.5220750552471,0.91,97.49983111477161,0.03984,catalog,4230932098.5083385,94685133.9718675,Jackson,-0.3727125015541718,-0.7810948479387746,linear,0.09474825800468188,0.3271688605277253,6.161363079795614e+21,6.161363079795614e+21
3.131426744186047,1.367,radius relation,0.12,271.5220750552471,0.91,96.5487170277988,0.03984,catalog,4267795986.634277,41675317.52255355,Jackson,-0.28401409316190956,-0.7813387801932181,linear,0.19534537249604056,0.7241096775550582,1.5545334093326404e+22,1.5545334093326404e+22
3.131426744186047,1.367,radius relation,0.12,271.5220750552471,0.91,294.3845626795462,0.03984,catalog,2830996631.0797825,75872544.02460036,Selsis,-0.42020628535515653,-0.6012125084828724,log,0.14494936306961384,0.21568717687848382,899364330663812.9,899364330663812.9
3.131426744186047,1.367,radius relation,0.12,271.5220750552471,0.91,99.00722840681415,0.03984,catalog,7664493081.236457,31675616.60811768,Selsis,-0.3111433433247619,-0.672282925369841,log,0.06428358888131043,0.6971508778797625,7.273035766718704e+20,7.273035766718704e+20
3.131426744186047,1.367,radius relation,0.12,271.5220750552471,0.91,194.58891284527164,0.03984,catalog,2327997253.3877187,43852712.52639742,Jackson,-0.49058820885395515,-0.6727812974972691,log,0.05425395894271434,0.5504567700086079,6.061065905375323e+21,6.061065905375323e+21
3.131426744186047,1.367,radius relation,0.12,271.5220750552471,0.91,66.47440138941643,0.03984,catalog,5966454549.746265,83755143.46289471,Jackson,-0.3888959268204384,-0.7458555276376486,GP,0.4370709048122183,0.9105731421757084,5.991101081409084e+21,5.991101081409084e+21
3.131426744186047,1.367,radius relation,0.12,271.5220750552471,0.91,840.7904160476866,0.03984,catalog,706163201.968834,89952105.63343646,Jackson,-0.35601700421571053,-0.7695802583096636,log,0.1150543298915683,0.4968517309619317,6.762453566178544e+21,6.762453566178544e+21
3.131426744186047,1.367,radius relation,0.12,271.5220750552471,0.91,56.46989970363987,0.03984,catalog,6928923414.440093,38218955.17555603,Jackson,-0.42977005632841053,-0.6772280454838883,GP,0.10306569844254126,0.3011867189638082,6.699328912649372e+21,6.699328912649372e+21
3.131426744186047,1.367,radius relation,0.12,271.5220750552471,0.91,146.5669870528554,0.03984,catalog,5738897000.235541,80474914.68863606,Selsis,-0.4783636150229871,-0.7501499271494699,log,0.060805842953266596,0.8749134786478782,1847097564676513.2,1847097564676513.2
3.131426744186047,1.367,radius relation,0.12,271.5220750552471,0.91,60.89592946543316,0.03984,catalog,11096197981.712696,76823118.47539258,Selsis,-0.45206191080084696,-0.7457896439774357,log,0.05033104147009953,0.4779623217342328,3597091232577419.5,3597091232577419.5
3.131426744186047,1.367,radius relation,0.12,271.5220750552471,0.91,358.49724151511447,0.03984,catalog,1400235234.709019,19462306.97037241,Jackson,-0.4845978553679106,-0.7159236967190444,linear,0.26473476345887426,0.2880728962608796,6.625089706844986e+21,6.625089706844986e+21
3.131426744186047,1.367,radius relation,0.12,271.5220750552471,0.91,124.60902112078965,0.03984,catalog,6462722739.547019,62935072.19008819,Selsis,-0.30459167284564387,-0.754991882705801,log,0.38513532785306975,0.41563575454858637,3.8508998663387985e+20,3.8508998663387985e+20
3.131426744186047,1.367,radius relation,0.12,271.5220750552471,0.91,160.98295473479357,0.03984,catalog,2735482069.302364,50115251.321075305,Jackson,-0.4989919507672668,-0.6121061612478901,log,0.08987689182886074,0.44292652218873196,6.483755805305985e+21,6.483755805305985e+21
3.131426744186047,1.367,radius relation,0.12,271.5220750552471,0.91,221.1175891854651,0.03984,catalog,2090243991.7410688,7220022.618881168,Jackson,-0.484738144273762,-0.6843951120902443,linear,0.14004089324391383,0.2223130848865238,6.927445838926228e+21,6.927445838926228e+21
3.131426744186047,1.367,radius relation,0.12,271.5220750552471,0.91,294.3845626795462,0.03984,catalog,2078970767.1343122,55170005.15635776,Selsis,-0.32494824964085556,-0.7862874236431667,GP,0.2087648833218235,0.7974474867587215,2.560063875335727e+20,2.560063875335727e+20
3.131426744186047,1.367,radius relation,0.12,271.5220750552471,0.91,70.27854074430235,0.03984,catalog,5672226900.646712,97973048.26789372,Jackson,-0.4340593890046097,-0.7034874829388982,linear,0.07344339630968853,0.8204663924161333,5.074642078587879e+21,5.074642078587879e+21
3.131426744186047,1.367,radius relation,0.12,271.5220750552471,0.91,76.30284962253377,0.03984,catalog,9329468864.022697,78210128.5141219,Selsis,-0.4197528313773661,-0.6877832176131571,linear,0.11728791379985352,0.4450833904642334,3019919196943153.0,3019919196943153.0
3.131426744186047,1.367,radius relation,0.12,271.5220750552471,0.91,89.04636007442933,0.03984,catalog,4585585729.171734,20889107.550448332,Jackson,-0.4325288554110536,-0.7282741765171092,GP,0.15433873043989943,0.016972571875148668,6.249114823441156e+21,6.249114823441156e+21
3.131426744186047,1.367,radius relation,0.12,271.5220750552471,0.91,294.384562679546,0.03984,catalog,2547538571.7118707,22886163.039695427,Selsis,-0.3040445115267729,-0.625200777411595,GP,0.22056252253510225,0.10290814499433365,1.1027844617051064e+21,1.1027844617051064e+21
3.131426744186047,1.367,radius relation,0.12,271.5220750552471,0.91,132.86745948789218,0.03984,catalog,3226964847.0196986,32582962.02527454,Jackson,-0.2956774445232482,-0.6958277988842753,log,0.47967916552400836,0.5090683030199773,1.4342873595016873e+22,1.4342873595016873e+22
3.131426744186047,1.367,radius relation,0.12,271.5220750552471,0.91,193.65003776201308,0.03984,catalog,2337543739.8427196,2781159.057941319,Jackson,-0.2956609760740372,-0.7522249900222002,GP,0.15698637597749693,0.2608607273873953,1.4096322042701724e+22,1.4096322042701724e+22
3.131426744186047,1.367,radius relation,0.12,271.5220750552471,0.91,431.38574871237535,0.03984,catalog,1204107304.4833875,8288666.491304547,Jackson,-0.43238446933084823,-0.6917617655373363,linear,0.09040224635762724,0.33079377992690306,7.598955676662571e+21,7.598955676662571e+21
3.131426744186047,1.367,radius relation,0.12,271.5220750552471,0.91,142.10066025977923,0.03984,catalog,5869797877.891648,72205661.13076623,Selsis,-0.4559166346933603,-0.6554062145094872,log,0.22508891584797414,0.5305546183402422,1892527334063574.2,1892527334063574.2
3.131426744186047,1.367,radius relation,0.12,271.5220750552471,0.91,389.9541248384831,0.03984,catalog,1307217789.1568356,55118323.42938453,Jackson,-0.3178408318199088,-0.738255830051388,log,0.06512089352020496,0.6627916423705609,1.0467175145844444e+22,1.0467175145844444e+22
3.131426744186047,1.367,radius relation,0.12,271.5220750552471,0.91,87.28951474421437,0.03984,catalog,4667742598.543497,69909547.5276229,Jackson,-0.31322772845539065,-0.6254867134901635,log,0.050649409434477016,0.1871502441839904,1.0972030523309587e+22,1.0972030523309587e+22
3.131426744186047,1.367,radius relation,0.12,271.5220750552471,0.91,123.02348808644281,0.03984,catalog,3450030531.8592987,71826026.08568023,Jackson,-0.4220593914573107,-0.7886086137747792,log,0.1188825711823312,0.6870447092214284,5.591668586152211e+21,5.591668586152211e+21
3.131426744186047,1.367,radius relation,0.12,271.5220750552471,0.91,294.384562679546,0.03984,catalog,1021307101.091132,8293034.150371481,Selsis,-0.3728387741645849,-0.7404659901061148,log,0.05869092205215661,0.1090909620038839,5.827360323989111e+20,5.827360323989111e+20
3.131426744186047,1.367,radius relation,0.12,271.5220750552471,0.91,294.3845626795462,0.03984,catalog,2396153772.854647,94641527.5551113,Selsis,-0.4140399118316505,-0.6144812099881073,log,0.1500640178859509,0.5647734645935922,751290306572289.4,751290306572289.4
3.131426744186047,1.367,radius relation,0.12,271.5220750552471,0.91,294.3845626795462,0.03984,catalog,1014811971.146955,96966235.73506004,Selsis,-0.4967045151099669,-0.7465078033822524,log,0.10611780147009303,0.6699844770308343,299615439957794.06,299615439957794.06
3.131426744186047,1.367,radius relation,0.12,271.5220750552471,0.91,185.45040580595528,0.03984,catalog,4841349004.403022,4379793.899997282,Selsis,-0.4096512873850178,-0.7848299135232775,linear,0.391901314963762,0.29203690053051024,5.487430993334805e+20,5.487430993334805e+20
3.131426744186047,1.367,radius relation,0.12,271.5220750552471,0.91,165.69702725022097,0.03984,catalog,5250337726.485074,7711799.530620117,Selsis,-0.3031131151808036,-0.7909941111128651,linear,0.07538801092274221,0.8363679808526363,1.3131029150814196e+21,1.3131029150814196e+21
3.131426744186047,1.367,radius relation,0.12,271.5220750552471,0.91,94.26843651829205,0.03984,catalog,7951219100.768608,82149099.6054018,Selsis,-0.3112542685190177,-0.6492735912602189,log,0.2470136182246055,0.7881810155569589,2.2721286429691678e+20,2.2721286429691678e+20
3.131426744186047,1.367,radius relation,0.12,271.5220750552471,0.91,181.5945822751979,0.03984,catalog,2468464472.7781806,61192485.12722805,Jackson,-0.47716790917499596,-0.732765935307324,GP,0.21404931177440092,0.8818274860363836,5.423694430306677e+21,5.423694430306677e+21
3.131426744186047,1.367,radius relation,0.12,271.5220750552471,0.91,294.384562679546,0.03984,catalog,1953267392.2405381,99179850.77012521,Selsis,-0.43246922149539213,-0.6470570648968806,GP,0.4944411013345914,0.3417722250612547,605235970518105.5,605235970518105.5
3.131426744186047,1.367,radius relation,0.12,271.5220750552471,0.91,285.5739376893193,0.03984,catalog,3564871225.839188,25443962.83263329,Selsis,-0.4837512561694208,-0.6697135152234165,GP,0.18531466157250154,0.9332340016348076,1.7715196640734052e+20,1.7715196640734052e+20
3.131426744186047,1.367,radius relation,0.12,271.5220750552471,0.91,123.06765225404199,0.03984,catalog,6522204118.522848,79753154.25530224,Selsis,-0.43443219810251255,-0.6498612860415991,linear,0.32080867341105035,0.48416927630261086,2103030722476808.8,2103030722476808.8
3.131426744186047,1.367,radius relation,0.12,271.5220750552471,0.91,94.37223809650645,0.03984,catalog,4354888485.752656,52942746.1740834,Jackson,-0.43451008324266704,-0.6165241517195376,log,0.1122552458924354,0.31113541228313113,6.819208311555357e+21,6.819208311555357e+21
3.131426744186047,1.367,radius relation,0.12,271.5220750552471,0.91,40.57970414846122,0.03984,catalog,9442402071.926369,55963149.079963446,Jackson,-0.48830009654932494,-0.6370869531142148,log,0.05904419034301291,0.6230440332983391,6.028755003957602e+21,6.028755003957602e+21
3.131426744186047,1.367,radius relation,0.12,271.5220750552471,0.91,294.3845626795462,0.03984,catalog,1330183256.122937,21679927.40502233,Selsis,-0.30304604697601795,-0.769730987158881,linear,0.12690207941464446,0.8836512186022563,9.326471641060751e+20,9.326471641060751e+20
3.131426744186047,1.367,radius relation,0.12,271.5220750552471,0.91,70.99958607547588,0.03984,catalog,5619990853.01489,61067416.66687098,Jackson,-0.31522704136189067,-0.6185950031092446,GP,0.2352271111209435,0.8890464749257171,1.1496260020114085e+22,1.1496260020114085e+22
3.131426744186047,1.367,radius relation,0.12,271.5220750552471,0.91,87.66554543729198,0.03984,catalog,4649885822.480818,41656885.29393925,Jackson,-0.2957380251630301,-0.7328617166414112,linear,0.08980809426284157,0.24278654347366158,1.2968844056764397e+22,1.2968844056764397e+22
3.131426744186047,1.367,radius relation,0.12,271.5220750552471,0.91,213.99652568832886,0.03984,catalog,2148561332.59194,22841479.192681532,Jackson,-0.3362410568296225,-0.6390978172227835,linear,0.0688184651521754,0.15250680373572845,9.979245228521343e+21,9.979245228521343e+21
3.131426744186047,1.367,radius relation,0.12,271.5220750552471,0.91,294.384562679546,0.03984,catalog,2250128335.132884,83869084.46256313,Selsis,-0.3327891030257969,-0.6957395422630959,GP,0.06365254706844262,0.4477926201689577,2.997053323542569e+19,2.997053323542569e+19
3.131426744186047,1.367,radius relation,0.12,271.5220750552471,0.91,142.27231188697615,0.03984,catalog,3041763612.1630936,22206107.417829383,Jackson,-0.3268067513319239,-0.7649385061863362,GP,0.1690087535550142,0.9385761150779717,1.1282825963772261e+22,1.1282825963772261e+22
3.131426744186047,1.367,radius relation,0.12,271.5220750552471,0.91,294.384562679546,0.03984,catalog,2960422799.527892,30730974.772309657,Selsis,-0.35144575703316433,-0.6620319176197221,log,0.10813162136534632,0.9651450131871929,4.031068732128205e+20,4.031068732128205e+20
3.131426744186047,1.367,radius relation,0.12,271.5220750552471,0.91,294.3845626795462,0.03984,catalog,2875747514.250506,9598727.906856094,Selsis,-0.46128819140972627,-0.6662011154819159,log,0.29030998581917106,0.27580428930025536,4.025231105711544e+20,4.025231105711544e+20
3.131426744186047,1.367,radius relation,0.12,271.5220750552471,0.91,163.3389564366041,0.03984,catalog,5305018014.105848,67946378.66581543,Selsis,-0.46089809413925714,-0.6184267101847964,GP,0.217677455724045,0.06740137368081878,1709554734095585.8,1709554734095585.8
3.131426744186047,1.367,radius relation,0.12,271.5220750552471,0.91,294.3845626795462,0.03984,catalog,1478692873.9148629,29103354.150493212,Selsis,-0.38992087592021507,-0.7179177553433652,log,0.4332695377238012,0.7093620944069747,2.2871644355667945e+20,2.2871644355667945e+20
3.131426744186047,1.367,radius relation,0.12,271.5220750552471,0.91,141.84764682880015,0.03984,catalog,5877434183.27487,95830478.79770745,Selsis,-0.34806771133000647,-0.653150277972052,GP,0.4776870926108749,0.23178251121336313,1887308150754946.0,1887308150754946.0
3.131426744186047,1.367,radius relation,0.12,271.5220750552471,0.91,278.71034609177497,0.03984,catalog,3626199042.0962563,74410732.70002905,Selsis,-0.4934620462935384,-0.6964035652590209,linear,0.050069523620176824,0.21108133902823578,1159422085759477.0,1159422085759477.0
3.131426744186047,1.367,radius relation,0.12,271.5220750552471,0.91,294.3845626795462,0.03984,catalog,1879748452.790552,90216516.22167043,Selsis,-0.3797913022636199,-0.6899409586170742,GP,0.08593248231956001,0.7356525951244156,584162869431424.5,584162869431424.5
3.131426744186047,1.367,radius relation,0.12,271.5220750552471,0.91,76.99330928807768,0.03984,catalog,5223335442.1086235,20445336.397945948,Jackson,-0.30483062936277483,-0.7313913294197215,linear,0.08722838922065643,0.20103898138258547,1.2243271993162543e+22,1.2243271993162543e+22
3.131426744186047,1.367,radius relation,0.12,271.5220750552471,0.91,294.3845626795462,0.03984,catalog,2753253548.07426,64338095.028918035,Selsis,-0.47227586584062503,-0.7277428010909947,GP,0.3785399303812975,0.783592709839602,877751625780501.9,877751625780501.9
3.131426744186047,1.367,radius relation,0.12,271.5220750552471,0.91,294.384562679546,0.03984,catalog,1944068347.6921997,88104245.50533915,Selsis,-0.4311521823450642,-0.6394752267591981,GP,0.06785344267411464,0.9260748292137579,605848542481970.1,605848542481970.1
3.131426744186047,1.367,radius relation,0.12,271.5220750552471,0.91,92.59250961678232,0.03984,catalog,4429084028.319587,96190085.72438477,Jackson,-0.28291499602672393,-0.6730926666552238,linear,0.13076834164161463,0.15357469910503374,1.3279239866568497e+22,1.3279239866568497e+22
3.131426744186047,1.367,radius relation,0.12,271.5220750552471,0.91,294.3845626795462,0.03984,catalog,2501454973.729242,65371179.29387935,Selsis,-0.42764806930087407,-0.6627318567508126,linear,0.056522706682677296,0.5471849641672231,795218945497694.9,795218945497694.9
3.131426744186047,1.367,radius relation,0.12,271.5220750552471,0.91,294.3845626795465,0.03984,catalog,2631672143.4609237,94812473.68675438,Selsis,-0.49367549166748037,-0.613786013578888,linear,0.15035014115565634,0.7001210643715847,828115550081490.9,828115550081490.9
3.131426744186047,1.367,radius relation,0.12,271.5220750552471,0.91,265.14566588848436,0.03984,catalog,3755551793.9255238,15615122.776167082,Selsis,-0.3495991689448188,-0.6620641316628784,log,0.05462409274976247,0.5350761111567549,6.483890931126406e+20,6.483890931126406e+20
3.131426744186047,1.367,radius relation,0.12,271.5220750552471,0.91,100.06997049529055,0.03984,catalog,4134746307.9003086,5015794.198003081,Jackson,-0.2838198545338653,-0.6531135814228858,linear,0.26520300036284317,0.9097393489147906,1.9833977317802207e+22,1.9833977317802207e+22
3.131426744186047,1.367,radius relation,0.12,271.5220750552471,0.91,79.37100953248611,0.03984,catalog,5082411882.582229,47043540.39073436,Jackson,-0.44925484637606555,-0.6454180877742762,log,0.16484103968896688,0.06776694623935198,6.178996148182513e+21,6.178996148182513e+21
3.131426744186047,1.367,radius relation,0.12,271.5220750552471,0.91,113.28040330898321,0.03984,catalog,3707695656.3702884,32414046.218290396,Jackson,-0.45246516077410903,-0.714191644990258,GP,0.49770538230782657,0.9946813210019638,6.529994724297849e+21,6.529994724297849e+21
3.131426744186047,1.367,radius relation,0.12,271.5220750552471,0.91,102.87264732103783,0.03984,catalog,4035213369.8065248,92673768.27901119,Jackson,-0.40498583483049416,-0.7079656429572688,linear,0.4844561603584733,0.560610292817183,5.571679293489533e+21,5.571679293489533e+21
3.131426744186047,1.367,radius relation,0.12,271.5220750552471,0.91,94.51655145207117,0.03984,catalog,4348992182.922262,2592355.097745871,Jackson,-0.3821003786318811,-0.604215888785214,GP,0.30442998726927084,0.21338452416595155,9.291567464650169e+21,9.291567464650169e+21
3.131426744186047,1.367,radius relation,0.12,271.5220750552471,0.91,84.94715434872592,0.03984,catalog,8599686490.535128,32387939.055920143,Selsis,-0.3207679998514965,-0.6880586899301365,GP,0.09810134059425928,0.6328880978477488,5.743950883982963e+20,5.743950883982963e+20
3.131426744186047,1.367,radius relation,0.12,271.5220750552471,0.91,298.3575150632225,0.03984,catalog,1628571929.6867363,35624965.578972496,Jackson,-0.281432919702245,-0.7248287952855754,log,0.06474728577153892,0.6645368144304241,1.6578555558992296e+22,1.6578555558992296e+22
3.131426744186047,1.367,radius relation,0.12,271.5220750552471,0.91,198.03728074065742,0.03984,catalog,4618903842.391727,71584797.14241734,Selsis,-0.32113472607243687,-0.7883462451964521,log,0.07171759651667879,0.00509821292348045,1.5751305253265143e+20,1.5751305253265143e+20
3.131426744186047,1.367,radius relation,0.12,271.5220750552471,0.91,446.1434014134879,0.03984,catalog,1171696203.4814112,1184137.7087211416,Jackson,-0.43600028544824154,-0.7569432580817863,linear,0.2448908763595633,0.8369645108688135,8.803626552816405e+21,8.803626552816405e+21
3.131426744186047,1.367,radius relation,0.12,271.5220750552471,0.91,294.3845626795462,0.03984,catalog,2527754263.8059187,85140413.07513848,Selsis,-0.32704262448664745,-0.6443986546130174,GP,0.06813309432323643,0.07116128685329981,1.0498559290032254e+20,1.0498559290032254e+20
3.131426744186047,1.367,radius relation,0.12,271.5220750552471,0.91,128.38113387562868,0.03984,catalog,6322597676.030349,93510437.10338056,Selsis,-0.36120837569251085,-0.6146562623664554,linear,0.09610629262828231,0.2148364063797642,2033381691084553.0,2033381691084553.0
3.131426744186047,1.367,radius relation,0.12,271.5220750552471,0.91,149.36662816035732,0.03984,catalog,2916957512.731004,48927238.42016163,Jackson,-0.39199068838538087,-0.6430993840575149,linear,0.06185849323178307,0.5960062408369668,7.36393552656782e+21,7.36393552656782e+21
3.131426744186047,1.367,radius relation,0.12,271.5220750552471,0.91,295.0919427785735,0.03984,catalog,640416733.3687001,11709487.386687657,Selsis,-0.36037344906894575,-0.6408230285869077,GP,0.056307716414568755,0.7745388275994516,6.983406835833294e+20,6.983406835833294e+20
3.131426744186047,1.367,radius relation,0.12,271.5220750552471,0.91,249.49289710179448,0.03984,catalog,3920061978.1944866,6020039.559657981,Selsis,-0.40325178750486906,-0.6247761251794705,linear,0.12250622498572053,0.6390608610057132,7.095456601550638e+20,7.095456601550638e+20
3.131426744186047,1.367,radius relation,0.12,271.5220750552471,0.91,293.43978110572345,0.03984,catalog,3262604367.5266047,26585229.809700485,Selsis,-0.3609137808174578,-0.7110352995183934,linear,0.12999444617813874,0.6206706759594786,3.648350107131516e+20,3.648350107131516e+20
3.131426744186047,1.367,radius relation,0.12,271.5220750552471,0.91,82.99783463998278,0.03984,catalog,8752060563.539507,14323164.841997528,Selsis,-0.3378984348086585,-0.772134860144081,linear,0.07780358041872593,0.49291935073790716,6.754672269304248e+20,6.754672269304248e+20
3.131426744186047,1.367,radius relation,0.12,271.5220750552471,0.91,78.12645848457962,0.03984,catalog,9163196743.80083,50791736.91997188,Selsis,-0.4969812474431353,-0.6761051777703397,log,0.41609240934198516,0.5135177283722292,2974592711905987.5,2974592711905987.5
3.131426744186047,1.367,radius relation,0.12,271.5220750552471,0.91,294.3845626795462,0.03984,catalog,2686458470.733122,41607460.32682697,Selsis,-0.3644279189343071,-0.6181548905566912,linear,0.2025791907249143,0.4302195603336141,3.0502087386413446e+20,3.0502087386413446e+20
3.131426744186047,1.367,radius relation,0.12,271.5220750552471,0.91,122.96182112287221,0.03984,catalog,6526337432.10349,19984456.227313887,Selsis,-0.4663293528683798,-0.7109638997359307,GP,0.09793612619769775,0.2777540909812285,2.172617072871607e+20,2.172617072871607e+20
3.131426744186047,1.367,radius relation,0.12,271.5220750552471,0.91,230.72524224404594,0.03984,catalog,4142977129.0967493,83484163.648862,Selsis,-0.4259385837631283,-0.6366529326133641,GP,0.34175821472729845,0.3627864430941826,1325153807357850.2,1325153807357850.2
3.131426744186047,1.367,radius relation,0.12,271.5220750552471,0.91,105.50991170507245,0.03984,catalog,3946270270.1868887,60429524.00319423,Jackson,-0.40239965610819467,-0.6248831690203706,log,0.17858078880661954,0.8781523904568291,7.003439351127831e+21,7.003439351127831e+21
3.131426744186047,1.367,radius relation,0.12,271.5220750552471,0.91,294.3845626795462,0.03984,catalog,1614156623.77121,63003413.77302554,Selsis,-0.28610695280910314,-0.7840059924478403,log,0.13939980502172133,0.3829232507027095,6.411847598943872e+20,6.411847598943872e+20
3.131426744186047,1.367,radius relation,0.12,271.5220750552471,0.91,116.40096381994155,0.03984,catalog,6795768940.695199,68650816.5679734,Selsis,-0.4283757198849818,-0.7145812915879971,log,0.2820971890423067,0.7608996548622754,2195955571448971.2,2195955571448971.2
3.131426744186047,1.367,radius relation,0.12,271.5220750552471,0.91,90.84973603729902,0.03984,catalog,4504499572.2429695,86616171.54939558,Jackson,-0.31975059233439274,-0.7092452780436984,linear,0.11639748590267875,0.6125281399470766,9.346407813815916e+21,9.346407813815916e+21
3.131426744186047,1.367,radius relation,0.12,271.5220750552471,0.91,39.20848313667606,0.03984,catalog,9756630666.996704,67817922.18089707,Jackson,-0.4258469227317506,-0.713429589852163,log,0.31763547478278376,0.2240050241851974,5.776157120442833e+21,5.776157120442833e+21
3.131426744186047,1.367,radius relation,0.12,271.5220750552471,0.91,63.01880111193955,0.03984,catalog,6264372325.738256,14165235.839473303,Jackson,-0.4495485050468373,-0.7472617603613577,linear,0.050497526880004716,0.15390857997118923,6.598888991956757e+21,6.598888991956757e+21
3.131426744186047,1.367,radius relation,0.12,271.5220750552471,0.91,113.70837372358085,0.03984,catalog,3695478139.025511,38926866.73568383,Jackson,-0.40451820867902727,-0.7022049932346844,GP,0.08811992153270765,0.12296287728826372,6.699466774976234e+21,6.699466774976234e+21
3.131426744186047,1.367,radius relation,0.12,271.5220750552471,0.91,53.12278030331519,0.03984,catalog,7332059363.182115,52638972.98976346,Jackson,-0.4802298564266897,-0.6553636190252237,log,0.16957910158397815,0.49543565754936814,5.984558736537307e+21,5.984558736537307e+21
3.131426744186047,1.367,radius relation,0.12,271.5220750552471,0.91,161.155114254394,0.03984,catalog,2732981486.0748415,19336797.515999608,Jackson,-0.31975306885213606,-0.6640734565553414,log,0.3429891964892118,0.2035913291960837,1.1234944327995376e+22,1.1234944327995376e+22
3.131426744186047,1.367,radius relation,0.12,271.5220750552471,0.91,104.92413379988378,0.03984,catalog,7339706216.674506,94083641.11623986,Selsis,-0.3903702075976277,-0.6140130801516348,linear,0.27721198831271204,0.25962341544055023,2365212706217778.5,2365212706217778.5
3.131426744186047,1.367,radius relation,0.12,271.5220750552471,0.91,294.3845626795462,0.03984,catalog,1379730694.4630134,25979597.52216345,Selsis,-0.3487418417476485,-0.6529460141981992,linear,0.4296034338082203,0.8377483767529987,4.9610495699165223e+20,4.9610495699165223e+20
3.131426744186047,1.367,radius relation,0.12,271.5220750552471,0.91,150.73974810241117,0.03984,catalog,2894107233.825386,77434737.9553456,Jackson,-0.3244975632369354,-0.6490913878402996,linear,0.09114564207005131,0.4886286379920993,9.64002078617895e+21,9.64002078617895e+21
3.131426744186047,1.367,radius relation,0.12,271.5220750552471,0.91,54.573551393724564,0.03984,catalog,7151218641.30924,95208919.277552,Jackson,-0.41003927204296486,-0.7421010549316572,linear,0.41833488058621765,0.33270409678627477,5.350853179159027e+21,5.350853179159027e+21
3.131426744186047,1.367,radius relation,0.12,271.5220750552471,0.91,860.9833058485265,0.03984,catalog,693082004.6887666,28206230.222923897,Jackson,-0.400842864241249,-0.7937437884756683,log,0.06511615768340924,0.18542593913717276,6.972654755834758e+21,6.972654755834758e+21
3.131426744186047,1.367,radius relation,0.12,271.5220750552471,0.91,107.17068382265106,0.03984,catalog,7224942443.592478,46110129.5072665,Selsis,-0.44421543887277026,-0.697376771271055,GP,0.07906781293669465,0.4370646491095952,3.301691306266021e+19,3.301691306266021e+19
3.131426744186047,1.367,radius relation,0.12,271.5220750552471,0.91,294.384562679546,0.03984,catalog,1169815049.5512621,25630433.28920799,Selsis,-0.3428499782249392,-0.6442383642889375,GP,0.1465320582396741,0.26349342534572284,5.583897648245481e+20,5.583897648245481e+20
3.131426744186047,1.367,radius relation,0.12,271.5220750552471,0.91,82.73032761795295,0.03984,catalog,4896943839.876516,82426920.7399775,Jackson,-0.31690270704673756,-0.7203270385124283,linear,0.08124959699990847,0.03905204184401112,9.149800818916325e+21,9.149800818916325e+21
3.131426744186047,1.367,radius relation,0.12,271.5220750552471,0.91,194.8190424067975,0.03984,catalog,4673349478.532523,79729092.040569,Selsis,-0.3736864653845572,-0.6371300098699698,linear,0.05377093714608763,0.8673906974783259,1499510800123985.8,1499510800123985.8
3.131426744186047,1.367,radius relation,0.12,271.5220750552471,0.91,413.44001874747426,0.03984,catalog,1246408003.2503748,89439317.69526902,Jackson,-0.4915093630343639,-0.6759285431805411,log,0.21799230504945288,0.5686370156965544,4.957388449505911e+21,4.957388449505911e+21
3.131426744186047,1.367,radius relation,0.12,271.5220750552471,0.91,110.32263326269701,0.03984,catalog,7071085704.97275,7207270.185153453,Selsis,-0.3434447643683198,-0.7335988644328311,log,0.1278278209085337,0.8307259487835033,8.320781477589387e+20,8.320781477589387e+20
3.131426744186047,1.367,radius relation,0.12,271.5220750552471,0.91,294.3845626795462,0.03984,catalog,1527321439.7802196,74264964.14984286,Selsis,-0.35328767349102325,-0.7315218312399938,linear,0.4185566278564648,0.7408048389611236,474326064209629.4,474326064209629.4
3.131426744186047,1.367,radius relation,0.12,271.5220750552471,0.91,52.771067020900816,0.03984,catalog,7377408778.716983,58385203.0231359,Jackson,-0.42463256234117136,-0.6634514834456563,log,0.48166160169504446,0.014679591573040107,5.97091725042534e+21,5.97091725042534e+21
3.131426744186047,1.367,radius relation,0.12,271.5220750552471,0.91,33.358112671304255,0.03984,catalog,11396470614.770409,42924912.223944485,Jackson,-0.409967909281116,-0.6847631432343999,linear,0.4212289658986657,0.6534215254717871,6.850149337869177e+21,6.850149337869177e+21
3.131426744186047,1.367,radius relation,0.12,271.5220750552471,0.91,79.63638371329354,0.03984,catalog,5067199100.24906,89058485.65794665,Jackson,-0.39105818362695344,-0.7866004182307247,log,0.1641318458086975,0.1403025811691203,5.788181401183023e+21,5.788181401183023e+21
3.131426744186047,1.367,radius relation,0.12,271.5220750552471,0.91,41.24650837746813,0.03984,catalog,9297316409.753647,86867685.4020084,Jackson,-0.32602670111594956,-0.6895245497888577,GP,0.10164690058056904,0.07289841683583564,8.650001462535587e+21,8.650001462535587e+21
3.131426744186047,1.367,radius relation,0.12,271.5220750552471,0.91,192.77070457145393,0.03984,catalog,4708841333.447376,70273820.3024371,Selsis,-0.35026331381273557,-0.7912963196000942,linear,0.4509560890445663,0.02922036766775482,2.1126429474057994e+19,2.1126429474057994e+19
3.131426744186047,1.367,radius relation,0.12,271.5220750552471,0.91,35.366468033302006,0.03984,catalog,10770512414.751081,18034920.082021978,Jackson,-0.3862462996148358,-0.6905836637825614,linear,0.11814907408513878,0.8446175389991624,8.568815155853632e+21,8.568815155853632e+21
3.131426744186047,1.367,radius relation,0.12,271.5220750552471,0.91,62.72419426943339,0.03984,catalog,6291285972.894351,26702610.97762327,Jackson,-0.32278881115210173,-0.6144801916612113,GP,0.11963317777683691,0.5706420528655026,1.2523347551430344e+22,1.2523347551430344e+22
3.131426744186047,1.367,radius relation,0.12,271.5220750552471,0.91,79.8816113113272,0.03984,catalog,5053229935.958776,16451913.717506478,Jackson,-0.31098538834307576,-0.7816407934026702,GP,0.21579526524270473,0.7727293846363656,1.3373512500138356e+22,1.3373512500138356e+22
3.131426744186047,1.367,radius relation,0.12,271.5220750552471,0.91,56.077414049528855,0.03984,catalog,11831756888.583506,26367929.890961282,Selsis,-0.488605518797924,-0.7032236921698973,log,0.21534063097312206,0.6383670365372818,1.4797336000365422e+20,1.4797336000365422e+20
3.131426744186047,1.367,radius relation,0.12,271.5220750552471,0.91,286.3125448162164,0.03984,catalog,3558425375.744808,77543255.7079621,Selsis,-0.48464089307149405,-0.6450515832939692,GP,0.063613511794638,0.13866155547607772,1136275942239936.8,1136275942239936.8
3.131426744186047,1.367,radius relation,0.12,271.5220750552471,0.91,116.06037979159005,0.03984,catalog,3629897248.655452,34026576.220711894,Jackson,-0.39535268436222754,-0.7142361046915736,log,0.0777237994486001,0.6079861012941271,7.370402210415527e+21,7.370402210415527e+21
3.131426744186047,1.367,radius relation,0.12,271.5220750552471,0.91,107.77484706299359,0.03984,catalog,7194819989.662181,28978977.43187823,Selsis,-0.32804429300067356,-0.7280343975478059,log,0.050001529205281774,0.11189622684370626,5.375200368271742e+20,5.375200368271742e+20
3.131426744186047,1.367,radius relation,0.12,271.5220750552471,0.91,178.371588544997,0.03984,catalog,4978634259.477178,25640702.46554317,Selsis,-0.4758511194648055,-0.6845030514221323,log,0.0627963991408435,0.05253509555558089,1.5726876269375907e+20,1.5726876269375907e+20
3.131426744186047,1.367,radius relation,0.12,271.5220750552471,0.91,280.3551951062222,0.03984,catalog,1714671314.5485275,5996960.0433774395,Jackson,-0.31005446368671674,-0.6291385739660367,GP,0.1100855710348402,0.34035098396717667,1.3660133419534982e+22,1.3660133419534982e+22
3.131426744186047,1.367,radius relation,0.12,271.5220750552471,0.91,294.3845626795462,0.03984,catalog,2607852600.9361243,34681220.738260366,Selsis,-0.4698059223611518,-0.6266586545746086,log,0.4442383616160679,0.09986704153129145,1.5119212343817716e+20,1.5119212343817716e+20
3.131426744186047,1.367,radius relation,0.12,271.5220750552471,0.91,96.60194303947792,0.03984,catalog,4265714259.585608,10351065.880438495,Jackson,-0.3469947821365065,-0.745880620061028,linear,0.31500963758878747,0.7055797352427888,1.0714099291257972e+22,1.0714099291257972e+22
3.131426744186047,1.367,radius relation,0.12,271.5220750552471,0.91,663.848344588801,0.03984,catalog,851425423.277047,56630164.89985394,Jackson,-0.32327079549211996,-0.6065828649040909,GP,0.08448321892399936,0.6054412753327634,1.0755651348564787e+22,1.0755651348564787e+22
3.131426744186047,1.367,radius relation,0.12,271.5220750552471,0.91,229.0542569877272,0.03984,catalog,4164379658.2722893,19308027.97485229,Selsis,-0.48999350636498246,-0.7674768362838411,log,0.06533898894218818,0.6827096269404165,1.850831022311813e+20,1.850831022311813e+20
3.131426744186047,1.367,radius relation,0.12,271.5220750552471,0.91,294.384562679546,0.03984,catalog,2282495369.076571,27898850.485196166,Selsis,-0.313276638660055,-0.757593954657424,GP,0.4985065939285387,0.9074930593983767,6.844213853904981e+20,6.844213853904981e+20
3.131426744186047,1.367,radius relation,0.12,271.5220750552471,0.91,294.384562679546,0.03984,catalog,2102811363.27758,48357499.585316524,Selsis,-0.3148736363346458,-0.6599653974053628,log,0.26252557407114957,0.3632499300277303,4.8787281948777624e+20,4.8787281948777624e+20
3.131426744186047,1.367,radius relation,0.12,271.5220750552471,0.91,92.56828626681035,0.03984,catalog,8060589566.519082,38728411.615518674,Selsis,-0.4678912975524648,-0.6266138729586103,linear,0.166835909062225,0.558622654175444,1.2378156895555309e+20,1.2378156895555309e+20
3.131426744186047,1.367,radius relation,0.12,271.5220750552471,0.91,294.384562679546,0.03984,catalog,2407947056.074328,32829066.667527847,Selsis,-0.45400985947682704,-0.7629101541869284,linear,0.47575095382958227,0.3740677393788413,8.437485327486829e+19,8.437485327486829e+19
3.131426744186047,1.367,radius relation,0.12,271.5220750552471,0.91,47.130144328610854,0.03984,catalog,8198172043.02023,95702524.60264845,Jackson,-0.31072984321649877,-0.7349636635131753,linear,0.44986093932154375,0.14029870514636722,9.706635371230366e+21,9.706635371230366e+21
3.131426744186047,1.367,radius relation,0.12,271.5220750552471,0.91,107.89771561845474,0.03984,catalog,3869398663.4403358,6776508.781116054,Jackson,-0.28755973664155376,-0.7845386505569004,linear,0.06528717412948397,0.8414278461710154,1.7953967067738742e+22,1.7953967067738742e+22
3.131426744186047,1.367,radius relation,0.12,271.5220750552471,0.91,84.49648499678,0.03984,catalog,8634342012.78076,88155199.17387947,Selsis,-0.39345394330860733,-0.7079934058364736,log,0.2162589557172031,0.5724140142108416,2789760221494340.0,2789760221494340.0
3.131426744186047,1.367,radius relation,0.12,271.5220750552471,0.91,75.21944595032724,0.03984,catalog,5334204636.059186,92925024.1101525,Jackson,-0.47235905875122336,-0.6966491776877093,GP,0.24484714353220455,0.6233065576804365,4.899777573336572e+21,4.899777573336572e+21
3.131426744186047,1.367,radius relation,0.12,271.5220750552471,0.91,291.9662659148422,0.03984,catalog,3489177574.5121436,96822543.98409128,Selsis,-0.43849766263650725,-0.6818951353316414,linear,0.3652514283208851,0.25813533684683587,1107377749604703.5,1107377749604703.5
3.131426744186047,1.367,radius relation,0.12,271.5220750552471,0.91,294.384562679546,0.03984,catalog,943319292.7725104,86344180.64887106,Selsis,-0.425580530227434,-0.7625395454383797,GP,0.1576173967509392,0.8280693442942996,279745239690609.3,279745239690609.3
3.131426744186047,1.367,radius relation,0.12,271.5220750552471,0.91,95.97957809030798,0.03984,catalog,7844712354.013158,81175023.0596076,Selsis,-0.3611413682858906,-0.7446583866683757,log,0.23922405192552407,0.509447361816546,2534277344545867.5,2534277344545867.5
3.131426744186047,1.367,radius relation,0.12,271.5220750552471,0.91,179.04280099086847,0.03984,catalog,4965203173.554336,24435625.902930237,Selsis,-0.3412199527663523,-0.6489793885830594,GP,0.1131240152554391,0.06942399826514689,5.837406736202586e+20,5.837406736202586e+20
3.131426744186047,1.367,radius relation,0.12,271.5220750552471,0.91,237.49274676804018,0.03984,catalog,1968750326.7065108,18834721.527204257,Jackson,-0.3665112556550294,-0.7780396912523989,log,0.12594436013385854,0.320586435641128,8.541598052837769e+21,8.541598052837769e+21
3.131426744186047,1.367,radius relation,0.12,271.5220750552471,0.91,79.1002656549455,0.03984,catalog,9077296330.218256,60669491.1139001,Selsis,-0.30412877801727134,-0.7991780462782062,GP,0.1828940706631707,0.45430218114197773,3.852454617344038e+20,3.852454617344038e+20
3.131426744186047,1.367,radius relation,0.12,271.5220750552471,0.91,256.3302487765568,0.03984,catalog,3846029589.0439396,54014628.16045428,Selsis,-0.4976695027223212,-0.7221042136920037,linear,0.08185915562457229,0.3340177732888653,1237840071590878.8,1237840071590878.8
3.131426744186047,1.367,radius relation,0.12,271.5220750552471,0.91,607.6260517951993,0.03984,catalog,913709291.9337009,72366903.76279762,Jackson,-0.41421805644358867,-0.684143512525476,GP,0.30990440972955113,0.11460085388224095,5.919931704014248e+21,5.919931704014248e+21
3.131426744186047,1.367,radius relation,0.12,271.5220750552471,0.91,167.58876782502563,0.03984,catalog,2643066997.349897,12630176.125977555,Jackson,-0.43580364415628214,-0.6217042875205286,GP,0.15720510434541674,0.3244821203981686,8.02316853327968e+21,8.02316853327968e+21
3.131426744186047,1.367,radius relation,0.12,271.5220750552471,0.91,54.35098029492645,0.03984,catalog,7178331584.281878,29321853.24555143,Jackson,-0.3346247941093174,-0.792132797390441,log,0.3550330786801034,0.0029178770569404655,8.555100891809736e+21,8.555100891809736e+21
3.131426744186047,1.367,radius relation,0.12,271.5220750552471,0.91,292.0220439229129,0.03984,catalog,3480298495.950612,67551252.49117635,Selsis,-0.3502078335334039,-0.733161307170097,GP,0.3060916406547378,0.211670209395304,4.774761124284697e+19,4.774761124284697e+19
3.131426744186047,1.367,radius relation,0.12,271.5220750552471,0.91,122.350698561569,0.03984,catalog,6550331336.905094,61576334.706827186,Selsis,-0.3040024505855705,-0.6286919333034446,GP,0.1824160367087458,0.6388286619528967,5.545847934729306e+20,5.545847934729306e+20
3.131426744186047,1.367,radius relation,0.12,271.5220750552471,0.91,129.93406518297394,0.03984,catalog,3290016279.451087,35512971.1563477,Jackson,-0.43107289554320316,-0.6574134101734161,log,0.2435920205301858,0.539930543235624,6.963446183990396e+21,6.963446183990396e+21
3.131426744186047,1.367,radius relation,0.12,271.5220750552471,0.91,294.384562679546,0.03984,catalog,1882337702.2835274,15660892.699822929,Selsis,-0.3117814001767983,-0.6733881125838539,GP,0.35249165193687476,0.3753569245519398,1.0125118332650328e+21,1.0125118332650328e+21
3.131426744186047,1.367,radius relation,0.12,271.5220750552471,0.91,294.384562679546,0.03984,catalog,2279725498.2683578,85929175.772339,Selsis,-0.3815611377168351,-0.7980293467945044,log,0.10906752650654003,0.9598491948126542,716128239183315.0,716128239183315.0
3.131426744186047,1.367,radius relation,0.12,271.5220750552471,0.91,49.49672312795764,0.03984,catalog,7830805041.89668,83282165.60782497,Jackson,-0.4662625535930906,-0.7070465010068331,GP,0.2678913247917048,0.04588785266284878,5.046832035018111e+21,5.046832035018111e+21
3.131426744186047,1.367,radius relation,0.12,271.5220750552471,0.91,294.384562679546,0.03984,catalog,2000451277.3241968,15474573.496740283,Selsis,-0.31760450233121085,-0.604372581222467,linear,0.4196032026844916,0.6401378990708293,1.1472013659516552e+21,1.1472013659516552e+21
3.131426744186047,1.367,radius relation,0.12,271.5220750552471,0.91,79.04485229583848,0.03984,catalog,9082132222.888681,75180489.28285763,Selsis,-0.44861438096053985,-0.6659483459395759,GP,0.05372244073489427,0.621328384267505,2940169248737516.5,2940169248737516.5
3.131426744186047,1.367,radius relation,0.12,271.5220750552471,0.91,294.384562679546,0.03984,catalog,2436608951.737191,15049939.977356749,Selsis,-0.33274045488540194,-0.6369298386197398,GP,0.15786961890619927,0.5207879555289375,8.52557378706719e+20,8.52557378706719e+20
3.131426744186047,1.367,radius relation,0.12,271.5220750552471,0.91,63.75522700244306,0.03984,catalog,10708795307.166481,45692104.86939747,Selsis,-0.38188358518233356,-0.6972911267352192,linear,0.06978855684696243,0.26371148890192553,1.2480277737165673e+20,1.2480277737165673e+20
3.131426744186047,1.367,radius relation,0.12,271.5220750552471,0.91,294.384562679546,0.03984,catalog,1345719309.9696069,47145517.371388786,Selsis,-0.38672538221818836,-0.7276971415749915,linear,0.12146104825925984,0.5041171295940404,8.252003117745922e+19,8.252003117745922e+19
3.131426744186047,1.367,radius relation,0.12,271.5220750552471,0.91,237.2316938986373,0.03984,catalog,4062179828.2859674,40779728.017445974,Selsis,-0.38231705800743393,-0.7358250674554685,log,0.3370735185997804,0.4702697657865317,1.3234400020773308e+20,1.3234400020773308e+20
3.131426744186047,1.367,radius relation,0.12,271.5220750552471,0.91,549.4521507724144,0.03984,catalog,990457070.2989305,34874309.47573135,Jackson,-0.2853959010855369,-0.640662054849427,log,0.07906567853941206,0.14589997558950663,1.370749484111154e+22,1.370749484111154e+22
3.131426744186047,1.367,radius relation,0.12,271.5220750552471,0.91,177.8124163522665,0.03984,catalog,2513022508.4792943,47288131.27343565,Jackson,-0.3713777868715326,-0.7077380841607607,log,0.05431107808687561,0.23661136044681508,7.528640382417053e+21,7.528640382417053e+21
3.131426744186047,1.367,radius relation,0.12,271.5220750552471,0.91,53.265072925772266,0.03984,catalog,7313883742.1263895,71462265.25650476,Jackson,-0.4902805912859236,-0.7355303347090351,log,0.09627755363124224,0.43735066128513334,5.128465832862583e+21,5.128465832862583e+21
3.131426744186047,1.367,radius relation,0.12,271.5220750552471,0.91,246.81142176918212,0.03984,catalog,1906438629.3623338,33773793.533688754,Jackson,-0.28970244761316494,-0.6688663937204471,log,0.3009366304192516,0.3720457020601847,1.4960983779268117e+22,1.4960983779268117e+22
3.131426744186047,1.367,radius relation,0.12,271.5220750552471,0.91,47.055386596437096,0.03984,catalog,8210386763.94228,58433414.20149769,Jackson,-0.4380340968879542,-0.6003128865610997,log,0.06405380022143105,0.13001971868245055,6.807009823092923e+21,6.807009823092923e+21
3.131426744186047,1.367,radius relation,0.12,271.5220750552471,0.91,202.55389754178285,0.03984,catalog,4545084690.164985,36504075.22116679,Selsis,-0.39655791140661295,-0.7139292922742652,log,0.19282938972613214,0.2383750762083383,1.5008061791223955e+20,1.5008061791223955e+20
3.131426744186047,1.367,radius relation,0.12,271.5220750552471,0.91,72.73436495750539,0.03984,catalog,5498526020.781351,97137391.35386467,Jackson,-0.3189143003664949,-0.7671910855220913,linear,0.27638996262385357,0.5917936500638692,8.984030443567136e+21,8.984030443567136e+21
3.131426744186047,1.367,radius relation,0.12,271.5220750552471,0.91,294.384562679546,0.03984,catalog,2857254308.507364,68689645.43555562,Selsis,-0.48139161885009224,-0.6715955766762032,log,0.185936881816317,0.7038567353796142,910280449254446.4,910280449254446.4
3.131426744186047,1.367,radius relation,0.12,271.5220750552471,0.91,59.457824813348964,0.03984,catalog,11304099277.119081,85374882.85908338,Selsis,-0.4488332479589607,-0.7198724509660074,log,0.4303595857160969,0.751526183447234,3662165563849373.5,3662165563849373.5
3.131426744186047,1.367,radius relation,0.12,271.5220750552471,0.91,114.23145684573454,0.03984,catalog,6890993792.311009,43777668.54784922,Selsis,-0.3070882190067611,-0.682057453053876,GP,0.28592086783589993,0.5396023294556903,6.025178935186792e+20,6.025178935186792e+20
3.131426744186047,1.367,radius relation,0.12,271.5220750552471,0.91,88.02103321045772,0.03984,catalog,8371989692.715596,26378452.574221373,Selsis,-0.4742133827341773,-0.6005917776662713,log,0.061236295678589556,0.05502650652548291,2.8598263355723684e+20,2.8598263355723684e+20
3.131426744186047,1.367,radius relation,0.12,271.5220750552471,0.91,294.3845626795462,0.03984,catalog,1980454261.0959237,8819659.799903147,Selsis,-0.3863268873403793,-0.7083936515036576,linear,0.3586462796465335,0.2310725654904907,5.410608183906729e+20,5.410608183906729e+20
3.131426744186047,1.367,radius relation,0.12,271.5220750552471,0.91,294.384562679546,0.03984,catalog,2568169306.0331235,81888249.0592225,Selsis,-0.45910565671986786,-0.7394367865452389,linear,0.1765456137804774,0.7281194073073043,811605005071651.4,811605005071651.4
3.131426744186047,1.367,radius relation,0.12,271.5220750552471,0.91,57.85235881812929,0.03984,catalog,6776089108.240325,70115770.6266914,Jackson,-0.422116520575146,-0.6038533814072329,GP,0.46415802381383536,0.28845810196315613,6.743309228317862e+21,6.743309228317862e+21
3.131426744186047,1.367,radius relation,0.12,271.5220750552471,0.91,168.6247010823701,0.03984,catalog,5184350221.275972,82301324.4385508,Selsis,-0.3261038327594976,-0.6665381415178099,GP,0.4832913094891791,0.6701688864427799,1.0567029484699142e+20,1.0567029484699142e+20
3.131426744186047,1.367,radius relation,0.12,271.5220750552471,0.91,153.74646618316353,0.03984,catalog,2845442463.6429906,68235180.30526243,Jackson,-0.28900714840227426,-0.7388956012770475,GP,0.07289953731658397,0.6475625646313441,1.346910425421061e+22,1.346910425421061e+22
3.131426744186047,1.367,radius relation,0.12,271.5220750552471,0.91,118.23599322588737,0.03984,catalog,3571491475.1588717,4740728.847480365,Jackson,-0.37374028092162487,-0.7365808783883842,log,0.08859571228645113,0.5159014715025105,9.40692279391046e+21,9.40692279391046e+21
3.131426744186047,1.367,radius relation,0.12,271.5220750552471,0.91,124.96043111588455,0.03984,catalog,3403453590.6723,43060536.63469594,Jackson,-0.42037196074691385,-0.6790419028868814,GP,0.2251529197790029,0.3084098627371492,6.681737773105195e+21,6.681737773105195e+21
3.131426744186047,1.367,radius relation,0.12,271.5220750552471,0.91,106.15036482484159,0.03984,catalog,3925321193.9567537,33821084.3388164,Jackson,-0.48236677004384343,-0.7273699354495317,GP,0.05684408845746432,0.07983838148016387,5.848006812166948e+21,5.848006812166948e+21
3.131426744186047,1.367,radius relation,0.12,271.5220750552471,0.91,112.85166946558421,0.03984,catalog,3720025262.358053,43919451.05859768,Jackson,-0.4116739179285191,-0.6454150025967783,linear,0.12588024356411884,0.7294090186190599,7.07582463701817e+21,7.07582463701817e+21
3.131426744186047,1.367,radius relation,0.12,271.5220750552471,0.91,110.20801905330728,0.03984,catalog,3798111703.038786,67133402.89180306,Jackson,-0.3209489529249529,-0.7613917358680605,linear,0.4868396000379468,0.24726986637000425,9.641426981174766e+21,9.641426981174766e+21
3.131426744186047,1.367,radius relation,0.12,271.5220750552471,0.91,294.384562679546,0.03984,catalog,2852795507.3236737,57057262.20954525,Selsis,-0.3335330399465503,-0.7618545144744031,GP,0.1678422495260126,0.28306911803983736,1.8799796851596526e+20,1.8799796851596526e+20
3.131426744186047,1.367,radius relation,0.12,271.5220750552471,0.91,293.2363512613834,0.03984,catalog,3292917215.38788,63927293.79516073,Selsis,-0.4215961715015692,-0.7534584984714816,linear,0.1072253922048175,0.12248525090828877,1054049933067595.1,1054049933067595.1
3.131426744186047,1.367,radius relation,0.12,271.5220750552471,0.91,294.384562679546,0.03984,catalog,1861413112.956767,21837566.201830737,Selsis,-0.46261668864882616,-0.6252270794957144,GP,0.07667608754999375,0.7277811464119702,2.9066590967066336e+20,2.9066590967066336e+20
3.131426744186047,1.367,radius relation,0.12,271.5220750552471,0.91,294.384562679546,0.03984,catalog,2251551466.933948,50124316.807570025,Selsis,-0.3803878913604727,-0.7817462990816957,linear,0.2812593325636936,0.9596771819955167,6.002398291929458e+19,6.002398291929458e+19
3.131426744186047,1.367,radius relation,0.12,271.5220750552471,0.91,75.87735467119157,0.03984,catalog,5292486090.467666,24281496.980083082,Jackson,-0.31693953594071334,-0.6797827253008927,GP,0.4258659621711277,0.4819739733344003,1.22168093096565e+22,1.22168093096565e+22
3.131426744186047,1.367,radius relation,0.12,271.5220750552471,0.91,36.877689608621395,0.03984,catalog,10345795813.866888,51601339.160388246,Jackson,-0.3762889819233146,-0.6272647875145829,log,0.4201490388597016,0.36186231689296344,7.9568292784433e+21,7.9568292784433e+21
3.131426744186047,1.367,radius relation,0.12,271.5220750552471,0.91,294.3845626795462,0.03984,catalog,2089248632.8450418,30207388.04132108,Selsis,-0.3808258514428058,-0.7646139805039689,linear,0.058088412658376554,0.5164329609728112,2.2888341250080942e+20,2.2888341250080942e+20
3.131426744186047,1.367,radius relation,0.12,271.5220750552471,0.91,87.62384858697682,0.03984,catalog,8400588593.013321,22497030.998128682,Selsis,-0.34452389964937874,-0.6162102064735832,linear,0.05952527808760673,0.39135753074950175,6.766471568118119e+20,6.766471568118119e+20
3.131426744186047,1.367,radius relation,0.12,271.5220750552471,0.91,197.39366991749327,0.03984,catalog,4629666385.439527,94091084.17033285,Selsis,-0.47153262443140503,-0.6577616434284772,linear,0.48932245769799765,0.30859390819154164,1480562949656935.0,1480562949656935.0
3.131426744186047,1.367,radius relation,0.12,271.5220750552471,0.91,41.12398489991881,0.03984,catalog,9323614967.368408,27532827.217290103,Jackson,-0.36389999976910214,-0.7540041675053765,GP,0.44899081726809464,0.9715748087625071,8.610942393599297e+21,8.610942393599297e+21
3.131426744186047,1.367,radius relation,0.12,271.5220750552471,0.91,131.6033706760007,0.03984,catalog,3253802660.7836356,62967568.13211943,Jackson,-0.48282719656798484,-0.6039107579015863,GP,0.08287339518129788,0.9350001188774711,6.359812090474932e+21,6.359812090474932e+21
3.131426744186047,1.367,radius relation,0.12,271.5220750552471,0.91,174.99795600703558,0.03984,catalog,5047527315.4159775,63014976.03022798,Selsis,-0.46486673897142244,-0.6335322480184891,linear,0.07882088051627373,0.6256509392998526,1627110962028838.0,1627110962028838.0
3.131426744186047,1.367,radius relation,0.12,271.5220750552471,0.91,101.91922896725062,0.03984,catalog,4068472732.3629584,58092000.22678634,Jackson,-0.48868037128227476,-0.7886226293392348,linear,0.1943411302887318,0.019492443840474216,5.188538608223976e+21,5.188538608223976e+21
3.131426744186047,1.367,radius relation,0.12,271.5220750552471,0.91,61.7317370636498,0.03984,catalog,10979510517.82711,72158037.40127377,Selsis,-0.3648650074638419,-0.6349410484341994,linear,0.10379025345882749,0.3713488478832311,5.022654217068433e+19,5.022654217068433e+19
3.131426744186047,1.367,radius relation,0.12,271.5220750552471,0.91,294.3845626795462,0.03984,catalog,1072872012.0636324,61227238.187764786,Selsis,-0.28787687919581906,-0.6846545890001359,log,0.2613156300703036,0.1989371644602903,6.913162350976429e+20,6.913162350976429e+20
3.131426744186047,1.367,radius relation,0.12,271.5220750552471,0.91,410.4480751010973,0.03984,catalog,1253794456.765408,85112672.55868463,Jackson,-0.46736556240416854,-0.6220576465116584,GP,0.08029849595012173,0.583263651351893,5.637301586483583e+21,5.637301586483583e+21
3.131426744186047,1.367,radius relation,0.12,271.5220750552471,0.91,103.19563076150423,0.03984,catalog,7431086180.548855,3522400.0701899086,Selsis,-0.39647281015340236,-0.6820435693097596,log,0.3200272282477043,0.39948029091178416,7.060792657754421e+20,7.060792657754421e+20
3.131426744186047,1.367,radius relation,0.12,271.5220750552471,0.91,294.3845626795462,0.03984,catalog,1198917591.6195126,8303083.650758758,Selsis,-0.30333894913373793,-0.6408031773096992,GP,0.09579583705741146,0.41657367600027484,1.4748143533148686e+21,1.4748143533148686e+21
3.131426744186047,1.367,radius relation,0.12,271.5220750552471,0.91,46.3006342669245,0.03984,catalog,8335947289.686919,55857722.06741013,Jackson,-0.3129943260121828,-0.6334586177346833,GP,0.06888718730838471,0.9229725943313783,1.1694767580704674e+22,1.1694767580704674e+22
3.131426744186047,1.367,radius relation,0.12,271.5220750552471,0.91,361.9522017613618,0.03984,catalog,1389282707.0718393,40566302.04613111,Jackson,-0.4068962247507923,-0.6407040867333966,GP,0.1099365457110961,0.9039965843337742,7.341044821799986e+21,7.341044821799986e+21
3.131426744186047,1.367,radius relation,0.12,271.5220750552471,0.91,376.6827299435074,0.03984,catalog,1344693654.2714076,21992524.431436043,Jackson,-0.33616512697523765,-0.7882516400571182,linear,0.05233006787120796,0.2713004480027249,9.811253767090928e+21,9.811253767090928e+21
3.131426744186047,1.367,radius relation,0.12,271.5220750552471,0.91,294.384562679546,0.03984,catalog,2833979818.562436,35924361.42270569,Selsis,-0.4904860885728671,-0.6668930802942731,linear,0.2207528314973699,0.6234150083872464,7.9789602318152e+19,7.9789602318152e+19
3.131426744186047,1.367,radius relation,0.12,271.5220750552471,0.91,149.2624388367974,0.03984,catalog,5663301160.780761,65294578.071503066,Selsis,-0.3335613142862485,-0.620639861400655,log,0.058448502752434496,0.8660025015837528,2.448496658148209e+20,2.448496658148209e+20
3.131426744186047,1.367,radius relation,0.12,271.5220750552471,0.91,214.1680696939793,0.03984,catalog,4367986696.299903,85461281.01719865,Selsis,-0.3403690874989658,-0.612776282859081,linear,0.07023401725875202,0.9599443016693696,8.761506884489752e+19,8.761506884489752e+19
3.131426744186047,1.367,radius relation,0.12,271.5220750552471,0.91,46.173670657902754,0.03984,catalog,8357478182.310653,18972559.655185107,Jackson,-0.37176651595827376,-0.6465831398872356,log,0.3107305743649254,0.7439788191129597,9.378658950163718e+21,9.378658950163718e+21
3.131426744186047,1.367,radius relation,0.12,271.5220750552471,0.91,190.9884334085001,0.03984,catalog,4740271915.442167,29939401.891449347,Selsis,-0.4748529674705714,-0.737974943526063,GP,0.16016393776170781,0.0992781548962881,1.0509916693033527e+20,1.0509916693033527e+20
3.131426744186047,1.367,radius relation,0.12,271.5220750552471,0.91,92.11618098701788,0.03984,catalog,4449418405.571291,14863414.616967117,Jackson,-0.43483364883193554,-0.6283099884923589,linear,0.19583809593549695,0.6800882451587095,8.326362172692171e+21,8.326362172692171e+21
3.131426744186047,1.367,radius relation,0.12,271.5220750552471,0.91,202.52292789812134,0.03984,catalog,4545580914.15954,99665003.01956674,Selsis,-0.46222002499190623,-0.7948866321456898,GP,0.09555373966953366,0.4913948413598126,1451295136359465.8,1451295136359465.8
3.131426744186047,1.367,radius relation,0.12,271.5220750552471,0.91,136.20579291288115,0.03984,catalog,3158402649.557792,2971095.2436250327,Jackson,-0.487033227620636,-0.6458179017306102,GP,0.46904580300454685,0.288863050210293,7.504849737509877e+21,7.504849737509877e+21
3.131426744186047,1.367,radius relation,0.12,271.5220750552471,0.91,83.3591707021573,0.03984,catalog,4863863358.719782,16615113.238171484,Jackson,-0.30217874275931444,-0.7029014123719952,log,0.48530147500577037,0.8915544638579681,1.4770482090171248e+22,1.4770482090171248e+22
3.131426744186047,1.367,radius relation,0.12,271.5220750552471,0.91,65.04973286055618,0.03984,catalog,10543815693.271614,39094075.74755719,Selsis,-0.4600447530365345,-0.6240033093935693,linear,0.1160348860762345,0.6385750655651127,1.2736905533683252e+20,1.2736905533683252e+20
3.131426744186047,1.367,radius relation,0.12,271.5220750552471,0.91,65.54556728421498,0.03984,catalog,10482224328.520823,20693811.05206567,Selsis,-0.45453409988487886,-0.6996493625894199,GP,0.30682043181314855,0.9130336985171861,2.2702359358424927e+20,2.2702359358424927e+20
3.131426744186047,1.367,radius relation,0.12,271.5220750552471,0.91,330.74639713461806,0.03984,catalog,1495933976.373539,68338950.11772776,Jackson,-0.3458307605739719,-0.7154425674175229,GP,0.31709408251570126,0.06720740778709144,7.752431726648777e+21,7.752431726648777e+21
3.131426744186047,1.367,radius relation,0.12,271.5220750552471,0.91,113.75516055009102,0.03984,catalog,3694147906.02215,3263539.666051671,Jackson,-0.42914832907416695,-0.6310792329256782,GP,0.4099033485632914,0.7840298405729739,9.407126191290493e+21,9.407126191290493e+21
3.131426744186047,1.367,radius relation,0.12,271.5220750552471,0.91,221.29543323275746,0.03984,catalog,4267483066.34513,51968524.009264566,Selsis,-0.41091538102963043,-0.7341368535444452,log,0.3636369695222867,0.5864719544948843,6.438599145148529e+18,6.438599145148529e+18
3.131426744186047,1.367,radius relation,0.12,271.5220750552471,0.91,161.8839149196335,0.03984,catalog,5339466571.146128,20468871.58011529,Selsis,-0.4875550052005642,-0.7024471698146467,log,0.13753030546332096,0.301417068040545,1.9716119972091704e+20,1.9716119972091704e+20
3.131426744186047,1.367,radius relation,0.12,271.5220750552471,0.91,170.2340697462846,0.03984,catalog,2607986901.2564726,63563973.73786186,Jackson,-0.29611356483409984,-0.6312651419224359,GP,0.11479933226307391,0.8766878850903144,1.3471508592266224e+22,1.3471508592266224e+22
3.131426744186047,1.367,radius relation,0.12,271.5220750552471,0.91,33.42536480951395,0.03984,catalog,11374250879.526688,12608692.031072691,Jackson,-0.28078478865627543,-0.7974104992319334,GP,0.4305207815249742,0.7971351413262898,1.8572510497778421e+22,1.8572510497778421e+22
3.131426744186047,1.367,radius relation,0.12,271.5220750552471,0.91,292.88179342361065,0.03984,catalog,3346478219.725756,20549958.439817928,Selsis,-0.41897542892479167,-0.7300112809122206,linear,0.12794502471013128,0.5683718020167696,2.5008910254710987e+20,2.5008910254710987e+20
3.131426744186047,1.367,radius relation,0.12,271.5220750552471,0.91,177.96992703135194,0.03984,catalog,2511130782.711499,83170477.7699628,Jackson,-0.45256300563905527,-0.6334433592692639,linear,0.16562244487727606,0.9718551213164587,5.646719382717913e+21,5.646719382717913e+21
3.131426744186047,1.367,radius relation,0.12,271.5220750552471,0.91,131.02535137514187,0.03984,catalog,6228711519.430354,90104523.3423324,Selsis,-0.3447301464276506,-0.6240903237455254,linear,0.06238518032011608,0.7981390793758613,9.367777828216513e+18,9.367777828216513e+18
3.131426744186047,1.367,radius relation,0.12,271.5220750552471,0.91,90.03454829634202,0.03984,catalog,4540758395.744601,36773064.00475865,Jackson,-0.3332976736865471,-0.7679827333467821,log,0.09840724002213504,0.4673528522784851,9.895086044906684e+21,9.895086044906684e+21
3.131426744186047,1.367,radius relation,0.12,271.5220750552471,0.91,90.61133914746152,0.03984,catalog,8191105125.424693,59170792.2982678,Selsis,-0.46620274933500294,-0.7110817470504868,log,0.07276206498472133,0.05461587932353573,2654534404775739.0,2654534404775739.0
3.131426744186047,1.367,radius relation,0.12,271.5220750552471,0.91,294.384562679546,0.03984,catalog,1385784000.4211516,67863232.25011678,Selsis,-0.39288070717227813,-0.7312363987796427,linear,0.06044064673145845,0.6087575173004718,430213265203956.9,430213265203956.9
3.131426744186047,1.367,radius relation,0.12,271.5220750552471,0.91,294.3845626795462,0.03984,catalog,963744456.176898,76325540.53857729,Selsis,-0.45699014662172144,-0.6048227310021418,linear,0.11741886013034099,0.4334324074692657,289683111853785.5,289683111853785.5
3.131426744186047,1.367,radius relation,0.12,271.5220750552471,0.91,40.17284177639311,0.03984,catalog,9533348245.646544,54036933.17555584,Jackson,-0.44857888758711817,-0.6871423561605693,linear,0.16384190532189258,0.57928227050862,5.957217894588334e+21,5.957217894588334e+21
3.131426744186047,1.367,radius relation,0.12,271.5220750552471,0.91,293.9974504605898,0.03984,catalog,3181039878.3817196,58284056.47726388,Selsis,-0.3913683767421059,-0.7201267244946418,GP,0.3007972519691658,0.04721106873402614,4.710475029645311e+18,4.710475029645311e+18
3.131426744186047,1.367,radius relation,0.12,271.5220750552471,0.91,196.21826877858885,0.03984,catalog,2311636473.6843505,78575453.45605974,Jackson,-0.4120803539625615,-0.6255581446540567,linear,0.2026288249793753,0.8236225641810986,6.337106383758767e+21,6.337106383758767e+21
3.131426744186047,1.367,radius relation,0.12,271.5220750552471,0.91,68.86288342959732,0.03984,catalog,5777943911.436873,55095449.53190283,Jackson,-0.39549731004985067,-0.6583459464244601,log,0.33375806467168556,0.8051522768261804,6.939152252818989e+21,6.939152252818989e+21
3.131426744186047,1.367,radius relation,0.12,271.5220750552471,0.91,51.5218625290784,0.03984,catalog,12644571164.798363,54247805.42727847,Selsis,-0.4154537507949563,-0.6574600659533625,GP,0.08546123182061398,0.7548949929323829,1.9962233382789812e+19,1.9962233382789812e+19
3.131426744186047,1.367,radius relation,0.12,271.5220750552471,0.91,27.94680712483946,0.03984,catalog,13550155931.95707,29017854.208970625,Jackson,-0.4839168802088035,-0.6776284463971348,log,0.31191602915605454,0.780069638487425,6.62337705711053e+21,6.62337705711053e+21
3.131426744186047,1.367,radius relation,0.12,271.5220750552471,0.91,68.73915053665297,0.03984,catalog,10105280754.648304,83982521.67564705,Selsis,-0.48323591821529766,-0.7166011394635913,GP,0.056310740797618004,0.18156095424070784,3271285754433386.0,3271285754433386.0
3.131426744186047,1.367,radius relation,0.12,271.5220750552471,0.91,291.4721568612318,0.03984,catalog,1660321782.5343895,44740953.686565794,Jackson,-0.44236891427001107,-0.7802841943589107,linear,0.09465773703078399,0.5118848138333977,6.072440475135878e+21,6.072440475135878e+21
3.131426744186047,1.367,radius relation,0.12,271.5220750552471,0.91,52.41777748502406,0.03984,catalog,7423578758.952227,55718591.61534419,Jackson,-0.3849592367834652,-0.6731878870179759,linear,0.13890092711712143,0.7576933033313548,7.07434586941303e+21,7.07434586941303e+21
3.131426744186047,1.367,radius relation,0.12,271.5220750552471,0.91,294.384562679546,0.03984,catalog,1336829009.6833885,63610237.09397697,Selsis,-0.4531518926830248,-0.7170681015379977,linear,0.4530453945862242,0.6232045450970778,415621043922709.75,415621043922709.75
3.131426744186047,1.367,radius relation,0.12,271.5220750552471,0.91,294.3845626795462,0.03984,catalog,2897565321.3058286,54526083.87246134,Selsis,-0.36238560615211807,-0.7094906690805383,log,0.061615902303551864,0.5175329902849533,9.811783759358525e+19,9.811783759358525e+19
3.131426744186047,1.367,radius relation,0.12,271.5220750552471,0.91,264.937078927602,0.03984,catalog,1797130097.8256242,44796648.935009696,Jackson,-0.332415037275667,-0.6152065418452861,log,0.09152819072469555,0.355055576630916,1.064181035018905e+22,1.064181035018905e+22
3.131426744186047,1.367,radius relation,0.12,271.5220750552471,0.91,294.384562679546,0.03984,catalog,2793610227.146532,49068152.365048476,Selsis,-0.30370796206425527,-0.6557895734695209,log,0.07102212963799208,0.6623664335404809,6.247615814278789e+20,6.247615814278789e+20
3.131426744186047,1.367,radius relation,0.12,271.5220750552471,0.91,294.384562679546,0.03984,catalog,2023947271.100409,10894359.96176781,Selsis,-0.2923855373918111,-0.6436596234566809,GP,0.13312574384917483,0.039249779970647714,1.439785542828224e+21,1.439785542828224e+21
3.131426744186047,1.367,radius relation,0.12,271.5220750552471,0.91,49.19349446648494,0.03984,catalog,7875877762.115167,82405635.41125509,Jackson,-0.41975362360783514,-0.6479607494076828,linear,0.10662269994532586,0.028180825416336153,5.781391146455416e+21,5.781391146455416e+21
3.131426744186047,1.367,radius relation,0.12,271.5220750552471,0.91,32.699879744447614,0.03984,catalog,11618944348.217735,9006626.343204254,Jackson,-0.29253216251321257,-0.7134948453297875,log,0.06181140908038272,0.4360855839946425,1.5500610579928151e+22,1.5500610579928151e+22
3.131426744186047,1.367,radius relation,0.12,271.5220750552471,0.91,294.3845626795459,0.03984,catalog,1995562087.9804745,98716798.85034946,Selsis,-0.3074277705224142,-0.6882128822789463,log,0.15143096523355168,0.5483799160632242,1.1110228019918612e+20,1.1110228019918612e+20
3.131426744186047,1.367,radius relation,0.12,271.5220750552471,0.91,294.3845626795462,0.03984,catalog,1913489893.390923,97011372.2716825,Selsis,-0.43054934803478667,-0.6912851080739804,GP,0.15293772437650863,0.32428012564961073,592959132761876.8,592959132761876.8
3.131426744186047,1.367,radius relation,0.12,271.5220750552471,0.91,294.384562679546,0.03984,catalog,1909901303.1527073,88351093.02080624,Selsis,-0.4186117956507602,-0.7518374688862555,linear,0.21339759569695624,0.6822002972666326,594614701095672.6,594614701095672.6
3.131426744186047,1.367,radius relation,0.12,271.5220750552471,0.91,208.1810832100218,0.03984,catalog,4457095220.560194,8586508.396222973,Selsis,-0.46305849473794625,-0.6734586466353591,linear,0.34670179580950367,0.9292084472418299,4.139193269084562e+20,4.139193269084562e+20
3.131426744186047,1.367,radius relation,0.12,271.5220750552471,0.91,97.34052340335084,0.03984,catalog,7762440692.248089,3566318.6261941968,Selsis,-0.30880652661843994,-0.7250720320491263,log,0.4702298965031136,0.12790377364700645,1.235491851269435e+21,1.235491851269435e+21
3.131426744186047,1.367,radius relation,0.12,271.5220750552471,0.91,67.72835219296091,0.03984,catalog,5865837473.216889,62116963.80408913,Jackson,-0.38351576859898123,-0.7891543363179526,linear,0.06350989983160157,0.47437311717197095,6.603244531726612e+21,6.603244531726612e+21
3.131426744186047,1.367,radius relation,0.12,271.5220750552471,0.91,291.9877572168868,0.03984,catalog,3485753569.179328,17376187.77931008,Selsis,-0.45471486161092417,-0.6059709429998438,GP,0.10898984333869638,0.9426639030161496,4.117796623692419e+20,4.117796623692419e+20
3.131426744186047,1.367,radius relation,0.12,271.5220750552471,0.91,70.74907280875279,0.03984,catalog,9884216446.799505,94119298.98349303,Selsis,-0.3219369656582405,-0.7167740915986959,GP,0.4691341866045456,0.9550203529714246,1.5020556273944269e+19,1.5020556273944269e+19
3.131426744186047,1.367,radius relation,0.12,271.5220750552471,0.91,101.31609193399584,0.03984,catalog,4089828266.079979,66063459.26613885,Jackson,-0.31291437028771246,-0.7300212868391602,log,0.1847372305019568,0.49068788035026356,1.0553661336654256e+22,1.0553661336654256e+22
3.131426744186047,1.367,radius relation,0.12,271.5220750552471,0.91,65.59048361293085,0.03984,catalog,6039681516.841199,86047764.10475495,Jackson,-0.35927247572005866,-0.6745293580698788,log,0.12470242292823601,0.7704867760931912,7.152330781016745e+21,7.152330781016745e+21
3.131426744186047,1.367,radius relation,0.12,271.5220750552471,0.91,110.9901650884782,0.03984,catalog,3774632352.210658,99420839.11932419,Jackson,-0.4132348152658624,-0.7092844613570187,GP,0.13609891648830502,0.1921592205855025,5.300641220712731e+21,5.300641220712731e+21
3.131426744186047,1.367,radius relation,0.12,271.5220750552471,0.91,79.74366848248935,0.03984,catalog,5061077287.996303,93892582.81296854,Jackson,-0.4515921411095724,-0.6045306179377351,log,0.3480466897040511,0.8048259461906161,5.855564203624678e+21,5.855564203624678e+21
3.131426744186047,1.367,radius relation,0.12,271.5220750552471,0.91,294.384562679546,0.03984,catalog,3030553156.540358,11412215.463448582,Selsis,-0.331399065318751,-0.7899849543154573,GP,0.36535698236469333,0.9755517569040522,7.928859614953098e+20,7.928859614953098e+20
3.131426744186047,1.367,radius relation,0.12,271.5220750552471,0.91,294.3845626795462,0.03984,catalog,1246365240.5585322,98270627.89954616,Selsis,-0.33049192260660226,-0.6366755493054693,GP,0.0986449099043143,0.33184822448427076,8.673973280251208e+18,8.673973280251208e+18
3.131426744186047,1.367,radius relation,0.12,271.5220750552471,0.91,224.19547886142746,0.03984,catalog,4228208675.5023212,7956598.194777392,Selsis,-0.38761894356778875,-0.7957703780574572,GP,0.10181427177585789,0.23487161941240164,5.2191899376262054e+20,5.2191899376262054e+20
3.131426744186047,1.367,radius relation,0.12,271.5220750552471,0.91,294.384562679546,0.03984,catalog,2522387696.9601083,78064321.90076827,Selsis,-0.33659836954014777,-0.7634240488106973,linear,0.2504877254439538,0.1177917055886083,2.620845535397126e+19,2.620845535397126e+19
3.131426744186047,1.367,radius relation,0.12,271.5220750552471,0.91,98.66490948231139,0.03984,catalog,4186722797.5852604,75184246.18767776,Jackson,-0.456045574014531,-0.765199144419029,log,0.05841211456435004,0.44728360650397314,5.196732403693455e+21,5.196732403693455e+21
3.131426744186047,1.367,radius relation,0.12,271.5220750552471,0.91,198.02570137899502,0.03984,catalog,4619096926.08185,22082716.237693075,Selsis,-0.38349462105808,-0.7318709907120532,log,0.3506990695585719,0.32641757023414575,3.1572872973838746e+20,3.1572872973838746e+20
3.131426744186047,1.367,radius relation,0.12,271.5220750552471,0.91,125.3134520201351,0.03984,catalog,3395114856.5666814,38844956.99215318,Jackson,-0.42846563960226935,-0.624870856874951,linear,0.050803537828819745,0.4988732179393882,7.248723789043033e+21,7.248723789043033e+21
3.131426744186047,1.367,radius relation,0.12,271.5220750552471,0.91,269.56132304780243,0.03984,catalog,1771466733.5790818,63432270.3462357,Jackson,-0.2818430222754763,-0.7512280162869611,linear,0.14454572663436072,0.5179376036958718,1.4854537847884376e+22,1.4854537847884376e+22
3.131426744186047,1.367,radius relation,0.12,271.5220750552471,0.91,121.67626463516518,0.03984,catalog,6577063124.484972,50265003.76588022,Selsis,-0.4066468995647935,-0.696993214652996,linear,0.3100983328905174,0.8629968287916115,3.094559409261098e+19,3.094559409261098e+19
3.131426744186047,1.367,radius relation,0.12,271.5220750552471,0.91,294.384562679546,0.03984,catalog,1976659948.7247128,70683118.01938938,Selsis,-0.4547653816742897,-0.7043060505831181,linear,0.41043075275463775,0.8825851791329545,622174364001230.5,622174364001230.5
3.131426744186047,1.367,radius relation,0.12,271.5220750552471,0.91,250.82210630557907,0.03984,catalog,1880968353.4094687,13974692.771994492,Jackson,-0.4568518675203577,-0.7527219407435868,linear,0.21181224278521718,0.4379074184105065,7.166216883027388e+21,7.166216883027388e+21
3.131426744186047,1.367,radius relation,0.12,271.5220750552471,0.91,294.384562679546,0.03984,catalog,2539688839.624216,41302830.6287871,Selsis,-0.28096610599844285,-0.7073388373761519,linear,0.16972219402907446,0.7588799811108706,1.0732683948331219e+21,1.0732683948331219e+21
3.131426744186047,1.367,radius relation,0.12,271.5220750552471,0.91,437.75116607950656,0.03984,catalog,1189878610.82121,72012554.91300945,Jackson,-0.28017107869317665,-0.6312166687751768,linear,0.24901605740547444,0.5583819297682354,1.5715479367540546e+22,1.5715479367540546e+22
3.131426744186047,1.367,radius relation,0.12,271.5220750552471,0.91,155.13220360598459,0.03984,catalog,2823624028.401281,1795461.5359121389,Jackson,-0.3240707251530309,-0.6603239253474711,linear,0.3476028899870884,0.726200502995289,1.3702235972309248e+22,1.3702235972309248e+22
3.131426744186047,1.367,radius relation,0.12,271.5220750552471,0.91,148.55133454606892,0.03984,catalog,5683005983.524389,65380996.3070325,Selsis,-0.3942852313761636,-0.721750529752799,log,0.05151543900327618,0.700474974906914,1833780032009083.5,1833780032009083.5
3.131426744186047,1.367,radius relation,0.12,271.5220750552471,0.91,130.39171341202373,0.03984,catalog,6250897380.755998,54545675.32425,Selsis,-0.35352309371831675,-0.7461352509873765,GP,0.20194805425936088,0.8278289631577144,1.1367635977010035e+20,1.1367635977010035e+20
3.131426744186047,1.367,radius relation,0.12,271.5220750552471,0.91,109.66426246238224,0.03984,catalog,3814626805.1280866,92565042.61161676,Jackson,-0.34557640417223423,-0.6968853525913667,log,0.2923191121592258,0.163352479732506,7.511069682150604e+21,7.511069682150604e+21
3.131426744186047,1.367,radius relation,0.12,271.5220750552471,0.91,294.3845626795462,0.03984,catalog,1904521720.2268715,96253247.17262703,Selsis,-0.47131787590781593,-0.755050557437028,log,0.42112024648081103,0.7958830662559262,590279099431477.8,590279099431477.8
3.131426744186047,1.367,radius relation,0.12,271.5220750552471,0.91,36.06822123972304,0.03984,catalog,10568732497.73941,69215551.36812687,Jackson,-0.4683569981065931,-0.7688619333584584,log,0.1254741896848198,0.22486827320201397,5.241668647764554e+21,5.241668647764554e+21
3.131426744186047,1.367,radius relation,0.12,271.5220750552471,0.91,57.521144486637525,0.03984,catalog,6812034350.505288,54339778.18119494,Jackson,-0.4133130850221655,-0.7913196988269469,log,0.3987531089565348,0.6877254394784422,6.170552646531397e+21,6.170552646531397e+21
3.131426744186047,1.367,radius relation,0.12,271.5220750552471,0.91,1619.5969731200175,0.03984,catalog,250984464.79006776,53528560.59290604,Jackson,-0.4175455350487255,-0.797878562183471,linear,0.21330879224879157,0.959706400864355,2.9797226249473973e+21,2.9797226249473973e+21
3.131426744186047,1.367,radius relation,0.12,271.5220750552471,0.91,95.25051966522214,0.03984,catalog,4319274814.756834,45014986.916987754,Jackson,-0.3970202379999956,-0.6054419823609463,log,0.10773696259143134,0.58471514556755,7.960684565093244e+21,7.960684565093244e+21
3.131426744186047,1.367,radius relation,0.12,271.5220750552471,0.91,73.07005443724421,0.03984,catalog,9642934652.049221,78063480.3219658,Selsis,-0.43339620193514616,-0.727738521851338,GP,0.48126687428120063,0.8855601610096345,3122292748868769.5,3122292748868769.5
3.131426744186047,1.367,radius relation,0.12,271.5220750552471,0.91,44.112468988659806,0.03984,catalog,8724644516.463593,34096387.67122177,Jackson,-0.36404340836002225,-0.7925542560923453,linear,0.057226241883844585,0.8107711626937433,8.236439694698969e+21,8.236439694698969e+21
3.131426744186047,1.367,radius relation,0.12,271.5220750552471,0.91,292.4190943930738,0.03984,catalog,3417793619.934825,24974332.067396436,Selsis,-0.33390989228133494,-0.6837466868240247,linear,0.3704507726031089,0.7011958800734,5.6997639773844144e+20,5.6997639773844144e+20
3.131426744186047,1.367,radius relation,0.12,271.5220750552471,0.91,224.44300438392028,0.03984,catalog,4224898049.128596,44707385.22706298,Selsis,-0.30830140904694764,-0.7059959775848036,log,0.16878354734537,0.07471066195872189,5.489017179140711e+20,5.489017179140711e+20
3.131426744186047,1.367,radius relation,0.12,271.5220750552471,0.91,93.58436807869589,0.03984,catalog,4387393064.941499,33926641.21134931,Jackson,-0.4099361206180219,-0.6851065825167566,GP,0.19216580039014933,0.024125709129991457,6.490475997355662e+21,6.490475997355662e+21
3.131426744186047,1.367,radius relation,0.12,271.5220750552471,0.91,159.5553350657054,0.03984,catalog,5395761709.3747,81609152.0727723,Selsis,-0.43575222687992127,-0.691671774165301,GP,0.33986417677804115,0.9064990930572322,1734716516108594.2,1734716516108594.2
3.131426744186047,1.367,radius relation,0.12,271.5220750552471,0.91,76.78667620581774,0.03984,catalog,9284647438.786331,28244261.534786295,Selsis,-0.4669985194020075,-0.7799952565669,GP,0.42273287155341,0.6972778331010185,1.1344518361424088e+20,1.1344518361424088e+20
3.131426744186047,1.367,radius relation,0.12,271.5220750552471,0.91,285.4689795457795,0.03984,catalog,3565789570.7681427,40802723.35618766,Selsis,-0.3767513134668518,-0.6502970730657908,linear,0.39303546756602076,0.5474354608897075,2.1064017603568534e+20,2.1064017603568534e+20
3.131426744186047,1.367,radius relation,0.12,271.5220750552471,0.91,581.2855981571263,0.03984,catalog,946705056.4684153,27742372.18014976,Jackson,-0.49159850022670953,-0.7247435009940091,log,0.14637651155196552,0.002775242194252292,5.704793919647796e+21,5.704793919647796e+21
3.131426744186047,1.367,radius relation,0.12,271.5220750552471,0.91,160.8663566641499,0.03984,catalog,5363887801.33667,54288283.27423303,Selsis,-0.31136051499014045,-0.6007740285263227,GP,0.2576563151522548,0.12422188810051193,6.211025865995872e+20,6.211025865995872e+20
3.131426744186047,1.367,radius relation,0.12,271.5220750552471,0.91,41.11896417865996,0.03984,catalog,9324696034.981707,31305586.07866862,Jackson,-0.3950692595050773,-0.6818136066248948,linear,0.28268934464607376,0.6898065214188946,7.638254465256962e+21,7.638254465256962e+21
3.131426744186047,1.367,radius relation,0.12,271.5220750552471,0.91,51.0959719197152,0.03984,catalog,7602030855.855611,63041598.8703654,Jackson,-0.36597988182907265,-0.7019377595794472,GP,0.11099267215582169,0.2346575364536766,7.323306678254922e+21,7.323306678254922e+21
3.131426744186047,1.367,radius relation,0.12,271.5220750552471,0.91,294.3845626795462,0.03984,catalog,926514615.1887769,80822228.55329606,Selsis,-0.411991677210938,-0.7277204342655916,log,0.10055453599369875,0.3565089876483255,276062182036546.56,276062182036546.56
3.131426744186047,1.367,radius relation,0.12,271.5220750552471,0.91,96.39277862761207,0.03984,catalog,7819510084.300105,75220730.79821636,Selsis,-0.49919426430018776,-0.6922523304859474,linear,0.3315012670669785,0.8292896893731324,2527994163168020.0,2527994163168020.0
3.131426744186047,1.367,radius relation,0.12,271.5220750552471,0.91,254.31544511536887,0.03984,catalog,1859402007.1103265,30857425.400240697,Jackson,-0.32645512093560114,-0.705357527782628,GP,0.1717071128627226,0.32451843367193745,1.0586486659771647e+22,1.0586486659771647e+22
3.131426744186047,1.367,radius relation,0.12,271.5220750552471,0.91,34.43711896624249,0.03984,catalog,11050795928.318924,56982879.39845146,Jackson,-0.3957662377899413,-0.6948540489242148,linear,0.08356843517870978,0.5176228299657383,6.641991990810047e+21,6.641991990810047e+21
3.131426744186047,1.367,radius relation,0.12,271.5220750552471,0.91,143.76910339481105,0.03984,catalog,5820045820.753109,38884186.89465328,Selsis,-0.41055141469312373,-0.6059363216713033,GP,0.37971380048794884,0.07058787815917933,2.247502832547082e+20,2.247502832547082e+20
3.131426744186047,1.367,radius relation,0.12,271.5220750552471,0.91,294.384562679546,0.03984,catalog,1618667084.4036877,65369424.393518716,Selsis,-0.33302285270857446,-0.7189126496631812,log,0.1561953504145474,0.4958420448648907,1.4663842978173759e+20,1.4663842978173759e+20
3.131426744186047,1.367,radius relation,0.12,271.5220750552471,0.91,365.59422268357804,0.03984,catalog,1377946532.388762,87282273.3201744,Jackson,-0.42355723539226897,-0.7438146482219642,linear,0.37249723362038506,0.7165421553672013,5.307598556410573e+21,5.307598556410573e+21
3.131426744186047,1.367,radius relation,0.12,271.5220750552471,0.91,176.50096960277935,0.03984,catalog,2528898359.6191816,84185629.79455522,Jackson,-0.3575513314319116,-0.7149362168251686,log,0.07305643467341057,0.2289587611971421,7.081616191671694e+21,7.081616191671694e+21
3.131426744186047,1.367,radius relation,0.12,271.5220750552471,0.91,225.507144540469,0.03984,catalog,2056037893.5495386,88835463.46247494,Jackson,-0.3403495131939046,-0.7895743391316662,linear,0.3890011948009728,0.5796686413235713,7.674250716338434e+21,7.674250716338434e+21
3.131426744186047,1.367,radius relation,0.12,271.5220750552471,0.91,1150.8500223713306,0.03984,catalog,552080150.5395705,40864529.503567606,Jackson,-0.2838587678908273,-0.7087460402221828,log,0.12694988003947738,0.5877699806804805,1.106244283188539e+22,1.106244283188539e+22
3.131426744186047,1.367,radius relation,0.12,271.5220750552471,0.91,93.95523639389317,0.03984,catalog,7971096030.940711,81319976.88750187,Selsis,-0.33095464462739566,-0.6158508052573366,GP,0.09806745275372547,0.8156116917003825,1.4343590692518335e+20,1.4343590692518335e+20
3.131426744186047,1.367,radius relation,0.12,271.5220750552471,0.91,294.3845626795462,0.03984,catalog,1390627308.245469,38287953.98924528,Selsis,-0.4948100346278639,-0.7597902465466863,log,0.11694006078285081,0.36115988690904277,2.744926425291685e+19,2.744926425291685e+19
3.131426744186047,1.367,radius relation,0.12,271.5220750552471,0.91,31.892958783111915,0.03984,catalog,11904666492.12622,11057951.634385692,Jackson,-0.3625002279694681,-0.7821562606350161,linear,0.20032815723485026,0.8944995110000061,9.801875877389012e+21,9.801875877389012e+21
3.131426744186047,1.367,radius relation,0.12,271.5220750552471,0.91,294.3845626795462,0.03984,catalog,2553919273.910729,59286604.238729864,Selsis,-0.36442690604909084,-0.7968023300780627,GP,0.09985814157987034,0.47026554254045694,4.268815915523083e+19,4.268815915523083e+19
3.131426744186047,1.367,radius relation,0.12,271.5220750552471,0.91,212.08163128622837,0.03984,catalog,4398535282.793007,60051266.72753116,Selsis,-0.4728641744502359,-0.6711611671795515,GP,0.2200961184210718,0.03257617149107073,1416225785087925.0,1416225785087925.0
3.131426744186047,1.367,radius relation,0.12,271.5220750552471,0.91,77.70745711009191,0.03984,catalog,5180113499.195442,76330061.28202356,Jackson,-0.3349479445373188,-0.6469816137410626,linear,0.1595984708624066,0.0770894554968895,8.609180547511125e+21,8.609180547511125e+21
3.131426744186047,1.367,radius relation,0.12,271.5220750552471,0.91,294.384562679546,0.03984,catalog,2672428743.319676,84206224.75692013,Selsis,-0.4175363527626588,-0.6657335163699595,GP,0.2261899384832452,0.9109721703378537,844882095856606.1,844882095856606.1
3.131426744186047,1.367,radius relation,0.12,271.5220750552471,0.91,265.1898587482126,0.03984,catalog,3755111548.2262287,89629493.77166504,Selsis,-0.3627742617065495,-0.6718447208373155,linear,0.1087073573173947,0.07750008387562501,1196535513574027.8,1196535513574027.8
3.131426744186047,1.367,radius relation,0.12,271.5220750552471,0.91,131.6699490643445,0.03984,catalog,6206339079.793512,70511314.89428309,Selsis,-0.44093698607979276,-0.6366338860289893,linear,0.09084225113379576,0.7937772210665015,2002938690411336.2,2002938690411336.2
3.131426744186047,1.367,radius relation,0.12,271.5220750552471,0.91,294.3845626795462,0.03984,catalog,1129250452.5850413,63043057.15479722,Selsis,-0.461033935504904,-0.6293124951916809,linear,0.23596340548230754,0.9864648068752386,348045630701468.56,348045630701468.56
3.131426744186047,1.367,radius relation,0.12,271.5220750552471,0.91,138.85393151247405,0.03984,catalog,3106279534.034453,2542282.2545938077,Jackson,-0.4128812485955169,-0.7327624989245821,linear,0.16914565121497213,0.8366662094197804,9.11792485745958e+21,9.11792485745958e+21
3.131426744186047,1.367,radius relation,0.12,271.5220750552471,0.91,132.1368303343112,0.03984,catalog,6190257372.53232,12242728.614216382,Selsis,-0.4545917792564071,-0.6840787554040826,log,0.06940137363610294,0.4056307746350212,3.521274582489112e+20,3.521274582489112e+20
3.131426744186047,1.367,radius relation,0.12,271.5220750552471,0.91,152.79384137644624,0.03984,catalog,2860661896.4100933,14863048.597505562,Jackson,-0.2829117269848519,-0.6683902895455321,log,0.22480004138973644,0.23272766113313148,1.5764778860498444e+22,1.5764778860498444e+22
3.131426744186047,1.367,radius relation,0.12,271.5220750552471,0.91,446.68120194861245,0.03984,catalog,1170552650.5856237,26657250.828685787,Jackson,-0.34008827530106556,-0.7317118834708775,GP,0.0945913215336291,0.1609465523735648,9.150055191261274e+21,9.150055191261274e+21
3.131426744186047,1.367,radius relation,0.12,271.5220750552471,0.91,248.5895289900514,0.03984,catalog,1895050812.876845,89430888.19983062,Jackson,-0.49174306022710385,-0.6727408760533126,linear,0.1157131737578527,0.3674993919241657,4.973458621077316e+21,4.973458621077316e+21
3.131426744186047,1.367,radius relation,0.12,271.5220750552471,0.91,76.08425792070182,0.03984,catalog,5279513735.443242,72880308.07771304,Jackson,-0.41541173844420404,-0.668115028058662,GP,0.3582116904464175,0.49037473950751265,6.002054684372367e+21,6.002054684372367e+21
3.131426744186047,1.367,radius relation,0.12,271.5220750552471,0.91,68.29214211333057,0.03984,catalog,10156077753.302927,63691273.802170195,Selsis,-0.2991668631323392,-0.799968056268894,log,0.07966564058324759,0.474967586081967,4.290643514416875e+20,4.290643514416875e+20
3.131426744186047,1.367,radius relation,0.12,271.5220750552471,0.91,207.82282499179615,0.03984,catalog,2202184765.065348,13317120.030572195,Jackson,-0.3689416592594062,-0.7830140562151356,linear,0.13482122149159864,0.6188817361151032,9.217175454900748e+21,9.217175454900748e+21
3.131426744186047,1.367,radius relation,0.12,271.5220750552471,0.91,101.38117534546163,0.03984,catalog,4087511888.3584685,65855683.28310893,Jackson,-0.39333345066989966,-0.6530313097329287,linear,0.06093055229760751,0.7917472765242399,6.73338299994788e+21,6.73338299994788e+21
3.131426744186047,1.367,radius relation,0.12,271.5220750552471,0.91,199.7579753859609,0.03984,catalog,2276969322.852059,73284662.70407367,Jackson,-0.38186387183538706,-0.784906474728871,log,0.1410183163429422,0.1661176610106363,6.361164850516353e+21,6.361164850516353e+21
3.131426744186047,1.367,radius relation,0.12,271.5220750552471,0.91,44.97865669088855,0.03984,catalog,8566182143.855524,31487423.908306837,Jackson,-0.4331483790572023,-0.698457587361268,log,0.41684188438954006,0.3313561926302018,6.784690220344616e+21,6.784690220344616e+21
3.131426744186047,1.367,radius relation,0.12,271.5220750552471,0.91,47.22789936069625,0.03984,catalog,8182258921.62538,25128322.68198634,Jackson,-0.41455509422746994,-0.7911013313553508,GP,0.18096258088089415,0.7428728886214605,7.199560158115569e+21,7.199560158115569e+21
3.131426744186047,1.367,radius relation,0.12,271.5220750552471,0.91,156.22928376375887,0.03984,catalog,2806614106.2117114,68964920.33092573,Jackson,-0.45664432808551797,-0.6343463717075987,linear,0.3692274555739197,0.891583371843193,5.920325669717349e+21,5.920325669717349e+21
3.131426744186047,1.367,radius relation,0.12,271.5220750552471,0.91,294.384562679546,0.03984,catalog,1012624523.5329483,12919455.800608482,Selsis,-0.34368728043918195,-0.6890929725850862,GP,0.1741963539371742,0.8390478039575746,7.052526355148884e+20,7.052526355148884e+20
3.131426744186047,1.367,radius relation,0.12,271.5220750552471,0.91,91.73564436097345,0.03984,catalog,4465812214.73834,58580374.425630756,Jackson,-0.4479793287238421,-0.7592478586470551,linear,0.057221387448346595,0.9689801588999751,5.653523985305812e+21,5.653523985305812e+21
3.131426744186047,1.367,radius relation,0.12,271.5220750552471,0.91,87.78664531138868,0.03984,catalog,4644167092.834632,97559221.12462716,Jackson,-0.4065457408520537,-0.627472296983864,GP,0.1597456175268919,0.7978978119890906,6.007953946041208e+21,6.007953946041208e+21
3.131426744186047,1.367,radius relation,0.12,271.5220750552471,0.91,221.29102319522605,0.03984,catalog,4267543481.951882,3441870.087752887,Selsis,-0.29611376700136377,-0.7760142509333999,log,0.08543071380535344,0.9721630988329856,1.7285529972376577e+21,1.7285529972376577e+21
3.131426744186047,1.367,radius relation,0.12,271.5220750552471,0.91,294.3845626795462,0.03984,catalog,2721990173.06111,19061418.26235498,Selsis,-0.4107094436359294,-0.6184975810423928,GP,0.13539001185064928,0.9356696680669029,4.254515160331606e+20,4.254515160331606e+20
3.131426744186047,1.367,radius relation,0.12,271.5220750552471,0.91,715.9511104162877,0.03984,catalog,801842103.5033255,53485914.3683076,Jackson,-0.4258439035981804,-0.6055851252904083,linear,0.08633448516546277,0.6550388103329414,7.119575335145548e+21,7.119575335145548e+21
3.131426744186047,1.367,radius relation,0.12,271.5220750552471,0.91,611.2114528931107,0.03984,catalog,909420793.810732,8025073.024000232,Jackson,-0.40700668971160336,-0.6684304118741679,linear,0.06486796259471365,0.7057533355867517,8.901136422957977e+21,8.901136422957977e+21
3.131426744186047,1.367,radius relation,0.12,271.5220750552471,0.91,136.19965740638727,0.03984,catalog,6054505777.222408,71069161.11219345,Selsis,-0.44519575875134476,-0.6323369937472225,GP,0.08141307377514624,0.30854136360004913,1953193140229524.5,1953193140229524.5
3.131426744186047,1.367,radius relation,0.12,271.5220750552471,0.91,107.58344555146667,0.03984,catalog,3879326091.797289,8993225.606303511,Jackson,-0.33884167155839173,-0.6352496571223908,linear,0.12598118372018213,0.8986189026741492,1.2362774084517536e+22,1.2362774084517536e+22
3.131426744186047,1.367,radius relation,0.12,271.5220750552471,0.91,294.384562679546,0.03984,catalog,2485136638.693655,19969402.380902976,Selsis,-0.3506874778863701,-0.7092781477140321,linear,0.3326190237928186,0.6993650396939332,5.08443623454835e+20,5.08443623454835e+20
3.131426744186047,1.367,radius relation,0.12,271.5220750552471,0.91,90.00740744626262,0.03984,catalog,8232428151.408196,55223361.42228422,Selsis,-0.4444122526245291,-0.7755770247605864,log,0.29403847116568904,0.8963216500273142,2669312190764969.5,2669312190764969.5
3.131426744186047,1.367,radius relation,0.12,271.5220750552471,0.91,99.33521838071083,0.03984,catalog,7645570318.848546,81723016.88767998,Selsis,-0.4075450476522058,-0.7833650688003638,linear,0.05440977086370844,0.21152205552906944,2469091863387666.0,2469091863387666.0
3.131426744186047,1.367,radius relation,0.12,271.5220750552471,0.91,58.12401896634797,0.03984,catalog,6746913635.951737,37327349.00856782,Jackson,-0.38298533849487565,-0.7792401807630862,log,0.2991218063822389,0.3688112908201595,7.43429138962097e+21,7.43429138962097e+21
3.131426744186047,1.367,radius relation,0.12,271.5220750552471,0.91,86.61749954547139,0.03984,catalog,4700034468.14973,6581779.9129496245,Jackson,-0.3091625028185975,-0.6973909668510653,GP,0.053666249198750564,0.08456328154140658,1.1471605512299396e+22,1.1471605512299396e+22
3.131426744186047,1.367,radius relation,0.12,271.5220750552471,0.91,206.74139385444184,0.03984,catalog,4479203048.557721,35436762.477386944,Selsis,-0.4262152823050523,-0.7929075630636603,log,0.059546656214627215,0.9323495089170585,8.279351822757326e+19,8.279351822757326e+19
3.131426744186047,1.367,radius relation,0.12,271.5220750552471,0.91,101.16182423982785,0.03984,catalog,4095330418.6880927,8294013.191825248,Jackson,-0.3727889714097483,-0.7039790729614857,log,0.2888684122212839,0.8107632679858782,9.803572515756474e+21,9.803572515756474e+21
3.131426744186047,1.367,radius relation,0.12,271.5220750552471,0.91,294.3845626795462,0.03984,catalog,1668595362.6666503,19647065.52664114,Selsis,-0.2932022058774346,-0.7426351718000563,GP,0.1236491772719755,0.7626296076103615,1.171658795794005e+21,1.171658795794005e+21
3.131426744186047,1.367,radius relation,0.12,271.5220750552471,0.91,159.78262929995392,0.03984,catalog,5390202212.357417,47348301.565371454,Selsis,-0.442569942596274,-0.6256267859553695,GP,0.10481760029404234,0.4374807815717242,7.857020008181871e+19,7.857020008181871e+19
3.131426744186047,1.367,radius relation,0.12,271.5220750552471,0.91,234.99267138280334,0.03984,catalog,4089538772.1933527,88204365.1128606,Selsis,-0.3397702870003914,-0.7818942541833868,GP,0.11868941953231275,0.010776463296805594,1306168915474316.0,1306168915474316.0
3.131426744186047,1.367,radius relation,0.12,271.5220750552471,0.91,251.3748961660004,0.03984,catalog,3899331206.2898884,89462517.15678088,Selsis,-0.35585383112772506,-0.6639838414322828,linear,0.16715770349419679,0.9697099759521155,1243668123558671.5,1243668123558671.5
3.131426744186047,1.367,radius relation,0.12,271.5220750552471,0.91,172.5415980142793,0.03984,catalog,5099194595.810337,70709885.92117544,Selsis,-0.4670719158527804,-0.783760002130262,log,0.20207872107156996,0.38413851842573044,1641465009366056.8,1641465009366056.8
3.131426744186047,1.367,radius relation,0.12,271.5220750552471,0.91,294.3845626795462,0.03984,catalog,2994424907.576907,84390742.25149469,Selsis,-0.2833606904558217,-0.6944439545607847,log,0.23405577136151307,0.24778705699089565,5.338669818088293e+20,5.338669818088293e+20
3.131426744186047,1.367,radius relation,0.12,271.5220750552471,0.91,174.63680681389968,0.03984,catalog,5055042596.451002,53951828.02069643,Selsis,-0.3278846185210111,-0.7331690489466703,log,0.062394687176941,0.8540257333335152,2.5993967868267754e+20,2.5993967868267754e+20
3.131426744186047,1.367,radius relation,0.12,271.5220750552471,0.91,294.3845626795462,0.03984,catalog,2127979494.5226884,95599160.44569533,Selsis,-0.4056963068914154,-0.6901297878100899,linear,0.07301372680776895,0.20578708484259922,663436680547173.0,663436680547173.0
3.131426744186047,1.367,radius relation,0.12,271.5220750552471,0.91,52.700560106705545,0.03984,catalog,7386573220.101091,83627535.195201,Jackson,-0.37683869975454926,-0.7853413307182279,linear,0.135867020048123,0.17137105423161114,6.264905253650044e+21,6.264905253650044e+21
3.131426744186047,1.367,radius relation,0.12,271.5220750552471,0.91,32.70876846411635,0.03984,catalog,11615878299.82663,66050485.99062468,Jackson,-0.42061053634690326,-0.6999721994489193,GP,0.3656710964963275,0.47138113888344013,5.945713070181675e+21,5.945713070181675e+21
3.131426744186047,1.367,radius relation,0.12,271.5220750552471,0.91,211.4154158307033,0.03984,catalog,4408401922.015656,24161850.443750113,Selsis,-0.4424100081792147,-0.6982531942526953,GP,0.28950588633261337,0.4585382689974341,1.937044523988236e+20,1.937044523988236e+20
3.131426744186047,1.367,radius relation,0.12,271.5220750552471,0.91,155.69075843183634,0.03984,catalog,2814935039.8617053,76344937.45326763,Jackson,-0.3028501358958755,-0.6312783136362784,log,0.07685187651618121,0.8851005559765683,1.2086474678103597e+22,1.2086474678103597e+22
3.131426744186047,1.367,radius relation,0.12,271.5220750552471,0.91,165.93732615489384,0.03984,catalog,2665509727.3330727,87632748.86969696,Jackson,-0.3712958870930126,-0.7887819678971763,linear,0.0969180774502288,0.9961780972709257,6.349853512444013e+21,6.349853512444013e+21
3.131426744186047,1.367,radius relation,0.12,271.5220750552471,0.91,92.43458871375599,0.03984,catalog,8069345787.996042,48382713.09661607,Selsis,-0.4187226170213412,-0.7753486379814879,linear,0.11956788168386026,0.25926489652421103,1.2402855991744938e+19,1.2402855991744938e+19
3.131426744186047,1.367,radius relation,0.12,271.5220750552471,0.91,294.384562679546,0.03984,catalog,3105358395.365394,36984003.59466038,Selsis,-0.31270755160166097,-0.6039611749672915,linear,0.36213971671136097,0.20061302186718954,8.123976848274071e+20,8.123976848274071e+20
3.131426744186047,1.367,radius relation,0.12,271.5220750552471,0.91,119.389749390076,0.03984,catalog,6669715900.457588,37115139.32972986,Selsis,-0.402690016057331,-0.7025476934191124,log,0.47565439618496047,0.46809345981113537,1.2820895865929625e+20,1.2820895865929625e+20
3.131426744186047,1.367,radius relation,0.12,271.5220750552471,0.91,292.9199127449554,0.03984,catalog,3340674914.747758,75467089.67001288,Selsis,-0.45934043489438503,-0.6579188786726932,GP,0.05960863166834403,0.4417456585391065,1065872663912604.9,1065872663912604.9
3.131426744186047,1.367,radius relation,0.12,271.5220750552471,0.91,50.34415962565942,0.03984,catalog,7707749682.398085,95050977.86013587,Jackson,-0.46644070477102817,-0.741664440585916,GP,0.15339827251646757,0.8228668946139586,4.769324649788953e+21,4.769324649788953e+21
3.131426744186047,1.367,radius relation,0.12,271.5220750552471,0.91,132.221831033884,0.03984,catalog,3240610230.2344837,40649782.925509445,Jackson,-0.29301604843312107,-0.6739778047886021,log,0.11519974132411777,0.09683181708850219,1.2725137129975866e+22,1.2725137129975866e+22
3.131426744186047,1.367,radius relation,0.12,271.5220750552471,0.91,213.49352574375231,0.03984,catalog,4377805267.8287945,11540219.361566985,Selsis,-0.4158730868160733,-0.7153444360104975,GP,0.10488498741714783,0.1604758055244636,4.0080362355218547e+20,4.0080362355218547e+20
3.131426744186047,1.367,radius relation,0.12,271.5220750552471,0.91,294.384562679546,0.03984,catalog,1541690353.790658,5169589.429436713,Selsis,-0.41300164099021613,-0.6336465492232425,GP,0.15777618480947053,0.2043203683079039,6.598697151472469e+20,6.598697151472469e+20
3.131426744186047,1.367,radius relation,0.12,271.5220750552471,0.91,36.07372057913075,0.03984,catalog,10567183166.13203,83328823.44346565,Jackson,-0.3817196873936756,-0.7131705114641617,linear,0.261613974359946,0.0825535474635134,6.236167307566989e+21,6.236167307566989e+21
3.131426744186047,1.367,radius relation,0.12,271.5220750552471,0.91,98.20211416808047,0.03984,catalog,4204160919.2853107,31764214.87343797,Jackson,-0.37319900474932605,-0.6646632928305989,GP,0.1947392101836901,0.06475570121327923,7.588855091135858e+21,7.588855091135858e+21
3.131426744186047,1.367,radius relation,0.12,271.5220750552471,0.91,92.90216000045749,0.03984,catalog,4415974761.941913,82479395.04933852,Jackson,-0.40492496027982944,-0.7335475251254437,linear,0.13283884295220666,0.5150355567774082,5.711899100430495e+21,5.711899100430495e+21
3.131426744186047,1.367,radius relation,0.12,271.5220750552471,0.91,294.3845626795462,0.03984,catalog,1308155589.3990183,12474069.190366339,Selsis,-0.2941211060087484,-0.7590632688342926,GP,0.26376573881205123,0.8899909134629065,1.335176477827504e+21,1.335176477827504e+21
3.131426744186047,1.367,radius relation,0.12,271.5220750552471,0.91,81.28618600872049,0.03984,catalog,4974822220.214997,4904125.825377712,Jackson,-0.42717381360572354,-0.7564483430214446,log,0.1289608621912067,0.8225108991398686,8.535763864055216e+21,8.535763864055216e+21
3.131426744186047,1.367,radius relation,0.12,271.5220750552471,0.91,137.49098039217728,0.03984,catalog,3132864571.897085,31651630.227687746,Jackson,-0.4751293620449817,-0.6868257930621701,linear,0.22421199038427772,0.19283729522970028,6.29104031271261e+21,6.29104031271261e+21
3.131426744186047,1.367,radius relation,0.12,271.5220750552471,0.91,122.82951337077694,0.03984,catalog,3454773322.4805827,32250812.523860853,Jackson,-0.28101207616741747,-0.7018205788132682,linear,0.07360342732519908,0.14393748186671362,1.4705343750225126e+22,1.4705343750225126e+22
3.131426744186047,1.367,radius relation,0.12,271.5220750552471,0.91,280.54533980799164,0.03984,catalog,3609545409.786797,99754137.62206845,Selsis,-0.4516566162618272,-0.6595227647053158,GP,0.10927700837577586,0.6120381419102056,1145712853040328.8,1145712853040328.8
3.131426744186047,1.367,radius relation,0.12,271.5220750552471,0.91,99.31764316771851,0.03984,catalog,4162397895.6925764,24640631.458822,Jackson,-0.2921717574423731,-0.63035174600465,GP,0.185194769931516,0.32935139689295934,1.5187830496694733e+22,1.5187830496694733e+22
3.131426744186047,1.367,radius relation,0.12,271.5220750552471,0.91,122.28040583752902,0.03984,catalog,6553105035.913035,74394469.18116322,Selsis,-0.3139434735765716,-0.7926319710852032,log,0.4138781398753299,0.5055407591524728,1.8444440317955795e+20,1.8444440317955795e+20
3.131426744186047,1.367,radius relation,0.12,271.5220750552471,0.91,139.92904412186286,0.03984,catalog,3085661278.9149423,92174407.7547984,Jackson,-0.32893725577307553,-0.6401737613462665,GP,0.05226775600723336,0.7168024362268071,8.987397144175171e+21,8.987397144175171e+21
3.131426744186047,1.367,radius relation,0.12,271.5220750552471,0.91,99.06745211195758,0.03984,catalog,7661010049.141345,78476536.98199487,Selsis,-0.4707698600779906,-0.6279874403913466,linear,0.26657729666493674,0.8987234582481961,2475191665210300.5,2475191665210300.5
3.131426744186047,1.367,radius relation,0.12,271.5220750552471,0.91,303.0418500831617,0.03984,catalog,1607746641.6475565,97450650.8985429,Jackson,-0.492345943012156,-0.6578146960145433,linear,0.1523675798877336,0.1867896020989407,4.916687070554905e+21,4.916687070554905e+21
3.131426744186047,1.367,radius relation,0.12,271.5220750552471,0.91,100.91233898764057,0.03984,catalog,4104263392.4039125,17576937.69448056,Jackson,-0.4624158197651363,-0.6640746878478816,log,0.2777807016427949,0.06989283253085221,6.471240189275291e+21,6.471240189275291e+21
3.131426744186047,1.367,radius relation,0.12,271.5220750552471,0.91,80.3390756722462,0.03984,catalog,5027395852.376029,68666337.94577263,Jackson,-0.4116306599479627,-0.6122650025837214,log,0.06513419012544241,0.22758899373295405,6.803120044893759e+21,6.803120044893759e+21
3.131426744186047,1.367,radius relation,0.12,271.5220750552471,0.91,35.996680309499524,0.03984,catalog,10588932183.467731,52681145.29222446,Jackson,-0.325750899690452,-0.622057213038425,linear,0.1953008919815517,0.5538850357227965,1.0800627238028312e+22,1.0800627238028312e+22
3.131426744186047,1.367,radius relation,0.12,271.5220750552471,0.91,293.755128251356,0.03984,catalog,3216208296.3204026,87129482.43195933,Selsis,-0.41360108650531857,-0.7265483000725534,linear,0.13204903821689104,0.08990619817325407,1021435617462529.4,1021435617462529.4
3.131426744186047,1.367,radius relation,0.12,271.5220750552471,0.91,177.19058791901622,0.03984,catalog,5002485909.780474,74552447.00749913,Selsis,-0.4931184743550342,-0.6713096853252525,log,0.10244878602753306,0.3276563849108197,1608641730921012.5,1608641730921012.5
3.131426744186047,1.367,radius relation,0.12,271.5220750552471,0.91,133.46544996464112,0.03984,catalog,6145047070.896264,78120479.55658215,Selsis,-0.4842303655809103,-0.692951773078465,GP,0.05388359387103193,0.30532773136572755,1980447050876303.2,1980447050876303.2
3.131426744186047,1.367,radius relation,0.12,271.5220750552471,0.91,114.78806378162582,0.03984,catalog,6866252786.434523,39245544.16982895,Selsis,-0.39867968599303083,-0.778641867536768,log,0.16764802273584128,0.10985380697588809,1.0366226619164626e+20,1.0366226619164626e+20
3.131426744186047,1.367,radius relation,0.12,271.5220750552471,0.91,87.84998335504704,0.03984,catalog,8384276998.089078,68013917.91151954,Selsis,-0.4936789784347713,-0.753984814976235,log,0.1098630647144917,0.9798952066342596,2714705451514665.5,2714705451514665.5
3.131426744186047,1.367,radius relation,0.12,271.5220750552471,0.91,294.3845626795462,0.03984,catalog,2979199899.6915874,88245926.59205826,Selsis,-0.3337417322727517,-0.6990231235996691,linear,0.41780783761129137,0.8544098659015723,943703732696694.9,943703732696694.9
3.131426744186047,1.367,radius relation,0.12,271.5220750552471,0.91,54.97073892633355,0.03984,catalog,7103383033.65842,20522459.1572395,Jackson,-0.4460977702283162,-0.7095676403483397,GP,0.28187271468836883,0.5928190769560433,7.154191031254713e+21,7.154191031254713e+21
3.131426744186047,1.367,radius relation,0.12,271.5220750552471,0.91,38.89287302018199,0.03984,catalog,9832169387.700903,4110740.5961349085,Jackson,-0.39280561180326345,-0.6852777811755855,GP,0.06109404176567108,0.8842870475605462,9.722106814603026e+21,9.722106814603026e+21
3.131426744186047,1.367,radius relation,0.12,271.5220750552471,0.91,110.91062019344194,0.03984,catalog,3777005504.7423897,31838363.27590202,Jackson,-0.32568254664418617,-0.6405678182865624,log,0.10208330586268635,0.28538371406994667,1.099899310624623e+22,1.099899310624623e+22
3.131426744186047,1.367,radius relation,0.12,271.5220750552471,0.91,78.8624211474766,0.03984,catalog,5111849578.532402,86449545.92377259,Jackson,-0.3784605283966266,-0.639285105239271,log,0.09092956094799358,0.8446936891391381,6.762141995382282e+21,6.762141995382282e+21
3.131426744186047,1.367,radius relation,0.12,271.5220750552471,0.91,294.3845626795462,0.03984,catalog,2902849996.9570236,47016323.27378873,Selsis,-0.30575920431160486,-0.7456163512686572,log,0.24155363353259118,0.6786483710214163,5.2950558407170327e+20,5.2950558407170327e+20
3.131426744186047,1.367,radius relation,0.12,271.5220750552471,0.91,294.3845626795462,0.03984,catalog,2532136020.5973773,26439383.764486767,Selsis,-0.31365851515655946,-0.7469147456985122,linear,0.1879894444753779,0.23321857024871862,7.042829357888083e+20,7.042829357888083e+20
3.131426744186047,1.367,radius relation,0.12,271.5220750552471,0.91,294.3845626795462,0.03984,catalog,2695953093.844297,91167183.87568223,Selsis,-0.4618806313532912,-0.676893640792037,log,0.11427682623327609,0.6741226621979841,850288938871497.4,850288938871497.4
3.131426744186047,1.367,radius relation,0.12,271.5220750552471,0.91,294.3845626795462,0.03984,catalog,982948598.6966573,5178717.75030955,Selsis,-0.4950595091976654,-0.724229832841268,linear,0.0833224161590414,0.5115067498343423,4.24115137369961e+20,4.24115137369961e+20
3.131426744186047,1.367,radius relation,0.12,271.5220750552471,0.91,217.31308636090813,0.03984,catalog,4322920443.007756,80849237.48656684,Selsis,-0.3098638601978222,-0.6080059800159451,log,0.1378650802774202,0.49730515738474657,3.63556228776741e+20,3.63556228776741e+20
3.131426744186047,1.367,radius relation,0.12,271.5220750552471,0.91,104.04785558304806,0.03984,catalog,7385687652.5155525,80109143.98674315,Selsis,-0.35573106626179196,-0.6731177834639439,log,0.08910248481936175,0.9296939408540779,2384784321078513.0,2384784321078513.0
3.131426744186047,1.367,radius relation,0.12,271.5220750552471,0.91,294.3845626795462,0.03984,catalog,2490933735.302569,52383097.44151432,Selsis,-0.29783270678575263,-0.7484046821070193,log,0.07734897750708418,0.3891255475569124,5.815858506716957e+20,5.815858506716957e+20
3.131426744186047,1.367,radius relation,0.12,271.5220750552471,0.91,1091.7753087362282,0.03984,catalog,575277534.0920469,27119368.02447902,Jackson,-0.4816991637325133,-0.7788915792767449,log,0.327086768251679,0.9180768847984504,6.276650760002874e+21,6.276650760002874e+21
3.131426744186047,1.367,radius relation,0.12,271.5220750552471,0.91,182.0705938732711,0.03984,catalog,2462981793.3637486,44021438.00734732,Jackson,-0.282874160629407,-0.6552384261891151,log,0.4648674160788122,0.8284408142483478,1.627914929264999e+22,1.627914929264999e+22
3.131426744186047,1.367,radius relation,0.12,271.5220750552471,0.91,136.56711105644968,0.03984,catalog,6042586282.225808,36060852.9025373,Selsis,-0.28342054275780415,-0.7358644578085818,GP,0.284425479466443,0.42257677729842946,1.0797317544246089e+21,1.0797317544246089e+21
3.131426744186047,1.367,radius relation,0.12,271.5220750552471,0.91,293.69257202079683,0.03984,catalog,3225355098.14411,15026453.185993686,Selsis,-0.44100998697626775,-0.761733311128895,linear,0.05773050254752639,0.7754850831379546,2.815259987913688e+20,2.815259987913688e+20
3.131426744186047,1.367,radius relation,0.12,271.5220750552471,0.91,144.65085867496182,0.03984,catalog,5794168226.533119,59911522.95200538,Selsis,-0.48708743989525016,-0.7495068716443742,linear,0.4339820445707726,0.11478178741001432,1871852511580694.5,1871852511580694.5
3.131426744186047,1.367,radius relation,0.12,271.5220750552471,0.91,294.3845626795462,0.03984,catalog,2368795028.311123,20373045.710862722,Selsis,-0.4181492238612769,-0.6610863351962591,GP,0.14209558170504388,0.5011292061401353,3.0939137759372496e+20,3.0939137759372496e+20
3.131426744186047,1.367,radius relation,0.12,271.5220750552471,0.91,184.48510328334442,0.03984,catalog,4859517932.254817,99615238.69778521,Selsis,-0.40445704055248055,-0.6683805418700115,log,0.09214038543300442,0.06253902641683617,1553790887361240.8,1553790887361240.8
3.131426744186047,1.367,radius relation,0.12,271.5220750552471,0.91,74.98923402061688,0.03984,catalog,5348973653.799201,57867407.24612954,Jackson,-0.4408477988560902,-0.779836990945029,GP,0.2956291273745783,0.1964095985756944,5.705707249082761e+21,5.705707249082761e+21
3.131426744186047,1.367,radius relation,0.12,271.5220750552471,0.91,125.42212304377072,0.03984,catalog,6431876434.759323,12578968.790826146,Selsis,-0.4880988286486456,-0.6670344851705408,log,0.050434530165874666,0.3574779001407399,3.3332764040192976e+20,3.3332764040192976e+20
3.131426744186047,1.367,radius relation,0.12,271.5220750552471,0.91,75.72788589018414,0.03984,catalog,5301901065.197676,61845430.47534276,Jackson,-0.30929856370381464,-0.6766861068544152,GP,0.05362503536643039,0.0919715058786541,1.0591822384200761e+22,1.0591822384200761e+22
3.131426744186047,1.367,radius relation,0.12,271.5220750552471,0.91,87.05081578698484,0.03984,catalog,8442269420.970925,38632295.320603974,Selsis,-0.45350548387317846,-0.6399480882095203,linear,0.28679815667187997,0.8914862373987233,1.0192422197486382e+20,1.0192422197486382e+20
3.131426744186047,1.367,radius relation,0.12,271.5220750552471,0.91,323.15141773972465,0.03984,catalog,1524797652.3355763,19381621.62361568,Jackson,-0.3078974955485806,-0.7825883191097338,GP,0.07235019589564282,0.8756193234593965,1.348802897527566e+22,1.348802897527566e+22
3.131426744186047,1.367,radius relation,0.12,271.5220750552471,0.91,236.19053232889846,0.03984,catalog,4074845063.5220337,30421602.479461525,Selsis,-0.4430962062344096,-0.7455378729880677,GP,0.1483444033472146,0.004304494425743877,1.202434835502484e+20,1.202434835502484e+20
3.131426744186047,1.367,radius relation,0.12,271.5220750552471,0.91,294.06183270411776,0.03984,catalog,3171765946.370385,26334949.215432413,Selsis,-0.31302303567887824,-0.6392908118164031,linear,0.1674000522365221,0.09979189080533613,8.487345944306288e+20,8.487345944306288e+20
3.131426744186047,1.367,radius relation,0.12,271.5220750552471,0.91,46.52449779853669,0.03984,catalog,13706787575.628855,58687347.01471832,Selsis,-0.437787711153025,-0.7120650552065312,linear,0.492828317067456,0.9398467613809501,4455194807599363.5,4455194807599363.5
3.131426744186047,1.367,radius relation,0.12,271.5220750552471,0.91,240.78757277489174,0.03984,catalog,4019652926.5972433,28293442.915034786,Selsis,-0.477828517209328,-0.6182151139721102,linear,0.10676474605397215,0.002973771615973675,2.2116404388505685e+20,2.2116404388505685e+20
3.131426744186047,1.367,radius relation,0.12,271.5220750552471,0.91,172.73571268243296,0.03984,catalog,5095063977.342568,5746668.603483453,Selsis,-0.3190027110990158,-0.6615874457854498,GP,0.10065039495624115,0.9564638572796067,1.2643010658454607e+21,1.2643010658454607e+21
3.131426744186047,1.367,radius relation,0.12,271.5220750552471,0.91,45.11698704938575,0.03984,catalog,8541448476.900193,81977020.8290928,Jackson,-0.4389386047750632,-0.7891546933317041,linear,0.14882599866895743,0.5728156211883905,5.174815710907091e+21,5.174815710907091e+21
3.131426744186047,1.367,radius relation,0.12,271.5220750552471,0.91,294.384562679546,0.03984,catalog,1672669840.9399447,29257913.839566357,Selsis,-0.43205594384782825,-0.7097454821363025,GP,0.15237029054683138,0.5544242911653626,1.5705558201978405e+20,1.5705558201978405e+20
3.131426744186047,1.367,radius relation,0.12,271.5220750552471,0.91,160.30212023939018,0.03984,catalog,2745421495.485507,31161401.291498367,Jackson,-0.4102705940404994,-0.7406096115742726,linear,0.1767389565337436,0.03508485090906466,6.39332030886101e+21,6.39332030886101e+21
3.131426744186047,1.367,radius relation,0.12,271.5220750552471,0.91,140.0395227197088,0.03984,catalog,3083559836.7337275,43897729.62147729,Jackson,-0.3667224455599308,-0.6478160578188975,GP,0.37779356051722157,0.36277074228240414,8.314932202992171e+21,8.314932202992171e+21
3.131426744186047,1.367,radius relation,0.12,271.5220750552471,0.91,301.6413833865701,0.03984,catalog,1613909109.3296623,79536083.1596723,Jackson,-0.36004883603256044,-0.7700199658269035,linear,0.2558556941941591,0.8366118231181029,6.971623917700239e+21,6.971623917700239e+21
3.131426744186047,1.367,radius relation,0.12,271.5220750552471,0.91,245.1320420489689,0.03984,catalog,3969172755.4156632,61895756.875180945,Selsis,-0.48332586164029784,-0.6234772752671821,log,0.3638161565630955,0.32349559646635107,1275465442381031.5,1275465442381031.5
3.131426744186047,1.367,radius relation,0.12,271.5220750552471,0.91,178.90521232013387,0.03984,catalog,2499963414.2115784,9679705.180410678,Jackson,-0.29031600321297657,-0.6540593247102767,linear,0.12176407453915587,0.9054164651341334,1.7973676250280363e+22,1.7973676250280363e+22
