pl_mass,pl_radius,mass_source,st_mass,pl_teff,pl_insol,pl_XUV_flux,pl_orbsmax,orbit_source,st_age,pl_form_yr,x-ray-model,euv_gamma1,euv_gamma2,co2_fit,ch4_eta,N2O2_frac,C_loss,atmospheric_loss
1.91,1.272,catalog,0.18,421.8069811790881,5.3,536.5492263232119,0.027,catalog,3989847004.0449963,97985942.64549977,Selsis,-0.30230562461337346,-0.6766058092240513,linear,0.055103482899699914,0.47211619347817013,5.930122298190659e+22,5.930122298190659e+22
1.91,1.272,catalog,0.18,421.8069811790881,5.3,308.16501764825114,0.027,catalog,6006872722.840376,3079916.1685281163,Selsis,-0.49946336410566355,-0.7969303417777484,log,0.1726175101772283,0.7632985181236548,2.5987807689492815e+22,2.5987807689492815e+22
1.91,1.272,catalog,0.18,421.8069811790881,5.3,659.8908257023882,0.027,catalog,3441302237.943985,68361421.04287703,Selsis,-0.2811331632316777,-0.6302219398963282,linear,0.11602108841321387,0.9192289439079616,7.00146061866075e+22,7.00146061866075e+22
1.91,1.272,catalog,0.18,421.8069811790881,5.3,146.8273688291677,0.027,catalog,6697568460.657546,77155144.5202235,Jackson,-0.40414451306026206,-0.7577621125126273,linear,0.054493018137823666,0.7054684866680532,2.0937678823146916e+22,2.0937678823146916e+22
1.91,1.272,catalog,0.18,421.8069811790881,5.3,243.9007017694627,0.027,catalog,7184350695.851765,16986047.686678696,Selsis,-0.49351680541213105,-0.7554793431610969,GP,0.3653622769258232,0.5586859268890657,2.5720698932010838e+22,2.5720698932010838e+22
1.91,1.272,catalog,0.18,421.8069811790881,5.3,267.75941819562837,0.027,catalog,6686250167.967995,53424459.26832053,Selsis,-0.3576994434719904,-0.662206573833855,GP,0.06277547196672835,0.11807264208493418,4.468406656424014e+22,4.468406656424014e+22
1.91,1.272,catalog,0.18,421.8069811790881,5.3,312.62553677467605,0.027,catalog,3307293535.0993514,33355379.20993864,Jackson,-0.4779532279127764,-0.6918111296332822,linear,0.43602480522839804,0.21023067506757687,1.959830964508015e+22,1.959830964508015e+22
1.91,1.272,catalog,0.18,421.8069811790881,5.3,883.378011798141,0.027,catalog,2803146140.3000455,21973172.431894716,Selsis,-0.4368816483768851,-0.6673927354678619,log,0.23897315031990368,0.753610376536496,2.9072730474013117e+22,2.9072730474013117e+22
1.91,1.272,catalog,0.18,421.8069811790881,5.3,265.50409209301586,0.027,catalog,3836374628.3627915,38366306.6925768,Jackson,-0.4284674985021429,-0.7687970982594364,GP,0.19714837659459214,0.6054042870767947,2.1095721769581672e+22,2.1095721769581672e+22
1.91,1.272,catalog,0.18,421.8069811790881,5.3,903.6386350104648,0.027,catalog,2759202493.518655,15664445.475475939,Selsis,-0.30443330813322717,-0.7289657045452085,linear,0.208974015060997,0.014566358907099897,4.555050861895151e+22,4.555050861895151e+22
1.91,1.272,catalog,0.18,421.8069811790881,5.3,510.366073255418,0.027,catalog,2142973190.9283314,77466794.13221137,Jackson,-0.3503077697947715,-0.7337249877777435,log,0.32176893425514314,0.6273628892221667,2.8333616561304654e+22,2.8333616561304654e+22
1.91,1.272,catalog,0.18,421.8069811790881,5.3,392.78348942453573,0.027,catalog,2696999899.3488603,2499178.926302519,Jackson,-0.28820844854482075,-0.6059950973480275,log,0.12695904011436912,0.4288059535043116,5.4319700376346306e+22,5.4319700376346306e+22
1.91,1.272,catalog,0.18,421.8069811790881,5.3,264.7372255770162,0.027,catalog,3846543518.458793,76529723.5939644,Jackson,-0.4948307292674104,-0.6469629627736584,log,0.0530087485834501,0.8331719396447442,1.997702615714536e+22,1.997702615714536e+22
1.91,1.272,catalog,0.18,421.8069811790881,5.3,219.92976934715196,0.027,catalog,4564144851.020596,8783163.011144338,Jackson,-0.31487293026364654,-0.6090484159127642,GP,0.29919910491133567,0.3956287455235976,4.816837787682887e+22,4.816837787682887e+22
1.91,1.272,catalog,0.18,421.8069811790881,5.3,138.8989323910359,0.027,catalog,11230523641.89436,44833817.215893425,Selsis,-0.46191186901587833,-0.6816721530422172,log,0.05145421590279103,0.5039531508521606,2.86540717110276e+22,2.86540717110276e+22
1.91,1.272,catalog,0.18,421.8069811790881,5.3,192.19993266018665,0.027,catalog,5177879156.595883,26898897.36432121,Jackson,-0.4300564669196038,-0.6621607095330909,log,0.06310734195693664,0.6214014075988513,2.4290704722111465e+22,2.4290704722111465e+22
1.91,1.272,catalog,0.18,421.8069811790881,5.3,862.0867065731331,0.027,catalog,2851271357.749375,64170504.67545647,Selsis,-0.3118756519965053,-0.7504176461870751,linear,0.10095842493493166,0.623439020454907,4.537730411421157e+22,4.537730411421157e+22
1.91,1.272,catalog,0.18,421.8069811790881,5.3,579.8470508980595,0.027,catalog,1918577802.9629705,96476611.0131403,Jackson,-0.4881216985425765,-0.7774060738065237,log,0.3943186455643333,0.9506173382280559,1.6431517297505143e+22,1.6431517297505143e+22
1.91,1.272,catalog,0.18,421.8069811790881,5.3,133.52776033326592,0.027,catalog,7346062792.00499,21092295.75085022,Jackson,-0.28194117391405327,-0.6904982546866851,linear,0.05051504931446387,0.4684343351754434,5.71942560981859e+22,5.71942560981859e+22
1.91,1.272,catalog,0.18,421.8069811790881,5.3,343.98465432828516,0.027,catalog,3035195701.310291,65281355.742677845,Jackson,-0.3582276722774676,-0.6554383218223094,GP,0.06253037761010186,0.824139465638623,3.0212348885670505e+22,3.0212348885670505e+22
1.91,1.272,catalog,0.18,421.8069811790881,5.3,178.7980978764934,0.027,catalog,9164253102.167643,49859960.16714627,Selsis,-0.39524686145527005,-0.6702646155366034,linear,0.19847171218966592,0.8059000593047733,3.5935140454931615e+22,3.5935140454931615e+22
1.91,1.272,catalog,0.18,421.8069811790881,5.3,529.4842687038438,0.027,catalog,2075557285.3145328,78196253.9884978,Jackson,-0.2852442606952312,-0.616991728134117,log,0.08431744080519192,0.796422199274208,4.800139695520566e+22,4.800139695520566e+22
1.91,1.272,catalog,0.18,421.8069811790881,5.3,260.33579402729004,0.027,catalog,3906065734.105514,55531280.85801814,Jackson,-0.3651762330648567,-0.7267481031327384,log,0.09562570273800446,0.04523799517718363,2.2320557640655066e+22,2.2320557640655066e+22
1.91,1.272,catalog,0.18,421.8069811790881,5.3,383.9978580997629,0.027,catalog,5091499937.2770195,47624068.84106537,Selsis,-0.4476992428750876,-0.7646596261504327,log,0.19861521760482764,0.4575766281552258,2.6737858206841734e+22,2.6737858206841734e+22
1.91,1.272,catalog,0.18,421.8069811790881,5.3,572.0073788981654,0.027,catalog,1941259738.5650008,81636709.85512377,Jackson,-0.3568187301114123,-0.7704675422037525,GP,0.0754067387563228,0.7412561539488782,2.612444097949538e+22,2.612444097949538e+22
1.91,1.272,catalog,0.18,421.8069811790881,5.3,1581.4090155542317,0.027,catalog,1362949406.619545,95619675.85559726,Selsis,-0.4821320535922858,-0.7924402183299486,GP,0.24389220081413565,0.4476033784173905,1.2150182776914661e+22,1.2150182776914661e+22
1.91,1.272,catalog,0.18,421.8069811790881,5.3,353.67237594189095,0.027,catalog,2960763264.633048,95029772.61193243,Jackson,-0.3014220361619609,-0.6895911104376916,GP,0.1912423167026721,0.5630909303305848,4.335639375263845e+22,4.335639375263845e+22
1.91,1.272,catalog,0.18,421.8069811790881,5.3,86.73506666199872,0.027,catalog,11319859877.876547,11699033.410117663,Jackson,-0.35760933319435995,-0.7341934560223629,linear,0.15367050813036806,0.9425691674089798,3.221735473265429e+22,3.221735473265429e+22
1.91,1.272,catalog,0.18,421.8069811790881,5.3,324.5805149040392,0.027,catalog,3197439880.1266384,91215825.24136952,Jackson,-0.3577333801892097,-0.7123780105643546,log,0.14951350562111504,0.6621435371583461,2.6755245883926442e+22,2.6755245883926442e+22
1.91,1.272,catalog,0.18,421.8069811790881,5.3,864.904043078258,0.027,catalog,2844784020.4654603,64031881.069294155,Selsis,-0.40037616748539584,-0.7200081331114668,GP,0.33611084771129324,0.8799398040539588,2.8956053870286362e+22,2.8956053870286362e+22
1.91,1.272,catalog,0.18,421.8069811790881,5.3,800.1010315799599,0.027,catalog,3004092083.6919484,93786638.3020069,Selsis,-0.32126370284348493,-0.6925832467970959,log,0.1146596303362944,0.5430696478960948,4.394249324441699e+22,4.394249324441699e+22
1.91,1.272,catalog,0.18,421.8069811790881,5.3,76.37553292223228,0.027,catalog,12914366837.797863,71598809.76095799,Jackson,-0.3312191897849854,-0.7149562308861956,GP,0.14171087548816064,0.0946549518336881,2.8052940148999077e+22,2.8052940148999077e+22
1.91,1.272,catalog,0.18,421.8069811790881,5.3,720.5947437215315,0.027,catalog,1592512835.7686908,20506809.856082365,Jackson,-0.3725264869159998,-0.644973469741049,log,0.09022912084170255,0.6808746598311654,2.8679216906019107e+22,2.8679216906019107e+22
1.91,1.272,catalog,0.18,421.8069811790881,5.3,1578.570927135063,0.027,catalog,828602875.2767576,74706539.86744168,Jackson,-0.3917101077549486,-0.7192496023896707,linear,0.10192219665596812,0.5116332693790787,1.6058771069537412e+22,1.6058771069537412e+22
1.91,1.272,catalog,0.18,421.8069811790881,5.3,249.20970925499404,0.027,catalog,4065906608.129132,15145991.184323035,Jackson,-0.40625590782819393,-0.6039290141415948,linear,0.330306667589901,0.6746129331925618,3.208705702081518e+22,3.208705702081518e+22
1.91,1.272,catalog,0.18,421.8069811790881,5.3,201.3105210471222,0.027,catalog,4957053390.30951,48395580.69213308,Jackson,-0.3110480173439412,-0.7037595046632229,GP,0.2314101031231176,0.6971497904410142,4.23679542880762e+22,4.23679542880762e+22
1.91,1.272,catalog,0.18,421.8069811790881,5.3,776.4004884763816,0.027,catalog,1494726714.5519407,17112457.29211094,Jackson,-0.2952096904239956,-0.7461954200364931,linear,0.436667781911623,0.686895066247534,4.074180109958567e+22,4.074180109958567e+22
1.91,1.272,catalog,0.18,421.8069811790881,5.3,740.0292510936006,0.027,catalog,1556861276.8266757,71397738.33679771,Jackson,-0.3504423130016787,-0.6398815029587233,linear,0.05339850935028745,0.7883887020855036,2.7569252265147066e+22,2.7569252265147066e+22
1.91,1.272,catalog,0.18,421.8069811790881,5.3,482.6976076618297,0.027,catalog,4306606422.794905,38991994.48589797,Selsis,-0.2840513252744591,-0.7314784804273144,log,0.2807164059811875,0.9124226746550135,7.252263041691161e+22,7.252263041691161e+22
1.91,1.272,catalog,0.18,421.8069811790881,5.3,129.51565331935427,0.027,catalog,7568968384.056344,99387211.8484276,Jackson,-0.28860271656120023,-0.7073961735205029,linear,0.414553995492898,0.6755942882229564,4.916895490689646e+22,4.916895490689646e+22
1.91,1.272,catalog,0.18,421.8069811790881,5.3,354.60571323042274,0.027,catalog,2953803684.85174,71824358.42080522,Jackson,-0.36882395360746767,-0.7456574905104116,linear,0.18256620121691322,0.48556604005496107,2.522880058657469e+22,2.522880058657469e+22
1.91,1.272,catalog,0.18,421.8069811790881,5.3,661.5974589879636,0.027,catalog,3435003311.5917225,94584383.5808599,Selsis,-0.3933879013446885,-0.6400615024753054,GP,0.1029276804004262,0.6079362362920312,3.5548194781586105e+22,3.5548194781586105e+22
1.91,1.272,catalog,0.18,421.8069811790881,5.3,924.3540609626158,0.027,catalog,1290239421.023812,98351100.86452545,Jackson,-0.38538591236469544,-0.6870027497265325,linear,0.2145502237809469,0.6373365302417077,1.9927521328070344e+22,1.9927521328070344e+22
1.91,1.272,catalog,0.18,421.8069811790881,5.3,228.04836109489622,0.027,catalog,7568611232.964039,83968832.86007337,Selsis,-0.40730976900930754,-0.7369990145529809,linear,0.06398118029401467,0.2537516775276222,3.0292539973826112e+22,3.0292539973826112e+22
1.91,1.272,catalog,0.18,421.8069811790881,5.3,1581.409015554233,0.027,catalog,1321677384.0422902,65734712.24386778,Selsis,-0.3165799810448518,-0.6548510857531432,GP,0.06154980320499974,0.5524261451211859,2.356383563910174e+22,2.356383563910174e+22
1.91,1.272,catalog,0.18,421.8069811790881,5.3,361.0662294032761,0.027,catalog,2906600139.664023,61142853.78839673,Jackson,-0.3438545907967763,-0.7617322080143242,linear,0.46800330726749056,0.8331134448800855,3.0161476418532295e+22,3.0161476418532295e+22
1.91,1.272,catalog,0.18,421.8069811790881,5.3,1494.1478321825286,0.027,catalog,1936650855.0030897,52742691.3479112,Selsis,-0.368765573859444,-0.7227341215458586,log,0.3092631643487134,0.16827825260556573,2.4654297628345213e+22,2.4654297628345213e+22
1.91,1.272,catalog,0.18,421.8069811790881,5.3,806.8750870897499,0.027,catalog,2986389080.7905054,27404921.98082313,Selsis,-0.32176024926007457,-0.7359445996428096,GP,0.15698024981744563,0.15055217067150717,4.42807378877417e+22,4.42807378877417e+22
1.91,1.272,catalog,0.18,421.8069811790881,5.3,183.0588507717233,0.027,catalog,8994410563.242281,76465354.4022886,Selsis,-0.36765697064083946,-0.6441105545910188,GP,0.39816566695529665,0.7577363074463462,4.339841589511422e+22,4.339841589511422e+22
1.91,1.272,catalog,0.18,421.8069811790881,5.3,201.87862504801177,0.027,catalog,4943979792.76482,30517574.60078127,Jackson,-0.2998608055969565,-0.6524560671417886,GP,0.10587515275645805,0.9716042782652708,5.218164971742196e+22,5.218164971742196e+22
1.91,1.272,catalog,0.18,421.8069811790881,5.3,1211.525819541812,0.027,catalog,2253295323.1527004,32244521.725739125,Selsis,-0.4968466167813676,-0.6497973470460247,GP,0.4759208529923442,0.5780498921587855,2.3721082433345715e+22,2.3721082433345715e+22
1.91,1.272,catalog,0.18,421.8069811790881,5.3,200.39051890205835,0.027,catalog,8374007237.158075,69828490.11018416,Selsis,-0.3809836206432932,-0.7880671748216567,GP,0.059043383524270854,0.3057774027383735,3.3759171535634747e+22,3.3759171535634747e+22
1.91,1.272,catalog,0.18,421.8069811790881,5.3,489.21040596589927,0.027,catalog,4264987363.2748036,55463456.67531074,Selsis,-0.33208493302871334,-0.6704994987620552,GP,0.2140263544650278,0.7406228319721702,5.111870101951727e+22,5.111870101951727e+22
1.91,1.272,catalog,0.18,421.8069811790881,5.3,230.90625231183537,0.027,catalog,4362473238.486493,81147498.4206857,Jackson,-0.3169568564512476,-0.7531220996808426,linear,0.0521781738562316,0.8251080623133115,3.6679237782100144e+22,3.6679237782100144e+22
1.91,1.272,catalog,0.18,421.8069811790881,5.3,873.4355541860641,0.027,catalog,2825363125.5594096,40962003.92710538,Selsis,-0.3968885369784426,-0.6072874793576384,GP,0.21794296582146847,0.1315127958923833,3.5342005063143098e+22,3.5342005063143098e+22
1.91,1.272,catalog,0.18,421.8069811790881,5.3,1170.3458766811361,0.027,catalog,2307393372.4679604,61795372.873216,Selsis,-0.4398782822939845,-0.6922422070399172,GP,0.349580009974648,0.4347978733974621,2.3474667548824868e+22,2.3474667548824868e+22
1.91,1.272,catalog,0.18,421.8069811790881,5.3,154.19985431601182,0.027,catalog,6387931538.674949,26349931.23108138,Jackson,-0.45093206545107967,-0.6220127417805784,GP,0.40938307257207235,0.7692078528544815,2.60718964272619e+22,2.60718964272619e+22
1.91,1.272,catalog,0.18,421.8069811790881,5.3,228.5988526809788,0.027,catalog,7554436095.447477,72007498.84756978,Selsis,-0.4182226345535614,-0.683535948074765,linear,0.3695442266189897,0.5965744685491745,3.139483777228268e+22,3.139483777228268e+22
1.91,1.272,catalog,0.18,421.8069811790881,5.3,538.969674197656,0.027,catalog,2043827549.6483843,50461646.738159694,Jackson,-0.2990654469297178,-0.7375724094312505,GP,0.3564884495649258,0.8664580701197407,4.138235163028034e+22,4.138235163028034e+22
1.91,1.272,catalog,0.18,421.8069811790881,5.3,1581.409015554233,0.027,catalog,1033953778.626406,2959666.412039135,Selsis,-0.379228872069714,-0.619816867372075,GP,0.3104348893794074,0.2158292583757968,1.5984340326785105e+22,1.5984340326785105e+22
1.91,1.272,catalog,0.18,421.8069811790881,5.3,508.02608249653787,0.027,catalog,4150136620.0303955,78914694.08169235,Selsis,-0.33980253946083455,-0.7048563892974127,linear,0.09485358070439745,0.9458661496432916,4.6039496813278975e+22,4.6039496813278975e+22
1.91,1.272,catalog,0.18,421.8069811790881,5.3,105.55374583062978,0.027,catalog,9273038300.709644,17280028.951238126,Jackson,-0.40593481563400263,-0.7988932452772284,GP,0.2121863879651355,0.5861699757801109,2.382907012707609e+22,2.382907012707609e+22
1.91,1.272,catalog,0.18,421.8069811790881,5.3,359.7088159809199,0.027,catalog,2916379694.4935513,25892698.478267904,Jackson,-0.345939865446214,-0.7235385900990623,log,0.43306471618662806,0.269506957944888,3.043111112511436e+22,3.043111112511436e+22
1.91,1.272,catalog,0.18,421.8069811790881,5.3,403.94614692496015,0.027,catalog,4904098640.468551,77391900.22957833,Selsis,-0.2864367387961707,-0.6099580957174368,linear,0.11394564156185502,0.7181706985920212,8.103658269094068e+22,8.103658269094068e+22
1.91,1.272,catalog,0.18,421.8069811790881,5.3,1581.4090155542317,0.027,catalog,1735881048.4716792,23227423.72358839,Selsis,-0.37296944766554446,-0.7940518015186142,log,0.06993818645711466,0.75098603045119,2.2451026340771214e+22,2.2451026340771214e+22
1.91,1.272,catalog,0.18,421.8069811790881,5.3,266.49218776094835,0.027,catalog,6710622191.33192,33801768.35393372,Selsis,-0.28948110748750927,-0.767412149682081,log,0.2858758787468387,0.37111331493211885,7.612852654988424e+22,7.612852654988424e+22
1.91,1.272,catalog,0.18,421.8069811790881,5.3,464.8147001792637,0.027,catalog,4426248620.913919,29968156.5629703,Selsis,-0.3195465227119552,-0.774358510814387,linear,0.4960602667889058,0.49954303165466485,5.460961476379569e+22,5.460961476379569e+22
1.91,1.272,catalog,0.18,421.8069811790881,5.3,492.4937148682609,0.027,catalog,4244380328.076184,18438810.09650512,Selsis,-0.4475943513194133,-0.6776548512436512,linear,0.05130436225472578,0.6089498630358668,3.080248179699974e+22,3.080248179699974e+22
1.91,1.272,catalog,0.18,421.8069811790881,5.3,266.6793598643814,0.027,catalog,3820903580.417332,28797075.24236703,Jackson,-0.44957896553509663,-0.63880530903029,GP,0.15610262715406428,0.9492016491728746,2.45339162912984e+22,2.45339162912984e+22
1.91,1.272,catalog,0.18,421.8069811790881,5.3,400.23553801878165,0.027,catalog,4937445016.2670355,27629648.361510605,Selsis,-0.3059541976357955,-0.7984261663732548,linear,0.05042239348368826,0.5978506507175317,6.313856547454044e+22,6.313856547454044e+22
1.91,1.272,catalog,0.18,421.8069811790881,5.3,1035.665339556122,0.027,catalog,2510140917.0419283,90638347.3434628,Selsis,-0.4455470107675503,-0.6346497399025481,linear,0.19431547735412666,0.22176348027845794,2.6489581700572646e+22,2.6489581700572646e+22
1.91,1.272,catalog,0.18,421.8069811790881,5.3,222.56231961582466,0.027,catalog,7713448869.9168825,56747857.81209741,Selsis,-0.4490534786155091,-0.7714770467491713,GP,0.057957558391657754,0.991608511504179,2.6309516221319446e+22,2.6309516221319446e+22
1.91,1.272,catalog,0.18,421.8069811790881,5.3,371.541390612586,0.027,catalog,5218324972.089938,14587580.797005637,Selsis,-0.41494755452502335,-0.7265721529554698,linear,0.24723990070342014,0.8721039954665103,3.1838014342485246e+22,3.1838014342485246e+22
1.91,1.272,catalog,0.18,421.8069811790881,5.3,261.1344192576813,0.027,catalog,3895116680.2269363,82539420.67550711,Jackson,-0.3515566047526025,-0.6520395279644103,linear,0.08457024854988797,0.3150356725053933,3.0481596934326636e+22,3.0481596934326636e+22
1.91,1.272,catalog,0.18,421.8069811790881,5.3,165.33912650986292,0.027,catalog,9755001646.63198,49680864.19591354,Selsis,-0.4367536941867279,-0.6137873107634039,log,0.30288720038154077,0.14094222178811033,3.756298858689066e+22,3.756298858689066e+22
1.91,1.272,catalog,0.18,421.8069811790881,5.3,223.73512783087634,0.027,catalog,4491970510.974808,62204614.6791876,Jackson,-0.3406853895108827,-0.6071338963632678,log,0.31046461847740064,0.8458366934268238,3.895756363579071e+22,3.895756363579071e+22
1.91,1.272,catalog,0.18,421.8069811790881,5.3,179.3119351546973,0.027,catalog,9143366113.938,29725351.138025835,Selsis,-0.46149422272814244,-0.7524756835401709,log,0.4404561829895895,0.13873704846001522,2.653751608601143e+22,2.653751608601143e+22
1.91,1.272,catalog,0.18,421.8069811790881,5.3,602.9769617622524,0.027,catalog,1854972270.2461193,56554039.72340628,Jackson,-0.2991410364943708,-0.6019226008528378,linear,0.2581034439412578,0.36011592862615616,4.093978389585203e+22,4.093978389585203e+22
1.91,1.272,catalog,0.18,421.8069811790881,5.3,1523.668615505499,0.027,catalog,1869196023.5181046,65136969.5124089,Selsis,-0.4451706352384555,-0.6377126233460341,log,0.08785796478662257,0.9598850646482693,2.103650556785875e+22,2.103650556785875e+22
1.91,1.272,catalog,0.18,421.8069811790881,5.3,660.1273077632821,0.027,catalog,1716240854.9160023,35146112.44440452,Jackson,-0.44600421535912027,-0.701543814562259,log,0.1070522191478327,0.16565151775176135,2.0017450499886012e+22,2.0017450499886012e+22
1.91,1.272,catalog,0.18,421.8069811790881,5.3,255.33502388434135,0.027,catalog,6934851681.247976,86154537.29071222,Selsis,-0.43670732148250124,-0.6738452566669303,GP,0.2997873949720246,0.6458739452226924,2.993268064818181e+22,2.993268064818181e+22
1.91,1.272,catalog,0.18,421.8069811790881,5.3,490.2457733977507,0.027,catalog,4258462382.755229,80950792.92649066,Selsis,-0.3134754533683747,-0.6755029929509383,GP,0.15481232071503656,0.35784018808411044,5.6704156532141625e+22,5.6704156532141625e+22
1.91,1.272,catalog,0.18,421.8069811790881,5.3,78.40332054066897,0.027,catalog,12566282609.873117,74773693.69270977,Jackson,-0.4780428084491114,-0.6221753695211807,GP,0.28645583236366823,0.651151987139835,2.2217405365557085e+22,2.2217405365557085e+22
1.91,1.272,catalog,0.18,421.8069811790881,5.3,567.9346635109358,0.027,catalog,1953281197.950372,16279156.052218404,Jackson,-0.40616839161091484,-0.7205629826855235,linear,0.39876889943348176,0.41705227018527147,2.403429780825664e+22,2.403429780825664e+22
1.91,1.272,catalog,0.18,421.8069811790881,5.3,262.06955415960766,0.027,catalog,3882380891.4545903,36731340.89480351,Jackson,-0.32663866087722293,-0.6305208643312038,log,0.24380583698402947,0.9123619530514814,4.232418711559123e+22,4.232418711559123e+22
1.91,1.272,catalog,0.18,421.8069811790881,5.3,1581.4090155542317,0.027,catalog,1524545527.1475754,2946005.2021185337,Selsis,-0.4920665571588754,-0.6426551936285287,linear,0.060845562397124055,0.8779763072699645,1.896016764263601e+22,1.896016764263601e+22
1.91,1.272,catalog,0.18,421.8069811790881,5.3,130.25912750045092,0.027,catalog,7526580406.425182,40131402.07199288,Jackson,-0.3847981285862803,-0.7705138445970124,GP,0.2156377493238053,0.2183954701874672,2.326840928401477e+22,2.326840928401477e+22
1.91,1.272,catalog,0.18,421.8069811790881,5.3,248.1877975327291,0.027,catalog,7088297469.025508,39889393.185080856,Selsis,-0.4956054619222168,-0.7040775648342276,linear,0.20333170882583929,0.9871557479534804,2.6218593037740507e+22,2.6218593037740507e+22
1.91,1.272,catalog,0.18,421.8069811790881,5.3,293.7702686504926,0.027,catalog,6229124003.943905,18253639.542533167,Selsis,-0.38521776867030433,-0.633561174159782,GP,0.06960422617406781,0.6605550695038198,4.303540469749626e+22,4.303540469749626e+22
1.91,1.272,catalog,0.18,421.8069811790881,5.3,1310.8253127984033,0.027,catalog,2135082828.1533408,58376572.53150189,Selsis,-0.32948337311856984,-0.6060483973271922,log,0.145165830188431,0.44710240095127074,3.778299813139257e+22,3.778299813139257e+22
1.91,1.272,catalog,0.18,421.8069811790881,5.3,316.58695710183576,0.027,catalog,3269983660.9448695,29272367.14003908,Jackson,-0.34961568058024756,-0.7834231141589367,linear,0.09786676967786476,0.13826121387110812,2.6481878217369907e+22,2.6481878217369907e+22
1.91,1.272,catalog,0.18,421.8069811790881,5.3,136.7230220629556,0.027,catalog,7178283417.017536,98570916.9475279,Jackson,-0.48995773817762905,-0.6048787491545741,GP,0.27761070419839223,0.6291658711910844,2.2723827607531933e+22,2.2723827607531933e+22
1.91,1.272,catalog,0.18,421.8069811790881,5.3,422.73111533242127,0.027,catalog,4743419525.472824,29997545.797531735,Selsis,-0.4590673122316875,-0.6250258106907568,GP,0.059327248577194576,0.473253407799493,3.4760081048749663e+22,3.4760081048749663e+22
1.91,1.272,catalog,0.18,421.8069811790881,5.3,1581.409015554233,0.027,catalog,1649186918.3324182,33905797.68984556,Selsis,-0.47547351888479894,-0.663327779438262,linear,0.06343044733776604,0.8567271955203947,1.7862154305782317e+22,1.7862154305782317e+22
1.91,1.272,catalog,0.18,421.8069811790881,5.3,265.633582278887,0.027,catalog,6727257618.459946,13651719.128371129,Selsis,-0.408223808642448,-0.725447118267424,log,0.18311654390966434,0.5997178948952261,3.278362509419074e+22,3.278362509419074e+22
1.91,1.272,catalog,0.18,421.8069811790881,5.3,803.892221735866,0.027,catalog,2994152024.4696207,73986046.54451913,Selsis,-0.3822178314991622,-0.6219413043548981,linear,0.2828269299263594,0.4456357919390356,3.6029860002136194e+22,3.6029860002136194e+22
1.91,1.272,catalog,0.18,421.8069811790881,5.3,1581.4090155542317,0.027,catalog,1575873218.775589,60009909.52290454,Selsis,-0.4327969826051865,-0.7458117519265819,log,0.23843818133262332,0.8718934416801284,1.617582532220542e+22,1.617582532220542e+22
1.91,1.272,catalog,0.18,421.8069811790881,5.3,313.24026711796023,0.027,catalog,3301442630.0664053,27042645.215895623,Jackson,-0.3533675111991283,-0.7783170336804809,linear,0.3169404587902705,0.1254078906102799,2.5730310726569247e+22,2.5730310726569247e+22
1.91,1.272,catalog,0.18,421.8069811790881,5.3,1581.409015554233,0.027,catalog,935119428.9415648,32207962.055831693,Selsis,-0.49301224316287096,-0.7988890506181696,linear,0.08943881065707761,0.32784152500416985,9.398743404464296e+21,9.398743404464296e+21
1.91,1.272,catalog,0.18,421.8069811790881,5.3,1292.9217233914958,0.027,catalog,976033374.8255254,21007267.176855322,Jackson,-0.4753318715512347,-0.7186295128491974,linear,0.173797039297384,0.45952105351312145,1.763793644456271e+22,1.763793644456271e+22
1.91,1.272,catalog,0.18,421.8069811790881,5.3,792.8949520464641,0.027,catalog,3023215919.8788085,20007947.584305782,Selsis,-0.4809666837197775,-0.6790900619971777,log,0.2709304106389513,0.36708844200567703,2.8045753717706887e+22,2.8045753717706887e+22
1.91,1.272,catalog,0.18,421.8069811790881,5.3,268.96409670617436,0.027,catalog,6663278295.4611025,26161055.43580726,Selsis,-0.36932094161539974,-0.755760940037957,linear,0.07674936570085093,0.4745991580540445,3.827226804799995e+22,3.827226804799995e+22
1.91,1.272,catalog,0.18,421.8069811790881,5.3,1176.2395251888186,0.027,catalog,1055384667.2291279,87637464.27401252,Jackson,-0.49173842462202794,-0.7899100201169537,linear,0.1255146333557956,0.42345318299889634,1.4677786683328065e+22,1.4677786683328065e+22
1.91,1.272,catalog,0.18,421.8069811790881,5.3,307.764649599636,0.027,catalog,3354373160.2709146,2692423.8274152097,Jackson,-0.44500391618206986,-0.7942199818159204,log,0.1732813103800849,0.4158174748753456,2.1525425372282137e+22,2.1525425372282137e+22
1.91,1.272,catalog,0.18,421.8069811790881,5.3,233.84630348413486,0.027,catalog,4311691769.706085,13967432.280359691,Jackson,-0.28304773940926253,-0.6544150572853005,GP,0.46126342728884034,0.6731074074308129,6.2033831088100215e+22,6.2033831088100215e+22
1.91,1.272,catalog,0.18,421.8069811790881,5.3,130.723132757285,0.027,catalog,7500380952.2807045,14481384.075447991,Jackson,-0.4335443604131672,-0.7227677221068796,linear,0.4153355041829791,0.5531770825782238,2.287995521207437e+22,2.287995521207437e+22
1.91,1.272,catalog,0.18,421.8069811790881,5.3,225.52875224336591,0.027,catalog,4458803056.91344,63715791.071254924,Jackson,-0.44531076570755357,-0.6730137158456543,linear,0.05342450363695155,0.1929126200843042,2.0290756208563705e+22,2.0290756208563705e+22
1.91,1.272,catalog,0.18,421.8069811790881,5.3,523.4791368791037,0.027,catalog,4061357239.0474486,88377396.04790176,Selsis,-0.3782806043806735,-0.7362742754400599,linear,0.11605737723038378,0.7841927990652802,3.4893704622662687e+22,3.4893704622662687e+22
1.91,1.272,catalog,0.18,421.8069811790881,5.3,669.7251700456643,0.027,catalog,3405395552.53584,30414350.861795094,Selsis,-0.49864490636471703,-0.7694251838948163,log,0.20966379722123543,0.8827157767110709,2.4776315325846575e+22,2.4776315325846575e+22
1.91,1.272,catalog,0.18,421.8069811790881,5.3,262.7146547694652,0.027,catalog,3873647963.1070137,41353126.980546676,Jackson,-0.4680754736723794,-0.7829191771277193,log,0.336802535264344,0.07737359860446535,1.7475511433970615e+22,1.7475511433970615e+22
1.91,1.272,catalog,0.18,421.8069811790881,5.3,224.435316540425,0.027,catalog,4478959148.764873,17697684.205202922,Jackson,-0.32195285082559205,-0.799791676130495,linear,0.4217122176355012,0.9918674183609771,3.999835987040456e+22,3.999835987040456e+22
1.91,1.272,catalog,0.18,421.8069811790881,5.3,153.91319302563025,0.027,catalog,10333232876.822237,23166009.53096529,Selsis,-0.45016099151703315,-0.709252255512146,linear,0.055781972108823207,0.7733152633887393,2.880136141482666e+22,2.880136141482666e+22
1.91,1.272,catalog,0.18,421.8069811790881,5.3,625.8836931358361,0.027,catalog,3573212910.2161636,47166146.74288628,Selsis,-0.46708364317614864,-0.7788578010599128,linear,0.4806061450517643,0.4406944673729838,2.5417381605237838e+22,2.5417381605237838e+22
1.91,1.272,catalog,0.18,421.8069811790881,5.3,650.0973323813578,0.027,catalog,1738892681.4957428,87676229.57802635,Jackson,-0.4814039923387209,-0.6095924624865712,GP,0.1936350491881755,0.7873994896660332,2.206669336402607e+22,2.206669336402607e+22
1.91,1.272,catalog,0.18,421.8069811790881,5.3,315.4564999446534,0.027,catalog,3280536149.829656,80745740.3584147,Jackson,-0.4015985150218397,-0.7252668479833161,GP,0.0853229514239722,0.27353259698689725,2.134041447685382e+22,2.134041447685382e+22
1.91,1.272,catalog,0.18,421.8069811790881,5.3,426.6356105863862,0.027,catalog,4711627586.490071,61586794.672556154,Selsis,-0.30177754607167845,-0.6228106724726344,log,0.31741642261285413,0.20881522903499294,6.933810107370191e+22,6.933810107370191e+22
1.91,1.272,catalog,0.18,421.8069811790881,5.3,991.5382315476874,0.027,catalog,2586919659.370825,55821037.18105587,Selsis,-0.4412706981828865,-0.7838998153815337,log,0.059723495781715714,0.07173607171480778,2.412645725815909e+22,2.412645725815909e+22
1.91,1.272,catalog,0.18,421.8069811790881,5.3,163.2106056226966,0.027,catalog,6048634687.353879,65177889.1240489,Jackson,-0.3827303544383157,-0.7767960900050482,log,0.25760704615254937,0.7362065938068483,2.338416867434386e+22,2.338416867434386e+22
1.91,1.272,catalog,0.18,421.8069811790881,5.3,120.81795856327174,0.027,catalog,8105472355.122586,41538241.50485804,Jackson,-0.33198905188942607,-0.7007171353602202,GP,0.48236191041110216,0.7217290059751812,3.58844048577373e+22,3.58844048577373e+22
1.91,1.272,catalog,0.18,421.8069811790881,5.3,229.25314067846514,0.027,catalog,4391601903.704437,38919331.08333752,Jackson,-0.4779882431912613,-0.6384175779258577,GP,0.457351347591949,0.12517755596515034,2.0982647956817387e+22,2.0982647956817387e+22
1.91,1.272,catalog,0.18,421.8069811790881,5.3,175.77151850532377,0.027,catalog,9289622741.757011,56607268.389087155,Selsis,-0.35910993891739573,-0.6510941518898776,log,0.0526389191113811,0.33110454412101753,4.550983258497763e+22,4.550983258497763e+22
1.91,1.272,catalog,0.18,421.8069811790881,5.3,816.308573544,0.027,catalog,1432636526.1120908,6595076.465350173,Jackson,-0.48403760829128994,-0.7545302302752989,linear,0.13955076662867033,0.7214970186755185,2.1669035558259126e+22,2.1669035558259126e+22
1.91,1.272,catalog,0.18,421.8069811790881,5.3,335.6848586371841,0.027,catalog,3102328759.5025773,90647816.56655139,Jackson,-0.44473602565813103,-0.7211203714510726,log,0.09064546302398989,0.2569063757178842,1.8515640377764181e+22,1.8515640377764181e+22
1.91,1.272,catalog,0.18,421.8069811790881,5.3,792.016535971883,0.027,catalog,1469721161.4514883,58044495.074191935,Jackson,-0.331136710767033,-0.6805633541902757,log,0.3310299591938242,0.489624700414506,2.929319764026746e+22,2.929319764026746e+22
1.91,1.272,catalog,0.18,421.8069811790881,5.3,471.31010316655556,0.027,catalog,4381850287.286887,57039749.84381288,Selsis,-0.4596456311479012,-0.7395203958521608,GP,0.4253682678693987,0.06497154179088882,2.625197968497479e+22,2.625197968497479e+22
1.91,1.272,catalog,0.18,421.8069811790881,5.3,178.64488377494087,0.027,catalog,5549039249.087328,42845972.26664937,Jackson,-0.28001018948220446,-0.7677528365508525,log,0.18289326033329772,0.2935306112537729,4.933095007107109e+22,4.933095007107109e+22
1.91,1.272,catalog,0.18,421.8069811790881,5.3,1573.0395243868065,0.027,catalog,1764376505.2317762,87400475.55589728,Selsis,-0.4031268452020043,-0.7110796533749076,GP,0.06062180006503671,0.19950904591544272,1.9286135111245013e+22,1.9286135111245013e+22
1.91,1.272,catalog,0.18,421.8069811790881,5.3,1581.409015554233,0.027,catalog,1120107405.2283254,9908069.377422819,Selsis,-0.428045728223075,-0.7064161623714671,linear,0.3103257933591604,0.9762834702135428,1.3905498407476323e+22,1.3905498407476323e+22
1.91,1.272,catalog,0.18,421.8069811790881,5.3,95.92446023164803,0.027,catalog,10213291921.6551,53586659.645573735,Jackson,-0.4075549696928643,-0.7559229066171216,log,0.10401119812372246,0.7453679085711916,2.176961622092636e+22,2.176961622092636e+22
1.91,1.272,catalog,0.18,421.8069811790881,5.3,131.7922784048447,0.027,catalog,7440745676.4392805,32999169.998459585,Jackson,-0.4818730730539525,-0.7259958525955856,log,0.3057595106971004,0.5711294631985417,1.9882583216958986e+22,1.9882583216958986e+22
1.91,1.272,catalog,0.18,421.8069811790881,5.3,1155.252357504696,0.027,catalog,2328058992.9972286,23280358.56014505,Selsis,-0.47304737874672,-0.7668280884791308,log,0.058058927654271626,0.13219345545872285,2.2274984019178283e+22,2.2274984019178283e+22
1.91,1.272,catalog,0.18,421.8069811790881,5.3,319.1379786944016,0.027,catalog,3246442241.332659,82779145.56646211,Jackson,-0.4169323889821697,-0.6969877610539327,GP,0.10721145529902752,0.5660423213257678,2.0839300966257003e+22,2.0839300966257003e+22
1.91,1.272,catalog,0.18,421.8069811790881,5.3,1237.855717650714,0.027,catalog,1011731476.1702585,75509905.36819288,Jackson,-0.33160805268108834,-0.6365865123448493,log,0.40288449399484755,0.6948984001886691,2.4691231008989475e+22,2.4691231008989475e+22
1.91,1.272,catalog,0.18,421.8069811790881,5.3,407.4632304452807,0.027,catalog,2610825453.692546,68224036.63487469,Jackson,-0.4995788232968011,-0.7538711187791697,GP,0.0690983278461308,0.11085040291028359,1.6742698501383198e+22,1.6742698501383198e+22
1.91,1.272,catalog,0.18,421.8069811790881,5.3,1229.4272971376222,0.027,catalog,2230762606.0362544,17684246.741272915,Selsis,-0.46626868114182635,-0.6170710306605975,log,0.40205010439054345,0.6347570861522127,2.6956621624611562e+22,2.6956621624611562e+22
1.91,1.272,catalog,0.18,421.8069811790881,5.3,564.4492620414208,0.027,catalog,3847134637.3155847,71589132.83036445,Selsis,-0.47351444326032305,-0.7761170169843439,log,0.3796925128734913,0.7601017743907679,2.462449328147667e+22,2.462449328147667e+22
1.91,1.272,catalog,0.18,421.8069811790881,5.3,634.1055437970429,0.027,catalog,1776429576.7934833,34523041.58368427,Jackson,-0.39948165662118823,-0.6075008511165524,GP,0.0816868345536615,0.53683302190989,2.8196975738981045e+22,2.8196975738981045e+22
1.91,1.272,catalog,0.18,421.8069811790881,5.3,121.11393554939053,0.027,catalog,12568523422.906025,63433897.185115725,Selsis,-0.4079517222203601,-0.6080099891410286,linear,0.11238435651284416,0.5001745491297126,4.17101921739165e+22,4.17101921739165e+22
1.91,1.272,catalog,0.18,421.8069811790881,5.3,1581.409015554233,0.027,catalog,1441126431.343618,53476357.05807158,Selsis,-0.36313590104393545,-0.6881329711725064,linear,0.0861674612244586,0.3234244859311113,1.943625662245962e+22,1.943625662245962e+22
1.91,1.272,catalog,0.18,421.8069811790881,5.3,362.5278326971238,0.027,catalog,5315036876.591572,29166834.16425478,Selsis,-0.428129407164173,-0.664249485816758,log,0.4034446141407469,0.37849855260603316,3.292677771841333e+22,3.292677771841333e+22
1.91,1.272,catalog,0.18,421.8069811790881,5.3,428.31384136196755,0.027,catalog,2498360441.379058,41686573.96307589,Jackson,-0.46119408842729487,-0.6435198093130803,GP,0.43101892850100687,0.7835090412025779,2.281906991890026e+22,2.281906991890026e+22
1.91,1.272,catalog,0.18,421.8069811790881,5.3,127.07419540451805,0.027,catalog,7711811037.004079,41064787.94282834,Jackson,-0.35811960724195196,-0.7606393684413193,linear,0.05200609150779519,0.27310995353436074,2.7227494827856664e+22,2.7227494827856664e+22
1.91,1.272,catalog,0.18,421.8069811790881,5.3,1238.0196900643368,0.027,catalog,1011620757.1246942,51732843.472315535,Jackson,-0.3504014905136659,-0.7336336109568261,log,0.33254356942866353,0.7847023237577277,2.2270675410237683e+22,2.2270675410237683e+22
1.91,1.272,catalog,0.18,421.8069811790881,5.3,261.59517381169076,0.027,catalog,6806856660.4275465,81641329.4419989,Selsis,-0.37214530100020754,-0.7344443043677554,log,0.33242266117636965,0.2864594862646218,3.639093655254981e+22,3.639093655254981e+22
1.91,1.272,catalog,0.18,421.8069811790881,5.3,1137.8321285601708,0.027,catalog,2352501916.582605,49259613.594014384,Selsis,-0.36158604333834216,-0.7394170189838175,log,0.10945740891311954,0.7930866834939699,2.988752281115471e+22,2.988752281115471e+22
1.91,1.272,catalog,0.18,421.8069811790881,5.3,135.01349994710236,0.027,catalog,7267019695.213819,94300510.89466469,Jackson,-0.4138097935043249,-0.7407223015719545,GP,0.4116056904082012,0.7232120807588392,1.9785315117113486e+22,1.9785315117113486e+22
1.91,1.272,catalog,0.18,421.8069811790881,5.3,255.30723027066435,0.027,catalog,3976580578.4574265,45295987.34428278,Jackson,-0.46829568537837124,-0.6666233631206817,GP,0.1803396212895349,0.9464671369947822,2.1153335889684463e+22,2.1153335889684463e+22
1.91,1.272,catalog,0.18,421.8069811790881,5.3,1581.4090155542317,0.027,catalog,1059237784.1404151,81606952.97265038,Selsis,-0.29370218545579024,-0.7236707535876709,GP,0.13761563532192597,0.3408200378860816,2.09439154259441e+22,2.09439154259441e+22
1.91,1.272,catalog,0.18,421.8069811790881,5.3,1544.2226330903763,0.027,catalog,1824393330.6385708,43327040.8373174,Selsis,-0.4789144904899444,-0.7410412461266574,linear,0.07394045614563191,0.0657646633071769,1.7786712950481653e+22,1.7786712950481653e+22
1.91,1.272,catalog,0.18,421.8069811790881,5.3,178.52978711611985,0.027,catalog,5552437433.800628,58413474.03454472,Jackson,-0.3246839884302583,-0.6542077092139886,log,0.06345354548872749,0.2910675240695042,3.727046269392447e+22,3.727046269392447e+22
1.91,1.272,catalog,0.18,421.8069811790881,5.3,610.9119221016188,0.027,catalog,3635443536.280279,31037077.610584356,Selsis,-0.39702542070864527,-0.6386652606492242,GP,0.4983901480046913,0.21483532669489191,3.7937200542925025e+22,3.7937200542925025e+22
1.91,1.272,catalog,0.18,421.8069811790881,5.3,230.45882524820584,0.027,catalog,7507009366.246122,94926720.15493394,Selsis,-0.3846624823103441,-0.7723602736030786,GP,0.0990426046623182,0.22357022954535677,3.278367966799793e+22,3.278367966799793e+22
1.91,1.272,catalog,0.18,421.8069811790881,5.3,320.20170046302684,0.027,catalog,3236735517.3901806,44396100.05903653,Jackson,-0.4441767930762681,-0.704589142179226,log,0.18289782935839408,0.703422023190761,2.090315371457495e+22,2.090315371457495e+22
1.91,1.272,catalog,0.18,421.8069811790881,5.3,170.65811357353957,0.027,catalog,9510985928.27915,25301861.905397095,Selsis,-0.31745177337680197,-0.7392761256148701,linear,0.08171184494248417,0.01586873739282202,5.628226794210232e+22,5.628226794210232e+22
1.91,1.272,catalog,0.18,421.8069811790881,5.3,1072.4303249771576,0.027,catalog,2450402495.6697335,57687714.52332344,Selsis,-0.3186738530223876,-0.683658001922496,linear,0.05260662940512412,0.404141702917873,4.053899618740513e+22,4.053899618740513e+22
1.91,1.272,catalog,0.18,421.8069811790881,5.3,393.6115506831136,0.027,catalog,2691971568.0412307,67589927.24389334,Jackson,-0.3504994221185749,-0.7134075499938389,GP,0.08701591523769883,0.17580461140803727,2.726965812770415e+22,2.726965812770415e+22
1.91,1.272,catalog,0.18,421.8069811790881,5.3,535.5487396375578,0.027,catalog,3995210652.6603136,75157125.47008659,Selsis,-0.434280136715001,-0.6836432259917247,GP,0.30265344635607033,0.9560571883285018,2.974613663469042e+22,2.974613663469042e+22
1.91,1.272,catalog,0.18,421.8069811790881,5.3,498.94824303771315,0.027,catalog,2185619333.701733,11665138.090471195,Jackson,-0.4319769193164861,-0.6433301447745857,GP,0.170968450281635,0.013916820339574087,2.0428506513315356e+22,2.0428506513315356e+22
1.91,1.272,catalog,0.18,421.8069811790881,5.3,401.2951825207591,0.027,catalog,2646282337.339286,15420097.073755654,Jackson,-0.34731317990939026,-0.7180923207969353,GP,0.4005010820883562,0.8896731260253468,3.42146999565638e+22,3.42146999565638e+22
1.91,1.272,catalog,0.18,421.8069811790881,5.3,1052.625730644183,0.027,catalog,2482130300.721767,27402085.730550826,Selsis,-0.4952461981292423,-0.7003607160186976,GP,0.2032255179129851,0.6692443591246686,2.3775606238010197e+22,2.3775606238010197e+22
1.91,1.272,catalog,0.18,421.8069811790881,5.3,94.66203595582931,0.027,catalog,10351707871.412367,53419047.62879278,Jackson,-0.2806788916516814,-0.7385889238491283,GP,0.3249519283602063,0.6925608232723255,5.652689275367456e+22,5.652689275367456e+22
1.91,1.272,catalog,0.18,421.8069811790881,5.3,166.7316613934615,0.027,catalog,5926299378.316283,39836090.100117624,Jackson,-0.4892743819785242,-0.7821116597223028,log,0.27310788135717695,0.07499077544647537,1.7046346442737044e+22,1.7046346442737044e+22
1.91,1.272,catalog,0.18,421.8069811790881,5.3,722.2395885577151,0.027,catalog,1589424468.965791,98728876.71625221,Jackson,-0.3957593608793858,-0.7520728111347088,GP,0.059814512519029896,0.6700883605133754,2.031635509527005e+22,2.031635509527005e+22
1.91,1.272,catalog,0.18,421.8069811790881,5.3,785.1989068103968,0.027,catalog,1480521476.976254,92909917.08090992,Jackson,-0.31587725496498165,-0.7535978979865069,log,0.12856691921758903,0.4133367933132239,2.9397035015338338e+22,2.9397035015338338e+22
1.91,1.272,catalog,0.18,421.8069811790881,5.3,150.76868721445675,0.027,catalog,6528142216.688297,13568399.436215103,Jackson,-0.3702728866474918,-0.702241983602059,log,0.15908606480531504,0.6130224309570781,2.9623729472209538e+22,2.9623729472209538e+22
1.91,1.272,catalog,0.18,421.8069811790881,5.3,551.288676112044,0.027,catalog,3912846609.516928,4525647.462112974,Selsis,-0.4022179043340748,-0.6675959700879919,GP,0.20979183114516395,0.23504527273679532,3.641357205024389e+22,3.641357205024389e+22
1.91,1.272,catalog,0.18,421.8069811790881,5.3,1417.5704672274264,0.027,catalog,2024176282.0226743,79463292.24031049,Selsis,-0.4210369956106322,-0.7177951869994132,GP,0.3206287030418463,0.254637790601422,2.1082536789431447e+22,2.1082536789431447e+22
1.91,1.272,catalog,0.18,421.8069811790881,5.3,637.553256438235,0.027,catalog,3526512180.606378,75875199.84420954,Selsis,-0.4536016249165379,-0.7094388367132685,log,0.15557904546447454,0.19503670588328637,2.711983645459554e+22,2.711983645459554e+22
1.91,1.272,catalog,0.18,421.8069811790881,5.3,163.64325134793128,0.027,catalog,9835965825.336744,73818937.56456761,Selsis,-0.33081919564906476,-0.692992391153741,linear,0.19788879412467594,0.5421938040488278,5.169030423525197e+22,5.169030423525197e+22
1.91,1.272,catalog,0.18,421.8069811790881,5.3,166.63608224599622,0.027,catalog,5929550025.001983,79783997.81927668,Jackson,-0.3469601502407342,-0.7405648958590471,linear,0.36221363212111923,0.2802162013172588,2.827200327212722e+22,2.827200327212722e+22
1.91,1.272,catalog,0.18,421.8069811790881,5.3,404.4756934854539,0.027,catalog,4899384816.463155,80885507.48627855,Selsis,-0.31693293239464826,-0.6392369753274767,GP,0.06332759493082817,0.1510926062328507,6.112995178888988e+22,6.112995178888988e+22
1.91,1.272,catalog,0.18,421.8069811790881,5.3,163.7054023361013,0.027,catalog,6031116710.967743,43431507.86252731,Jackson,-0.33154047380431484,-0.7055078351723948,GP,0.08180498313646471,0.4899799177693617,3.5227157647465363e+22,3.5227157647465363e+22
1.91,1.272,catalog,0.18,421.8069811790881,5.3,103.29551306154455,0.027,catalog,9476840768.831297,34038452.47853574,Jackson,-0.47274953388336793,-0.7083624771270058,GP,0.19554832128300978,0.9341420318234682,2.0400281190160598e+22,2.0400281190160598e+22
1.91,1.272,catalog,0.18,421.8069811790881,5.3,233.9396113049043,0.027,catalog,4310101145.626804,92830893.37336966,Jackson,-0.49693984755630694,-0.6894277547715519,linear,0.13640227381189982,0.8882020275585342,1.7666155290926747e+22,1.7666155290926747e+22
1.91,1.272,catalog,0.18,421.8069811790881,5.3,180.92252775289614,0.027,catalog,5482702095.875216,83251081.47387525,Jackson,-0.4577706369971457,-0.7269131954256352,linear,0.3152909492002351,0.9704160583053513,1.8217054023675107e+22,1.8217054023675107e+22
1.91,1.272,catalog,0.18,421.8069811790881,5.3,264.5307555435059,0.027,catalog,3849291439.8494296,9674928.881538535,Jackson,-0.49558043055392986,-0.7800712706886076,linear,0.1435987432280595,0.6145349642750556,2.0624025036499725e+22,2.0624025036499725e+22
1.91,1.272,catalog,0.18,421.8069811790881,5.3,158.18731528115882,0.027,catalog,6232870954.476025,36111052.407413535,Jackson,-0.3068521896470433,-0.712376569365674,GP,0.4889876460808018,0.46102918297117823,4.344865117206964e+22,4.344865117206964e+22
1.91,1.272,catalog,0.18,421.8069811790881,5.3,207.00320141803007,0.027,catalog,4829334905.558864,1364841.2040216974,Jackson,-0.4234426521638976,-0.6388932050544672,linear,0.13921746854059522,0.7294784650421755,2.8538680028154003e+22,2.8538680028154003e+22
1.91,1.272,catalog,0.18,421.8069811790881,5.3,332.7984607710761,0.027,catalog,3126448942.862015,32753607.272383753,Jackson,-0.29231191394237804,-0.6023546390896681,GP,0.06230129045100086,0.4794481076884878,5.528417516338103e+22,5.528417516338103e+22
1.91,1.272,catalog,0.18,421.8069811790881,5.3,105.07669410511141,0.027,catalog,9315317973.738247,70703281.24454789,Jackson,-0.47146903028720794,-0.6348179814921159,linear,0.1480067706563754,0.7456563773027896,2.1580758748033324e+22,2.1580758748033324e+22
1.91,1.272,catalog,0.18,421.8069811790881,5.3,936.5817910391017,0.027,catalog,2691321387.0324507,26094484.26715164,Selsis,-0.35380059391454965,-0.7479873728219739,GP,0.3076896115991416,0.36513460854960356,3.483560492361937e+22,3.483560492361937e+22
1.91,1.272,catalog,0.18,421.8069811790881,5.3,189.25043373792423,0.027,catalog,8760491752.411833,12493783.406189535,Selsis,-0.4813432141089554,-0.7557643488638076,log,0.05646554659305169,0.9122674215936042,2.6418549583923395e+22,2.6418549583923395e+22
1.91,1.272,catalog,0.18,421.8069811790881,5.3,1367.9084721137897,0.027,catalog,2073910025.7386851,15972528.09352486,Selsis,-0.3454913336621753,-0.6283226292171341,log,0.12483520017535776,0.018287689149076636,3.2352986008133984e+22,3.2352986008133984e+22
1.91,1.272,catalog,0.18,421.8069811790881,5.3,151.23564117447438,0.027,catalog,6508674161.769605,13646653.381914401,Jackson,-0.4960894848012748,-0.6660305193169149,GP,0.13588971181317708,0.6419899919923996,2.2654811512864707e+22,2.2654811512864707e+22
1.91,1.272,catalog,0.18,421.8069811790881,5.3,514.5812331581761,0.027,catalog,4111894176.0820923,31923874.20563723,Selsis,-0.48121147580944235,-0.6583569255599191,linear,0.4478420948041602,0.563946491856733,2.973239603439594e+22,2.973239603439594e+22
1.91,1.272,catalog,0.18,421.8069811790881,5.3,238.40789106136177,0.027,catalog,4235395017.174661,61306870.17654087,Jackson,-0.4424135193858209,-0.7536095755548609,GP,0.061845329512568756,0.9898095831192352,1.9332850301679067e+22,1.9332850301679067e+22
1.91,1.272,catalog,0.18,421.8069811790881,5.3,508.0176139797895,0.027,catalog,2151593068.694603,1560158.2162603366,Jackson,-0.376370789622867,-0.7491881887367845,log,0.0709917147962943,0.3551311877242408,2.6798862926592065e+22,2.6798862926592065e+22
1.91,1.272,catalog,0.18,421.8069811790881,5.3,630.7040243916435,0.027,catalog,3553736344.2735806,79402656.06615081,Selsis,-0.38805737573493426,-0.6999436500683679,log,0.1533156328522953,0.0827165683156248,3.4164075144454003e+22,3.4164075144454003e+22
1.91,1.272,catalog,0.18,421.8069811790881,5.3,757.724206516031,0.027,catalog,3121130784.3954964,4789327.371618949,Selsis,-0.35986205199283855,-0.7343976867668782,log,0.3944855654757555,0.08041896301392948,3.6730382976765642e+22,3.6730382976765642e+22
1.91,1.272,catalog,0.18,421.8069811790881,5.3,142.69175879487702,0.027,catalog,6885779315.197993,88591472.10248569,Jackson,-0.32151953420117,-0.7258613873905809,GP,0.13829574219389465,0.7250151630319855,3.5272212368837845e+22,3.5272212368837845e+22
1.91,1.272,catalog,0.18,421.8069811790881,5.3,359.57419514623115,0.027,catalog,5347689179.077673,89235919.91769548,Selsis,-0.48218612357347185,-0.6014442239882543,log,0.3366388394587579,0.030080846003504913,3.6069312688660746e+22,3.6069312688660746e+22
1.91,1.272,catalog,0.18,421.8069811790881,5.3,539.0880487411035,0.027,catalog,3976316117.115651,41760634.51084077,Selsis,-0.38157538480938796,-0.7245621722557105,linear,0.08996952008483151,0.7225539090090196,3.5819334339763647e+22,3.5819334339763647e+22
1.91,1.272,catalog,0.18,421.8069811790881,5.3,144.47388002021174,0.027,catalog,6803305644.621462,41219409.84313044,Jackson,-0.44118827497407426,-0.6281909211452971,GP,0.07505656594827304,0.6058652377775898,2.4874487824811488e+22,2.4874487824811488e+22
1.91,1.272,catalog,0.18,421.8069811790881,5.3,181.47304767731967,0.027,catalog,5466923466.577229,37446076.65349945,Jackson,-0.39059879206840187,-0.637749465472325,linear,0.36142040181455154,0.302271938404842,2.7281445421085964e+22,2.7281445421085964e+22
1.91,1.272,catalog,0.18,421.8069811790881,5.3,90.73245427527517,0.027,catalog,10808978980.645626,42356295.3788756,Jackson,-0.48245439172353644,-0.6996821724090477,linear,0.12900970469189432,0.190879689518485,1.8946932437184936e+22,1.8946932437184936e+22
1.91,1.272,catalog,0.18,421.8069811790881,5.3,511.97778460592235,0.027,catalog,2137101821.95932,26109288.804098457,Jackson,-0.4059027678855862,-0.6108304404501612,GP,0.3160613936790663,0.7107700100708676,3.028339536352088e+22,3.028339536352088e+22
1.91,1.272,catalog,0.18,421.8069811790881,5.3,341.663416940054,0.027,catalog,3053647292.7800174,62146906.54744564,Jackson,-0.4212588859124745,-0.7215163779079968,GP,0.3622568370212266,0.9714185872502803,2.0881573171590165e+22,2.0881573171590165e+22
1.91,1.272,catalog,0.18,421.8069811790881,5.3,432.0026424111601,0.027,catalog,4668773310.3103075,80788613.45829353,Selsis,-0.2974400194759006,-0.7139480423563557,GP,0.11531667049216017,0.9179241480594259,6.52092951704287e+22,6.52092951704287e+22
1.91,1.272,catalog,0.18,421.8069811790881,5.3,116.89153131971224,0.027,catalog,8375153991.396091,22502083.970082235,Jackson,-0.4803437470377051,-0.7632503410794558,GP,0.05221890739053803,0.8195685377573814,2.0249088203571367e+22,2.0249088203571367e+22
1.91,1.272,catalog,0.18,421.8069811790881,5.3,382.43378984990767,0.027,catalog,5107011132.275991,48428403.64466532,Selsis,-0.4777715152849851,-0.6750118448697199,linear,0.31277842750561136,0.09210174411562655,2.8111472039164564e+22,2.8111472039164564e+22
1.91,1.272,catalog,0.18,421.8069811790881,5.3,229.79740125040644,0.027,catalog,4381965181.996361,82725922.53136626,Jackson,-0.40013836079517584,-0.7429543441599045,linear,0.11261197065880056,0.3570291824082329,2.123225629743684e+22,2.123225629743684e+22
1.91,1.272,catalog,0.18,421.8069811790881,5.3,1049.606140360667,0.027,catalog,2487059445.199925,39249609.042573564,Selsis,-0.29057499855026986,-0.7110788452304494,GP,0.27743305535030943,0.930324488076123,5.129459402842413e+22,5.129459402842413e+22
1.91,1.272,catalog,0.18,421.8069811790881,5.3,366.0030106067124,0.027,catalog,5277235136.254013,40539714.7394885,Selsis,-0.3280252254259882,-0.628626357105046,linear,0.17289566078352014,0.8122896786203851,6.126068927477767e+22,6.126068927477767e+22
1.91,1.272,catalog,0.18,421.8069811790881,5.3,196.21778392469764,0.027,catalog,5077902362.022386,63867132.182084806,Jackson,-0.42937952705980875,-0.6424674338820514,GP,0.25217059309393147,0.32558239972668557,2.305627196789219e+22,2.305627196789219e+22
1.91,1.272,catalog,0.18,421.8069811790881,5.3,242.0209355737166,0.027,catalog,7227464132.593437,40165515.43635079,Selsis,-0.3427620200122494,-0.7786330631961313,log,0.16176651840300163,0.5068558193258058,4.510292050282117e+22,4.510292050282117e+22
1.91,1.272,catalog,0.18,421.8069811790881,5.3,757.3125699239707,0.027,catalog,3122324118.9367185,76292723.52767102,Selsis,-0.4825401365809781,-0.649458646205045,linear,0.13126168982620168,0.26437814686294825,2.8322115467946565e+22,2.8322115467946565e+22
1.91,1.272,catalog,0.18,421.8069811790881,5.3,747.7145389976715,0.027,catalog,1543251736.5765765,80144922.51665671,Jackson,-0.2838105562804754,-0.6719417702142612,linear,0.15585735395423314,0.664948284376478,4.0892974286275875e+22,4.0892974286275875e+22
1.91,1.272,catalog,0.18,421.8069811790881,5.3,664.1884465090826,0.027,catalog,1707255794.4963465,25129189.168328557,Jackson,-0.4602675850657611,-0.6509323996505048,log,0.2803084427957277,0.6864127087087172,2.3605641988359917e+22,2.3605641988359917e+22
1.91,1.272,catalog,0.18,421.8069811790881,5.3,275.3142962319373,0.027,catalog,6545264393.628222,79803966.77712591,Selsis,-0.4637305976566151,-0.7931121805659905,log,0.10702693881672555,0.9519731188385675,2.4738839636422095e+22,2.4738839636422095e+22
1.91,1.272,catalog,0.18,421.8069811790881,5.3,833.184256663509,0.027,catalog,1408086622.7538743,27476523.166494086,Jackson,-0.49754498925193136,-0.6825188324770337,linear,0.3693944503077753,0.011866920708916595,1.6778033614574596e+22,1.6778033614574596e+22
1.91,1.272,catalog,0.18,421.8069811790881,5.3,550.5287201771918,0.027,catalog,3916726638.9765744,53496832.424915425,Selsis,-0.4353196003781655,-0.778381136411336,log,0.11891245561642566,0.26061786498853656,2.73024433585708e+22,2.73024433585708e+22
1.91,1.272,catalog,0.18,421.8069811790881,5.3,316.8279700299717,0.027,catalog,3267743505.6631193,81376521.1050914,Jackson,-0.4854731857266533,-0.6612044655662568,linear,0.31731840728511623,0.4656638979778803,1.9290092984307225e+22,1.9290092984307225e+22
1.91,1.272,catalog,0.18,421.8069811790881,5.3,959.6397147312538,0.027,catalog,2646244910.8063235,90589148.26979105,Selsis,-0.29541941443072,-0.7861750152382371,GP,0.08205073370326214,0.6589374517404083,4.810373510389486e+22,4.810373510389486e+22
1.91,1.272,catalog,0.18,421.8069811790881,5.3,143.4789820396135,0.027,catalog,6849085893.123777,58418763.29049019,Jackson,-0.42157216663389985,-0.7777557129862742,GP,0.05694014983450647,0.8047956916005911,2.034859954097333e+22,2.034859954097333e+22
1.91,1.272,catalog,0.18,421.8069811790881,5.3,741.7077941423057,0.027,catalog,1553865837.7967405,11323319.898349714,Jackson,-0.38337780514663367,-0.7682240249142733,log,0.05612626289439079,0.09622423409279901,2.1307815629329638e+22,2.1307815629329638e+22
1.91,1.272,catalog,0.18,421.8069811790881,5.3,484.9815384437683,0.027,catalog,4291897216.1979127,62198262.73678173,Selsis,-0.443723478773473,-0.6802352852711069,log,0.13413947481551372,0.5234907416536494,2.9473173689455035e+22,2.9473173689455035e+22
1.91,1.272,catalog,0.18,421.8069811790881,5.3,875.4672234767762,0.027,catalog,2820787274.1418614,69341036.42326373,Selsis,-0.4669660736531824,-0.7035358544010202,linear,0.49183093562906155,0.8045628491050912,2.5263347006926047e+22,2.5263347006926047e+22
1.91,1.272,catalog,0.18,421.8069811790881,5.3,1581.4090155542317,0.027,catalog,1654730839.5748236,83760621.05896716,Selsis,-0.48546739071738065,-0.677634114567954,linear,0.43235522297790113,0.12671584714477846,1.6186651443106213e+22,1.6186651443106213e+22
1.91,1.272,catalog,0.18,421.8069811790881,5.3,319.61519650414306,0.027,catalog,5843269674.936562,2227271.8433586373,Selsis,-0.3976834786208747,-0.7252133742853663,log,0.2722665800661562,0.43234964953545696,3.4718372149978234e+22,3.4718372149978234e+22
1.91,1.272,catalog,0.18,421.8069811790881,5.3,342.50519348439974,0.027,catalog,3046927509.384347,53536506.75264564,Jackson,-0.4256490886664463,-0.6684725295114833,linear,0.054517349764209806,0.29330274322928285,2.2187710364132103e+22,2.2187710364132103e+22
1.91,1.272,catalog,0.18,421.8069811790881,5.3,439.0365728347866,0.027,catalog,2444585803.0723343,44287720.84810751,Jackson,-0.37784087124278404,-0.7202657932413972,GP,0.4965327290428443,0.2718467645301714,2.4973785292030085e+22,2.4973785292030085e+22
1.91,1.272,catalog,0.18,421.8069811790881,5.3,158.38015889062456,0.027,catalog,6225575891.764031,76638808.45448537,Jackson,-0.300322257671694,-0.7033319725215741,log,0.19772934880184134,0.27923213244065603,4.139240368660277e+22,4.139240368660277e+22
1.91,1.272,catalog,0.18,421.8069811790881,5.3,600.0842370691231,0.027,catalog,1862668700.9734583,26803117.075438514,Jackson,-0.285911816332653,-0.6212643700205623,GP,0.12902655987087477,0.09581459650285273,3.2212814589938287e+22,3.2212814589938287e+22
1.91,1.272,catalog,0.18,421.8069811790881,5.3,178.04781090934256,0.027,catalog,9194956245.827505,95276723.1628216,Selsis,-0.2964549877603117,-0.7409064328976936,log,0.20535039999897503,0.12122633466024002,6.857753066183075e+22,6.857753066183075e+22
1.91,1.272,catalog,0.18,421.8069811790881,5.3,469.6952220796822,0.027,catalog,2304042848.421377,52469679.74418555,Jackson,-0.4333812387835774,-0.6658623582222165,GP,0.11727979319454472,0.9270206528295427,2.22791931880883e+22,2.22791931880883e+22
1.91,1.272,catalog,0.18,421.8069811790881,5.3,621.1011347006296,0.027,catalog,3592801947.9632163,26298546.605074797,Selsis,-0.4866881553510031,-0.7677126048799277,GP,0.2011897402076049,0.7801800113553805,2.5356964186853917e+22,2.5356964186853917e+22
1.91,1.272,catalog,0.18,421.8069811790881,5.3,407.76729816679745,0.027,catalog,2609104658.022304,23925579.400794197,Jackson,-0.3833214638873552,-0.6456806885365164,linear,0.06099446210326986,0.16943916025797268,2.6655101855029084e+22,2.6655101855029084e+22
1.91,1.272,catalog,0.18,421.8069811790881,5.3,413.7090001016933,0.027,catalog,4818947475.890571,57441530.607340775,Selsis,-0.36047873508078626,-0.7693911034444119,GP,0.13731063241078248,0.5374773164701427,3.907437561368239e+22,3.907437561368239e+22
1.91,1.272,catalog,0.18,421.8069811790881,5.3,115.87740945719906,0.027,catalog,8447932157.160543,30069059.921294138,Jackson,-0.4732354720340843,-0.6336173374188758,linear,0.31109234247742223,0.7630139260488632,2.3898023876884955e+22,2.3898023876884955e+22
1.91,1.272,catalog,0.18,421.8069811790881,5.3,1063.513662066471,0.027,catalog,2464559853.5925493,31546248.176329564,Selsis,-0.34315168028827037,-0.791504304095157,GP,0.08640101839521415,0.30570551292865455,3.4215412945228245e+22,3.4215412945228245e+22
1.91,1.272,catalog,0.18,421.8069811790881,5.3,949.5137873892286,0.027,catalog,2665804406.0389295,87061259.09267227,Selsis,-0.48842455371421883,-0.7421392824946086,linear,0.08760318563985953,0.07111236906915741,2.282881120686255e+22,2.282881120686255e+22
1.91,1.272,catalog,0.18,421.8069811790881,5.3,516.4013427399399,0.027,catalog,4101429927.6428394,25841792.668993354,Selsis,-0.4486600204169833,-0.665465597820546,GP,0.08117908602766796,0.477105948594315,3.123447830217188e+22,3.123447830217188e+22
1.91,1.272,catalog,0.18,421.8069811790881,5.3,1415.4181821516747,0.027,catalog,2026269010.3541195,10773960.527671535,Selsis,-0.29191214511853286,-0.7810472785362769,log,0.12126046516660295,0.8712624550232126,4.504879614747309e+22,4.504879614747309e+22
1.91,1.272,catalog,0.18,421.8069811790881,5.3,1699.2184847025621,0.027,catalog,780332484.8400626,17099793.303512357,Jackson,-0.33423384694056385,-0.6164973289885014,GP,0.2662680851820806,0.2876110847436735,2.2138250653072607e+22,2.2138250653072607e+22
1.91,1.272,catalog,0.18,421.8069811790881,5.3,163.38575537443705,0.027,catalog,6042421138.223237,81489184.82407802,Jackson,-0.32748180212926775,-0.6997438439811808,log,0.09434245422515734,0.5639091342768303,3.455361160854013e+22,3.455361160854013e+22
1.91,1.272,catalog,0.18,421.8069811790881,5.3,362.228436638192,0.027,catalog,5318324548.701529,62197213.882030606,Selsis,-0.30346184641240037,-0.7158563696055597,log,0.13823440171299467,0.1541903434997216,6.544747816484126e+22,6.544747816484126e+22
1.91,1.272,catalog,0.18,421.8069811790881,5.3,185.84651741607462,0.027,catalog,5344965724.595424,88671099.8938503,Jackson,-0.4271331926647106,-0.6876650833872515,linear,0.14158218858510468,0.15577136053554452,1.9823613253696702e+22,1.9823613253696702e+22
1.91,1.272,catalog,0.18,421.8069811790881,5.3,207.16645589873494,0.027,catalog,4825777041.402297,99157744.72187732,Jackson,-0.3651027972446967,-0.6240491195129836,log,0.14887828130548655,0.7508216321285636,2.9816818416450286e+22,2.9816818416450286e+22
1.91,1.272,catalog,0.18,421.8069811790881,5.3,128.23186196986663,0.027,catalog,7643370679.791941,75813466.92996134,Jackson,-0.3521160442723363,-0.7499648731950891,GP,0.13723702480849578,0.24393508925227525,2.705970226989085e+22,2.705970226989085e+22
1.91,1.272,catalog,0.18,421.8069811790881,5.3,225.74567435322498,0.027,catalog,4454827760.842602,41198818.49741865,Jackson,-0.3569026510764644,-0.7104480118257148,GP,0.0569721318521531,0.34000945754387124,2.877768206327534e+22,2.877768206327534e+22
1.91,1.272,catalog,0.18,421.8069811790881,5.3,219.56283181217543,0.027,catalog,4571237768.091977,42636613.62277958,Jackson,-0.4556452369199147,-0.7672697066295364,log,0.1806839464046838,0.9017710955018636,1.960342586287815e+22,1.960342586287815e+22
1.91,1.272,catalog,0.18,421.8069811790881,5.3,265.1212151771906,0.027,catalog,6737232213.420275,20847911.590898104,Selsis,-0.48728496711061975,-0.6169620185687655,linear,0.102858017909046,0.6453633186215301,3.4963117872819066e+22,3.4963117872819066e+22
1.91,1.272,catalog,0.18,421.8069811790881,5.3,132.24547920755478,0.027,catalog,7415770346.851816,73023180.31751983,Jackson,-0.41980165011554327,-0.6022125567848451,GP,0.3339948000409771,0.4876321166686163,2.723549060381899e+22,2.723549060381899e+22
1.91,1.272,catalog,0.18,421.8069811790881,5.3,258.61903395373776,0.027,catalog,6866990480.699908,1855034.4265814973,Selsis,-0.2989179419541976,-0.728902669139513,GP,0.054392356733564934,0.5130225670569871,7.198385122983353e+22,7.198385122983353e+22
1.91,1.272,catalog,0.18,421.8069811790881,5.3,371.60893303193126,0.027,catalog,5217616426.952992,98654341.46395043,Selsis,-0.360088761955592,-0.6667164203951318,GP,0.12017222313832814,0.23035707161865526,4.2581305928871685e+22,4.2581305928871685e+22
1.91,1.272,catalog,0.18,421.8069811790881,5.3,1561.6095988226232,0.027,catalog,1787803173.0570931,98757142.36874953,Selsis,-0.41842566542197046,-0.6586317598330711,log,0.08102865258084883,0.4685353058030126,1.967958962393489e+22,1.967958962393489e+22
1.91,1.272,catalog,0.18,421.8069811790881,5.3,736.8927152057149,0.027,catalog,3182993412.019916,63214458.879820384,Selsis,-0.4182649501096486,-0.729416257480029,log,0.15318258134502205,0.7240118140234565,2.913368335100237e+22,2.913368335100237e+22
1.91,1.272,catalog,0.18,421.8069811790881,5.3,304.1768928760852,0.027,catalog,3390077461.85288,58077062.0132197,Jackson,-0.3683221547506155,-0.6193974963775444,GP,0.09424882410961836,0.5697205188100604,3.184363520477615e+22,3.184363520477615e+22
1.91,1.272,catalog,0.18,421.8069811790881,5.3,407.96902486568325,0.027,catalog,4868565607.117401,29021820.592255153,Selsis,-0.29064100598755677,-0.7004632649529798,log,0.11303334808886291,0.7119975265516548,7.349724664444235e+22,7.349724664444235e+22
1.91,1.272,catalog,0.18,421.8069811790881,5.3,177.4700144293656,0.027,catalog,5583938771.359338,54513025.72119225,Jackson,-0.4355068155439259,-0.6313400194369166,log,0.060054730249552955,0.7412410060452763,2.413383966557511e+22,2.413383966557511e+22
1.91,1.272,catalog,0.18,421.8069811790881,5.3,475.7289567243064,0.027,catalog,4352268655.734282,43548957.259386875,Selsis,-0.40738283418338816,-0.6935152168373965,GP,0.06672847611422209,0.3135913791096896,3.289062803715104e+22,3.289062803715104e+22
1.91,1.272,catalog,0.18,421.8069811790881,5.3,1016.0860798177035,0.027,catalog,1191992978.0382018,3859584.465281757,Jackson,-0.28080798633036447,-0.6575482054155898,log,0.0908960897791068,0.6502805447517581,4.34817608856836e+22,4.34817608856836e+22
1.91,1.272,catalog,0.18,421.8069811790881,5.3,663.3231525052568,0.027,catalog,1709161369.6987455,75083975.80611384,Jackson,-0.38044336213869095,-0.7277998279295562,log,0.2387797248381137,0.5499070279793715,2.318009745208384e+22,2.318009745208384e+22
1.91,1.272,catalog,0.18,421.8069811790881,5.3,1033.0113241272097,0.027,catalog,1175672536.7367263,9906383.940730674,Jackson,-0.3902513877079226,-0.6788418651881646,GP,0.11303603626744484,0.34828757837922086,2.229860871174204e+22,2.229860871174204e+22
1.91,1.272,catalog,0.18,421.8069811790881,5.3,118.42217519404004,0.027,catalog,8267788788.972268,17693294.00368685,Jackson,-0.35505047890722957,-0.6120745148566142,GP,0.16082515745119388,0.36469775619295164,3.614568194150409e+22,3.614568194150409e+22
1.91,1.272,catalog,0.18,421.8069811790881,5.3,1581.409015554232,0.027,catalog,1322717216.5851996,39833839.51681856,Selsis,-0.3331368418984934,-0.6793646383474222,linear,0.05540389314679392,0.9773471293890349,2.1694675806756807e+22,2.1694675806756807e+22
1.91,1.272,catalog,0.18,421.8069811790881,5.3,756.5988646404876,0.027,catalog,3124395862.70431,81088582.13810752,Selsis,-0.41679610368212255,-0.7386635863980364,log,0.2643852321914963,0.8230328271183678,2.842688374466429e+22,2.842688374466429e+22
1.91,1.272,catalog,0.18,421.8069811790881,5.3,552.5734726045777,0.027,catalog,2000160010.0366542,97712519.80475532,Jackson,-0.31529414881187445,-0.6594635256114538,linear,0.19489165602170572,0.6753006012226644,3.4800716191150117e+22,3.4800716191150117e+22
1.91,1.272,catalog,0.18,421.8069811790881,5.3,333.28234743573177,0.027,catalog,3122376593.9250402,65261800.57837048,Jackson,-0.44775999941628225,-0.6473873725155747,log,0.302387255342686,0.6748857717049715,2.189298551279063e+22,2.189298551279063e+22
1.91,1.272,catalog,0.18,421.8069811790881,5.3,1877.0244409319787,0.027,catalog,719776732.4909364,69891429.43780911,Jackson,-0.4829144887837718,-0.624643838469371,log,0.0516145455961598,0.9510384673659735,1.4203253514289858e+22,1.4203253514289858e+22
1.91,1.272,catalog,0.18,421.8069811790881,5.3,510.35934735349434,0.027,catalog,4136423712.796229,31120653.34130794,Selsis,-0.38058343597586336,-0.6774210274261805,log,0.2399522339509156,0.12777652504161974,3.842123222400078e+22,3.842123222400078e+22
1.91,1.272,catalog,0.18,421.8069811790881,5.3,419.80505594873966,0.027,catalog,4767593894.974748,3315480.61570184,Selsis,-0.3688776223384969,-0.7381596320225684,linear,0.25551417237362783,0.20930387505919534,3.916481957950141e+22,3.916481957950141e+22
1.91,1.272,catalog,0.18,421.8069811790881,5.3,186.10349810322793,0.027,catalog,5337981628.805771,37759033.403322265,Jackson,-0.43206984970698215,-0.680764252534122,GP,0.11703412039781395,0.825159949217563,2.2621612676805823e+22,2.2621612676805823e+22
1.91,1.272,catalog,0.18,421.8069811790881,5.3,3201.502962925284,0.027,catalog,258717182.52264065,95009718.90413457,Jackson,-0.4374152233840058,-0.7322255560769003,log,0.2664931593392622,0.7982578647832451,4.118443280447614e+21,4.118443280447614e+21
1.91,1.272,catalog,0.18,421.8069811790881,5.3,183.3525091745822,0.027,catalog,8982979535.761312,29460637.447941262,Selsis,-0.3968420643647881,-0.7000564624063746,log,0.41500090748479446,0.886379053788132,3.4585603824790285e+22,3.4585603824790285e+22
1.91,1.272,catalog,0.18,421.8069811790881,5.3,877.3392890588971,0.027,catalog,2816587352.8830476,95428446.62509444,Selsis,-0.39269384617603187,-0.7520731150938021,linear,0.09268420875642586,0.8599297527316431,2.8368415370952533e+22,2.8368415370952533e+22
1.91,1.272,catalog,0.18,421.8069811790881,5.3,2789.5486541456803,0.027,catalog,522729140.7722123,70890139.34563787,Jackson,-0.32622212903838144,-0.732350418831287,GP,0.10888245392773417,0.14810194181887615,1.0925252503111767e+22,1.0925252503111767e+22
1.91,1.272,catalog,0.18,421.8069811790881,5.3,193.76315659366668,0.027,catalog,5138479575.540718,4720512.838196139,Jackson,-0.36018906423618574,-0.6404251139188337,log,0.05829836447370216,0.16289285780844376,2.988734233029911e+22,2.988734233029911e+22
1.91,1.272,catalog,0.18,421.8069811790881,5.3,151.35448203064007,0.027,catalog,6503739318.712114,77612196.25808161,Jackson,-0.3157605763758307,-0.6890883048093307,log,0.3030627846037419,0.2635621932932123,3.6824561970460215e+22,3.6824561970460215e+22
1.91,1.272,catalog,0.18,421.8069811790881,5.3,281.63688431881695,0.027,catalog,3635260442.750062,43398263.941439934,Jackson,-0.34852530920595975,-0.6739465336347681,log,0.2641602360899977,0.3212016752861635,3.135130634691283e+22,3.135130634691283e+22
1.91,1.272,catalog,0.18,421.8069811790881,5.3,292.3646958567234,0.027,catalog,6251903797.5338,8856490.065993376,Selsis,-0.4501404491733512,-0.6592101539854143,linear,0.06979806104489747,0.15469842430908476,3.1811447305846164e+22,3.1811447305846164e+22
1.91,1.272,catalog,0.18,421.8069811790881,5.3,1581.409015554233,0.027,catalog,880481625.0812142,93727572.65763403,Selsis,-0.3175697489339223,-0.7351468813181675,linear,0.32505669412211796,0.390767044142295,1.393435645242187e+22,1.393435645242187e+22
1.91,1.272,catalog,0.18,421.8069811790881,5.3,1270.3898288648415,0.027,catalog,2181283646.0749664,87235635.65550658,Selsis,-0.44903326412707356,-0.7530405365306708,GP,0.3045914395932019,0.7289262121359379,2.0698710677972157e+22,2.0698710677972157e+22
1.91,1.272,catalog,0.18,421.8069811790881,5.3,271.4090514126177,0.027,catalog,3759995179.6527305,87529639.19274692,Jackson,-0.37393574682395764,-0.7697902534642241,log,0.18114615316918597,0.6359372604808831,2.354075986015714e+22,2.354075986015714e+22
1.91,1.272,catalog,0.18,421.8069811790881,5.3,571.8640928665417,0.027,catalog,3811301468.220788,77639100.46555795,Selsis,-0.44712124296820505,-0.7667249807508344,linear,0.4231903234942325,0.8015834127430307,2.60851622416978e+22,2.60851622416978e+22
1.91,1.272,catalog,0.18,421.8069811790881,5.3,387.17114565512816,0.027,catalog,5060380408.352271,66074236.10850192,Selsis,-0.38646632932858827,-0.755742880628298,linear,0.1346661602797544,0.059427404299502884,3.332597003061291e+22,3.332597003061291e+22
1.91,1.272,catalog,0.18,421.8069811790881,5.3,603.4806773646196,0.027,catalog,3667348928.650644,68127998.32422854,Selsis,-0.4152060760699739,-0.7501026317376737,GP,0.13350648171583773,0.00845729146269647,2.9317798997525407e+22,2.9317798997525407e+22
1.91,1.272,catalog,0.18,421.8069811790881,5.3,142.30598731085206,0.027,catalog,11011020363.393234,74019954.09463784,Selsis,-0.3859794374406992,-0.6494855486254478,GP,0.151279932248663,0.9164223175291919,3.8804295338521805e+22,3.8804295338521805e+22
1.91,1.272,catalog,0.18,421.8069811790881,5.3,342.4132822204492,0.027,catalog,3047659640.9550376,47857180.40595624,Jackson,-0.3902474390377479,-0.7448023967272146,linear,0.16006909030619543,0.343828701064784,2.344623347664102e+22,2.344623347664102e+22
1.91,1.272,catalog,0.18,421.8069811790881,5.3,1581.409015554233,0.027,catalog,1060735584.4453144,66930968.60162413,Selsis,-0.40722651146025607,-0.6187391059726592,log,0.087323775989106,0.18479829964764438,1.343637710798217e+22,1.343637710798217e+22
1.91,1.272,catalog,0.18,421.8069811790881,5.3,156.06323943871143,0.027,catalog,6314452628.246619,24319206.992025014,Jackson,-0.3275140178840652,-0.7237515352613915,log,0.31199070265731543,0.20897787672352586,3.3102293583951636e+22,3.3102293583951636e+22
1.91,1.272,catalog,0.18,421.8069811790881,5.3,244.13034515575873,0.027,catalog,4143731178.498843,2993886.0246768603,Jackson,-0.32719944234151127,-0.6877374501086508,linear,0.09710604973727492,0.41662779987143217,3.845904512938731e+22,3.845904512938731e+22
1.91,1.272,catalog,0.18,421.8069811790881,5.3,883.4294113723108,0.027,catalog,2803032425.0844154,67964232.76861763,Selsis,-0.4075089245586696,-0.7461087820765231,GP,0.052493008560937214,0.6887191594614409,2.7590667332057624e+22,2.7590667332057624e+22
1.91,1.272,catalog,0.18,421.8069811790881,5.3,315.16881789872497,0.027,catalog,5905503838.131867,62203411.493427105,Selsis,-0.3126335818079758,-0.698944184168798,linear,0.2226142121789735,0.4049643284398642,6.113874370981059e+22,6.113874370981059e+22
1.91,1.272,catalog,0.18,421.8069811790881,5.3,922.7183687878387,0.027,catalog,1292158774.504564,46166590.02324993,Jackson,-0.4197718760135774,-0.7906991159438528,log,0.3938332162552536,0.6452080103337797,1.9571276325132867e+22,1.9571276325132867e+22
1.91,1.272,catalog,0.18,421.8069811790881,5.3,277.8829514942548,0.027,catalog,6498945527.54775,93197415.16617092,Selsis,-0.37304176592370825,-0.7758276920841776,GP,0.3794241998207889,0.05190158552868718,3.504381141875779e+22,3.504381141875779e+22
1.91,1.272,catalog,0.18,421.8069811790881,5.3,790.9027491650666,0.027,catalog,1471473470.5738018,67845950.97644377,Jackson,-0.47531154344039805,-0.7202221490213511,log,0.0597671010609793,0.6658429816953338,1.8323960247483206e+22,1.8323960247483206e+22
1.91,1.272,catalog,0.18,421.8069811790881,5.3,429.4724698307751,0.027,catalog,2492423746.329232,21131365.969623312,Jackson,-0.315146785641145,-0.6725879375037154,linear,0.3170819380409799,0.33872795833922964,3.959052301660415e+22,3.959052301660415e+22
1.91,1.272,catalog,0.18,421.8069811790881,5.3,513.6101314199601,0.027,catalog,4117504409.0943456,12702581.375987463,Selsis,-0.4621211534532867,-0.6199788317172613,log,0.10017838929658505,0.3750900802118734,3.6057475105946646e+22,3.6057475105946646e+22
1.91,1.272,catalog,0.18,421.8069811790881,5.3,1581.409015554233,0.027,catalog,942893726.2371356,49933429.77788095,Selsis,-0.3621978997819049,-0.6445682157750676,GP,0.0741078819650146,0.6302608174225977,1.3708324796326308e+22,1.3708324796326308e+22
1.91,1.272,catalog,0.18,421.8069811790881,5.3,241.5033394264637,0.027,catalog,4185269829.9458284,47463567.28082452,Jackson,-0.2926324466371481,-0.6471837891276175,linear,0.3286561790458449,0.48584164758911086,5.29529913815853e+22,5.29529913815853e+22
1.91,1.272,catalog,0.18,421.8069811790881,5.3,1581.409015554233,0.027,catalog,1137910172.597915,19229896.06545171,Selsis,-0.4250344485734341,-0.6828123191373114,log,0.06631622890818899,0.769255309570374,1.3904249807988756e+22,1.3904249807988756e+22
1.91,1.272,catalog,0.18,421.8069811790881,5.3,1581.409015554233,0.027,catalog,1441131947.9276774,25268661.37623145,Selsis,-0.4534863245341955,-0.715349881857353,linear,0.15197651595281664,0.46683157325007774,1.5556375856589042e+22,1.5556375856589042e+22
1.91,1.272,catalog,0.18,421.8069811790881,5.3,2075.603716938133,0.027,catalog,663601948.011977,99006336.37741846,Jackson,-0.38063826095681147,-0.6153700367418958,log,0.05697837324842008,0.7922911101030387,1.4815254845906953e+22,1.4815254845906953e+22
1.91,1.272,catalog,0.18,421.8069811790881,5.3,1219.5805931677444,0.027,catalog,2243085649.5169506,12323055.854151584,Selsis,-0.3128471550243932,-0.7924005065118954,GP,0.1926557737183344,0.37338490403960556,3.991011532683739e+22,3.991011532683739e+22
1.91,1.272,catalog,0.18,421.8069811790881,5.3,387.42700660048484,0.027,catalog,5057891465.369521,96755618.76830068,Selsis,-0.30433629834491394,-0.793380506695126,GP,0.06272040093910357,0.9444782723980907,6.160954039265691e+22,6.160954039265691e+22
1.91,1.272,catalog,0.18,421.8069811790881,5.3,1474.7194165486173,0.027,catalog,1970546988.3090923,15194276.065110184,Selsis,-0.4503627133728752,-0.6276309955921127,log,0.05496034627681077,0.10636108010888268,2.3564096140520695e+22,2.3564096140520695e+22
1.91,1.272,catalog,0.18,421.8069811790881,5.3,1581.409015554233,0.027,catalog,1555311947.1333315,69130113.15813287,Selsis,-0.2859031766449821,-0.6237309810673498,linear,0.3024325573454267,0.08235365578771325,3.0886694346311095e+22,3.0886694346311095e+22
1.91,1.272,catalog,0.18,421.8069811790881,5.3,138.9052257926289,0.027,catalog,11230108661.376429,58886364.297538884,Selsis,-0.37128085419589957,-0.7517424389221699,linear,0.34285067775140754,0.9452940331190353,3.6699797546060887e+22,3.6699797546060887e+22
1.91,1.272,catalog,0.18,421.8069811790881,5.3,153.04444240968127,0.027,catalog,10380557856.013487,2762725.421965344,Selsis,-0.3585968222520813,-0.7037190862357738,linear,0.21255957789953644,0.8351601856459616,4.487014313641935e+22,4.487014313641935e+22
1.91,1.272,catalog,0.18,421.8069811790881,5.3,457.6314959262432,0.027,catalog,2357157723.544639,58842061.588498406,Jackson,-0.4452342818116079,-0.7414786392040028,GP,0.12085380674169846,0.7665218736152937,1.9467668127811335e+22,1.9467668127811335e+22
1.91,1.272,catalog,0.18,421.8069811790881,5.3,841.0438091184403,0.027,catalog,1396972934.7255323,51640695.073619775,Jackson,-0.42145486614765504,-0.7151041991097082,GP,0.45783763637991964,0.6291740465982409,2.031228437839184e+22,2.031228437839184e+22
1.91,1.272,catalog,0.18,421.8069811790881,5.3,144.1166927515358,0.027,catalog,6819666210.187503,87003963.73211212,Jackson,-0.47584356118140836,-0.69353695598958,GP,0.1667566979562047,0.3582285175765645,1.821361987161953e+22,1.821361987161953e+22
1.91,1.272,catalog,0.18,421.8069811790881,5.3,210.2209184667959,0.027,catalog,4760240984.952662,51520288.34910721,Jackson,-0.3355204059947167,-0.6358626972836502,GP,0.12541221782627585,0.17467540162379214,3.3195369243421127e+22,3.3195369243421127e+22
1.91,1.272,catalog,0.18,421.8069811790881,5.3,1581.409015554233,0.027,catalog,787598424.9516159,42649675.304792754,Selsis,-0.4221681537076679,-0.7901882956942599,log,0.3188775583563024,0.688012072298893,8.665966341029813e+21,8.665966341029813e+21
1.91,1.272,catalog,0.18,421.8069811790881,5.3,159.82533674339209,0.027,catalog,6171483644.8131275,25867668.71342987,Jackson,-0.36560661603415284,-0.6613403094186887,log,0.22582025556124175,0.9891708880115856,3.144585429813423e+22,3.144585429813423e+22
1.91,1.272,catalog,0.18,421.8069811790881,5.3,294.40599422704753,0.027,catalog,6218886777.461554,4636749.001329751,Selsis,-0.3298818217917492,-0.7832502114243315,GP,0.4046064999382724,0.4076001871179521,5.17886723642808e+22,5.17886723642808e+22
1.91,1.272,catalog,0.18,421.8069811790881,5.3,3076.797553899492,0.027,catalog,334864142.91161054,37672528.872949004,Jackson,-0.36708309401585404,-0.6001807498221854,linear,0.34406197224796514,0.8478214915147984,1.1290495616806105e+22,1.1290495616806105e+22
1.91,1.272,catalog,0.18,421.8069811790881,5.3,356.87210005716537,0.027,catalog,2937053053.88395,35540251.00829798,Jackson,-0.4634882726150035,-0.7009462447156563,GP,0.3062486139041385,0.8801793234256804,2.076624630897773e+22,2.076624630897773e+22
1.91,1.272,catalog,0.18,421.8069811790881,5.3,785.2039375216792,0.027,catalog,3043967084.1529202,69917447.23651521,Selsis,-0.47236752559883,-0.6873509469888829,GP,0.23637465051621803,0.4222458893929998,2.666159339042796e+22,2.666159339042796e+22
1.91,1.272,catalog,0.18,421.8069811790881,5.3,1334.8618583088846,0.027,catalog,950701132.5622578,34805331.378519304,Jackson,-0.40224180000418414,-0.6741846470325951,log,0.35820362775117326,0.43911710999175324,1.9236499955006887e+22,1.9236499955006887e+22
1.91,1.272,catalog,0.18,421.8069811790881,5.3,600.9175786889624,0.027,catalog,3678515975.5735235,1420364.6002531913,Selsis,-0.40475414915658187,-0.6158241606792013,GP,0.3446728515743873,0.2564534360018631,4.0496655279128605e+22,4.0496655279128605e+22
1.91,1.272,catalog,0.18,421.8069811790881,5.3,669.7081629229649,0.027,catalog,1695211233.4187157,48701420.907593295,Jackson,-0.4271616499580484,-0.7669436258277295,log,0.14693717254108674,0.03895083198277427,1.7982979883449557e+22,1.7982979883449557e+22
1.91,1.272,catalog,0.18,421.8069811790881,5.3,1581.4090155542317,0.027,catalog,771902682.3241689,54538322.227740146,Selsis,-0.48734685981766507,-0.7004071446908187,GP,0.14563688077186912,0.7007492902324409,7.742429440519267e+21,7.742429440519267e+21
1.91,1.272,catalog,0.18,421.8069811790881,5.3,2069.769448371002,0.027,catalog,665109725.0165318,54705437.48700563,Jackson,-0.45982157469472046,-0.7159090641187636,GP,0.2299319438988735,0.8902960130447625,1.3089476933950368e+22,1.3089476933950368e+22
1.91,1.272,catalog,0.18,421.8069811790881,5.3,405.40428344680777,0.027,catalog,4891145718.011852,15160584.759806404,Selsis,-0.38221559083596796,-0.6275107330390575,log,0.09502526459364234,0.08636404219702287,4.355778818242626e+22,4.355778818242626e+22
1.91,1.272,catalog,0.18,421.8069811790881,5.3,138.60612498074667,0.027,catalog,7083171805.040782,49180905.89434901,Jackson,-0.29196341126138153,-0.7097932109558057,linear,0.4096849066183793,0.2353240545971862,4.326877437759599e+22,4.326877437759599e+22
1.91,1.272,catalog,0.18,421.8069811790881,5.3,1581.4090155542317,0.027,catalog,1423904524.6886365,5833556.115952847,Selsis,-0.45028575690056977,-0.689267798851312,log,0.21995193208462663,0.9112621226789972,1.7084302661087796e+22,1.7084302661087796e+22
1.91,1.272,catalog,0.18,421.8069811790881,5.3,615.6575140845953,0.027,catalog,1822055596.1782384,62811814.43295013,Jackson,-0.4918246702566464,-0.6835399835211121,GP,0.06713733652408571,0.508133019178775,1.90593330375088e+22,1.90593330375088e+22
1.91,1.272,catalog,0.18,421.8069811790881,5.3,233.0484681421292,0.027,catalog,4325344816.784218,60590877.55664996,Jackson,-0.4635646646972738,-0.7636228712955743,linear,0.3857976505595818,0.039807215917442185,1.6767760742389702e+22,1.6767760742389702e+22
1.91,1.272,catalog,0.18,421.8069811790881,5.3,378.5166833971452,0.027,catalog,2787016714.012387,65216885.49330114,Jackson,-0.3694350881627428,-0.61750488605457,GP,0.10368551992201183,0.4250181505701979,3.1325748302262227e+22,3.1325748302262227e+22
1.91,1.272,catalog,0.18,421.8069811790881,5.3,872.2182583965937,0.027,catalog,2828113751.323099,29495477.203118604,Selsis,-0.4598047606678345,-0.7086780430549783,linear,0.3233472868956613,0.7553964057438641,2.6487730062946654e+22,2.6487730062946654e+22
1.91,1.272,catalog,0.18,421.8069811790881,5.3,265.794715588214,0.027,catalog,3832536186.2747183,30732920.4677014,Jackson,-0.4681379288225624,-0.7061328833575522,GP,0.0774956436653735,0.3432469872955414,2.0250575480819215e+22,2.0250575480819215e+22
1.91,1.272,catalog,0.18,421.8069811790881,5.3,522.7429968752845,0.027,catalog,4065479850.466468,12875600.664219253,Selsis,-0.314621627020229,-0.6159751327941783,log,0.3938922145027956,0.6496220815976786,6.344077351797916e+22,6.344077351797916e+22
1.91,1.272,catalog,0.18,421.8069811790881,5.3,267.6894764487637,0.027,catalog,6687589754.641267,53001984.538790464,Selsis,-0.3719622143976314,-0.7641153650547725,log,0.05693510653928813,0.42617240255952593,3.64635260511205e+22,3.64635260511205e+22
1.91,1.272,catalog,0.18,421.8069811790881,5.3,153.24306562983372,0.027,catalog,6426377529.706757,15420409.361195978,Jackson,-0.29331885636651567,-0.7103963773675777,log,0.08287196470536021,0.13911569739549978,3.997178169159147e+22,3.997178169159147e+22
1.91,1.272,catalog,0.18,421.8069811790881,5.3,206.75307756584206,0.027,catalog,4834796977.989484,68354735.63031836,Jackson,-0.333401120981974,-0.741264465845806,linear,0.11193017104017577,0.4227420380293605,3.2419203976187144e+22,3.2419203976187144e+22
1.91,1.272,catalog,0.18,421.8069811790881,5.3,1557.6887143315828,0.027,catalog,1795952697.007907,18787797.430310722,Selsis,-0.43155149107445745,-0.6211650338032049,linear,0.4113220760317981,0.05605274546730343,2.2369685738894614e+22,2.2369685738894614e+22
1.91,1.272,catalog,0.18,421.8069811790881,5.3,611.4079244524769,0.027,catalog,1832940544.9027781,93596627.82098672,Jackson,-0.37279781258058015,-0.7274826634502918,log,0.2501803852304448,0.08820939404094941,2.1470112304213678e+22,2.1470112304213678e+22
1.91,1.272,catalog,0.18,421.8069811790881,5.3,222.33105653877973,0.027,catalog,4518310806.770648,1942167.0641420125,Jackson,-0.4267897376878261,-0.6576364164928549,linear,0.07552738627449927,0.6310593515417566,2.6574866902809227e+22,2.6574866902809227e+22
1.91,1.272,catalog,0.18,421.8069811790881,5.3,556.6418682070131,0.027,catalog,3885783342.873192,11091243.016075054,Selsis,-0.49577511056778634,-0.7244142449844799,linear,0.48211617829356224,0.8241137264513532,2.6707265772689537e+22,2.6707265772689537e+22
1.91,1.272,catalog,0.18,421.8069811790881,5.3,416.2315162069538,0.027,catalog,2562189991.1755285,10941041.863205245,Jackson,-0.40410998439535895,-0.6285279319069929,log,0.09403946416413692,0.027096919248079332,2.2890792224934412e+22,2.2890792224934412e+22
1.91,1.272,catalog,0.18,421.8069811790881,5.3,409.1821442350701,0.027,catalog,4857974322.058099,58151878.11120222,Selsis,-0.2867759223482461,-0.6784500461595617,log,0.19670927718241363,0.40940911207866915,7.510846091770535e+22,7.510846091770535e+22
1.91,1.272,catalog,0.18,421.8069811790881,5.3,289.9408935242369,0.027,catalog,3540436300.1271644,11402182.277104467,Jackson,-0.32454532234985345,-0.7945884743955941,log,0.05703367357276514,0.3629167020287113,3.616092452961972e+22,3.616092452961972e+22
1.91,1.272,catalog,0.18,421.8069811790881,5.3,973.5962586140752,0.027,catalog,2619870265.8003283,81862707.383042,Selsis,-0.4982722492028041,-0.6943716756901982,log,0.3456691886876061,0.3165034511999485,2.3355184446492012e+22,2.3355184446492012e+22
1.91,1.272,catalog,0.18,421.8069811790881,5.3,308.31727098946953,0.027,catalog,6004624127.810333,39989518.8748846,Selsis,-0.42190165731558865,-0.7755234749740809,linear,0.35525500769982105,0.1806493586038438,2.890644463289318e+22,2.890644463289318e+22
1.91,1.272,catalog,0.18,421.8069811790881,5.3,197.74970531177536,0.027,catalog,5040871716.735428,50620483.607690565,Jackson,-0.34882956129732956,-0.7118893310539395,linear,0.15266302666192677,0.894171509325587,3.0657391679633057e+22,3.0657391679633057e+22
1.91,1.272,catalog,0.18,421.8069811790881,5.3,557.7014049285817,0.027,catalog,3880481780.7682257,21623478.13106237,Selsis,-0.35071940924264705,-0.7437209943018118,GP,0.14158096690963817,0.5170314245736682,4.31946668152113e+22,4.31946668152113e+22
1.91,1.272,catalog,0.18,421.8069811790881,5.3,101.52511834566134,0.027,catalog,9643352268.980293,95679241.34500597,Jackson,-0.4464662681288171,-0.6054898604038074,linear,0.3218350561999091,0.648600139155141,2.42693588258738e+22,2.42693588258738e+22
1.91,1.272,catalog,0.18,421.8069811790881,5.3,436.25882911341125,0.027,catalog,4635464864.211301,85388400.39787231,Selsis,-0.4114122285009694,-0.6229339374850843,linear,0.07037354690383273,0.041423033712024826,3.793826005817273e+22,3.793826005817273e+22
1.91,1.272,catalog,0.18,421.8069811790881,5.3,89.25341646947312,0.027,catalog,10992281082.35249,7662124.169110801,Jackson,-0.33820600732551426,-0.7611150129369633,log,0.2944786533867905,0.7026277785364049,3.5796881212022987e+22,3.5796881212022987e+22
1.91,1.272,catalog,0.18,421.8069811790881,5.3,515.500371432096,0.027,catalog,4106601567.1433773,35811732.92912907,Selsis,-0.29080943465072234,-0.6484936588178825,log,0.3743035029532594,0.0783610979865147,6.599674378504469e+22,6.599674378504469e+22
1.91,1.272,catalog,0.18,421.8069811790881,5.3,242.78366926267958,0.027,catalog,4164912348.482006,5429587.297491311,Jackson,-0.4287879176134063,-0.771427223397853,log,0.21290981907938716,0.7367244249518915,2.3850038428812356e+22,2.3850038428812356e+22
1.91,1.272,catalog,0.18,421.8069811790881,5.3,808.2330214342085,0.027,catalog,2982871738.271847,69326411.03461532,Selsis,-0.47923969149699,-0.6712428461397263,GP,0.09031491778402015,0.6503965132544341,2.676706020370632e+22,2.676706020370632e+22
1.91,1.272,catalog,0.18,421.8069811790881,5.3,1173.109418718631,0.027,catalog,1057717138.4305812,8564893.005081033,Jackson,-0.3615703843346102,-0.7166191075152637,linear,0.0962570857984852,0.10087953189997945,1.896207383308585e+22,1.896207383308585e+22
1.91,1.272,catalog,0.18,421.8069811790881,5.3,158.67989793405786,0.027,catalog,10082369135.625662,2051015.0462733083,Selsis,-0.4080829581644367,-0.6995468987578748,linear,0.15093597522695237,0.148185165832462,3.3430348631785895e+22,3.3430348631785895e+22
1.91,1.272,catalog,0.18,421.8069811790881,5.3,225.38038489502324,0.027,catalog,4461526464.189666,41329083.78186331,Jackson,-0.37398692529141675,-0.6226319199196896,GP,0.3177658010974742,0.548729448259334,3.161746562735527e+22,3.161746562735527e+22
1.91,1.272,catalog,0.18,421.8069811790881,5.3,978.4510574287038,0.027,catalog,2610850188.5251474,6644488.5753210345,Selsis,-0.43538891602834795,-0.710359578341382,linear,0.07537707424656916,0.604090078381179,2.7545618828010325e+22,2.7545618828010325e+22
1.91,1.272,catalog,0.18,421.8069811790881,5.3,1217.716026178374,0.027,catalog,1025543134.0680667,52418716.646182746,Jackson,-0.36923970520840615,-0.7590631758089191,linear,0.05219549925510534,0.242202127563648,1.942538985865546e+22,1.942538985865546e+22
1.91,1.272,catalog,0.18,421.8069811790881,5.3,647.850654094981,0.027,catalog,1744058813.6853116,46005884.435209975,Jackson,-0.4659489666207394,-0.6974228184788684,GP,0.47115481735960973,0.2517804863311828,1.9620293303182203e+22,1.9620293303182203e+22
1.91,1.272,catalog,0.18,421.8069811790881,5.3,148.10210536521487,0.027,catalog,10659865351.875597,40253408.18381396,Selsis,-0.4870973491445616,-0.6812241976514904,linear,0.12817242572549956,0.9884087129603043,2.761190749924979e+22,2.761190749924979e+22
1.91,1.272,catalog,0.18,421.8069811790881,5.3,334.4175933722134,0.027,catalog,3112868091.388295,85741786.17258668,Jackson,-0.31060600790660037,-0.7563165031414334,GP,0.26717143926603,0.6316570382955256,3.867944326025019e+22,3.867944326025019e+22
1.91,1.272,catalog,0.18,421.8069811790881,5.3,247.97112338224315,0.027,catalog,7093078016.102554,26060673.385046884,Selsis,-0.4933544454249518,-0.7722097756516019,GP,0.19895619043551754,0.37171098423573423,2.506087637634724e+22,2.506087637634724e+22
1.91,1.272,catalog,0.18,421.8069811790881,5.3,1154.699316403955,0.027,catalog,2328825118.2071414,64573093.18532077,Selsis,-0.41362119671712155,-0.6541490412494425,log,0.28928522009139984,0.07626904343813468,2.620455998689585e+22,2.620455998689585e+22
1.91,1.272,catalog,0.18,421.8069811790881,5.3,1581.409015554233,0.027,catalog,1351807130.7380216,24198363.03772066,Selsis,-0.4091237393231273,-0.7382836487266324,log,0.06067954760866403,0.5889910612220054,1.59238048704294e+22,1.59238048704294e+22
1.91,1.272,catalog,0.18,421.8069811790881,5.3,250.99395532809382,0.027,catalog,7027081260.601756,37179408.67125017,Selsis,-0.3967561281775948,-0.6693955115585264,GP,0.29667203229043726,0.651726351913575,3.6195622721430435e+22,3.6195622721430435e+22
1.91,1.272,catalog,0.18,421.8069811790881,5.3,380.0904292058723,0.027,catalog,5130468100.016484,55439723.829987146,Selsis,-0.2931766835410009,-0.7387556397891089,GP,0.37750395094200784,0.683241601826427,7.057974647547155e+22,7.057974647547155e+22
1.91,1.272,catalog,0.18,421.8069811790881,5.3,107.24397600345814,0.027,catalog,9126442757.839266,56514323.6024427,Jackson,-0.4152837858120537,-0.7572484757491963,GP,0.05779680959793098,0.20973192447998734,2.0400922210465533e+22,2.0400922210465533e+22
1.91,1.272,catalog,0.18,421.8069811790881,5.3,162.51468606384157,0.027,catalog,6073459022.49664,50933352.6474267,Jackson,-0.3606260592820911,-0.778623347459344,linear,0.15348869584257582,0.36582904626066237,2.6856780339786e+22,2.6856780339786e+22
1.91,1.272,catalog,0.18,421.8069811790881,5.3,259.39630175036245,0.027,catalog,3919032358.275025,85151844.47138181,Jackson,-0.39556763172854875,-0.6121868408951637,linear,0.35143969342699,0.45829586924505716,2.7607903866728764e+22,2.7607903866728764e+22
1.91,1.272,catalog,0.18,421.8069811790881,5.3,391.77214115625924,0.027,catalog,5016075058.523405,52602712.874163665,Selsis,-0.35637444493280984,-0.6584540573756652,linear,0.20441868986085485,0.21455125501061723,4.561849395144775e+22,4.561849395144775e+22
1.91,1.272,catalog,0.18,421.8069811790881,5.3,261.7145484971274,0.027,catalog,6804471102.405602,53591501.45918995,Selsis,-0.2854611477652841,-0.7810819177842335,GP,0.08270868895885805,0.678812066199636,7.867094470384588e+22,7.867094470384588e+22
1.91,1.272,catalog,0.18,421.8069811790881,5.3,99.86409622962233,0.027,catalog,9805287261.942488,68697759.68566604,Jackson,-0.29943350503745453,-0.7812290958870983,log,0.07817837984998063,0.35018558648829534,4.252870826342007e+22,4.252870826342007e+22
1.91,1.272,catalog,0.18,421.8069811790881,5.3,763.4110521515256,0.027,catalog,3104760751.6957555,59622091.67554802,Selsis,-0.2975856757487191,-0.7693801161775277,GP,0.09406071049782683,0.30205269808345236,5.335466699790612e+22,5.335466699790612e+22
1.91,1.272,catalog,0.18,421.8069811790881,5.3,247.11497681006037,0.027,catalog,7112043611.675903,92307500.6498373,Selsis,-0.3239014602990703,-0.7013669331920421,log,0.1922999796965164,0.5759433337751221,5.3904811110252354e+22,5.3904811110252354e+22
1.91,1.272,catalog,0.18,421.8069811790881,5.3,393.37626832824037,0.027,catalog,2693398192.064245,91449299.57270911,Jackson,-0.3599007000656075,-0.709812191216366,GP,0.2733851370988868,0.18365460030086134,2.5543515409238618e+22,2.5543515409238618e+22
1.91,1.272,catalog,0.18,421.8069811790881,5.3,226.98140472535002,0.027,catalog,4432327867.163911,83888955.31836186,Jackson,-0.36343770174773343,-0.6620592082612854,linear,0.19479820446350363,0.7542725718717481,2.7976969513657344e+22,2.7976969513657344e+22
1.91,1.272,catalog,0.18,421.8069811790881,5.3,208.22077581252103,0.027,catalog,4802935848.3309,93765191.5780666,Jackson,-0.37042869112470067,-0.6732949943010373,GP,0.16255347861155287,0.8183782637796145,2.5911503752870056e+22,2.5911503752870056e+22
1.91,1.272,catalog,0.18,421.8069811790881,5.3,1581.4090155542317,0.027,catalog,568684178.0962967,12049927.164922236,Selsis,-0.45409541847608403,-0.6360390118703794,log,0.11831638652928714,0.8311077847797524,8.380887269052088e+21,8.380887269052088e+21
1.91,1.272,catalog,0.18,421.8069811790881,5.3,209.51535486108483,0.027,catalog,4775207740.015314,16211667.653443353,Jackson,-0.32350439960169947,-0.7340650517408395,linear,0.059965733780130884,0.23674985058809517,3.4898482814928357e+22,3.4898482814928357e+22
1.91,1.272,catalog,0.18,421.8069811790881,5.3,646.2941129366283,0.027,catalog,3492536358.836342,28419952.198192354,Selsis,-0.3476403933273985,-0.6265100228050436,log,0.37071179027957996,0.21617019277382377,4.6194852851533165e+22,4.6194852851533165e+22
1.91,1.272,catalog,0.18,421.8069811790881,5.3,353.2593825273225,0.027,catalog,2963854361.9575634,78157191.4392282,Jackson,-0.35178771295032313,-0.6733022936780572,linear,0.0731441489089665,0.06960059666578855,2.5247812207412733e+22,2.5247812207412733e+22
1.91,1.272,catalog,0.18,421.8069811790881,5.3,363.43816405922814,0.027,catalog,5305070878.540733,79747426.94545406,Selsis,-0.3461137155048032,-0.7550457449046094,log,0.17259951547222407,0.05362790945482143,4.299897266276075e+22,4.299897266276075e+22
1.91,1.272,catalog,0.18,421.8069811790881,5.3,370.3959229016507,0.027,catalog,5230377215.554806,34791522.71499002,Selsis,-0.3433407406304185,-0.6139488690877103,linear,0.4033458002094997,0.4747880878430373,5.758791696417872e+22,5.758791696417872e+22
1.91,1.272,catalog,0.18,421.8069811790881,5.3,408.2334721054741,0.027,catalog,4866251974.506755,43394885.3933112,Selsis,-0.46419618466292056,-0.6343126507235597,linear,0.0639560007235372,0.9150379588395745,3.2691465674298617e+22,3.2691465674298617e+22
1.91,1.272,catalog,0.18,421.8069811790881,5.3,697.0803884338337,0.027,catalog,3310249303.9540167,29148342.212627318,Selsis,-0.30356834223234214,-0.7859928429227873,log,0.12655123036566543,0.6064570842046905,5.412644275430062e+22,5.412644275430062e+22
1.91,1.272,catalog,0.18,421.8069811790881,5.3,658.0263495755888,0.027,catalog,1720930845.6716251,49904119.59538848,Jackson,-0.45638758604068747,-0.6706442309230664,GP,0.06557921142841446,0.6637813236839698,2.1152029302746083e+22,2.1152029302746083e+22
1.91,1.272,catalog,0.18,421.8069811790881,5.3,382.23723498633467,0.027,catalog,5108968579.359233,4962920.336230248,Selsis,-0.36068621282084196,-0.6978981686209735,GP,0.26578944924938264,0.031018399172282995,4.200470614847797e+22,4.200470614847797e+22
1.91,1.272,catalog,0.18,421.8069811790881,5.3,161.00298396822708,0.027,catalog,9965241554.1879,35912271.065216824,Selsis,-0.39004478130498693,-0.6188667701842235,GP,0.2222880723918208,0.33371002601470123,4.349848665758558e+22,4.349848665758558e+22
1.91,1.272,catalog,0.18,421.8069811790881,5.3,290.1624868475227,0.027,catalog,6288003213.078412,88144470.56555326,Selsis,-0.45265208907457494,-0.7241923061721013,log,0.12242216051145932,0.8169739823249007,2.6467699093981234e+22,2.6467699093981234e+22
1.91,1.272,catalog,0.18,421.8069811790881,5.3,1059.841932047084,0.027,catalog,2470449940.359763,38974264.66432393,Selsis,-0.29965358546865467,-0.7347695263975373,GP,0.30724396866635684,0.506642406488672,4.69073131971559e+22,4.69073131971559e+22
1.91,1.272,catalog,0.18,421.8069811790881,5.3,380.3487734267992,0.027,catalog,2775086738.3823013,42240185.096303366,Jackson,-0.41370472500971156,-0.7985964798457134,linear,0.46851709491186694,0.4085551206315361,2.1423728797933485e+22,2.1423728797933485e+22
1.91,1.272,catalog,0.18,421.8069811790881,5.3,244.6129778644163,0.027,catalog,4136197055.103276,63649276.4790411,Jackson,-0.3198240481973846,-0.7496628109240426,log,0.2558377888560546,0.3335396308693226,3.575011850512128e+22,3.575011850512128e+22
1.91,1.272,catalog,0.18,421.8069811790881,5.3,116.69623797228091,0.027,catalog,8389065712.027236,88563860.8933287,Jackson,-0.41156933149476743,-0.6586970695926183,GP,0.4704225641060537,0.0837808056006688,2.075009990216722e+22,2.075009990216722e+22
1.91,1.272,catalog,0.18,421.8069811790881,5.3,242.75078844334396,0.027,catalog,7210650826.292894,92200142.3359254,Selsis,-0.2960563807951377,-0.7288802234380266,linear,0.13729575197615151,0.08372031061699658,6.914609636179608e+22,6.914609636179608e+22
1.91,1.272,catalog,0.18,421.8069811790881,5.3,968.9306474556623,0.027,catalog,2628613253.486393,26800846.88503567,Selsis,-0.4935283330618065,-0.6004981184091206,GP,0.11049355794702019,0.38458400348159305,3.0607511802634327e+22,3.0607511802634327e+22
1.91,1.272,catalog,0.18,421.8069811790881,5.3,1016.4907024352553,0.027,catalog,2542788480.152885,9022170.609496549,Selsis,-0.3029533646917458,-0.6077816396629353,linear,0.07904202372340338,0.3511110473322149,5.288895800641481e+22,5.288895800641481e+22
1.91,1.272,catalog,0.18,421.8069811790881,5.3,233.68957329004093,0.027,catalog,7426304433.393422,76180676.32435907,Selsis,-0.29440124695282494,-0.6562957404674551,linear,0.26473494450413526,0.3738654594090105,7.711491835244553e+22,7.711491835244553e+22
1.91,1.272,catalog,0.18,421.8069811790881,5.3,196.50818502141988,0.027,catalog,5070837477.11477,35961741.99171537,Jackson,-0.3138983581437688,-0.6982475609932814,GP,0.4552653227755672,0.8478222818042767,4.262747954251376e+22,4.262747954251376e+22
1.91,1.272,catalog,0.18,421.8069811790881,5.3,265.6531882565684,0.027,catalog,6726876643.358737,10415174.678719373,Selsis,-0.37423421382533545,-0.7134827395963017,log,0.11611053658130693,0.9687826602495968,3.945384758059831e+22,3.945384758059831e+22
1.91,1.272,catalog,0.18,421.8069811790881,5.3,1581.4090155542317,0.027,catalog,1209160519.5445836,86427067.6540241,Selsis,-0.28284716212987027,-0.7123553903031811,GP,0.11183348139072308,0.24381882076535688,2.6130466478016222e+22,2.6130466478016222e+22
1.91,1.272,catalog,0.18,421.8069811790881,5.3,367.4102830076559,0.027,catalog,5262112962.13742,76213976.94129021,Selsis,-0.427763927551098,-0.6501031221322296,log,0.06060808293806891,0.3640531586925394,3.2872882136536666e+22,3.2872882136536666e+22
1.91,1.272,catalog,0.18,421.8069811790881,5.3,121.16777758807443,0.027,catalog,8082335340.485809,8089453.47910633,Jackson,-0.34857601922396525,-0.7267542364140193,GP,0.35345679100142074,0.23974832426093406,3.005321202558779e+22,3.005321202558779e+22
1.91,1.272,catalog,0.18,421.8069811790881,5.3,240.75316452517947,0.027,catalog,4197298733.158603,78123980.4039731,Jackson,-0.37486921533426126,-0.6023259026930706,linear,0.09512465618208496,0.42151958429492276,3.1791696575164144e+22,3.1791696575164144e+22
1.91,1.272,catalog,0.18,421.8069811790881,5.3,164.98621522893333,0.027,catalog,5986272103.707561,69634739.7475658,Jackson,-0.46280324461627254,-0.6741282830770614,log,0.05526610992559278,0.4271853940218171,1.986501355999493e+22,1.986501355999493e+22
1.91,1.272,catalog,0.18,421.8069811790881,5.3,1581.4090155542317,0.027,catalog,1306508666.5863862,17124695.40765775,Selsis,-0.3713443582264032,-0.6576870000966181,log,0.1343811428325452,0.9580209591868949,1.9274367813625175e+22,1.9274367813625175e+22
1.91,1.272,catalog,0.18,421.8069811790881,5.3,264.1818436241309,0.027,catalog,6755612616.318214,47758239.84595532,Selsis,-0.4129461834458514,-0.6213457798905556,GP,0.1498187832639898,0.12231844815500736,3.888396976258664e+22,3.888396976258664e+22
1.91,1.272,catalog,0.18,421.8069811790881,5.3,1173.073757420298,0.027,catalog,1057743779.6977574,50627209.2643785,Jackson,-0.47002396393646906,-0.6276176029155741,linear,0.3119935492684766,0.26438237673635046,1.8167390336326998e+22,1.8167390336326998e+22
1.91,1.272,catalog,0.18,421.8069811790881,5.3,247.1107838352114,0.027,catalog,4097676826.4210505,29914111.601626147,Jackson,-0.43318611704942367,-0.6734820130427811,GP,0.26455813145766965,0.1801937079912922,2.1625537005569706e+22,2.1625537005569706e+22
1.91,1.272,catalog,0.18,421.8069811790881,5.3,1242.990199100973,0.027,catalog,2214066650.464394,55958351.97931597,Selsis,-0.49935711066152993,-0.7368458638640712,GP,0.340572676336891,0.9159319764243992,2.0465648584084047e+22,2.0465648584084047e+22
1.91,1.272,catalog,0.18,421.8069811790881,5.3,73.43047364243807,0.027,catalog,13457251559.602308,78133293.30734293,Jackson,-0.2837077537077567,-0.6534047209324094,linear,0.27188656474279843,0.7627028681281799,5.649921022810027e+22,5.649921022810027e+22
1.91,1.272,catalog,0.18,421.8069811790881,5.3,428.1383082400983,0.027,catalog,4699531389.692222,48366027.143691905,Selsis,-0.49538027443525323,-0.7018231351296692,GP,0.05623508000307152,0.5595846942167132,2.6090872943614238e+22,2.6090872943614238e+22
1.91,1.272,catalog,0.18,421.8069811790881,5.3,77.594710847189,0.027,catalog,12702718762.8519,41397270.833274126,Jackson,-0.3991208128153407,-0.7878559898630322,log,0.31298938409749666,0.043256674655854144,1.9381685434702216e+22,1.9381685434702216e+22
1.91,1.272,catalog,0.18,421.8069811790881,5.3,170.42281894561967,0.027,catalog,5803626319.965011,73450755.68817945,Jackson,-0.49329620190453566,-0.6953795548760232,log,0.23712677579575733,0.9192709372256549,1.826305745625938e+22,1.826305745625938e+22
1.91,1.272,catalog,0.18,421.8069811790881,5.3,586.2195859133276,0.027,catalog,3744227024.2918334,79291525.1526323,Selsis,-0.40390755014788293,-0.7398909379456162,linear,0.21009402680341197,0.5942585895507265,3.0751194063464676e+22,3.0751194063464676e+22
1.91,1.272,catalog,0.18,421.8069811790881,5.3,114.9634419764877,0.027,catalog,8514680987.863253,4594302.60577833,Jackson,-0.3497662891477967,-0.7732539283082631,log,0.21305541159322622,0.9806819871836954,3.4521197837130825e+22,3.4521197837130825e+22
1.91,1.272,catalog,0.18,421.8069811790881,5.3,1014.8302215902916,0.027,catalog,2545666306.293935,43001443.77042312,Selsis,-0.37062920471014427,-0.6542455436849892,GP,0.15174250477640663,0.6919441694469197,3.2826842340401277e+22,3.2826842340401277e+22
1.91,1.272,catalog,0.18,421.8069811790881,5.3,147.6409747828074,0.027,catalog,10686836177.411388,40621493.10335613,Selsis,-0.3846336736488066,-0.795730084572003,linear,0.29890854017054325,0.922330961092636,3.3817515530255063e+22,3.3817515530255063e+22
1.91,1.272,catalog,0.18,421.8069811790881,5.3,665.5951296137279,0.027,catalog,1704168094.31002,79038104.08353943,Jackson,-0.4708314314516318,-0.7174982654713905,GP,0.09643262510872166,0.20222135390680074,1.7936680344068708e+22,1.7936680344068708e+22
1.91,1.272,catalog,0.18,421.8069811790881,5.3,504.0545188886051,0.027,catalog,4173739162.681773,96139412.93952662,Selsis,-0.39225996371023,-0.7809882461205472,GP,0.09986643825036631,0.9456631579314706,3.1351364143424586e+22,3.1351364143424586e+22
1.91,1.272,catalog,0.18,421.8069811790881,5.3,228.72504043331878,0.027,catalog,7551195734.908919,44772099.42197806,Selsis,-0.4611600838554322,-0.7535334549501786,GP,0.05468851480789467,0.39257197866375737,2.6189539116019817e+22,2.6189539116019817e+22
1.91,1.272,catalog,0.18,421.8069811790881,5.3,223.74636170476467,0.027,catalog,4491761107.950912,3242619.344073715,Jackson,-0.3840602524046301,-0.7922213883071777,GP,0.3906568930319764,0.2106134918447733,2.4153127149849375e+22,2.4153127149849375e+22
1.91,1.272,catalog,0.18,421.8069811790881,5.3,273.06769286361475,0.027,catalog,6586435662.479067,39987369.69136798,Selsis,-0.4305294499565307,-0.681329112650072,log,0.08866154069114288,0.41610037296337987,3.1102330623973363e+22,3.1102330623973363e+22
1.91,1.272,catalog,0.18,421.8069811790881,5.3,492.7466392385316,0.027,catalog,4242803110.863428,65089000.17172306,Selsis,-0.3962347113971424,-0.644352558507857,log,0.49728211397432504,0.7151210693838865,3.778852135221108e+22,3.778852135221108e+22
1.91,1.272,catalog,0.18,421.8069811790881,5.3,580.3920415829785,0.027,catalog,3771099215.469593,60650526.14331553,Selsis,-0.46162051487041206,-0.7445629176553872,log,0.3145436735586617,0.4950316261153249,2.595947256095063e+22,2.595947256095063e+22
1.91,1.272,catalog,0.18,421.8069811790881,5.3,264.8667321307142,0.027,catalog,6742199684.760213,50305005.41318328,Selsis,-0.4388233675331316,-0.6964008966205156,linear,0.33129925501554675,0.03587396589475833,2.9170318213130096e+22,2.9170318213130096e+22
1.91,1.272,catalog,0.18,421.8069811790881,5.3,343.4456187799133,0.027,catalog,3039458608.1056466,76831824.03760615,Jackson,-0.3691386321209178,-0.7486608722876014,log,0.06781548528364627,0.14547618672424922,2.3534690073150226e+22,2.3534690073150226e+22
1.91,1.272,catalog,0.18,421.8069811790881,5.3,390.2159271399108,0.027,catalog,5030954283.115638,51822589.72984598,Selsis,-0.4486403756416337,-0.664760496924525,GP,0.20373348688253456,0.5968081578303571,3.0427912559071918e+22,3.0427912559071918e+22
1.91,1.272,catalog,0.18,421.8069811790881,5.3,1581.4090155542317,0.027,catalog,1239280578.2968292,74137081.1446575,Selsis,-0.3885452216880131,-0.6711650902512459,GP,0.06304415305280084,0.42952538569666854,1.4883954712640116e+22,1.4883954712640116e+22
1.91,1.272,catalog,0.18,421.8069811790881,5.3,387.8521850459496,0.027,catalog,2727380206.0661116,5205407.8800286995,Jackson,-0.30114509537309264,-0.6901877844032008,GP,0.07888148487419168,0.25306213470798367,4.130713633117716e+22,4.130713633117716e+22
1.91,1.272,catalog,0.18,421.8069811790881,5.3,170.59709833562906,0.027,catalog,9513703197.772524,10493279.64095874,Selsis,-0.49987568667006804,-0.7711397485703391,linear,0.48809368306341433,0.03933417929269245,2.4878038795093256e+22,2.4878038795093256e+22
1.91,1.272,catalog,0.18,421.8069811790881,5.3,301.85346123219847,0.027,catalog,3413648083.7865543,46160075.28077593,Jackson,-0.3434805924591524,-0.7701869492175221,linear,0.09298590792772074,0.09887245053155136,2.599915002972873e+22,2.599915002972873e+22
1.91,1.272,catalog,0.18,421.8069811790881,5.3,207.45875723222053,0.027,catalog,4819420971.105246,88054892.87153958,Jackson,-0.36638399225572826,-0.7269320250064772,linear,0.2549959143766765,0.5490065537077494,2.5166952271951073e+22,2.5166952271951073e+22
1.91,1.272,catalog,0.18,421.8069811790881,5.3,1581.4090155542317,0.027,catalog,1685472661.032147,98039874.75712708,Selsis,-0.28898435967888475,-0.6472631119948143,log,0.17697165280674698,0.5150580590088847,3.6089579692264264e+22,3.6089579692264264e+22
1.91,1.272,catalog,0.18,421.8069811790881,5.3,1581.4090155542317,0.027,catalog,613865665.6813532,61804071.35914017,Selsis,-0.2846815348155679,-0.7416044116803192,linear,0.10962074959304902,0.4252972812062167,1.3643645482847785e+22,1.3643645482847785e+22
1.91,1.272,catalog,0.18,421.8069811790881,5.3,703.5658079667244,0.027,catalog,3288653341.014692,76307997.58327955,Selsis,-0.32064893160399405,-0.6730215590365842,linear,0.3779266476414443,0.30950008582251853,4.772798816987657e+22,4.772798816987657e+22
1.91,1.272,catalog,0.18,421.8069811790881,5.3,1573.126945673612,0.027,catalog,1764199198.8793018,37257279.49238858,Selsis,-0.3120539568028246,-0.6072503827793128,log,0.34759854925340666,0.11976922428303949,3.470827452197929e+22,3.470827452197929e+22
1.91,1.272,catalog,0.18,421.8069811790881,5.3,294.7296594333876,0.027,catalog,3488213220.6409445,78488779.94626735,Jackson,-0.37108259201839994,-0.6143705409243181,linear,0.32842717774209756,0.7194686719260187,3.083516916607244e+22,3.083516916607244e+22
1.91,1.272,catalog,0.18,421.8069811790881,5.3,379.6796344140395,0.027,catalog,2779430866.5840983,83530928.71160212,Jackson,-0.4097095609976928,-0.7350060535962638,linear,0.4586774161953646,0.5741819214329063,2.054673707529555e+22,2.054673707529555e+22
1.91,1.272,catalog,0.18,421.8069811790881,5.3,220.62715652099536,0.027,catalog,4550729935.052966,42694875.62930472,Jackson,-0.34483237035191483,-0.7294793250761534,log,0.12979849303731378,0.002186938327353727,2.3780244565433556e+22,2.3780244565433556e+22
1.91,1.272,catalog,0.18,421.8069811790881,5.3,167.28976978051728,0.027,catalog,5907394299.673175,30602999.972872935,Jackson,-0.464151940732559,-0.6049509961945619,GP,0.1135236210417563,0.931825314861981,2.7024804217192463e+22,2.7024804217192463e+22
1.91,1.272,catalog,0.18,421.8069811790881,5.3,775.2884059120835,0.027,catalog,3071254318.560239,79795011.09955764,Selsis,-0.3476754917838275,-0.6861847797122086,GP,0.331821447937731,0.012394966210708014,3.811660611678148e+22,3.811660611678148e+22
1.91,1.272,catalog,0.18,421.8069811790881,5.3,493.61842752435336,0.027,catalog,4237377806.2898602,3131992.7409429047,Selsis,-0.3714670660952636,-0.6823373477551121,linear,0.14578971535871163,0.9152185209402327,4.269921356252199e+22,4.269921356252199e+22
1.91,1.272,catalog,0.18,421.8069811790881,5.3,826.9795808133377,0.027,catalog,1417002079.3606532,60948553.451265134,Jackson,-0.4598237195213613,-0.7103464662293708,log,0.4364672566063624,0.750757740510518,1.8795405346945425e+22,1.8795405346945425e+22
1.91,1.272,catalog,0.18,421.8069811790881,5.3,1335.3854062457674,0.027,catalog,2108208167.79153,81267943.94546533,Selsis,-0.4284694174655948,-0.7795844358813706,GP,0.05189240301443895,0.6555149719132084,2.084478370402108e+22,2.084478370402108e+22
1.91,1.272,catalog,0.18,421.8069811790881,5.3,138.45894633173322,0.027,catalog,7090508587.975145,96066911.78592081,Jackson,-0.45729519537345287,-0.7948421902936439,linear,0.16894649342483214,0.6974250816532986,1.7151500903355475e+22,1.7151500903355475e+22
1.91,1.272,catalog,0.18,421.8069811790881,5.3,145.46316718294344,0.027,catalog,6758427163.3883,66156349.13878613,Jackson,-0.466242548935459,-0.6869731500804701,log,0.06068880397296729,0.5738519343897278,1.947530477269313e+22,1.947530477269313e+22
1.91,1.272,catalog,0.18,421.8069811790881,5.3,959.1775363638433,0.027,catalog,2647129795.306343,23045466.0197964,Selsis,-0.41349853748100396,-0.7296178717714519,linear,0.4428929063805258,0.9791008696172824,2.780735473793951e+22,2.780735473793951e+22
1.91,1.272,catalog,0.18,421.8069811790881,5.3,99.26318033709605,0.027,catalog,9865292141.524267,86306111.37535386,Jackson,-0.29822144226727265,-0.6919003085386046,linear,0.12761209840173135,0.11861869949143267,3.6632150308955655e+22,3.6632150308955655e+22
1.91,1.272,catalog,0.18,421.8069811790881,5.3,193.57532572204852,0.027,catalog,8605477328.878336,53666162.91350149,Selsis,-0.4574826786333244,-0.6149626727108672,log,0.3750031499907148,0.654441497493822,3.5693165082767937e+22,3.5693165082767937e+22
1.91,1.272,catalog,0.18,421.8069811790881,5.3,269.8755939594885,0.027,catalog,6646023197.621038,89353245.01906362,Selsis,-0.4769888388594525,-0.6144511927139739,GP,0.14619021967990836,0.3003828633741129,3.3823193979158654e+22,3.3823193979158654e+22
1.91,1.272,catalog,0.18,421.8069811790881,5.3,406.12146020950473,0.027,catalog,2618448951.6609564,2290830.36672013,Jackson,-0.28786255069100763,-0.75248262400628,log,0.30528261040488125,0.9417649165540338,5.570013852966529e+22,5.570013852966529e+22
1.91,1.272,catalog,0.18,421.8069811790881,5.3,388.39823966584777,0.027,catalog,2723978923.706933,66605105.01826286,Jackson,-0.3995934692608758,-0.6149292833178851,linear,0.10183498947404795,0.34213785711935796,2.7541148828989053e+22,2.7541148828989053e+22
1.91,1.272,catalog,0.18,421.8069811790881,5.3,545.948948586339,0.027,catalog,3940313056.050142,62224758.86485645,Selsis,-0.43310262819904083,-0.7948032078831909,GP,0.10185331852101684,0.11052329329520894,2.709056016712468e+22,2.709056016712468e+22
1.91,1.272,catalog,0.18,421.8069811790881,5.3,474.3232009486104,0.027,catalog,2284363752.1631284,15311667.363512855,Jackson,-0.3628525287709827,-0.6609362521075808,log,0.31650969509189425,0.6928493713787074,3.2770279767793736e+22,3.2770279767793736e+22
1.91,1.272,catalog,0.18,421.8069811790881,5.3,483.1271595730284,0.027,catalog,4303830457.1913,87076014.70249167,Selsis,-0.3024295997498273,-0.7508613608576407,GP,0.05447510759591586,0.946809109564178,5.9445797981609764e+22,5.9445797981609764e+22
1.91,1.272,catalog,0.18,421.8069811790881,5.3,648.206760069993,0.027,catalog,3485214237.896902,35167853.333655156,Selsis,-0.32085614498515763,-0.757393767998363,linear,0.08036096895249868,0.5095722883655059,4.860446847048121e+22,4.860446847048121e+22
1.91,1.272,catalog,0.18,421.8069811790881,5.3,336.69663516737205,0.027,catalog,3093970392.3329825,10548552.911836239,Jackson,-0.4517956158079414,-0.7132763869350639,log,0.07013046942646926,0.15544133458375864,2.0095401355706334e+22,2.0095401355706334e+22
1.91,1.272,catalog,0.18,421.8069811790881,5.3,182.57372188945226,0.027,catalog,5435668234.414069,91259302.4675671,Jackson,-0.36806086732966237,-0.763253856892816,linear,0.23887565699819996,0.2142320655658726,2.3817384697416613e+22,2.3817384697416613e+22
1.91,1.272,catalog,0.18,421.8069811790881,5.3,531.500397303402,0.027,catalog,4017098025.31341,77192875.37083492,Selsis,-0.4062489587425057,-0.6385784622293731,GP,0.13858426419329564,0.9822822550452994,3.666586245344797e+22,3.666586245344797e+22
1.91,1.272,catalog,0.18,421.8069811790881,5.3,1254.273460681787,0.027,catalog,2200416025.8291607,14125894.128106324,Selsis,-0.36034623930267773,-0.7578819428543959,log,0.3680024747953971,0.5096776529598769,2.9995933621065462e+22,2.9995933621065462e+22
1.91,1.272,catalog,0.18,421.8069811790881,5.3,1077.9488376148834,0.027,catalog,2441742879.8506575,66121802.781259164,Selsis,-0.4729896625630707,-0.6015405766226412,GP,0.12751596992442216,0.15786873983754524,2.822269483140725e+22,2.822269483140725e+22
1.91,1.272,catalog,0.18,421.8069811790881,5.3,430.6315585373119,0.027,catalog,4679629489.032672,25067691.70725498,Selsis,-0.3158888750748404,-0.6551499669649656,log,0.3368031220229409,0.9958265862014072,6.189656542183453e+22,6.189656542183453e+22
1.91,1.272,catalog,0.18,421.8069811790881,5.3,1581.409015554233,0.027,catalog,813369392.1567731,32895520.43411068,Selsis,-0.3211702806323584,-0.6879563823191848,log,0.09603102330830328,0.4970403597208911,1.5097521741520246e+22,1.5097521741520246e+22
1.91,1.272,catalog,0.18,421.8069811790881,5.3,150.28953513896477,0.027,catalog,10534082200.71538,36737038.19001285,Selsis,-0.3653308174181173,-0.7642612512289964,linear,0.1522416441095197,0.49306153365408956,3.86092430166182e+22,3.86092430166182e+22
1.91,1.272,catalog,0.18,421.8069811790881,5.3,307.18040839041424,0.027,catalog,3360131055.5506325,62550058.302357405,Jackson,-0.47915247552108775,-0.6428545915393123,GP,0.15108762696990483,0.3797344854199397,2.1167061833930544e+22,2.1167061833930544e+22
1.91,1.272,catalog,0.18,421.8069811790881,5.3,234.52008596306078,0.027,catalog,7405893020.321927,73016268.91403705,Selsis,-0.30125509783188037,-0.681997609348066,GP,0.2596491468080947,0.5027690235858889,6.940064521392473e+22,6.940064521392473e+22
1.91,1.272,catalog,0.18,421.8069811790881,5.3,143.18198821912682,0.027,catalog,6862879965.3600235,93153428.49595407,Jackson,-0.3476203016125888,-0.7550092155188435,linear,0.2649059297886547,0.9054180355687075,2.7813657019598835e+22,2.7813657019598835e+22
1.91,1.272,catalog,0.18,421.8069811790881,5.3,372.3308856918543,0.027,catalog,5210057512.075695,87606760.57931435,Selsis,-0.4332234105951209,-0.7758636579853814,GP,0.11285202467198249,0.8685671359838155,2.6808216482405914e+22,2.6808216482405914e+22
1.91,1.272,catalog,0.18,421.8069811790881,5.3,132.56983467243288,0.027,catalog,7398004844.885494,89058583.86232583,Jackson,-0.36029129016725064,-0.6022422932600158,linear,0.23006019259673727,0.4092769387463068,3.3723048562636794e+22,3.3723048562636794e+22
1.91,1.272,catalog,0.18,421.8069811790881,5.3,1581.4090155542317,0.027,catalog,1728457330.22541,89048455.77558547,Selsis,-0.3976730368557985,-0.6845571508795487,log,0.14510960420635335,0.49111877079088784,1.961608066222033e+22,1.961608066222033e+22
1.91,1.272,catalog,0.18,421.8069811790881,5.3,187.07160589909842,0.027,catalog,5311846675.958769,36133915.71495411,Jackson,-0.357224734702853,-0.6805463678655904,GP,0.2957378831422046,0.39708276986184354,3.021918269598059e+22,3.021918269598059e+22
1.91,1.272,catalog,0.18,421.8069811790881,5.3,299.3866752567642,0.027,catalog,3439069788.319525,44817820.06215676,Jackson,-0.3732436289158381,-0.7368644721728175,linear,0.4484272637913895,0.5312089668960411,2.62025724144373e+22,2.62025724144373e+22
1.91,1.272,catalog,0.18,421.8069811790881,5.3,165.25075014380585,0.027,catalog,5977099086.351103,18323414.917873695,Jackson,-0.45265274078019985,-0.7476388443518929,GP,0.08191885416187518,0.5583501328170778,2.1404794055630537e+22,2.1404794055630537e+22
1.91,1.272,catalog,0.18,421.8069811790881,5.3,130.6090061245128,0.027,catalog,7506806946.859949,56763618.34723572,Jackson,-0.3987336524353734,-0.7311101815995009,log,0.1932616943555883,0.13594950453773302,2.135013265730186e+22,2.135013265730186e+22
1.91,1.272,catalog,0.18,421.8069811790881,5.3,872.6316171030592,0.027,catalog,2827178962.908467,40210012.749908775,Selsis,-0.381343878735276,-0.7670422424529805,linear,0.39929275265174086,0.9929151669205759,3.089309135852559e+22,3.089309135852559e+22
1.91,1.272,catalog,0.18,421.8069811790881,5.3,364.8037014984767,0.027,catalog,2880042951.6010447,97162025.16440628,Jackson,-0.3965343645599612,-0.6600546771160828,linear,0.23241937487451916,0.839429079509216,2.3306418525853025e+22,2.3306418525853025e+22
1.91,1.272,catalog,0.18,421.8069811790881,5.3,220.70065139531647,0.027,catalog,4549321171.4145565,5169910.594305536,Jackson,-0.38075902011748397,-0.6401901645194649,log,0.05506663840986958,0.37563111555687134,3.000846873807578e+22,3.000846873807578e+22
1.91,1.272,catalog,0.18,421.8069811790881,5.3,1104.747095642995,0.027,catalog,2400765538.6785517,49051524.34422728,Selsis,-0.4904615294678863,-0.6963160444394144,linear,0.1278461135335482,0.29855653955923145,2.2792559925804866e+22,2.2792559925804866e+22
1.91,1.272,catalog,0.18,421.8069811790881,5.3,364.53629312164793,0.027,catalog,5293109376.348979,82370153.81045775,Selsis,-0.30420229030670554,-0.6045684365852906,log,0.10402017009300053,0.23597033682544888,7.354256016875364e+22,7.354256016875364e+22
1.91,1.272,catalog,0.18,421.8069811790881,5.3,1052.0324596778667,0.027,catalog,2483096801.286374,65963508.95993173,Selsis,-0.41447274411899643,-0.686837124882399,log,0.4015252596627439,0.25659043505346346,2.619972152257993e+22,2.619972152257993e+22
1.91,1.272,catalog,0.18,421.8069811790881,5.3,606.4137361944713,0.027,catalog,3654673062.285779,86564297.06377071,Selsis,-0.3539494104379406,-0.7431067306887488,GP,0.1743482290537877,0.3025605202273983,3.906139968718335e+22,3.906139968718335e+22
1.91,1.272,catalog,0.18,421.8069811790881,5.3,135.3730595773401,0.027,catalog,11468838532.213648,96276673.2276975,Selsis,-0.3714577398411571,-0.7322766020014074,linear,0.07751553266766245,0.7779398536831239,3.6309885796548344e+22,3.6309885796548344e+22
1.91,1.272,catalog,0.18,421.8069811790881,5.3,489.05272920242516,0.027,catalog,4265983229.2806044,77302700.18258993,Selsis,-0.2991849263355304,-0.6996607635827887,linear,0.15518419572934522,0.3113979751435072,6.243706752264131e+22,6.243706752264131e+22
1.91,1.272,catalog,0.18,421.8069811790881,5.3,257.82625988911286,0.027,catalog,3940912609.8674917,42610812.721874274,Jackson,-0.3132221972142963,-0.6352368408138304,linear,0.22293225287742863,0.10306377722825999,3.593460581567158e+22,3.593460581567158e+22
1.91,1.272,catalog,0.18,421.8069811790881,5.3,239.7203224143563,0.027,catalog,4213983827.832849,19832623.088126507,Jackson,-0.33045131822160284,-0.6019893413907076,GP,0.11969648891138608,0.6945937510645401,4.617291767321221e+22,4.617291767321221e+22
1.91,1.272,catalog,0.18,421.8069811790881,5.3,445.1096462389985,0.027,catalog,4568038741.097677,30797464.44170839,Selsis,-0.3755898383551404,-0.7913136003855413,GP,0.06992198379567313,0.8626177113397581,3.602879804932999e+22,3.602879804932999e+22
1.91,1.272,catalog,0.18,421.8069811790881,5.3,256.65367880998144,0.027,catalog,3957428503.336854,1573968.973599045,Jackson,-0.38680948583845287,-0.7000522287770947,log,0.12864124661408702,0.27885142551743525,2.5868508505175377e+22,2.5868508505175377e+22
1.91,1.272,catalog,0.18,421.8069811790881,5.3,933.7534655027243,0.027,catalog,2696984513.685769,3644331.759510773,Selsis,-0.42355467690498205,-0.781911657594235,GP,0.06536489698366779,0.7754999274789972,2.817445340083386e+22,2.817445340083386e+22
1.91,1.272,catalog,0.18,421.8069811790881,5.3,443.1809603290506,0.027,catalog,2424481481.3396096,66119545.750363134,Jackson,-0.42423277886361244,-0.759843283658556,linear,0.37673385308479246,0.32563625259863704,1.99288560293438e+22,1.99288560293438e+22
1.91,1.272,catalog,0.18,421.8069811790881,5.3,212.3519665392519,0.027,catalog,8001587614.511793,88068665.45685475,Selsis,-0.46346606987080285,-0.6785410154406506,log,0.1939153564891919,0.4371773499151781,2.779175870244336e+22,2.779175870244336e+22
1.91,1.272,catalog,0.18,421.8069811790881,5.3,1249.5387895493893,0.027,catalog,2206118037.223106,36015294.02589575,Selsis,-0.42257420326807366,-0.7865885694292145,linear,0.05912168143455779,0.3917856040960823,2.299745811940409e+22,2.299745811940409e+22
1.91,1.272,catalog,0.18,421.8069811790881,5.3,1374.063803430255,0.027,catalog,2067577146.9352796,54026690.89222559,Selsis,-0.32849858794312614,-0.677507325644774,linear,0.22412305246075837,0.2726405505094799,3.3452877251449826e+22,3.3452877251449826e+22
1.91,1.272,catalog,0.18,421.8069811790881,5.3,761.5425462719394,0.027,catalog,1519425022.8078966,98441616.04735091,Jackson,-0.37623673139598457,-0.6367062287474949,GP,0.13864683933201716,0.05608734713128116,1.9923984069412423e+22,1.9923984069412423e+22
1.91,1.272,catalog,0.18,421.8069811790881,5.3,295.3562895719708,0.027,catalog,6203659677.649184,83905377.77787949,Selsis,-0.3947635302131682,-0.7916793136287699,log,0.08598664861387317,0.7882890880470508,3.106349021580672e+22,3.106349021580672e+22
1.91,1.272,catalog,0.18,421.8069811790881,5.3,219.52037243883754,0.027,catalog,4572060053.818014,87677002.41652957,Jackson,-0.3169845960494793,-0.7375359662670276,GP,0.07884100182151796,0.7644455310154914,3.6582613111200706e+22,3.6582613111200706e+22
1.91,1.272,catalog,0.18,421.8069811790881,5.3,648.3606922492038,0.027,catalog,1742882990.690057,19870289.530030675,Jackson,-0.35337855748637853,-0.7284557326429542,GP,0.05014383539598236,0.22361736542253574,2.6884651912683674e+22,2.6884651912683674e+22
1.91,1.272,catalog,0.18,421.8069811790881,5.3,203.38585650720844,0.027,catalog,4909653061.420627,67369010.3933132,Jackson,-0.4067072668932754,-0.756043522324494,linear,0.11018691320583411,0.6788036388450182,2.1179226698481647e+22,2.1179226698481647e+22
1.91,1.272,catalog,0.18,421.8069811790881,5.3,610.3570760461893,0.027,catalog,3637801851.1703086,45611223.50049472,Selsis,-0.4644905150850455,-0.6627704383579586,GP,0.3996794099167532,0.15094398721780478,2.973946676383825e+22,2.973946676383825e+22
1.91,1.272,catalog,0.18,421.8069811790881,5.3,264.8248033396524,0.027,catalog,3845379234.04407,5961834.369638517,Jackson,-0.2887025365008193,-0.679924224567694,log,0.11483384913195621,0.023405204591537165,3.798546057254896e+22,3.798546057254896e+22
1.91,1.272,catalog,0.18,421.8069811790881,5.3,311.65279338593047,0.027,catalog,3316598609.990909,72522764.11917675,Jackson,-0.449316156506599,-0.71794513271165,log,0.2658121738469222,0.44108046170826376,1.9079134923433263e+22,1.9079134923433263e+22
1.91,1.272,catalog,0.18,421.8069811790881,5.3,107.54622296188867,0.027,catalog,9100742496.177408,26257271.292938415,Jackson,-0.3363519414726456,-0.748031665052247,GP,0.05344123882763261,0.6443949010444605,3.4706573194160907e+22,3.4706573194160907e+22
1.91,1.272,catalog,0.18,421.8069811790881,5.3,896.8568682085613,0.027,catalog,1323386175.7771802,61863762.32598657,Jackson,-0.4953804974455814,-0.7237085943712749,linear,0.18037123525403165,0.28354731004564315,1.739320095078257e+22,1.739320095078257e+22
1.91,1.272,catalog,0.18,421.8069811790881,5.3,1187.435443536297,0.027,catalog,2284547141.064002,43246355.44557334,Selsis,-0.32845706366581373,-0.6505079655729933,log,0.2774196691915123,0.7790778139234544,3.785965196824532e+22,3.785965196824532e+22
1.91,1.272,catalog,0.18,421.8069811790881,5.3,1581.409015554233,0.027,catalog,989531892.8675045,14498866.586087704,Selsis,-0.3436955130893769,-0.6301727785720768,log,0.3635012081747219,0.4169386089219014,1.7645944240047728e+22,1.7645944240047728e+22
1.91,1.272,catalog,0.18,421.8069811790881,5.3,102.3121952051517,0.027,catalog,9568569462.025478,60772975.30105898,Jackson,-0.3594931239939537,-0.7444787080863658,log,0.11255029779484216,0.7172453860485068,2.7327227305777527e+22,2.7327227305777527e+22
1.91,1.272,catalog,0.18,421.8069811790881,5.3,1219.0668138000958,0.027,catalog,2243733381.609438,78275049.35363592,Selsis,-0.449406149600051,-0.6140992021789787,linear,0.0864671237366574,0.8609291139285135,2.5815871988226444e+22,2.5815871988226444e+22
1.91,1.272,catalog,0.18,421.8069811790881,5.3,1581.409015554233,0.027,catalog,1248483792.369698,29456747.028706905,Selsis,-0.30283638157759646,-0.7716666289753404,linear,0.11937858202901443,0.27002112544307244,2.4381644831193597e+22,2.4381644831193597e+22
1.91,1.272,catalog,0.18,421.8069811790881,5.3,211.72639015673644,0.027,catalog,8020086122.840615,59603352.92102509,Selsis,-0.4219773824053487,-0.7729136530653208,log,0.07202804855593978,0.3089081196618423,2.843381319122971e+22,2.843381319122971e+22
1.91,1.272,catalog,0.18,421.8069811790881,5.3,162.61218029364153,0.027,catalog,9885975228.974655,68062678.01190434,Selsis,-0.44036500407439794,-0.6633477812911268,GP,0.1703084245873588,0.7372356585988353,3.0777442701737594e+22,3.0777442701737594e+22
1.91,1.272,catalog,0.18,421.8069811790881,5.3,320.54500590388795,0.027,catalog,5830455943.45867,49983607.252319105,Selsis,-0.4684907038728047,-0.7270754651239906,GP,0.06167698181561031,0.40616835651585215,2.6286053631573065e+22,2.6286053631573065e+22
1.91,1.272,catalog,0.18,421.8069811790881,5.3,209.9310864981604,0.027,catalog,4766376725.403181,83318093.23047315,Jackson,-0.37846201398998325,-0.7447107517209859,log,0.17205116379130178,0.7929978327699565,2.343529386243552e+22,2.343529386243552e+22
1.91,1.272,catalog,0.18,421.8069811790881,5.3,1025.730545092533,0.027,catalog,2526923335.1260233,79723853.87439965,Selsis,-0.32819993797908875,-0.7011671919519767,log,0.12289181357742902,0.39729323206084954,3.7675290121704686e+22,3.7675290121704686e+22
1.91,1.272,catalog,0.18,421.8069811790881,5.3,961.5351624497281,0.027,catalog,2642623679.3744693,21346525.336664796,Selsis,-0.4591431975716926,-0.6286939952287303,GP,0.3991083272377403,0.022820417260020265,2.8570733681613298e+22,2.8570733681613298e+22
1.91,1.272,catalog,0.18,421.8069811790881,5.3,310.6179453509042,0.027,catalog,3326561074.8931756,27762547.199891735,Jackson,-0.39218444013023473,-0.6432728209538414,linear,0.2904291736174783,0.2398143436928255,2.6571680315003923e+22,2.6571680315003923e+22
1.91,1.272,catalog,0.18,421.8069811790881,5.3,545.4806201929185,0.027,catalog,3942744921.8272,71269633.19658491,Selsis,-0.3032903529349603,-0.6465455900209052,linear,0.06784127113383073,0.020253750883676647,5.675104334416474e+22,5.675104334416474e+22
1.91,1.272,catalog,0.18,421.8069811790881,5.3,264.79948473429897,0.027,catalog,3845715747.931287,27707610.45103003,Jackson,-0.3401080784389393,-0.6759659543598542,linear,0.4340934844473352,0.39025686824701467,3.4250658148611516e+22,3.4250658148611516e+22
1.91,1.272,catalog,0.18,421.8069811790881,5.3,257.9379007185858,0.027,catalog,6880933780.86027,74336568.40590677,Selsis,-0.44544179595339645,-0.7117010779686617,linear,0.3257864607934502,0.9288840453718253,2.7617534653020544e+22,2.7617534653020544e+22
1.91,1.272,catalog,0.18,421.8069811790881,5.3,586.9580638338482,0.027,catalog,3740855656.4407206,56929470.45884939,Selsis,-0.4113143414639883,-0.7378673737143591,linear,0.2911876283964205,0.4511434157315112,3.03701257895269e+22,3.03701257895269e+22
1.91,1.272,catalog,0.18,421.8069811790881,5.3,195.71377131215885,0.027,catalog,5090214629.456659,6418639.0195955895,Jackson,-0.47588735266328897,-0.6856444752156257,log,0.10033237068069338,0.532322581603528,2.250201713131432e+22,2.250201713131432e+22
1.91,1.272,catalog,0.18,421.8069811790881,5.3,335.13272534979075,0.027,catalog,3106910965.234402,7957882.056143191,Jackson,-0.4840460333547134,-0.6399902818173139,GP,0.223444771458808,0.9839728077445563,2.558386780727027e+22,2.558386780727027e+22
1.91,1.272,catalog,0.18,421.8069811790881,5.3,351.9203484909819,0.027,catalog,2973925604.835746,4677751.971198103,Jackson,-0.34423258584941546,-0.6821440534625995,linear,0.18155685482505618,0.07866083958646608,2.7742298446718193e+22,2.7742298446718193e+22
1.91,1.272,catalog,0.18,421.8069811790881,5.3,150.69157971524027,0.027,catalog,6531368950.749675,39933863.23687837,Jackson,-0.47595779588361536,-0.7915332594678385,GP,0.05635954043559607,0.3964079776462788,1.881147647956342e+22,1.881147647956342e+22
1.91,1.272,catalog,0.18,421.8069811790881,5.3,227.98305968835837,0.027,catalog,4414270227.140333,47126071.42386879,Jackson,-0.3560050757304848,-0.6647056452380056,GP,0.2944247812585501,0.05852472755503624,2.5370182712674975e+22,2.5370182712674975e+22
1.91,1.272,catalog,0.18,421.8069811790881,5.3,264.35044117428413,0.027,catalog,3851694762.156606,77549451.6565658,Jackson,-0.3071503046303871,-0.7089260563628556,log,0.48470343069376026,0.10602549194895317,3.3499210357307903e+22,3.3499210357307903e+22
1.91,1.272,catalog,0.18,421.8069811790881,5.3,1024.562862203282,0.027,catalog,1183755453.979011,87951665.36364429,Jackson,-0.48045460024512604,-0.6697690169624664,linear,0.09787818153397435,0.3737070014863697,1.6686700889417208e+22,1.6686700889417208e+22
1.91,1.272,catalog,0.18,421.8069811790881,5.3,190.79029414265636,0.027,catalog,8704540683.872623,95253417.77013057,Selsis,-0.45210884828642084,-0.6131254272734316,linear,0.1639898372844082,0.7291198807768587,3.542054044496531e+22,3.542054044496531e+22
1.91,1.272,catalog,0.18,421.8069811790881,5.3,476.07278468318356,0.027,catalog,4349987601.8583145,50461730.934794955,Selsis,-0.49037303397062776,-0.6415996788137567,linear,0.30347695961987,0.0727330883261591,3.031351573241865e+22,3.031351573241865e+22
1.91,1.272,catalog,0.18,421.8069811790881,5.3,484.52071326553624,0.027,catalog,4294855055.3210144,74863812.79186876,Selsis,-0.36287534709403463,-0.7623412340237128,log,0.40260761235485726,0.031190122763018135,3.799578501331554e+22,3.799578501331554e+22
1.91,1.272,catalog,0.18,421.8069811790881,5.3,363.58982829464753,0.027,catalog,2888609491.02479,70953160.34043588,Jackson,-0.44114164451191,-0.7324533093656196,log,0.050443713859058235,0.5727367293163435,1.9252390787437824e+22,1.9252390787437824e+22
1.91,1.272,catalog,0.18,421.8069811790881,5.3,332.81754782122675,0.027,catalog,5667493080.172983,30843345.80466676,Selsis,-0.371387723659312,-0.6011778656698128,GP,0.20190919562716145,0.5419809217925394,5.165571197236727e+22,5.165571197236727e+22
1.91,1.272,catalog,0.18,421.8069811790881,5.3,674.3285854525245,0.027,catalog,3388906666.7421103,43679395.79004289,Selsis,-0.3331637636893311,-0.7882354633501597,linear,0.24615708441751263,0.7026544737022037,4.3381040397018334e+22,4.3381040397018334e+22
1.91,1.272,catalog,0.18,421.8069811790881,5.3,1198.7990014349773,0.027,catalog,2269669539.309686,81739169.45202848,Selsis,-0.4191013928264091,-0.7933658204058043,linear,0.18779856947045243,0.031192737947321247,2.2543895841171554e+22,2.2543895841171554e+22
1.91,1.272,catalog,0.18,421.8069811790881,5.3,419.3454104837204,0.027,catalog,4771419011.799299,35355349.70421078,Selsis,-0.46517741166115506,-0.7879549795259857,linear,0.11452148935969882,0.5264736989701995,2.572712215112353e+22,2.572712215112353e+22
1.91,1.272,catalog,0.18,421.8069811790881,5.3,452.86232465254847,0.027,catalog,4510930156.304835,17242856.163358122,Selsis,-0.4836536275599045,-0.645948571282033,linear,0.16691539886292361,0.5834558039607143,3.143163277243674e+22,3.143163277243674e+22
1.91,1.272,catalog,0.18,421.8069811790881,5.3,1434.1141608912374,0.027,catalog,2008271874.5378537,16976056.85864523,Selsis,-0.37014481157391266,-0.6820261668656054,log,0.11380787386664946,0.867535583317533,2.7762447500058217e+22,2.7762447500058217e+22
1.91,1.272,catalog,0.18,421.8069811790881,5.3,501.2429025599703,0.027,catalog,4190650576.6041164,66761889.91663841,Selsis,-0.4857040500840111,-0.7603466925039971,log,0.42257115133340306,0.23418009433530762,2.445234062581007e+22,2.445234062581007e+22
1.91,1.272,catalog,0.18,421.8069811790881,5.3,203.28387102635085,0.027,catalog,8280154470.935301,60235523.43002812,Selsis,-0.34793542564985913,-0.6582792954517748,log,0.309273189609221,0.5991173653300834,4.817549308089492e+22,4.817549308089492e+22
1.91,1.272,catalog,0.18,421.8069811790881,5.3,304.0297221676267,0.027,catalog,3391559882.166605,17094307.917947363,Jackson,-0.48714138165486626,-0.6455420520816616,log,0.20172221674092652,0.6015237483859136,2.356246724087494e+22,2.356246724087494e+22
1.91,1.272,catalog,0.18,421.8069811790881,5.3,524.3170895508825,0.027,catalog,4056677042.316953,46131824.01928618,Selsis,-0.43803030918401337,-0.6550161426352185,linear,0.11843283951549369,0.06902010020489646,3.2089078838762947e+22,3.2089078838762947e+22
1.91,1.272,catalog,0.18,421.8069811790881,5.3,1524.9392579023272,0.027,catalog,1866376189.442706,78286196.21761358,Selsis,-0.32352625143453906,-0.74057362122973,log,0.08366873810241683,0.8376308649451626,2.9627638582727888e+22,2.9627638582727888e+22
1.91,1.272,catalog,0.18,421.8069811790881,5.3,345.6607591021637,0.027,catalog,5508337652.678909,76911589.38064504,Selsis,-0.3236011686593047,-0.7478788440852527,GP,0.09440605270311252,0.7778319838432369,5.260757382565497e+22,5.260757382565497e+22
1.91,1.272,catalog,0.18,421.8069811790881,5.3,1136.6967969923342,0.027,catalog,2354117545.726876,40600271.283817016,Selsis,-0.4374170904829353,-0.7550585403362434,log,0.12774029983683602,0.8058602714305055,2.3453833099737156e+22,2.3453833099737156e+22
1.91,1.272,catalog,0.18,421.8069811790881,5.3,420.09237564206734,0.027,catalog,4765206688.129953,75330148.19101761,Selsis,-0.3929682436532064,-0.7233299364756006,log,0.1325079953479434,0.01439305028381821,3.2867366290093022e+22,3.2867366290093022e+22
1.91,1.272,catalog,0.18,421.8069811790881,5.3,245.41360107643052,0.027,catalog,7150097790.908639,70846171.3381193,Selsis,-0.3652242831734076,-0.7842404226360131,log,0.09390768821572854,0.06883121270750503,3.7178917739951106e+22,3.7178917739951106e+22
1.91,1.272,catalog,0.18,421.8069811790881,5.3,268.70153576867085,0.027,catalog,3794600296.315585,88226371.19162261,Jackson,-0.3741711821602646,-0.6847983093160654,log,0.09377723004129293,0.029704423528382873,2.1350824841518726e+22,2.1350824841518726e+22
1.91,1.272,catalog,0.18,421.8069811790881,5.3,426.26630529695393,0.027,catalog,2508928781.3224626,63534011.15813708,Jackson,-0.3053049129822301,-0.7516200703450641,GP,0.17534804559778142,0.7559042835504626,4.088314480231095e+22,4.088314480231095e+22
1.91,1.272,catalog,0.18,421.8069811790881,5.3,137.57864638400594,0.027,catalog,7134731929.007254,43734359.552415565,Jackson,-0.38312478687542784,-0.6916366459987369,linear,0.2919417292371264,0.45280287830914057,2.5881238691089186e+22,2.5881238691089186e+22
1.91,1.272,catalog,0.18,421.8069811790881,5.3,621.7496021586023,0.027,catalog,1806700849.1751173,26029068.068170447,Jackson,-0.36458621250226486,-0.7952904992012815,linear,0.09585077735947146,0.3376648380578875,2.6440413538229026e+22,2.6440413538229026e+22
1.91,1.272,catalog,0.18,421.8069811790881,5.3,784.1160700108862,0.027,catalog,3046931175.767115,89562164.12007299,Selsis,-0.35290231409190437,-0.7462889064263639,log,0.3412302334854004,0.609090906205692,3.5594973344758114e+22,3.5594973344758114e+22
1.91,1.272,catalog,0.18,421.8069811790881,5.3,1581.4090155542317,0.027,catalog,1119345942.32107,52880592.202645265,Selsis,-0.4153210690507383,-0.79530389227026,linear,0.2013180358344487,0.05593521137374058,1.192029969913534e+22,1.192029969913534e+22
1.91,1.272,catalog,0.18,421.8069811790881,5.3,331.79479502386545,0.027,catalog,3134933066.468014,74944371.5506218,Jackson,-0.3152117430515403,-0.7392645955534155,GP,0.13444678049210343,0.7252819085772281,3.791562208540154e+22,3.791562208540154e+22
1.91,1.272,catalog,0.18,421.8069811790881,5.3,1581.409015554233,0.027,catalog,1283851143.9988992,20217034.82422979,Selsis,-0.4638339738462419,-0.7310642445604424,linear,0.26962516299747613,0.8914301046023732,1.3845553422653916e+22,1.3845553422653916e+22
1.91,1.272,catalog,0.18,421.8069811790881,5.3,342.7312460671048,0.027,catalog,3045128502.8419037,54678690.8403358,Jackson,-0.3436909407004012,-0.710411864990387,GP,0.08200969634202306,0.367585730089774,3.097914689465172e+22,3.097914689465172e+22
1.91,1.272,catalog,0.18,421.8069811790881,5.3,214.57818123656975,0.027,catalog,4670017198.584627,22569564.693545695,Jackson,-0.4649494301359635,-0.7637284016354657,linear,0.20141699298844393,0.6382079076961732,2.066255898027328e+22,2.066255898027328e+22
1.91,1.272,catalog,0.18,421.8069811790881,5.3,412.66063703646927,0.027,catalog,4827916825.571929,48758558.84413796,Selsis,-0.4508121616217671,-0.6273515396473618,linear,0.24899834364545362,0.09946668130905556,3.424003915529218e+22,3.424003915529218e+22
1.91,1.272,catalog,0.18,421.8069811790881,5.3,218.24101941728463,0.027,catalog,7832318635.169576,11465873.670223499,Selsis,-0.32493600622461444,-0.6438887518240087,GP,0.4677498979245944,0.6264510006662158,6.235636019080983e+22,6.235636019080983e+22
1.91,1.272,catalog,0.18,421.8069811790881,5.3,228.47568043672763,0.027,catalog,7557602241.491208,52485775.625657566,Selsis,-0.3595890692193698,-0.633784283602427,linear,0.15993480655853606,0.5670966911579555,4.772335262133919e+22,4.772335262133919e+22
1.91,1.272,catalog,0.18,421.8069811790881,5.3,285.93464239862635,0.027,catalog,6358743004.815491,43520297.32132555,Selsis,-0.362288810796505,-0.6906551828557118,log,0.19944849157810843,0.7007216821715851,4.178416293169448e+22,4.178416293169448e+22
1.91,1.272,catalog,0.18,421.8069811790881,5.3,880.0003041010889,0.027,catalog,2810644429.637362,66520504.01379873,Selsis,-0.4206585950924565,-0.6745081252804978,GP,0.22962522954694345,0.5610111617078682,2.8369190292567406e+22,2.8369190292567406e+22
1.91,1.272,catalog,0.18,421.8069811790881,5.3,1581.409015554232,0.027,catalog,658769833.7711921,22212452.253018863,Selsis,-0.2916918254387536,-0.7427658025399215,GP,0.06551135686999393,0.7734992201491722,1.6211032576097562e+22,1.6211032576097562e+22
1.91,1.272,catalog,0.18,421.8069811790881,5.3,314.9382289588795,0.027,catalog,3285399104.894504,70333249.67940266,Jackson,-0.42894672463832706,-0.7325555085023897,GP,0.4164637795378206,0.10756176186940147,1.892908665278838e+22,1.892908665278838e+22
1.91,1.272,catalog,0.18,421.8069811790881,5.3,333.51578858433226,0.027,catalog,3120416141.4046206,92859044.11389938,Jackson,-0.4654667982723041,-0.6413780513175666,linear,0.2506956831385996,0.9779739480008399,2.047696257209101e+22,2.047696257209101e+22
1.91,1.272,catalog,0.18,421.8069811790881,5.3,786.4339038314629,0.027,catalog,1478551795.2219112,68495546.14845695,Jackson,-0.4259948251607941,-0.6883379752134328,linear,0.1340323304630469,0.3001460900714312,2.00307047881127e+22,2.00307047881127e+22
1.91,1.272,catalog,0.18,421.8069811790881,5.3,1581.409015554233,0.027,catalog,684669857.0182734,58305286.275014654,Selsis,-0.467421770223762,-0.6492640845940635,linear,0.06069449512208049,0.6444643052876685,7.475676006757076e+21,7.475676006757076e+21
1.91,1.272,catalog,0.18,421.8069811790881,5.3,640.2034230324291,0.027,catalog,3516117183.043641,49067790.62743094,Selsis,-0.28450908673072756,-0.7146936928642519,GP,0.14751316267830264,0.23542435660202443,6.4765623132995484e+22,6.4765623132995484e+22
1.91,1.272,catalog,0.18,421.8069811790881,5.3,122.03065660706956,0.027,catalog,8025859356.093376,70151989.7148429,Jackson,-0.29652207635781774,-0.6032097455377036,linear,0.24522189310464956,0.5894953574145357,5.569259605221484e+22,5.569259605221484e+22
1.91,1.272,catalog,0.18,421.8069811790881,5.3,250.17157114003794,0.027,catalog,4051525990.9466634,98895097.99821138,Jackson,-0.32995537656715657,-0.7188439177114798,GP,0.10732562997228956,0.6146817647568279,3.2408477901468023e+22,3.2408477901468023e+22
1.91,1.272,catalog,0.18,421.8069811790881,5.3,396.16678962195743,0.027,catalog,2676584841.698935,68141958.53208286,Jackson,-0.33939726960061223,-0.6335565862090451,linear,0.20077620732074292,0.6860709595180394,3.5850333804889096e+22,3.5850333804889096e+22
1.91,1.272,catalog,0.18,421.8069811790881,5.3,334.25564060164703,0.027,catalog,3114220666.6295514,13560797.516663779,Jackson,-0.48140732887067034,-0.7660595533092796,log,0.08577471746324013,0.6108314579913127,2.076626685500558e+22,2.076626685500558e+22
1.91,1.272,catalog,0.18,421.8069811790881,5.3,160.3657952175722,0.027,catalog,9997046497.957531,5841373.475713449,Selsis,-0.4154436427452021,-0.7766089125394435,GP,0.06579088865201538,0.4903473270122233,3.114022932832322e+22,3.114022932832322e+22
1.91,1.272,catalog,0.18,421.8069811790881,5.3,120.11875199039693,0.027,catalog,12654678415.450516,9882751.357942626,Selsis,-0.43564465050349216,-0.6418837581221946,GP,0.39053670769071525,0.4281611918801954,3.526001601784598e+22,3.526001601784598e+22
1.91,1.272,catalog,0.18,421.8069811790881,5.3,160.7236425154759,0.027,catalog,9979155200.43655,1343645.4149976934,Selsis,-0.4810263206484128,-0.7009015591818221,GP,0.08059243598461485,0.6818668178582071,2.8896824610920214e+22,2.8896824610920214e+22
1.91,1.272,catalog,0.18,421.8069811790881,5.3,102.34728675749736,0.027,catalog,9565263742.257183,75433019.6081156,Jackson,-0.31487867999259705,-0.7830563307969068,linear,0.2141751417916796,0.6632898643308716,3.7364102316834463e+22,3.7364102316834463e+22
1.91,1.272,catalog,0.18,421.8069811790881,5.3,452.854761817255,0.027,catalog,4510985009.089094,39947918.760158546,Selsis,-0.2953984676910634,-0.7810907455982209,log,0.22217968843383687,0.3697671366119708,6.575828654583379e+22,6.575828654583379e+22
1.91,1.272,catalog,0.18,421.8069811790881,5.3,868.4219943019906,0.027,catalog,2836735293.4739614,24097723.66702563,Selsis,-0.3488925354442427,-0.7028195157258095,log,0.34978699817111447,0.714311225551497,3.797000371584275e+22,3.797000371584275e+22
1.91,1.272,catalog,0.18,421.8069811790881,5.3,474.07201641925946,0.027,catalog,2285422258.7915,62678346.45263895,Jackson,-0.45998569365227615,-0.6492226785439273,log,0.12014183955359087,0.5970721724949115,2.1412044985040445e+22,2.1412044985040445e+22
1.91,1.272,catalog,0.18,421.8069811790881,5.3,120.88723368264044,0.027,catalog,8100879344.500504,89032554.5015741,Jackson,-0.30980433627596765,-0.7977606342743981,log,0.09365262961680366,0.7320822030290268,3.831075671850039e+22,3.831075671850039e+22
1.91,1.272,catalog,0.18,421.8069811790881,5.3,526.423409774092,0.027,catalog,4044971500.259332,5119263.7976361085,Selsis,-0.339067810299455,-0.7229778388918853,linear,0.06164369614313727,0.66392179791843,4.87920440576785e+22,4.87920440576785e+22
1.91,1.272,catalog,0.18,421.8069811790881,5.3,176.4079237935145,0.027,catalog,5615897686.336448,22284476.492846943,Jackson,-0.48147443451390415,-0.7463995582437544,GP,0.30881102081394124,0.4641097575341361,2.003469936286742e+22,2.003469936286742e+22
1.91,1.272,catalog,0.18,421.8069811790881,5.3,724.9741420038373,0.027,catalog,3219794576.049953,21073811.520310916,Selsis,-0.34787680258264364,-0.7010156422339674,log,0.4166945734571818,0.7101593072856616,4.117250164444739e+22,4.117250164444739e+22
1.91,1.272,catalog,0.18,421.8069811790881,5.3,1145.5841910546085,0.027,catalog,1078743882.9127095,6315403.177146917,Jackson,-0.4815716238493096,-0.6032351445406109,GP,0.12534243552552,0.761057430959571,2.355756294572447e+22,2.355756294572447e+22
1.91,1.272,catalog,0.18,421.8069811790881,5.3,181.9481044710323,0.027,catalog,5453386144.944684,13153509.600862486,Jackson,-0.42388044983485385,-0.7270866443293426,log,0.09777902637035375,0.9857365460316747,2.413869088931786e+22,2.413869088931786e+22
1.91,1.272,catalog,0.18,421.8069811790881,5.3,168.09732741646133,0.027,catalog,5880267733.720144,33554406.483481236,Jackson,-0.4910011087714084,-0.6880904587692163,GP,0.09178131760796383,0.6070076087287499,2.0483549721629766e+22,2.0483549721629766e+22
1.91,1.272,catalog,0.18,421.8069811790881,5.3,246.48016204209543,0.027,catalog,7126185228.532137,51269277.09670825,Selsis,-0.3328597021709525,-0.6246643368453769,log,0.4072703876000318,0.6323108457768013,5.916869966048775e+22,5.916869966048775e+22
1.91,1.272,catalog,0.18,421.8069811790881,5.3,127.99594856483145,0.027,catalog,7657212719.515893,28050732.712380357,Jackson,-0.372747209944489,-0.6562016412617198,linear,0.12368681340767784,0.20917762644927573,2.770167993813549e+22,2.770167993813549e+22
1.91,1.272,catalog,0.18,421.8069811790881,5.3,1581.4090155542317,0.027,catalog,1690289637.6042793,95437596.5152116,Selsis,-0.4005129488202779,-0.6458319815045338,GP,0.2695704252970939,0.5648051670258591,1.9930512543140802e+22,1.9930512543140802e+22
1.91,1.272,catalog,0.18,421.8069811790881,5.3,204.10532712211597,0.027,catalog,8253964157.897122,13452894.949598854,Selsis,-0.3237614954836293,-0.7601708257421379,linear,0.2088817459022883,0.7055261205329831,5.5322036317101754e+22,5.5322036317101754e+22
1.91,1.272,catalog,0.18,421.8069811790881,5.3,120.4241758400269,0.027,catalog,8131685914.120274,79181649.84903689,Jackson,-0.32530904160709995,-0.6976904592176717,log,0.15413807799990267,0.43468403390114396,3.5283079629466537e+22,3.5283079629466537e+22
1.91,1.272,catalog,0.18,421.8069811790881,5.3,478.1581060734927,0.027,catalog,4336216060.79197,60712840.784677625,Selsis,-0.3684478224476941,-0.6120476357092848,GP,0.0956999989533759,0.6460121602283313,4.746074535822695e+22,4.746074535822695e+22
1.91,1.272,catalog,0.18,421.8069811790881,5.3,1581.4090155542317,0.027,catalog,993298662.7489239,5138573.769557036,Selsis,-0.49953402948676506,-0.7382974099318478,log,0.2672534245625487,0.12897735194247117,1.0651390520012642e+22,1.0651390520012642e+22
1.91,1.272,catalog,0.18,421.8069811790881,5.3,161.27687748681913,0.027,catalog,9951643786.047426,13450107.931625117,Selsis,-0.28101024543030834,-0.7398466495478926,log,0.13689907226207415,0.3041882505465846,8.502026046470138e+22,8.502026046470138e+22
1.91,1.272,catalog,0.18,421.8069811790881,5.3,357.98638184652907,0.027,catalog,5365445502.149505,41215181.56482447,Selsis,-0.29962650196038776,-0.7840944384921178,linear,0.06816911138134121,0.7165800964164523,6.7676222065379375e+22,6.7676222065379375e+22
1.91,1.272,catalog,0.18,421.8069811790881,5.3,1581.409015554233,0.027,catalog,1439514742.1204674,71443884.51403153,Selsis,-0.39536449851227695,-0.6836773935475527,linear,0.1401182754993255,0.9281123343298829,1.6764126961779635e+22,1.6764126961779635e+22
1.91,1.272,catalog,0.18,421.8069811790881,5.3,156.55865687785618,0.027,catalog,6295220453.724059,88727897.6095215,Jackson,-0.30830328266937085,-0.6983743317537207,linear,0.39422399605104685,0.5080693991737493,4.081505612696799e+22,4.081505612696799e+22
1.91,1.272,catalog,0.18,421.8069811790881,5.3,497.4860125174333,0.027,catalog,4213514649.4977756,8066120.34562869,Selsis,-0.42321351527108064,-0.6247813973875449,GP,0.15503914222125387,0.1146300252062259,3.80010586113171e+22,3.80010586113171e+22
1.91,1.272,catalog,0.18,421.8069811790881,5.3,126.58053605188903,0.027,catalog,7741393981.955796,67572170.40572724,Jackson,-0.4577818756073345,-0.7052592872647299,log,0.3474254042205092,0.3888920852722929,1.9229964155178157e+22,1.9229964155178157e+22
1.91,1.272,catalog,0.18,421.8069811790881,5.3,1509.856273110844,0.027,catalog,1900287652.6036603,40791715.05798925,Selsis,-0.42389703111890914,-0.6812554416877645,GP,0.13447611938250145,0.997823001846383,2.136601634077479e+22,2.136601634077479e+22
1.91,1.272,catalog,0.18,421.8069811790881,5.3,544.1281816688044,0.027,catalog,3949788634.179719,90210084.13466433,Selsis,-0.32469135831538437,-0.6640702874436227,GP,0.05286749287445137,0.24285420287484738,5.099537018522643e+22,5.099537018522643e+22
1.91,1.272,catalog,0.18,421.8069811790881,5.3,126.76997053353983,0.027,catalog,7730013472.099781,57216778.83255342,Jackson,-0.49047419663061653,-0.6603494407200813,log,0.15060781272304952,0.8014946373182884,2.021830214493299e+22,2.021830214493299e+22
1.91,1.272,catalog,0.18,421.8069811790881,5.3,402.9960419783978,0.027,catalog,4912584162.425735,59727530.73029204,Selsis,-0.3008364933259444,-0.6005019855673162,GP,0.053143348003097585,0.5716832377373413,7.482740483198264e+22,7.482740483198264e+22
1.91,1.272,catalog,0.18,421.8069811790881,5.3,331.68984311408224,0.027,catalog,3135823164.726163,86307193.22856419,Jackson,-0.3031066987464049,-0.7610667436847927,GP,0.08193315948864614,0.9293749503538418,4.162305921651448e+22,4.162305921651448e+22
1.91,1.272,catalog,0.18,421.8069811790881,5.3,1034.487373628047,0.027,catalog,2512116100.1820235,27292910.022756197,Selsis,-0.4764175241464244,-0.7391883899064169,log,0.07646631483357258,0.5439627925372563,2.369647102820481e+22,2.369647102820481e+22
1.91,1.272,catalog,0.18,421.8069811790881,5.3,355.6268832964205,0.027,catalog,5392098722.955097,60579669.87639665,Selsis,-0.4144877092178248,-0.6559451106775955,GP,0.08646542908421563,0.810010577136834,3.413333672196681e+22,3.413333672196681e+22
1.91,1.272,catalog,0.18,421.8069811790881,5.3,328.60824447069865,0.027,catalog,3162208301.2736554,23047544.54642494,Jackson,-0.32557860296155694,-0.6907352200797734,GP,0.08636829433406343,0.6198766655902203,3.9411200278072e+22,3.9411200278072e+22
1.91,1.272,catalog,0.18,421.8069811790881,5.3,429.7954944490698,0.027,catalog,4686280026.01169,84009728.84982456,Selsis,-0.28649516383506196,-0.7250080674157502,log,0.36278272670802414,0.12794937379445148,7.0618069340137265e+22,7.0618069340137265e+22
1.91,1.272,catalog,0.18,421.8069811790881,5.3,689.0976921206696,0.027,catalog,3337323759.7998185,90262776.2263539,Selsis,-0.3204688238858618,-0.7618469671550351,GP,0.11978593104317899,0.5211170618742804,4.5593751934634274e+22,4.5593751934634274e+22
1.91,1.272,catalog,0.18,421.8069811790881,5.3,282.1028029393721,0.027,catalog,3629792937.079552,39901286.11771026,Jackson,-0.4649981728913857,-0.7348143817851651,linear,0.309015225601403,0.49034413511536745,1.9780554364622614e+22,1.9780554364622614e+22
1.91,1.272,catalog,0.18,421.8069811790881,5.3,1581.4090155542317,0.027,catalog,1550720324.598114,93518820.3573478,Selsis,-0.4327891631185401,-0.6115933507699403,GP,0.05658328014641911,0.8466039805831507,1.8422606612364867e+22,1.8422606612364867e+22
1.91,1.272,catalog,0.18,421.8069811790881,5.3,133.61728878666588,0.027,catalog,7341247910.288207,97215983.11267959,Jackson,-0.42022346892552065,-0.6884957167269429,log,0.06313097919170892,0.9422620049130823,2.034354784116259e+22,2.034354784116259e+22
1.91,1.272,catalog,0.18,421.8069811790881,5.3,303.69987710340934,0.027,catalog,6073738412.945523,21614706.40546927,Selsis,-0.4405456160706952,-0.648548230482907,log,0.07425562084596696,0.7125918198660465,3.357102249486059e+22,3.357102249486059e+22
1.91,1.272,catalog,0.18,421.8069811790881,5.3,93.84242098770225,0.027,catalog,10443704191.354042,61269583.73430567,Jackson,-0.39146568014049704,-0.7444967526466318,GP,0.10102164785020153,0.421674519725293,2.2953281758634076e+22,2.2953281758634076e+22
1.91,1.272,catalog,0.18,421.8069811790881,5.3,259.02945149402865,0.027,catalog,3924121065.0814495,27556818.51904117,Jackson,-0.3746593228472934,-0.6976128631884342,linear,0.05314684291207311,0.24686742795481442,2.6225190474448403e+22,2.6225190474448403e+22
1.91,1.272,catalog,0.18,421.8069811790881,5.3,344.56448356850404,0.027,catalog,5521498783.923697,25181454.414474566,Selsis,-0.36130038039211765,-0.7631755562173991,log,0.05288120063462479,0.29615460710254715,4.003975995065734e+22,4.003975995065734e+22
1.91,1.272,catalog,0.18,421.8069811790881,5.3,695.9422261517318,0.027,catalog,1640471094.7556856,41339263.984236166,Jackson,-0.4715915902064324,-0.687426052583029,log,0.22544396490099478,0.2043509749008443,1.9626562746558947e+22,1.9626562746558947e+22
1.91,1.272,catalog,0.18,421.8069811790881,5.3,355.9221482092578,0.027,catalog,2944048510.3231745,35061282.378596045,Jackson,-0.4752422600474352,-0.7704355487169013,log,0.4861992827728462,0.15499522994952608,1.8126240594981477e+22,1.8126240594981477e+22
1.91,1.272,catalog,0.18,421.8069811790881,5.3,1167.7111079788306,0.027,catalog,2310967344.944885,47510444.96519941,Selsis,-0.3368672780373305,-0.6329143155092413,linear,0.19589246165019228,0.08588473077557846,3.640253036544727e+22,3.640253036544727e+22
1.91,1.272,catalog,0.18,421.8069811790881,5.3,1247.3473871506285,0.027,catalog,2208769875.9936843,12475450.172637224,Selsis,-0.2880366902825349,-0.7742692436700321,linear,0.19001383090446194,0.5806785837387359,4.90535959772234e+22,4.90535959772234e+22
1.91,1.272,catalog,0.18,421.8069811790881,5.3,611.4203196054322,0.027,catalog,1832908584.2707107,40995304.018839054,Jackson,-0.39437183306709095,-0.6384772961705838,log,0.055557500027724166,0.9932314067983268,2.6740382664199797e+22,2.6740382664199797e+22
1.91,1.272,catalog,0.18,421.8069811790881,5.3,341.8474122129645,0.027,catalog,3052175699.8797936,6221802.621479362,Jackson,-0.3221282654151127,-0.7860110443162707,linear,0.25435301147569617,0.6625216133155233,4.005816012921268e+22,4.005816012921268e+22
1.91,1.272,catalog,0.18,421.8069811790881,5.3,1056.7534898936506,0.027,catalog,2475431957.081573,74280138.39399505,Selsis,-0.4764971876292503,-0.6157596944514916,log,0.2626082010505102,0.9463157746149587,2.6901826520930536e+22,2.6901826520930536e+22
1.91,1.272,catalog,0.18,421.8069811790881,5.3,289.3420295326881,0.027,catalog,3547093567.005784,34256402.34305488,Jackson,-0.4521321350507248,-0.6313577544604447,log,0.1293706058476209,0.5053895821032679,2.4427689559487404e+22,2.4427689559487404e+22
1.91,1.272,catalog,0.18,421.8069811790881,5.3,229.63367712969418,0.027,catalog,7527961064.050849,39671134.06785458,Selsis,-0.295775932854208,-0.6606878624499694,GP,0.30258980948833863,0.6518457122134836,7.725775906617016e+22,7.725775906617016e+22
1.91,1.272,catalog,0.18,421.8069811790881,5.3,595.1905731608631,0.027,catalog,1875852738.2462425,28670268.388532262,Jackson,-0.3121436313385158,-0.6662042962079199,GP,0.16595560741681745,0.18963005372023434,3.1834977251909853e+22,3.1834977251909853e+22
1.91,1.272,catalog,0.18,421.8069811790881,5.3,1349.2262857889166,0.027,catalog,2093436911.4680643,22294349.953069203,Selsis,-0.4015003215583254,-0.7216619542352434,GP,0.05403041556881542,0.011183065294155137,2.38178337803259e+22,2.38178337803259e+22
1.91,1.272,catalog,0.18,421.8069811790881,5.3,201.00938574812764,0.027,catalog,4964013703.984682,35466092.92127004,Jackson,-0.28331780395321987,-0.6008191006899687,linear,0.05064879631344497,0.0928442139843737,4.8181466108324594e+22,4.8181466108324594e+22
1.91,1.272,catalog,0.18,421.8069811790881,5.3,560.0463927997142,0.027,catalog,1977044448.105866,4674848.989865619,Jackson,-0.3221327285514737,-0.7991477715791202,GP,0.05952884321523863,0.36131380334976415,3.4684599575578027e+22,3.4684599575578027e+22
1.91,1.272,catalog,0.18,421.8069811790881,5.3,450.7196054450646,0.027,catalog,2388835308.110804,66464445.97340127,Jackson,-0.3955041642344351,-0.7905102977857205,GP,0.06636459681666623,0.9752558970995159,2.1881331077296998e+22,2.1881331077296998e+22
1.91,1.272,catalog,0.18,421.8069811790881,5.3,969.6727578742028,0.027,catalog,2627217678.122492,55260325.62413372,Selsis,-0.45169413390966645,-0.6563501212434978,log,0.30737663178429375,0.3987085228680668,2.664744499297038e+22,2.664744499297038e+22
1.91,1.272,catalog,0.18,421.8069811790881,5.3,91.99752124623708,0.027,catalog,10657202757.508251,36142956.86887964,Jackson,-0.4123351444828189,-0.6806300972294425,GP,0.4378272360358702,0.06463393780273585,2.0646946733703893e+22,2.0646946733703893e+22
1.91,1.272,catalog,0.18,421.8069811790881,5.3,819.2743828504664,0.027,catalog,2954653282.7147474,29670454.356810633,Selsis,-0.3769952322078091,-0.7481361433817557,log,0.058637920708326505,0.19836498273588044,3.268082197852963e+22,3.268082197852963e+22
1.91,1.272,catalog,0.18,421.8069811790881,5.3,105.40714074003309,0.027,catalog,9285988307.808748,80717030.73684825,Jackson,-0.4619328394059937,-0.7226259131361188,linear,0.24011173093834962,0.5087252954993678,1.823468250202009e+22,1.823468250202009e+22
1.91,1.272,catalog,0.18,421.8069811790881,5.3,392.7356656166185,0.027,catalog,2697290939.4822054,21005167.166418403,Jackson,-0.452961300272042,-0.6802376746850365,log,0.19371305129248984,0.6139543141119365,2.2796220419573706e+22,2.2796220419573706e+22
1.91,1.272,catalog,0.18,421.8069811790881,5.3,1482.775016272553,0.027,catalog,1963275363.224583,2388795.229018033,Selsis,-0.4084863865708867,-0.71752102223151,log,0.06279745785944715,0.9054247372501804,2.4529657454358742e+22,2.4529657454358742e+22
1.91,1.272,catalog,0.18,421.8069811790881,5.3,449.9680367983122,0.027,catalog,4532043292.238291,16135095.77901398,Selsis,-0.44193124574386367,-0.7875401936463318,linear,0.12265389803396955,0.8070695788778858,2.796704799779703e+22,2.796704799779703e+22
1.91,1.272,catalog,0.18,421.8069811790881,5.3,270.5443517666088,0.027,catalog,6633431698.818287,53322713.57148468,Selsis,-0.4209919465802011,-0.7928792279189417,GP,0.1956857213131557,0.4073564961867091,2.84397181082753e+22,2.84397181082753e+22
1.91,1.272,catalog,0.18,421.8069811790881,5.3,490.4245788467447,0.027,catalog,4257338035.132461,87744454.66010171,Selsis,-0.29922675384191866,-0.7112579259424173,log,0.06235638422738734,0.6976932713250427,6.1621276943210886e+22,6.1621276943210886e+22
1.91,1.272,catalog,0.18,421.8069811790881,5.3,1048.5043367739527,0.027,catalog,2488864181.49084,65244102.93397476,Selsis,-0.35376068991332177,-0.7051201781129451,GP,0.07787614986412142,0.4305307269210742,3.2433308532994596e+22,3.2433308532994596e+22
1.91,1.272,catalog,0.18,421.8069811790881,5.3,267.3738373957994,0.027,catalog,6693643222.653878,8092559.160524484,Selsis,-0.3564398409242045,-0.6663286641253372,log,0.11491343174038354,0.5937458804869701,4.723569300606549e+22,4.723569300606549e+22
1.91,1.272,catalog,0.18,421.8069811790881,5.3,253.68731455771487,0.027,catalog,6969513696.339883,77895867.62231123,Selsis,-0.3229432387015703,-0.6031419460353823,GP,0.05171010586288109,0.7259329198597332,6.781452118473002e+22,6.781452118473002e+22
1.91,1.272,catalog,0.18,421.8069811790881,5.3,626.8862948842686,0.027,catalog,3569139991.5983257,26850039.524628744,Selsis,-0.3789911770538539,-0.7843415227019019,GP,0.22593149318041206,0.126763029358531,3.5169652858896685e+22,3.5169652858896685e+22
1.91,1.272,catalog,0.18,421.8069811790881,5.3,196.44449034979323,0.027,catalog,8506188773.874811,48403884.90292079,Selsis,-0.3904919998797396,-0.7440032043119528,GP,0.09673573195039088,0.31693475591208253,3.3421716527218254e+22,3.3421716527218254e+22
1.91,1.272,catalog,0.18,421.8069811790881,5.3,188.43285780250002,0.027,catalog,8790548646.806326,63485227.49200725,Selsis,-0.450448258865371,-0.683583469558858,linear,0.058935854128950714,0.34939081961840246,2.8776146544733054e+22,2.8776146544733054e+22
1.91,1.272,catalog,0.18,421.8069811790881,5.3,435.12869658726635,0.027,catalog,4644251923.393982,50793327.678589545,Selsis,-0.28012686067182396,-0.730432811534641,log,0.06292021068589912,0.3231996359531132,7.640847143983718e+22,7.640847143983718e+22
1.91,1.272,catalog,0.18,421.8069811790881,5.3,1176.9740883075992,0.027,catalog,2298463983.4646554,34218791.65236582,Selsis,-0.34108110691417376,-0.7409050708101864,log,0.08403111685983207,0.8454893145182198,3.339787911171394e+22,3.339787911171394e+22
1.91,1.272,catalog,0.18,421.8069811790881,5.3,162.1781468512019,0.027,catalog,6085542444.981275,9352842.475780517,Jackson,-0.34995231406561733,-0.7385518187269051,log,0.11818101836109164,0.9824552813881896,3.417937716749251e+22,3.417937716749251e+22
1.91,1.272,catalog,0.18,421.8069811790881,5.3,128.5579069452301,0.027,catalog,7624327618.232445,8607662.712062208,Jackson,-0.425838707320399,-0.7569868417395622,linear,0.20911335512777507,0.2989022417104398,2.1789708312664374e+22,2.1789708312664374e+22
1.91,1.272,catalog,0.18,421.8069811790881,5.3,356.6335107485214,0.027,catalog,2938806581.906114,75897680.81461409,Jackson,-0.4563433700088647,-0.676684313741949,log,0.37877204870031383,0.02864934071711489,1.7663875380465824e+22,1.7663875380465824e+22
1.91,1.272,catalog,0.18,421.8069811790881,5.3,1553.0421663185132,0.027,catalog,1805686707.674851,18505679.293541506,Selsis,-0.3466915012922811,-0.6732073919866499,linear,0.441132514343438,0.7542953606909162,2.8397324228984973e+22,2.8397324228984973e+22
1.91,1.272,catalog,0.18,421.8069811790881,5.3,655.0621858022695,0.027,catalog,3459281373.5718184,90549525.48175576,Selsis,-0.4053928133103929,-0.6586143930278519,GP,0.2443957305284045,0.4287897253092904,3.3345054518976014e+22,3.3345054518976014e+22
1.91,1.272,catalog,0.18,421.8069811790881,5.3,236.0745122633197,0.027,catalog,4274052701.0068445,9774018.914927362,Jackson,-0.3651185697933802,-0.7734706172200569,linear,0.19878132862379405,0.5139896734711495,2.88893490088609e+22,2.88893490088609e+22
1.91,1.272,catalog,0.18,421.8069811790881,5.3,595.7040263191329,0.027,catalog,3701494190.393451,27934494.817876946,Selsis,-0.47412785688736875,-0.7640265026242864,linear,0.053784801573633384,0.4524588438713365,2.5871084502436855e+22,2.5871084502436855e+22
1.91,1.272,catalog,0.18,421.8069811790881,5.3,124.41945869691538,0.027,catalog,12291940018.37999,53635699.62884947,Selsis,-0.3133422164281479,-0.6006230612085985,GP,0.05189250126443124,0.11757994144354778,7.403267014218596e+22,7.403267014218596e+22
1.91,1.272,catalog,0.18,421.8069811790881,5.3,278.8518895591953,0.027,catalog,6481678162.711718,47522110.59058614,Selsis,-0.33061490134893706,-0.7507892269231643,linear,0.06965295492238266,0.7652526489504082,5.027779727443145e+22,5.027779727443145e+22
1.91,1.272,catalog,0.18,421.8069811790881,5.3,153.6824456248266,0.027,catalog,10345752999.237234,66465283.67110142,Selsis,-0.32746551111988165,-0.6774550577395054,GP,0.06160993213088379,0.8987029679383338,5.45796024253879e+22,5.45796024253879e+22
1.91,1.272,catalog,0.18,421.8069811790881,5.3,1531.5068905719386,0.027,catalog,1851907665.619454,79599748.62592436,Selsis,-0.33352015078609687,-0.7825563713113003,log,0.14575512733377374,0.5112844931305005,2.7200519474212596e+22,2.7200519474212596e+22
1.91,1.272,catalog,0.18,421.8069811790881,5.3,1311.5788705583493,0.027,catalog,2134245297.7401142,64709006.36725071,Selsis,-0.4497568187215718,-0.6520322115950686,linear,0.14479638848444043,0.5056313276742492,2.2912271846430963e+22,2.2912271846430963e+22
1.91,1.272,catalog,0.18,421.8069811790881,5.3,1581.4090155542317,0.027,catalog,838761674.6058762,21473015.3669045,Selsis,-0.4957323704831554,-0.7722288873458432,log,0.49464913546295797,0.19309969734183707,8.823155666518883e+21,8.823155666518883e+21
1.91,1.272,catalog,0.18,421.8069811790881,5.3,165.06758496110444,0.027,catalog,5983447306.986775,11203009.816062735,Jackson,-0.36931356935068266,-0.7200492546504133,GP,0.41993566911893565,0.8778331822609369,3.0407281859019277e+22,3.0407281859019277e+22
1.91,1.272,catalog,0.18,421.8069811790881,5.3,192.29033477195543,0.027,catalog,5175582883.202661,90166460.71302296,Jackson,-0.38101960062651785,-0.7559107936927817,GP,0.06958671282315773,0.6944438496575751,2.2707121012286777e+22,2.2707121012286777e+22
1.91,1.272,catalog,0.18,421.8069811790881,5.3,908.0520862846399,0.027,catalog,2749858348.119575,43987455.08986855,Selsis,-0.389620839634952,-0.7146455885180615,GP,0.42051083973669756,0.7247744632459847,3.0079333913727607e+22,3.0079333913727607e+22
1.91,1.272,catalog,0.18,421.8069811790881,5.3,315.3259995593638,0.027,catalog,3281759150.32623,70452143.23476271,Jackson,-0.40809793041263126,-0.6140676021352042,log,0.3473947530652237,0.4339750365096645,2.686853649844401e+22,2.686853649844401e+22
1.91,1.272,catalog,0.18,421.8069811790881,5.3,679.4115874637151,0.027,catalog,3370929837.597346,65955194.923587084,Selsis,-0.36574071083952425,-0.748227542906332,linear,0.2643876070015815,0.9459594599656245,3.5780380577983145e+22,3.5780380577983145e+22
1.91,1.272,catalog,0.18,421.8069811790881,5.3,1501.800273795265,0.027,catalog,1918800423.4524338,47073316.567449525,Selsis,-0.3813060242473265,-0.7647121507016343,linear,0.1518503978532352,0.8435072324058531,2.3009028398039855e+22,2.3009028398039855e+22
1.91,1.272,catalog,0.18,421.8069811790881,5.3,560.7326196562603,0.027,catalog,3865413334.352212,39088582.84843785,Selsis,-0.33385648765599274,-0.784661801410549,log,0.43033478691464133,0.21282000663745737,4.593216277138184e+22,4.593216277138184e+22
1.91,1.272,catalog,0.18,421.8069811790881,5.3,153.40810666995498,0.027,catalog,6419710452.52587,66045628.43415644,Jackson,-0.30952184211869266,-0.7613717745965077,GP,0.07793110850156885,0.6836395426421035,4.028774834575136e+22,4.028774834575136e+22
1.91,1.272,catalog,0.18,421.8069811790881,5.3,673.5911217970763,0.027,catalog,3391534755.1605554,15630139.7600346,Selsis,-0.4616546807953571,-0.6434175858589382,linear,0.05765343298768007,0.6609697910414689,3.2682835420716472e+22,3.2682835420716472e+22
1.91,1.272,catalog,0.18,421.8069811790881,5.3,990.4468794197877,0.027,catalog,2588894118.7947755,66958714.14772373,Selsis,-0.374815161522695,-0.7580977390853864,linear,0.2976247423114545,0.7799167395056609,2.9362206066585855e+22,2.9362206066585855e+22
1.91,1.272,catalog,0.18,421.8069811790881,5.3,557.1530568389105,0.027,catalog,3883223283.2897735,70277574.69158073,Selsis,-0.38447911917474564,-0.6096234126233384,GP,0.1522237241928875,0.15649444255113643,4.257767181500809e+22,4.257767181500809e+22
1.91,1.272,catalog,0.18,421.8069811790881,5.3,1378.9768312276576,0.027,catalog,2062557533.3495467,50193247.55202013,Selsis,-0.3682217372732187,-0.7425803973250216,log,0.14712573039464627,0.5362686487884779,2.6044401146738537e+22,2.6044401146738537e+22
1.91,1.272,catalog,0.18,421.8069811790881,5.3,1494.1721148561721,0.027,catalog,1936593798.156096,73925443.8479781,Selsis,-0.4607175818077283,-0.7500653661951239,GP,0.12165348380349834,0.4849641217767624,1.8538830043597972e+22,1.8538830043597972e+22
1.91,1.272,catalog,0.18,421.8069811790881,5.3,260.85845029917107,0.027,catalog,3898892601.3890886,28846592.902093332,Jackson,-0.4578575994960152,-0.6354836401360243,linear,0.4958472471430247,0.14306921056568944,2.2161065302978594e+22,2.2161065302978594e+22
1.91,1.272,catalog,0.18,421.8069811790881,5.3,226.17642246792187,0.027,catalog,4446956680.119607,81929877.97449417,Jackson,-0.43042516719251706,-0.6798166743344635,log,0.12934487147512136,0.7745388179235252,2.0578009765015657e+22,2.0578009765015657e+22
1.91,1.272,catalog,0.18,421.8069811790881,5.3,1581.4090155542317,0.027,catalog,1442852057.1454322,19032331.901635617,Selsis,-0.3946228784933437,-0.708635811533502,log,0.0838806222619552,0.030659073033862616,1.738856650667532e+22,1.738856650667532e+22
1.91,1.272,catalog,0.18,421.8069811790881,5.3,337.31912757447003,0.027,catalog,3088852498.768413,56837693.64872198,Jackson,-0.4299295692543748,-0.7651637037335042,linear,0.13729844872200378,0.08033218298440326,1.8553433609406863e+22,1.8553433609406863e+22
1.91,1.272,catalog,0.18,421.8069811790881,5.3,317.5099425376464,0.027,catalog,5872536627.532826,71640329.46558547,Selsis,-0.41388343520626075,-0.6580764575663868,GP,0.19646594219290478,0.7126584310505153,3.3748315966660705e+22,3.3748315966660705e+22
1.91,1.272,catalog,0.18,421.8069811790881,5.3,147.03876818888958,0.027,catalog,6688242336.547665,59409513.299942516,Jackson,-0.47852836059447634,-0.6745902990733479,GP,0.0554682214830547,0.91811934550814,1.9828967020519917e+22,1.9828967020519917e+22
1.91,1.272,catalog,0.18,421.8069811790881,5.3,1048.392727678974,0.027,catalog,2489047179.9089866,1579295.1487950643,Selsis,-0.3829539753969769,-0.6105598379196574,log,0.11841541890690395,0.07525267279405934,3.4169842272733848e+22,3.4169842272733848e+22
1.91,1.272,catalog,0.18,421.8069811790881,5.3,200.77632212888253,0.027,catalog,4969415170.271733,21220755.35623081,Jackson,-0.4581372492899553,-0.6073563722751946,linear,0.10931747602380584,0.542608668342062,2.7355547643348655e+22,2.7355547643348655e+22
1.91,1.272,catalog,0.18,421.8069811790881,5.3,268.04250109022,0.027,catalog,6680834920.605598,15324735.580176625,Selsis,-0.3191348936125656,-0.6798028750551364,linear,0.18945517513134733,0.6115059762047612,6.131210364020997e+22,6.131210364020997e+22
1.91,1.272,catalog,0.18,421.8069811790881,5.3,220.9955489050723,0.027,catalog,4543678024.666164,13134539.781921405,Jackson,-0.38325510676523217,-0.7439938431015406,log,0.19949891105864334,0.4446053412129569,2.6178109233137665e+22,2.6178109233137665e+22
1.91,1.272,catalog,0.18,421.8069811790881,5.3,321.786521173606,0.027,catalog,5813452537.002586,74190359.41218276,Selsis,-0.43063123611539117,-0.6205322628040484,log,0.12647354652208032,0.4763121919183909,3.6416828911663515e+22,3.6416828911663515e+22
1.91,1.272,catalog,0.18,421.8069811790881,5.3,1489.7352449465839,0.027,catalog,1947063300.4836745,80428597.62328677,Selsis,-0.4294380809639142,-0.765011331924964,GP,0.30791124938294034,0.45263911807575996,1.9456823150703878e+22,1.9456823150703878e+22
1.91,1.272,catalog,0.18,421.8069811790881,5.3,361.63233710333543,0.027,catalog,5324885113.493643,50345389.638732724,Selsis,-0.45190431024127486,-0.6797088303707504,GP,0.25037543216160785,0.8353390513673998,2.922599420390357e+22,2.922599420390357e+22
1.91,1.272,catalog,0.18,421.8069811790881,5.3,170.51491270331152,0.027,catalog,5800635333.662887,79282513.84835382,Jackson,-0.41000870921625376,-0.7643151071436319,GP,0.4418487386401981,0.9104184563860659,2.033928494860575e+22,2.033928494860575e+22
1.91,1.272,catalog,0.18,421.8069811790881,5.3,441.9742596858719,0.027,catalog,4591646264.402334,48654537.15249543,Selsis,-0.31106868144638955,-0.7076512656587517,GP,0.25163470410759914,0.0737459026695616,5.845044124943087e+22,5.845044124943087e+22
1.91,1.272,catalog,0.18,421.8069811790881,5.3,377.5422825744772,0.027,catalog,2793407949.851074,4717224.254040488,Jackson,-0.3978675495654584,-0.7692143923416261,log,0.3892419668797759,0.10679378636465298,2.178851811277976e+22,2.178851811277976e+22
1.91,1.272,catalog,0.18,421.8069811790881,5.3,246.9016400245322,0.027,catalog,4100872182.515821,86127052.75956567,Jackson,-0.36093874805572046,-0.6018867423469054,linear,0.10355745526382383,0.4605957555341057,3.3827852888071335e+22,3.3827852888071335e+22
1.91,1.272,catalog,0.18,421.8069811790881,5.3,1527.9140577813757,0.027,catalog,1859800661.9899132,69897027.1958392,Selsis,-0.3119358172152557,-0.766106508407319,linear,0.4235562813040382,0.6492218683124746,3.217322606763184e+22,3.217322606763184e+22
1.91,1.272,catalog,0.18,421.8069811790881,5.3,240.30082152022558,0.027,catalog,4204588403.551789,7927690.763296429,Jackson,-0.35491252935344736,-0.6798469575804775,log,0.2695598964776035,0.6469442394647757,3.36981456801152e+22,3.36981456801152e+22
1.91,1.272,catalog,0.18,421.8069811790881,5.3,142.1169041235011,0.027,catalog,6912840472.518503,82245613.10130309,Jackson,-0.4854296049073312,-0.7412370494662632,log,0.103940489667642,0.8290565993297029,1.7292947838700651e+22,1.7292947838700651e+22
1.91,1.272,catalog,0.18,421.8069811790881,5.3,226.6280874900649,0.027,catalog,4438735755.111532,93702772.44054624,Jackson,-0.40949438804535737,-0.6149053207336945,log,0.19468604390982042,0.9002157326457934,2.564270615024648e+22,2.564270615024648e+22
1.91,1.272,catalog,0.18,421.8069811790881,5.3,393.31937936654026,0.027,catalog,2693743386.6126266,59092693.845516756,Jackson,-0.45946261552431067,-0.6176091533932935,linear,0.42995068957588384,0.475551506682265,2.3979138347279495e+22,2.3979138347279495e+22
1.91,1.272,catalog,0.18,421.8069811790881,5.3,724.7161788319146,0.027,catalog,3220602895.4828014,62321782.350473374,Selsis,-0.4223372600316352,-0.6276660475832531,GP,0.27891564138256286,0.82612834499639,3.349376321983308e+22,3.349376321983308e+22
1.91,1.272,catalog,0.18,421.8069811790881,5.3,507.41921726354616,0.027,catalog,4153721738.8300657,73545990.70773554,Selsis,-0.36410123285770185,-0.6787668946930252,linear,0.231564799702176,0.4805928077576692,4.114591650301121e+22,4.114591650301121e+22
1.91,1.272,catalog,0.18,421.8069811790881,5.3,225.46692038053624,0.027,catalog,4459937593.792565,36664776.31351336,Jackson,-0.46406090227044594,-0.724747805601125,GP,0.3447380441181861,0.9804342566600978,2.018205126262464e+22,2.018205126262464e+22
1.91,1.272,catalog,0.18,421.8069811790881,5.3,502.2290598647552,0.027,catalog,4184699697.7449517,30343291.972675025,Selsis,-0.40979901320526013,-0.6695191147030357,GP,0.08918836400765104,0.4000817137961713,3.4561011479832636e+22,3.4561011479832636e+22
1.91,1.272,catalog,0.18,421.8069811790881,5.3,139.21203613052842,0.027,catalog,7053137284.228,20236082.0769094,Jackson,-0.3539253447989877,-0.7829543901548859,log,0.4952737838720533,0.3040924570337441,2.8689855707609446e+22,2.8689855707609446e+22
1.91,1.272,catalog,0.18,421.8069811790881,5.3,1052.9187837415557,0.027,catalog,1157111029.7499983,2370299.96913204,Jackson,-0.3981171866670382,-0.7978559990727396,linear,0.05146081339760942,0.76236769822898,2.3508164008608428e+22,2.3508164008608428e+22
1.91,1.272,catalog,0.18,421.8069811790881,5.3,451.7312303650363,0.027,catalog,4519152257.209198,23941864.133591708,Selsis,-0.3548847527336414,-0.7027630133562974,log,0.43059963893154246,0.12299223276248172,4.340763777958828e+22,4.340763777958828e+22
1.91,1.272,catalog,0.18,421.8069811790881,5.3,606.2136073894955,0.027,catalog,3655534496.070971,46146251.232975334,Selsis,-0.28156247585806043,-0.7232088606713675,log,0.157710040300797,0.8768912209131199,6.8645581728436344e+22,6.8645581728436344e+22
1.91,1.272,catalog,0.18,421.8069811790881,5.3,654.0793925204898,0.027,catalog,1729819791.2764392,47873978.54814647,Jackson,-0.4353904758721011,-0.6268972407635491,GP,0.4562944232295688,0.8033834134995124,2.410117823214677e+22,2.410117823214677e+22
1.91,1.272,catalog,0.18,421.8069811790881,5.3,1250.0601802209287,0.027,catalog,1003565193.4281633,96837466.61872965,Jackson,-0.31080878394170547,-0.6567768500898078,GP,0.06665123385866993,0.7742020503481521,2.616364916507419e+22,2.616364916507419e+22
1.91,1.272,catalog,0.18,421.8069811790881,5.3,142.0844213027091,0.027,catalog,6914376377.533392,70571933.37902576,Jackson,-0.4140502661411904,-0.6172680183013004,GP,0.3897910759786818,0.36691897707894416,2.5953393314255205e+22,2.5953393314255205e+22
1.91,1.272,catalog,0.18,421.8069811790881,5.3,189.93014012094838,0.027,catalog,8735689122.578642,54058582.527218185,Selsis,-0.2924574504816571,-0.7837649499109698,log,0.21716415549500231,0.5746807529631588,7.2561114299515475e+22,7.2561114299515475e+22
1.91,1.272,catalog,0.18,421.8069811790881,5.3,221.33633154814325,0.027,catalog,4537175711.960071,22425616.27788727,Jackson,-0.31189754903534617,-0.6571730476871821,log,0.4403813816016933,0.974937873693911,4.732332784182869e+22,4.732332784182869e+22
1.91,1.272,catalog,0.18,421.8069811790881,5.3,76.55462726240017,0.027,catalog,12882817174.217415,27054722.766606405,Jackson,-0.33989588364675066,-0.693142554579101,log,0.051214433108457136,0.13451431099863442,2.9222044118543594e+22,2.9222044118543594e+22
1.91,1.272,catalog,0.18,421.8069811790881,5.3,1010.6228418207919,0.027,catalog,2552995185.6055775,16969889.777707454,Selsis,-0.37134029512990346,-0.7999469794342222,linear,0.20102424854354978,0.3027104149490093,3.082182758403733e+22,3.082182758403733e+22
1.91,1.272,catalog,0.18,421.8069811790881,5.3,1581.4090155542317,0.027,catalog,953374332.3093187,21394148.324636746,Selsis,-0.4166307305718976,-0.7890560414038356,log,0.26344857777571073,0.8769586297745555,1.130557086927999e+22,1.130557086927999e+22
1.91,1.272,catalog,0.18,421.8069811790881,5.3,253.77752290324509,0.027,catalog,6967605225.591965,32437726.180608492,Selsis,-0.41716930728873985,-0.6041198681308334,GP,0.2529817035214394,0.6778695558193681,4.236938838149823e+22,4.236938838149823e+22
1.91,1.272,catalog,0.18,421.8069811790881,5.3,975.0184046293472,0.027,catalog,2617219828.0041537,63646707.288694575,Selsis,-0.3301540049344385,-0.751009729232014,log,0.44265931023029936,0.11512249958645293,3.7549827362276543e+22,3.7549827362276543e+22
1.91,1.272,catalog,0.18,421.8069811790881,5.3,247.24044466152577,0.027,catalog,4095698554.7961493,53605203.97252648,Jackson,-0.4217253474308194,-0.7755538398573065,linear,0.0757422200708611,0.6065439793096399,2.059368674869888e+22,2.059368674869888e+22
1.91,1.272,catalog,0.18,421.8069811790881,5.3,429.8401503166328,0.027,catalog,2490546314.1920557,35954978.94069887,Jackson,-0.2952129574083117,-0.684198510474275,GP,0.16393733648487815,0.2585103835433441,4.053728020748974e+22,4.053728020748974e+22
1.91,1.272,catalog,0.18,421.8069811790881,5.3,354.28683368057074,0.027,catalog,2956177404.916278,81907540.1544741,Jackson,-0.4991014584316688,-0.7745382419345684,GP,0.24305102211897692,0.8937052395293118,1.671967814277045e+22,1.671967814277045e+22
1.91,1.272,catalog,0.18,421.8069811790881,5.3,119.61468427826247,0.027,catalog,8186141788.155457,65614367.639699094,Jackson,-0.32065286268471527,-0.6701411411457953,GP,0.13867829277512267,0.6944791979314708,3.896116294900589e+22,3.896116294900589e+22
1.91,1.272,catalog,0.18,421.8069811790881,5.3,597.771319972312,0.027,catalog,3692340143.521829,21707902.098393332,Selsis,-0.332670341729924,-0.725683835914432,GP,0.09943600962911768,0.5149759621167748,4.739042757847616e+22,4.739042757847616e+22
1.91,1.272,catalog,0.18,421.8069811790881,5.3,1035.7529361878057,0.027,catalog,1173076309.5710921,33527609.73161662,Jackson,-0.3872258837317435,-0.6496326952028827,GP,0.15138405340013247,0.4471634073096108,2.267219964787559e+22,2.267219964787559e+22
1.91,1.272,catalog,0.18,421.8069811790881,5.3,218.05225396170252,0.027,catalog,4600691010.176203,58847156.30283389,Jackson,-0.30627540950171905,-0.709259243848355,linear,0.19428661048376317,0.6397647601770148,4.331259580670286e+22,4.331259580670286e+22
1.91,1.272,catalog,0.18,421.8069811790881,5.3,149.94166792352044,0.027,catalog,10553850959.866156,85815598.8397415,Selsis,-0.49063455057621286,-0.6452983047228638,log,0.33489278442635084,0.9405959985000297,2.9218705344450074e+22,2.9218705344450074e+22
1.91,1.272,catalog,0.18,421.8069811790881,5.3,494.55222361534055,0.027,catalog,2202547294.6191854,7773667.841840087,Jackson,-0.395553160317783,-0.6766309720166835,linear,0.10560097731885716,0.2155916044648929,2.495969160705361e+22,2.495969160705361e+22
1.91,1.272,catalog,0.18,421.8069811790881,5.3,199.67694929843245,0.027,catalog,4995105586.254246,76761213.70110303,Jackson,-0.4977987176357865,-0.6516672111036012,log,0.14170910540598652,0.4655439912196605,1.9660563264544585e+22,1.9660563264544585e+22
1.91,1.272,catalog,0.18,421.8069811790881,5.3,654.4095303654432,0.027,catalog,3461729516.419043,25160491.68657431,Selsis,-0.4473644697640039,-0.620100380005053,GP,0.07917896433543971,0.4403671122941587,3.523689037968752e+22,3.523689037968752e+22
1.91,1.272,catalog,0.18,421.8069811790881,5.3,437.6336589216455,0.027,catalog,2451475348.0095587,57064077.74151908,Jackson,-0.32985131498301606,-0.6832855769840944,log,0.20201946395555995,0.971005309456255,3.5699297218953956e+22,3.5699297218953956e+22
1.91,1.272,catalog,0.18,421.8069811790881,5.3,115.72863540316196,0.027,catalog,8458721798.843099,28450999.113344263,Jackson,-0.4153591524219443,-0.7361905806628665,log,0.18812805971201402,0.2365053246831489,2.1619789411618287e+22,2.1619789411618287e+22
1.91,1.272,catalog,0.18,421.8069811790881,5.3,1581.4090155542317,0.027,catalog,1189786256.2124436,8111924.317231249,Selsis,-0.4162307366963442,-0.6711734087814285,GP,0.19182785700875635,0.2858809069664744,1.515593197909308e+22,1.515593197909308e+22
1.91,1.272,catalog,0.18,421.8069811790881,5.3,178.8400276085757,0.027,catalog,9162544447.116167,4414619.628823844,Selsis,-0.4052931785669865,-0.7410193759293625,log,0.06872757782656533,0.9814630597830148,3.3645233025258208e+22,3.3645233025258208e+22
1.91,1.272,catalog,0.18,421.8069811790881,5.3,884.3442018162759,0.027,catalog,1339116190.395166,52243129.77565993,Jackson,-0.34861379782806634,-0.7163663709162338,log,0.17994749947473265,0.5833936767420292,2.560539118196436e+22,2.560539118196436e+22
1.91,1.272,catalog,0.18,421.8069811790881,5.3,194.07551804727632,0.027,catalog,5130684264.772128,83512220.09657946,Jackson,-0.36205070433905656,-0.750061022973491,linear,0.29337392260242756,0.8550878475513772,2.56797336627064e+22,2.56797336627064e+22
1.91,1.272,catalog,0.18,421.8069811790881,5.3,3044.0638850732284,0.027,catalog,460149082.01872766,70230447.81016658,Jackson,-0.31429502516130803,-0.6820217453003551,GP,0.08132323120521162,0.9295329064669007,1.4879784275594864e+22,1.4879784275594864e+22
1.91,1.272,catalog,0.18,421.8069811790881,5.3,125.11111698982776,0.027,catalog,7830896171.010601,94867184.82427205,Jackson,-0.3610577856454062,-0.7310627216618557,linear,0.0798863173012384,0.1282576450436822,2.381418662118023e+22,2.381418662118023e+22
1.91,1.272,catalog,0.18,421.8069811790881,5.3,343.4850178306583,0.027,catalog,5534533155.013965,52384317.33359681,Selsis,-0.296057868609305,-0.772151007539228,linear,0.272517212429148,0.9023710740810288,7.002597718758803e+22,7.002597718758803e+22
1.91,1.272,catalog,0.18,421.8069811790881,5.3,1581.4090155542317,0.027,catalog,1015982570.8073413,49554961.56530521,Selsis,-0.31783355056129936,-0.6749505745122382,linear,0.3628603955096326,0.8132969895234882,1.8270096394256644e+22,1.8270096394256644e+22
1.91,1.272,catalog,0.18,421.8069811790881,5.3,189.04019925594415,0.027,catalog,5259544718.108266,9376760.753809934,Jackson,-0.4613821756105058,-0.6140393901976786,linear,0.3063452599839454,0.018947328515356188,2.1406033943506205e+22,2.1406033943506205e+22
1.91,1.272,catalog,0.18,421.8069811790881,5.3,376.577064536295,0.027,catalog,5166134429.117738,66913304.859042495,Selsis,-0.4548768195972684,-0.7809808779164175,linear,0.11338232191639261,0.5972697527810265,2.5602585917997915e+22,2.5602585917997915e+22
1.91,1.272,catalog,0.18,421.8069811790881,5.3,561.5613742350126,0.027,catalog,3861318778.3009796,69833166.18471073,Selsis,-0.4893641828936653,-0.6003300183975956,log,0.13448115628835475,0.5517604050760266,3.6437263850218814e+22,3.6437263850218814e+22
1.91,1.272,catalog,0.18,421.8069811790881,5.3,121.30020654972395,0.027,catalog,8073613026.712259,34634700.05946382,Jackson,-0.3279108048566607,-0.6467310486407818,GP,0.1651024660179435,0.2264692593380504,3.607621085362708e+22,3.607621085362708e+22
1.91,1.272,catalog,0.18,421.8069811790881,5.3,114.64718839423783,0.027,catalog,8538038619.163263,11173589.588534974,Jackson,-0.41784713632049875,-0.7196957454915913,GP,0.13151721141002728,0.4623019165888128,2.3658664407851935e+22,2.3658664407851935e+22
1.91,1.272,catalog,0.18,421.8069811790881,5.3,617.2739578004874,0.027,catalog,3608671881.6651716,47563530.05363586,Selsis,-0.3245843485214009,-0.6514859881783969,log,0.05216780641984315,0.24045924161926524,5.082538935775908e+22,5.082538935775908e+22
1.91,1.272,catalog,0.18,421.8069811790881,5.3,1583.61111313762,0.027,catalog,418689708.1827346,5460759.377720492,Selsis,-0.34317043139127296,-0.6007220084744813,linear,0.10627900176828214,0.845526737363301,1.0849293028010469e+22,1.0849293028010469e+22
1.91,1.272,catalog,0.18,421.8069811790881,5.3,183.037368783991,0.027,catalog,5422617271.011949,98379408.24298511,Jackson,-0.3145410506265021,-0.7069223436816563,GP,0.3176207943720866,0.04013902469584629,2.9385165594536603e+22,2.9385165594536603e+22
1.91,1.272,catalog,0.18,421.8069811790881,5.3,237.11357035102208,0.027,catalog,4256743942.0013046,84108634.91806929,Jackson,-0.3916683548541824,-0.7623294224389263,GP,0.08997265365056102,0.7722205394019137,2.1726540869260127e+22,2.1726540869260127e+22
1.91,1.272,catalog,0.18,421.8069811790881,5.3,241.7463754895954,0.027,catalog,4181388868.53082,78384613.5575542,Jackson,-0.3204911609062201,-0.7770892605368924,GP,0.305225830393837,0.230655830004047,3.3018464058016184e+22,3.3018464058016184e+22
1.91,1.272,catalog,0.18,421.8069811790881,5.3,569.0018797727959,0.027,catalog,3825034857.5760603,56176793.067166544,Selsis,-0.29571032725368307,-0.6189673640589249,linear,0.35235225374877005,0.7696942505040053,6.719729166324109e+22,6.719729166324109e+22
1.91,1.272,catalog,0.18,421.8069811790881,5.3,331.5077903515083,0.027,catalog,3137368475.0063205,8408277.51070932,Jackson,-0.32626952953423616,-0.6194397801899626,log,0.24794363135647526,0.8791002356654916,4.723463010447809e+22,4.723463010447809e+22
1.91,1.272,catalog,0.18,421.8069811790881,5.3,677.1513135842767,0.027,catalog,3378894165.757091,77380666.5370208,Selsis,-0.46250440996513015,-0.665075112521974,linear,0.1852505369618342,0.8976169204507127,2.8953037296740482e+22,2.8953037296740482e+22
1.91,1.272,catalog,0.18,421.8069811790881,5.3,1581.409015554233,0.027,catalog,1481373207.8027754,9912099.017596431,Selsis,-0.4508629031209742,-0.6221327968774805,GP,0.18337409683440767,0.4030518778620721,1.917623890496208e+22,1.917623890496208e+22
1.91,1.272,catalog,0.18,421.8069811790881,5.3,1581.409015554233,0.027,catalog,1386596729.7601821,63348240.73648433,Selsis,-0.38571301519481865,-0.6111525458452277,linear,0.11670234252676712,0.10176771189887313,1.9011493858999706e+22,1.9011493858999706e+22
1.91,1.272,catalog,0.18,421.8069811790881,5.3,1008.2973298493413,0.027,catalog,1199677171.3596127,65647920.71585154,Jackson,-0.3931540196080663,-0.6646874308219065,linear,0.1683984490717655,0.8179250523051116,2.0598029615077505e+22,2.0598029615077505e+22
1.91,1.272,catalog,0.18,421.8069811790881,5.3,492.26321528371466,0.027,catalog,2211477731.4049377,38606823.8496494,Jackson,-0.3500325063382129,-0.7991904989154629,linear,0.0985383390642724,0.30267009623225805,2.861643104970442e+22,2.861643104970442e+22
1.91,1.272,catalog,0.18,421.8069811790881,5.3,1363.967503335289,0.027,catalog,933980115.1574978,23022914.15175372,Jackson,-0.43671236876945585,-0.7362778451120724,log,0.23728469898755017,0.9107085761672954,1.8321409975909494e+22,1.8321409975909494e+22
1.91,1.272,catalog,0.18,421.8069811790881,5.3,77.28326503764579,0.027,catalog,12756095845.197144,47232443.187593915,Jackson,-0.34093034587551607,-0.7595692190791773,linear,0.16159449135822118,0.19154684900056673,2.8998684853200476e+22,2.8998684853200476e+22
1.91,1.272,catalog,0.18,421.8069811790881,5.3,349.9392384745828,0.027,catalog,5457694969.890275,86959416.5292693,Selsis,-0.33124716897165835,-0.6868919254400052,GP,0.2489243265025114,0.3001689462314302,5.153110940699684e+22,5.153110940699684e+22
1.91,1.272,catalog,0.18,421.8069811790881,5.3,583.0028412532002,0.027,catalog,3759001057.8195744,22582974.02640178,Selsis,-0.3357899994810236,-0.6767821919342091,log,0.3030430437869789,0.5856759564025104,4.847319092543235e+22,4.847319092543235e+22
1.91,1.272,catalog,0.18,421.8069811790881,5.3,1047.7438940550476,0.027,catalog,2490111705.064732,12993221.165812716,Selsis,-0.3647000669745347,-0.609629128441551,log,0.20806289233545783,0.5291395423915184,3.780138757190085e+22,3.780138757190085e+22
1.91,1.272,catalog,0.18,421.8069811790881,5.3,221.31294807085774,0.027,catalog,7747370473.990081,96991241.16272418,Selsis,-0.3281357896391669,-0.6124401549295664,linear,0.07167715502265098,0.6244132218300678,6.2307866916981815e+22,6.2307866916981815e+22
1.91,1.272,catalog,0.18,421.8069811790881,5.3,443.40401836120225,0.027,catalog,2423409816.397885,18214978.796092667,Jackson,-0.3153437443688213,-0.7868573359341916,log,0.16994571969711642,0.7189056344371911,4.107258318738944e+22,4.107258318738944e+22
1.91,1.272,catalog,0.18,421.8069811790881,5.3,88.37486604764786,0.027,catalog,11104282459.8225,26271721.729172956,Jackson,-0.48332956059387766,-0.6497438484106157,linear,0.26416727002630014,0.48696159817319673,2.2536989515414824e+22,2.2536989515414824e+22
1.91,1.272,catalog,0.18,421.8069811790881,5.3,234.98766510202069,0.027,catalog,4292322159.6235805,86228176.17224151,Jackson,-0.3952103672849547,-0.7069982092187485,GP,0.17482070405366817,0.9233406989582066,2.2195549391891064e+22,2.2195549391891064e+22
1.91,1.272,catalog,0.18,421.8069811790881,5.3,956.352507379367,0.027,catalog,2652554838.833925,52214058.00101259,Selsis,-0.4640135139136617,-0.6263762656866529,log,0.05073250055065588,0.6570061301517929,2.82664630026529e+22,2.82664630026529e+22
1.91,1.272,catalog,0.18,421.8069811790881,5.3,804.8008889984698,0.027,catalog,1449938656.7191958,60170994.772693746,Jackson,-0.2863674229857979,-0.798339459639525,GP,0.11856323958504594,0.05600216174535355,2.444600015067777e+22,2.444600015067777e+22
1.91,1.272,catalog,0.18,421.8069811790881,5.3,195.75318061520295,0.027,catalog,5089249594.895761,66768503.9051901,Jackson,-0.43759228542952433,-0.7029495942606564,linear,0.26290563910524745,0.943880683782368,2.0151118970062396e+22,2.0151118970062396e+22
1.91,1.272,catalog,0.18,421.8069811790881,5.3,1442.2371803713659,0.027,catalog,2000578313.3923357,30606929.75809374,Selsis,-0.48156318556752564,-0.7293244860824162,linear,0.06297954489428517,0.09109912750266003,1.9743072413394907e+22,1.9743072413394907e+22
1.91,1.272,catalog,0.18,421.8069811790881,5.3,820.0263927394574,0.027,catalog,2952755683.634798,17143392.54649659,Selsis,-0.3489977020860462,-0.700462424324696,GP,0.19199369988493573,0.9412829384200505,3.935216440917403e+22,3.935216440917403e+22
1.91,1.272,catalog,0.18,421.8069811790881,5.3,83.72383552997779,0.027,catalog,11739455183.447584,43245956.41229985,Jackson,-0.42673058360543237,-0.6503883246898446,linear,0.06979819860949443,0.041548240301526485,2.0360919744363664e+22,2.0360919744363664e+22
1.91,1.272,catalog,0.18,421.8069811790881,5.3,1581.409015554233,0.027,catalog,1226425446.0584393,98445366.54394403,Selsis,-0.4725133880420615,-0.6568336632362043,linear,0.25499117869259486,0.45568196233154146,1.2200545032266156e+22,1.2200545032266156e+22
1.91,1.272,catalog,0.18,421.8069811790881,5.3,574.7835229315754,0.027,catalog,1933159532.1891465,21237420.2579478,Jackson,-0.37470427043225263,-0.7541426146556259,linear,0.1809928891428796,0.5008926425714174,2.6996097793897483e+22,2.6996097793897483e+22
1.91,1.272,catalog,0.18,421.8069811790881,5.3,329.9556461149548,0.027,catalog,3150611795.773541,98343346.0158454,Jackson,-0.4661462552986852,-0.7691280291946896,linear,0.4439245837621354,0.3509352409335116,1.696904086240821e+22,1.696904086240821e+22
1.91,1.272,catalog,0.18,421.8069811790881,5.3,1080.6538931884356,0.027,catalog,1132328122.7793133,40877876.341758415,Jackson,-0.46618691407510865,-0.6914838317858586,GP,0.05102782653107939,0.22475126704295145,1.7492392891952279e+22,1.7492392891952279e+22
1.91,1.272,catalog,0.18,421.8069811790881,5.3,204.54319149344806,0.027,catalog,4883643010.792339,35732017.809634574,Jackson,-0.4381104500793227,-0.6462109381947783,log,0.10909455645946999,0.34881396418070443,2.3488251778521083e+22,2.3488251778521083e+22
1.91,1.272,catalog,0.18,421.8069811790881,5.3,140.39493778997442,0.027,catalog,6995278725.015313,11685782.096442346,Jackson,-0.41734834121963144,-0.6001839375417467,linear,0.11987793842531622,0.37614258707175985,3.0140196750900228e+22,3.0140196750900228e+22
1.91,1.272,catalog,0.18,421.8069811790881,5.3,285.5715064718021,0.027,catalog,3589646506.231136,7055297.832412353,Jackson,-0.2825461844089423,-0.799945781747838,log,0.19095632090448536,0.23311416880664548,4.6478483129402055e+22,4.6478483129402055e+22
1.91,1.272,catalog,0.18,421.8069811790881,5.3,252.4129390846694,0.027,catalog,4018441778.5398746,7481647.37449726,Jackson,-0.4772237656544181,-0.7413388450278507,linear,0.4445626816195418,0.4202096662578485,2.0718311491930478e+22,2.0718311491930478e+22
1.91,1.272,catalog,0.18,421.8069811790881,5.3,539.4746745153091,0.027,catalog,3974265540.458351,79195147.26053788,Selsis,-0.49383488718006274,-0.634316115868475,linear,0.2927314872663871,0.6285027987099207,3.043431009424737e+22,3.043431009424737e+22
1.91,1.272,catalog,0.18,421.8069811790881,5.3,319.68917189978134,0.027,catalog,3241404497.302549,90418994.08952564,Jackson,-0.34050312364645235,-0.6961051158091832,linear,0.3099565803079709,0.2935492288014079,3.0353358203862125e+22,3.0353358203862125e+22
1.91,1.272,catalog,0.18,421.8069811790881,5.3,107.63321382671704,0.027,catalog,9093373908.329592,73434328.71919233,Jackson,-0.34749216459926774,-0.7793046535855296,log,0.08498535722024991,0.9128800700451852,2.8503518043729664e+22,2.8503518043729664e+22
1.91,1.272,catalog,0.18,421.8069811790881,5.3,1581.409015554233,0.027,catalog,1007166771.770554,72899809.35474035,Selsis,-0.4930620497714264,-0.7563036875070451,log,0.07808799006189368,0.8436590099985131,9.235078478866264e+21,9.235078478866264e+21
1.91,1.272,catalog,0.18,421.8069811790881,5.3,271.1286339462873,0.027,catalog,6622477757.131342,39410622.39430415,Selsis,-0.36365826927150763,-0.7271267943435039,log,0.12786796011927046,0.9211679201686072,3.989845499109844e+22,3.989845499109844e+22
1.91,1.272,catalog,0.18,421.8069811790881,5.3,170.44656806246635,0.027,catalog,5802854687.81591,26754520.972150754,Jackson,-0.31141518139143,-0.6004084948327846,GP,0.10061795886071932,0.20290205371253034,4.388852260091805e+22,4.388852260091805e+22
1.91,1.272,catalog,0.18,421.8069811790881,5.3,293.81495047854287,0.027,catalog,3498047306.2473087,42706055.384124584,Jackson,-0.489009292931598,-0.6870171784702851,linear,0.2835023131178133,0.9134941952632651,2.000357871547451e+22,2.000357871547451e+22
1.91,1.272,catalog,0.18,421.8069811790881,5.3,152.4189498488597,0.027,catalog,6459892091.7998,38157510.65581272,Jackson,-0.3402082733866775,-0.717715868405988,linear,0.14510043045859827,0.3425600654001496,3.204115252108707e+22,3.204115252108707e+22
1.91,1.272,catalog,0.18,421.8069811790881,5.3,1581.409015554233,0.027,catalog,923335175.2705264,6596548.261345796,Selsis,-0.29213556596535156,-0.6613279116826332,GP,0.28919905989879796,0.346550547840792,2.190492324765971e+22,2.190492324765971e+22
1.91,1.272,catalog,0.18,421.8069811790881,5.3,396.612189385839,0.027,catalog,2673922668.9931803,22817026.953457233,Jackson,-0.308750111427853,-0.7334668920561418,GP,0.06476891056647825,0.4037034295150781,4.173287173308271e+22,4.173287173308271e+22
1.91,1.272,catalog,0.18,421.8069811790881,5.3,200.12618728687016,0.027,catalog,8382708494.440264,8252898.690463271,Selsis,-0.43888755063733087,-0.7356964109866438,linear,0.3899551788531198,0.5710353032601162,2.9636549237001404e+22,2.9636549237001404e+22
1.91,1.272,catalog,0.18,421.8069811790881,5.3,249.60723552577312,0.027,catalog,7057170722.477008,54380284.882653676,Selsis,-0.3551426533650513,-0.7737633538189773,linear,0.16188659125346963,0.0764431866703239,4.03814780318666e+22,4.03814780318666e+22
1.91,1.272,catalog,0.18,421.8069811790881,5.3,103.98778928807913,0.027,catalog,9413365791.3772,76436973.81034547,Jackson,-0.44602218683639866,-0.6905190904274795,linear,0.4900436221494622,0.9490309562078477,1.9694178978488715e+22,1.9694178978488715e+22
1.91,1.272,catalog,0.18,421.8069811790881,5.3,196.9081208647003,0.027,catalog,5061142526.059068,51171569.17380268,Jackson,-0.3195862524690084,-0.6361625237973623,linear,0.15263061369119185,0.06980811045818691,3.3125047159214234e+22,3.3125047159214234e+22
1.91,1.272,catalog,0.18,421.8069811790881,5.3,1536.3484009673007,0.027,catalog,1841354842.6191454,57925890.22823521,Selsis,-0.38364760077593146,-0.697946595542266,linear,0.08633753674498491,0.09318969284325551,2.232042436611842e+22,2.232042436611842e+22
1.91,1.272,catalog,0.18,421.8069811790881,5.3,100.5623160716062,0.027,catalog,9736523942.651043,85990480.00177172,Jackson,-0.36305268994445533,-0.6020261997083921,GP,0.07322524978718435,0.5655876846964746,3.341525238572435e+22,3.341525238572435e+22
1.91,1.272,catalog,0.18,421.8069811790881,5.3,268.3863912844075,0.027,catalog,3798673479.5858006,74976484.85333005,Jackson,-0.4304695908343548,-0.6726228478715319,GP,0.21505495492250545,0.2709663021044574,2.0978674753796575e+22,2.0978674753796575e+22
1.91,1.272,catalog,0.18,421.8069811790881,5.3,123.30440468803909,0.027,catalog,12383636278.723114,74589000.18967922,Selsis,-0.32734506657617735,-0.6918248989576034,GP,0.31323372739056443,0.42470975517524945,5.332582821229077e+22,5.332582821229077e+22
1.91,1.272,catalog,0.18,421.8069811790881,5.3,439.7686605951302,0.027,catalog,4608434471.097632,61605785.00326184,Selsis,-0.46636636472358145,-0.6987608019738144,linear,0.41516318892294285,0.49251646318105047,2.7124543486055596e+22,2.7124543486055596e+22
1.91,1.272,catalog,0.18,421.8069811790881,5.3,161.3846176680366,0.027,catalog,6114239416.308971,42661228.509657085,Jackson,-0.3423653570985969,-0.7842798964614969,log,0.07393717383328947,0.41768578308629145,3.0872909274635716e+22,3.0872909274635716e+22
1.91,1.272,catalog,0.18,421.8069811790881,5.3,991.6213199924002,0.027,catalog,2586769492.451664,6131346.096082582,Selsis,-0.3434621961551521,-0.6037223950918881,linear,0.07746776018948677,0.017430363872009802,4.0835475288296845e+22,4.0835475288296845e+22
1.91,1.272,catalog,0.18,421.8069811790881,5.3,352.8642366134098,0.027,catalog,2966818541.1416163,95112618.82762781,Jackson,-0.4657088488997855,-0.6274085949158608,GP,0.1403583660956533,0.060259590957595366,1.967816944306264e+22,1.967816944306264e+22
1.91,1.272,catalog,0.18,421.8069811790881,5.3,3006.877621986321,0.027,catalog,491228401.11971635,55360498.2305776,Jackson,-0.4119122158119971,-0.7691963859638449,linear,0.08661543070980654,0.4134448354178093,1.0862063690020838e+22,1.0862063690020838e+22
1.91,1.272,catalog,0.18,421.8069811790881,5.3,297.19886335296917,0.027,catalog,6174390747.399684,11515065.661617866,Selsis,-0.3233457524034413,-0.6038878897869242,linear,0.32149049572893806,0.6381457070601013,7.099709971158703e+22,7.099709971158703e+22
1.91,1.272,catalog,0.18,421.8069811790881,5.3,803.4549197919712,0.027,catalog,2995294368.524685,11931884.162631845,Selsis,-0.32505599797969237,-0.7665833492380234,linear,0.1060359291184901,0.7073087705541876,4.510827505986121e+22,4.510827505986121e+22
1.91,1.272,catalog,0.18,421.8069811790881,5.3,1234.7658057780225,0.027,catalog,1013823037.2667196,70900677.5165322,Jackson,-0.2976409552950816,-0.7857688566996602,linear,0.13053696662254805,0.4890277605694193,2.9141397798497435e+22,2.9141397798497435e+22
1.91,1.272,catalog,0.18,421.8069811790881,5.3,1581.409015554233,0.027,catalog,1158082226.5428233,8144235.987732658,Selsis,-0.2932559254744721,-0.7059304710431724,GP,0.05111124699347736,0.4250027620909985,2.6466280473907264e+22,2.6466280473907264e+22
1.91,1.272,catalog,0.18,421.8069811790881,5.3,423.5578252013832,0.027,catalog,2523061721.0355287,6207623.604764695,Jackson,-0.2983990330209503,-0.755293084888194,GP,0.05596443831492239,0.5069805343544169,4.59916535123812e+22,4.59916535123812e+22
1.91,1.272,catalog,0.18,421.8069811790881,5.3,136.51181283419578,0.027,catalog,11390576800.75155,63615173.2460436,Selsis,-0.3475962983845069,-0.7831007690969198,linear,0.19083771553349907,0.9684176759282821,4.252023036225321e+22,4.252023036225321e+22
1.91,1.272,catalog,0.18,421.8069811790881,5.3,1581.4090155542317,0.027,catalog,891597873.9524074,65356154.98150229,Selsis,-0.4554939256001883,-0.7478566647135073,linear,0.3602773862594377,0.47177000380774725,8.717348042130306e+21,8.717348042130306e+21
1.91,1.272,catalog,0.18,421.8069811790881,5.3,580.7063716513693,0.027,catalog,3769637516.063258,53413823.732150495,Selsis,-0.4997416510162518,-0.7259484300164492,GP,0.14037043206203584,0.8570840372235755,2.501247469641039e+22,2.501247469641039e+22
1.91,1.272,catalog,0.18,421.8069811790881,5.3,167.5113991919781,0.027,catalog,5899922830.641156,59083030.44624128,Jackson,-0.3373722964549604,-0.6931694475844603,linear,0.3881946588736201,0.966521945602126,3.338131333622928e+22,3.338131333622928e+22
1.91,1.272,catalog,0.18,421.8069811790881,5.3,441.7290058761757,0.027,catalog,2431483049.411497,85582430.77075516,Jackson,-0.4938215778587156,-0.6172226311763945,log,0.055373819836875025,0.2976092535323963,2.1799890250890115e+22,2.1799890250890115e+22
1.91,1.272,catalog,0.18,421.8069811790881,5.3,307.219784481323,0.027,catalog,3359742309.3324847,29931497.163096484,Jackson,-0.4659898530919537,-0.698676774830791,log,0.3903554938604252,0.35810063663476566,2.057558059586342e+22,2.057558059586342e+22
1.91,1.272,catalog,0.18,421.8069811790881,5.3,356.03357148332174,0.027,catalog,2943226087.6005826,15907376.847648114,Jackson,-0.35620196443026825,-0.6003545777167767,log,0.19255772818780684,0.7414323701330938,4.022076849819469e+22,4.022076849819469e+22
1.91,1.272,catalog,0.18,421.8069811790881,5.3,1581.4090155542317,0.027,catalog,938973421.9387879,80411831.8149133,Selsis,-0.3742130248475998,-0.6814401546289304,GP,0.10925485695669314,0.7074860581288832,1.1553083526045745e+22,1.1553083526045745e+22
1.91,1.272,catalog,0.18,421.8069811790881,5.3,1581.409015554233,0.027,catalog,974953732.829973,34357381.147564225,Selsis,-0.35750448467304663,-0.6309351657118314,GP,0.06300739519555901,0.23067935563898068,1.5180610127504435e+22,1.5180610127504435e+22
1.91,1.272,catalog,0.18,421.8069811790881,5.3,160.30496903170598,0.027,catalog,6153753287.667828,15116427.801287942,Jackson,-0.3466352893114813,-0.694014180738183,linear,0.08623271184557775,0.6252005687248204,3.425525474213346e+22,3.425525474213346e+22
1.91,1.272,catalog,0.18,421.8069811790881,5.3,149.84927535812434,0.027,catalog,6566840694.413748,77914166.6159865,Jackson,-0.3066319498414717,-0.7398493618522792,GP,0.336260914647797,0.4852996544638415,4.089136282105768e+22,4.089136282105768e+22
1.91,1.272,catalog,0.18,421.8069811790881,5.3,390.3131332112844,0.027,catalog,2712125048.8568106,63385913.96100077,Jackson,-0.39261908702458176,-0.6000817384163398,linear,0.4823733028217731,0.9105633260204757,3.057352139388919e+22,3.057352139388919e+22
1.91,1.272,catalog,0.18,421.8069811790881,5.3,87.7625857546067,0.027,catalog,11183763511.995338,83363901.88630228,Jackson,-0.4223041284626608,-0.6666386413815751,GP,0.05892007984217947,0.9893307462081156,2.1515042769038173e+22,2.1515042769038173e+22
1.91,1.272,catalog,0.18,421.8069811790881,5.3,1341.9328674728704,0.027,catalog,946576439.5153953,48683638.54633991,Jackson,-0.34719797137606934,-0.608930783322693,linear,0.07168362921279478,0.14540010303559714,1.9397919185722677e+22,1.9397919185722677e+22
1.91,1.272,catalog,0.18,421.8069811790881,5.3,191.19092054841892,0.027,catalog,5203658870.521471,54557793.54845414,Jackson,-0.4005997538429003,-0.6721584794849561,log,0.11684713921305458,0.18604879213194825,2.3151838343761853e+22,2.3151838343761853e+22
1.91,1.272,catalog,0.18,421.8069811790881,5.3,796.7251641406613,0.027,catalog,3013013224.096575,54104980.68981768,Selsis,-0.49818001967394987,-0.7959767147302894,log,0.47494543523391103,0.3601765346365584,2.384104507070739e+22,2.384104507070739e+22
1.91,1.272,catalog,0.18,421.8069811790881,5.3,269.50334433779256,0.027,catalog,3784279947.6326823,97270956.77956425,Jackson,-0.45186802039960516,-0.6560548171253062,log,0.06769414537090619,0.8531488787369951,1.9998270687586883e+22,1.9998270687586883e+22
1.91,1.272,catalog,0.18,421.8069811790881,5.3,791.093217904771,0.027,catalog,3028045329.7644467,35350116.01434232,Selsis,-0.3708484149063824,-0.6018355895642185,linear,0.4331909586346138,0.9938446293869754,4.127881469816639e+22,4.127881469816639e+22
1.91,1.272,catalog,0.18,421.8069811790881,5.3,1055.0345602907432,0.027,catalog,1155177178.681365,8030857.692814933,Jackson,-0.3411085896488924,-0.6775010098075579,log,0.10039256182753134,0.6577538961840524,2.895607289484646e+22,2.895607289484646e+22
1.91,1.272,catalog,0.18,421.8069811790881,5.3,134.3233498895998,0.027,catalog,7303509937.559378,14331979.850210834,Jackson,-0.38350906748928093,-0.6693338433681328,GP,0.14715626721311934,0.8709290858241214,2.9628582796836567e+22,2.9628582796836567e+22
1.91,1.272,catalog,0.18,421.8069811790881,5.3,303.53079058479443,0.027,catalog,6076306027.7477255,18191880.755889256,Selsis,-0.4774459500076807,-0.757373625784463,log,0.09880960710980875,0.392402126892464,2.6232693635405935e+22,2.6232693635405935e+22
1.91,1.272,catalog,0.18,421.8069811790881,5.3,1581.409015554233,0.027,catalog,1249574502.1557498,3304717.4773893305,Selsis,-0.3551984374131503,-0.6325017707730354,linear,0.25643699555572924,0.28025962013474115,2.047067327305144e+22,2.047067327305144e+22
1.91,1.272,catalog,0.18,421.8069811790881,5.3,191.23405591074126,0.027,catalog,5202551114.320187,4911352.181396551,Jackson,-0.4109382409042889,-0.7993074823779687,linear,0.05942087088597157,0.1387609076472749,2.1126265035682117e+22,2.1126265035682117e+22
1.91,1.272,catalog,0.18,421.8069811790881,5.3,784.1949646365387,0.027,catalog,3046715969.6381273,11523950.284971103,Selsis,-0.44988325134075224,-0.6482836272606785,GP,0.34860215250188215,0.14937416750899213,3.0707160998208046e+22,3.0707160998208046e+22
1.91,1.272,catalog,0.18,421.8069811790881,5.3,1431.6953708968206,0.027,catalog,2010577358.2008202,84836153.05839728,Selsis,-0.4177998081860344,-0.7458432873140187,GP,0.15616923060415522,0.39477541485616663,2.0683448937861567e+22,2.0683448937861567e+22
1.91,1.272,catalog,0.18,421.8069811790881,5.3,1121.4307609713296,0.027,catalog,2376117974.0948296,24487866.97889443,Selsis,-0.34950499468717017,-0.7540151640808411,log,0.06584415155332725,0.10633496612092697,3.215293605138661e+22,3.215293605138661e+22
1.91,1.272,catalog,0.18,421.8069811790881,5.3,843.0640215075874,0.027,catalog,1394148114.570644,86130828.8717293,Jackson,-0.37514397189287224,-0.6384432427285938,GP,0.09159443091563552,0.19085936795296554,2.222945028809507e+22,2.222945028809507e+22
1.91,1.272,catalog,0.18,421.8069811790881,5.3,1484.4349512733556,0.027,catalog,1959687740.80772,16496120.719751762,Selsis,-0.43458746982417207,-0.733230176754965,linear,0.06410868115955795,0.9110426003623964,2.153890920468451e+22,2.153890920468451e+22
1.91,1.272,catalog,0.18,421.8069811790881,5.3,271.5714819935945,0.027,catalog,3757941027.7692423,93248655.7849646,Jackson,-0.31074566219427097,-0.7207064457056478,linear,0.1838758968080579,0.735015008228648,3.892055488734074e+22,3.892055488734074e+22
1.91,1.272,catalog,0.18,421.8069811790881,5.3,248.60530978694402,0.027,catalog,7079107602.455437,90612338.39294378,Selsis,-0.3195183060575333,-0.7228596414939026,linear,0.4233747705082382,0.22052482179734867,5.513274746782013e+22,5.513274746782013e+22
1.91,1.272,catalog,0.18,421.8069811790881,5.3,498.2284195081269,0.027,catalog,4208971951.13203,90163485.50792506,Selsis,-0.4906710631230334,-0.674321447705184,GP,0.08800190326203414,0.09422596884908285,2.680949398656537e+22,2.680949398656537e+22
1.91,1.272,catalog,0.18,421.8069811790881,5.3,253.8725217782827,0.027,catalog,3997211848.6870537,59844148.26219998,Jackson,-0.32809313032187504,-0.6208525902429034,GP,0.4231732895974568,0.3655779050715895,3.991713828385115e+22,3.991713828385115e+22
1.91,1.272,catalog,0.18,421.8069811790881,5.3,274.17048286481946,0.027,catalog,6566147991.741307,34166692.27055223,Selsis,-0.3750285764478295,-0.6354921964148197,GP,0.08958731863352778,0.11894452786714049,4.365523264178198e+22,4.365523264178198e+22
1.91,1.272,catalog,0.18,421.8069811790881,5.3,244.56439765037487,0.027,catalog,7169275735.485,65182981.38003451,Selsis,-0.4857174622036008,-0.66353069555232,GP,0.0725733471645191,0.025029028640942252,2.819291049712954e+22,2.819291049712954e+22
1.91,1.272,catalog,0.18,421.8069811790881,5.3,443.9909094592794,0.027,catalog,4576427707.573561,23702123.750432547,Selsis,-0.3977693035112197,-0.6460429591516168,linear,0.36319181697369024,0.8152645418306824,3.882936515653389e+22,3.882936515653389e+22
1.91,1.272,catalog,0.18,421.8069811790881,5.3,267.94528835100675,0.027,catalog,3804390716.9502697,12067143.34794054,Jackson,-0.49917685946122187,-0.7805118932040906,GP,0.17470201705727612,0.9444413393998545,2.0739686589876905e+22,2.0739686589876905e+22
1.91,1.272,catalog,0.18,421.8069811790881,5.3,1142.9836589642427,0.027,catalog,2345206149.629235,86011839.52699627,Selsis,-0.28712105840865193,-0.6067024536937429,linear,0.11193449037143814,0.5047604671711031,5.313275497376524e+22,5.313275497376524e+22
1.91,1.272,catalog,0.18,421.8069811790881,5.3,1581.409015554233,0.027,catalog,1347833538.9612281,15283629.975223592,Selsis,-0.3414397007297342,-0.73856511036297,linear,0.24897809929266276,0.8533127842524639,2.172739997372203e+22,2.172739997372203e+22
1.91,1.272,catalog,0.18,421.8069811790881,5.3,437.64030470992697,0.027,catalog,4624779074.69954,28216113.49733653,Selsis,-0.3057678649367288,-0.7768727486889115,linear,0.14364214285646743,0.41588418377044734,6.162996049463523e+22,6.162996049463523e+22
1.91,1.272,catalog,0.18,421.8069811790881,5.3,129.99583332939656,0.027,catalog,7541533804.751356,86821341.96409397,Jackson,-0.38652097702552896,-0.6166858896052423,log,0.05847123847092425,0.9570780010225177,2.806288923196974e+22,2.806288923196974e+22
1.91,1.272,catalog,0.18,421.8069811790881,5.3,226.62722299853644,0.027,catalog,7605502455.563996,81647485.61342986,Selsis,-0.29911606503854965,-0.747844229460584,log,0.23062472320942157,0.7858120120424273,6.718102166952645e+22,6.718102166952645e+22
1.91,1.272,catalog,0.18,421.8069811790881,5.3,653.9195754105014,0.027,catalog,3463570205.991222,62552714.81582305,Selsis,-0.4519631454016713,-0.7706812222898736,linear,0.23862798238670221,0.8374345841109274,2.601212052944015e+22,2.601212052944015e+22
1.91,1.272,catalog,0.18,421.8069811790881,5.3,1551.4477825402832,0.027,catalog,1809045976.4923584,35915742.787941016,Selsis,-0.3620902018399979,-0.6018811398595669,log,0.15790398059533847,0.19787780038870273,2.851380773886195e+22,2.851380773886195e+22
1.91,1.272,catalog,0.18,421.8069811790881,5.3,116.15412764363239,0.027,catalog,8427940896.72368,6163336.39136487,Jackson,-0.47474383308494383,-0.7961335586064272,linear,0.18087569447946547,0.6720359418733071,2.147197451539959e+22,2.147197451539959e+22
1.91,1.272,catalog,0.18,421.8069811790881,5.3,480.2243456480558,0.027,catalog,4322676417.3136425,80387543.71920201,Selsis,-0.30440689168010415,-0.6615438648469708,log,0.052801867167714955,0.9957547085364731,6.192632257496281e+22,6.192632257496281e+22
1.91,1.272,catalog,0.18,421.8069811790881,5.3,902.2786400307556,0.027,catalog,2762098009.6709547,11011360.578506863,Selsis,-0.4794825423848814,-0.7220024934060577,linear,0.09381384195471223,0.9092174291925778,2.6091360170321816e+22,2.6091360170321816e+22
1.91,1.272,catalog,0.18,421.8069811790881,5.3,797.3526274553317,0.027,catalog,1461390644.5285492,45237433.456995286,Jackson,-0.3733490443930319,-0.6363964661443902,linear,0.07820572310663837,0.9499596820438544,2.6096814547495807e+22,2.6096814547495807e+22
1.91,1.272,catalog,0.18,421.8069811790881,5.3,211.33232030013437,0.027,catalog,4736870379.897203,98351241.11677362,Jackson,-0.3771514437441052,-0.7867595881719579,log,0.3262674800493382,0.9822944060218313,2.256667430639404e+22,2.256667430639404e+22
1.91,1.272,catalog,0.18,421.8069811790881,5.3,420.7458744121499,0.027,catalog,2537922435.094302,61930097.197459795,Jackson,-0.4629722958414586,-0.736571008767595,log,0.07682849958591888,0.40447853441436543,1.8734630962792432e+22,1.8734630962792432e+22
1.91,1.272,catalog,0.18,421.8069811790881,5.3,391.97603047800334,0.027,catalog,5014133599.472112,4254667.7183504915,Selsis,-0.37968613374132476,-0.7516709904030714,GP,0.2891717506645495,0.18860221935958044,3.6366653709928712e+22,3.6366653709928712e+22
1.91,1.272,catalog,0.18,421.8069811790881,5.3,170.08897411111474,0.027,catalog,5814496664.56258,1721538.9741094294,Jackson,-0.40806326029997075,-0.774740758798991,log,0.188148025205143,0.2515859601189797,2.26266904641918e+22,2.26266904641918e+22
1.91,1.272,catalog,0.18,421.8069811790881,5.3,1419.2882448187625,0.027,catalog,2022509976.2095077,77407391.44718947,Selsis,-0.4906535661938731,-0.683912111533677,GP,0.12246901171652871,0.5437248199103167,1.9599325144111368e+22,1.9599325144111368e+22
1.91,1.272,catalog,0.18,421.8069811790881,5.3,945.109992380494,0.027,catalog,2674425200.297125,41502670.14125516,Selsis,-0.3379422777882311,-0.7365874631378138,linear,0.27743490230419776,0.7599948639151974,3.745886457130798e+22,3.745886457130798e+22
1.91,1.272,catalog,0.18,421.8069811790881,5.3,597.5897105815048,0.027,catalog,3693142058.5059767,31326325.467156798,Selsis,-0.4267372621808455,-0.7210095343239189,linear,0.14080216272582116,0.3672439667525851,2.9966496336999046e+22,2.9966496336999046e+22
1.91,1.272,catalog,0.18,421.8069811790881,5.3,505.2594532958419,0.027,catalog,4166543280.818738,51919045.591917984,Selsis,-0.4645668407663957,-0.6688111732977129,log,0.2708021191191671,0.21208194798378643,2.913308079235066e+22,2.913308079235066e+22
1.91,1.272,catalog,0.18,421.8069811790881,5.3,176.31727406172595,0.027,catalog,5618643645.148339,34475035.95790034,Jackson,-0.4809391634412663,-0.7851150470872055,linear,0.3339399451264,0.014316210482046787,1.6323652483059808e+22,1.6323652483059808e+22
1.91,1.272,catalog,0.18,421.8069811790881,5.3,1022.0557402693671,0.027,catalog,1186178371.4669595,75570271.7509855,Jackson,-0.34863777394637735,-0.6405907243434059,GP,0.09432650357047145,0.3211867741988934,2.3902208163211496e+22,2.3902208163211496e+22
1.91,1.272,catalog,0.18,421.8069811790881,5.3,320.6240577430436,0.027,catalog,5829369673.170734,68533768.99978563,Selsis,-0.40768824842802487,-0.7202531807866104,linear,0.33308499120450524,0.2271493382502069,3.105808856536966e+22,3.105808856536966e+22
1.91,1.272,catalog,0.18,421.8069811790881,5.3,118.16352211126988,0.027,catalog,8285726430.262226,30088591.25952294,Jackson,-0.28846636557225686,-0.7474027583474591,log,0.15351590663890524,0.9386355712390072,5.4411663045144026e+22,5.4411663045144026e+22
1.91,1.272,catalog,0.18,421.8069811790881,5.3,424.161387109778,0.027,catalog,4731712454.923333,94074778.6673522,Selsis,-0.2896356552545612,-0.6371169888982611,log,0.26189797310155943,0.9101644948587674,7.396473033370933e+22,7.396473033370933e+22
1.91,1.272,catalog,0.18,421.8069811790881,5.3,990.426795001448,0.027,catalog,2588930490.8773227,97620321.85413294,Selsis,-0.45743185681609133,-0.7513435664617575,GP,0.45978866590362144,0.28698781522107397,2.2999106443069515e+22,2.2999106443069515e+22
1.91,1.272,catalog,0.18,421.8069811790881,5.3,181.4076121671091,0.027,catalog,5468793809.068854,57500641.46195766,Jackson,-0.4780979972250663,-0.6732574398351684,linear,0.07896568922435206,0.3562186256801849,1.991703703520538e+22,1.991703703520538e+22
1.91,1.272,catalog,0.18,421.8069811790881,5.3,399.0380229839418,0.027,catalog,2659525474.716531,27821815.047893845,Jackson,-0.38993286692956236,-0.7611497638077888,linear,0.24362336628738523,0.2705981548898827,2.3594245041994905e+22,2.3594245041994905e+22
1.91,1.272,catalog,0.18,421.8069811790881,5.3,945.8970756457569,0.027,catalog,1265547725.0468147,54444689.67327365,Jackson,-0.45930762903262673,-0.6882584454786393,linear,0.4616051878597286,0.34178721693891867,1.8488250805539333e+22,1.8488250805539333e+22
1.91,1.272,catalog,0.18,421.8069811790881,5.3,1146.259431037066,0.027,catalog,2340596579.8186107,73807055.14890708,Selsis,-0.3999257778421534,-0.7198952936795159,GP,0.0628227493141263,0.3937895761336305,2.5263148202461384e+22,2.5263148202461384e+22
1.91,1.272,catalog,0.18,421.8069811790881,5.3,348.49662351511324,0.027,catalog,5474643613.320341,80006500.10511939,Selsis,-0.47293240296534594,-0.6276021564112682,GP,0.12663507653752373,0.2244907922780126,3.2196803558671856e+22,3.2196803558671856e+22
1.91,1.272,catalog,0.18,421.8069811790881,5.3,775.6281084708227,0.027,catalog,3070309309.729758,84896179.57087936,Selsis,-0.40216490681395767,-0.7202291380756263,log,0.08113826827160768,0.04996185780646645,2.961447317095175e+22,2.961447317095175e+22
1.91,1.272,catalog,0.18,421.8069811790881,5.3,171.4916213662631,0.027,catalog,9474049843.881624,76879151.17702673,Selsis,-0.4739343448812096,-0.6629515375139373,GP,0.24389396199261704,0.7782545059926546,2.85355575933502e+22,2.85355575933502e+22
1.91,1.272,catalog,0.18,421.8069811790881,5.3,276.9185105278658,0.027,catalog,6516243565.864345,79121944.14634614,Selsis,-0.2824908044070639,-0.6034449804895157,log,0.05428469185767886,0.20401510125532052,9.361294034328128e+22,9.361294034328128e+22
1.91,1.272,catalog,0.18,421.8069811790881,5.3,1486.1694122072684,0.027,catalog,1955542350.2966306,37328852.13755209,Selsis,-0.46971608926425246,-0.7995279024297398,log,0.4531397166070384,0.8513855633790061,1.9018617128990122e+22,1.9018617128990122e+22
1.91,1.272,catalog,0.18,421.8069811790881,5.3,148.0278580382545,0.027,catalog,6644973851.995587,36454909.364995934,Jackson,-0.466843503684331,-0.7821812725381375,linear,0.07810453477113281,0.9378713981212017,1.946427937416292e+22,1.946427937416292e+22
1.91,1.272,catalog,0.18,421.8069811790881,5.3,93.02471686113519,0.027,catalog,10537214089.09077,51906127.77072297,Jackson,-0.46534476356452026,-0.6857496361406116,log,0.2858178862465341,0.5644360651074887,2.0195856908885432e+22,2.0195856908885432e+22
1.91,1.272,catalog,0.18,421.8069811790881,5.3,277.52608296286814,0.027,catalog,6505333311.469456,84878967.82819192,Selsis,-0.42091605472408733,-0.7503881088779908,linear,0.474004847011309,0.5457105180005495,2.8415837524131236e+22,2.8415837524131236e+22
1.91,1.272,catalog,0.18,421.8069811790881,5.3,172.98958556766908,0.027,catalog,5721486612.199823,47862374.67204723,Jackson,-0.4624280143342742,-0.7987822858658992,linear,0.12594895658420868,0.2043042013484756,1.8243041607963206e+22,1.8243041607963206e+22
1.91,1.272,catalog,0.18,421.8069811790881,5.3,1580.539551961081,0.027,catalog,1749266811.5491533,57383978.91259783,Selsis,-0.40176850845132656,-0.6111717035322527,log,0.19881575216837816,0.43485942578982484,2.3228055318376667e+22,2.3228055318376667e+22
1.91,1.272,catalog,0.18,421.8069811790881,5.3,1581.4090155542317,0.027,catalog,1680970237.1676533,33341753.889323592,Selsis,-0.40915631954519655,-0.7429848432651539,linear,0.3584570444182607,0.45276633089256724,1.9068684790356995e+22,1.9068684790356995e+22
1.91,1.272,catalog,0.18,421.8069811790881,5.3,609.5874980619967,0.027,catalog,3641079177.737942,18018092.573677346,Selsis,-0.3341686016078994,-0.6006579556255102,log,0.08334349326467541,0.8082190610401423,5.518008522922014e+22,5.518008522922014e+22
1.91,1.272,catalog,0.18,421.8069811790881,5.3,1030.7288729058878,0.027,catalog,2518444586.480441,89653345.3088846,Selsis,-0.34467036671792045,-0.7580870021507442,linear,0.23894702612389943,0.354211214874544,3.2893943705408004e+22,3.2893943705408004e+22
1.91,1.272,catalog,0.18,421.8069811790881,5.3,1015.95961203911,0.027,catalog,2543708034.518786,26157779.58885968,Selsis,-0.3001906677142195,-0.6149317520616974,log,0.4038773138927737,0.3264410443039669,5.2490722284567475e+22,5.2490722284567475e+22
1.91,1.272,catalog,0.18,421.8069811790881,5.3,763.5789701711077,0.027,catalog,1515985687.8259583,53303204.46875066,Jackson,-0.2951980372125912,-0.7992542616154248,linear,0.0704980605026789,0.9860428803352896,3.7674176469133722e+22,3.7674176469133722e+22
1.91,1.272,catalog,0.18,421.8069811790881,5.3,803.6530831691167,0.027,catalog,2994776579.82191,97803272.77315022,Selsis,-0.4385680163273716,-0.679288593727365,log,0.1922014329619,0.5458608206086399,2.7568258260126967e+22,2.7568258260126967e+22
1.91,1.272,catalog,0.18,421.8069811790881,5.3,418.5919240117089,0.027,catalog,2549437536.8714066,51556571.76900642,Jackson,-0.4498461569170172,-0.6511499228131102,GP,0.4031737242343622,0.7335239843643944,2.2259227010479457e+22,2.2259227010479457e+22
1.91,1.272,catalog,0.18,421.8069811790881,5.3,207.38678538456665,0.027,catalog,8151285814.6303005,42296111.583449654,Selsis,-0.32072051108256044,-0.6612285396843001,linear,0.4950479266865893,0.642560093370864,6.047496208217262e+22,6.047496208217262e+22
1.91,1.272,catalog,0.18,421.8069811790881,5.3,129.30295586163513,0.027,catalog,7581188638.158879,29581658.479471944,Jackson,-0.4237403785760948,-0.6428620776288405,log,0.1803685204429293,0.6231026361522058,2.5612255229747554e+22,2.5612255229747554e+22
1.91,1.272,catalog,0.18,421.8069811790881,5.3,137.81837343351455,0.027,catalog,7122630628.166531,29830159.02230464,Jackson,-0.3176337930067115,-0.6267515377085481,linear,0.15580314910831775,0.5335742799513616,4.546228067218953e+22,4.546228067218953e+22
1.91,1.272,catalog,0.18,421.8069811790881,5.3,234.00124523898353,0.027,catalog,4309051167.760484,83247698.23040378,Jackson,-0.28547852673115814,-0.7320849672675919,log,0.08372346164302673,0.21126724003778674,4.318839253936719e+22,4.318839253936719e+22
1.91,1.272,catalog,0.18,421.8069811790881,5.3,261.7172793557127,0.027,catalog,3887167911.0757146,47134724.41149574,Jackson,-0.40291864700975544,-0.6798292377369152,GP,0.12067491671349154,0.26493207970046695,2.3419556505886482e+22,2.3419556505886482e+22
1.91,1.272,catalog,0.18,421.8069811790881,5.3,580.9399252503099,0.027,catalog,1915462735.5133839,27626872.449351847,Jackson,-0.3079365198133443,-0.6574034320751465,linear,0.2757732964075018,0.8859450203987288,4.186033610905853e+22,4.186033610905853e+22
1.91,1.272,catalog,0.18,421.8069811790881,5.3,1581.409015554232,0.027,catalog,1458230426.3142,78513919.31321034,Selsis,-0.41082517875631497,-0.6284677652425911,linear,0.19272187093311272,0.6271635428342583,1.7613503902346188e+22,1.7613503902346188e+22
1.91,1.272,catalog,0.18,421.8069811790881,5.3,831.1899397507161,0.027,catalog,2924941253.397405,63814249.2799457,Selsis,-0.389244763078417,-0.7953960456444629,log,0.3452893261944789,0.7403544619921709,2.9661826563704445e+22,2.9661826563704445e+22
1.91,1.272,catalog,0.18,421.8069811790881,5.3,1109.4695155515087,0.027,catalog,2393723414.3228984,56075385.650270484,Selsis,-0.3262704179072016,-0.7950465119623473,linear,0.11983037767268938,0.943600032857879,3.635334658511455e+22,3.635334658511455e+22
1.91,1.272,catalog,0.18,421.8069811790881,5.3,544.3256873240339,0.027,catalog,3948758045.5976505,30820871.298314188,Selsis,-0.31369638042098763,-0.6012470459748008,log,0.2249403536930156,0.23054936927670078,6.254345374209028e+22,6.254345374209028e+22
1.91,1.272,catalog,0.18,421.8069811790881,5.3,1576.340883327681,0.027,catalog,1757700228.8104913,4186702.699763993,Selsis,-0.49828377993977835,-0.7751181860466982,log,0.07878427156204228,0.9924099115940002,1.8531682300015896e+22,1.8531682300015896e+22
1.91,1.272,catalog,0.18,421.8069811790881,5.3,318.2631714960077,0.027,catalog,5862024518.159328,49787306.55241858,Selsis,-0.4858775708694579,-0.7484839978011627,log,0.06068374615956743,0.29087945820519556,2.5028263353976256e+22,2.5028263353976256e+22
1.91,1.272,catalog,0.18,421.8069811790881,5.3,103.60761845322268,0.027,catalog,9448112332.31532,65115526.8822985,Jackson,-0.34387264373357834,-0.7438689145162639,log,0.06694504988099499,0.23460967849437697,2.890656129007505e+22,2.890656129007505e+22
1.91,1.272,catalog,0.18,421.8069811790881,5.3,1548.6985988562733,0.027,catalog,1814861563.7600574,31919651.322299033,Selsis,-0.4129325675115625,-0.7177487577174406,log,0.30595078723944574,0.1597277162381967,2.0498845636800734e+22,2.0498845636800734e+22
1.91,1.272,catalog,0.18,421.8069811790881,5.3,215.63868767809296,0.027,catalog,4648615259.85473,53307374.33883069,Jackson,-0.3607593128064741,-0.6514456436633053,linear,0.48565820279341637,0.7209320552572597,3.0715021605217208e+22,3.0715021605217208e+22
1.91,1.272,catalog,0.18,421.8069811790881,5.3,323.06769322929136,0.027,catalog,5796031729.917814,72827831.65282404,Selsis,-0.42079347346537155,-0.6124663087331883,log,0.49061134665086603,0.5797792496889775,3.891638909554513e+22,3.891638909554513e+22
1.91,1.272,catalog,0.18,421.8069811790881,5.3,615.4175557935224,0.027,catalog,3616432850.5977216,22811295.20891405,Selsis,-0.29867501442298106,-0.6910656175968121,log,0.33863309868321895,0.9525618313797737,6.126130203821996e+22,6.126130203821996e+22
1.91,1.272,catalog,0.18,421.8069811790881,5.3,383.98094788341086,0.027,catalog,5091667024.395296,32084089.213221587,Selsis,-0.37753456832153953,-0.6852963794067956,linear,0.39797354414189445,0.21617213257789736,3.869666177861897e+22,3.869666177861897e+22
1.91,1.272,catalog,0.18,421.8069811790881,5.3,460.059859789569,0.027,catalog,2346248277.085448,82580209.58592936,Jackson,-0.40063788620594204,-0.720508782631092,GP,0.2389804155313101,0.33602908974216006,2.1547579678292395e+22,2.1547579678292395e+22
1.91,1.272,catalog,0.18,421.8069811790881,5.3,406.26332094829684,0.027,catalog,4883554035.120955,41160459.04000136,Selsis,-0.3043680353705642,-0.6804769851395819,GP,0.14141385960685307,0.19373274679262753,6.501513049087033e+22,6.501513049087033e+22
1.91,1.272,catalog,0.18,421.8069811790881,5.3,174.70340171704618,0.027,catalog,5668019512.012715,75733232.12284,Jackson,-0.4835038331461309,-0.7917316442368695,GP,0.3598597830332501,0.34944526803454357,1.713938957733902e+22,1.713938957733902e+22
1.91,1.272,catalog,0.18,421.8069811790881,5.3,334.96331708470797,0.027,catalog,5640125588.047781,81222760.9631908,Selsis,-0.34853903024640026,-0.6925135231546553,log,0.06508389189077035,0.3859623335298855,4.466736163158773e+22,4.466736163158773e+22
1.91,1.272,catalog,0.18,421.8069811790881,5.3,310.14946992915714,0.027,catalog,3331092714.015812,9270544.492571628,Jackson,-0.4464282667804013,-0.6143973682682148,GP,0.07440221431567856,0.024224978869247127,2.193914910470655e+22,2.193914910470655e+22
1.91,1.272,catalog,0.18,421.8069811790881,5.3,361.54104847744844,0.027,catalog,2903196321.2081294,67732726.8503842,Jackson,-0.4554296943409977,-0.6443932600852662,linear,0.13483421584102864,0.2897827304066011,2.1483500767849623e+22,2.1483500767849623e+22
1.91,1.272,catalog,0.18,421.8069811790881,5.3,854.3942265096069,0.027,catalog,1378540712.1730642,34257511.21515959,Jackson,-0.39810619593221064,-0.7226533762532527,log,0.2395760592149332,0.8503617194873814,2.242944795410593e+22,2.242944795410593e+22
1.91,1.272,catalog,0.18,421.8069811790881,5.3,1503.4019093287716,0.027,catalog,1915097237.6612215,83919215.411647,Selsis,-0.314400198264371,-0.6423718833825552,linear,0.27451152110389987,0.11575499062309891,3.414120306224965e+22,3.414120306224965e+22
1.91,1.272,catalog,0.18,421.8069811790881,5.3,290.80373847661014,0.027,catalog,6277439582.528564,18793683.19875849,Selsis,-0.40716522937035465,-0.7509461820511979,log,0.19831279235687274,0.7498709068430285,3.1919195703252055e+22,3.1919195703252055e+22
1.91,1.272,catalog,0.18,421.8069811790881,5.3,275.71870704552805,0.027,catalog,6537919037.611487,88535093.28438225,Selsis,-0.4911994009367776,-0.6577261990608811,linear,0.18759228688001833,0.14020087239644796,2.8009929149954516e+22,2.8009929149954516e+22
1.91,1.272,catalog,0.18,421.8069811790881,5.3,175.53220290500374,0.027,catalog,9299710333.644632,12562216.039702503,Selsis,-0.39345820233490997,-0.7494891776350842,linear,0.13483446920641706,0.6869869806652814,3.4379878156678522e+22,3.4379878156678522e+22
1.91,1.272,catalog,0.18,421.8069811790881,5.3,163.38607677999698,0.027,catalog,6042409748.752082,83710630.02991267,Jackson,-0.41586106693117436,-0.6527763391554773,GP,0.14124149755213308,0.16810997603235622,2.2025069696679787e+22,2.2025069696679787e+22
1.91,1.272,catalog,0.18,421.8069811790881,5.3,222.02913356351942,0.027,catalog,7727881737.054431,28025260.774506602,Selsis,-0.36756855634947416,-0.7524717485691204,linear,0.09246721379618268,0.7148609413844311,3.868127358325513e+22,3.868127358325513e+22
1.91,1.272,catalog,0.18,421.8069811790881,5.3,651.9850325580283,0.027,catalog,1734578413.8936808,6915414.199066916,Jackson,-0.39869883737145184,-0.7318267342686514,log,0.2717244124515608,0.22594614109336553,2.345746446182627e+22,2.345746446182627e+22
1.91,1.272,catalog,0.18,421.8069811790881,5.3,1581.409015554233,0.027,catalog,1598383074.3996456,23240163.582625195,Selsis,-0.4213360796179433,-0.743200699827549,log,0.05683933107946386,0.02442303379381716,1.7454480566186249e+22,1.7454480566186249e+22
1.91,1.272,catalog,0.18,421.8069811790881,5.3,518.415857350219,0.027,catalog,4089924655.642811,25201198.636002112,Selsis,-0.2968320605133534,-0.6257427950857347,log,0.4948449063570778,0.4109436973227547,6.937602137810718e+22,6.937602137810718e+22
1.91,1.272,catalog,0.18,421.8069811790881,5.3,169.44207736113367,0.027,catalog,9565491173.365992,39857517.24208124,Selsis,-0.361240619022843,-0.6370108504463282,log,0.1070453769384693,0.12764354617807583,4.684486995783732e+22,4.684486995783732e+22
1.91,1.272,catalog,0.18,421.8069811790881,5.3,129.27504231422174,0.027,catalog,7582795492.079304,37872176.95373151,Jackson,-0.3452165358379628,-0.6572124478447235,linear,0.15001766199778216,0.07684717730744395,2.782767395739381e+22,2.782767395739381e+22
1.91,1.272,catalog,0.18,421.8069811790881,5.3,1581.409015554233,0.027,catalog,779959465.3715513,30662197.573682927,Selsis,-0.44600039633194277,-0.7555445574180171,log,0.165064673413578,0.6637980342171952,8.645858965543274e+21,8.645858965543274e+21
1.91,1.272,catalog,0.18,421.8069811790881,5.3,222.43317712608228,0.027,catalog,7716938708.172343,91369677.9239502,Selsis,-0.3909822168793948,-0.6948559338909287,GP,0.09467072836210243,0.5786565427328841,3.409318446072765e+22,3.409318446072765e+22
1.91,1.272,catalog,0.18,421.8069811790881,5.3,582.4382021029361,0.027,catalog,1911210438.7446318,73274376.24000835,Jackson,-0.44472850940243247,-0.6387442229667311,linear,0.1917556815873097,0.7387366224876376,2.2223575071465107e+22,2.2223575071465107e+22
1.91,1.272,catalog,0.18,421.8069811790881,5.3,198.306924680062,0.027,catalog,8443185965.637911,27744978.289040525,Selsis,-0.37897043165988975,-0.6833416888630769,log,0.4364593319758599,0.08294327579020888,3.829811773694724e+22,3.829811773694724e+22
1.91,1.272,catalog,0.18,421.8069811790881,5.3,481.8151552143253,0.027,catalog,4312323168.427003,31208829.73800015,Selsis,-0.4764806185097994,-0.750684528491339,log,0.08406831434474055,0.24526512350540086,2.5883977655844856e+22,2.5883977655844856e+22
1.91,1.272,catalog,0.18,421.8069811790881,5.3,246.689884471431,0.027,catalog,4104112976.250158,80381743.8798043,Jackson,-0.29301738436297825,-0.7531688822401146,linear,0.4945574363967444,0.6036559107630021,4.691874294590472e+22,4.691874294590472e+22
1.91,1.272,catalog,0.18,421.8069811790881,5.3,932.124602198251,0.027,catalog,2700259617.494806,1441033.2046168307,Selsis,-0.47014780383177124,-0.6596492209858558,log,0.15475480767185007,0.8269179752035544,2.9029966420924822e+22,2.9029966420924822e+22
1.91,1.272,catalog,0.18,421.8069811790881,5.3,264.4701230310571,0.027,catalog,6749959081.157165,74586201.51237312,Selsis,-0.43072482897622805,-0.6666463258538974,linear,0.050408528452409083,0.4014996152240472,3.1191647537139395e+22,3.1191647537139395e+22
1.91,1.272,catalog,0.18,421.8069811790881,5.3,509.1543281145952,0.027,catalog,2147411211.0668774,51310106.02494019,Jackson,-0.4688559922907528,-0.7886310925317709,linear,0.08091608136153379,0.47288895883811244,1.855380931310979e+22,1.855380931310979e+22
1.91,1.272,catalog,0.18,421.8069811790881,5.3,473.80737875308085,0.027,catalog,4365071639.485273,86962451.15895516,Selsis,-0.434244599001496,-0.7716447732481503,linear,0.1707866098274252,0.34258725018786373,2.6792969146023524e+22,2.6792969146023524e+22
1.91,1.272,catalog,0.18,421.8069811790881,5.3,213.62290900683507,0.027,catalog,4689479203.111341,96955690.98413935,Jackson,-0.4796219177910155,-0.7450556039944781,linear,0.09679703132149953,0.7381666990592867,1.6891882234431658e+22,1.6891882234431658e+22
1.91,1.272,catalog,0.18,421.8069811790881,5.3,575.0490777142544,0.027,catalog,1932388650.0040486,8114583.88466842,Jackson,-0.2997736326894969,-0.7096930885928321,linear,0.21538761114757476,0.0767852021410591,2.9629841440620793e+22,2.9629841440620793e+22
1.91,1.272,catalog,0.18,421.8069811790881,5.3,472.3861843905128,0.027,catalog,4374600809.9804735,37793540.22138959,Selsis,-0.42399165716659426,-0.7890739581785606,log,0.34271037622802347,0.8808746537576735,2.861413867014492e+22,2.861413867014492e+22
1.91,1.272,catalog,0.18,421.8069811790881,5.3,218.59866151505108,0.027,catalog,4589989734.778604,35303294.49243812,Jackson,-0.37968056139001166,-0.7153465413877877,log,0.07744007620243674,0.9199367688615803,2.64454222522488e+22,2.64454222522488e+22
1.91,1.272,catalog,0.18,421.8069811790881,5.3,795.0804807903564,0.027,catalog,3017383638.826519,84597803.82868351,Selsis,-0.3702725867638059,-0.6323085769869107,log,0.468240030191696,0.29258104849725464,3.6689484226556464e+22,3.6689484226556464e+22
1.91,1.272,catalog,0.18,421.8069811790881,5.3,309.2557046100351,0.027,catalog,5990809549.194521,67618412.71202809,Selsis,-0.45675803930716036,-0.6238850763116953,log,0.09902040733233052,0.7526990521196469,3.393104985759149e+22,3.393104985759149e+22
1.91,1.272,catalog,0.18,421.8069811790881,5.3,459.31794128427885,0.027,catalog,4464700781.135685,87551230.41850348,Selsis,-0.2846944864422577,-0.7427549725903881,GP,0.3741468021961147,0.47583972663681895,7.0567849877888865e+22,7.0567849877888865e+22
1.91,1.272,catalog,0.18,421.8069811790881,5.3,442.3728223974408,0.027,catalog,4588628629.27157,31770597.35063392,Selsis,-0.30410790239015395,-0.6468014139578911,GP,0.15259868919944922,0.39409161534339443,6.6774125581977925e+22,6.6774125581977925e+22
1.91,1.272,catalog,0.18,421.8069811790881,5.3,377.3397629845877,0.027,catalog,2794740368.7787066,14895522.562218208,Jackson,-0.45507297928869134,-0.6527717977769806,log,0.08402517195026099,0.1753915951140137,2.1932854410366348e+22,2.1932854410366348e+22
1.91,1.272,catalog,0.18,421.8069811790881,5.3,173.3382294661116,0.027,catalog,9393418823.718624,68262243.53088754,Selsis,-0.291380192592756,-0.6595585714043464,linear,0.08438613097929551,0.9821208205197589,7.955774153913856e+22,7.955774153913856e+22
1.91,1.272,catalog,0.18,421.8069811790881,5.3,805.9358419349733,0.027,catalog,1448211321.2729619,26029778.708425805,Jackson,-0.29014735024102234,-0.6355397247955388,linear,0.06521500338419065,0.7469154353339891,4.3697888269368534e+22,4.3697888269368534e+22
1.91,1.272,catalog,0.18,421.8069811790881,5.3,119.88348837101137,0.027,catalog,8167973253.552914,84029853.64874318,Jackson,-0.36952751229021763,-0.628981037473048,log,0.37673895808412106,0.8431964711708555,2.93110461373063e+22,2.93110461373063e+22
1.91,1.272,catalog,0.18,421.8069811790881,5.3,139.66941111798124,0.027,catalog,7030645232.108898,74186348.26809788,Jackson,-0.48157502115979073,-0.6792575837829827,log,0.09660464284270302,0.5401719444727581,1.896464534555103e+22,1.896464534555103e+22
1.91,1.272,catalog,0.18,421.8069811790881,5.3,500.60458296103354,0.027,catalog,2179315951.5858517,42037543.467149846,Jackson,-0.49352354246456126,-0.6551209604654569,linear,0.12851681086322392,0.5331493999771809,2.120175627607877e+22,2.120175627607877e+22
1.91,1.272,catalog,0.18,421.8069811790881,5.3,1581.409015554233,0.027,catalog,438900724.7877737,19345873.128683183,Selsis,-0.37898539355361094,-0.79687241037214,GP,0.06277684976083858,0.8519697412988172,6.825950844727392e+21,6.825950844727392e+21
1.91,1.272,catalog,0.18,421.8069811790881,5.3,132.19465794884144,0.027,catalog,7418562152.296762,34397092.31698724,Jackson,-0.3746591047522926,-0.7711353353632945,GP,0.0705908124288488,0.4247069533021147,2.58253921427362e+22,2.58253921427362e+22
1.91,1.272,catalog,0.18,421.8069811790881,5.3,472.32615970268233,0.027,catalog,2292809618.253026,56306964.333516754,Jackson,-0.3043048696714589,-0.7858544349866161,linear,0.10576268601819117,0.98129689301064,4.0335572134671495e+22,4.0335572134671495e+22
1.91,1.272,catalog,0.18,421.8069811790881,5.3,1503.0512090222403,0.027,catalog,1915907136.3464355,47320099.29281881,Selsis,-0.3410424447172823,-0.741117119788722,GP,0.2149629818557508,0.6871536995543945,2.8161058191268666e+22,2.8161058191268666e+22
1.91,1.272,catalog,0.18,421.8069811790881,5.3,162.69414104606128,0.027,catalog,6067036727.708223,59400421.13297297,Jackson,-0.41279725634668346,-0.7536510808523809,log,0.2684753260987195,0.5450924948215919,2.111648942105456e+22,2.111648942105456e+22
1.91,1.272,catalog,0.18,421.8069811790881,5.3,411.77535014017593,0.027,catalog,4835523057.65959,94388317.78754137,Selsis,-0.33703718534518007,-0.6180981092271425,linear,0.07859657859218014,0.8770379389284279,5.569949546846632e+22,5.569949546846632e+22
1.91,1.272,catalog,0.18,421.8069811790881,5.3,204.24888006244893,0.027,catalog,4890229079.421152,93396518.21380371,Jackson,-0.3395386661829348,-0.743504334683729,GP,0.3860661424825682,0.21948286518586047,2.876428406394344e+22,2.876428406394344e+22
1.91,1.272,catalog,0.18,421.8069811790881,5.3,1416.8439822701143,0.027,catalog,2024882049.4909227,57629391.333052054,Selsis,-0.4180763571637476,-0.7792219623166228,log,0.11351413820683208,0.044028598363481386,2.1071268272409812e+22,2.1071268272409812e+22
1.91,1.272,catalog,0.18,421.8069811790881,5.3,165.14425103782995,0.027,catalog,9764225010.067654,28599454.743238486,Selsis,-0.3858515647607721,-0.7227229884584305,linear,0.2752473339983496,0.40094670285721234,3.5582807927751835e+22,3.5582807927751835e+22
1.91,1.272,catalog,0.18,421.8069811790881,5.3,125.34248633042105,0.027,catalog,7816657797.886904,14056253.191932,Jackson,-0.3627677611345246,-0.7077295918476901,linear,0.0657616043396648,0.162957829844404,2.6833849961422717e+22,2.6833849961422717e+22
1.91,1.272,catalog,0.18,421.8069811790881,5.3,1581.409015554233,0.027,catalog,1439359982.9375312,6050716.364714364,Selsis,-0.4471886425936199,-0.6308801792286268,log,0.1728413819409505,0.1273667961513565,1.7786438902578382e+22,1.7786438902578382e+22
1.91,1.272,catalog,0.18,421.8069811790881,5.3,164.47713456365472,0.027,catalog,9795956483.225006,18105742.102889996,Selsis,-0.4443988999802917,-0.6971007701868623,GP,0.37524842303409295,0.04248814166173687,2.9347603388718268e+22,2.9347603388718268e+22
1.91,1.272,catalog,0.18,421.8069811790881,5.3,815.9616734159519,0.027,catalog,2963049066.81943,50923957.04551423,Selsis,-0.39032906098845005,-0.7790951780410719,linear,0.1651204422433668,0.8653269536529408,3.0219210823031125e+22,3.0219210823031125e+22
1.91,1.272,catalog,0.18,421.8069811790881,5.3,95.89812407551534,0.027,catalog,10216139770.836018,9115670.995016165,Jackson,-0.31032116614996813,-0.7295306152250449,GP,0.14369335164337443,0.4444486728713052,4.28127619893882e+22,4.28127619893882e+22
1.91,1.272,catalog,0.18,421.8069811790881,5.3,300.61152233118474,0.027,catalog,3426395314.3342896,9174330.769385763,Jackson,-0.3439512559823635,-0.6126203814632952,log,0.16459664569830826,0.304303888676165,3.80026017554492e+22,3.80026017554492e+22
1.91,1.272,catalog,0.18,421.8069811790881,5.3,332.8323783399995,0.027,catalog,3126163114.805849,62906710.543275386,Jackson,-0.454915611717518,-0.6046658509909162,linear,0.10402021804768982,0.9080888585936219,2.54022062175942e+22,2.54022062175942e+22
1.91,1.272,catalog,0.18,421.8069811790881,5.3,1199.062042855321,0.027,catalog,2269328058.022709,19471600.73301887,Selsis,-0.49097840786371066,-0.6899365745301345,linear,0.0719714736344147,0.2792667306056963,2.293490620842348e+22,2.293490620842348e+22
1.91,1.272,catalog,0.18,421.8069811790881,5.3,505.4617423095996,0.027,catalog,2161062394.539354,41057776.17276339,Jackson,-0.2940043228486644,-0.6971880356473344,GP,0.1959895537820337,0.024008797059824283,2.9451008626128583e+22,2.9451008626128583e+22
1.91,1.272,catalog,0.18,421.8069811790881,5.3,500.00383359771024,0.027,catalog,2181597490.5203295,27740330.9962033,Jackson,-0.42928780197207456,-0.7633240698451735,GP,0.2079383822739939,0.6989027157302105,2.1852807366530694e+22,2.1852807366530694e+22
1.91,1.272,catalog,0.18,421.8069811790881,5.3,422.14841659342335,0.027,catalog,4748209536.080264,45872171.80568862,Selsis,-0.388037904047285,-0.734287429452785,GP,0.06070211072155753,0.1701115488642002,3.4129901903642253e+22,3.4129901903642253e+22
1.91,1.272,catalog,0.18,421.8069811790881,5.3,205.7509953435605,0.027,catalog,4856814756.6257305,81834761.78368127,Jackson,-0.4913789071796474,-0.7221454912782628,GP,0.1486398385357483,0.8829490995957583,1.7449129631450376e+22,1.7449129631450376e+22
1.91,1.272,catalog,0.18,421.8069811790881,5.3,276.0226850124921,0.027,catalog,3702588188.8619294,83250108.74892455,Jackson,-0.41241139437933766,-0.7266736749374582,log,0.06769706995500428,0.7736449419210595,2.04932227619294e+22,2.04932227619294e+22
1.91,1.272,catalog,0.18,421.8069811790881,5.3,371.6629519864413,0.027,catalog,2832668848.480585,1829612.649713061,Jackson,-0.44263198259714,-0.7091071630448393,GP,0.28814975631391165,0.09657300755714382,2.0097220680363635e+22,2.0097220680363635e+22
1.91,1.272,catalog,0.18,421.8069811790881,5.3,255.04253126999228,0.027,catalog,3980369499.8985887,27177779.499344666,Jackson,-0.2872218948312254,-0.7624861926779082,linear,0.22030482441195218,0.8845505085846901,5.523644860478457e+22,5.523644860478457e+22
1.91,1.272,catalog,0.18,421.8069811790881,5.3,300.167479031097,0.027,catalog,3430978337.4449363,62711933.408382796,Jackson,-0.42418570142139916,-0.6433269872794508,GP,0.38279803652924704,0.22717066493637272,2.2951749595019577e+22,2.2951749595019577e+22
1.91,1.272,catalog,0.18,421.8069811790881,5.3,1557.1404245475692,0.027,catalog,1797096986.9924085,49894072.18037071,Selsis,-0.4628052734576095,-0.67352432908033,log,0.2759077546780199,0.01223731719096155,1.8755207124381006e+22,1.8755207124381006e+22
1.91,1.272,catalog,0.18,421.8069811790881,5.3,148.38093155742123,0.027,catalog,10643635000.926172,96431414.03211114,Selsis,-0.3447369899839363,-0.6886164462258355,log,0.23040349597142454,0.1854233542644057,4.5840489416244735e+22,4.5840489416244735e+22
1.91,1.272,catalog,0.18,421.8069811790881,5.3,208.5804851449893,0.027,catalog,4795196428.557886,37632464.74363211,Jackson,-0.41537059082130423,-0.7631660834552182,log,0.21180398791012647,0.23493412668363467,2.103047548080286e+22,2.103047548080286e+22
1.91,1.272,catalog,0.18,421.8069811790881,5.3,1325.8307243609281,0.027,catalog,2118560768.3303788,62432310.87504175,Selsis,-0.32742380722751335,-0.7908519187312756,GP,0.16118766615411473,0.3788991060056376,3.258659138616198e+22,3.258659138616198e+22
1.91,1.272,catalog,0.18,421.8069811790881,5.3,1360.9076717171756,0.027,catalog,2081172984.19414,43313816.241250105,Selsis,-0.494342160936934,-0.7053448631996336,GP,0.35280086840235614,0.2556940309441391,2.032493649202496e+22,2.032493649202496e+22
1.91,1.272,catalog,0.18,421.8069811790881,5.3,120.85737386323456,0.027,catalog,8102858403.286902,55377607.98711257,Jackson,-0.41641637121354985,-0.6993201452787877,linear,0.13744430797796497,0.6360859997324408,2.202830688579117e+22,2.202830688579117e+22
1.91,1.272,catalog,0.18,421.8069811790881,5.3,1249.893900435634,0.027,catalog,2205689073.6312966,12772515.514833407,Selsis,-0.49571722310176447,-0.6876813373322733,log,0.18155721907150288,0.386822263789216,2.2791444946105663e+22,2.2791444946105663e+22
1.91,1.272,catalog,0.18,421.8069811790881,5.3,411.684690240727,0.027,catalog,4836303658.373949,49933060.38042596,Selsis,-0.4910999442840312,-0.7780964612299245,log,0.31285684976699285,0.45014532583905065,2.436299237256299e+22,2.436299237256299e+22
1.91,1.272,catalog,0.18,421.8069811790881,5.3,457.66757447932264,0.027,catalog,4476407682.152826,35384610.643344566,Selsis,-0.429272836761294,-0.7985898739247979,linear,0.33886219132616413,0.6804171052522744,2.809707576862624e+22,2.809707576862624e+22
1.91,1.272,catalog,0.18,421.8069811790881,5.3,254.28845563506616,0.027,catalog,3991206683.74862,21563732.06757569,Jackson,-0.47150223961581533,-0.6777383553479659,log,0.15080664014000097,0.5526867880381681,2.2055197236790297e+22,2.2055197236790297e+22
1.91,1.272,catalog,0.18,421.8069811790881,5.3,688.1328722513904,0.027,catalog,1656348253.7443957,43502161.51730407,Jackson,-0.38229143909763913,-0.6181681288536742,log,0.35851005115467294,0.2323702852952796,2.5916099483440366e+22,2.5916099483440366e+22
1.91,1.272,catalog,0.18,421.8069811790881,5.3,101.67209642477037,0.027,catalog,9629293973.063494,74522969.04717956,Jackson,-0.2840665662755094,-0.7487843050228309,GP,0.18033158599690016,0.8785947847493085,5.2430628552894874e+22,5.2430628552894874e+22
1.91,1.272,catalog,0.18,421.8069811790881,5.3,1581.409015554233,0.027,catalog,1462278471.2030878,99864667.1977663,Selsis,-0.3010685872947133,-0.6814421518816467,log,0.12706691535435927,0.05573504191876533,2.6631148924994775e+22,2.6631148924994775e+22
1.91,1.272,catalog,0.18,421.8069811790881,5.3,170.43313464792772,0.027,catalog,5803291125.55502,85701983.23506342,Jackson,-0.39099907674686135,-0.7709030601389054,log,0.4584930425161349,0.5578298687962954,2.1651632461071883e+22,2.1651632461071883e+22
1.91,1.272,catalog,0.18,421.8069811790881,5.3,384.0003059452762,0.027,catalog,5091475751.620273,97349675.37889728,Selsis,-0.4032857477622996,-0.7338233860947455,GP,0.24997465824049248,0.39723745101504737,3.0648937773004067e+22,3.0648937773004067e+22
1.91,1.272,catalog,0.18,421.8069811790881,5.3,888.3242566168271,0.027,catalog,2792256080.643102,30107556.922732204,Selsis,-0.3020784764812747,-0.7765578845803426,GP,0.10882052784782636,0.7915924655740333,4.987092235667761e+22,4.987092235667761e+22
1.91,1.272,catalog,0.18,421.8069811790881,5.3,179.09868881343448,0.027,catalog,9152020616.549715,69871409.41027898,Selsis,-0.36296591579155607,-0.7470359974599928,linear,0.10999257016455485,0.9944816503827034,3.854586622844125e+22,3.854586622844125e+22
1.91,1.272,catalog,0.18,421.8069811790881,5.3,456.84207758852546,0.027,catalog,2360728489.169618,79348023.44521137,Jackson,-0.33406834339093283,-0.6680164505022851,GP,0.4227479084360826,0.5902877373320697,3.3483801976195942e+22,3.3483801976195942e+22
1.91,1.272,catalog,0.18,421.8069811790881,5.3,161.7523563441309,0.027,catalog,6100904584.322222,25024595.48232362,Jackson,-0.381409200896357,-0.7647159223714495,linear,0.10734273764384623,0.4193518323309804,2.5456162416822434e+22,2.5456162416822434e+22
1.91,1.272,catalog,0.18,421.8069811790881,5.3,221.47475885942052,0.027,catalog,7742957003.273554,63441020.215059936,Selsis,-0.45086529038001855,-0.657923300602534,log,0.18343312637356093,0.5032511048754676,3.0535330214199698e+22,3.0535330214199698e+22
1.91,1.272,catalog,0.18,421.8069811790881,5.3,485.47770787492396,0.027,catalog,2238430832.632886,15327274.557955751,Jackson,-0.42422047581084493,-0.7352614857827305,log,0.09402113762247405,0.4862726834717269,2.289491132808095e+22,2.289491132808095e+22
1.91,1.272,catalog,0.18,421.8069811790881,5.3,280.69446552926297,0.027,catalog,6449145645.866138,94777026.08258776,Selsis,-0.2934973678562515,-0.634441268132524,GP,0.24390260212150275,0.7336759804319144,8.033177949149617e+22,8.033177949149617e+22
1.91,1.272,catalog,0.18,421.8069811790881,5.3,1004.4705058791501,0.027,catalog,2563808454.8498716,94834611.53510134,Selsis,-0.38201805279674755,-0.7202630822532038,log,0.17082870014562354,0.005453915838528611,2.8202432705301534e+22,2.8202432705301534e+22
1.91,1.272,catalog,0.18,421.8069811790881,5.3,915.8443904475133,0.027,catalog,2733553311.105316,16481491.388574306,Selsis,-0.42384307886194394,-0.6627265787625937,GP,0.13192952876096367,0.8256860620540055,2.993059160698174e+22,2.993059160698174e+22
1.91,1.272,catalog,0.18,421.8069811790881,5.3,299.41163065128563,0.027,catalog,6139679947.840321,69635675.25400518,Selsis,-0.4979271514891172,-0.7010639000268887,linear,0.28245479807134505,0.48700429079086505,2.557471213771665e+22,2.557471213771665e+22
1.91,1.272,catalog,0.18,421.8069811790881,5.3,765.6810121843745,0.027,catalog,3098286358.164903,97628748.46250874,Selsis,-0.41417961300229117,-0.7197975763543124,GP,0.08121777434993918,0.5116453452539582,2.8528139103622817e+22,2.8528139103622817e+22
1.91,1.272,catalog,0.18,421.8069811790881,5.3,250.70627797363585,0.027,catalog,4043579506.1988173,8256393.6953148395,Jackson,-0.433713355391353,-0.783380838315322,log,0.35749503146730277,0.833658941026667,2.342154125133974e+22,2.342154125133974e+22
1.91,1.272,catalog,0.18,421.8069811790881,5.3,241.2216981672421,0.027,catalog,4189777084.700197,79099518.92809196,Jackson,-0.4083684510378279,-0.7501729232488431,linear,0.058554357550473043,0.02954689555126566,1.816342510609894e+22,1.816342510609894e+22
1.91,1.272,catalog,0.18,421.8069811790881,5.3,105.41380707145812,0.027,catalog,9285398625.122993,50937821.334610336,Jackson,-0.39302155716170417,-0.6657735468628221,GP,0.06918922556573287,0.9233516456911707,2.550710637874575e+22,2.550710637874575e+22
1.91,1.272,catalog,0.18,421.8069811790881,5.3,142.6311544557298,0.027,catalog,6888621577.978951,34398365.775246724,Jackson,-0.35941614648889064,-0.7035859910471133,GP,0.1789992235482947,0.059892073225255804,2.4119289018388343e+22,2.4119289018388343e+22
1.91,1.272,catalog,0.18,421.8069811790881,5.3,401.64709241961805,0.027,catalog,2644230744.3932924,35866223.76716753,Jackson,-0.2979541245335772,-0.6208443457250663,log,0.14893994654762682,0.40498464677597124,4.776334872115703e+22,4.776334872115703e+22
1.91,1.272,catalog,0.18,421.8069811790881,5.3,590.3753252862947,0.027,catalog,1889030815.8474975,36833017.046585105,Jackson,-0.37520294767522844,-0.650324880218963,linear,0.13793868324921346,0.9164280248379488,2.852946191992634e+22,2.852946191992634e+22
1.91,1.272,catalog,0.18,421.8069811790881,5.3,1069.9395467519919,0.027,catalog,1141758354.5409415,19690822.93642557,Jackson,-0.3055684394014508,-0.7964829764326015,linear,0.4803221324955001,0.9045302017027886,3.4475495457458215e+22,3.4475495457458215e+22
1.91,1.272,catalog,0.18,421.8069811790881,5.3,323.91901164802704,0.027,catalog,3203308930.6379986,3775095.704639881,Jackson,-0.2836846504870767,-0.6767384795739536,linear,0.09218675270352159,0.3162075070438505,5.082280087348346e+22,5.082280087348346e+22
1.91,1.272,catalog,0.18,421.8069811790881,5.3,107.06129992584148,0.027,catalog,9142050295.356281,55400535.277458735,Jackson,-0.4907587190901167,-0.7973957749218065,linear,0.21627436286942292,0.06677982041007025,1.6553584318529933e+22,1.6553584318529933e+22
1.91,1.272,catalog,0.18,421.8069811790881,5.3,490.56274174808175,0.027,catalog,4256469755.2873907,50295665.167638816,Selsis,-0.4874340703681101,-0.6092000232284731,linear,0.19043473460113472,0.6054510386856908,3.5229229018162332e+22,3.5229229018162332e+22
1.91,1.272,catalog,0.18,421.8069811790881,5.3,673.2574754461338,0.027,catalog,3392725439.5343103,71208094.56540015,Selsis,-0.29575217312541,-0.7008123990191608,log,0.08608871931360355,0.7321539804081564,5.773994404409974e+22,5.773994404409974e+22
1.91,1.272,catalog,0.18,421.8069811790881,5.3,203.6066753452791,0.027,catalog,4904667232.372912,40549068.948868684,Jackson,-0.48461587383637267,-0.6900605191256506,GP,0.18358396715370762,0.9050044208791408,2.014112665657548e+22,2.014112665657548e+22
1.91,1.272,catalog,0.18,421.8069811790881,5.3,321.2749708219859,0.027,catalog,3227006043.712365,88468655.68608163,Jackson,-0.45823260133143023,-0.7342541110231079,linear,0.4903831804984016,0.034913379625618246,1.6524922607448875e+22,1.6524922607448875e+22
1.91,1.272,catalog,0.18,421.8069811790881,5.3,531.5879559884246,0.027,catalog,4016621488.8112793,73553430.34120303,Selsis,-0.4679666858171557,-0.7350588359584849,log,0.07406256185504699,0.2943132908969355,2.5591838528068603e+22,2.5591838528068603e+22
1.91,1.272,catalog,0.18,421.8069811790881,5.3,198.0060656350464,0.027,catalog,5034731716.018132,64710915.01946532,Jackson,-0.3768422308965128,-0.6549825656922716,GP,0.07555223819170857,0.7997460901252637,2.7286002940196344e+22,2.7286002940196344e+22
1.91,1.272,catalog,0.18,421.8069811790881,5.3,225.53377367797435,0.027,catalog,7634182499.379681,48505234.11169507,Selsis,-0.3869908672981715,-0.7126332545993977,linear,0.09479342242354878,0.7997798302714728,3.50121108074703e+22,3.50121108074703e+22
1.91,1.272,catalog,0.18,421.8069811790881,5.3,282.0839500843118,0.027,catalog,3630013824.1462064,16198918.908456061,Jackson,-0.4752913586894363,-0.783991412873966,log,0.17342478294950747,0.577849950031858,2.052684867684899e+22,2.052684867684899e+22
