pl_mass,pl_radius,mass_source,st_mass,pl_teff,pl_insol,pl_XUV_flux,pl_orbsmax,orbit_source,st_age,pl_form_yr,x-ray-model,euv_gamma1,euv_gamma2,co2_fit,ch4_eta,N2O2_frac,C_loss,atmospheric_loss
2.735936184210527,1.32,radius relation,0.12,395.34442864346187,4.09,1048.3868303354484,0.01875,catalog,2006154278.8951364,69723158.93354215,Jackson,-0.3939641628284826,-0.613798767152705,log,0.2282709004460841,0.7948233743425376,3.748292601588118e+21,1.3743739539156432e+22
2.735936184210527,1.32,radius relation,0.12,395.34442864346187,4.09,1329.0800757469306,0.01875,catalog,2747656204.5143623,69553661.47623111,Selsis,-0.38671554000603986,-0.6981557935445923,linear,0.32688040783483513,0.8108769861534058,1.948665066176907e+22,7.145105242648658e+22
2.735936184210527,1.32,radius relation,0.12,395.34442864346187,4.09,1329.0800757469306,0.01875,catalog,2712312526.025587,1153497.4232820433,Selsis,-0.33417880780153036,-0.6124960283550258,GP,0.05405953589658859,0.2225546089227507,3.7702218426313935e+21,1.382414675631511e+22
2.735936184210527,1.32,radius relation,0.12,395.34442864346187,4.09,364.12871124225666,0.01875,catalog,5009852894.533381,56645004.91396374,Jackson,-0.36102873093392623,-0.6036775500985228,GP,0.08974536027859756,0.6098291212248571,6.920625863435259e+21,2.5375628165929283e+22
2.735936184210527,1.32,radius relation,0.12,395.34442864346187,4.09,312.826665332381,0.01875,catalog,5745631019.475504,7268272.136630169,Jackson,-0.3876438577080641,-0.618020839909548,GP,0.2035580979168891,0.9711505683235814,7.759258823069299e+21,2.845061568458743e+22
2.735936184210527,1.32,radius relation,0.12,395.34442864346187,4.09,241.0673494975731,0.01875,catalog,7297346541.218161,91063987.79667895,Jackson,-0.3895546875852432,-0.7125568977278388,log,0.09548338414373209,0.8935935372342618,4.753138685958932e+21,1.7428175181849416e+22
2.735936184210527,1.32,radius relation,0.12,395.34442864346187,4.09,1329.0800757469299,0.01875,catalog,2255704900.828916,74092132.35346752,Selsis,-0.2933051487770011,-0.7498826887983966,linear,0.2236982258488273,0.0355751796148821,2.632040654237868e+22,9.650815732205515e+22
2.735936184210527,1.32,radius relation,0.12,395.34442864346187,4.09,382.430873011896,0.01875,catalog,4794614603.160701,73733884.88569157,Jackson,-0.43480065954155706,-0.6496327067673743,GP,0.2081367937937273,0.8496622044257056,5.304200660623928e+21,1.9448735755621066e+22
2.735936184210527,1.32,radius relation,0.12,395.34442864346187,4.09,470.1886691232039,0.01875,catalog,3991773374.2478848,74281853.86871609,Jackson,-0.45812914840880187,-0.7474691054920396,log,0.16027992285307877,0.876125714549704,3.648056363652972e+21,1.3376206666727562e+22
2.735936184210527,1.32,radius relation,0.12,395.34442864346187,4.09,1062.9127968502103,0.01875,catalog,4084160831.458349,19355712.711449657,Selsis,-0.43093613196636493,-0.7293508713501431,log,0.30356096297708135,0.27170667597662246,2.797418717262992e+21,1.0257201963297636e+22
2.735936184210527,1.32,radius relation,0.12,395.34442864346187,4.09,1329.0800757469299,0.01875,catalog,2180149330.620935,11501408.485678962,Selsis,-0.32674648593539884,-0.6925904685723213,linear,0.058866885929201765,0.9686023275492947,2.2897189326897587e+22,8.395636086529115e+22
2.735936184210527,1.32,radius relation,0.12,395.34442864346187,4.09,799.280426925423,0.01875,catalog,5005616709.924493,45425542.96573978,Selsis,-0.43444584397513064,-0.6276238668392627,GP,0.06403651203930934,0.4285185274177279,3.7284161517951464e+21,1.367085922324887e+22
2.735936184210527,1.32,radius relation,0.12,395.34442864346187,4.09,401.89566513471885,0.01875,catalog,4586892544.335411,70242868.25040027,Jackson,-0.35675940558967245,-0.7039797886253677,log,0.06743796492182513,0.749146365169708,4.943679394309992e+21,1.8126824445803305e+22
2.735936184210527,1.32,radius relation,0.12,395.34442864346187,4.09,393.38829258140555,0.01875,catalog,8436221969.338892,99299272.02707061,Selsis,-0.4165578581699323,-0.7842865738184952,linear,0.47431072111171685,0.04141750814958256,3.706225192409676e+22,1.3589492372168811e+23
2.735936184210527,1.32,radius relation,0.12,395.34442864346187,4.09,947.2544974991614,0.01875,catalog,4432373818.910681,28572717.538767677,Selsis,-0.412349823470862,-0.6840235550651278,linear,0.09431184291573745,0.16330901141395382,2.9280152613865975e+22,1.0736055958417523e+23
2.735936184210527,1.32,radius relation,0.12,395.34442864346187,4.09,775.311676821529,0.01875,catalog,5116605474.399098,90945287.16395634,Selsis,-0.3364748248945585,-0.7844723859991337,linear,0.12380182176067983,0.41033087653204714,4.002829801205859e+22,1.4677042604421482e+23
2.735936184210527,1.32,radius relation,0.12,395.34442864346187,4.09,1329.0800757469299,0.01875,catalog,2909632842.707918,8610090.649802731,Selsis,-0.4589287978975766,-0.7525239617021477,log,0.09309374871501756,0.0981685185489779,1.9907675495175587e+21,7.299481014897715e+21
2.735936184210527,1.32,radius relation,0.12,395.34442864346187,4.09,1166.1875564025556,0.01875,catalog,1835447900.426838,30787631.264610775,Jackson,-0.3642086436571491,-0.7778095777398902,GP,0.27313963106646677,0.5893183674013437,4.784017259610914e+21,1.7541396618573351e+22
2.735936184210527,1.32,radius relation,0.12,395.34442864346187,4.09,343.8701686059977,0.01875,catalog,9342286800.690195,41665330.00123403,Selsis,-0.37453868735491763,-0.6840529384652444,log,0.09205200940803149,0.2589200857668418,5.333762871792921e+21,1.9557130529907377e+22
2.735936184210527,1.32,radius relation,0.12,395.34442864346187,4.09,938.6631713841756,0.01875,catalog,4461249816.3428335,36021433.98861905,Selsis,-0.32262571359625736,-0.7507684520977922,GP,0.18467490821015664,0.2843248902794002,4.820596353579733e+21,1.7675519963125686e+22
2.735936184210527,1.32,radius relation,0.12,395.34442864346187,4.09,1170.963308755069,0.01875,catalog,3814298336.533885,83501929.356312,Selsis,-0.2990379726997964,-0.6769044050585217,GP,0.06441719592338545,0.6698867127844641,5.131563494753976e+21,1.881573281409791e+22
2.735936184210527,1.32,radius relation,0.12,395.34442864346187,4.09,128.40814788787387,0.01875,catalog,13317601123.3712,44229477.20927567,Jackson,-0.4685424713172375,-0.667614676441956,log,0.32543761894301965,0.5009407115677861,5.055883187375622e+21,1.8538238353710615e+22
2.735936184210527,1.32,radius relation,0.12,395.34442864346187,4.09,1329.0800757469299,0.01875,catalog,2658726334.626659,77083496.22947603,Selsis,-0.44341340931222156,-0.7048884060174693,GP,0.4504827094449125,0.21722609111181557,1.7447911669339104e+21,6.397567612091005e+21
2.735936184210527,1.32,radius relation,0.12,395.34442864346187,4.09,782.0688723371811,0.01875,catalog,5084703100.474679,88486334.20147264,Selsis,-0.46871911135302724,-0.7996116095106175,linear,0.113307798991078,0.21102866405352216,2.580362137766854e+22,9.461327838478465e+22
2.735936184210527,1.32,radius relation,0.12,395.34442864346187,4.09,888.0688413070376,0.01875,catalog,2306821063.0881667,51110972.10589806,Jackson,-0.28034278257622836,-0.7938493564242566,linear,0.06266725163192712,0.3309617597855301,6.109501364582819e+22,2.2401505003470334e+23
2.735936184210527,1.32,radius relation,0.12,395.34442864346187,4.09,583.5692523572774,0.01875,catalog,3304947404.863164,39028053.01674136,Jackson,-0.3661445207203753,-0.7036271057919473,log,0.11177004254011821,0.3174152478560154,4.63794225808339e+21,1.7005788279639097e+22
2.735936184210527,1.32,radius relation,0.12,395.34442864346187,4.09,1329.0800757469306,0.01875,catalog,2823105100.968038,1230143.4624712986,Selsis,-0.293548500896352,-0.7579868419231811,linear,0.0729039806719056,0.9249152397362056,3.7299751894041538e+22,1.3676575694481897e+23
2.735936184210527,1.32,radius relation,0.12,395.34442864346187,4.09,308.19889231348213,0.01875,catalog,5823938856.686012,73188281.91688246,Jackson,-0.28803010820937464,-0.7035288065406987,GP,0.3882112974936767,0.7471305921645198,9.493718584035576e+21,3.481030147479711e+22
2.735936184210527,1.32,radius relation,0.12,395.34442864346187,4.09,539.7745610755961,0.01875,catalog,3537025805.7785354,96270400.7775826,Jackson,-0.30106202446327596,-0.6846611371423753,log,0.4607318990030227,0.2687260221259484,6.018480471343237e+21,2.2067761728258535e+22
2.735936184210527,1.32,radius relation,0.12,395.34442864346187,4.09,1329.0800757469306,0.01875,catalog,2746378982.6291914,24588881.814338222,Selsis,-0.44138467751431054,-0.7067237919128007,log,0.09881303618599976,0.9482705690350742,1.9398433181744562e+21,7.112758833306339e+21
2.735936184210527,1.32,radius relation,0.12,395.34442864346187,4.09,1329.0800757469299,0.01875,catalog,2397172367.8233504,93683170.37939231,Selsis,-0.38854611567123537,-0.6924427767515956,log,0.2873032294544339,0.9160365174313035,1.8270765358779392e+21,6.699280631552443e+21
2.735936184210527,1.32,radius relation,0.12,395.34442864346187,4.09,495.2750067655986,0.01875,catalog,7100798782.362456,98122592.72453396,Selsis,-0.4486248714259129,-0.6067411119860008,GP,0.2900837029695422,0.8562468733108034,4.911665443312032e+21,1.8009439958810782e+22
2.735936184210527,1.32,radius relation,0.12,395.34442864346187,4.09,1329.0800757469306,0.01875,catalog,2382591104.7120285,66603150.52492145,Selsis,-0.405304509640722,-0.6735508645474536,GP,0.2997055925541826,0.731751742641773,1.8412446629467862e+21,6.751230430804882e+21
2.735936184210527,1.32,radius relation,0.12,395.34442864346187,4.09,1317.687024356872,0.01875,catalog,3505991633.256971,64032643.57168641,Selsis,-0.4062830282869622,-0.7606730316756515,log,0.06175332593554502,0.7695149302773563,2.45984756755096e+21,9.019441081020186e+21
2.735936184210527,1.32,radius relation,0.12,395.34442864346187,4.09,1327.1514140694924,0.01875,catalog,3186827485.4225936,84156988.19154218,Selsis,-0.29891533945802806,-0.7675829935242281,log,0.3530621379707684,0.4738910520251297,3.8462382805042735e+21,1.4102873695182335e+22
2.735936184210527,1.32,radius relation,0.12,395.34442864346187,4.09,1234.9349348162618,0.01875,catalog,3674251526.6335635,97400649.88561842,Selsis,-0.3471161302684198,-0.6097704913344935,linear,0.13796746330966542,0.2933760692897003,3.4077607227241213e+22,1.2495122649988445e+23
2.735936184210527,1.32,radius relation,0.12,395.34442864346187,4.09,764.3041826453849,0.01875,catalog,5169649018.223597,62767744.321802676,Selsis,-0.3368395858933146,-0.6039061168867687,GP,0.33176003844023966,0.5239290030106375,5.645979624294808e+21,2.070192528908096e+22
2.735936184210527,1.32,radius relation,0.12,395.34442864346187,4.09,455.97400623003966,0.01875,catalog,7551474435.259529,3230742.10115339,Selsis,-0.33720591205693606,-0.7083428349133305,GP,0.10796638566129962,0.761618916732303,6.51332852527687e+21,2.3882204592681855e+22
2.735936184210527,1.32,radius relation,0.12,395.34442864346187,4.09,1329.0800757469299,0.01875,catalog,1732363760.851312,76252805.6204707,Selsis,-0.3797357043152123,-0.6276921224957094,linear,0.41333252938937326,0.3807748120072829,1.3980609370345697e+22,5.1262234357934225e+22
2.735936184210527,1.32,radius relation,0.12,395.34442864346187,4.09,328.53738348486047,0.01875,catalog,5496133444.640594,30604757.969875395,Jackson,-0.4240410881917344,-0.6725428878327413,linear,0.08339146461381615,0.32770043381092606,4.4301427930739e+22,1.624385690793763e+23
2.735936184210527,1.32,radius relation,0.12,395.34442864346187,4.09,1302.2980287569792,0.01875,catalog,1674694960.010484,51413824.873158164,Jackson,-0.31547511961452435,-0.7911705097278197,linear,0.07593540724511381,0.14995099793905098,4.2467852937395775e+22,1.5571546077045117e+23
2.735936184210527,1.32,radius relation,0.12,395.34442864346187,4.09,1395.895840106724,0.01875,catalog,409594690.045371,62760141.14914084,Selsis,-0.4236255522247283,-0.6453903064445494,log,0.05141659139235693,0.7643382167122236,3.609864709774475e+20,1.323617060250641e+21
2.735936184210527,1.32,radius relation,0.12,395.34442864346187,4.09,5426.796996300571,0.01875,catalog,533146817.3801913,37583547.058332615,Jackson,-0.38539365735307685,-0.7261243265872181,GP,0.09695384090209085,0.6635611921318206,2.585804324489427e+21,9.481282523127899e+21
2.735936184210527,1.32,radius relation,0.12,395.34442864346187,4.09,407.5216500766249,0.01875,catalog,8214809620.788648,12747065.73549356,Selsis,-0.4666310804064611,-0.6845234408927448,GP,0.13284516474352512,0.5433017063239262,4.872043517133693e+21,1.786415956282354e+22
2.735936184210527,1.32,radius relation,0.12,395.34442864346187,4.09,254.00884692638314,0.01875,catalog,6952595335.690125,54670590.25944188,Jackson,-0.3696857125586624,-0.6219479477656977,log,0.2923970765841474,0.30750000940081834,5.899819515791169e+21,2.163267155790095e+22
2.735936184210527,1.32,radius relation,0.12,395.34442864346187,4.09,684.7181071670246,0.01875,catalog,2878989354.9910364,48229677.10094208,Jackson,-0.39657551245274975,-0.694647912148264,linear,0.05794251408398504,0.5543344087059647,3.7549590287635356e+22,1.3768183105466297e+23
2.735936184210527,1.32,radius relation,0.12,395.34442864346187,4.09,836.2280150409407,0.01875,catalog,4845664667.1149435,97697923.67819534,Selsis,-0.3067186873986046,-0.6828750351202916,linear,0.08402891471096072,0.05395360174562014,4.870502967526481e+22,1.785851088093043e+23
2.735936184210527,1.32,radius relation,0.12,395.34442864346187,4.09,1329.0800757469306,0.01875,catalog,1976054489.7291365,8773042.858706286,Selsis,-0.43337636623402265,-0.6384721377349717,log,0.19901469379756898,0.151773469794797,1.6885653222353642e+21,6.191406181529668e+21
2.735936184210527,1.32,radius relation,0.12,395.34442864346187,4.09,306.7187505677115,0.01875,catalog,5849480582.828673,86984495.32409693,Jackson,-0.43309692334722294,-0.6387624542196746,linear,0.29240871784100336,0.29613047084427657,4.191290395871789e+22,1.5368064784863227e+23
2.735936184210527,1.32,radius relation,0.12,395.34442864346187,4.09,129.32132189675613,0.01875,catalog,13224985198.131063,49934954.395786494,Jackson,-0.4726676397325877,-0.6742084311508175,linear,0.24493465804256814,0.09851613453973362,4.6569810331298634e+22,1.7075597121476167e+23
2.735936184210527,1.32,radius relation,0.12,395.34442864346187,4.09,338.58219003985505,0.01875,catalog,9453358425.788786,21813509.133110948,Selsis,-0.39394916388317525,-0.79245500665004,linear,0.29285904188224243,0.029518251479645596,4.311531811974421e+22,1.5808949977239542e+23
2.735936184210527,1.32,radius relation,0.12,395.34442864346187,4.09,864.1222308585087,0.01875,catalog,4732990180.873056,30169971.493692808,Selsis,-0.3314003875393627,-0.6251368761008845,linear,0.2990552348338072,0.22598013277296436,4.5827063727750986e+22,1.680325670017536e+23
2.735936184210527,1.32,radius relation,0.12,395.34442864346187,4.09,1322.7091993325037,0.01875,catalog,3332543376.4406714,1852266.504931775,Selsis,-0.3576193039069223,-0.6751449374770054,linear,0.07335415835321936,0.8817513047220252,3.0000264158830194e+22,1.1000096858237738e+23
2.735936184210527,1.32,radius relation,0.12,395.34442864346187,4.09,1329.0800757469299,0.01875,catalog,2902296542.8353047,54617555.22920585,Selsis,-0.4804544498773587,-0.6910347346495819,log,0.09630501541710533,0.006294376463906071,1.8930171480637938e+21,6.94106287623391e+21
2.735936184210527,1.32,radius relation,0.12,395.34442864346187,4.09,1329.0800757469299,0.01875,catalog,2475184406.7246733,92420917.4325958,Selsis,-0.43394033505044866,-0.630309875521365,GP,0.39564733833215127,0.8007946136348355,1.8979709352457273e+21,6.959226762567667e+21
2.735936184210527,1.32,radius relation,0.12,395.34442864346187,4.09,1363.0511519733357,0.01875,catalog,1612727434.4794326,75440845.57051353,Jackson,-0.42848812664084424,-0.724674847724241,linear,0.2675588777113002,0.569919961969117,2.719797196488287e+22,9.972589720457052e+22
2.735936184210527,1.32,radius relation,0.12,395.34442864346187,4.09,860.4967158805224,0.01875,catalog,2369219574.5011916,29780808.682687946,Jackson,-0.3678386654125307,-0.7802862350527772,GP,0.45712191428414767,0.04907479672310866,5.062254517616726e+21,1.8561599897927995e+22
2.735936184210527,1.32,radius relation,0.12,395.34442864346187,4.09,461.30907518272016,0.01875,catalog,4059398260.378994,36022714.05361988,Jackson,-0.3265460697059687,-0.7486804036427693,linear,0.4653242357781915,0.4185349760806657,5.465464839243473e+22,2.0040037743892734e+23
2.735936184210527,1.32,radius relation,0.12,395.34442864346187,4.09,749.24572596028,0.01875,catalog,2665278721.1378436,30390128.416066803,Jackson,-0.2814508638868344,-0.6174926170592197,GP,0.05037437629278182,0.633456867830261,9.47530599729098e+21,3.474278865673359e+22
2.735936184210527,1.32,radius relation,0.12,395.34442864346187,4.09,721.7085917089005,0.01875,catalog,5388439201.947631,13474744.200763673,Selsis,-0.443904207828094,-0.641925832624556,GP,0.1960136039100925,0.08111527875240221,3.87879530496774e+21,1.4222249451548379e+22
2.735936184210527,1.32,radius relation,0.12,395.34442864346187,4.09,633.5349177047518,0.01875,catalog,5923917026.55621,16694241.948708545,Selsis,-0.4574364539972357,-0.7019652139290069,log,0.3142050758016373,0.10760945075302253,3.460408141536125e+21,1.2688163185632458e+22
2.735936184210527,1.32,radius relation,0.12,395.34442864346187,4.09,527.8062344183902,0.01875,catalog,3606933755.5524764,71934265.17905267,Jackson,-0.40696223716362484,-0.6357990539633102,linear,0.22308606310893844,0.10785101958527388,3.956456690652731e+22,1.450700786572668e+23
2.735936184210527,1.32,radius relation,0.12,395.34442864346187,4.09,221.11015339928937,0.01875,catalog,7908737189.654079,58670155.017169155,Jackson,-0.35124974151511823,-0.6257112973804562,linear,0.05850176158874741,0.7543062532988792,6.041587793645274e+22,2.2152488576699336e+23
2.735936184210527,1.32,radius relation,0.12,395.34442864346187,4.09,270.1626367838455,0.01875,catalog,6568789525.796328,29555496.733707644,Jackson,-0.34197967853119615,-0.6399956062589338,log,0.24018383575712898,0.08630026160016946,6.579938150615085e+21,2.4126439885588646e+22
2.735936184210527,1.32,radius relation,0.12,395.34442864346187,4.09,1329.0800757469306,0.01875,catalog,1314506751.514862,27009844.54113017,Selsis,-0.31740812008867053,-0.6007654002233419,log,0.1480527341952554,0.625513524654748,1.8348567999520723e+21,6.727808266490932e+21
2.735936184210527,1.32,radius relation,0.12,395.34442864346187,4.09,558.7615459183784,0.01875,catalog,6495210112.713945,72670610.10633977,Selsis,-0.43132393519033396,-0.608173043401741,log,0.18726167269407265,0.29990645789922044,4.4606293017267384e+21,1.635564077299804e+22
2.735936184210527,1.32,radius relation,0.12,395.34442864346187,4.09,520.8727294503317,0.01875,catalog,6840586342.849318,10430350.128715489,Selsis,-0.3149823094622709,-0.6876202722152528,log,0.31130353564655305,0.597848637275405,6.539455853880197e+21,2.397800479756072e+22
2.735936184210527,1.32,radius relation,0.12,395.34442864346187,4.09,1329.0800757469306,0.01875,catalog,2926421576.864618,22463613.424063604,Selsis,-0.35259070671271825,-0.6663855594479687,log,0.07377393642273541,0.024458886162804228,2.847244857074294e+21,1.0439897809272412e+22
2.735936184210527,1.32,radius relation,0.12,395.34442864346187,4.09,516.2351928096592,0.01875,catalog,3677510575.9044566,35940459.69221497,Jackson,-0.49577179029098545,-0.6019548564607826,linear,0.11392226096675724,0.5253963377178326,4.1624447159851075e+22,1.5262297291945392e+23
2.735936184210527,1.32,radius relation,0.12,395.34442864346187,4.09,1988.7291552871427,0.01875,catalog,1183866360.6841547,87645249.27159338,Jackson,-0.28598121440706303,-0.618486996393023,log,0.05619825989691435,0.821013073867816,4.485715797915013e+21,1.6447624592355047e+22
2.735936184210527,1.32,radius relation,0.12,395.34442864346187,4.09,835.4325492289549,0.01875,catalog,2429342452.0055413,81979520.6916285,Jackson,-0.44434517414001756,-0.7037515028674078,linear,0.18658457072263032,0.7786924306054396,3.0385786963569527e+22,1.1141455219975493e+23
2.735936184210527,1.32,radius relation,0.12,395.34442864346187,4.09,182.8829623766807,0.01875,catalog,9458370498.855202,9181107.137609053,Jackson,-0.48337778354722416,-0.7552004123374617,log,0.06124486675209821,0.5323315032569896,4.765668893483744e+21,1.747411927610706e+22
2.735936184210527,1.32,radius relation,0.12,395.34442864346187,4.09,193.99999609865574,0.01875,catalog,8943592902.39294,56039135.561954,Jackson,-0.40249709802127936,-0.7666864371861057,log,0.08934875091281991,0.2120405222536078,4.862452131949724e+21,1.782899115048232e+22
2.735936184210527,1.32,radius relation,0.12,395.34442864346187,4.09,347.24670326767625,0.01875,catalog,5228221034.320532,83811245.62081967,Jackson,-0.3823781722016509,-0.7721108846901529,linear,0.2819318741389729,0.762019273229731,4.139591909013807e+22,1.5178503666383958e+23
2.735936184210527,1.32,radius relation,0.12,395.34442864346187,4.09,1329.0800757469299,0.01875,catalog,890154164.710848,54921339.323080726,Selsis,-0.39711351421503016,-0.7960683431415219,GP,0.06487329093856058,0.5431265231906504,7.158613166841583e+20,2.624824827841914e+21
2.735936184210527,1.32,radius relation,0.12,395.34442864346187,4.09,1329.0800757469306,0.01875,catalog,924730657.2307786,46798761.736385986,Selsis,-0.33105789620180365,-0.6496433958946015,GP,0.1109608085773759,0.2898038567867103,1.177590973240895e+21,4.317833568549948e+21
2.735936184210527,1.32,radius relation,0.12,395.34442864346187,4.09,420.7244393009217,0.01875,catalog,4403934622.478298,89335003.13455127,Jackson,-0.4742898166192234,-0.6934386543105278,linear,0.2821713943934946,0.9284064537216484,3.442868991660809e+22,1.2623852969422966e+23
2.735936184210527,1.32,radius relation,0.12,395.34442864346187,4.09,877.8118522931428,0.01875,catalog,2329597609.427422,73691498.50474131,Jackson,-0.32135405235718945,-0.7091944519335409,linear,0.2946917716012567,0.5322600601341368,4.448587933940005e+22,1.631148909111335e+23
2.735936184210527,1.32,radius relation,0.12,395.34442864346187,4.09,863.3097812526664,0.01875,catalog,4736180451.8613615,51386621.7508395,Selsis,-0.39330092552076007,-0.799731936500962,linear,0.280507173628261,0.9042041404671731,2.9800302754662613e+22,1.0926777676709624e+23
2.735936184210527,1.32,radius relation,0.12,395.34442864346187,4.09,1329.0800757469299,0.01875,catalog,1375433287.1813786,18375226.000399828,Selsis,-0.48300554252670297,-0.7051825139393194,GP,0.198160704238532,0.4303553594302796,1.0386579069696476e+21,3.8084123255553744e+21
2.735936184210527,1.32,radius relation,0.12,395.34442864346187,4.09,145.75425491203055,0.01875,catalog,11764411647.82932,18625786.894609887,Jackson,-0.285460106337055,-0.7970510308557104,linear,0.24871193627713553,0.45355448010080723,9.57198255993157e+22,3.5097269386415756e+23
2.735936184210527,1.32,radius relation,0.12,395.34442864346187,4.09,1739.5028931093968,0.01875,catalog,1320110889.7875671,24440026.085456505,Jackson,-0.3032946472831446,-0.6619950283170248,GP,0.2312297720596795,0.35830212723718624,6.383489683480452e+21,2.3406128839428323e+22
2.735936184210527,1.32,radius relation,0.12,395.34442864346187,4.09,1329.0800757469306,0.01875,catalog,2963046949.3509808,59045351.758866236,Selsis,-0.4300342966995335,-0.6027323414409153,log,0.17592002993377576,0.37920541448863154,2.499828026965009e+21,9.166036098871699e+21
2.735936184210527,1.32,radius relation,0.12,395.34442864346187,4.09,1329.0800757469306,0.01875,catalog,1634704290.6966622,55166192.07867311,Selsis,-0.388901550923546,-0.6219362933974901,linear,0.12202325383270932,0.3414124854461734,1.344222139280492e+22,4.928814510695137e+22
2.735936184210527,1.32,radius relation,0.12,395.34442864346187,4.09,695.167109016525,0.01875,catalog,2841802023.066051,63680819.999519035,Jackson,-0.44641052554517,-0.7613898860869449,log,0.06451493909901664,0.7580366429579221,3.4559598446859214e+21,1.2671852763848378e+22
2.735936184210527,1.32,radius relation,0.12,395.34442864346187,4.09,697.1941674521746,0.01875,catalog,2834711863.4830604,20534445.4251544,Jackson,-0.38838239199427665,-0.6720248559371607,linear,0.33945462984751057,0.2801491899337757,4.205422084089195e+22,1.5419880974993714e+23
2.735936184210527,1.32,radius relation,0.12,395.34442864346187,4.09,399.54423006935644,0.01875,catalog,4610929658.247067,52351797.81284272,Jackson,-0.4452622999075547,-0.7466855901241497,linear,0.15759503160620958,0.22306980285931832,3.7247559196844482e+22,1.365743837217631e+23
2.735936184210527,1.32,radius relation,0.12,395.34442864346187,4.09,476.82893625552936,0.01875,catalog,7303931303.475288,61415604.385835424,Selsis,-0.4185465391464113,-0.6917935135957871,GP,0.3034479115511514,0.8765562967229924,4.5953038644409957e+21,1.6849447502950317e+22
2.735936184210527,1.32,radius relation,0.12,395.34442864346187,4.09,543.9514478503393,0.01875,catalog,6625039699.866081,85905373.04413854,Selsis,-0.43989478022740963,-0.7081687150284897,linear,0.14739281906157264,0.9781364325295389,3.307740392535145e+22,1.2128381439295531e+23
2.735936184210527,1.32,radius relation,0.12,395.34442864346187,4.09,328.6282455007017,0.01875,catalog,5494759330.176163,28278681.074532617,Jackson,-0.4014153954326483,-0.7484809400013448,linear,0.21790978434754107,0.5157154473733512,4.450365566320341e+22,1.6318007076507916e+23
2.735936184210527,1.32,radius relation,0.12,395.34442864346187,4.09,131.1282985925253,0.01875,catalog,13045688537.743174,28534441.29154828,Jackson,-0.485103078719576,-0.6920832859354158,log,0.4791206053447548,0.16287528724899136,4.864031155469281e+21,1.7834780903387364e+22
2.735936184210527,1.32,radius relation,0.12,395.34442864346187,4.09,2204.0899883917227,0.01875,catalog,1089360515.610973,99285980.23937267,Jackson,-0.3823567256644455,-0.6644102350188061,log,0.06224207303502678,0.09937513748038718,2.61757573310987e+21,9.597777688069522e+21
2.735936184210527,1.32,radius relation,0.12,395.34442864346187,4.09,281.44143821279994,0.01875,catalog,6326963806.497342,7171079.553338498,Jackson,-0.45163932392008044,-0.6627918689279114,GP,0.09737887562722801,0.6133687892655392,6.740366847604498e+21,2.4714678441216494e+22
2.735936184210527,1.32,radius relation,0.12,395.34442864346187,4.09,1329.0800757469306,0.01875,catalog,1990896558.2625422,49332190.15837638,Selsis,-0.46284560838557,-0.7635223279376214,linear,0.09046816905650164,0.780673428084876,1.1794663277494614e+22,4.324709868414691e+22
2.735936184210527,1.32,radius relation,0.12,395.34442864346187,4.09,428.2218841148335,0.01875,catalog,4335476117.917667,92922681.61553504,Jackson,-0.4231030434961966,-0.7959061312858599,log,0.3921147153911202,0.7145874546013242,3.7574802139284573e+21,1.377742745107101e+22
2.735936184210527,1.32,radius relation,0.12,395.34442864346187,4.09,543.9542197530658,0.01875,catalog,6625014804.462452,55403087.35518985,Selsis,-0.3398941765607305,-0.6407896262327673,log,0.06647335043935322,0.8952897848649136,5.655365273939989e+21,2.0736339337779958e+22
2.735936184210527,1.32,radius relation,0.12,395.34442864346187,4.09,831.5016952777019,0.01875,catalog,4865419994.185572,58438509.79470427,Selsis,-0.4216981246162196,-0.6679967802212653,log,0.3451745632304267,0.4152469153570938,3.335717312080997e+21,1.2230963477630322e+22
2.735936184210527,1.32,radius relation,0.12,395.34442864346187,4.09,1455.4475696962393,0.01875,catalog,1527822650.36101,27560002.34064465,Jackson,-0.3341142104378913,-0.7091797995524026,linear,0.0635977001491099,0.9391416251897927,4.053317225923517e+22,1.4862163161719564e+23
2.735936184210527,1.32,radius relation,0.12,395.34442864346187,4.09,1329.0800757469306,0.01875,catalog,1971388396.373515,73714177.07023384,Selsis,-0.28466169498362714,-0.673255885962078,GP,0.4798183748750662,0.6826197037975443,3.0857032950269304e+21,1.1314245415098745e+22
2.735936184210527,1.32,radius relation,0.12,395.34442864346187,4.09,442.29877180723275,0.01875,catalog,7725271361.538461,96218433.40974994,Selsis,-0.2923420459108202,-0.6228878859727861,GP,0.069766112856581,0.7473548644533735,8.949081272806315e+21,3.281329800028982e+22
2.735936184210527,1.32,radius relation,0.12,395.34442864346187,4.09,401.87554198748813,0.01875,catalog,8301554329.411372,47104514.82823606,Selsis,-0.4513869783943296,-0.7269708432462761,log,0.054473960117929966,0.6368096637635265,3.8860898204851875e+21,1.4248996008445688e+22
2.735936184210527,1.32,radius relation,0.12,395.34442864346187,4.09,304.29192046848294,0.01875,catalog,5891893411.167817,86701786.6447485,Jackson,-0.2952771060502668,-0.7106976176010682,linear,0.411158182862645,0.08183529538033141,6.843253168510651e+22,2.509192828453905e+23
2.735936184210527,1.32,radius relation,0.12,395.34442864346187,4.09,1329.0800757469306,0.01875,catalog,2583850562.4248405,4436857.373856874,Selsis,-0.31002829814783767,-0.695500197141629,linear,0.42442944729508847,0.8761070253205554,3.044636544512382e+22,1.1163667329878734e+23
2.735936184210527,1.32,radius relation,0.12,395.34442864346187,4.09,1329.0800757469299,0.01875,catalog,2506099523.333315,84305054.79681244,Selsis,-0.4937824417846978,-0.6626779148542669,GP,0.1434915964343394,0.26523441418312543,1.6276343757996284e+21,5.967992711265304e+21
2.735936184210527,1.32,radius relation,0.12,395.34442864346187,4.09,1329.0800757469306,0.01875,catalog,958540975.0295765,95819219.1388959,Selsis,-0.28629675761015205,-0.701517739158503,linear,0.20788019768373456,0.09836860778933354,1.1795112736788903e+22,4.324874670155931e+22
2.735936184210527,1.32,radius relation,0.12,395.34442864346187,4.09,1175.5528472966212,0.01875,catalog,3803805936.4637823,85162222.48952948,Selsis,-0.289317478096029,-0.6572372853797323,log,0.07819431784928382,0.9074786892736367,5.162393981089776e+21,1.8928777930662513e+22
2.735936184210527,1.32,radius relation,0.12,395.34442864346187,4.09,562.3256874491213,0.01875,catalog,3413150731.36751,9668256.404142408,Jackson,-0.3367730899088688,-0.7451954906111102,linear,0.4517982261773758,0.2748120424049836,5.434190951592425e+22,1.9925366822505558e+23
2.735936184210527,1.32,radius relation,0.12,395.34442864346187,4.09,1329.0800757469306,0.01875,catalog,2021444329.9965138,63992608.89388399,Selsis,-0.3672385802297738,-0.7756083682623984,log,0.3454421015722377,0.98880388946674,1.6571093946531308e+21,6.076067780394813e+21
2.735936184210527,1.32,radius relation,0.12,395.34442864346187,4.09,839.9314598477474,0.01875,catalog,4830322903.4116535,8374202.895673095,Selsis,-0.2821794251268443,-0.7874163675754776,log,0.38551952526842675,0.8582814320543279,6.676187278334681e+21,2.4479353353893833e+22
2.735936184210527,1.32,radius relation,0.12,395.34442864346187,4.09,1329.0800757469306,0.01875,catalog,2257062933.652884,7706795.629271938,Selsis,-0.45701998000465716,-0.7834276345558109,GP,0.3500484384191235,0.6617946399382706,1.6355440436921064e+21,5.996994826871057e+21
2.735936184210527,1.32,radius relation,0.12,395.34442864346187,4.09,1574.4134040543377,0.01875,catalog,1432311025.775363,8655222.181853976,Jackson,-0.32954057793207375,-0.7956953347347673,GP,0.17912693866925516,0.8890409237737844,5.949698696749399e+21,2.181556188808113e+22
2.735936184210527,1.32,radius relation,0.12,395.34442864346187,4.09,562.5096934789107,0.01875,catalog,3412179562.3322434,15148139.533140553,Jackson,-0.3010593336497474,-0.6036279400884508,GP,0.10741311221860182,0.8148927548539862,9.401440018167143e+21,3.4471946733279523e+22
2.735936184210527,1.32,radius relation,0.12,395.34442864346187,4.09,320.90082445010756,0.01875,catalog,5614379228.4480715,54065510.18449491,Jackson,-0.39002915020166656,-0.6483672052728463,linear,0.4923223419398508,0.6562662435518606,4.706479399848076e+22,1.725709113277628e+23
2.735936184210527,1.32,radius relation,0.12,395.34442864346187,4.09,1076.8642020208172,0.01875,catalog,1961655660.8202715,74916091.21561103,Jackson,-0.43441400908402217,-0.6924252442758543,GP,0.12509347515826627,0.5844762035380401,3.6707475177586253e+21,1.3459407565114959e+22
2.735936184210527,1.32,radius relation,0.12,395.34442864346187,4.09,438.2373488631273,0.01875,catalog,4247606000.300907,17129340.1157256,Jackson,-0.4021380218159381,-0.7475719852278413,linear,0.46855484806727143,0.7386535165311282,4.36512036796406e+22,1.6005441349201553e+23
2.735936184210527,1.32,radius relation,0.12,395.34442864346187,4.09,1329.0800757469306,0.01875,catalog,1437191074.0638914,1656404.6380205073,Selsis,-0.28616097327702933,-0.6539115847913488,linear,0.08554252201794071,0.1894913057924491,2.376568773306902e+22,8.714085502125307e+22
2.735936184210527,1.32,radius relation,0.12,395.34442864346187,4.09,848.712256942902,0.01875,catalog,2397065986.71626,43219566.72104884,Jackson,-0.3366450250511846,-0.6007721542002367,log,0.19874947175368757,0.6605944556920543,5.172196176603257e+21,1.896471931421194e+22
2.735936184210527,1.32,radius relation,0.12,395.34442864346187,4.09,503.0104317656402,0.01875,catalog,7019639619.087889,43116287.219373584,Selsis,-0.3796721349011802,-0.7276777099157454,log,0.17764525980909038,0.058014536830512276,4.425524764790577e+21,1.622692413756545e+22
2.735936184210527,1.32,radius relation,0.12,395.34442864346187,4.09,1329.0800757469299,0.01875,catalog,1806273451.3418753,44375789.92954354,Selsis,-0.4757451716303393,-0.7237322169314395,GP,0.09224913229157525,0.8736039818800443,1.214150485600829e+21,4.4518851138697057e+21
2.735936184210527,1.32,radius relation,0.12,395.34442864346187,4.09,756.3381832409684,0.01875,catalog,5208893021.857837,56170942.44394605,Selsis,-0.347827313857985,-0.6298122294467879,GP,0.09092159837151871,0.7038096020492237,5.031868169698024e+21,1.8450183288892751e+22
2.735936184210527,1.32,radius relation,0.12,395.34442864346187,4.09,1329.2554987408355,0.01875,catalog,855238609.5607917,97197484.09172986,Selsis,-0.4418020789805586,-0.7228039496077325,linear,0.30244848539340125,0.1240664928321007,5.06005571347617e+21,1.855353761607929e+22
2.735936184210527,1.32,radius relation,0.12,395.34442864346187,4.09,484.1750012620828,0.01875,catalog,3890165627.012135,28993009.279900126,Jackson,-0.28246240789395727,-0.6241666956445879,linear,0.1073297363531314,0.9635071394520724,7.88453684563802e+22,2.8909968434006074e+23
2.735936184210527,1.32,radius relation,0.12,395.34442864346187,4.09,1329.0800757469306,0.01875,catalog,2365259166.42604,57446889.503333926,Selsis,-0.38625319014930304,-0.7659477138116264,log,0.23294036943175003,0.960137987244317,1.8032681307266658e+21,6.611983145997775e+21
2.735936184210527,1.32,radius relation,0.12,395.34442864346187,4.09,1329.0800757469299,0.01875,catalog,2197424431.3772306,84470749.55818994,Selsis,-0.3648427207074416,-0.6172676609567209,linear,0.16813553391078212,0.5659717154167927,1.8877089299718807e+22,6.921599409896896e+22
2.735936184210527,1.32,radius relation,0.12,395.34442864346187,4.09,1153.6812111906404,0.01875,catalog,3854465361.8854656,44061711.94712245,Selsis,-0.2801484957229723,-0.7727781219526298,linear,0.07706734479183174,0.0067544214609361886,5.027361097428034e+22,1.8433657357236126e+23
2.735936184210527,1.32,radius relation,0.12,395.34442864346187,4.09,148.9927584771474,0.01875,catalog,11515979364.469545,2473744.1537536555,Jackson,-0.33439395229094254,-0.6529287386534077,linear,0.09556118782012153,0.8659124196190133,8.029281381034454e+22,2.944069839712633e+23
2.735936184210527,1.32,radius relation,0.12,395.34442864346187,4.09,969.4294822082895,0.01875,catalog,2142437539.280696,35828180.09993193,Jackson,-0.39299030225292997,-0.7364712997470027,linear,0.10495091122569071,0.900175807814628,3.534647608704941e+22,1.296037456525145e+23
2.735936184210527,1.32,radius relation,0.12,395.34442864346187,4.09,465.283506811962,0.01875,catalog,4028818570.347629,70649042.27913652,Jackson,-0.37877157229939307,-0.6380236523262466,linear,0.09326437486433947,0.1386268466108701,4.3790218185784464e+22,1.6056413334787635e+23
2.735936184210527,1.32,radius relation,0.12,395.34442864346187,4.09,1329.0800757469306,0.01875,catalog,3093010849.4234796,19491771.67792441,Selsis,-0.3009461138936548,-0.7662098485333066,GP,0.06318673745416287,0.4803800757145106,4.2606911285559013e+21,1.5622534138038304e+22
2.735936184210527,1.32,radius relation,0.12,395.34442864346187,4.09,367.64493898346444,0.01875,catalog,4966862218.275722,66982940.49922835,Jackson,-0.29391498265264404,-0.6730873078769108,linear,0.0509976051824591,0.9317667340535327,6.912874140470579e+22,2.5347205181725456e+23
2.735936184210527,1.32,radius relation,0.12,395.34442864346187,4.09,374.4367786275622,0.01875,catalog,8757012020.17281,6151818.38405861,Selsis,-0.39349496795199074,-0.6986516429101169,GP,0.31534564396229936,0.8439645213597732,5.788748725742365e+21,2.122541199438867e+22
2.735936184210527,1.32,radius relation,0.12,395.34442864346187,4.09,1327.8221976562818,0.01875,catalog,3165428064.0642834,67445541.78980727,Selsis,-0.42353627875371463,-0.7424998911114874,linear,0.09189597629643656,0.9544601968986397,1.9580469561427004e+22,7.179505505856568e+22
2.735936184210527,1.32,radius relation,0.12,395.34442864346187,4.09,210.16829476293387,0.01875,catalog,8293801555.16786,50503039.50075569,Jackson,-0.3280488751477896,-0.7027279593075301,GP,0.39616688792089033,0.711558268838447,8.778412591688917e+21,3.2187512836192693e+22
2.735936184210527,1.32,radius relation,0.12,395.34442864346187,4.09,206.78870856640293,0.01875,catalog,8421089663.758263,70558049.59576036,Jackson,-0.46496228774887455,-0.608044498608385,linear,0.05316134269347978,0.25465394665856067,4.8751847151450016e+22,1.7875677288865005e+23
2.735936184210527,1.32,radius relation,0.12,395.34442864346187,4.09,452.90536683570025,0.01875,catalog,7589642678.979885,3752209.6355460407,Selsis,-0.41253416739131504,-0.6483632842152234,GP,0.30416537124719667,0.7116218917237064,5.353608235421377e+21,1.9629896863211716e+22
2.735936184210527,1.32,radius relation,0.12,395.34442864346187,4.09,982.5159374044388,0.01875,catalog,2118415649.703809,95254597.46430902,Jackson,-0.49528269515615725,-0.788361969500929,linear,0.09950183768587577,0.431642725354491,2.6435148643599018e+22,9.692887835986306e+22
2.735936184210527,1.32,radius relation,0.12,395.34442864346187,4.09,762.3798302068719,0.01875,catalog,5179062250.189736,58439962.17035148,Selsis,-0.31553355790049387,-0.6044964126643193,linear,0.23445133725203562,0.7051865348468921,5.444762542765044e+22,1.9964129323471827e+23
2.735936184210527,1.32,radius relation,0.12,395.34442864346187,4.09,1329.0800757469299,0.01875,catalog,3043524767.2652826,67193649.5660386,Selsis,-0.48928490112152656,-0.6559308650262673,GP,0.24718499682531683,0.47484673610347106,2.0209744227963657e+21,7.410239550253341e+21
2.735936184210527,1.32,radius relation,0.12,395.34442864346187,4.09,1037.653374514481,0.01875,catalog,2023525519.7566388,81723316.43551342,Jackson,-0.37983988052389067,-0.749464270969663,linear,0.08257416910895135,0.8525342908542124,3.20889468381994e+22,1.1765947174006448e+23
2.735936184210527,1.32,radius relation,0.12,395.34442864346187,4.09,533.1231400343627,0.01875,catalog,3575501361.4354415,5881434.276730095,Jackson,-0.28127250016009575,-0.6079871875196481,log,0.07958121034407617,0.6125445525308648,8.985887815191949e+21,3.2948255322370476e+22
2.735936184210527,1.32,radius relation,0.12,395.34442864346187,4.09,1227.8956318118512,0.01875,catalog,3689033597.9750223,16834866.48495717,Selsis,-0.42815219063009224,-0.700924395766665,GP,0.35431700974483366,0.37896628959423373,2.658504459226934e+21,9.747849683832091e+21
2.735936184210527,1.32,radius relation,0.12,395.34442864346187,4.09,824.4240979900977,0.01875,catalog,4895379373.576296,16613092.957877075,Selsis,-0.3232923756334283,-0.6913497391053312,linear,0.08431501702073403,0.2673595685028154,4.612144960532162e+22,1.6911198188617928e+23
2.735936184210527,1.32,radius relation,0.12,395.34442864346187,4.09,1329.0800757469299,0.01875,catalog,2879225907.656378,16583237.795274187,Selsis,-0.47032012664810907,-0.7504157243010819,GP,0.06603180884982354,0.72531454020386,1.9560062146710366e+21,7.172022787127134e+21
2.735936184210527,1.32,radius relation,0.12,395.34442864346187,4.09,1329.0800757469299,0.01875,catalog,1405756334.9414244,9637896.906119008,Selsis,-0.47153122455037366,-0.6007479903167227,GP,0.2444476084079398,0.8778502585655691,1.4207809875208847e+21,5.209530287576577e+21
2.735936184210527,1.32,radius relation,0.12,395.34442864346187,4.09,839.3899443263693,0.01875,catalog,2419622110.2770996,92081819.01293632,Jackson,-0.45019807169655385,-0.7391554701845147,linear,0.08244250335574999,0.9409024349896175,2.911726731718073e+22,1.0676331349632934e+23
2.735936184210527,1.32,radius relation,0.12,395.34442864346187,4.09,562.3777249188311,0.01875,catalog,6464447317.845639,35494988.66987246,Selsis,-0.3235137930740653,-0.671589524927249,log,0.26457291676684946,0.901048245181723,5.95748185408773e+21,2.184410013165501e+22
2.735936184210527,1.32,radius relation,0.12,395.34442864346187,4.09,240.9152715630608,0.01875,catalog,7301619302.776684,12253707.174161183,Jackson,-0.3621665530742207,-0.683333312530087,log,0.14382807939083272,0.02707569418619382,6.188196346599398e+21,2.269005327086446e+22
2.735936184210527,1.32,radius relation,0.12,395.34442864346187,4.09,1329.0800757469306,0.01875,catalog,1038420885.6534978,71517845.18475525,Selsis,-0.3170702932041077,-0.6571849876313086,linear,0.11498339878007421,0.6083112633074503,1.1091008699364824e+22,4.066703189767101e+22
2.735936184210527,1.32,radius relation,0.12,395.34442864346187,4.09,1329.0800757469299,0.01875,catalog,2233801821.4418263,37298390.87567638,Selsis,-0.4371578380638598,-0.7852508542205926,GP,0.05754632673315047,0.7183579217327488,1.5263696072737589e+21,5.596688560003783e+21
2.735936184210527,1.32,radius relation,0.12,395.34442864346187,4.09,2330.612389241135,0.01875,catalog,1041421722.8138572,21348620.45572388,Jackson,-0.4615539190355983,-0.7006885908062275,log,0.09848103864012309,0.21774224086678962,2.8294761884387503e+21,1.0374746024275417e+22
2.735936184210527,1.32,radius relation,0.12,395.34442864346187,4.09,1281.1749878414646,0.01875,catalog,3580703947.615096,92942248.82837863,Selsis,-0.3795944435088509,-0.7539900074915308,log,0.09134488629232658,0.3073465094617891,2.705717045634492e+21,9.920962500659803e+21
2.735936184210527,1.32,radius relation,0.12,395.34442864346187,4.09,1129.4936222273031,0.01875,catalog,1885012080.1049998,84906061.11807185,Jackson,-0.49233943243876904,-0.7755311856389185,GP,0.2786040371291343,0.7226586284825065,3.25009661206744e+21,1.1917020910913946e+22
2.735936184210527,1.32,radius relation,0.12,395.34442864346187,4.09,583.8502470927458,0.01875,catalog,6288870269.239243,59592146.535539754,Selsis,-0.39278321346905487,-0.6948915706569803,GP,0.15816117734878676,0.9343992093508331,4.348807204611616e+21,1.5945626416909258e+22
2.735936184210527,1.32,radius relation,0.12,395.34442864346187,4.09,496.6259383946372,0.01875,catalog,7086460043.316335,50255677.01450455,Selsis,-0.28907971678033534,-0.7093888342489032,linear,0.40889813367575645,0.1960859654128435,7.042403280118588e+22,2.582214536043482e+23
2.735936184210527,1.32,radius relation,0.12,395.34442864346187,4.09,1221.0266100166443,0.01875,catalog,3703602182.1341805,11134007.271992719,Selsis,-0.35728992276163224,-0.7091378623521193,GP,0.060398469828864744,0.7458477059903196,3.5605145920096274e+21,1.3055220170701966e+22
2.735936184210527,1.32,radius relation,0.12,395.34442864346187,4.09,1156.807379719107,0.01875,catalog,3847121393.3287783,48624313.49999359,Selsis,-0.3886619343471801,-0.7239829245475911,GP,0.16200983137910746,0.42573551016639855,2.964554721138832e+21,1.087003397750905e+22
2.735936184210527,1.32,radius relation,0.12,395.34442864346187,4.09,1117.0193360030005,0.01875,catalog,3943281946.968532,41872875.09968185,Selsis,-0.4568404351414699,-0.7375213792190096,log,0.08695271761325425,0.31086492275373345,2.5205465586169487e+21,9.242004048262145e+21
2.735936184210527,1.32,radius relation,0.12,395.34442864346187,4.09,1329.0800757469306,0.01875,catalog,2209322803.078143,50866463.63000763,Selsis,-0.39892117717338155,-0.7942653417601503,log,0.14513497516372068,0.2942626120356796,1.6178020950745167e+21,5.931941015273228e+21
2.735936184210527,1.32,radius relation,0.12,395.34442864346187,4.09,356.90787542327587,0.01875,catalog,5100757318.384195,41091914.10291977,Jackson,-0.37895519279330026,-0.6813605199910074,linear,0.07896385414387679,0.8234353118755056,4.696815189983489e+22,1.7221655696606127e+23
2.735936184210527,1.32,radius relation,0.12,395.34442864346187,4.09,350.2664184867522,0.01875,catalog,5187634309.309653,53655624.61925328,Jackson,-0.38963301268208034,-0.6179100468152576,log,0.10160260253601996,0.05805577586328248,5.207420961256672e+21,1.909387685794113e+22
2.735936184210527,1.32,radius relation,0.12,395.34442864346187,4.09,1244.3456122838404,0.01875,catalog,1739090846.7574594,57450282.32189526,Jackson,-0.3799482116259972,-0.7018405443487198,linear,0.24088001928600375,0.7483487112938896,3.2613574740692565e+22,1.195831073825394e+23
2.735936184210527,1.32,radius relation,0.12,395.34442864346187,4.09,1329.0800757469299,0.01875,catalog,2432406241.1919856,9368494.396683348,Selsis,-0.2873602365727637,-0.741257625570303,linear,0.3306979001075555,0.2606027666510231,3.299202512882798e+22,1.2097075880570258e+23
2.735936184210527,1.32,radius relation,0.12,395.34442864346187,4.09,1243.7602244911395,0.01875,catalog,3655926583.823039,21753503.101443,Selsis,-0.45745069496546803,-0.7383749470088113,linear,0.17970796454023122,0.3162242861748389,2.2121746622887083e+22,8.111307095058597e+22
2.735936184210527,1.32,radius relation,0.12,395.34442864346187,4.09,392.82538754820854,0.01875,catalog,8445341564.13113,46273778.44182593,Selsis,-0.41239395772410564,-0.7478160005042769,linear,0.10415568933894656,0.7123004718203209,3.8996294944571634e+22,1.4298641479676266e+23
2.735936184210527,1.32,radius relation,0.12,395.34442864346187,4.09,1111.0911832481127,0.01875,catalog,1911031176.2966528,90413592.3733607,Jackson,-0.4673287375422718,-0.7122894206626492,log,0.11579963028244347,0.49016583507728073,2.899120994225802e+21,1.0630110312161274e+22
2.735936184210527,1.32,radius relation,0.12,395.34442864346187,4.09,1994.2133264710178,0.01875,catalog,1181225411.1693306,93997694.76444572,Jackson,-0.40943280909952057,-0.7892399630386085,log,0.1636819117620717,0.05771261115638959,2.5072540448333035e+21,9.193264831055446e+21
2.735936184210527,1.32,radius relation,0.12,395.34442864346187,4.09,1329.0800757469306,0.01875,catalog,1886210990.7206783,57173982.66435421,Selsis,-0.4788973052353379,-0.752703975173735,GP,0.17792054894600348,0.7910153673570003,1.217153944064087e+21,4.462897794901652e+21
2.735936184210527,1.32,radius relation,0.12,395.34442864346187,4.09,1009.467790209419,0.01875,catalog,2070804995.913714,57714963.52737078,Jackson,-0.421984809756611,-0.6114205430048781,GP,0.329457379294934,0.4548184019562257,4.384099593651138e+21,1.6075031843387505e+22
2.735936184210527,1.32,radius relation,0.12,395.34442864346187,4.09,927.289632447579,0.01875,catalog,4500204479.621421,53702773.225534335,Selsis,-0.414848370863963,-0.7089759087168647,GP,0.45202376638039915,0.39314788085368135,3.0944292215868747e+21,1.1346240479151874e+22
2.735936184210527,1.32,radius relation,0.12,395.34442864346187,4.09,3387.74536256746,0.01875,catalog,772563573.6914039,29811814.998045538,Jackson,-0.3400063274214292,-0.7906846610146603,GP,0.0793135069949036,0.5537627392241603,3.897788981708427e+21,1.4291892932930898e+22
2.735936184210527,1.32,radius relation,0.12,395.34442864346187,4.09,1335.8869092730333,0.01875,catalog,598619109.3539815,46143479.43203264,Selsis,-0.2989295639080647,-0.7976865957370195,log,0.42037197196532994,0.673216538431884,8.630060389411873e+20,3.1643554761176866e+21
2.735936184210527,1.32,radius relation,0.12,395.34442864346187,4.09,220.18163354359388,0.01875,catalog,7939908941.10052,57420011.77300158,Jackson,-0.3886281527253925,-0.6041584195238464,GP,0.1896509116936649,0.947069306239927,7.761998177231224e+21,2.8460659983181152e+22
2.735936184210527,1.32,radius relation,0.12,395.34442864346187,4.09,1622.1474183804119,0.01875,catalog,1397680823.2823458,86754056.36203367,Jackson,-0.32923838126054317,-0.6438092280620307,linear,0.11357695387744665,0.06439367276652175,3.516997225216821e+22,1.2895656492461677e+23
2.735936184210527,1.32,radius relation,0.12,395.34442864346187,4.09,710.30455908675,0.01875,catalog,2789793487.5877557,35122584.35093831,Jackson,-0.4106626387898769,-0.7470743248457056,GP,0.07712496752197509,0.6743694953413638,4.6652759779498483e+21,1.7106011919149443e+22
2.735936184210527,1.32,radius relation,0.12,395.34442864346187,4.09,709.3843475865312,0.01875,catalog,2792894280.0071435,21663060.176545784,Jackson,-0.43781711679982904,-0.7339192597365545,GP,0.2259286930560029,0.15431752429017997,4.724243564529234e+21,1.7322226403273857e+22
2.735936184210527,1.32,radius relation,0.12,395.34442864346187,4.09,576.5432608679187,0.01875,catalog,6347295854.694264,15710501.319395693,Selsis,-0.46699182195935934,-0.6489106979688727,GP,0.23834559618920725,0.003903803651095439,4.190522238010184e+21,1.536524820603734e+22
2.735936184210527,1.32,radius relation,0.12,395.34442864346187,4.09,397.59987181172124,0.01875,catalog,8368739894.642422,32369394.183323357,Selsis,-0.4132809326758951,-0.6717840947556226,linear,0.3967376074398526,0.8279999717662958,4.219090555282598e+22,1.546999870270286e+23
2.735936184210527,1.32,radius relation,0.12,395.34442864346187,4.09,288.8357127429473,0.01875,catalog,6178665798.154904,51046119.92063019,Jackson,-0.33323345509811103,-0.6680126672181982,linear,0.10605591272136579,0.9530036492101532,5.909258802251513e+22,2.1667282274922213e+23
2.735936184210527,1.32,radius relation,0.12,395.34442864346187,4.09,497.9606032625019,0.01875,catalog,3795461268.135295,98490439.4583035,Jackson,-0.3678931690087076,-0.7252862192848207,GP,0.17255535673392455,0.30683295848548864,5.074408655686399e+21,1.860616507085013e+22
2.735936184210527,1.32,radius relation,0.12,395.34442864346187,4.09,469.69089664772673,0.01875,catalog,3995498280.6204023,20363654.77611692,Jackson,-0.45198932055768026,-0.6324701610660978,GP,0.21819350267824456,0.4603251562663706,5.669094193309869e+21,2.0786678708802853e+22
2.735936184210527,1.32,radius relation,0.12,395.34442864346187,4.09,1325.6594243854756,0.01875,catalog,3234986867.0679955,5837588.734419744,Selsis,-0.3354918015394395,-0.6583884618676199,log,0.299963680531794,0.5883463183612838,3.5607662438093695e+21,1.3056142893967689e+22
2.735936184210527,1.32,radius relation,0.12,395.34442864346187,4.09,284.1613160084957,0.01875,catalog,10815877735.767517,27830360.813636333,Selsis,-0.48049587431693164,-0.6546186881039195,GP,0.3566887608755115,0.6034966451991917,5.768129773342805e+21,2.1149809168923616e+22
2.735936184210527,1.32,radius relation,0.12,395.34442864346187,4.09,327.8541710119078,0.01875,catalog,9688807750.099632,61395351.13795083,Selsis,-0.4656808846068865,-0.7606062849279098,log,0.2724182811455687,0.8336394055488103,3.8956035423999466e+21,1.428387965546647e+22
2.735936184210527,1.32,radius relation,0.12,395.34442864346187,4.09,312.62800121079516,0.01875,catalog,5748945334.959903,95478221.89720051,Jackson,-0.4600738576319286,-0.7392436851747937,log,0.09966846561745153,0.34396646349402216,3.8307312899018295e+21,1.404601472964004e+22
2.735936184210527,1.32,radius relation,0.12,395.34442864346187,4.09,438.15066925702854,0.01875,catalog,7779936640.048844,67921515.75258963,Selsis,-0.34962992500907386,-0.727557270097404,linear,0.15935328798692966,0.608548286389242,4.834182313243962e+22,1.7725335148561194e+23
2.735936184210527,1.32,radius relation,0.12,395.34442864346187,4.09,1069.567936322022,0.01875,catalog,4066156374.853015,78864438.02315244,Selsis,-0.4375294298444543,-0.7390726672420342,GP,0.16985689443568042,0.08730376317564859,2.5954590006564157e+21,9.516683002406857e+21
2.735936184210527,1.32,radius relation,0.12,395.34442864346187,4.09,1066.3581531370537,0.01875,catalog,4074815220.959974,62192697.802709214,Selsis,-0.30594160547189797,-0.7596862909864768,GP,0.476453575593234,0.8222398748490661,4.99585725153797e+21,1.831814325563922e+22
2.735936184210527,1.32,radius relation,0.12,395.34442864346187,4.09,650.8367951030688,0.01875,catalog,5808624545.569441,96376347.12301321,Selsis,-0.4797735132373264,-0.6652306275987658,GP,0.1720572109453599,0.6636427827569679,3.549496124897206e+21,1.301481912462309e+22
2.735936184210527,1.32,radius relation,0.12,395.34442864346187,4.09,1329.0800757469299,0.01875,catalog,2924552623.831454,59162083.841161214,Selsis,-0.2939322360378033,-0.6700300776663943,linear,0.05489298443154485,0.5999244423193583,3.546544090835882e+22,1.3003994999731568e+23
2.735936184210527,1.32,radius relation,0.12,395.34442864346187,4.09,845.6632795815981,0.01875,catalog,4806813931.953599,68122985.57755364,Selsis,-0.49889871521008244,-0.6900376590629186,linear,0.281055284938758,0.05742397627267137,2.6142711352775645e+22,9.58566082935107e+22
2.735936184210527,1.32,radius relation,0.12,395.34442864346187,4.09,1324.5307123396813,0.01875,catalog,3271941708.9634805,98383129.52809514,Selsis,-0.2981858617089425,-0.6773881063000569,GP,0.12387329287922463,0.05002508223654878,4.41901074702668e+21,1.6203039405764493e+22
2.735936184210527,1.32,radius relation,0.12,395.34442864346187,4.09,379.08967073661074,0.01875,catalog,8675535533.463158,56219965.83806191,Selsis,-0.4712689393546118,-0.6054405663602541,linear,0.16452120811717827,0.08430366231394681,4.558963065385367e+22,1.671619790641301e+23
2.735936184210527,1.32,radius relation,0.12,395.34442864346187,4.09,697.2965082319464,0.01875,catalog,2834354949.834588,24450065.544881348,Jackson,-0.4948527636583481,-0.7863090681379842,log,0.2748028463221895,0.23140551267089982,3.628698111562636e+21,1.3305226409062997e+22
2.735936184210527,1.32,radius relation,0.12,395.34442864346187,4.09,886.1016500371918,0.01875,catalog,4648656156.297635,95000715.60798872,Selsis,-0.44088961627504036,-0.6652065905739442,GP,0.4595633832763086,0.4279295687447989,3.089452610864838e+21,1.1327992906504406e+22
2.735936184210527,1.32,radius relation,0.12,395.34442864346187,4.09,1330.2667957518343,0.01875,catalog,776204901.6904451,55563328.00791918,Selsis,-0.4259677071694293,-0.6380525353896268,log,0.31905309676895116,0.43726681337169404,6.570410055294655e+20,2.40915035360804e+21
2.735936184210527,1.32,radius relation,0.12,395.34442864346187,4.09,438.43787360103073,0.01875,catalog,4245886831.9185815,80973101.7950899,Jackson,-0.3382237095790874,-0.7126524307021769,linear,0.09001785424558577,0.1566766308330636,4.820966230950262e+22,1.7676876180150958e+23
2.735936184210527,1.32,radius relation,0.12,395.34442864346187,4.09,610.1879358786862,0.01875,catalog,6088757624.6161585,40854803.57249701,Selsis,-0.30238667976974404,-0.7380871961864669,GP,0.0823242778609916,0.44386817046049776,6.788153406022607e+21,2.4889895822082892e+22
2.735936184210527,1.32,radius relation,0.12,395.34442864346187,4.09,507.80142095806417,0.01875,catalog,6970496681.188927,96103628.36602448,Selsis,-0.41513077542126403,-0.6903016486723605,linear,0.4748088238323533,0.5159724496953291,3.6436485949742815e+22,1.3360044848239031e+23
2.735936184210527,1.32,radius relation,0.12,395.34442864346187,4.09,225.1611490514507,0.01875,catalog,7775780811.1174755,79013961.65176637,Jackson,-0.4447039989910586,-0.6475741022014034,log,0.08168416166624914,0.10007701505144295,4.704353868593131e+21,1.7249297518174814e+22
2.735936184210527,1.32,radius relation,0.12,395.34442864346187,4.09,1276.0906972891662,0.01875,catalog,3590698679.579195,63764781.79152387,Selsis,-0.4383473611569074,-0.6269051107308903,GP,0.0686752126305736,0.12423502254707808,2.801113296815365e+21,1.0270748754989671e+22
2.735936184210527,1.32,radius relation,0.12,395.34442864346187,4.09,1013.7205288095407,0.01875,catalog,4223682524.218912,76793953.33644262,Selsis,-0.3073245916619314,-0.6675455936755519,linear,0.3919625283107971,0.7437879599429675,4.473977971712551e+22,1.6404585896279352e+23
2.735936184210527,1.32,radius relation,0.12,395.34442864346187,4.09,763.5493549361861,0.01875,catalog,2622601828.059757,82102697.10078025,Jackson,-0.48811812182528214,-0.6712748758328508,log,0.13936620133975405,0.9974372555194134,3.2952566004239046e+21,1.2082607534887649e+22
2.735936184210527,1.32,radius relation,0.12,395.34442864346187,4.09,178.66010852630995,0.01875,catalog,9671081555.41218,85596206.2956168,Jackson,-0.40442649605909764,-0.6208927549895858,linear,0.0559361486518224,0.18609005059196237,5.237448632295085e+22,1.920397831841531e+23
2.735936184210527,1.32,radius relation,0.12,395.34442864346187,4.09,874.8826098585646,0.01875,catalog,4691233469.257367,55985398.83835203,Selsis,-0.4514594672539128,-0.6934570721410064,GP,0.195881181053963,0.46377402164412607,3.0141314092981777e+21,1.105181516742665e+22
2.735936184210527,1.32,radius relation,0.12,395.34442864346187,4.09,790.8153443242553,0.01875,catalog,2545346243.943349,70580669.75886694,Jackson,-0.42148325329897723,-0.7278073687589948,log,0.11693449332806478,0.1875858220339297,3.466448607329994e+21,1.2710311560209978e+22
2.735936184210527,1.32,radius relation,0.12,395.34442864346187,4.09,214.74324617191078,0.01875,catalog,8127964164.7231865,96913533.91047399,Jackson,-0.4425747325314825,-0.7623591524670535,log,0.13704274082698464,0.05933724271186536,4.134084591526965e+21,1.5158310168932204e+22
2.735936184210527,1.32,radius relation,0.12,395.34442864346187,4.09,377.8013342103545,0.01875,catalog,4847117806.948451,57666690.19202775,Jackson,-0.3281968585256999,-0.7732078455717043,GP,0.19870237116930914,0.18024472797941804,7.001306668979203e+21,2.567145778625708e+22
2.735936184210527,1.32,radius relation,0.12,395.34442864346187,4.09,358.207061162121,0.01875,catalog,5084134767.685454,1853868.5270330429,Jackson,-0.4445008766324045,-0.7256156812248943,GP,0.49064393341193446,0.35989903151481195,6.55383802126582e+21,2.4030739411308005e+22
2.735936184210527,1.32,radius relation,0.12,395.34442864346187,4.09,1363.212612482812,0.01875,catalog,1612569662.8260784,2146189.499954354,Jackson,-0.3018520918231299,-0.7943843274726862,linear,0.06446421949307932,0.5482994507848371,5.807729326937228e+22,2.1295007532103166e+23
2.735936184210527,1.32,radius relation,0.12,395.34442864346187,4.09,1331.2019227539854,0.01875,catalog,709666267.6445554,77245964.7911918,Selsis,-0.344571659989506,-0.6723041784317021,GP,0.08626395988779598,0.5238507341071295,7.535805949883508e+20,2.7631288482906196e+21
2.735936184210527,1.32,radius relation,0.12,395.34442864346187,4.09,960.7119296639595,0.01875,catalog,4388062204.350804,5558209.104363079,Selsis,-0.4356097015730012,-0.624960179354326,linear,0.3430449133805587,0.45037769106761316,3.1983401452454675e+22,1.1727247199233381e+23
2.735936184210527,1.32,radius relation,0.12,395.34442864346187,4.09,1195.9414819665985,0.01875,catalog,1797367314.9950562,68585612.25961222,Jackson,-0.4856071872746337,-0.6716563266527648,log,0.06846948326190966,0.35940546149457986,3.0029716907810294e+21,1.1010896199530442e+22
2.735936184210527,1.32,radius relation,0.12,395.34442864346187,4.09,352.35510635474174,0.01875,catalog,5159963409.895842,89205163.59627043,Jackson,-0.46213149038369866,-0.6038053239657585,GP,0.470685596850604,0.38290728346300873,5.599258456368169e+21,2.0530614340016616e+22
2.735936184210527,1.32,radius relation,0.12,395.34442864346187,4.09,968.4958395151831,0.01875,catalog,4362929649.300539,56518224.118984185,Selsis,-0.3854370105556445,-0.6151198586774913,log,0.10652421918439069,0.002224438959437469,3.797850489930302e+21,1.3925451796411106e+22
2.735936184210527,1.32,radius relation,0.12,395.34442864346187,4.09,630.7590498061103,0.01875,catalog,3089837967.8359795,24060664.201615006,Jackson,-0.31829921269420525,-0.6812576100020834,log,0.21336247546895337,0.22332860678664868,5.954846240514665e+21,2.183443621522044e+22
2.735936184210527,1.32,radius relation,0.12,395.34442864346187,4.09,558.911910837551,0.01875,catalog,3431280652.5018396,92935945.90090989,Jackson,-0.41556614661908314,-0.7739063349311355,linear,0.07853594691724361,0.1741450465801212,3.36022282309715e+22,1.2320817018022882e+23
2.735936184210527,1.32,radius relation,0.12,395.34442864346187,4.09,256.145797258857,0.01875,catalog,6899035849.101546,51077366.70549779,Jackson,-0.4118971417112513,-0.760774362445721,linear,0.10361864080294203,0.5827068907897685,4.283782736364101e+22,1.570720336666837e+23
2.735936184210527,1.32,radius relation,0.12,395.34442864346187,4.09,814.8968097830517,0.01875,catalog,4936437822.134587,18701613.169314057,Selsis,-0.2987115240590479,-0.7289650367713668,linear,0.17939446100823278,0.4468467687962848,5.388494646605761e+22,1.9757813704221122e+23
2.735936184210527,1.32,radius relation,0.12,395.34442864346187,4.09,778.5774112417414,0.01875,catalog,2579381210.5343804,41846373.263507806,Jackson,-0.4061065072848303,-0.7658622528963229,log,0.46106735833170737,0.21894623282300119,3.773902940155854e+21,1.3837644113904797e+22
2.735936184210527,1.32,radius relation,0.12,395.34442864346187,4.09,1280.4273307062983,0.01875,catalog,3582169333.278896,76935140.23609982,Selsis,-0.4625603491916175,-0.7171632502917223,GP,0.11963254838855544,0.1315769416042406,2.275436393042482e+21,8.3432667744891e+21
2.735936184210527,1.32,radius relation,0.12,395.34442864346187,4.09,527.052355855629,0.01875,catalog,3611440338.302839,57967603.2041141,Jackson,-0.45981564900064875,-0.6010856877987737,log,0.3998871589437258,0.6758458518782732,4.3474469282578925e+21,1.5940638736945605e+22
2.735936184210527,1.32,radius relation,0.12,395.34442864346187,4.09,1329.0800757469306,0.01875,catalog,1100390504.576591,56558463.55031416,Selsis,-0.3129772096643373,-0.6006688946101856,GP,0.0807951119446874,0.9001933612135916,1.6410274811196057e+21,6.017100764105221e+21
2.735936184210527,1.32,radius relation,0.12,395.34442864346187,4.09,1329.0800757469299,0.01875,catalog,3042153933.5914764,5100375.027140053,Selsis,-0.3944218241887758,-0.6495403878356849,linear,0.05426409610526737,0.2555073067067697,2.453282319951862e+22,8.99536850649016e+22
2.735936184210527,1.32,radius relation,0.12,395.34442864346187,4.09,1329.0800757469299,0.01875,catalog,1568075027.7084227,42564472.821399525,Selsis,-0.32759931459163866,-0.6773604002420237,linear,0.3461022586534078,0.6145592583643268,1.5904621464998931e+22,5.831694537166275e+22
2.735936184210527,1.32,radius relation,0.12,395.34442864346187,4.09,1151.954811237004,0.01875,catalog,1854318973.8681483,69022483.0295627,Jackson,-0.37405711752600274,-0.6295478550655556,linear,0.25265912180858946,0.16131628676058074,3.49902365291063e+22,1.2829753394005643e+23
2.735936184210527,1.32,radius relation,0.12,395.34442864346187,4.09,649.3376731996865,0.01875,catalog,3013434941.994407,17868875.266829632,Jackson,-0.4538152226735375,-0.6075534919501376,log,0.06522675176689338,0.24162106215694623,4.5078771446848485e+21,1.6528882863844444e+22
2.735936184210527,1.32,radius relation,0.12,395.34442864346187,4.09,231.40151420188178,0.01875,catalog,12696511412.785784,98183304.74303684,Selsis,-0.4452595101825385,-0.630175592608257,log,0.05246741701143603,0.18337510942550128,5.400442593713441e+21,1.9801622843615953e+22
2.735936184210527,1.32,radius relation,0.12,395.34442864346187,4.09,958.7160820661279,0.01875,catalog,4394564463.58841,3663304.477967295,Selsis,-0.4698759505677304,-0.669793383389543,linear,0.3310303318563997,0.5421023250202622,2.796715697485131e+22,1.0254624224112147e+23
2.735936184210527,1.32,radius relation,0.12,395.34442864346187,4.09,842.7249686789212,0.01875,catalog,2411498077.3515716,27001615.618628565,Jackson,-0.47779274975134634,-0.7026344840664193,log,0.07414574684493287,0.042415142020322594,3.5948440391274683e+21,1.318109481013405e+22
2.735936184210527,1.32,radius relation,0.12,395.34442864346187,4.09,1329.0800757469306,0.01875,catalog,1675753099.341632,4488095.691378616,Selsis,-0.36552440731947944,-0.7250166662938801,GP,0.15058507744641333,0.46510070232322664,1.7744132191838612e+21,6.506181803674158e+21
2.735936184210527,1.32,radius relation,0.12,395.34442864346187,4.09,707.2172538044704,0.01875,catalog,2800227215.61539,26330565.765925687,Jackson,-0.32609720987400564,-0.712395039245463,log,0.3562928452522109,0.90099432826389,5.435941815075428e+21,1.993178665527657e+22
2.735936184210527,1.32,radius relation,0.12,395.34442864346187,4.09,1329.0800757469306,0.01875,catalog,2651888679.273676,31754762.669641647,Selsis,-0.3492586648909355,-0.7679426044274906,GP,0.18555406974662855,0.13974642684687044,2.565113883763746e+21,9.405417573800401e+21
2.735936184210527,1.32,radius relation,0.12,395.34442864346187,4.09,435.41331359246607,0.01875,catalog,7816529387.666965,48533084.36897825,Selsis,-0.30123182558700684,-0.7474611083950706,GP,0.39737235396797166,0.590764088367893,7.782914371854993e+21,2.853735269680164e+22
2.735936184210527,1.32,radius relation,0.12,395.34442864346187,4.09,458.0325861746817,0.01875,catalog,4084997392.310606,86485777.44175072,Jackson,-0.3005667540301749,-0.6469905845658411,log,0.054456980485746216,0.04168678368256429,6.565289526151366e+21,2.4072728262555006e+22
2.735936184210527,1.32,radius relation,0.12,395.34442864346187,4.09,364.25174864087234,0.01875,catalog,8942006893.811228,30727295.94709366,Selsis,-0.29189058538836693,-0.6720303784995117,linear,0.1326628384538136,0.5504375091381113,7.958449371430103e+22,2.9180981028577043e+23
2.735936184210527,1.32,radius relation,0.12,395.34442864346187,4.09,659.3486066242939,0.01875,catalog,2973985915.1969833,21005704.887506537,Jackson,-0.33072626544338035,-0.7368390945648736,GP,0.07866676865115482,0.7929612976481332,6.655864019167259e+21,2.4404834736946616e+22
2.735936184210527,1.32,radius relation,0.12,395.34442864346187,4.09,1231.1775856950337,0.01875,catalog,1754517154.4969277,21195506.38900274,Jackson,-0.39483416908521907,-0.6972439440258696,log,0.12606760303827752,0.19479818472794408,3.753231846423809e+21,1.3761850103553965e+22
2.735936184210527,1.32,radius relation,0.12,395.34442864346187,4.09,235.91933985721923,0.01875,catalog,7445069974.146933,9404808.232351255,Jackson,-0.423475300808828,-0.725459403304079,log,0.2885192308941326,0.3830118884904854,5.127538979106844e+21,1.8800976256725093e+22
2.735936184210527,1.32,radius relation,0.12,395.34442864346187,4.09,379.10236278609204,0.01875,catalog,4832235406.8947735,15702923.51583947,Jackson,-0.4826616967521315,-0.7521741812902663,GP,0.3905440939832874,0.4165410279757866,5.46940585531273e+21,2.0054488136146676e+22
2.735936184210527,1.32,radius relation,0.12,395.34442864346187,4.09,359.8569675585605,0.01875,catalog,5063195687.54707,30396833.000781447,Jackson,-0.2940910757162373,-0.7787346528114016,log,0.07033613753572918,0.8624918040021666,7.625786635251011e+21,2.7961217662587037e+22
2.735936184210527,1.32,radius relation,0.12,395.34442864346187,4.09,1329.0800757469306,0.01875,catalog,1812940989.7813537,23826821.38259213,Selsis,-0.4372006951609116,-0.6937720771885181,linear,0.11095918469990604,0.042364025129208116,1.2446032571120476e+22,4.563545276077508e+22
2.735936184210527,1.32,radius relation,0.12,395.34442864346187,4.09,1329.0800757469299,0.01875,catalog,2640418250.266184,8714517.194903674,Selsis,-0.4661235475428984,-0.6741803580948704,GP,0.13890781125030066,0.3169588423411278,1.9550342131435955e+21,7.168458781526516e+21
2.735936184210527,1.32,radius relation,0.12,395.34442864346187,4.09,1812.1809385573902,0.01875,catalog,1276783285.8936582,95936239.7509503,Jackson,-0.4813289028276144,-0.7996777655228654,log,0.08850889127546017,0.09729752723908913,2.3821048111368907e+21,8.734384307501932e+21
2.735936184210527,1.32,radius relation,0.12,395.34442864346187,4.09,810.8160386756814,0.01875,catalog,2491837628.4471893,8662043.14120766,Jackson,-0.4461822697886418,-0.7923803614511362,linear,0.07893673531155104,0.6590560620208202,3.7116236682879543e+22,1.3609286783722498e+23
2.735936184210527,1.32,radius relation,0.12,395.34442864346187,4.09,348.0883097640771,0.01875,catalog,5216839388.321758,74013523.58717468,Jackson,-0.31207261917221424,-0.7626582913929951,log,0.3316365935218188,0.5130236237977026,6.304765875735656e+21,2.3117474877697407e+22
2.735936184210527,1.32,radius relation,0.12,395.34442864346187,4.09,266.8283860111511,0.01875,catalog,6644195240.988308,27326212.560002793,Jackson,-0.2911995439958398,-0.6499892148250239,linear,0.3685622407037563,0.5333329923008756,8.350558868769793e+22,3.061871585215591e+23
2.735936184210527,1.32,radius relation,0.12,395.34442864346187,4.09,360.2832724545888,0.01875,catalog,9016681382.740515,55739830.453033105,Selsis,-0.4449644462379242,-0.6532547537093305,GP,0.053628186382470786,0.1750623989235638,5.405240507997286e+21,1.981921519599005e+22
2.735936184210527,1.32,radius relation,0.12,395.34442864346187,4.09,697.4707610408245,0.01875,catalog,2833747474.241617,1140465.894581427,Jackson,-0.31540288227216234,-0.7164858628881254,log,0.4170543477685602,0.3704959772254398,6.61987960392102e+21,2.427289188104374e+22
2.735936184210527,1.32,radius relation,0.12,395.34442864346187,4.09,1329.0800757469306,0.01875,catalog,2461787183.856061,1717929.0425343453,Selsis,-0.370618435787387,-0.6003358193443422,GP,0.3082039212387168,0.8743357690596013,3.0039348856577285e+21,1.1014427914078337e+22
2.735936184210527,1.32,radius relation,0.12,395.34442864346187,4.09,245.31714963922732,0.01875,catalog,7180101219.820532,34359847.098127425,Jackson,-0.4363143684315175,-0.6988592312180131,GP,0.09719763179192097,0.6181918754777784,6.066222689973826e+21,2.224281652990403e+22
2.735936184210527,1.32,radius relation,0.12,395.34442864346187,4.09,1329.0800757469299,0.01875,catalog,2856562516.736385,70693023.65452155,Selsis,-0.43534543180017937,-0.6685933051861429,linear,0.21758693334472473,0.8615903946551772,1.8471558129506574e+22,6.7729046474857434e+22
2.735936184210527,1.32,radius relation,0.12,395.34442864346187,4.09,613.6710126323239,0.01875,catalog,3164043351.0804067,97273204.13649495,Jackson,-0.4122026588665053,-0.6929570023722309,log,0.1451571785182633,0.6303741767747276,3.655509376862285e+21,1.3403534381828377e+22
2.735936184210527,1.32,radius relation,0.12,395.34442864346187,4.09,989.7991220869162,0.01875,catalog,2105307511.294836,45749488.652536504,Jackson,-0.46854025183002407,-0.613767057887233,log,0.08045027812306936,0.5740909982129416,3.6410197870102173e+21,1.335040588570413e+22
2.735936184210527,1.32,radius relation,0.12,395.34442864346187,4.09,2270.3675397165334,0.01875,catalog,1063631730.7291673,68326123.71144344,Jackson,-0.35704382096260023,-0.7742941157008076,linear,0.064447891125461,0.8985838744159269,2.7450657504300374e+22,1.0065241084910138e+23
2.735936184210527,1.32,radius relation,0.12,395.34442864346187,4.09,929.4812258258155,0.01875,catalog,2219732640.125775,57122498.160261095,Jackson,-0.4925676350540617,-0.7889841158788595,GP,0.19487785569585947,0.5008569661352718,3.669239300485136e+21,1.3453877435112165e+22
2.735936184210527,1.32,radius relation,0.12,395.34442864346187,4.09,1184.8237627534488,0.01875,catalog,1811385323.05581,94001321.29860967,Jackson,-0.30409139589579115,-0.6899815796576122,log,0.05405943281133118,0.7180023227577195,4.621657814033113e+21,1.6946078651454746e+22
2.735936184210527,1.32,radius relation,0.12,395.34442864346187,4.09,310.12811325520875,0.01875,catalog,5791011617.873539,56579669.305044204,Jackson,-0.33340057620206326,-0.669026851299792,GP,0.3171864801818711,0.11909555316240494,7.560752251734223e+21,2.772275825635882e+22
2.735936184210527,1.32,radius relation,0.12,395.34442864346187,4.09,895.1517900937348,0.01875,catalog,4615000468.638188,28174330.720003232,Selsis,-0.4243958772368614,-0.6323894055345528,log,0.22865178603791644,0.1847384753364757,3.5112792253615057e+21,1.2874690492992187e+22
2.735936184210527,1.32,radius relation,0.12,395.34442864346187,4.09,2086.5433599632747,0.01875,catalog,1138701481.1574955,70815775.12996088,Jackson,-0.391125787366718,-0.7020127663753313,log,0.22327085416749318,0.45473122433085966,2.753032605929349e+21,1.0094452888407613e+22
2.735936184210527,1.32,radius relation,0.12,395.34442864346187,4.09,2910.616396029276,0.01875,catalog,871504978.4258895,86128583.52528524,Jackson,-0.4087299317283769,-0.7663635125266228,GP,0.17468519651521658,0.3433650450254041,2.65521682638516e+21,9.73579503007892e+21
2.735936184210527,1.32,radius relation,0.12,395.34442864346187,4.09,509.18162389533563,0.01875,catalog,3722061341.3011274,84992341.08712536,Jackson,-0.29058006577399087,-0.7276286705254248,linear,0.2068988538498738,0.23348111337891064,6.2045850657037346e+22,2.2750145240913692e+23
2.735936184210527,1.32,radius relation,0.12,395.34442864346187,4.09,950.7522290872104,0.01875,catalog,4420750060.641853,80377300.3537672,Selsis,-0.3920295883864361,-0.6437761299295621,GP,0.4134423325281971,0.32992282582392407,3.5464175188774795e+21,1.3003530902550757e+22
2.735936184210527,1.32,radius relation,0.12,395.34442864346187,4.09,784.9324022822741,0.01875,catalog,5071331314.568208,10121865.191822305,Selsis,-0.2916225369611558,-0.7425078756144435,GP,0.18070538824715918,0.683487182864017,6.997137578903097e+21,2.5656171122644688e+22
2.735936184210527,1.32,radius relation,0.12,395.34442864346187,4.09,1329.0800757469306,0.01875,catalog,2574158082.3010125,47042133.98217641,Selsis,-0.328228633262062,-0.6282420172186247,log,0.09460003329045592,0.6420380754675319,2.9220398171115015e+21,1.0714145996075505e+22
2.735936184210527,1.32,radius relation,0.12,395.34442864346187,4.09,455.63251329996774,0.01875,catalog,4103977185.729532,43458936.069620445,Jackson,-0.3293032676811641,-0.776018988312583,GP,0.2640186126020719,0.11694402966731365,6.789722853905105e+21,2.4895650464318716e+22
2.735936184210527,1.32,radius relation,0.12,395.34442864346187,4.09,981.0833077000498,0.01875,catalog,4323034467.981346,98463373.19048363,Selsis,-0.34399544763219053,-0.7151310255963759,log,0.10830568741167725,0.9849217842455404,3.8166617014660277e+21,1.3994426238708767e+22
2.735936184210527,1.32,radius relation,0.12,395.34442864346187,4.09,1329.0800757469299,0.01875,catalog,911571787.9929284,15593312.492988048,Selsis,-0.3511818660472998,-0.6576277164154866,GP,0.3666387781779448,0.6993718108506763,1.1819431057007046e+21,4.33379138756925e+21
2.735936184210527,1.32,radius relation,0.12,395.34442864346187,4.09,253.23758684403379,0.01875,catalog,11829541795.715755,46447890.86849966,Selsis,-0.4127427478852548,-0.7286941654020505,log,0.13783819234335412,0.22340908503015589,4.830161670366944e+21,1.7710592791345461e+22
2.735936184210527,1.32,radius relation,0.12,395.34442864346187,4.09,340.11126188540345,0.01875,catalog,9420914422.253761,73349307.06712638,Selsis,-0.4776166909580475,-0.6673366179769403,log,0.09239354121456228,0.08707767060345906,4.216024968163436e+21,1.5458758216599265e+22
2.735936184210527,1.32,radius relation,0.12,395.34442864346187,4.09,626.3061075654133,0.01875,catalog,3108798816.0340185,7383188.940128211,Jackson,-0.38921195460530894,-0.6032570142227556,linear,0.059801415283659586,0.8890339346095296,5.030972477758229e+22,1.8446899085113505e+23
2.735936184210527,1.32,radius relation,0.12,395.34442864346187,4.09,409.91597599247314,0.01875,catalog,4506943734.147274,89432067.84530261,Jackson,-0.327719062474125,-0.7914167676696134,linear,0.10776321747560717,0.36284876267585675,5.0207440703946175e+22,1.8409394924780263e+23
2.735936184210527,1.32,radius relation,0.12,395.34442864346187,4.09,1329.0800757469299,0.01875,catalog,2760846318.11223,70956175.96229061,Selsis,-0.47290470133593315,-0.7934705610444431,GP,0.16480395942800408,0.2301764871568639,1.716427983162154e+21,6.293569271594564e+21
2.735936184210527,1.32,radius relation,0.12,395.34442864346187,4.09,256.55697190016105,0.01875,catalog,6888833110.396158,14519786.270217385,Jackson,-0.3959104070627579,-0.6795943032718429,linear,0.06007034062458733,0.28188649801833765,5.156794299378756e+22,1.8908245764388773e+23
2.735936184210527,1.32,radius relation,0.12,395.34442864346187,4.09,1329.0800757469299,0.01875,catalog,1546734049.818537,68840449.45574525,Selsis,-0.44412058895406503,-0.6095270474312454,log,0.47333988777721936,0.26816968875243075,1.2621586332892253e+21,4.6279149887271595e+21
2.735936184210527,1.32,radius relation,0.12,395.34442864346187,4.09,1153.7059513767176,0.01875,catalog,1851973460.2899234,64024297.49063369,Jackson,-0.4004391856431933,-0.7019153639307407,linear,0.20170487238668405,0.7758314048707246,3.1154315540474414e+22,1.1423249031507285e+23
2.735936184210527,1.32,radius relation,0.12,395.34442864346187,4.09,675.4127592704491,0.01875,catalog,5653991304.89196,12985536.876819817,Selsis,-0.45529243698830535,-0.706929827180633,linear,0.29187585266884064,0.6446268969397098,3.114114254529595e+22,1.141841893327518e+23
2.735936184210527,1.32,radius relation,0.12,395.34442864346187,4.09,887.9446159264286,0.01875,catalog,2307093919.5313196,96497430.6137108,Jackson,-0.3509854000477271,-0.7547914872668722,GP,0.059979930942080525,0.3469556194735257,4.551594678796361e+21,1.668918048891999e+22
2.735936184210527,1.32,radius relation,0.12,395.34442864346187,4.09,256.8059798199839,0.01875,catalog,11700992690.98232,51220170.703784265,Selsis,-0.35798296519331924,-0.7269665715912366,log,0.127367623991128,0.3304971058548165,5.985887066633497e+21,2.1948252577656155e+22
2.735936184210527,1.32,radius relation,0.12,395.34442864346187,4.09,507.3279232605583,0.01875,catalog,6975316112.365068,54003078.489546634,Selsis,-0.4055209323255023,-0.7991217592841695,GP,0.12197868777090434,0.9568546943630625,4.346062437764281e+21,1.5935562271802362e+22
2.735936184210527,1.32,radius relation,0.12,395.34442864346187,4.09,247.76693326080795,0.01875,catalog,7114354073.569658,68701517.43834834,Jackson,-0.4446493432704628,-0.695099516391046,GP,0.23447989042449074,0.6441360440843633,5.592734616162507e+21,2.050669359259586e+22
2.735936184210527,1.32,radius relation,0.12,395.34442864346187,4.09,1329.0800757469299,0.01875,catalog,1834709179.9551628,20903096.226973236,Selsis,-0.4386453497587381,-0.6368435500519739,GP,0.1482620117607986,0.723992728014654,1.5652593721592678e+21,5.739284364583982e+21
2.735936184210527,1.32,radius relation,0.12,395.34442864346187,4.09,1329.0800757469306,0.01875,catalog,2012602790.1059268,59793188.09051262,Selsis,-0.4565746281014848,-0.6438356919379358,linear,0.08906147891180684,0.29805152375602095,1.3466966127503978e+22,4.937887580084792e+22
2.735936184210527,1.32,radius relation,0.12,395.34442864346187,4.09,265.93935208291106,0.01875,catalog,6664620929.552249,33271051.15316156,Jackson,-0.28737169902635706,-0.7119100094888662,log,0.28003349047170606,0.9902519489186545,8.64992519037796e+21,3.1716392364719185e+22
2.735936184210527,1.32,radius relation,0.12,395.34442864346187,4.09,582.0634862034141,0.01875,catalog,3312365327.852794,88112852.61461352,Jackson,-0.44940067841856096,-0.7125535096000138,GP,0.24725026965295555,0.7464146634674764,4.1841239820701957e+21,1.5341787934257383e+22
2.735936184210527,1.32,radius relation,0.12,395.34442864346187,4.09,299.5569692363168,0.01875,catalog,5976613020.773296,89697564.99937682,Jackson,-0.4063212320853357,-0.6644954860563327,linear,0.12825109567571105,0.24037630419472455,4.244908779016422e+22,1.556466552306021e+23
2.735936184210527,1.32,radius relation,0.12,395.34442864346187,4.09,864.0984882670961,0.01875,catalog,4733083336.122531,75895797.09195982,Selsis,-0.3895879496290674,-0.6128771401030683,log,0.37571103068225764,0.9220856397623892,3.962837100566689e+21,1.4530402702077859e+22
2.735936184210527,1.32,radius relation,0.12,395.34442864346187,4.09,232.46163815900772,0.01875,catalog,7547992427.8586855,17797825.785547078,Jackson,-0.3523909026350099,-0.6515784323332842,linear,0.06912839474515534,0.3885883184915122,6.22376566512047e+22,2.2820474105441722e+23
2.735936184210527,1.32,radius relation,0.12,395.34442864346187,4.09,543.162884871654,0.01875,catalog,6632131362.2639,47653608.427262105,Selsis,-0.33472186569548557,-0.7002595053536312,linear,0.16333894894661535,0.0679586312205771,4.984380390201319e+22,1.827606143073817e+23
2.735936184210527,1.32,radius relation,0.12,395.34442864346187,4.09,744.0130772637069,0.01875,catalog,5271085868.603739,96297660.5925669,Selsis,-0.41521521825657365,-0.6179002174170494,linear,0.3537641548341168,0.3751659508366755,3.561634899887428e+22,1.3059327966253902e+23
2.735936184210527,1.32,radius relation,0.12,395.34442864346187,4.09,400.0369955901199,0.01875,catalog,4605869465.645671,36806454.369904205,Jackson,-0.3862197141328773,-0.6024781083426607,GP,0.25423968590468565,0.8098736120077547,6.569731476260839e+21,2.408901541295641e+22
2.735936184210527,1.32,radius relation,0.12,395.34442864346187,4.09,275.40334045601793,0.01875,catalog,6453961691.025705,33132266.415847573,Jackson,-0.3019517402422182,-0.6566347064071236,linear,0.16788651021987402,0.432836604955796,7.540040256325382e+22,2.7646814273193065e+23
2.735936184210527,1.32,radius relation,0.12,395.34442864346187,4.09,1283.0726928758663,0.01875,catalog,3576991224.626268,22635816.301870447,Selsis,-0.4747206140697102,-0.6192437971755139,linear,0.062158018591920286,0.5207225647229742,2.5393295946484294e+22,9.310875180377574e+22
2.735936184210527,1.32,radius relation,0.12,395.34442864346187,4.09,1127.836426421069,0.01875,catalog,3916548588.3892426,8128363.412802086,Selsis,-0.40278347047083113,-0.6118561415040948,log,0.054157694869862126,0.4826162494638647,3.5359346564341317e+21,1.2965093740258483e+22
2.735936184210527,1.32,radius relation,0.12,395.34442864346187,4.09,189.63864051541216,0.01875,catalog,9138204020.019754,8512254.768610973,Jackson,-0.4583408598042997,-0.6859700664161084,linear,0.23361028669032666,0.9551698744829121,4.919351575609323e+22,1.803762244390085e+23
2.735936184210527,1.32,radius relation,0.12,395.34442864346187,4.09,614.2554738786965,0.01875,catalog,6059230241.232124,18308702.443063993,Selsis,-0.4898562017473703,-0.7411877019940479,linear,0.13702078449332783,0.04376756575522678,2.98765795753783e+22,1.0954745844305376e+23
2.735936184210527,1.32,radius relation,0.12,395.34442864346187,4.09,223.2280743562243,0.01875,catalog,7838616973.012799,41747302.68971777,Jackson,-0.46590745380449783,-0.6534220810447783,log,0.13082010311857492,0.2748024171766642,4.817111955040184e+21,1.766274383514734e+22
2.735936184210527,1.32,radius relation,0.12,395.34442864346187,4.09,802.5752795542637,0.01875,catalog,4990821626.739243,56600355.692964055,Selsis,-0.44522091447898826,-0.7668561341506525,GP,0.1230266850739988,0.7785016647653588,3.106634375552751e+21,1.1390992710360086e+22
2.735936184210527,1.32,radius relation,0.12,395.34442864346187,4.09,719.6942435953227,0.01875,catalog,2758588487.5878797,53463947.081797116,Jackson,-0.37599793578446666,-0.7331756607190376,linear,0.07455491267563454,0.06001182505288416,3.817253782404322e+22,1.3996597202149179e+23
2.735936184210527,1.32,radius relation,0.12,395.34442864346187,4.09,200.32631051433708,0.01875,catalog,8676639322.164572,43219158.02296369,Jackson,-0.3313032590787871,-0.720359485800521,linear,0.18169739599050094,0.3458983645622772,6.338752420870256e+22,2.3242092209857604e+23
2.735936184210527,1.32,radius relation,0.12,395.34442864346187,4.09,787.4203582137992,0.01875,catalog,2554686686.123286,87065614.52501412,Jackson,-0.2930370269584404,-0.6304964228816942,linear,0.11995687576533855,0.8679418582454302,5.631732424278925e+22,2.064968555568939e+23
2.735936184210527,1.32,radius relation,0.12,395.34442864346187,4.09,1329.0800757469306,0.01875,catalog,2678059230.035304,82930210.77071981,Selsis,-0.2892071936731588,-0.7132667420046833,linear,0.05919563330314055,0.09927828790391657,3.229421903844802e+22,1.1841213647430941e+23
2.735936184210527,1.32,radius relation,0.12,395.34442864346187,4.09,1329.0800757469299,0.01875,catalog,2242405575.0396366,39819287.224334665,Selsis,-0.3066651842522546,-0.6754795654907876,GP,0.4239875217674287,0.164757001497974,3.0421049001105267e+21,1.1154384633738597e+22
2.735936184210527,1.32,radius relation,0.12,395.34442864346187,4.09,672.3895347675777,0.01875,catalog,5672467047.404971,51403319.55206563,Selsis,-0.38669260858232235,-0.6271226796269838,linear,0.15800048504702804,0.3263111740702246,4.011248563985445e+22,1.4707911401279964e+23
2.735936184210527,1.32,radius relation,0.12,395.34442864346187,4.09,425.3181465685278,0.01875,catalog,4361709341.43758,88675783.25858143,Jackson,-0.4067368497012533,-0.7727901650334097,linear,0.08887825385985856,0.7206893414323899,3.670732378944729e+22,1.3459352056130673e+23
2.735936184210527,1.32,radius relation,0.12,395.34442864346187,4.09,1003.748640075583,0.01875,catalog,4253432550.6893415,19548065.25479796,Selsis,-0.40096839745063045,-0.6646378091687165,linear,0.2529459374202826,0.36791518906593035,3.0355539921009287e+22,1.1130364637703405e+23
2.735936184210527,1.32,radius relation,0.12,395.34442864346187,4.09,344.22283104568214,0.01875,catalog,5269569051.535858,35936953.68028261,Jackson,-0.2876400001392648,-0.6648697881206921,GP,0.35370441629050053,0.828489548052496,1.0145542190928765e+22,3.7200321366738803e+22
2.735936184210527,1.32,radius relation,0.12,395.34442864346187,4.09,508.4056880691444,0.01875,catalog,6964358028.690959,60351111.72140417,Selsis,-0.37033374060272034,-0.6899431923942889,GP,0.09971547231966203,0.004322267035227978,5.068205041818212e+21,1.8583418486666775e+22
2.735936184210527,1.32,radius relation,0.12,395.34442864346187,4.09,1329.0800757469299,0.01875,catalog,2566991446.6275687,45205498.26512086,Selsis,-0.33604188713500976,-0.6186536746980694,GP,0.42431441294210326,0.0645525650789397,3.059350819961465e+21,1.1217619673192038e+22
2.735936184210527,1.32,radius relation,0.12,395.34442864346187,4.09,646.3345364003784,0.01875,catalog,5838092781.540163,56227705.205659695,Selsis,-0.4857075621050851,-0.6940983698962387,linear,0.19504860164458074,0.8408487782408053,2.9843544635274145e+22,1.0942633032933852e+23
2.735936184210527,1.32,radius relation,0.12,395.34442864346187,4.09,1121.0880096728827,0.01875,catalog,3933173366.567081,4996981.452491276,Selsis,-0.28575258547526433,-0.7684353365428483,GP,0.09103610580092815,0.3835793490042204,6.272478715180007e+21,2.299908862232669e+22
2.735936184210527,1.32,radius relation,0.12,395.34442864346187,4.09,218.93327132121036,0.01875,catalog,7982239955.6928005,49500369.31461955,Jackson,-0.38546279005033246,-0.6657703830430979,GP,0.2522229680732165,0.5035144006694962,7.099013192974665e+21,2.6029715040907106e+22
2.735936184210527,1.32,radius relation,0.12,395.34442864346187,4.09,1329.0800757469306,0.01875,catalog,1050317561.9609488,95796638.82514496,Selsis,-0.3674139562724635,-0.7165910414684767,GP,0.20839086360729878,0.9058630389472028,8.851839994725673e+20,3.245674664732747e+21
2.735936184210527,1.32,radius relation,0.12,395.34442864346187,4.09,1329.0800757469299,0.01875,catalog,2144888299.2687354,94144890.70765638,Selsis,-0.3222710385396852,-0.6017422711779994,GP,0.41904219877715065,0.13402791665240643,2.731325088762285e+21,1.0014858658795045e+22
2.735936184210527,1.32,radius relation,0.12,395.34442864346187,4.09,1329.0800757469299,0.01875,catalog,1754738692.116774,69816494.93789087,Selsis,-0.4814117876200347,-0.637312014527499,log,0.3841320845022645,0.6278355194324171,1.2585414134428037e+21,4.6146518492902803e+21
2.735936184210527,1.32,radius relation,0.12,395.34442864346187,4.09,2139.0340064902016,0.01875,catalog,1116047411.6688025,93483378.71936452,Jackson,-0.4972233704722408,-0.7726078134958375,linear,0.20068344916234238,0.7462893352728734,2.0827947546930336e+22,7.636914100541122e+22
2.735936184210527,1.32,radius relation,0.12,395.34442864346187,4.09,348.63777587976597,0.01875,catalog,5209437876.456531,75951816.40973808,Jackson,-0.28981890196174676,-0.725337264024094,GP,0.21495590964044498,0.4609059658346176,8.939675179235405e+21,3.2778808990529816e+22
2.735936184210527,1.32,radius relation,0.12,395.34442864346187,4.09,279.2886674376663,0.01875,catalog,6371613039.263622,19656565.46075481,Jackson,-0.4530691934439602,-0.7685718816482027,linear,0.0818246188306619,0.24867938448264748,4.2289791777923645e+22,1.550625698523867e+23
2.735936184210527,1.32,radius relation,0.12,395.34442864346187,4.09,481.61508482014636,0.01875,catalog,3908332786.2806344,68986761.23549818,Jackson,-0.47672848920605415,-0.6190919933682125,log,0.2793356582040173,0.019705290842677248,4.117543112067022e+21,1.509765807757908e+22
2.735936184210527,1.32,radius relation,0.12,395.34442864346187,4.09,249.3930971975491,0.01875,catalog,7071428359.812721,99023465.60693808,Jackson,-0.2941437457144502,-0.7938803543220592,GP,0.3301212335023185,0.5722913923973133,9.226473348465346e+21,3.3830402277706268e+22
2.735936184210527,1.32,radius relation,0.12,395.34442864346187,4.09,873.7258041924744,0.01875,catalog,4695678776.7415695,65840001.08353777,Selsis,-0.41742997938087417,-0.7193402634870351,GP,0.49122350145025606,0.18692995678009405,3.1255976510928317e+21,1.1460524720673717e+22
2.735936184210527,1.32,radius relation,0.12,395.34442864346187,4.09,857.9814190627686,0.01875,catalog,4757236332.557985,80762505.04575767,Selsis,-0.31204007154176805,-0.7587750066577251,GP,0.08313366051617277,0.24351806363136264,5.272665191848078e+21,1.9333105703442954e+22
2.735936184210527,1.32,radius relation,0.12,395.34442864346187,4.09,1329.0800757469306,0.01875,catalog,2054199740.6005378,69780145.39525487,Selsis,-0.2951264090754855,-0.7092853679980301,linear,0.17967954029757427,0.3363218181195815,2.4115384996251413e+22,8.84230783195885e+22
2.735936184210527,1.32,radius relation,0.12,395.34442864346187,4.09,311.3522471307139,0.01875,catalog,10080076336.734411,4688057.565972659,Selsis,-0.45677641497270444,-0.6415434747631586,linear,0.46821725768362843,0.5854820303831002,4.5876913744776526e+22,1.6821535039751393e+23
2.735936184210527,1.32,radius relation,0.12,395.34442864346187,4.09,1178.3483008409323,0.01875,catalog,3797450303.317654,2830735.90204738,Selsis,-0.4847721120543693,-0.795282168730128,linear,0.2621720815631512,0.8854935729819312,2.2534084252882126e+22,8.262497559390113e+22
2.735936184210527,1.32,radius relation,0.12,395.34442864346187,4.09,306.0827710345642,0.01875,catalog,10213206336.514587,74850319.05879505,Selsis,-0.4913616378266971,-0.7473857630104219,linear,0.10734730884196696,0.7440125356553948,3.558710891545623e+22,1.304860660233395e+23
2.735936184210527,1.32,radius relation,0.12,395.34442864346187,4.09,1326.548685285095,0.01875,catalog,3206188976.8667083,31296996.637586016,Selsis,-0.4392030182667039,-0.6326658584897514,GP,0.05542066775942817,0.5552094999745718,2.5575195727098345e+21,9.377571766602726e+21
2.735936184210527,1.32,radius relation,0.12,395.34442864346187,4.09,1318.9240399646603,0.01875,catalog,3462383863.7462516,48592950.18107895,Selsis,-0.4607807755991908,-0.7414633884605532,GP,0.47580962524823295,0.10171722913518066,2.2368285284219135e+21,8.201704604213683e+21
2.735936184210527,1.32,radius relation,0.12,395.34442864346187,4.09,747.8690120398036,0.01875,catalog,5251432266.5509205,33591941.58221413,Selsis,-0.30166245182010304,-0.7380776329920913,linear,0.21880522690178442,0.18199916498397328,5.386464913718289e+22,1.9750371350300393e+23
2.735936184210527,1.32,radius relation,0.12,395.34442864346187,4.09,272.00176082920433,0.01875,catalog,6527988721.365784,20630267.643641658,Jackson,-0.29567570423797107,-0.743355895317805,GP,0.3309844289865232,0.26839254713286675,1.042109184355746e+22,3.821067009304402e+22
2.735936184210527,1.32,radius relation,0.12,395.34442864346187,4.09,1000.3307467788859,0.01875,catalog,2086673118.3120763,31203433.89497468,Jackson,-0.4027648082823742,-0.6634961915982374,GP,0.06003681312976809,0.5944056701206353,4.604140823306162e+21,1.6881849685455927e+22
2.735936184210527,1.32,radius relation,0.12,395.34442864346187,4.09,138.80571156473292,0.01875,catalog,12338099613.474436,44330104.2634915,Jackson,-0.42239596587096295,-0.6228796643269906,GP,0.1890552502507301,0.6790469116521987,7.695655232644072e+21,2.8217402519694927e+22
2.735936184210527,1.32,radius relation,0.12,395.34442864346187,4.09,1329.0800757469299,0.01875,catalog,1188315665.9378204,29952797.231647134,Selsis,-0.4102544000595606,-0.7248757018431649,linear,0.4164807478633101,0.289622473038854,8.746319585636007e+21,3.206983848066536e+22
2.735936184210527,1.32,radius relation,0.12,395.34442864346187,4.09,2305.0086956892333,0.01875,catalog,1050729646.9646854,96606747.26296145,Jackson,-0.3165746891246085,-0.6055792790618508,GP,0.21356141076623067,0.5602108027567728,4.407966340955344e+21,1.6162543250169594e+22
2.735936184210527,1.32,radius relation,0.12,395.34442864346187,4.09,1523.1554666212794,0.01875,catalog,1471751570.8671653,94487583.94646876,Jackson,-0.468153171033726,-0.7693801673084384,log,0.12006597741484877,0.7368464448600593,2.5682283253323766e+21,9.41683719288538e+21
2.735936184210527,1.32,radius relation,0.12,395.34442864346187,4.09,404.95997324489593,0.01875,catalog,4555979659.600082,11793142.753686188,Jackson,-0.4668206434283507,-0.6256832494990986,linear,0.09952901647024029,0.5761398651520098,4.596409135052927e+22,1.6853500161860733e+23
2.735936184210527,1.32,radius relation,0.12,395.34442864346187,4.09,821.686363481709,0.01875,catalog,4907091132.228423,24412403.010665253,Selsis,-0.43839429738481994,-0.7291548256624636,GP,0.06291735603399277,0.9710596615482994,3.2075307870276047e+21,1.1760946219101217e+22
2.735936184210527,1.32,radius relation,0.12,395.34442864346187,4.09,217.99216988612244,0.01875,catalog,8014476424.09771,13014335.287022235,Jackson,-0.37177663202314676,-0.7661346116899881,linear,0.050371450676737435,0.19907420671201903,5.482202275952696e+22,2.0101408345159884e+23
2.735936184210527,1.32,radius relation,0.12,395.34442864346187,4.09,1319.179813732915,0.01875,catalog,3453440436.1535387,59715407.685662486,Selsis,-0.3432907957872536,-0.6642216215610953,linear,0.11017980344825655,0.6653706366507836,3.0572943735053384e+22,1.1210079369519574e+23
2.735936184210527,1.32,radius relation,0.12,395.34442864346187,4.09,599.4368675511541,0.01875,catalog,6168533610.696683,54957657.57888533,Selsis,-0.2820905469311371,-0.7496137169435314,linear,0.18513023801589307,0.0486578537329162,6.820591575260078e+22,2.500883577595362e+23
2.735936184210527,1.32,radius relation,0.12,395.34442864346187,4.09,959.9023894926814,0.01875,catalog,4390696717.602813,13673820.360400157,Selsis,-0.49101578743453517,-0.7720336005796857,GP,0.3970963643534101,0.06680458213735652,2.810421374744539e+21,1.030487837406331e+22
2.735936184210527,1.32,radius relation,0.12,395.34442864346187,4.09,1326.88580907283,0.01875,catalog,3195343939.574491,65295043.904461935,Selsis,-0.42148726147626514,-0.7019767056481311,GP,0.48337037302711355,0.003278123782077702,2.2297379601218638e+21,8.175705853780167e+21
2.735936184210527,1.32,radius relation,0.12,395.34442864346187,4.09,986.0196155433368,0.01875,catalog,4307635113.721566,35921965.69354773,Selsis,-0.4322609041677439,-0.7646543611554494,GP,0.0626881658645632,0.3173507552527093,2.824329715354004e+21,1.035587562296468e+22
2.735936184210527,1.32,radius relation,0.12,395.34442864346187,4.09,1329.0800757469299,0.01875,catalog,2271874044.5147943,47483646.312540375,Selsis,-0.4907226536945656,-0.6956874868247296,log,0.09670970157161156,0.029607464771224,1.487550991821527e+21,5.454353636678932e+21
2.735936184210527,1.32,radius relation,0.12,395.34442864346187,4.09,300.79989851246614,0.01875,catalog,5954117051.730337,72820942.71225965,Jackson,-0.32578670594140746,-0.6130617369969452,GP,0.053762717704027,0.8653159537882225,8.130302012726241e+21,2.9811107379996214e+22
2.735936184210527,1.32,radius relation,0.12,395.34442864346187,4.09,460.13137752171025,0.01875,catalog,4068558609.5479226,3753195.269323193,Jackson,-0.4063011517331411,-0.7992047086718386,linear,0.11075264483398133,0.5037852728208564,4.584491286270564e+22,1.6809801382992067e+23
2.735936184210527,1.32,radius relation,0.12,395.34442864346187,4.09,252.62840917567576,0.01875,catalog,6987677660.970842,88756381.66754703,Jackson,-0.3648851080519493,-0.726591931081513,linear,0.22509663602832264,0.7112981884188432,4.76963420310639e+22,1.7488658744723427e+23
2.735936184210527,1.32,radius relation,0.12,395.34442864346187,4.09,690.9186663037681,0.01875,catalog,2856791627.1475115,12198587.658070402,Jackson,-0.4005040185816767,-0.6766442870052837,GP,0.13022872177260655,0.6974243804265198,5.466515479626262e+21,2.004389009196296e+22
2.735936184210527,1.32,radius relation,0.12,395.34442864346187,4.09,1329.0800757469306,0.01875,catalog,2349219181.319119,54616740.82936179,Selsis,-0.419453430989328,-0.7022629987796879,linear,0.32451075303434873,0.8910673823693703,1.5433674254350834e+22,5.659013893261973e+22
2.735936184210527,1.32,radius relation,0.12,395.34442864346187,4.09,1199.0754591937718,0.01875,catalog,3751139248.4938583,94346716.25056048,Selsis,-0.4697329434560607,-0.6820228872799464,GP,0.05833852270022452,0.10267572324226582,2.390312858326715e+21,8.764480480531288e+21
2.735936184210527,1.32,radius relation,0.12,395.34442864346187,4.09,494.6248907161524,0.01875,catalog,3817905599.9923053,95404457.15498234,Jackson,-0.30398849699532465,-0.7953190078763761,linear,0.21798068857358366,0.0435665984870669,5.519493518334954e+22,2.02381429005615e+23
2.735936184210527,1.32,radius relation,0.12,395.34442864346187,4.09,751.1864875745825,0.01875,catalog,2659396973.6245575,75205753.84904367,Jackson,-0.47373026298173565,-0.693256934922913,linear,0.49829472409014886,0.7130344143518644,3.089289925161291e+22,1.1327396392258067e+23
2.735936184210527,1.32,radius relation,0.12,395.34442864346187,4.09,961.3454011072785,0.01875,catalog,4386003414.054369,64107842.23233544,Selsis,-0.3727288020074315,-0.6679634170056783,linear,0.07694304727171584,0.8214482885147766,3.2679497160604848e+22,1.1982482292221777e+23
2.735936184210527,1.32,radius relation,0.12,395.34442864346187,4.09,1329.0800757469299,0.01875,catalog,2624402490.0071206,51116786.915587895,Selsis,-0.2852481368129309,-0.6802792821625977,linear,0.4610381263529037,0.011836022328350015,3.425689013928172e+22,1.256085971773663e+23
2.735936184210527,1.32,radius relation,0.12,395.34442864346187,4.09,435.68492435601047,0.01875,catalog,4269624094.4647074,16741204.596052712,Jackson,-0.436952811180457,-0.7914905637782768,linear,0.2932070789539983,0.5410733557550745,4.0495975309190655e+22,1.4848524280036572e+23
2.735936184210527,1.32,radius relation,0.12,395.34442864346187,4.09,469.6234891704146,0.01875,catalog,3996003293.028185,49481334.52295667,Jackson,-0.39498263546620554,-0.7789916246307337,log,0.10519881916462112,0.39903177539416235,4.2461335356545035e+21,1.5569156297399846e+22
2.735936184210527,1.32,radius relation,0.12,395.34442864346187,4.09,1330.131761135288,0.01875,catalog,786317948.3268427,34056931.987328604,Selsis,-0.3359579394553347,-0.6623136783723399,log,0.13263135378818816,0.9113333865192221,9.468536118218169e+20,3.471796576679995e+21
2.735936184210527,1.32,radius relation,0.12,395.34442864346187,4.09,802.2040220816045,0.01875,catalog,4992483301.523228,90900086.98874356,Selsis,-0.4435189805629401,-0.7709355601493242,linear,0.06393217516969445,0.697790001898617,2.6766608901778566e+22,9.814423263985474e+22
2.735936184210527,1.32,radius relation,0.12,395.34442864346187,4.09,560.2769216941159,0.01875,catalog,3424005670.7660875,2366140.060872162,Jackson,-0.450472001699701,-0.738033377068441,linear,0.2408784866297935,0.9809364807992936,4.2540516453709594e+22,1.5598189366360185e+23
2.735936184210527,1.32,radius relation,0.12,395.34442864346187,4.09,272.01254091309016,0.01875,catalog,6527751193.745352,60741593.678830765,Jackson,-0.4756461163021748,-0.7109436354033436,GP,0.18203303596583717,0.3519122311182138,5.259987356636019e+21,1.92866203076654e+22
2.735936184210527,1.32,radius relation,0.12,395.34442864346187,4.09,318.81105194075104,0.01875,catalog,5647716954.076527,83969946.19968235,Jackson,-0.49501090116426,-0.7119018249729844,linear,0.07584983429357983,0.1411435512972825,3.5535757938086484e+22,1.3029777910631711e+23
2.735936184210527,1.32,radius relation,0.12,395.34442864346187,4.09,281.564659885378,0.01875,catalog,6324428782.3888235,5515493.33978994,Jackson,-0.4378100500753259,-0.7889595178352857,linear,0.16780188639297824,0.7458156834054934,4.600354428225218e+22,1.6867966236825797e+23
2.735936184210527,1.32,radius relation,0.12,395.34442864346187,4.09,814.6209237901855,0.01875,catalog,2481942516.704516,58107527.204974785,Jackson,-0.35058275573495795,-0.709691557681859,GP,0.4524664183309075,0.7508284332403633,5.135087813871239e+21,1.8828655317527877e+22
2.735936184210527,1.32,radius relation,0.12,395.34442864346187,4.09,670.8508605159997,0.01875,catalog,5681927522.820515,54676713.16134665,Selsis,-0.4834690145599704,-0.7156265680575555,GP,0.4645383481601043,0.4206305148808813,3.4399802439612377e+21,1.2613260894524538e+22
2.735936184210527,1.32,radius relation,0.12,395.34442864346187,4.09,400.85403896696886,0.01875,catalog,4597506204.277372,6536472.9905379955,Jackson,-0.33108294878873773,-0.7436788857609992,GP,0.3113373462432612,0.19047363653918303,8.127446679168296e+21,2.9800637823617084e+22
2.735936184210527,1.32,radius relation,0.12,395.34442864346187,4.09,405.46959848161475,0.01875,catalog,8246081368.059261,70742199.92882398,Selsis,-0.405990732746329,-0.6965245665483323,linear,0.06940687433285521,0.07802355656302662,4.055738918645376e+22,1.4871042701699712e+23
2.735936184210527,1.32,radius relation,0.12,395.34442864346187,4.09,878.6063947204659,0.01875,catalog,4676994452.172481,42148679.8605175,Selsis,-0.37812535075345505,-0.6538841033663132,linear,0.11544606707620729,0.64056745043572,3.4763930226788292e+22,1.274677441648904e+23
2.735936184210527,1.32,radius relation,0.12,395.34442864346187,4.09,1754.2157061558567,0.01875,catalog,1311069934.7827358,44919826.3040564,Jackson,-0.4313194684603396,-0.6015607889300174,linear,0.20337999789116185,0.19868134353771205,3.0459716349458345e+22,1.116856266146806e+23
2.735936184210527,1.32,radius relation,0.12,395.34442864346187,4.09,464.91874810305575,0.01875,catalog,4031603795.4269943,6283471.149250527,Jackson,-0.35496593502382284,-0.606182576204481,linear,0.0748208654012062,0.0747748117053817,5.973934700639239e+22,2.1904427235677208e+23
2.735936184210527,1.32,radius relation,0.12,395.34442864346187,4.09,852.2777012560091,0.01875,catalog,4780034266.922811,39900652.71020959,Selsis,-0.3336672297754252,-0.6624509133382606,linear,0.37405326931632904,0.6370410345138144,4.280554446108142e+22,1.569536630239652e+23
2.735936184210527,1.32,radius relation,0.12,395.34442864346187,4.09,390.7436403009792,0.01875,catalog,8479276495.769635,11016986.25557129,Selsis,-0.4812744135700938,-0.7528936438552277,log,0.24483521630101016,0.6240695836940172,3.778615013095304e+21,1.385492171468278e+22
2.735936184210527,1.32,radius relation,0.12,395.34442864346187,4.09,737.5802995041194,0.01875,catalog,2701256699.2903156,72070173.39271967,Jackson,-0.30470452260102765,-0.6340798029687509,linear,0.09398028585485985,0.530466333303421,5.432593855077663e+22,1.991951080195143e+23
2.735936184210527,1.32,radius relation,0.12,395.34442864346187,4.09,1329.080075746931,0.01875,catalog,2749939483.2865205,78378641.82632926,Selsis,-0.370587285105345,-0.7332973028542392,log,0.37569304120725716,0.7561117107828141,2.206003136136262e+21,8.08867816583296e+21
2.735936184210527,1.32,radius relation,0.12,395.34442864346187,4.09,494.4807697691788,0.01875,catalog,7109261897.641247,17235970.09252877,Selsis,-0.35710925225992884,-0.7615544409953752,log,0.24478765175557607,0.3571909067474316,4.945799189452239e+21,1.8134597027991541e+22
2.735936184210527,1.32,radius relation,0.12,395.34442864346187,4.09,950.1971396650916,0.01875,catalog,4422589694.80161,12277763.815719087,Selsis,-0.38412490049770415,-0.7349057125278207,linear,0.33109900931610825,0.5172847006878695,3.1238746668284256e+22,1.1454207111704227e+23
2.735936184210527,1.32,radius relation,0.12,395.34442864346187,4.09,1321.8841941772098,0.01875,catalog,3360388735.6461806,96982678.27605511,Selsis,-0.4794640143002297,-0.7887532853597394,GP,0.2189005123296539,0.9538790714109052,2.0333475887038907e+21,7.455607825247599e+21
2.735936184210527,1.32,radius relation,0.12,395.34442864346187,4.09,721.8782159044781,0.01875,catalog,5387522337.295116,45520606.07971702,Selsis,-0.40193170008212165,-0.7209440688933444,log,0.4557982994480917,0.26926351470148147,3.565900679111941e+21,1.3074969156743783e+22
2.735936184210527,1.32,radius relation,0.12,395.34442864346187,4.09,3562.549174999031,0.01875,catalog,742430031.9906864,74053819.782299,Jackson,-0.4611375817463921,-0.6397679109542496,GP,0.36178960171798685,0.12570223779804823,2.5087034317158954e+21,9.19857924962495e+21
2.735936184210527,1.32,radius relation,0.12,395.34442864346187,4.09,687.4386580799826,0.01875,catalog,2869202542.077789,23595421.900632095,Jackson,-0.38760784760694017,-0.7984356158280399,log,0.44192668385931494,0.38370616800976953,4.2504879254971613e+21,1.558512239348959e+22
2.735936184210527,1.32,radius relation,0.12,395.34442864346187,4.09,1324.6746061176027,0.01875,catalog,3267205295.988685,17031950.001691993,Selsis,-0.30170641533282677,-0.799978571932736,GP,0.42249217756304264,0.5036077836813879,4.451009689317839e+21,1.6320368860832077e+22
2.735936184210527,1.32,radius relation,0.12,395.34442864346187,4.09,1573.090667051665,0.01875,catalog,1433298586.8378346,31576477.686795164,Jackson,-0.3963338757423228,-0.7647796659231336,log,0.20813304094835372,0.8050760883225987,3.300533347530207e+21,1.2101955607610759e+22
2.735936184210527,1.32,radius relation,0.12,395.34442864346187,4.09,170.9074520373402,0.01875,catalog,10089652253.654467,74922008.25990817,Jackson,-0.4539902457385217,-0.7607359999997774,linear,0.3554034462279418,0.48703228128359655,4.035808397417717e+22,1.4797964123864962e+23
2.735936184210527,1.32,radius relation,0.12,395.34442864346187,4.09,282.5919702441145,0.01875,catalog,10862339956.611073,53355674.2452805,Selsis,-0.3888418432531514,-0.6712022965673519,log,0.11675939974750818,0.658545171622354,5.421119949687512e+21,1.9877439815520876e+22
2.735936184210527,1.32,radius relation,0.12,395.34442864346187,4.09,932.662057482959,0.01875,catalog,4481698987.025208,83669013.73351865,Selsis,-0.4257006440009819,-0.7679348602720814,log,0.06283745200578121,0.5994645624500147,2.826489401851879e+21,1.0363794473456889e+22
2.735936184210527,1.32,radius relation,0.12,395.34442864346187,4.09,695.118479530413,0.01875,catalog,2841972604.9046564,2029258.0221873396,Jackson,-0.29567979203780154,-0.7203307083358026,log,0.1532992083702023,0.45219775513282,7.392131062408734e+21,2.7104480562165355e+22
2.735936184210527,1.32,radius relation,0.12,395.34442864346187,4.09,838.4807856467847,0.01875,catalog,4836318073.570228,55424581.348536536,Selsis,-0.4062493381516158,-0.6723997685345845,GP,0.06708462299023478,0.7983902904543824,3.511837691453022e+21,1.2876738201994415e+22
2.735936184210527,1.32,radius relation,0.12,395.34442864346187,4.09,376.2032723510728,0.01875,catalog,8725861684.27344,43274785.07075946,Selsis,-0.32467167502753663,-0.7514395142412255,linear,0.08037024768194755,0.11877159826148087,5.9042645269024405e+22,2.1648969931975614e+23
2.735936184210527,1.32,radius relation,0.12,395.34442864346187,4.09,223.35813432076844,0.01875,catalog,7834354766.83088,17091254.2254454,Jackson,-0.3940048753964188,-0.7660612062173052,GP,0.19313585075056058,0.7528373621377222,6.861736214903697e+21,2.515969945464689e+22
2.735936184210527,1.32,radius relation,0.12,395.34442864346187,4.09,685.7042078390893,0.01875,catalog,2875433371.511753,36390378.122769885,Jackson,-0.44806085082732705,-0.6225565870655339,linear,0.0900824714447555,0.6260268016233755,3.8450543358217116e+22,1.4098532564679608e+23
2.735936184210527,1.32,radius relation,0.12,395.34442864346187,4.09,317.73281645628754,0.01875,catalog,5665088070.962607,49565285.987551294,Jackson,-0.3540844588882704,-0.7561576232218549,log,0.05171758823544869,0.9454579994906457,5.336479837046379e+21,1.9567092735836724e+22
2.735936184210527,1.32,radius relation,0.12,395.34442864346187,4.09,1302.038967274825,0.01875,catalog,1674970820.870929,39154143.528236866,Jackson,-0.4958482661625773,-0.6213955135090623,log,0.09823279594705585,0.2896444577006161,3.3274457371592543e+21,1.2200634369583933e+22
2.735936184210527,1.32,radius relation,0.12,395.34442864346187,4.09,808.5326879748197,0.01875,catalog,4964343211.093464,90948172.43634678,Selsis,-0.32037816909778805,-0.6105886212855598,GP,0.18099054073654378,0.17119024197221688,5.858294646306383e+21,2.1480413703123402e+22
2.735936184210527,1.32,radius relation,0.12,395.34442864346187,4.09,1329.0800757469299,0.01875,catalog,2108343015.1973174,37657933.06954458,Selsis,-0.3037523879101795,-0.6144656050641795,log,0.15428554362729816,0.2902373878222003,2.911354020966228e+21,1.0674964743542834e+22
2.735936184210527,1.32,radius relation,0.12,395.34442864346187,4.09,533.8866325952488,0.01875,catalog,6716971780.395166,87594901.61945662,Selsis,-0.37951816582596504,-0.7035540847925961,log,0.10312878011010441,0.24219298419832413,4.3225870394700123e+21,1.5849485811390045e+22
2.735936184210527,1.32,radius relation,0.12,395.34442864346187,4.09,349.1309394175309,0.01875,catalog,5202814391.807517,58817849.38558064,Jackson,-0.4455375646955318,-0.655730486741759,GP,0.26058605274833824,0.8617386693860778,5.509624006829936e+21,2.0201954691709764e+22
2.735936184210527,1.32,radius relation,0.12,395.34442864346187,4.09,1331.7822076802208,0.01875,catalog,671288950.678332,81910622.12332456,Selsis,-0.4616491001628131,-0.7506585107309693,linear,0.09057506126772084,0.6421350416945177,3.974090177226394e+21,1.4571663983163442e+22
2.735936184210527,1.32,radius relation,0.12,395.34442864346187,4.09,1147.3543979727924,0.01875,catalog,3869435869.089186,59527375.6123662,Selsis,-0.34127461939296183,-0.7871370767797751,linear,0.2608890865836709,0.5077308674771122,3.211335296490579e+22,1.1774896087132123e+23
2.735936184210527,1.32,radius relation,0.12,395.34442864346187,4.09,1320.0376848073054,0.01875,catalog,3423625489.201286,78131658.21703039,Selsis,-0.4528281194960002,-0.6960493771723016,linear,0.07992841079942478,0.7466746492440117,2.0569100252899724e+22,7.542003426063232e+22
2.735936184210527,1.32,radius relation,0.12,395.34442864346187,4.09,348.5146410687784,0.01875,catalog,9247291712.955875,22463029.941738695,Selsis,-0.38757662332201126,-0.7796185160847894,GP,0.0591061933907453,0.06159961023855154,5.716021126778863e+21,2.0958744131522496e+22
2.735936184210527,1.32,radius relation,0.12,395.34442864346187,4.09,1110.7848402104248,0.01875,catalog,3958897869.703622,10341676.737292992,Selsis,-0.3101552156361224,-0.6442148236275675,log,0.11495299248228977,0.3784865100408483,4.981519183629785e+21,1.826557033997588e+22
2.735936184210527,1.32,radius relation,0.12,395.34442864346187,4.09,1752.5772917927543,0.01875,catalog,1312069734.1112792,61809117.53722682,Jackson,-0.33190519924063544,-0.6986624072879402,log,0.3619923414625105,0.3471278070953434,3.6773102658015755e+21,1.3483470974605777e+22
2.735936184210527,1.32,radius relation,0.12,395.34442864346187,4.09,573.0792608533469,0.01875,catalog,6375461729.3874,26595247.717219844,Selsis,-0.496768934507329,-0.7872588965818039,log,0.2741382749635501,0.9210211943655464,3.192896736005317e+21,1.1707288032019495e+22
2.735936184210527,1.32,radius relation,0.12,395.34442864346187,4.09,450.32455202575466,0.01875,catalog,7622109094.04243,47179702.44447651,Selsis,-0.34522590379685597,-0.6560742238127389,linear,0.25283641823820036,0.325570900439644,5.291485358593304e+22,1.940211298150878e+23
2.735936184210527,1.32,radius relation,0.12,395.34442864346187,4.09,476.21909356425056,0.01875,catalog,3947250197.8545156,24894128.952669874,Jackson,-0.4973721482243061,-0.70281447887651,linear,0.05972145474617695,0.3006715613610804,3.763308920275614e+22,1.3798799374343917e+23
2.735936184210527,1.32,radius relation,0.12,395.34442864346187,4.09,223.41586732946266,0.01875,catalog,7832464401.400843,64442628.838492766,Jackson,-0.4286994226942058,-0.7074353430170173,linear,0.07547649077247541,0.94028826758327,4.260539885756583e+22,1.562197958110747e+23
2.735936184210527,1.32,radius relation,0.12,395.34442864346187,4.09,1329.0800757469306,0.01875,catalog,2648856233.581093,72808302.08536874,Selsis,-0.41764743552986755,-0.6874236370310266,linear,0.22697727192086747,0.8268449603149507,1.7337528367903748e+22,6.35709373489804e+22
2.735936184210527,1.32,radius relation,0.12,395.34442864346187,4.09,828.883913121891,0.01875,catalog,2445621924.343269,50888890.102962196,Jackson,-0.39616863224447313,-0.6422464904269866,log,0.24115973092319606,0.7389260008626654,3.986769224731009e+21,1.46181538240137e+22
2.735936184210527,1.32,radius relation,0.12,395.34442864346187,4.09,229.05806578039014,0.01875,catalog,7652365720.812073,37141446.781405956,Jackson,-0.3559402148294766,-0.7718833993686435,GP,0.12883094399479933,0.055800009840783815,7.489266903944673e+21,2.74606453144638e+22
2.735936184210527,1.32,radius relation,0.12,395.34442864346187,4.09,589.9540060993821,0.01875,catalog,3273900659.613739,61468162.52284363,Jackson,-0.2819704603601616,-0.777294704688949,GP,0.41247501757568716,0.24787323522122506,8.566494620661303e+21,3.141048027575811e+22
2.735936184210527,1.32,radius relation,0.12,395.34442864346187,4.09,138.63774090266608,0.01875,catalog,12352707905.763527,84615092.30413166,Jackson,-0.46105083429815524,-0.7657551802973338,log,0.46829035379321593,0.19786041833310497,4.2012535501027494e+21,1.5404596350376747e+22
2.735936184210527,1.32,radius relation,0.12,395.34442864346187,4.09,351.87139338608966,0.01875,catalog,9180071143.738247,30780402.893579673,Selsis,-0.3523302935709199,-0.7389502328531343,GP,0.07113401985891675,0.8493526545547856,6.542913339890998e+21,2.3990682246266992e+22
2.735936184210527,1.32,radius relation,0.12,395.34442864346187,4.09,1129.4608431801967,0.01875,catalog,3912572936.808627,14249063.57200661,Selsis,-0.4600626192929914,-0.6499757591642092,log,0.08357636818487615,0.934910772858058,2.861991970151838e+21,1.0493970557223406e+22
2.735936184210527,1.32,radius relation,0.12,395.34442864346187,4.09,288.3554979325694,0.01875,catalog,6188066410.301831,57807328.124293126,Jackson,-0.4268695309350284,-0.6812547659779732,linear,0.4731231762046982,0.6772433394107175,4.227407809813089e+22,1.5500495302647993e+23
2.735936184210527,1.32,radius relation,0.12,395.34442864346187,4.09,269.2918043819286,0.01875,catalog,6588303452.171007,44338455.719730794,Jackson,-0.3208918074041542,-0.7875044613801917,GP,0.318397562726018,0.8548542748510225,8.349377557170359e+21,3.0614384376291315e+22
2.735936184210527,1.32,radius relation,0.12,395.34442864346187,4.09,1329.0800757469306,0.01875,catalog,2973822825.1808605,54750366.826794215,Selsis,-0.48423093437970954,-0.6358477141940103,GP,0.08553069977625258,0.47892536834475163,2.1345654194479162e+21,7.826739871309026e+21
2.735936184210527,1.32,radius relation,0.12,395.34442864346187,4.09,1298.2608844543558,0.01875,catalog,3547619683.938431,46169764.39699382,Selsis,-0.4956213876952938,-0.7908966924009517,linear,0.3964100189453728,0.13551263642628308,1.9575461798480987e+22,7.1776693261096945e+22
2.735936184210527,1.32,radius relation,0.12,395.34442864346187,4.09,213.94444062692355,0.01875,catalog,8156401996.709781,61095079.70824522,Jackson,-0.4207234411764472,-0.7586091617007708,linear,0.21764689263984174,0.7388442122361055,4.25080590306712e+22,1.5586288311246106e+23
2.735936184210527,1.32,radius relation,0.12,395.34442864346187,4.09,460.7736846038191,0.01875,catalog,4063556959.9766407,95290021.63739158,Jackson,-0.40326614580540593,-0.6224121025573043,log,0.1784558754244341,0.8831209088664776,4.3823403186948963e+21,1.6068581168547952e+22
2.735936184210527,1.32,radius relation,0.12,395.34442864346187,4.09,1329.0800757469299,0.01875,catalog,2725260978.041344,22402611.147290517,Selsis,-0.4094000320400003,-0.7300390103571698,log,0.27768046179907563,0.8655274559224704,2.0421677372646343e+21,7.487948369970325e+21
2.735936184210527,1.32,radius relation,0.12,395.34442864346187,4.09,1329.0800757469306,0.01875,catalog,1787050933.076345,25018711.93282205,Selsis,-0.3709319316841853,-0.7318759653425587,GP,0.08358888041360886,0.20516596611854343,1.6474561016226883e+21,6.040672372616523e+21
2.735936184210527,1.32,radius relation,0.12,395.34442864346187,4.09,553.7266856246699,0.01875,catalog,3459232439.5147905,99808303.64761771,Jackson,-0.3383395594313197,-0.7621819260171415,linear,0.127968361930926,0.9602493201788123,4.3468548088371215e+22,1.5938467632402778e+23
2.735936184210527,1.32,radius relation,0.12,395.34442864346187,4.09,616.3912186694669,0.01875,catalog,3151965274.2411637,97947552.9996199,Jackson,-0.3585921401329029,-0.7642534483010893,linear,0.13307692359080495,0.44179373865981364,3.86189609116433e+22,1.4160285667602542e+23
2.735936184210527,1.32,radius relation,0.12,395.34442864346187,4.09,1153.0672371888752,0.01875,catalog,3855911817.1920333,46680049.93493511,Selsis,-0.3375802024075675,-0.7939244994442992,log,0.12483403715885649,0.4941238535513469,3.6241835913922667e+21,1.328867316843831e+22
2.735936184210527,1.32,radius relation,0.12,395.34442864346187,4.09,629.2452378377732,0.01875,catalog,5953380141.305052,48722248.41354723,Selsis,-0.38560714852248684,-0.6303385612914174,log,0.06210506922386683,0.4952055812650751,4.510272635432698e+21,1.6537666329919892e+22
2.735936184210527,1.32,radius relation,0.12,395.34442864346187,4.09,157.67705663492663,0.01875,catalog,10901833640.6785,56977152.67962628,Jackson,-0.4028015426993072,-0.6538605888280151,linear,0.1300800402151527,0.22493689992684873,5.2233142391065595e+22,1.9152152210057383e+23
2.735936184210527,1.32,radius relation,0.12,395.34442864346187,4.09,1329.0800757469299,0.01875,catalog,2768385352.5830617,56084658.558307245,Selsis,-0.4711999866410308,-0.7247898259469431,log,0.07051580650910609,0.49109601158610405,1.7666557996009364e+21,6.4777379318701e+21
2.735936184210527,1.32,radius relation,0.12,395.34442864346187,4.09,264.9207358690002,0.01875,catalog,6688192607.488992,72865597.6118527,Jackson,-0.28315843008668384,-0.6489418202975877,log,0.21102860858785036,0.57938656754868,8.707176952269502e+21,3.192631549165484e+22
2.735936184210527,1.32,radius relation,0.12,395.34442864346187,4.09,866.6795182488165,0.01875,catalog,4722983056.870666,52988961.58129752,Selsis,-0.35552368604217344,-0.7434211484331144,log,0.4021878984302592,0.9354316330984869,3.8780289892815035e+21,1.4219439627365513e+22
2.735936184210527,1.32,radius relation,0.12,395.34442864346187,4.09,472.5814886215909,0.01875,catalog,7352738065.243939,73768389.68506917,Selsis,-0.4493560551022235,-0.7316020979806487,log,0.27617230187893443,0.960289152389342,3.644683731526305e+21,1.3363840348929785e+22
2.735936184210527,1.32,radius relation,0.12,395.34442864346187,4.09,588.62718419226,0.01875,catalog,3280298929.4732037,77042205.16795453,Jackson,-0.3487802793511422,-0.6231953044262007,linear,0.13838392126826415,0.22353676209701379,4.623286976600075e+22,1.695205224753361e+23
2.735936184210527,1.32,radius relation,0.12,395.34442864346187,4.09,1283.421398732413,0.01875,catalog,3576310053.43812,35064367.63913386,Selsis,-0.3817178703397608,-0.7551162760830944,log,0.14847843158685056,0.13844094893467795,2.8001796252896094e+21,1.0267325292728568e+22
2.735936184210527,1.32,radius relation,0.12,395.34442864346187,4.09,1329.0800757469306,0.01875,catalog,2414222151.590917,69556854.27009255,Selsis,-0.4111357560765118,-0.6291420713614819,linear,0.20282834900586919,0.2106171914112389,1.7781448164168358e+22,6.519864326861731e+22
2.735936184210527,1.32,radius relation,0.12,395.34442864346187,4.09,342.1377453228346,0.01875,catalog,5298501273.775416,54696313.726180606,Jackson,-0.36467942644333295,-0.7506801382112918,linear,0.44338667073984217,0.3078343714076417,4.67540101631512e+22,1.7143137059822108e+23
2.735936184210527,1.32,radius relation,0.12,395.34442864346187,4.09,816.7670192007156,0.01875,catalog,2476400136.341572,95676558.1291309,Jackson,-0.45100064821210895,-0.6176156327167004,GP,0.4492335945400414,0.5403434481338302,4.051566721394306e+21,1.4855744645112455e+22
2.735936184210527,1.32,radius relation,0.12,395.34442864346187,4.09,1324.1363791056754,0.01875,catalog,3284959604.1960645,54622364.22081093,Selsis,-0.2862368558772236,-0.7543978095007626,log,0.25500983324413945,0.4520785841623014,4.4943984211671216e+21,1.647946087761278e+22
2.735936184210527,1.32,radius relation,0.12,395.34442864346187,4.09,1068.6345609005723,0.01875,catalog,4068669560.180221,78293375.23314855,Selsis,-0.4036843304575842,-0.741580549182112,log,0.13756734242585833,0.009277446518149213,2.82643684841296e+21,1.0363601777514187e+22
2.735936184210527,1.32,radius relation,0.12,395.34442864346187,4.09,501.31089188355134,0.01875,catalog,7037276578.402209,12216202.553458795,Selsis,-0.374224682307197,-0.6895055671629945,log,0.08313801954400492,0.04901587982424149,4.798348489685317e+21,1.7593944462179495e+22
2.735936184210527,1.32,radius relation,0.12,395.34442864346187,4.09,393.8125422237494,0.01875,catalog,4670702036.454794,64780477.900388576,Jackson,-0.47736868428014134,-0.7599121700317635,GP,0.07395149954292783,0.7296678947179712,4.735254290246807e+21,1.736259906423829e+22
2.735936184210527,1.32,radius relation,0.12,395.34442864346187,4.09,451.3945848757275,0.01875,catalog,4137972027.8065133,12140590.383869879,Jackson,-0.3065037338317047,-0.7949311203660633,GP,0.0509223384004014,0.8232425067977701,8.7340212482678e+21,3.202474457698193e+22
2.735936184210527,1.32,radius relation,0.12,395.34442864346187,4.09,1329.0800757469306,0.01875,catalog,975050248.9149503,67361663.9765662,Selsis,-0.35031115836989957,-0.7397659866175699,GP,0.11600553021522714,0.7869170425776941,9.557589200347904e+20,3.504449373460898e+21
2.735936184210527,1.32,radius relation,0.12,395.34442864346187,4.09,1329.0800757469306,0.01875,catalog,1235089515.5319252,33331419.002636045,Selsis,-0.4781327762253171,-0.7136912960212759,GP,0.057552422681123844,0.0047576035828270635,8.948838729008892e+20,3.28124086730326e+21
2.735936184210527,1.32,radius relation,0.12,395.34442864346187,4.09,1329.0800757469306,0.01875,catalog,3079416360.3906355,63845997.548701465,Selsis,-0.40591458635622024,-0.7975094077208172,GP,0.24719906374590994,0.46264449755528325,2.13338676708965e+21,7.822418145995384e+21
2.735936184210527,1.32,radius relation,0.12,395.34442864346187,4.09,2819.8690177095855,0.01875,catalog,893822868.1962368,43986167.57293224,Jackson,-0.4426364742933804,-0.6428812073494156,linear,0.07019725066199863,0.9349757703361349,2.39892924128847e+22,8.79607388472439e+22
2.735936184210527,1.32,radius relation,0.12,395.34442864346187,4.09,1035.6626157853211,0.01875,catalog,2026784866.0120208,82102467.92994203,Jackson,-0.3935124269833065,-0.7442013597350202,log,0.3233454923434993,0.9941151177820076,3.324808178790115e+21,1.2190963322230422e+22
2.735936184210527,1.32,radius relation,0.12,395.34442864346187,4.09,337.40727857033966,0.01875,catalog,9478471629.72903,13148303.511227213,Selsis,-0.4083960188680042,-0.7648719329718898,GP,0.10021906389167785,0.9799866926735799,5.501254560769551e+21,2.017126672282169e+22
2.735936184210527,1.32,radius relation,0.12,395.34442864346187,4.09,870.9828174082044,0.01875,catalog,2345045185.941665,25093059.976508804,Jackson,-0.32912225744596324,-0.6747025449827138,log,0.36132594616019037,0.877821545038267,5.171696767246168e+21,1.896288814656928e+22
2.735936184210527,1.32,radius relation,0.12,395.34442864346187,4.09,265.12289283504657,0.01875,catalog,6683500083.630803,43009390.559976555,Jackson,-0.3750893236335391,-0.6244655952005191,log,0.051887269396144485,0.638660291231513,5.823217157903768e+21,2.135179624564715e+22
2.735936184210527,1.32,radius relation,0.12,395.34442864346187,4.09,826.8008964067236,0.01875,catalog,4885267586.321533,35663454.98405555,Selsis,-0.40292855364450153,-0.709729058007812,log,0.06351849766413536,0.8751421872855001,3.4005368032446707e+21,1.2468634945230459e+22
2.735936184210527,1.32,radius relation,0.12,395.34442864346187,4.09,1329.0800757469299,0.01875,catalog,1556652024.85372,10033912.23370706,Selsis,-0.4616948077926569,-0.7148181316665376,linear,0.3051046963689763,0.910209872057283,1.0787824462692033e+22,3.955535636320412e+22
2.735936184210527,1.32,radius relation,0.12,395.34442864346187,4.09,1329.0800757469306,0.01875,catalog,2330655280.048475,43674629.58351176,Selsis,-0.29200789817045053,-0.7005664175691206,linear,0.21668558969916854,0.5784213814229391,2.89460466550188e+22,1.0613550440173559e+23
2.735936184210527,1.32,radius relation,0.12,395.34442864346187,4.09,4713.901173471043,0.01875,catalog,595723969.0028559,57837911.9705062,Jackson,-0.4332824948791122,-0.7683667691510482,GP,0.0690931858306351,0.13454281352328723,2.2668823415471758e+21,8.311901919006311e+21
2.735936184210527,1.32,radius relation,0.12,395.34442864346187,4.09,1332.2089378068852,0.01875,catalog,644403637.9067454,73633351.58264749,Selsis,-0.4863402993329714,-0.7379971933609923,GP,0.3973215406037185,0.1750454498575842,4.2990991245208486e+20,1.5763363456576444e+21
2.735936184210527,1.32,radius relation,0.12,395.34442864346187,4.09,226.07572930478918,0.01875,catalog,7746430096.302276,20658988.619372256,Jackson,-0.4347523674789706,-0.708991217609279,log,0.23563890906854737,0.6853096591224035,4.916950167636104e+21,1.8028817281332382e+22
2.735936184210527,1.32,radius relation,0.12,395.34442864346187,4.09,155.56972957279262,0.01875,catalog,11044353636.496916,29046239.14717385,Jackson,-0.4596183115290599,-0.6010529458706391,log,0.15875392515399983,0.6362077915180021,6.12066960895834e+21,2.2442455232847244e+22
2.735936184210527,1.32,radius relation,0.12,395.34442864346187,4.09,382.33185382570315,0.01875,catalog,8619836412.25655,45442701.2033434,Selsis,-0.41923716585922166,-0.7220348665131041,GP,0.2663341775495447,0.4177134879591744,5.075022137051397e+21,1.8608414502521787e+22
2.735936184210527,1.32,radius relation,0.12,395.34442864346187,4.09,1329.0800757469306,0.01875,catalog,3042154933.6043243,84080391.83285493,Selsis,-0.32020969875282296,-0.7899631081132337,log,0.21336881225273796,0.11132062597241454,3.1371191938230486e+21,1.1502770377351177e+22
2.735936184210527,1.32,radius relation,0.12,395.34442864346187,4.09,1329.0800757469299,0.01875,catalog,1013838416.4273964,38215367.793429345,Selsis,-0.4167937471040789,-0.7487645453883506,linear,0.05019422808987499,0.2200006276942863,7.209987576665317e+21,2.6436621114439495e+22
2.735936184210527,1.32,radius relation,0.12,395.34442864346187,4.09,635.0603104536386,0.01875,catalog,5913526166.015045,72840260.30247694,Selsis,-0.3991184534452315,-0.6141624957991407,log,0.39383631408631636,0.9975330929502125,4.449136035099715e+21,1.631349879536562e+22
2.735936184210527,1.32,radius relation,0.12,395.34442864346187,4.09,782.1286489252747,0.01875,catalog,2569399996.5485473,88490149.40187067,Jackson,-0.3250537026504527,-0.6319244880090279,linear,0.3413997174058933,0.008562528339911335,4.614091860854341e+22,1.6918336823132584e+23
2.735936184210527,1.32,radius relation,0.12,395.34442864346187,4.09,891.3175806905454,0.01875,catalog,2299711029.770252,19243276.875240862,Jackson,-0.38810080306041633,-0.6756088762394411,log,0.1892329854986874,0.831656743932834,4.224380302186607e+21,1.5489394441350891e+22
2.735936184210527,1.32,radius relation,0.12,395.34442864346187,4.09,1244.8079582522,0.01875,catalog,3653766199.509313,64625960.554973215,Selsis,-0.34051679350537295,-0.6930863472606934,log,0.16788197097478597,0.6135672634449089,3.4898138464198926e+21,1.2795984103539607e+22
2.735936184210527,1.32,radius relation,0.12,395.34442864346187,4.09,1654.2174114030142,0.01875,catalog,1375464279.3161237,18440500.71004472,Jackson,-0.39383214633958286,-0.6718998435088396,linear,0.3190148107850508,0.041530528074389395,3.364774840592275e+22,1.2337507748838341e+23
2.735936184210527,1.32,radius relation,0.12,395.34442864346187,4.09,1329.1343026126322,0.01875,catalog,865237322.7875522,80151752.48471744,Selsis,-0.4241443562654605,-0.6075773067811849,GP,0.0695677788358299,0.4244734730753785,7.685255230421683e+20,2.817926917821284e+21
2.735936184210527,1.32,radius relation,0.12,395.34442864346187,4.09,491.4905314362157,0.01875,catalog,3839265283.7312503,36777526.655679636,Jackson,-0.3893099593656557,-0.7120673501603069,GP,0.43962517839880927,0.8145991687022446,5.480773041915198e+21,2.0096167820355724e+22
2.735936184210527,1.32,radius relation,0.12,395.34442864346187,4.09,848.6830088990615,0.01875,catalog,4794542039.753923,62400780.42882539,Selsis,-0.28473205286870085,-0.6400171931815567,log,0.43112605573439744,0.6170524349769106,6.622665415001976e+21,2.428310652167391e+22
2.735936184210527,1.32,radius relation,0.12,395.34442864346187,4.09,407.97347539136535,0.01875,catalog,4526023985.443199,92706061.85418284,Jackson,-0.47627750158638776,-0.6245845209255202,log,0.13509309438604317,0.9258050563000348,4.0864182674031137e+21,1.498353364714475e+22
2.735936184210527,1.32,radius relation,0.12,395.34442864346187,4.09,1339.44349844611,0.01875,catalog,582277307.0881121,25674159.95592744,Selsis,-0.3051034228143564,-0.7580564492985684,log,0.19748644721191722,0.961732204296266,8.990980367280295e+20,3.296692801336108e+21
2.735936184210527,1.32,radius relation,0.12,395.34442864346187,4.09,1492.607269085961,0.01875,catalog,1496459934.4645176,63904103.83214992,Jackson,-0.3623476354851038,-0.7227191488585185,linear,0.22944691577011994,0.8270048483410777,3.1865113575788766e+22,1.1683874977789214e+23
2.735936184210527,1.32,radius relation,0.12,395.34442864346187,4.09,1329.0800757469306,0.01875,catalog,1793473499.8062508,54830145.852083765,Selsis,-0.2870236347161647,-0.6559584471645916,log,0.30736910799173145,0.7254940767556458,2.6112181215068496e+21,9.574466445525115e+21
2.735936184210527,1.32,radius relation,0.12,395.34442864346187,4.09,650.9129787454366,0.01875,catalog,3007149881.0438952,66456776.93232509,Jackson,-0.4450514877096868,-0.7531063421037961,linear,0.3360401267067175,0.10828961853667263,3.2598190694417075e+22,1.195266992128626e+23
2.735936184210527,1.32,radius relation,0.12,395.34442864346187,4.09,333.20483159460196,0.01875,catalog,5426508114.698455,11084359.04275633,Jackson,-0.41606293321663945,-0.7362090850059367,log,0.2544563337063048,0.7653859988644394,4.851146578736046e+21,1.7787537455365501e+22
2.735936184210527,1.32,radius relation,0.12,395.34442864346187,4.09,1340.104018862729,0.01875,catalog,579296448.4786294,11119912.423416872,Selsis,-0.4758858098110674,-0.7295119180202347,GP,0.3288570308151157,0.6369785473347236,5.7721426926619656e+20,2.1164523206427206e+21
2.735936184210527,1.32,radius relation,0.12,395.34442864346187,4.09,1174.7699886477249,0.01875,catalog,1824277073.3185875,84700922.29562634,Jackson,-0.4884623787899523,-0.6052432798872907,log,0.0948083830147706,0.3791358321387238,3.197587774633909e+21,1.1724488506991e+22
2.735936184210527,1.32,radius relation,0.12,395.34442864346187,4.09,638.7134634884453,0.01875,catalog,5888822229.480281,29396774.82700398,Selsis,-0.3977996961820504,-0.6608898404474675,log,0.1550969327337115,0.7876098581602399,4.117118453255823e+21,1.5096100995271351e+22
2.735936184210527,1.32,radius relation,0.12,395.34442864346187,4.09,1329.0800757469306,0.01875,catalog,2994518085.7182183,68386886.50947672,Selsis,-0.48028737034597285,-0.6957026598800481,GP,0.3852109462378782,0.4436699460098448,1.9234452772500784e+21,7.052632683250287e+21
2.735936184210527,1.32,radius relation,0.12,395.34442864346187,4.09,1175.452324891537,0.01875,catalog,3804034974.9756403,69619513.45929377,Selsis,-0.3674327836339637,-0.7106287918328874,linear,0.2452948996684519,0.7028124277298354,2.8444749695010434e+22,1.0429741554837158e+23
2.735936184210527,1.32,radius relation,0.12,395.34442864346187,4.09,1318.9885226058032,0.01875,catalog,1657136869.0544682,19487696.380880814,Jackson,-0.3759551154884766,-0.6631914299701815,GP,0.28997789555819964,0.7092072667617659,4.905589561114027e+21,1.7987161724084766e+22
2.735936184210527,1.32,radius relation,0.12,395.34442864346187,4.09,752.3344244306056,0.01875,catalog,2655931668.1113405,40843052.30164275,Jackson,-0.2920286633351609,-0.6213989800876747,log,0.1419201284703383,0.7614239918518105,6.689416777588675e+21,2.452786151782514e+22
2.735936184210527,1.32,radius relation,0.12,395.34442864346187,4.09,1329.0800757469299,0.01875,catalog,2854649699.9729342,12525284.509273786,Selsis,-0.29948205228045616,-0.7538913236534501,linear,0.16696305579084472,0.34766087725537254,3.4160481472827284e+22,1.2525509873370004e+23
2.735936184210527,1.32,radius relation,0.12,395.34442864346187,4.09,172.34495612687272,0.01875,catalog,10009122955.902105,11751096.027949588,Jackson,-0.43510935238413295,-0.6517033970029791,linear,0.06899353403792183,0.18439531533689868,5.353230331442267e+22,1.9628511215288312e+23
2.735936184210527,1.32,radius relation,0.12,395.34442864346187,4.09,1054.7379587010766,0.01875,catalog,4106550468.9520454,88683749.63239157,Selsis,-0.29666673777792313,-0.750944179139124,log,0.22625823523974872,0.7279007083039849,4.964254994759201e+21,1.8202268314117069e+22
2.735936184210527,1.32,radius relation,0.12,395.34442864346187,4.09,1069.1428601026205,0.01875,catalog,1973499382.502061,65277176.36578383,Jackson,-0.48799823028965533,-0.6446047133928932,log,0.1976751578313342,0.3973032768323643,3.205708294907335e+21,1.1754263747993562e+22
2.735936184210527,1.32,radius relation,0.12,395.34442864346187,4.09,308.10071956291597,0.01875,catalog,5825625395.66654,33358968.54613152,Jackson,-0.33876052729639866,-0.6522505242148444,log,0.47565577369388184,0.9736850661555749,6.33539034196469e+21,2.322976458720386e+22
2.735936184210527,1.32,radius relation,0.12,395.34442864346187,4.09,202.10925738153423,0.01875,catalog,8604474910.569698,56340979.1697524,Jackson,-0.3723039520450886,-0.6616389374839371,linear,0.1585286032369144,0.9972011232465898,5.389525641800373e+22,1.97615940199347e+23
2.735936184210527,1.32,radius relation,0.12,395.34442864346187,4.09,1329.0800757469299,0.01875,catalog,1184118125.2687147,62309448.594564795,Selsis,-0.42189457118954965,-0.7465690120904142,linear,0.1500179691082132,0.9448588639478193,7.69112448398447e+21,2.8200789774609722e+22
2.735936184210527,1.32,radius relation,0.12,395.34442864346187,4.09,1128.5701914667654,0.01875,catalog,3914751500.474846,2888647.4549908503,Selsis,-0.3192617542817223,-0.6016262243309295,GP,0.16638841659224765,0.47025848146647387,5.633324386502577e+21,2.065552275050945e+22
2.735936184210527,1.32,radius relation,0.12,395.34442864346187,4.09,556.8456246522991,0.01875,catalog,3442358870.525677,35064067.545111395,Jackson,-0.42224864623969083,-0.7332731966835988,GP,0.37104463616740224,0.9453702101942281,4.931159503115304e+21,1.8080918178089446e+22
2.735936184210527,1.32,radius relation,0.12,395.34442864346187,4.09,847.1512151552981,0.01875,catalog,4800757394.525635,57641277.93133589,Selsis,-0.3833167552055446,-0.6238549769904594,log,0.1836811507731565,0.037775832320928626,4.0065813615852813e+21,1.4690798325812697e+22
2.735936184210527,1.32,radius relation,0.12,395.34442864346187,4.09,1537.9151775880339,0.01875,catalog,1460142741.308555,35946730.82849381,Jackson,-0.3492300543241278,-0.7640492692499207,GP,0.14721334421481236,0.6461538284079581,4.672107572407899e+21,1.7131061098828964e+22
2.735936184210527,1.32,radius relation,0.12,395.34442864346187,4.09,1329.0800757469306,0.01875,catalog,1702646983.7313013,29991135.75913119,Selsis,-0.441090948908028,-0.7246108893240579,GP,0.09651593715676027,0.9778052518586673,1.234745522254265e+21,4.5274002482656376e+21
2.735936184210527,1.32,radius relation,0.12,395.34442864346187,4.09,473.6321896462196,0.01875,catalog,3966214144.6081443,47294392.78122809,Jackson,-0.4743818600865495,-0.7953854231123851,linear,0.4991811258644135,0.012046595328727427,3.481932080161829e+22,1.2767084293926705e+23
2.735936184210527,1.32,radius relation,0.12,395.34442864346187,4.09,1272.7294574519112,0.01875,catalog,3597344646.628925,73509847.66590288,Selsis,-0.34712163056483725,-0.7798739684923467,log,0.2459422835854338,0.7610448379575421,3.1730890563784404e+21,1.1634659873387614e+22
2.735936184210527,1.32,radius relation,0.12,395.34442864346187,4.09,812.9960970528228,0.01875,catalog,4944731370.075624,74128111.7141479,Selsis,-0.45914372282399446,-0.710792571329855,GP,0.06502706303884556,0.593774739384807,3.068984064757666e+21,1.1252941570778109e+22
2.735936184210527,1.32,radius relation,0.12,395.34442864346187,4.09,337.9323599870057,0.01875,catalog,5357928996.192381,59696303.87321211,Jackson,-0.453308864019752,-0.6352325371662187,GP,0.06721649818181488,0.06818418219563849,5.674288094054087e+21,2.0805723011531655e+22
2.735936184210527,1.32,radius relation,0.12,395.34442864346187,4.09,253.06651515132899,0.01875,catalog,6976502036.336959,77098611.43088748,Jackson,-0.45600127286432435,-0.6662681512381806,linear,0.18078031162667044,0.21142913995598156,4.098417219135239e+22,1.5027529803495876e+23
2.735936184210527,1.32,radius relation,0.12,395.34442864346187,4.09,316.06685505122795,0.01875,catalog,5692159228.911414,15113271.009123666,Jackson,-0.33557519082502474,-0.6851775204415355,linear,0.22709327693914716,0.1355832403544438,6.169816013107669e+22,2.262265871472812e+23
2.735936184210527,1.32,radius relation,0.12,395.34442864346187,4.09,182.64773998391362,0.01875,catalog,9469954363.930893,16673436.995686721,Jackson,-0.43078854929234695,-0.7974182246993533,linear,0.10592215257553525,0.7436248426144854,4.658413510045279e+22,1.708084953683269e+23
2.735936184210527,1.32,radius relation,0.12,395.34442864346187,4.09,417.8436287159875,0.01875,catalog,4430879127.636871,76294602.85690875,Jackson,-0.33707039659843,-0.633565734688044,log,0.051616422520988005,0.7823566121720174,5.639255643058472e+21,2.0677270691214394e+22
2.735936184210527,1.32,radius relation,0.12,395.34442864346187,4.09,291.9016101972365,0.01875,catalog,6119375489.25449,28061860.77592531,Jackson,-0.3751564969308734,-0.734691574031821,linear,0.2124517857355701,0.9733233696237958,4.95418987965372e+22,1.8165362892063637e+23
2.735936184210527,1.32,radius relation,0.12,395.34442864346187,4.09,386.49806609946796,0.01875,catalog,8549519814.169976,20767248.79052535,Selsis,-0.3884366529580292,-0.6897682161109571,linear,0.06869151564586405,0.7734427034565792,4.51772214397243e+22,1.6564981194565576e+23
2.735936184210527,1.32,radius relation,0.12,395.34442864346187,4.09,518.5631395304458,0.01875,catalog,3663065647.6391454,12390872.32129698,Jackson,-0.3010956149530786,-0.6356536445224164,linear,0.1720693928195501,0.7823346122289697,7.107061683681553e+22,2.6059226173499027e+23
2.735936184210527,1.32,radius relation,0.12,395.34442864346187,4.09,1329.0800757469299,0.01875,catalog,1570220318.746115,44366713.251223855,Selsis,-0.3728421366465144,-0.7894229248073765,GP,0.40539075114378126,0.4390658681787446,1.3555853988091656e+21,4.970479795633607e+21
2.735936184210527,1.32,radius relation,0.12,395.34442864346187,4.09,520.9309543111046,0.01875,catalog,6840020867.165561,54792177.66906922,Selsis,-0.4479402516083847,-0.7367403815491909,linear,0.15425478958044284,0.15405763752076207,3.279872932549312e+22,1.202620075268081e+23
2.735936184210527,1.32,radius relation,0.12,395.34442864346187,4.09,1746.6041103665457,0.01875,catalog,1315729507.2142954,29026310.236974467,Jackson,-0.28360845942899165,-0.6090437413260538,GP,0.07225612674760634,0.42329479816961046,7.548931487237524e+21,2.7679415453204255e+22
2.735936184210527,1.32,radius relation,0.12,395.34442864346187,4.09,717.021128650608,0.01875,catalog,2767392300.5297284,36396447.07628161,Jackson,-0.4317469148496317,-0.7806636410321289,GP,0.1701555758388547,0.10551241687997659,4.4471450194472925e+21,1.630619840464007e+22
2.735936184210527,1.32,radius relation,0.12,395.34442864346187,4.09,603.8346690214881,0.01875,catalog,6135592144.263861,96689730.30306728,Selsis,-0.3957516179154848,-0.7270691806599987,linear,0.06291629748379902,0.847017533182353,3.4840723556286937e+22,1.2774931970638543e+23
2.735936184210527,1.32,radius relation,0.12,395.34442864346187,4.09,1329.0800757469306,0.01875,catalog,2124935267.1993833,26512306.85444454,Selsis,-0.4171443712768451,-0.6202103700450194,GP,0.31602228649521963,0.44483607276640935,1.9259246942736244e+21,7.061723879003289e+21
2.735936184210527,1.32,radius relation,0.12,395.34442864346187,4.09,1329.0800757469306,0.01875,catalog,2082769401.753823,41728015.97491505,Selsis,-0.3373776869942749,-0.7759258666797731,GP,0.16822369644389096,0.794035789724528,2.1701096890888587e+21,7.957068859992482e+21
2.735936184210527,1.32,radius relation,0.12,395.34442864346187,4.09,256.9261061525061,0.01875,catalog,6879701465.570418,37211603.64791471,Jackson,-0.397845137607631,-0.6632439842240483,GP,0.12128544501440695,0.9528902115987616,6.78564338591608e+21,2.4880692415025625e+22
2.735936184210527,1.32,radius relation,0.12,395.34442864346187,4.09,1329.0800757469306,0.01875,catalog,2785583637.564606,57365806.38141543,Selsis,-0.42298643682322756,-0.6622088750120331,GP,0.176588470647153,0.3533117831422432,2.0921004067115935e+21,7.671034824609176e+21
2.735936184210527,1.32,radius relation,0.12,395.34442864346187,4.09,446.2430142707251,0.01875,catalog,4180145084.9571424,82707082.43544963,Jackson,-0.35759119726267286,-0.7513552352596305,log,0.07854529677009794,0.20744543068014454,4.6291718497484805e+21,1.6973630115744429e+22
2.735936184210527,1.32,radius relation,0.12,395.34442864346187,4.09,809.9994032327335,0.01875,catalog,2493972965.9967246,91279360.72732921,Jackson,-0.3916989097727376,-0.7709909540310588,linear,0.10032292951176604,0.24517805483370325,3.2500532756338954e+22,1.1916862010657616e+23
2.735936184210527,1.32,radius relation,0.12,395.34442864346187,4.09,1329.0800757469299,0.01875,catalog,3014574997.46268,41142964.961085506,Selsis,-0.4961394420755348,-0.6479874473329267,GP,0.11039503158287128,0.7432368008939336,2.0884197462668531e+21,7.657539069645128e+21
2.735936184210527,1.32,radius relation,0.12,395.34442864346187,4.09,280.0651334013454,0.01875,catalog,6355429792.868291,42355153.54077097,Jackson,-0.3581181770675322,-0.7542250076246646,log,0.21276970483216162,0.24127274568207135,5.456315388909e+21,2.0006489759333e+22
2.735936184210527,1.32,radius relation,0.12,395.34442864346187,4.09,235.1920547908027,0.01875,catalog,7466465018.713691,57835183.74060148,Jackson,-0.46500009091213085,-0.6444935624824278,log,0.19610397661419632,0.3348383103550008,4.7177843092690137e+21,1.7298542467319717e+22
2.735936184210527,1.32,radius relation,0.12,395.34442864346187,4.09,1220.940686321856,0.01875,catalog,3703785329.5515213,88672156.29916734,Selsis,-0.28867973843464617,-0.6185387075861135,GP,0.06598766125694386,0.6103904034935991,5.773789833597407e+21,2.1170562723190493e+22
2.735936184210527,1.32,radius relation,0.12,395.34442864346187,4.09,526.6700013357699,0.01875,catalog,3613730787.6869946,8925849.118065959,Jackson,-0.3362500382469879,-0.790589973492171,GP,0.3850035422603862,0.4458933365724388,7.207505644879556e+21,2.6427520697891706e+22
2.735936184210527,1.32,radius relation,0.12,395.34442864346187,4.09,344.35097836247763,0.01875,catalog,5267802210.743422,97289781.11714467,Jackson,-0.41780797792578966,-0.744049353667526,linear,0.08904053600234119,0.21304009522902356,3.7317765277557587e+22,1.3683180601771114e+23
2.735936184210527,1.32,radius relation,0.12,395.34442864346187,4.09,728.4639633263072,0.01875,catalog,2730140915.642362,77044326.13729249,Jackson,-0.48675652067199826,-0.6543865773360407,linear,0.3685034783058497,0.4826105661048058,3.187225073535694e+22,1.1686491936297544e+23
2.735936184210527,1.32,radius relation,0.12,395.34442864346187,4.09,630.4964685281028,0.01875,catalog,5944749068.102876,46313822.37845316,Selsis,-0.4279101174929564,-0.6868199849230825,GP,0.11041181949014017,0.4447248888841807,3.871524877793902e+21,1.419559121857764e+22
2.735936184210527,1.32,radius relation,0.12,395.34442864346187,4.09,181.9006338087653,0.01875,catalog,9506949908.179558,61590079.94115878,Jackson,-0.3566869303144131,-0.6967601440241583,linear,0.16363338147338133,0.6547735041547121,5.600758849535133e+22,2.053611578162882e+23
2.735936184210527,1.32,radius relation,0.12,395.34442864346187,4.09,1264.5763356713412,0.01875,catalog,1715980199.2625792,96335010.23482063,Jackson,-0.3022975717752899,-0.7063546874279903,GP,0.1487091236730529,0.40398524779557266,5.595963479089126e+21,2.051853275666013e+22
2.735936184210527,1.32,radius relation,0.12,395.34442864346187,4.09,658.9972228711578,0.01875,catalog,2975351040.6959667,20845310.89503431,Jackson,-0.33551343668748207,-0.6085962753592894,log,0.2308808224503811,0.8086891122734386,5.844582605574727e+21,2.1430136220440664e+22
2.735936184210527,1.32,radius relation,0.12,395.34442864346187,4.09,1243.2693838034463,0.01875,catalog,1740340101.0823126,94237412.58638617,Jackson,-0.33056514579284835,-0.6445803379885364,linear,0.09137857348872402,0.235985601360312,3.7788589979318274e+22,1.3855816325750032e+23
2.735936184210527,1.32,radius relation,0.12,395.34442864346187,4.09,1667.1777703445891,0.01875,catalog,1366712463.1634986,19491246.358597737,Jackson,-0.4713248462946223,-0.6893944713591567,GP,0.22613313215938932,0.5054581255145769,3.8616875123245905e+21,1.4159520878523499e+22
2.735936184210527,1.32,radius relation,0.12,395.34442864346187,4.09,425.2913896730759,0.01875,catalog,4361952702.567899,96289154.43318267,Jackson,-0.4495405306992491,-0.7345902676001215,GP,0.13530072524051892,0.8013995177159965,4.556129783889909e+21,1.6705809207596333e+22
2.735936184210527,1.32,radius relation,0.12,395.34442864346187,4.09,797.3037716405449,0.01875,catalog,2527706512.687118,2412188.7288810145,Jackson,-0.32610254066481126,-0.7952473932431237,GP,0.2723666620938814,0.2684327667485533,7.558188228763485e+21,2.7713356838799443e+22
2.735936184210527,1.32,radius relation,0.12,395.34442864346187,4.09,1329.0800757469299,0.01875,catalog,2565935789.5083284,71164030.45558544,Selsis,-0.4171991959943427,-0.6644567072650253,GP,0.17982053165117864,0.2365580066110976,1.926866346737795e+21,7.065176604705248e+21
2.735936184210527,1.32,radius relation,0.12,395.34442864346187,4.09,592.8297427751423,0.01875,catalog,3260128136.2377963,4025134.8401422095,Jackson,-0.31115370360144373,-0.7689109388180851,linear,0.30443147959704187,0.5731270096647396,6.4534604857941965e+22,2.3662688447912052e+23
2.735936184210527,1.32,radius relation,0.12,395.34442864346187,4.09,369.7359429819691,0.01875,catalog,4941679207.329841,46727339.72070026,Jackson,-0.4911116546614086,-0.7685869904049719,log,0.3830186757203206,0.5389889515646977,3.869315799271905e+21,1.4187491263996985e+22
2.735936184210527,1.32,radius relation,0.12,395.34442864346187,4.09,786.7174915456579,0.01875,catalog,2556630071.5049186,1678806.8743964937,Jackson,-0.36425930015399255,-0.7790959386537744,linear,0.13096567951515314,0.952257671145562,4.8356751443129755e+22,1.773080886248091e+23
2.735936184210527,1.32,radius relation,0.12,395.34442864346187,4.09,1105.140950566812,0.01875,catalog,3973168132.3569164,5223883.8840943985,Selsis,-0.3880385347718769,-0.6237979386012528,linear,0.07843053341392932,0.8050288232807024,3.321722596592809e+22,1.21796495208403e+23
2.735936184210527,1.32,radius relation,0.12,395.34442864346187,4.09,268.43106022785133,0.01875,catalog,6607715875.613317,79313851.11360084,Jackson,-0.3229365570442296,-0.684459040005623,log,0.059087455333393685,0.3071710069490775,6.417119754529443e+21,2.352943909994129e+22
2.735936184210527,1.32,radius relation,0.12,395.34442864346187,4.09,2213.8958959318925,0.01875,catalog,1085464066.247773,92082656.27931318,Jackson,-0.46270322898228683,-0.6394103091973015,linear,0.11136638866123352,0.14201229587850817,2.2513646679536274e+22,8.255003782496633e+22
2.735936184210527,1.32,radius relation,0.12,395.34442864346187,4.09,1193.626293204313,0.01875,catalog,1800266177.630235,71531480.78129368,Jackson,-0.45642172537511705,-0.7969918753337136,log,0.18857824608178508,0.2509463597219529,2.9197805404699e+21,1.0705861981722965e+22
2.735936184210527,1.32,radius relation,0.12,395.34442864346187,4.09,1032.3799849821623,0.01875,catalog,4169379369.686612,84225715.77471092,Selsis,-0.3916084856837098,-0.7049047046713914,log,0.2525075684652174,0.4045468432206828,3.0605216552215485e+21,1.1221912735812344e+22
2.735936184210527,1.32,radius relation,0.12,395.34442864346187,4.09,754.8459619810939,0.01875,catalog,2648385220.4395914,16398281.408280993,Jackson,-0.3670673992270857,-0.6750962729730772,linear,0.21994736532483744,0.09019051179531656,4.465612367545173e+22,1.63739120143323e+23
2.735936184210527,1.32,radius relation,0.12,395.34442864346187,4.09,349.6618504762482,0.01875,catalog,9224184898.869741,60255090.57678882,Selsis,-0.46425611623783786,-0.6167903403568348,GP,0.07598602192181406,0.267096640695888,5.821793326196098e+21,2.134657552938569e+22
2.735936184210527,1.32,radius relation,0.12,395.34442864346187,4.09,1329.0800757469299,0.01875,catalog,1166314090.2725625,50268014.353580594,Selsis,-0.30061184927617046,-0.6801795348384486,GP,0.15410155630911535,0.8022480580994228,1.7188042055955068e+21,6.302282087183524e+21
2.735936184210527,1.32,radius relation,0.12,395.34442864346187,4.09,635.3698897323994,0.01875,catalog,3070474784.0018134,85803809.42604804,Jackson,-0.31452052288890886,-0.7737042211405086,linear,0.2942238757087336,0.5775133493818195,4.898158803364342e+22,1.7959915612335918e+23
2.735936184210527,1.32,radius relation,0.12,395.34442864346187,4.09,6133.799626712304,0.01875,catalog,444227976.6295279,56028692.16110427,Jackson,-0.4723611176197748,-0.65790118417194,GP,0.3058900140078676,0.038659643934014554,1.8361868592661277e+21,6.732685150642468e+21
2.735936184210527,1.32,radius relation,0.12,395.34442864346187,4.09,1698.8192376702157,0.01875,catalog,231153990.72807476,91675779.45499712,Selsis,-0.3131014053153539,-0.7287102088021106,linear,0.19791338164335825,0.00904022496946888,2.1582162651702234e+21,7.913459638957486e+21
2.735936184210527,1.32,radius relation,0.12,395.34442864346187,4.09,2137.244454225019,0.01875,catalog,1116802762.715214,91016044.25410601,Jackson,-0.29881292293926204,-0.7515097459430752,log,0.06796683037853576,0.3846671026785087,3.7775449831052054e+21,1.3850998271385753e+22
2.735936184210527,1.32,radius relation,0.12,395.34442864346187,4.09,1322.744772195426,0.01875,catalog,3331348342.077859,35002721.92726024,Selsis,-0.446209651920617,-0.6302109524314863,log,0.1383044436341987,0.042093430540814936,2.57417530416994e+21,9.438642781956446e+21
2.735936184210527,1.32,radius relation,0.12,395.34442864346187,4.09,634.3608402722668,0.01875,catalog,3074689093.16506,74825724.44919032,Jackson,-0.3097863659855269,-0.6881341300530176,linear,0.05001098351984779,0.30728731894348105,5.26369650400723e+22,1.9300220514693176e+23
2.735936184210527,1.32,radius relation,0.12,395.34442864346187,4.09,582.6895058905573,0.01875,catalog,3309276837.6264105,88587760.3022778,Jackson,-0.37612246243834097,-0.7014779400391599,log,0.24181595321044616,0.22999846180010275,4.09706464662481e+21,1.5022570370957637e+22
2.735936184210527,1.32,radius relation,0.12,395.34442864346187,4.09,698.9278947957821,0.01875,catalog,2828679036.7756352,37195162.663122326,Jackson,-0.323472901735904,-0.6317952883433519,log,0.11971378549182703,0.48309789930125446,5.653701972987678e+21,2.0730240567621485e+22
2.735936184210527,1.32,radius relation,0.12,395.34442864346187,4.09,1329.0800757469299,0.01875,catalog,1097224127.2930744,77680940.68180785,Selsis,-0.3674425635105328,-0.6118157418884372,linear,0.07860932967862662,0.5557288587023672,9.70707600551145e+21,3.559261202020865e+22
2.735936184210527,1.32,radius relation,0.12,395.34442864346187,4.09,424.43059043162657,0.01875,catalog,4369797940.372292,1052890.2454852948,Jackson,-0.434425744136366,-0.6722329238921474,log,0.08436505053963785,0.683792519459757,5.080687157371991e+21,1.86291862436973e+22
2.735936184210527,1.32,radius relation,0.12,395.34442864346187,4.09,665.8244156759262,0.01875,catalog,2949075639.9226766,43264716.70305812,Jackson,-0.34770411865537687,-0.6309993618845362,linear,0.05079795132431272,0.42376141602405426,4.751935030415767e+22,1.7423761778191147e+23
2.735936184210527,1.32,radius relation,0.12,395.34442864346187,4.09,474.4212363733077,0.01875,catalog,3960408469.4049563,64072800.64957763,Jackson,-0.3460764452493005,-0.715552218382766,GP,0.34646779367499914,0.5998463460652019,5.978104325160497e+21,2.191971585892182e+22
2.735936184210527,1.32,radius relation,0.12,395.34442864346187,4.09,557.0762426289866,0.01875,catalog,6509669893.06682,37094745.04140138,Selsis,-0.34134394280885205,-0.6193008850653243,GP,0.050518448212808854,0.6165221573665156,6.185066208222184e+21,2.2678576096814674e+22
2.735936184210527,1.32,radius relation,0.12,395.34442864346187,4.09,203.77607756911652,0.01875,catalog,8538171770.149148,88472038.62869,Jackson,-0.33277730575641884,-0.6561303408541903,linear,0.1133653128767307,0.33094888571982684,6.167493443405056e+22,2.261414262581854e+23
2.735936184210527,1.32,radius relation,0.12,395.34442864346187,4.09,447.0982202714603,0.01875,catalog,7663175019.698584,65574988.29404871,Selsis,-0.3578060188824752,-0.6178656360110146,log,0.21584333728352995,0.29258506586624333,5.844833347770395e+21,2.143105560849145e+22
2.735936184210527,1.32,radius relation,0.12,395.34442864346187,4.09,638.2537584540202,0.01875,catalog,3058501055.2848706,54088822.833794154,Jackson,-0.4045038677251992,-0.6272147427493115,GP,0.3285469678783598,0.6672190345716781,5.01431159197709e+21,1.8385809170582661e+22
2.735936184210527,1.32,radius relation,0.12,395.34442864346187,4.09,1329.0800757469299,0.01875,catalog,1997128323.8513412,86688459.15238525,Selsis,-0.42685159152036306,-0.7289044804369537,log,0.451646564088663,0.22588367961531142,1.3381748785852803e+21,4.906641221479361e+21
2.735936184210527,1.32,radius relation,0.12,395.34442864346187,4.09,449.52698852947714,0.01875,catalog,4153151848.425878,75228162.3445079,Jackson,-0.29988745791047655,-0.6230999116508771,log,0.09542485881472856,0.061721713761335506,6.899834307809259e+21,2.529939246196728e+22
2.735936184210527,1.32,radius relation,0.12,395.34442864346187,4.09,449.6751458459441,0.01875,catalog,7630331898.477757,25105099.53892227,Selsis,-0.3209112016358799,-0.6909775967748841,GP,0.05013352369611517,0.05361930199269238,7.016825434939093e+21,2.5728359928110005e+22
2.735936184210527,1.32,radius relation,0.12,395.34442864346187,4.09,275.1127298147066,0.01875,catalog,6460214588.735761,80388248.96120033,Jackson,-0.3162558369599792,-0.6409681928589391,linear,0.27507602433385064,0.3351218299799569,6.462172572548845e+22,2.3694632766012432e+23
2.735936184210527,1.32,radius relation,0.12,395.34442864346187,4.09,1180.1966846390783,0.01875,catalog,3793262423.5745716,51843134.86241889,Selsis,-0.4799176488206143,-0.6581067899369056,log,0.1610928652856016,0.9768135667646741,2.574823564687797e+21,9.441019737188588e+21
2.735936184210527,1.32,radius relation,0.12,395.34442864346187,4.09,285.2373422461473,0.01875,catalog,6249875284.466806,21326609.588746965,Jackson,-0.4105740323653675,-0.6151460273184828,GP,0.13063973935321085,0.4942523635677133,7.207175813779979e+21,2.6426311317193253e+22
2.735936184210527,1.32,radius relation,0.12,395.34442864346187,4.09,1218.5072482621506,0.01875,catalog,1769656574.9027123,97683745.06188868,Jackson,-0.4220602947361091,-0.6591876591540113,log,0.25452222964179166,0.31429451589439217,3.0359940991708813e+21,1.1131978363626565e+22
2.735936184210527,1.32,radius relation,0.12,395.34442864346187,4.09,2957.9192906623402,0.01875,catalog,860390475.4290333,40609402.45177308,Jackson,-0.30731830253343634,-0.6558842901298185,log,0.49230878408871787,0.6688932797583944,3.679066207071783e+21,1.3489909425929869e+22
2.735936184210527,1.32,radius relation,0.12,395.34442864346187,4.09,207.06616037516199,0.01875,catalog,8410480845.503965,4536555.932691406,Jackson,-0.42710346890841466,-0.6006162655106834,GP,0.08410259274126601,0.14182764652144741,8.711466988017924e+21,3.1942045622732384e+22
2.735936184210527,1.32,radius relation,0.12,395.34442864346187,4.09,180.47385299604878,0.01875,catalog,9578472643.773026,92192289.55611995,Jackson,-0.29311791461454806,-0.6262062973748751,linear,0.21217535715591507,0.8688747333337362,8.391583613507413e+22,3.076913991619385e+23
2.735936184210527,1.32,radius relation,0.12,395.34442864346187,4.09,328.7094425765137,0.01875,catalog,5493532016.615237,13572525.054662284,Jackson,-0.3218648337249748,-0.6775167056094331,GP,0.19724966602359056,0.9946304909053154,8.821636306084709e+21,3.2345999788977265e+22
2.735936184210527,1.32,radius relation,0.12,395.34442864346187,4.09,660.382327863308,0.01875,catalog,2969978013.952127,46130766.26682111,Jackson,-0.3088949501450166,-0.6498729322576959,GP,0.20624333240715018,0.623684857424859,7.315903644148655e+21,2.682498002854507e+22
2.735936184210527,1.32,radius relation,0.12,395.34442864346187,4.09,1329.0800757469306,0.01875,catalog,1432730186.8437424,52278585.93916757,Selsis,-0.4765856465394585,-0.7489477912928889,log,0.1693097812315763,0.12005678910794038,9.324010870226426e+20,3.4188039857496895e+21
2.735936184210527,1.32,radius relation,0.12,395.34442864346187,4.09,1329.0800757469306,0.01875,catalog,1057961735.1568247,76280330.13822445,Selsis,-0.28530643089870217,-0.6902928010169754,log,0.4712834659224298,0.9250493321836724,1.506286177271265e+21,5.523049316661305e+21
2.735936184210527,1.32,radius relation,0.12,395.34442864346187,4.09,1329.5769598537595,0.01875,catalog,829276638.3344134,8745883.952776767,Selsis,-0.41863582116854725,-0.6036725184784276,GP,0.08961477729106809,0.11091671225807442,1.043833084143062e+21,3.8273879751912273e+21
2.735936184210527,1.32,radius relation,0.12,395.34442864346187,4.09,1329.0800757469299,0.01875,catalog,2521596692.9932528,75114788.42271802,Selsis,-0.48234380007753386,-0.7656464967262034,log,0.37306704861905265,0.13288257004436665,1.5259592990985248e+21,5.59518409669459e+21
2.735936184210527,1.32,radius relation,0.12,395.34442864346187,4.09,796.5443179897256,0.01875,catalog,2529757007.523809,70441744.17371571,Jackson,-0.36282362885692315,-0.6206833047051278,GP,0.22841176193073742,0.7173039988366865,5.1588050067488e+21,1.8915618358078934e+22
2.735936184210527,1.32,radius relation,0.12,395.34442864346187,4.09,1329.080075746931,0.01875,catalog,2491759593.277638,31224317.120154124,Selsis,-0.3097905519001103,-0.6512973229175459,linear,0.40367351505182597,0.7243455665625149,2.8596053698577766e+22,1.0485219689478514e+23
2.735936184210527,1.32,radius relation,0.12,395.34442864346187,4.09,438.7357738052615,0.01875,catalog,7772168937.006822,79535035.21770947,Selsis,-0.33983604531734685,-0.7421357424950893,linear,0.31283449850046635,0.22598693810325088,5.0396092370375854e+22,1.8478567202471147e+23
2.735936184210527,1.32,radius relation,0.12,395.34442864346187,4.09,1084.6348744919028,0.01875,catalog,1949897312.620776,19000944.58676135,Jackson,-0.3448371000475237,-0.6107167941968039,GP,0.22822856562837854,0.6843741951526656,6.155551221851182e+21,2.2570354480121e+22
2.735936184210527,1.32,radius relation,0.12,395.34442864346187,4.09,1329.0800757469306,0.01875,catalog,1359253436.0950644,96678166.65404105,Selsis,-0.292942650097339,-0.7149370485133473,GP,0.05564096844448851,0.926974143789916,1.8905164183624866e+21,6.931893533995784e+21
2.735936184210527,1.32,radius relation,0.12,395.34442864346187,4.09,1321.5035034026125,0.01875,catalog,3373322256.936234,93425352.64393003,Selsis,-0.2872049029695176,-0.7056061113330877,GP,0.20129479081563903,0.8342182910827758,4.938035377302448e+21,1.8106129716775643e+22
2.735936184210527,1.32,radius relation,0.12,395.34442864346187,4.09,606.0685375278454,0.01875,catalog,6119024122.460124,66405629.13302466,Selsis,-0.3187436701178769,-0.7035073285963451,linear,0.08336716083824969,0.2653254096805391,5.204003766072948e+22,1.9081347142267477e+23
2.735936184210527,1.32,radius relation,0.12,395.34442864346187,4.09,531.8916180212294,0.01875,catalog,3582727583.7104206,34867362.676653385,Jackson,-0.3275103282307265,-0.7609519526233313,GP,0.10915292497032947,0.3446183478170587,6.75220719486695e+21,2.475809304784548e+22
2.735936184210527,1.32,radius relation,0.12,395.34442864346187,4.09,365.01307523492983,0.01875,catalog,4998963446.906957,42875683.86679962,Jackson,-0.42289496319942044,-0.6723815712962075,linear,0.12486628440779644,0.9755634057112855,4.218759237220924e+22,1.5468783869810054e+23
2.735936184210527,1.32,radius relation,0.12,395.34442864346187,4.09,885.111598055415,0.01875,catalog,4652374974.358662,76508267.74663386,Selsis,-0.39820956603224317,-0.6956937800091301,log,0.3740474163036708,0.4640262666998174,3.2929005586573935e+21,1.2073968715077108e+22
2.735936184210527,1.32,radius relation,0.12,395.34442864346187,4.09,1196.1878784851556,0.01875,catalog,1797059422.9716363,21566188.79004481,Jackson,-0.3834178576671574,-0.6034427680957599,linear,0.43193821377530295,0.858502206733346,4.029697928287195e+22,1.4775559070386382e+23
2.735936184210527,1.32,radius relation,0.12,395.34442864346187,4.09,310.64839508419965,0.01875,catalog,5782201247.075779,31865940.110461615,Jackson,-0.39460599810487645,-0.6449655537903429,linear,0.2955285911359788,0.031229096619594054,4.93247620440108e+22,1.8085746082803958e+23
2.735936184210527,1.32,radius relation,0.12,395.34442864346187,4.09,1652.4764873799622,0.01875,catalog,1376649639.944112,44742932.67466482,Jackson,-0.32245473022484816,-0.7123517269552129,log,0.07091807382886041,0.03255870990023357,4.102252637580793e+21,1.5041593004462908e+22
2.735936184210527,1.32,radius relation,0.12,395.34442864346187,4.09,325.7339581532511,0.01875,catalog,5538903354.884869,78490968.05573381,Jackson,-0.28149394317226817,-0.6221086284103238,log,0.12414410621127267,0.166422012042728,8.524558706550918e+21,3.125671525735336e+22
2.735936184210527,1.32,radius relation,0.12,395.34442864346187,4.09,196.17774323290053,0.01875,catalog,8849718871.725971,15310904.972241694,Jackson,-0.45474577891741674,-0.6150471305956373,linear,0.050609182057640006,0.2725075067613806,5.457914780569828e+22,2.0012354195422702e+23
2.735936184210527,1.32,radius relation,0.12,395.34442864346187,4.09,1542.3354358279105,0.01875,catalog,1456706559.2983432,12462712.682862759,Jackson,-0.326477604444909,-0.6854990180612304,GP,0.35972542480183833,0.8845042543470191,6.033747699999939e+21,2.212374156666644e+22
2.735936184210527,1.32,radius relation,0.12,395.34442864346187,4.09,1329.0800757469306,0.01875,catalog,1306395400.5964737,90451030.62948543,Selsis,-0.365568431039792,-0.6080014239072458,linear,0.06868738881797247,0.14333676292830766,1.1433677150265377e+22,4.192348288430638e+22
2.735936184210527,1.32,radius relation,0.12,395.34442864346187,4.09,247.427089130079,0.01875,catalog,12046256251.223438,96649646.49466574,Selsis,-0.34014083883517365,-0.6959787585424302,GP,0.22245773908206395,0.8209971051145875,8.151580181811431e+21,2.988912733330858e+22
2.735936184210527,1.32,radius relation,0.12,395.34442864346187,4.09,288.9071439069136,0.01875,catalog,10678224175.504055,54027222.277557634,Selsis,-0.3898698590888527,-0.7561307387797361,GP,0.1698682287643398,0.6915727631760235,6.061097768128469e+21,2.2224025149804384e+22
2.735936184210527,1.32,radius relation,0.12,395.34442864346187,4.09,1212.6334959316796,0.01875,catalog,3721599727.955495,71401887.8839511,Selsis,-0.346859220747824,-0.6949627180831153,log,0.08955993904805253,0.4694515329153076,3.4106898517054503e+21,1.250586278958665e+22
2.735936184210527,1.32,radius relation,0.12,395.34442864346187,4.09,1080.547309906454,0.01875,catalog,1956062560.2079284,20162422.78999543,Jackson,-0.3624222795695504,-0.7025320849091574,log,0.19014817658813643,0.524535588055719,4.263118266570226e+21,1.5631433644090826e+22
2.735936184210527,1.32,radius relation,0.12,395.34442864346187,4.09,402.77636486159497,0.01875,catalog,4577960709.245344,86770744.81444305,Jackson,-0.35573770788677783,-0.6974985165628224,log,0.10050580107149754,0.5801585800537064,4.86077821742308e+21,1.7822853463884624e+22
2.735936184210527,1.32,radius relation,0.12,395.34442864346187,4.09,476.41611067912197,0.01875,catalog,3945814142.7398424,86863014.34786297,Jackson,-0.29078781020018185,-0.7649010512639465,linear,0.10302799406271955,0.3043974901002404,6.242792953762367e+22,2.2890240830462013e+23
2.735936184210527,1.32,radius relation,0.12,395.34442864346187,4.09,656.6346172954295,0.01875,catalog,2984566260.383131,16189779.466067642,Jackson,-0.4899251968590819,-0.7591829153386159,log,0.06780387246808338,0.7970563389036428,3.815907028749276e+21,1.3991659105414013e+22
2.735936184210527,1.32,radius relation,0.12,395.34442864346187,4.09,711.512525226035,0.01875,catalog,5444268007.548066,74356937.4627563,Selsis,-0.43487528132644965,-0.7211969590970255,linear,0.17675980556866272,0.1677989138972712,2.977649341776488e+22,1.0918047586513788e+23
2.735936184210527,1.32,radius relation,0.12,395.34442864346187,4.09,1001.3334536317008,0.01875,catalog,2084918331.562204,21611899.434497066,Jackson,-0.3582284875640706,-0.6488717618766007,log,0.3944392582507815,0.166555268437809,4.538084706406199e+21,1.6639643923489395e+22
2.735936184210527,1.32,radius relation,0.12,395.34442864346187,4.09,280.05076424115214,0.01875,catalog,6355728463.257868,45580290.18044744,Jackson,-0.4159059829567298,-0.7536533074524914,linear,0.11092607994099749,0.6175933460549259,4.237013784947893e+22,1.5535717211475608e+23
2.735936184210527,1.32,radius relation,0.12,395.34442864346187,4.09,868.3327552889674,0.01875,catalog,4716541486.514407,33744080.080871284,Selsis,-0.40101576241768394,-0.7837356592204344,GP,0.18861621547583537,0.32033543712609513,3.275965472798638e+21,1.2011873400261672e+22
2.735936184210527,1.32,radius relation,0.12,395.34442864346187,4.09,1373.9985173611492,0.01875,catalog,1602109012.1340616,87212301.49006304,Jackson,-0.4061050134725352,-0.7465562447695993,linear,0.11892486521307644,0.013918168522146113,2.7319866259154724e+22,1.0017284295023399e+23
2.735936184210527,1.32,radius relation,0.12,395.34442864346187,4.09,1318.4712228383455,0.01875,catalog,3478278477.357914,47033997.516091846,Selsis,-0.3287952379263518,-0.720616672649808,GP,0.09559553532671436,0.6427140086331912,3.7705652362506933e+21,1.3825405866252542e+22
2.735936184210527,1.32,radius relation,0.12,395.34442864346187,4.09,1144.4371560549685,0.01875,catalog,3876387657.2218633,82356811.3397272,Selsis,-0.48746742104728,-0.7888978614120112,GP,0.15516324091176711,0.8052382980818901,2.345468670269502e+21,8.600051790988174e+21
2.735936184210527,1.32,radius relation,0.12,395.34442864346187,4.09,1156.7679728891903,0.01875,catalog,3847213750.3088818,61142686.71129456,Selsis,-0.40101742729949075,-0.7179967115836058,linear,0.08960566224175764,0.6646728638545075,2.5482165083601226e+22,9.343460530653783e+22
2.735936184210527,1.32,radius relation,0.12,395.34442864346187,4.09,1194.276680744379,0.01875,catalog,3761735581.700176,49178840.32996275,Selsis,-0.3532742686086261,-0.682591976307699,GP,0.24538061214102616,0.47423325303067165,3.583265564919682e+21,1.31386404047055e+22
2.735936184210527,1.32,radius relation,0.12,395.34442864346187,4.09,282.4238000305978,0.01875,catalog,6306815204.2900505,67497212.79286735,Jackson,-0.4099403016327365,-0.6350906639523926,linear,0.4089653249087885,0.6908261605334406,4.619560578135979e+22,1.693838878649859e+23
2.735936184210527,1.32,radius relation,0.12,395.34442864346187,4.09,1121.4421272849863,0.01875,catalog,3932296618.9038343,1317759.2825053437,Selsis,-0.48570674570994243,-0.7031297053946185,log,0.13121908534828045,0.43995783200684635,2.677161752219529e+21,9.816259758138273e+21
2.735936184210527,1.32,radius relation,0.12,395.34442864346187,4.09,1005.8590674594379,0.01875,catalog,2077039547.6091576,54610282.3366972,Jackson,-0.2910464176913365,-0.6537878328749928,GP,0.23693618390825585,0.643570573708731,7.351082512461634e+21,2.6953969212359325e+22
2.735936184210527,1.32,radius relation,0.12,395.34442864346187,4.09,960.8397314196598,0.01875,catalog,4387646653.707104,19865994.465509467,Selsis,-0.4166181388532006,-0.6644365084705675,linear,0.08794027214338852,0.4169440458185749,2.9835443613790886e+22,1.0939662658389991e+23
2.735936184210527,1.32,radius relation,0.12,395.34442864346187,4.09,1329.0800757469306,0.01875,catalog,2440357077.7115526,78587590.02909796,Selsis,-0.29312971667507876,-0.6919304177231999,log,0.16425115525542053,0.7309334047198451,3.183713053020041e+21,1.1673614527740152e+22
2.735936184210527,1.32,radius relation,0.12,395.34442864346187,4.09,900.4096562164699,0.01875,catalog,2280072165.418306,86759721.68062556,Jackson,-0.29729133725335943,-0.6880112336821305,log,0.19621628347150233,0.9549308100509535,5.366255477965471e+21,1.9676270085873395e+22
2.735936184210527,1.32,radius relation,0.12,395.34442864346187,4.09,136.3435457579428,0.01875,catalog,12555983851.904882,74988722.7983516,Jackson,-0.4699497382677272,-0.7419758677748193,linear,0.3444953345054272,0.7462264781816493,4.111002223228895e+22,1.5073674818505948e+23
2.735936184210527,1.32,radius relation,0.12,395.34442864346187,4.09,820.9686346497518,0.01875,catalog,4910172990.606495,93954068.93353109,Selsis,-0.3596362927922647,-0.770696432380702,log,0.2446967962980576,0.5963333893687612,3.7805833098009363e+21,1.3862138802603433e+22
2.735936184210527,1.32,radius relation,0.12,395.34442864346187,4.09,691.7562909321465,0.01875,catalog,2853822277.5905137,15231370.48511467,Jackson,-0.43689294643611865,-0.6940248917147471,linear,0.0980977687917268,0.1459363026297913,3.8603884690681245e+22,1.4154757719916456e+23
2.735936184210527,1.32,radius relation,0.12,395.34442864346187,4.09,782.2179832389282,0.01875,catalog,2569150028.2445865,22571379.536408566,Jackson,-0.45468673200595355,-0.7459133867315167,log,0.30132146559349615,0.09029554999294775,3.7185698858200817e+21,1.3634756248006965e+22
2.735936184210527,1.32,radius relation,0.12,395.34442864346187,4.09,1327.1549096260371,0.01875,catalog,3186715566.036663,71525282.00258337,Selsis,-0.37646674137973724,-0.7259750222870831,linear,0.35239628404150836,0.016950353287180864,2.289710978106632e+22,8.395606919724317e+22
2.735936184210527,1.32,radius relation,0.12,395.34442864346187,4.09,601.7552234490561,0.01875,catalog,6151114166.921861,14563329.636951381,Selsis,-0.3819927624848789,-0.650143956626467,linear,0.17685112516959917,0.49324439244173357,4.195966274678248e+22,1.5385209673820242e+23
2.735936184210527,1.32,radius relation,0.12,395.34442864346187,4.09,655.8194981712072,0.01875,catalog,5776434747.175025,51519042.14037985,Selsis,-0.3053578758133794,-0.6659481089445105,linear,0.18547054445496777,0.27152144404902756,5.718817482135415e+22,2.0968997434496523e+23
2.735936184210527,1.32,radius relation,0.12,395.34442864346187,4.09,1075.8871565775921,0.01875,catalog,4049242516.8830123,68687038.37810346,Selsis,-0.35104643682423625,-0.7704358282479297,log,0.23907359680428159,0.1696326958841835,3.468077933606632e+21,1.2716285756557652e+22
2.735936184210527,1.32,radius relation,0.12,395.34442864346187,4.09,257.93524167502665,0.01875,catalog,6854871325.463002,21755953.824821953,Jackson,-0.3386559523192643,-0.7740137232927087,linear,0.14645400071978565,0.2585018352739069,5.979678249999903e+22,2.192548691666631e+23
2.735936184210527,1.32,radius relation,0.12,395.34442864346187,4.09,486.59440039363255,0.01875,catalog,3873166867.7460203,40757657.39263338,Jackson,-0.32599941320409637,-0.6286773252865976,linear,0.18811450325723145,0.9650602360567921,5.7564951842634645e+22,2.1107149008966035e+23
2.735936184210527,1.32,radius relation,0.12,395.34442864346187,4.09,605.1246658826255,0.01875,catalog,6126011161.756057,81263693.60677297,Selsis,-0.48512552835220446,-0.7223040319201284,GP,0.24601527211629898,0.22167383226968018,3.6083074765501917e+21,1.3230460747350702e+22
2.735936184210527,1.32,radius relation,0.12,395.34442864346187,4.09,276.2187890875113,0.01875,catalog,6436486415.72792,36909788.58741099,Jackson,-0.42021969902071565,-0.7635659237632297,GP,0.0935669302619968,0.5281182817329907,5.856466132103849e+21,2.1473709151047446e+22
2.735936184210527,1.32,radius relation,0.12,395.34442864346187,4.09,1142.6193694901767,0.01875,catalog,3880735226.4407287,69388644.28848325,Selsis,-0.36550575989430967,-0.6773879718299737,log,0.060548135727987784,0.9808467962512628,3.2994863395188103e+21,1.2098116578235638e+22
2.735936184210527,1.32,radius relation,0.12,395.34442864346187,4.09,1174.8951492117308,0.01875,catalog,1824115303.9832454,95319474.58546984,Jackson,-0.3292943730565715,-0.6065054894990479,linear,0.10274761883568244,0.1353537773731981,4.04314685233203e+22,1.482487179188411e+23
2.735936184210527,1.32,radius relation,0.12,395.34442864346187,4.09,325.4082337657283,0.01875,catalog,5543920086.480336,76588022.89014435,Jackson,-0.32272231061381546,-0.6791758141752288,GP,0.12492895620973435,0.24180433529769896,7.517422616129848e+21,2.756388292580944e+22
2.735936184210527,1.32,radius relation,0.12,395.34442864346187,4.09,497.1089182604431,0.01875,catalog,7081350840.509352,79638444.76556851,Selsis,-0.3082835112598771,-0.679649007362178,GP,0.3908491195173451,0.5905118603278052,7.124122545289624e+21,2.6121782666061953e+22
2.735936184210527,1.32,radius relation,0.12,395.34442864346187,4.09,1118.4778709770349,0.01875,catalog,3939650788.88365,32144901.91234543,Selsis,-0.3515157900239716,-0.6222418650930035,log,0.4037138306708252,0.7264913932739726,3.9815277684336555e+21,1.4598935150923402e+22
2.735936184210527,1.32,radius relation,0.12,395.34442864346187,4.09,368.5510858873741,0.01875,catalog,4955914445.278704,17633497.349066284,Jackson,-0.46896774852686507,-0.7601792642317422,linear,0.20739191637222906,0.8532632751755536,4.018193773744037e+22,1.4733377170394801e+23
2.735936184210527,1.32,radius relation,0.12,395.34442864346187,4.09,502.6087792142678,0.01875,catalog,3764669510.4778104,74420875.36941923,Jackson,-0.4389467709547354,-0.6876357057483847,GP,0.06239210620298363,0.6610144284941432,4.629789635258388e+21,1.6975895329280755e+22
2.735936184210527,1.32,radius relation,0.12,395.34442864346187,4.09,6250.337844231034,0.01875,catalog,403886853.41045374,45104296.223377146,Jackson,-0.3664840978266779,-0.7518409741715452,GP,0.06888499382239928,0.027653775593522334,2.115913916684988e+21,7.758351027844956e+21
2.735936184210527,1.32,radius relation,0.12,395.34442864346187,4.09,575.5105847175606,0.01875,catalog,6355660629.936236,69662854.23396413,Selsis,-0.3611119279576012,-0.6633402987950247,log,0.05024474347894004,0.21608282353056074,4.78558217055882e+21,1.754713462538234e+22
2.735936184210527,1.32,radius relation,0.12,395.34442864346187,4.09,1323.9590468790125,0.01875,catalog,3290831975.1122413,31259171.010860477,Selsis,-0.4987406902111348,-0.6865254351102178,log,0.13974628353807375,0.5481475811884514,2.1645671103986192e+21,7.936746071461604e+21
2.735936184210527,1.32,radius relation,0.12,395.34442864346187,4.09,301.27630494818214,0.01875,catalog,10338389077.343847,21647045.990529113,Selsis,-0.39089521205685845,-0.6288161663836067,log,0.23568665918258055,0.12386904148774558,5.881380071258262e+21,2.1565060261280295e+22
2.735936184210527,1.32,radius relation,0.12,395.34442864346187,4.09,1336.1290518138167,0.01875,catalog,597490734.6424354,50691803.43758888,Selsis,-0.2847810761371009,-0.683682867661718,log,0.4346528528310421,0.13490834176610522,9.742370241884085e+20,3.5722024220241643e+21
2.735936184210527,1.32,radius relation,0.12,395.34442864346187,4.09,234.45502780961144,0.01875,catalog,7488283182.774683,12436209.525606684,Jackson,-0.486996455568915,-0.6800344508346323,GP,0.08385580778350286,0.8124798719805438,6.26879873913079e+21,2.2985595376812897e+22
2.735936184210527,1.32,radius relation,0.12,395.34442864346187,4.09,1329.0800757469306,0.01875,catalog,1802927398.3170335,56931554.61500197,Selsis,-0.41891280473957715,-0.7027796660551439,log,0.06851385927640445,0.7526051334164535,1.3100583895964194e+21,4.803547428520204e+21
2.735936184210527,1.32,radius relation,0.12,395.34442864346187,4.09,1365.645113784552,0.01875,catalog,1610196973.9303632,25198735.611623004,Jackson,-0.3708367196778421,-0.7889837443979462,log,0.09281314682844562,0.20093431784788762,3.7487710317871723e+21,1.374549378321963e+22
2.735936184210527,1.32,radius relation,0.12,395.34442864346187,4.09,1328.9674350917232,0.01875,catalog,3129249999.3408136,15812618.14653928,Selsis,-0.2938566999709919,-0.7058429989142168,log,0.174720168307706,0.49321971609028226,4.2890272568700447e+21,1.5726433275190163e+22
2.735936184210527,1.32,radius relation,0.12,395.34442864346187,4.09,1329.0800757469306,0.01875,catalog,1723457651.6489036,48530376.79348793,Selsis,-0.4835735814461728,-0.7913240496538715,linear,0.05448213464644861,0.9791779145328939,9.961908927027837e+21,3.6526999399102067e+22
2.735936184210527,1.32,radius relation,0.12,395.34442864346187,4.09,383.58024570359817,0.01875,catalog,4781773001.9496355,59389482.332109585,Jackson,-0.3160245443710414,-0.6772172951145906,log,0.3375475157536202,0.5913852954683184,6.34590230122365e+21,2.3268308437820047e+22
2.735936184210527,1.32,radius relation,0.12,395.34442864346187,4.09,1013.0367371033589,0.01875,catalog,4225706021.8414297,79627632.29111852,Selsis,-0.43216114486714374,-0.7529826351345872,linear,0.20715246909742746,0.7237017617907493,2.4644528226117706e+22,9.036327016243158e+22
2.735936184210527,1.32,radius relation,0.12,395.34442864346187,4.09,253.752133163835,0.01875,catalog,6959090422.820277,29193507.777089804,Jackson,-0.43426273703995577,-0.7973450267602207,log,0.29184682218354285,0.654157896640426,4.540921166627874e+21,1.6650044277635538e+22
2.735936184210527,1.32,radius relation,0.12,395.34442864346187,4.09,243.9766120130615,0.01875,catalog,7216640737.578438,57895803.73231544,Jackson,-0.44015905959850793,-0.6476277964631781,linear,0.44854029722766664,0.41927430217834205,4.486103005004901e+22,1.6449044351684638e+23
2.735936184210527,1.32,radius relation,0.12,395.34442864346187,4.09,780.5583809696519,0.01875,catalog,2573802728.8139396,58542287.37998039,Jackson,-0.3050741598299739,-0.7342559167554301,linear,0.26679692012701134,0.8171208888910986,5.2160585980445746e+22,1.9125548192830106e+23
2.735936184210527,1.32,radius relation,0.12,395.34442864346187,4.09,282.90959147251374,0.01875,catalog,6296903083.220057,17482713.31429398,Jackson,-0.46354460496637356,-0.6697582632105779,linear,0.32269073897798495,0.078252366386524,4.500606979629735e+22,1.6502225591975692e+23
2.735936184210527,1.32,radius relation,0.12,395.34442864346187,4.09,352.77368719285204,0.01875,catalog,9162202802.696873,2970688.8366612643,Selsis,-0.4839976640028666,-0.6626135265083265,linear,0.22557228867617893,0.6060030341815671,4.087965567599505e+22,1.4989207081198184e+23
2.735936184210527,1.32,radius relation,0.12,395.34442864346187,4.09,1329.0800757469306,0.01875,catalog,3019782174.1614428,61035955.58086457,Selsis,-0.32485822772667466,-0.700129398151899,linear,0.09435071923456503,0.41171890777448417,2.886581213084073e+22,1.05841311146416e+23
2.735936184210527,1.32,radius relation,0.12,395.34442864346187,4.09,1329.0800757469306,0.01875,catalog,2870312065.584411,54291283.825278156,Selsis,-0.3079961835123359,-0.7998171939290338,GP,0.08131758171942309,0.8754975933172439,3.5543739506959744e+21,1.3032704485885238e+22
2.735936184210527,1.32,radius relation,0.12,395.34442864346187,4.09,1111.4379896642636,0.01875,catalog,1910533307.8986273,94752410.46668203,Jackson,-0.44345042519779454,-0.6400171046324066,log,0.4762712724003829,0.6192411125677508,3.120134839325835e+21,1.1440494410861394e+22
2.735936184210527,1.32,radius relation,0.12,395.34442864346187,4.09,133.98333355513572,0.01875,catalog,12772680588.984869,60231944.40732502,Jackson,-0.28589810864328086,-0.7253150935450665,GP,0.1291780169548753,0.2720855297255278,1.2742121052745381e+22,4.672111052673307e+22
2.735936184210527,1.32,radius relation,0.12,395.34442864346187,4.09,320.99817539548906,0.01875,catalog,9846858232.568935,20815926.032199148,Selsis,-0.29481848824598567,-0.7491875552731746,log,0.1605602783008572,0.763277754404389,8.563578298275843e+21,3.139978709367809e+22
2.735936184210527,1.32,radius relation,0.12,395.34442864346187,4.09,325.7770362091476,0.01875,catalog,5538240621.514487,74628932.82359305,Jackson,-0.4733110400714852,-0.6514252074038152,linear,0.0802512177703092,0.3952367838689971,3.923004756530106e+22,1.4384350773943721e+23
2.735936184210527,1.32,radius relation,0.12,395.34442864346187,4.09,1330.5889662274,0.01875,catalog,752601429.8003502,3154243.2177537237,Selsis,-0.4657634709015102,-0.6421348117985236,GP,0.06546962522254102,0.7769097728295481,8.726591813178771e+20,3.199750331498883e+21
2.735936184210527,1.32,radius relation,0.12,395.34442864346187,4.09,1085.215326742948,0.01875,catalog,4024592476.160091,70719159.00211412,Selsis,-0.41650750315859664,-0.6374693841377443,log,0.14036900114954282,0.11331516049590018,3.0805719834570014e+21,1.1295430606009005e+22
2.735936184210527,1.32,radius relation,0.12,395.34442864346187,4.09,451.8987150158295,0.01875,catalog,7602266167.331226,81449198.6901604,Selsis,-0.3521032980095653,-0.6461882186702532,log,0.2154980843405078,0.3659222132967176,5.591734956733952e+21,2.0503028174691156e+22
2.735936184210527,1.32,radius relation,0.12,395.34442864346187,4.09,1329.0800757469306,0.01875,catalog,1516371892.484651,17855151.203753978,Selsis,-0.4983776019335227,-0.7628950451092894,linear,0.37333880386984214,0.5682185392815992,9.533228301599122e+21,3.4955170439196777e+22
2.735936184210527,1.32,radius relation,0.12,395.34442864346187,4.09,599.8943207931677,0.01875,catalog,3226836110.309455,28188255.615243554,Jackson,-0.36532255432117977,-0.6445804346581828,linear,0.10667077702866525,0.12541948106803502,4.673580223851564e+22,1.7136460820789067e+23
2.735936184210527,1.32,radius relation,0.12,395.34442864346187,4.09,1329.0800757469306,0.01875,catalog,1303805076.7636442,10534457.373843005,Selsis,-0.3116981039614665,-0.751154696407594,log,0.12623759117906339,0.5041185664993073,1.7447463093919574e+21,6.397403134437177e+21
2.735936184210527,1.32,radius relation,0.12,395.34442864346187,4.09,222.3492884679368,0.01875,catalog,7867547869.797389,20506323.927152153,Jackson,-0.3948181780709482,-0.738685396733544,log,0.37101900382274833,0.8814928383464511,5.29476159740293e+21,1.9414125857144077e+22
2.735936184210527,1.32,radius relation,0.12,395.34442864346187,4.09,374.5492999544446,0.01875,catalog,4884762989.513934,25963684.738052156,Jackson,-0.4823507294754567,-0.7481329150734871,log,0.2555499399675238,0.06395962336707517,4.1156829679818517e+21,1.5090837549266789e+22
2.735936184210527,1.32,radius relation,0.12,395.34442864346187,4.09,829.6826244655433,0.01875,catalog,4873076721.5998,28707585.15128969,Selsis,-0.45820304690194263,-0.7562604344406485,GP,0.09602047808494706,0.4371233907395805,3.087871533096087e+21,1.132219562135232e+22
2.735936184210527,1.32,radius relation,0.12,395.34442864346187,4.09,1329.0800757469306,0.01875,catalog,2724877507.2187862,46243186.08393616,Selsis,-0.3645718285739946,-0.6843360680897348,log,0.4119397802459866,0.7937278798573844,2.3975186664048915e+21,8.790901776817935e+21
2.735936184210527,1.32,radius relation,0.12,395.34442864346187,4.09,587.978691536778,0.01875,catalog,3283436276.717101,94554135.75201133,Jackson,-0.3643044079145183,-0.6765350586298133,log,0.05582591090552421,0.11864155282625277,4.286609683729486e+21,1.5717568840341448e+22
2.735936184210527,1.32,radius relation,0.12,395.34442864346187,4.09,311.1013579297358,0.01875,catalog,5774554696.872606,8263857.510303705,Jackson,-0.4679815462022609,-0.6504731773226061,log,0.22017926694353673,0.05111154859511857,4.982335393565687e+21,1.826856310974085e+22
2.735936184210527,1.32,radius relation,0.12,395.34442864346187,4.09,1319.3835548186394,0.01875,catalog,1656726360.2049937,34749796.94607867,Jackson,-0.36254334453413245,-0.7603607726397377,log,0.46907179132482013,0.4836719949315068,3.781215033524332e+21,1.386445512292255e+22
2.735936184210527,1.32,radius relation,0.12,395.34442864346187,4.09,352.66359922320294,0.01875,catalog,5155903951.647329,22645605.60028827,Jackson,-0.43234678150003597,-0.7054090317896371,log,0.05725659191473547,0.9457952480106823,4.5540233606637803e+21,1.6698085655767195e+22
2.735936184210527,1.32,radius relation,0.12,395.34442864346187,4.09,1163.1739095210446,0.01875,catalog,3832272561.859408,75612078.36263469,Selsis,-0.47736218632297345,-0.6808207111518779,log,0.17852795627587237,0.6575960128281131,2.4677075521908276e+21,9.0482610246997e+21
2.735936184210527,1.32,radius relation,0.12,395.34442864346187,4.09,1325.2070291499238,0.01875,catalog,3249744255.7385454,93536516.69407836,Selsis,-0.37780663885879534,-0.72670110114598,log,0.11682169843869647,0.860023492805643,2.507652705684178e+21,9.194726587508651e+21
2.735936184210527,1.32,radius relation,0.12,395.34442864346187,4.09,835.9074441028349,0.01875,catalog,4846998331.261546,43918343.62417984,Selsis,-0.3494720616023656,-0.7556612327197595,GP,0.12907916191052213,0.938765921836358,4.223899064001164e+21,1.5487629901337601e+22
2.735936184210527,1.32,radius relation,0.12,395.34442864346187,4.09,3002.815700995262,0.01875,catalog,850142243.46084,90182090.26848368,Jackson,-0.442255022973246,-0.7843992029279364,GP,0.08653801341077362,0.5126710773265579,2.4507321029281086e+21,8.986017710736398e+21
2.735936184210527,1.32,radius relation,0.12,395.34442864346187,4.09,456.20648936816946,0.01875,catalog,4099420436.2024426,85872689.22304353,Jackson,-0.3292799889170976,-0.744354363372898,GP,0.4027333137496681,0.07197855974020406,6.25345542481712e+21,2.2929336557662774e+22
2.735936184210527,1.32,radius relation,0.12,395.34442864346187,4.09,986.5048595370673,0.01875,catalog,4306128694.614558,36383856.2445999,Selsis,-0.48588229167432756,-0.6956297218968982,log,0.07215209977566343,0.10272728755781368,2.710935741371849e+21,9.940097718363445e+21
2.735936184210527,1.32,radius relation,0.12,395.34442864346187,4.09,1329.0800757469299,0.01875,catalog,1597727451.0292664,11126688.916577816,Selsis,-0.4407254517825729,-0.7663157656836245,log,0.06042950077303587,0.7156180461244389,1.2004486426309498e+21,4.401645022980149e+21
2.735936184210527,1.32,radius relation,0.12,395.34442864346187,4.09,1525.8866071976868,0.01875,catalog,1469587634.3849556,96987821.47226867,Jackson,-0.40210756293172706,-0.6248000804676312,linear,0.0629514517093361,0.6610403201912122,2.823261958274742e+22,1.0351960513674053e+23
2.735936184210527,1.32,radius relation,0.12,395.34442864346187,4.09,1329.0800757469299,0.01875,catalog,3023154946.1180835,81153062.78511246,Selsis,-0.39376967470026736,-0.658606801138794,log,0.05485381075139621,0.22893333149265083,2.383156752457072e+21,8.738241425675931e+21
2.735936184210527,1.32,radius relation,0.12,395.34442864346187,4.09,374.5600023484568,0.01875,catalog,8754830361.135754,72159368.3023272,Selsis,-0.36402418408122,-0.7796209681787586,log,0.18544765975019128,0.7577491338501906,5.034049999626047e+21,1.845818333196217e+22
2.735936184210527,1.32,radius relation,0.12,395.34442864346187,4.09,1002.2443657324792,0.01875,catalog,4257965739.253804,44760130.47266503,Selsis,-0.4311061305459991,-0.7594819790699583,log,0.08971135012748424,0.24115103519655556,2.7668940574580377e+21,1.0145278210679471e+22
2.735936184210527,1.32,radius relation,0.12,395.34442864346187,4.09,466.25660080834183,0.01875,catalog,4021409022.3228016,21876300.14856253,Jackson,-0.4643136515388475,-0.7896978911049001,GP,0.39754361041595754,0.5606760977218314,5.112394525735109e+21,1.8745446594362066e+22
2.735936184210527,1.32,radius relation,0.12,395.34442864346187,4.09,163.6395956357655,0.01875,catalog,10519073572.719856,34291256.30322311,Jackson,-0.2870739031833525,-0.6288131814025224,GP,0.29908510051313,0.37111298439930573,1.3220994310115108e+22,4.847697913708873e+22
2.735936184210527,1.32,radius relation,0.12,395.34442864346187,4.09,444.524167939295,0.01875,catalog,4194428871.08191,46497453.89401644,Jackson,-0.4745625048866886,-0.7536683123366401,GP,0.2038143794768397,0.7027809767670153,4.797434214785675e+21,1.7590592120880806e+22
2.735936184210527,1.32,radius relation,0.12,395.34442864346187,4.09,1329.0800757469299,0.01875,catalog,870393988.2605978,63180346.62175533,Selsis,-0.4987433791514383,-0.6065497727089897,GP,0.09311252977139499,0.6831765143400658,7.384909451916112e+20,2.707800132369241e+21
2.735936184210527,1.32,radius relation,0.12,395.34442864346187,4.09,517.5058133087286,0.01875,catalog,6873481130.717546,12194432.471910402,Selsis,-0.3805281872288554,-0.6047065560273264,log,0.45770816362064354,0.8244387316176088,5.467483239932841e+21,2.0047438546420416e+22
2.735936184210527,1.32,radius relation,0.12,395.34442864346187,4.09,174.6066727707794,0.01875,catalog,9885174725.412022,71831088.29326648,Jackson,-0.4663447833729035,-0.7511521514122229,linear,0.07342368561339267,0.2812801718860001,3.99344270380331e+22,1.4642623247278801e+23
2.735936184210527,1.32,radius relation,0.12,395.34442864346187,4.09,163.28305397068948,0.01875,catalog,10541152111.144484,73014730.33787821,Jackson,-0.35457159996852394,-0.6149251181737465,linear,0.42668701271335063,0.40128433750697257,6.435839153934821e+22,2.359807689776101e+23
2.735936184210527,1.32,radius relation,0.12,395.34442864346187,4.09,911.2131391259833,0.01875,catalog,2257221612.304342,98940201.79029435,Jackson,-0.35535421676997536,-0.7294364967021683,GP,0.10584838588429575,0.2262863903609379,4.440199184510727e+21,1.6280730343206e+22
2.735936184210527,1.32,radius relation,0.12,395.34442864346187,4.09,466.42322623743456,0.01875,catalog,4020143291.0997925,78089606.41617414,Jackson,-0.38933723200355025,-0.7334980262648314,linear,0.25304298651116314,0.5269473356209003,3.874812817827061e+22,1.4207646998699222e+23
2.735936184210527,1.32,radius relation,0.12,395.34442864346187,4.09,1324.633876416997,0.01875,catalog,3268545205.3308425,98994052.01775242,Selsis,-0.4258793353923156,-0.6181814650227456,linear,0.2525749671991343,0.04444499725879347,2.338040963873963e+22,8.572816867537865e+22
2.735936184210527,1.32,radius relation,0.12,395.34442864346187,4.09,1320.502187201992,0.01875,catalog,3407597892.11453,7316002.951130073,Selsis,-0.34838249240725594,-0.6812180259241951,log,0.17159617972846736,0.8944663889002314,3.3912163052118307e+21,1.2434459785776712e+22
2.735936184210527,1.32,radius relation,0.12,395.34442864346187,4.09,1329.0800757469299,0.01875,catalog,3096700351.552746,92939205.9156397,Selsis,-0.36972046141818665,-0.6630056205522527,linear,0.10781628781883242,0.33929043969556005,2.3819259166866817e+22,8.7337283611845e+22
2.735936184210527,1.32,radius relation,0.12,395.34442864346187,4.09,1337.6337616233523,0.01875,catalog,590530812.719611,79980132.26020461,Selsis,-0.4387039329919542,-0.716949022074831,linear,0.09025484437780835,0.32827719949899214,3.7563985633259076e+21,1.377346139886166e+22
2.735936184210527,1.32,radius relation,0.12,395.34442864346187,4.09,1040.5301129019535,0.01875,catalog,2018836474.8749006,57075032.879030205,Jackson,-0.47486081531809365,-0.6955447426416766,GP,0.13612574167419933,0.41246212758150513,3.706043162440968e+21,1.3588824928950216e+22
2.735936184210527,1.32,radius relation,0.12,395.34442864346187,4.09,1329.0800757469299,0.01875,catalog,1488301255.9116566,35963229.18950369,Selsis,-0.47089382157789955,-0.6451909845925334,linear,0.4051879412268626,0.3278771329472755,1.0402885320235297e+22,3.814391284086275e+22
2.735936184210527,1.32,radius relation,0.12,395.34442864346187,4.09,502.93438381952205,0.01875,catalog,3762533300.3549747,15310016.90870042,Jackson,-0.37429928450794914,-0.7658995719493346,log,0.10351597358159326,0.6596463667171225,4.885752395802526e+21,1.7914425451275927e+22
2.735936184210527,1.32,radius relation,0.12,395.34442864346187,4.09,1329.0800757469299,0.01875,catalog,1981058743.6790373,7799461.61266252,Selsis,-0.40014762324756487,-0.6024812038430476,log,0.20543908414393125,0.9365575548062409,2.0041388374804424e+21,7.348509070761622e+21
2.735936184210527,1.32,radius relation,0.12,395.34442864346187,4.09,528.8764871057649,0.01875,catalog,3600557351.551362,36634546.145394735,Jackson,-0.35116866003243097,-0.639892640124609,GP,0.06026696576282281,0.5101884639422831,6.366401079946246e+21,2.3343470626469566e+22
2.735936184210527,1.32,radius relation,0.12,395.34442864346187,4.09,944.5381935047162,0.01875,catalog,2189870260.3896756,41596786.22550127,Jackson,-0.49006885446195086,-0.7464140684089177,linear,0.07440509266998621,0.8094769508446814,3.0538991879595737e+22,1.1197630355851769e+23
2.735936184210527,1.32,radius relation,0.12,395.34442864346187,4.09,750.5213460758793,0.01875,catalog,5238017981.3785515,75999922.0760594,Selsis,-0.28628419101831654,-0.6599925474513586,log,0.0516697410778012,0.3269478917136338,6.770943183068657e+21,2.482679167125174e+22
2.735936184210527,1.32,radius relation,0.12,395.34442864346187,4.09,209.12008849887062,0.01875,catalog,8332834325.109131,26287958.03506152,Jackson,-0.37740221288397563,-0.797376472139581,log,0.4096909389110891,0.4164957542303718,5.467982138807802e+21,2.0049267842295274e+22
2.735936184210527,1.32,radius relation,0.12,395.34442864346187,4.09,1007.0425734225277,0.01875,catalog,4243547934.075746,28639720.81495491,Selsis,-0.4533356987579416,-0.6497838180640538,log,0.2072401560423279,0.9010696758187382,3.022305872789476e+21,1.1081788200228078e+22
2.735936184210527,1.32,radius relation,0.12,395.34442864346187,4.09,1372.7579401960618,0.01875,catalog,1603304327.5049746,19265032.0580469,Jackson,-0.45524902330949296,-0.6405183583601207,linear,0.27665963209056144,0.052712300897551856,3.3110533795496967e+22,1.2140529058348888e+23
2.735936184210527,1.32,radius relation,0.12,395.34442864346187,4.09,1233.7350811798874,0.01875,catalog,1751496801.7492242,95173175.74055038,Jackson,-0.3074032043289097,-0.7719999132922185,linear,0.26314013926215873,0.5058475369560335,4.1320961529822455e+22,1.5151019227601566e+23
2.735936184210527,1.32,radius relation,0.12,395.34442864346187,4.09,261.9932603048441,0.01875,catalog,6756959457.626095,15789997.52463788,Jackson,-0.4816272738465663,-0.7389668777240378,GP,0.05238714265229521,0.8310041175987049,5.759212439542123e+21,2.1117112278321117e+22
2.735936184210527,1.32,radius relation,0.12,395.34442864346187,4.09,1326.4109522029523,0.01875,catalog,3210631174.51258,52980842.30261096,Selsis,-0.4763725573298321,-0.6702295297714751,log,0.14749776291351552,0.607565829258895,2.1613694096681028e+21,7.925021168783043e+21
2.735936184210527,1.32,radius relation,0.12,395.34442864346187,4.09,765.6468044815101,0.01875,catalog,5163106378.865418,36529806.85209409,Selsis,-0.32814013484012294,-0.6586309566140292,log,0.39322225577643466,0.10160936639590212,5.145658234174518e+21,1.8867413525306565e+22
2.735936184210527,1.32,radius relation,0.12,395.34442864346187,4.09,343.7234276515606,0.01875,catalog,5276467047.560366,57220678.23809595,Jackson,-0.2915713935354163,-0.7862981226598509,GP,0.27064687013230937,0.06013198617821791,9.081011126377786e+21,3.3297040796718545e+22
2.735936184210527,1.32,radius relation,0.12,395.34442864346187,4.09,987.7199155733161,0.01875,catalog,2109030929.9352107,1907963.4896599092,Jackson,-0.4030164581821148,-0.7146799380940138,log,0.25360440884643265,0.8816112518726951,4.364281213599958e+21,1.6002364449866511e+22
2.735936184210527,1.32,radius relation,0.12,395.34442864346187,4.09,793.8451850783548,0.01875,catalog,2537074891.596167,86217708.39357774,Jackson,-0.47870142659124093,-0.7039990657904605,linear,0.2088037943318218,0.40607688399287467,2.951524243547232e+22,1.0822255559673184e+23
2.735936184210527,1.32,radius relation,0.12,395.34442864346187,4.09,707.8789596971985,0.01875,catalog,5464510588.566907,40913669.642966725,Selsis,-0.3483485107650335,-0.6635495563831763,log,0.09804010494749398,0.46325493595531697,4.733742242655906e+21,1.735705488973832e+22
2.735936184210527,1.32,radius relation,0.12,395.34442864346187,4.09,3444.500902929408,0.01875,catalog,762473404.9147528,26829223.716718215,Jackson,-0.4401581093435044,-0.7300309822064956,log,0.11523424971654615,0.17956322962542315,2.413863560773489e+21,8.850833056169459e+21
2.735936184210527,1.32,radius relation,0.12,395.34442864346187,4.09,523.9889800659898,0.01875,catalog,3629882268.732175,31974185.790586606,Jackson,-0.29117378400462773,-0.7280614575171609,log,0.05011429778703867,0.4695622766863694,7.165188234179377e+21,2.6272356858657713e+22
2.735936184210527,1.32,radius relation,0.12,395.34442864346187,4.09,1329.0800757469306,0.01875,catalog,1845747456.9136815,96811476.28646372,Selsis,-0.3017092031825663,-0.7565728888309767,GP,0.23750570871565616,0.41575965288804895,2.3347518565324483e+21,8.560756807285643e+21
2.735936184210527,1.32,radius relation,0.12,395.34442864346187,4.09,457.54640133692305,0.01875,catalog,4088826440.125346,37503266.32126931,Jackson,-0.3065156452106263,-0.6181040317950134,linear,0.09094642379879098,0.7812084806462518,6.677743060767654e+22,2.4485057889481398e+23
2.735936184210527,1.32,radius relation,0.12,395.34442864346187,4.09,1268.8467281334267,0.01875,catalog,3605060131.0556755,47561794.491850875,Selsis,-0.49937369447853897,-0.7810357204267467,linear,0.11511376786972845,0.09328307579235162,1.984186730856119e+22,7.2753513464724355e+22
2.735936184210527,1.32,radius relation,0.12,395.34442864346187,4.09,457.77892526692074,0.01875,catalog,4086994159.646293,86528602.12202711,Jackson,-0.2932769626901422,-0.7021325609771418,GP,0.0606731746775046,0.6378626351248267,7.993421497385041e+21,2.930921215707848e+22
2.735936184210527,1.32,radius relation,0.12,395.34442864346187,4.09,702.095433532383,0.01875,catalog,2817730873.683597,99548687.34627576,Jackson,-0.3493912869347568,-0.7714213513634305,log,0.37519951461302936,0.9712252479227098,4.148891218360983e+21,1.521260113399027e+22
2.735936184210527,1.32,radius relation,0.12,395.34442864346187,4.09,1329.0800757469299,0.01875,catalog,2108617098.6689336,97335981.45981203,Selsis,-0.48932396539402917,-0.7939686957611342,linear,0.0745483027904206,0.2896566312182077,1.1286751106838311e+22,4.138475405840714e+22
2.735936184210527,1.32,radius relation,0.12,395.34442864346187,4.09,1312.5265824429866,0.01875,catalog,3520575254.197691,14321609.093448741,Selsis,-0.3419602409262498,-0.6610590432093298,log,0.139352503841776,0.7243561821131929,3.6331655410550125e+21,1.3321606983868379e+22
2.735936184210527,1.32,radius relation,0.12,395.34442864346187,4.09,1170.9706344428866,0.01875,catalog,3814281531.2850127,56230039.10922549,Selsis,-0.2976113399345771,-0.7668709102369718,GP,0.11487518519877084,0.09526539462187711,5.084118598510148e+21,1.8641768194537207e+22
2.735936184210527,1.32,radius relation,0.12,395.34442864346187,4.09,520.3382784589357,0.01875,catalog,3652135274.8192377,60277452.23763265,Jackson,-0.4241835909878276,-0.6835169854861265,GP,0.07990705847199192,0.48320369051448775,4.813561811058421e+21,1.7649726640547542e+22
2.735936184210527,1.32,radius relation,0.12,395.34442864346187,4.09,473.1291884774931,0.01875,catalog,3969924998.277873,78509211.7098143,Jackson,-0.3505703854307102,-0.6750747031244703,log,0.3522857178020286,0.36148533157708196,4.908443273881788e+21,1.7997625337566556e+22
2.735936184210527,1.32,radius relation,0.12,395.34442864346187,4.09,505.9002319019642,0.01875,catalog,3743198247.8331122,48985653.71182302,Jackson,-0.42686319967424735,-0.6047933685507695,linear,0.09015868144855525,0.7199449271998564,4.292648303487273e+22,1.5739710446119998e+23
2.735936184210527,1.32,radius relation,0.12,395.34442864346187,4.09,685.4852029141476,0.01875,catalog,2876222277.387835,47664363.417442,Jackson,-0.3557956489521411,-0.713803416646615,log,0.10350853092456268,0.9562316054202787,4.526920014071865e+21,1.6598706718263503e+22
2.735936184210527,1.32,radius relation,0.12,395.34442864346187,4.09,1329.0800757469299,0.01875,catalog,2561471208.9184904,36579277.33150853,Selsis,-0.3840789143545392,-0.7849321458104285,GP,0.3356946644567225,0.7639549813035529,2.0443825230359309e+21,7.496069251131746e+21
2.735936184210527,1.32,radius relation,0.12,395.34442864346187,4.09,712.1224189086073,0.01875,catalog,5440888384.793994,73338879.23945267,Selsis,-0.4715714886681546,-0.7079428637252333,GP,0.13062387438801787,0.1900283270619062,3.3115396814905656e+21,1.2142312165465406e+22
2.735936184210527,1.32,radius relation,0.12,395.34442864346187,4.09,1109.2428600172645,0.01875,catalog,3962783987.907166,65751425.820189185,Selsis,-0.49835563032080143,-0.7732625648855308,log,0.18469070763181722,0.8181145453671724,2.3219911645445625e+21,8.513967603330062e+21
2.735936184210527,1.32,radius relation,0.12,395.34442864346187,4.09,1329.0800757469299,0.01875,catalog,1646520372.4576886,98432015.62581033,Selsis,-0.3318999169022501,-0.6963426768903498,linear,0.2954688442313188,0.03078815821573988,1.4685500097148066e+22,5.384683368954291e+22
2.735936184210527,1.32,radius relation,0.12,395.34442864346187,4.09,1043.3277916859056,0.01875,catalog,2014299777.628052,59094515.37204619,Jackson,-0.45122026621425454,-0.7041253154899676,log,0.11273845440562728,0.6830391632471083,3.2071081588979956e+21,1.1759396582625984e+22
2.735936184210527,1.32,radius relation,0.12,395.34442864346187,4.09,1265.074893510242,0.01875,catalog,3612594998.8697248,91973400.62837291,Selsis,-0.4099695923981006,-0.7091097499476436,linear,0.14205732072400024,0.046968212131666354,2.3165826872444667e+22,8.494136519896377e+22
2.735936184210527,1.32,radius relation,0.12,395.34442864346187,4.09,3193.2462701102436,0.01875,catalog,809621733.9114884,96769839.01669353,Jackson,-0.3033702365772922,-0.6415592274817215,log,0.10648379638329358,0.8399159018438395,3.0779639669394296e+21,1.1285867878777908e+22
2.735936184210527,1.32,radius relation,0.12,395.34442864346187,4.09,1329.0800757469306,0.01875,catalog,1466978225.8026986,4686380.855206908,Selsis,-0.3137798116139112,-0.7254078702284104,GP,0.06138393865601738,0.8913255481489015,2.2118460755226209e+21,8.110102276916276e+21
2.735936184210527,1.32,radius relation,0.12,395.34442864346187,4.09,1329.0800757469299,0.01875,catalog,1832682993.010049,4738650.71486013,Selsis,-0.35975175100009477,-0.6479503353449172,GP,0.24042472154296873,0.6502833471603177,2.1320567338113027e+21,7.817541357308109e+21
2.735936184210527,1.32,radius relation,0.12,395.34442864346187,4.09,239.78094495384033,0.01875,catalog,7333661377.117412,98201320.15784664,Jackson,-0.4390972584998716,-0.6436037857050033,log,0.1173632262933872,0.2422649924633561,4.6007831442568506e+21,1.6869538195608451e+22
2.735936184210527,1.32,radius relation,0.12,395.34442864346187,4.09,1329.0800757469306,0.01875,catalog,3026266906.444309,60346618.379396565,Selsis,-0.4725907827685487,-0.7270674119154575,GP,0.05669329817029068,0.19970507216092992,1.9343421572673432e+21,7.092587909980258e+21
2.735936184210527,1.32,radius relation,0.12,395.34442864346187,4.09,246.3069671534573,0.01875,catalog,7153378193.525491,29036411.461436808,Jackson,-0.4606405067681927,-0.7369466068733097,linear,0.4522345392841977,0.22067804022294235,4.203351368092195e+22,1.5412288349671383e+23
2.735936184210527,1.32,radius relation,0.12,395.34442864346187,4.09,1329.0800757469299,0.01875,catalog,2762481875.384686,44707787.47316248,Selsis,-0.2912249270195845,-0.7960409702595203,linear,0.14015503801471124,0.31055241711361803,3.335231751052324e+22,1.2229183087191853e+23
2.735936184210527,1.32,radius relation,0.12,395.34442864346187,4.09,360.6842375887392,0.01875,catalog,5052767920.923251,44912985.645173155,Jackson,-0.36124703233615296,-0.6443439386320347,linear,0.051957514553325285,0.5019610336497868,5.139717291626796e+22,1.884563006929825e+23
2.735936184210527,1.32,radius relation,0.12,395.34442864346187,4.09,465.34212638828717,0.01875,catalog,4028371360.2916136,11300705.783012675,Jackson,-0.40904788563914096,-0.6529288211229939,log,0.11466640341583745,0.054027149747277514,4.914636854418719e+21,1.8020335132868637e+22
2.735936184210527,1.32,radius relation,0.12,395.34442864346187,4.09,1329.0800757469306,0.01875,catalog,2317880682.7764945,91159700.1207902,Selsis,-0.29220601970741966,-0.7698129529665805,GP,0.27317984769361536,0.7759135147134444,3.1972570860323157e+21,1.172327598211849e+22
2.735936184210527,1.32,radius relation,0.12,395.34442864346187,4.09,433.04773376350056,0.01875,catalog,7848491326.133985,32804868.936363056,Selsis,-0.3827489950442439,-0.7686253690607722,GP,0.09227585807987465,0.49917191551854645,5.187873917620639e+21,1.9022204364609007e+22
2.735936184210527,1.32,radius relation,0.12,395.34442864346187,4.09,227.10718144925073,0.01875,catalog,7713615302.363956,55348940.5308666,Jackson,-0.4113963634192141,-0.6464619751339488,log,0.053646632912801945,0.558060817310025,5.16049507392704e+21,1.892181527106581e+22
2.735936184210527,1.32,radius relation,0.12,395.34442864346187,4.09,652.5475454043091,0.01875,catalog,5797522915.811451,87083931.85589495,Selsis,-0.47228491306515574,-0.7743827864308261,linear,0.4869894033633025,0.647770601839907,2.7998898561899754e+22,1.0266262806029909e+23
2.735936184210527,1.32,radius relation,0.12,395.34442864346187,4.09,779.6473258845192,0.01875,catalog,5096079190.714631,89055389.38109063,Selsis,-0.48139743606699875,-0.6406777553159292,linear,0.20849029823204743,0.15983135888816669,2.9832485238359533e+22,1.0938577920731828e+23
2.735936184210527,1.32,radius relation,0.12,395.34442864346187,4.09,578.6923444755143,0.01875,catalog,3329108033.558265,19508363.285438612,Jackson,-0.3526473892090186,-0.7557604307868299,linear,0.15698240643717493,0.6028504816354315,4.790418706263738e+22,1.7564868589633706e+23
2.735936184210527,1.32,radius relation,0.12,395.34442864346187,4.09,1329.0800757469299,0.01875,catalog,1734294696.544323,17768336.595715266,Selsis,-0.48784459007697095,-0.7034830000620186,linear,0.30445342783608675,0.40215742497926943,1.1255313397113931e+22,4.1269482456084415e+22
2.735936184210527,1.32,radius relation,0.12,395.34442864346187,4.09,1326.9630282895375,0.01875,catalog,3192865426.069364,14667515.379434267,Selsis,-0.48195063398949883,-0.7621532550980402,linear,0.09973815584810153,0.46862891483498503,1.8937061664263357e+22,6.943589276896564e+22
2.735936184210527,1.32,radius relation,0.12,395.34442864346187,4.09,322.30763806310716,0.01875,catalog,5592178248.7616205,24160890.23542559,Jackson,-0.28847094429816494,-0.7489933308379647,log,0.21710650411841248,0.6016570562041453,8.309089396709665e+21,3.046666112126877e+22
2.735936184210527,1.32,radius relation,0.12,395.34442864346187,4.09,1175.6076465880592,0.01875,catalog,3803681091.749277,32645257.194505364,Selsis,-0.36951233722751337,-0.6842805251574187,linear,0.0540977259639991,0.24288865125005543,2.9706279378769546e+22,1.0892302438882167e+23
2.735936184210527,1.32,radius relation,0.12,395.34442864346187,4.09,271.4417884351246,0.01875,catalog,11206788893.0787,73042405.05967125,Selsis,-0.30326293647832353,-0.629517892452923,log,0.09767386154589598,0.08593878622112239,9.101313667662661e+21,3.337148344809642e+22
2.735936184210527,1.32,radius relation,0.12,395.34442864346187,4.09,382.27307705564846,0.01875,catalog,4796383544.056859,16036917.43612493,Jackson,-0.46272334764619155,-0.6816691237287628,GP,0.05534685103310451,0.41356762680095205,5.779372278807448e+21,2.119103168896064e+22
2.735936184210527,1.32,radius relation,0.12,395.34442864346187,4.09,1329.0800757469306,0.01875,catalog,1839666308.5241697,22484162.72647711,Selsis,-0.2909674316382495,-0.7578158012817753,linear,0.08211348347370719,0.15273821329866133,2.3993159944009807e+22,8.797491979470262e+22
2.735936184210527,1.32,radius relation,0.12,395.34442864346187,4.09,1471.1659791735792,0.01875,catalog,1514375318.4738488,38388618.0244275,Jackson,-0.34446964773664307,-0.6893494786545745,GP,0.3460415712752289,0.07801374976422948,4.887219482993668e+21,1.7919804770976782e+22
2.735936184210527,1.32,radius relation,0.12,395.34442864346187,4.09,1329.0800757469306,0.01875,catalog,2335201201.26821,3311335.542654059,Selsis,-0.43057774685573696,-0.7649502005888419,GP,0.11847505391497944,0.7250488450395827,1.8039768328251958e+21,6.614581720359051e+21
2.735936184210527,1.32,radius relation,0.12,395.34442864346187,4.09,1065.117293648206,0.01875,catalog,4078174941.0853047,25946631.93105186,Selsis,-0.3007672905065583,-0.6967576719806371,GP,0.06070805827659354,0.6128587936158328,5.536433840424778e+21,2.0300257414890855e+22
2.735936184210527,1.32,radius relation,0.12,395.34442864346187,4.09,166.67145239880458,0.01875,catalog,10335254936.09493,46976116.3611069,Jackson,-0.47697999946577285,-0.7557411416276596,GP,0.47490998400454676,0.15870637836893675,5.249936516945188e+21,1.924976722879902e+22
2.735936184210527,1.32,radius relation,0.12,395.34442864346187,4.09,142.83091342367737,0.01875,catalog,11998706679.172503,56107692.684859574,Jackson,-0.3031488111167889,-0.643521025126293,linear,0.1385480541974421,0.491752198038082,8.472279962482776e+22,3.106502652910351e+23
2.735936184210527,1.32,radius relation,0.12,395.34442864346187,4.09,667.7671330200949,0.01875,catalog,5701005147.821865,63801041.55893934,Selsis,-0.35457544993113255,-0.6293713229464405,linear,0.076533759071909,0.9141207261745347,4.481725173563207e+22,1.643299230306509e+23
2.735936184210527,1.32,radius relation,0.12,395.34442864346187,4.09,1009.6524096448186,0.01875,catalog,2070487176.7738605,39848712.015995406,Jackson,-0.38811062201105323,-0.6751350682690521,GP,0.11399512029573403,0.9108476666399062,4.57805559116347e+21,1.6786203834266056e+22
2.735936184210527,1.32,radius relation,0.12,395.34442864346187,4.09,237.14799467108898,0.01875,catalog,12453885937.137318,56692956.24666546,Selsis,-0.3062998142584376,-0.7210542825990485,log,0.05495114878626845,0.4426099397848161,8.481769199843691e+21,3.1099820399426865e+22
2.735936184210527,1.32,radius relation,0.12,395.34442864346187,4.09,357.5384724134594,0.01875,catalog,9069219426.357185,86091848.86813991,Selsis,-0.49700135319631106,-0.6323585832041616,GP,0.12988344867831916,0.915494958119359,5.325450661366753e+21,1.9526652425011426e+22
2.735936184210527,1.32,radius relation,0.12,395.34442864346187,4.09,387.3293639403079,0.01875,catalog,4740406563.671956,72826712.1025029,Jackson,-0.3776050930390674,-0.7273283698242659,log,0.11521230547337771,0.8486550204427036,4.541647723268705e+21,1.6652708318651917e+22
2.735936184210527,1.32,radius relation,0.12,395.34442864346187,4.09,3062.566055513547,0.01875,catalog,836931420.6391891,57896785.23384357,Jackson,-0.38825389717730574,-0.7296066842275956,linear,0.4132220443446362,0.1215718137646511,2.302837545465675e+22,8.443737666707475e+22
2.735936184210527,1.32,radius relation,0.12,395.34442864346187,4.09,1329.0800757469299,0.01875,catalog,2245288964.806154,77883381.97056083,Selsis,-0.46586110236764966,-0.7750329988699208,log,0.22018265584369015,0.27949182238659454,1.3813447478002547e+21,5.064930741934267e+21
2.735936184210527,1.32,radius relation,0.12,395.34442864346187,4.09,1191.961518326788,0.01875,catalog,3766874553.688287,30030457.5222785,Selsis,-0.4429027468135081,-0.6263429847205171,log,0.21260821077323075,0.263972283462227,2.9426166591348125e+21,1.0789594416827645e+22
2.735936184210527,1.32,radius relation,0.12,395.34442864346187,4.09,1329.0800757469299,0.01875,catalog,2399472911.91751,95729053.25923727,Selsis,-0.4594925856280512,-0.7722725294231143,log,0.4433543107313489,0.038820159693275125,1.4649234228819838e+21,5.371385883900607e+21
2.735936184210527,1.32,radius relation,0.12,395.34442864346187,4.09,913.3967762199882,0.01875,catalog,4548951341.833558,69278292.00827847,Selsis,-0.4457912154444087,-0.6105498454524029,log,0.06954485289004214,0.5478627394542936,3.4602024237360176e+21,1.2687408887032063e+22
2.735936184210527,1.32,radius relation,0.12,395.34442864346187,4.09,972.7787802249092,0.01875,catalog,4349252723.567006,67501420.57465242,Selsis,-0.3451560855059187,-0.6536377196043018,log,0.16864373662430138,0.6112204490707037,4.1002079116091075e+21,1.503409567590006e+22
2.735936184210527,1.32,radius relation,0.12,395.34442864346187,4.09,266.5727491787755,0.01875,catalog,11365589572.392246,78748644.32684775,Selsis,-0.2876882342623661,-0.6317566020118851,log,0.22171631076962492,0.0517405847598964,1.0189876072161552e+22,3.736287893125902e+22
2.735936184210527,1.32,radius relation,0.12,395.34442864346187,4.09,590.4368421278955,0.01875,catalog,3271579198.8112845,1388817.9742224708,Jackson,-0.35702616228662554,-0.7030485688155653,log,0.14813745008795304,0.5993787971183575,5.622373265818929e+21,2.061536864133607e+22
2.735936184210527,1.32,radius relation,0.12,395.34442864346187,4.09,4228.083116308011,0.01875,catalog,648744106.5065277,14994494.82457107,Jackson,-0.37855819431482074,-0.7497157081731629,GP,0.07812444951415051,0.21493853923274275,3.4427245368779106e+21,1.2623323301885671e+22
2.735936184210527,1.32,radius relation,0.12,395.34442864346187,4.09,1329.0800757469306,0.01875,catalog,1134527871.5129569,57744897.55286845,Selsis,-0.39166014319151904,-0.7018661427339667,linear,0.09255828272099725,0.2626658809241825,8.364385046010102e+21,3.066941183537037e+22
2.735936184210527,1.32,radius relation,0.12,395.34442864346187,4.09,1290.1011720114357,0.01875,catalog,1687795667.8332562,61172693.23071784,Jackson,-0.4692129585966759,-0.6396369615185585,linear,0.05179572972493906,0.02775294858347499,2.9082342745067647e+22,1.066352567319147e+23
2.735936184210527,1.32,radius relation,0.12,395.34442864346187,4.09,1329.0800757469299,0.01875,catalog,2403274196.068971,89805578.21060865,Selsis,-0.33493696809679474,-0.705787286239332,log,0.09016847806642642,0.011626279456640853,2.3199431444567561e+21,8.506458196341439e+21
2.735936184210527,1.32,radius relation,0.12,395.34442864346187,4.09,362.34382043312837,0.01875,catalog,5031990520.302661,53694948.907797605,Jackson,-0.2994047005837161,-0.7450818174808731,linear,0.18124457095502994,0.6604430458575553,6.636661137652961e+22,2.433442417139419e+23
2.735936184210527,1.32,radius relation,0.12,395.34442864346187,4.09,357.8991368760971,0.01875,catalog,5088063759.697973,27559027.6071006,Jackson,-0.41789231821187356,-0.688103673369049,linear,0.3457286586161157,0.21624270835362724,4.376126069593141e+22,1.6045795588508183e+23
2.735936184210527,1.32,radius relation,0.12,395.34442864346187,4.09,258.2090631278319,0.01875,catalog,6848167440.094023,49431054.041785896,Jackson,-0.47441348721294996,-0.7936983885629559,GP,0.2472345226100994,0.9591629281134522,5.098063357129756e+21,1.8692898976142438e+22
2.735936184210527,1.32,radius relation,0.12,395.34442864346187,4.09,4976.582061607102,0.01875,catalog,570984773.2430817,32236168.450385902,Jackson,-0.3463764497682601,-0.6515993466008367,log,0.4403178767409598,0.9013032323783128,2.489747237154715e+21,9.129073202900621e+21
2.735936184210527,1.32,radius relation,0.12,395.34442864346187,4.09,814.5454884712846,0.01875,catalog,4937968180.54733,68355968.28841507,Selsis,-0.33588937253202056,-0.6671033071221829,log,0.4928934925043445,0.0402214876753596,4.640802906910134e+21,1.7016277325337158e+22
2.735936184210527,1.32,radius relation,0.12,395.34442864346187,4.09,447.0160067032747,0.01875,catalog,4173756446.7333694,61590088.18439953,Jackson,-0.4687922028870425,-0.7551176351515159,linear,0.09365983713882439,0.8296683978531058,3.467349755220822e+22,1.2713615769143014e+23
2.735936184210527,1.32,radius relation,0.12,395.34442864346187,4.09,794.1837771914936,0.01875,catalog,2536154294.3150754,19756877.136296928,Jackson,-0.4469001394267765,-0.7565357887200616,GP,0.2238175207914306,0.6761373991326771,4.5528946597637736e+21,1.6693947085800503e+22
2.735936184210527,1.32,radius relation,0.12,395.34442864346187,4.09,411.9195606580588,0.01875,catalog,4487448486.350753,37751916.76159857,Jackson,-0.42519670139615423,-0.6452180706573211,GP,0.2749850481001155,0.40918899666314446,5.675103176215257e+21,2.080871164612261e+22
2.735936184210527,1.32,radius relation,0.12,395.34442864346187,4.09,1329.0800757469299,0.01875,catalog,1978568867.5614738,67998857.91333938,Selsis,-0.42883216360811555,-0.7411486279622712,linear,0.05628727157226475,0.2315403776359043,1.2255578398784404e+22,4.493712079554281e+22
2.735936184210527,1.32,radius relation,0.12,395.34442864346187,4.09,1330.1848189612372,0.01875,catalog,782328634.8524122,94480038.63801481,Selsis,-0.4393465096708583,-0.6870030083481775,log,0.16138697203887642,0.56774034239847,5.3045758122243516e+20,1.9450111311489288e+21
2.735936184210527,1.32,radius relation,0.12,395.34442864346187,4.09,516.0971577201228,0.01875,catalog,3678371060.3684363,40177161.95303938,Jackson,-0.3710178952090406,-0.6885913415008124,GP,0.29680847546085526,0.9094725613132112,5.685534888986197e+21,2.0846961259616053e+22
2.735936184210527,1.32,radius relation,0.12,395.34442864346187,4.09,382.2484125971595,0.01875,catalog,4796660170.080698,72490374.3060266,Jackson,-0.3127293612287748,-0.6785893869549217,log,0.14711475778475858,0.1150087213924651,6.345962630132633e+21,2.3268529643819654e+22
2.735936184210527,1.32,radius relation,0.12,395.34442864346187,4.09,442.56875024707574,0.01875,catalog,4210810477.4930525,42765290.46592807,Jackson,-0.37093272524374515,-0.7924114777662814,log,0.13013918384689027,0.9195443495850313,4.68495911586287e+21,1.7178183424830524e+22
2.735936184210527,1.32,radius relation,0.12,395.34442864346187,4.09,614.034915719256,0.01875,catalog,6060822322.068811,38687112.17584115,Selsis,-0.4646742195984516,-0.7078964075703476,GP,0.17706181586582262,0.6810859871470735,3.727113533729384e+21,1.366608295700774e+22
2.735936184210527,1.32,radius relation,0.12,395.34442864346187,4.09,1329.0800757469306,0.01875,catalog,2223262054.267558,63675405.7074487,Selsis,-0.46891605235016687,-0.64535173818648,log,0.06411007778965469,0.07236913593686989,1.5847352160044783e+21,5.81069579201642e+21
2.735936184210527,1.32,radius relation,0.12,395.34442864346187,4.09,1329.0800757469306,0.01875,catalog,2921113468.198193,96079157.19369097,Selsis,-0.28727717685151666,-0.6501103316732793,linear,0.05932247975750208,0.4939950392731728,3.681200480149895e+22,1.3497735093882947e+23
2.735936184210527,1.32,radius relation,0.12,395.34442864346187,4.09,924.4667172635708,0.01875,catalog,4510004381.349544,32865906.357653577,Selsis,-0.49811302558489334,-0.7135139110814989,linear,0.05123874619020661,0.05883676220149414,2.5035226178319316e+22,9.179582932050415e+22
2.735936184210527,1.32,radius relation,0.12,395.34442864346187,4.09,1329.0800757469306,0.01875,catalog,2779552693.449581,44938159.934371576,Selsis,-0.29439376430944336,-0.7771599451409252,GP,0.1294017998083339,0.6897841738496322,3.924971083278679e+21,1.4391560638688488e+22
2.735936184210527,1.32,radius relation,0.12,395.34442864346187,4.09,587.671675290618,0.01875,catalog,6258835844.510912,6341011.960673044,Selsis,-0.39764715176277865,-0.6935735552927098,GP,0.14434289173060827,0.07136995939912827,4.5123826892506037e+21,1.6545403193918879e+22
2.735936184210527,1.32,radius relation,0.12,395.34442864346187,4.09,3976.857974473403,0.01875,catalog,680744433.6353341,63323294.26319049,Jackson,-0.4987434976063173,-0.6783703046647661,GP,0.4414443639170751,0.3916067346015062,2.347437460973348e+21,8.607270690235609e+21
2.735936184210527,1.32,radius relation,0.12,395.34442864346187,4.09,630.0691004722142,0.01875,catalog,5947693622.648436,38164672.28904266,Selsis,-0.4462151899156163,-0.6364425218682265,GP,0.4070524946970115,0.10313662637368148,4.1067577151284157e+21,1.5058111622137525e+22
2.735936184210527,1.32,radius relation,0.12,395.34442864346187,4.09,568.8188862855186,0.01875,catalog,6410526263.644554,12848382.752723066,Selsis,-0.3644527740541817,-0.6464062102151543,log,0.120111249032556,0.9604341549174366,5.058914724329717e+21,1.8549353989208963e+22
2.735936184210527,1.32,radius relation,0.12,395.34442864346187,4.09,346.1828439077774,0.01875,catalog,5242686656.966322,62358762.78814144,Jackson,-0.4543669243228422,-0.7256584090996138,GP,0.46614104582441335,0.2812401218630448,5.104420597396616e+21,1.8716208857120925e+22
2.735936184210527,1.32,radius relation,0.12,395.34442864346187,4.09,487.48534615573027,0.01875,catalog,3866948465.62255,68321997.57799175,Jackson,-0.29685717809981005,-0.6749738476990956,log,0.07196557058530864,0.4968580463282949,6.667515640627205e+21,2.444755734896642e+22
2.735936184210527,1.32,radius relation,0.12,395.34442864346187,4.09,1329.0800757469299,0.01875,catalog,2342988037.8575654,13236019.15896934,Selsis,-0.49320743211578333,-0.6947404986200143,log,0.08636021147298598,0.23655000671252724,1.6279558005654424e+21,5.969171268739955e+21
2.735936184210527,1.32,radius relation,0.12,395.34442864346187,4.09,1172.0138722199858,0.01875,catalog,1827847595.377572,60348413.922251694,Jackson,-0.4255496353382988,-0.7559987187894363,GP,0.16518705080019702,0.5622673146493525,3.6911606263293443e+21,1.3534255629874263e+22
2.735936184210527,1.32,radius relation,0.12,395.34442864346187,4.09,409.05955716514865,0.01875,catalog,8191560895.720947,84557651.78810668,Selsis,-0.42398796819544515,-0.7469987069946005,GP,0.11805809868201662,0.10956056252027135,4.7025674353655174e+21,1.7242747263006896e+22
2.735936184210527,1.32,radius relation,0.12,395.34442864346187,4.09,125.57030309495524,0.01875,catalog,13614420969.79139,54607406.288618274,Jackson,-0.34564082796511897,-0.6579074697264419,GP,0.16958832486156314,0.6984889908816535,9.258747672246523e+21,3.3948741464903916e+22
2.735936184210527,1.32,radius relation,0.12,395.34442864346187,4.09,1329.0800757469299,0.01875,catalog,1982948171.6420722,79861125.83449718,Selsis,-0.283007981480529,-0.6553154283390873,log,0.05065070910722251,0.1727241489340754,2.8777852948459605e+21,1.0551879414435189e+22
2.735936184210527,1.32,radius relation,0.12,395.34442864346187,4.09,1329.0800757469306,0.01875,catalog,2943970700.258004,49746318.8439364,Selsis,-0.29105875325578145,-0.656419374409006,GP,0.2368805949155026,0.9535542954345035,4.490999013334688e+21,1.6466996382227189e+22
2.735936184210527,1.32,radius relation,0.12,395.34442864346187,4.09,1329.0800757469299,0.01875,catalog,2035641883.3586872,23997920.02723885,Selsis,-0.40784176179759196,-0.7323694011628327,linear,0.09415923323204277,0.5810716224734003,1.4308303536052786e+22,5.246377963219354e+22
2.735936184210527,1.32,radius relation,0.12,395.34442864346187,4.09,1329.0800757469299,0.01875,catalog,2380804712.3681145,16286899.573321523,Selsis,-0.3598210044139756,-0.6981562922039601,log,0.10155702416040381,0.9079858712826703,2.2371170528431102e+21,8.202762527091404e+21
2.735936184210527,1.32,radius relation,0.12,395.34442864346187,4.09,793.2552622209236,0.01875,catalog,5032954522.383321,23802816.386150435,Selsis,-0.2978899995817789,-0.7606271606605204,GP,0.4084689271125613,0.08458368729928678,6.407722909383568e+21,2.349498400107308e+22
2.735936184210527,1.32,radius relation,0.12,395.34442864346187,4.09,361.3776771213767,0.01875,catalog,8995937794.73365,64505472.78326826,Selsis,-0.3349927819854036,-0.6617534886329183,GP,0.38507765822127643,0.3081794162096999,7.203614113112031e+21,2.6413251748077444e+22
2.735936184210527,1.32,radius relation,0.12,395.34442864346187,4.09,618.9179492316588,0.01875,catalog,3140838016.061477,29891826.105848543,Jackson,-0.4666826291270708,-0.7287474355023994,linear,0.12746460951387698,0.5541172797512044,3.5510974203188874e+22,1.3020690541169254e+23
2.735936184210527,1.32,radius relation,0.12,395.34442864346187,4.09,510.3926559343117,0.01875,catalog,6944265475.251185,55136661.614372104,Selsis,-0.2977349854411165,-0.7351160974075975,linear,0.1189976410262015,0.5904398957136083,6.424535387222705e+22,2.3556629753149918e+23
2.735936184210527,1.32,radius relation,0.12,395.34442864346187,4.09,226.60758042547815,0.01875,catalog,7729472006.513047,80566733.46806541,Jackson,-0.4011450875215791,-0.7303559782140532,linear,0.3083413924701158,0.8022821333514584,4.349111000900807e+22,1.5946740336636294e+23
2.735936184210527,1.32,radius relation,0.12,395.34442864346187,4.09,791.6658792412011,0.01875,catalog,5040227686.720504,10773036.904416654,Selsis,-0.4068313979032179,-0.7903349355244232,log,0.2684621196997415,0.01581026869043023,3.3812847365539926e+21,1.2398044034031306e+22
2.735936184210527,1.32,radius relation,0.12,395.34442864346187,4.09,585.2451781888783,0.01875,catalog,6277865944.739314,12608823.64991793,Selsis,-0.4851892138171507,-0.7118394923626782,log,0.06869520664771901,0.7081109866386073,3.417637153652016e+21,1.2531336230057393e+22
2.735936184210527,1.32,radius relation,0.12,395.34442864346187,4.09,1373.757363293419,0.01875,catalog,1602341209.2096941,73914044.16158907,Jackson,-0.3108948987407462,-0.6936892394490346,GP,0.12550415202499313,0.5523839877700241,5.425298707588003e+21,1.9892761927822673e+22
2.735936184210527,1.32,radius relation,0.12,395.34442864346187,4.09,288.11659581273585,0.01875,catalog,6192754766.8103285,3982096.525935269,Jackson,-0.2988213909213715,-0.7860444875687158,GP,0.15745949268593584,0.9589751301800101,1.0975092928439155e+22,4.02420074042769e+22
2.735936184210527,1.32,radius relation,0.12,395.34442864346187,4.09,1053.3560575355891,0.01875,catalog,1998225490.8416033,21487685.798956558,Jackson,-0.3030968980667992,-0.7256925707325674,log,0.14846591782499594,0.8045790319473658,5.662736873960748e+21,2.076336853785607e+22
2.735936184210527,1.32,radius relation,0.12,395.34442864346187,4.09,338.9722546995471,0.01875,catalog,5343098077.989125,43770691.1887208,Jackson,-0.4573643900270756,-0.6027353815643507,linear,0.06333812448323461,0.3017866272660743,4.642265516439724e+22,1.7021640226945655e+23
2.735936184210527,1.32,radius relation,0.12,395.34442864346187,4.09,317.5061726523355,0.01875,catalog,9929776427.331945,96773910.85912775,Selsis,-0.4759253233408814,-0.7082302425973062,linear,0.21366360968961437,0.01860911455558789,3.7062935707248644e+22,1.3589743092657836e+23
2.735936184210527,1.32,radius relation,0.12,395.34442864346187,4.09,1329.0800757469306,0.01875,catalog,2646778438.4079385,52874796.89243129,Selsis,-0.4510908691041152,-0.7199271053388833,GP,0.21656106927516747,0.5556788652299571,1.7548535306815403e+21,6.434462945832314e+21
2.735936184210527,1.32,radius relation,0.12,395.34442864346187,4.09,1222.4843589523125,0.01875,catalog,3700498416.437339,15108861.596114093,Selsis,-0.44460465652349057,-0.6827425638417456,GP,0.30419921581673354,0.518074092864612,2.636842084242127e+21,9.668420975554466e+21
2.735936184210527,1.32,radius relation,0.12,395.34442864346187,4.09,538.6295469741054,0.01875,catalog,3543583528.49346,58771547.45674541,Jackson,-0.4261500784700443,-0.7268964066347592,GP,0.2012592563361165,0.8726765810888276,4.665452408286316e+21,1.7106658830383158e+22
2.735936184210527,1.32,radius relation,0.12,395.34442864346187,4.09,931.8445476750832,0.01875,catalog,2214984832.313325,38263877.45145518,Jackson,-0.38769743742459806,-0.7756575152238935,linear,0.05537504895217401,0.09946138749917632,3.563542904024267e+22,1.3066323981422311e+23
2.735936184210527,1.32,radius relation,0.12,395.34442864346187,4.09,4363.322728865606,0.01875,catalog,632911860.2254597,6759735.189857264,Jackson,-0.2829794770146058,-0.640247934691049,log,0.08774919450095559,0.5866763533207853,4.4420053894505536e+21,1.6287353094652029e+22
2.735936184210527,1.32,radius relation,0.12,395.34442864346187,4.09,315.05494014773114,0.01875,catalog,5708741205.710691,50886964.28317215,Jackson,-0.41896120689607436,-0.640713831552771,GP,0.1716249534051819,0.9965033937231623,6.120896786188529e+21,2.2443288216024606e+22
2.735936184210527,1.32,radius relation,0.12,395.34442864346187,4.09,217.04439215675222,0.01875,catalog,8047227644.436503,63942134.864559524,Jackson,-0.45089579202731844,-0.6539110109506544,GP,0.1301066508267253,0.025039089531656233,6.107678618270442e+21,2.239482160032495e+22
2.735936184210527,1.32,radius relation,0.12,395.34442864346187,4.09,1329.0800757469299,0.01875,catalog,2601053205.490774,96083713.55829868,Selsis,-0.4545947903553146,-0.7455067087656093,linear,0.2042983739828641,0.05439103020961311,1.483589758857088e+22,5.439829115809322e+22
2.735936184210527,1.32,radius relation,0.12,395.34442864346187,4.09,752.3087287340476,0.01875,catalog,5229025806.56378,72824304.806259,Selsis,-0.36966113423401636,-0.6872360769456151,linear,0.05892645755015786,0.003069517870987859,3.641278149593298e+22,1.3351353215175425e+23
2.735936184210527,1.32,radius relation,0.12,395.34442864346187,4.09,433.04766208035176,0.01875,catalog,4292640787.6900487,78276599.15818061,Jackson,-0.3484507583152416,-0.7059664606795094,GP,0.10154820389479038,0.05860439121558092,5.954363291223945e+21,2.1832665401154467e+22
2.735936184210527,1.32,radius relation,0.12,395.34442864346187,4.09,630.7179805553587,0.01875,catalog,3090011663.5818744,91280514.07384075,Jackson,-0.3987338857550335,-0.6641193306448806,log,0.08243208069841089,0.22620240646667344,3.864292474117129e+21,1.4169072405096138e+22
2.735936184210527,1.32,radius relation,0.12,395.34442864346187,4.09,1329.0800757469306,0.01875,catalog,2588234009.4462566,33025660.0310982,Selsis,-0.32073027523928843,-0.6564090883179011,linear,0.19195973204452146,0.6591265679428484,2.7378557284212655e+22,1.003880433754464e+23
2.735936184210527,1.32,radius relation,0.12,395.34442864346187,4.09,442.8132694490357,0.01875,catalog,7718556097.117711,56982937.17846696,Selsis,-0.4966170686241681,-0.7212283777481702,GP,0.06640583257415597,0.5031301502828712,4.323828182723608e+21,1.5854036669986561e+22
2.735936184210527,1.32,radius relation,0.12,395.34442864346187,4.09,1327.417436555263,0.01875,catalog,3178322185.9540706,97160072.70028263,Selsis,-0.36581428442590946,-0.6445951360314626,linear,0.10921703383258644,0.08611004985764914,2.544896076113838e+22,9.331285612417405e+22
2.735936184210527,1.32,radius relation,0.12,395.34442864346187,4.09,133.05514495036635,0.01875,catalog,12860096241.143879,55735882.51633166,Jackson,-0.36678907657155907,-0.6751826173362847,log,0.3534860126215286,0.3556909607555745,6.286347977962698e+21,2.3049942585863223e+22
2.735936184210527,1.32,radius relation,0.12,395.34442864346187,4.09,252.38843105713204,0.01875,catalog,6993815770.748155,13932131.595232246,Jackson,-0.302251473906053,-0.6524894844238254,GP,0.25455479770299133,0.40569877164441714,1.0842341810869226e+22,3.975525330652049e+22
2.735936184210527,1.32,radius relation,0.12,395.34442864346187,4.09,259.0882402741717,0.01875,catalog,6826738918.160217,95860069.29229835,Jackson,-0.45500432162679516,-0.6576945632185976,GP,0.13918781330172322,0.6340174901298624,5.56783211055054e+21,2.0415384405351978e+22
2.735936184210527,1.32,radius relation,0.12,395.34442864346187,4.09,939.8435002970135,0.01875,catalog,2199083682.8521256,35931673.943959236,Jackson,-0.4179462740133997,-0.645540170592447,GP,0.15901713510121937,0.2610759614482008,4.538665697902489e+21,1.664177422564246e+22
2.735936184210527,1.32,radius relation,0.12,395.34442864346187,4.09,592.7403112129621,0.01875,catalog,3260554497.909581,25961412.84014012,Jackson,-0.39138127341415857,-0.6860348943783876,log,0.051781151230097286,0.004847614436837233,4.475466763005709e+21,1.6410044797687599e+22
2.735936184210527,1.32,radius relation,0.12,395.34442864346187,4.09,1319.592970617007,0.01875,catalog,1656508833.5299318,63419379.75055282,Jackson,-0.38473117464241835,-0.6771269898309661,GP,0.325839459582685,0.06442740140982228,4.0298661058255074e+21,1.4776175721360193e+22
2.735936184210527,1.32,radius relation,0.12,395.34442864346187,4.09,626.1080518571237,0.01875,catalog,3109648185.3324103,35897894.72711104,Jackson,-0.43784485416384794,-0.7783665411355002,linear,0.1037158414938598,0.05018580683496443,3.5483749764034625e+22,1.3010708246812695e+23
2.735936184210527,1.32,radius relation,0.12,395.34442864346187,4.09,130.22024748501704,0.01875,catalog,13135139880.061947,41719886.47464386,Jackson,-0.38780661406826494,-0.6939376944915363,linear,0.08858181845372728,0.8240191969659059,5.471891543097193e+22,2.0063602324689708e+23
2.735936184210527,1.32,radius relation,0.12,395.34442864346187,4.09,869.9641094094724,0.01875,catalog,4710206476.90758,22352546.91682041,Selsis,-0.4641940661274901,-0.6185209056248565,GP,0.10444152577205823,0.017507880133991183,3.5805289691120193e+21,1.3128606220077404e+22
2.735936184210527,1.32,radius relation,0.12,395.34442864346187,4.09,673.8194921707728,0.01875,catalog,2918956739.8953047,4746045.227306842,Jackson,-0.418379101719773,-0.7430826076977493,GP,0.07914135851514562,0.2820217963353021,5.499873512004257e+21,2.016620287734894e+22
2.735936184210527,1.32,radius relation,0.12,395.34442864346187,4.09,815.3039692923487,0.01875,catalog,2480175501.654701,8216985.816319617,Jackson,-0.29224380511551296,-0.7203125699984378,log,0.328183789509559,0.3490068218746396,6.919144488690133e+21,2.537019645853049e+22
2.735936184210527,1.32,radius relation,0.12,395.34442864346187,4.09,1329.0800757469299,0.01875,catalog,2301251380.9306602,28422592.57865089,Selsis,-0.4592800184143306,-0.6805662740904515,linear,0.05713935693619893,0.8114516203468127,1.4996053621069396e+22,5.4985529943921116e+22
2.735936184210527,1.32,radius relation,0.12,395.34442864346187,4.09,1329.0800757469306,0.01875,catalog,1481589022.5987327,42861517.33021601,Selsis,-0.4698324358307575,-0.7404629484459875,linear,0.14905094744638908,0.7755996220567886,9.097542893286627e+21,3.3357657275384298e+22
2.735936184210527,1.32,radius relation,0.12,395.34442864346187,4.09,1152.2089770197476,0.01875,catalog,1853978121.634027,82829748.97821005,Jackson,-0.4933872091205647,-0.7579387583256002,log,0.22685573329289158,0.714321161295821,2.817817747906767e+21,1.033199840899148e+22
2.735936184210527,1.32,radius relation,0.12,395.34442864346187,4.09,720.2144729939773,0.01875,catalog,2756882415.702049,22220054.500131246,Jackson,-0.3389391130915304,-0.6189295201293453,linear,0.0561510310023454,0.6460372629175732,5.218306706645395e+22,1.913379125769978e+23
2.735936184210527,1.32,radius relation,0.12,395.34442864346187,4.09,617.4012207617798,0.01875,catalog,3147506870.607203,65780785.9895205,Jackson,-0.36373005256961083,-0.7874477415225172,log,0.1674928645865684,0.5912328895526636,4.2688660175696654e+21,1.5652508731088772e+22
2.735936184210527,1.32,radius relation,0.12,395.34442864346187,4.09,1329.0800757469299,0.01875,catalog,2820515918.418584,92674296.47058344,Selsis,-0.45562792868246677,-0.751391591938883,GP,0.1271241485273737,0.953915262806509,1.7630779364701912e+21,6.464619100390701e+21
2.735936184210527,1.32,radius relation,0.12,395.34442864346187,4.09,1184.2537148342317,0.01875,catalog,1812110764.6741195,41234625.24556362,Jackson,-0.4111287058932272,-0.6731880237969224,log,0.26567732818842,0.005218730694670715,3.4892181087298535e+21,1.2793799732009462e+22
2.735936184210527,1.32,radius relation,0.12,395.34442864346187,4.09,1329.0800757469283,0.01875,catalog,2541171603.064715,97907078.5742962,Selsis,-0.4577691656761402,-0.6318755798771692,GP,0.3838607442411703,0.49712116375210735,1.8461102485525506e+21,6.769070911359352e+21
2.735936184210527,1.32,radius relation,0.12,395.34442864346187,4.09,558.2904263196034,0.01875,catalog,3434604337.857389,64110217.74542788,Jackson,-0.3462999286944365,-0.7732108793002145,GP,0.05396105988842784,0.6623977972677231,5.615244325864152e+21,2.058922919483522e+22
2.735936184210527,1.32,radius relation,0.12,395.34442864346187,4.09,1329.0800757469299,0.01875,catalog,1579249094.183595,95746272.51784067,Selsis,-0.4696841648604428,-0.7377127933174219,GP,0.09278593360764387,0.6292045682731073,9.800449431465894e+20,3.5934981248708274e+21
2.735936184210527,1.32,radius relation,0.12,395.34442864346187,4.09,1329.0800757469306,0.01875,catalog,1166336085.4893873,30200731.83224479,Selsis,-0.33380864011295264,-0.6369829247119122,GP,0.22243474147990494,0.9791160964635454,1.5240852920285827e+21,5.588312737438136e+21
2.735936184210527,1.32,radius relation,0.12,395.34442864346187,4.09,616.4669988818454,0.01875,catalog,6043323108.095294,65846352.258633755,Selsis,-0.4252170808364776,-0.7669261423589215,linear,0.4520507574014786,0.7514440545104906,3.1568324578395415e+22,1.1575052345411652e+23
2.735936184210527,1.32,radius relation,0.12,395.34442864346187,4.09,930.4196290462463,0.01875,catalog,2217844686.68693,16724828.215487378,Jackson,-0.3954090173030597,-0.7876912799972775,GP,0.4479063575687431,0.5956379769733711,4.845595786461159e+21,1.776718455035758e+22
2.735936184210527,1.32,radius relation,0.12,395.34442864346187,4.09,727.0895667907017,0.01875,catalog,2734555760.1946697,91429074.65957867,Jackson,-0.3224539720640879,-0.7917457873443701,GP,0.4957779899910993,0.2724823292423382,5.624384797858267e+21,2.0622744258813645e+22
2.735936184210527,1.32,radius relation,0.12,395.34442864346187,4.09,1329.0800757469306,0.01875,catalog,1479990762.5319781,34433902.22578782,Selsis,-0.38301834483841957,-0.6206115417162598,GP,0.3537017687652991,0.895796738628883,1.5175952919741297e+21,5.564516070571809e+21
2.735936184210527,1.32,radius relation,0.12,395.34442864346187,4.09,1329.0800757469299,0.01875,catalog,1852268296.6717696,16703716.056794131,Selsis,-0.4150424204275294,-0.6365060487174122,log,0.06561403354961763,0.32293015682085624,1.6200856088165836e+21,5.94031389899414e+21
2.735936184210527,1.32,radius relation,0.12,395.34442864346187,4.09,527.3864204338354,0.01875,catalog,6778026140.158067,53403316.22604724,Selsis,-0.41571464702054584,-0.7065349505436719,log,0.32283829296080535,0.7142767036631325,3.9052724220143e+21,1.4319332214052433e+22
2.735936184210527,1.32,radius relation,0.12,395.34442864346187,4.09,200.99008693789906,0.01875,catalog,8649620962.38754,17566935.39830607,Jackson,-0.38497147628710576,-0.6185966575092935,linear,0.07314944412247475,0.3372495819358736,6.076456794045522e+22,2.2280341578166913e+23
2.735936184210527,1.32,radius relation,0.12,395.34442864346187,4.09,575.9194436996625,0.01875,catalog,3343021639.0167203,28725928.824267127,Jackson,-0.4638402057116797,-0.7811060481404587,log,0.16170591968082368,0.5965033941486855,3.809604225667498e+21,1.3968548827447492e+22
2.735936184210527,1.32,radius relation,0.12,395.34442864346187,4.09,875.1496294299516,0.01875,catalog,2335592370.133313,38777027.15324609,Jackson,-0.4389402275000064,-0.7925419374780834,log,0.18674958792193658,0.4297292818317372,3.486006993359236e+21,1.27820256423172e+22
2.735936184210527,1.32,radius relation,0.12,395.34442864346187,4.09,755.4457162224904,0.01875,catalog,5213335638.61179,15542935.64659773,Selsis,-0.37748556992447,-0.7022198376028596,GP,0.21150945447535943,0.4667409633006274,4.120678535744061e+21,1.5109154631061556e+22
2.735936184210527,1.32,radius relation,0.12,395.34442864346187,4.09,879.9047535419031,0.01875,catalog,2324909092.563745,4994404.298263297,Jackson,-0.4552931217723889,-0.6449706167224196,linear,0.06663446106926917,0.4094617923306978,4.003559659888999e+22,1.4679718752926329e+23
2.735936184210527,1.32,radius relation,0.12,395.34442864346187,4.09,347.50264731826957,0.01875,catalog,5224753952.907053,38115842.68876315,Jackson,-0.36507988336848823,-0.7853908145301345,log,0.28872694899843576,0.7901622525190344,5.086457432706372e+21,1.8650343919923365e+22
2.735936184210527,1.32,radius relation,0.12,395.34442864346187,4.09,352.1596677882802,0.01875,catalog,5162538822.292748,21519810.71659681,Jackson,-0.4433974116034824,-0.7303981757823729,GP,0.05875528100949809,0.5898639577811264,5.71104464952599e+21,2.0940497048261964e+22
2.735936184210527,1.32,radius relation,0.12,395.34442864346187,4.09,548.3836494904901,0.01875,catalog,6585522823.352705,67466835.90208513,Selsis,-0.3599096246673618,-0.7720785948543664,linear,0.45395083405601844,0.5040124856886485,4.147246103339203e+22,1.5206569045577078e+23
2.735936184210527,1.32,radius relation,0.12,395.34442864346187,4.09,1329.0800757469306,0.01875,catalog,2513047278.7501807,1021987.3579182739,Selsis,-0.47281642654120876,-0.6563420083002476,log,0.16406218518065852,0.49399318055443275,1.9833220336426838e+21,7.272180790023173e+21
2.735936184210527,1.32,radius relation,0.12,395.34442864346187,4.09,1329.0800757469306,0.01875,catalog,3043729777.5020103,65126892.165643044,Selsis,-0.3895068666004311,-0.7465850632126825,log,0.10577198307742684,0.4678295271102342,2.2747354841853652e+21,8.340696775346338e+21
2.735936184210527,1.32,radius relation,0.12,395.34442864346187,4.09,1329.0800757469306,0.01875,catalog,2540037261.932775,54793844.19371749,Selsis,-0.3349705176620801,-0.6908708240191694,GP,0.07888039491675089,0.8114634554589633,2.711756563992347e+21,9.943107401305272e+21
2.735936184210527,1.32,radius relation,0.12,395.34442864346187,4.09,385.11147596772213,0.01875,catalog,4764782216.141212,52807257.04987856,Jackson,-0.43061201925238496,-0.7984672730077068,GP,0.4196981587634755,0.49856940134249994,5.121640438515185e+21,1.877934827455568e+22
2.735936184210527,1.32,radius relation,0.12,395.34442864346187,4.09,286.81979894837394,0.01875,catalog,10738247466.599617,51260485.10514489,Selsis,-0.3320083145506652,-0.7143420527881829,GP,0.25900478333899235,0.4925905126873956,7.938556000468404e+21,2.9108038668384144e+22
2.735936184210527,1.32,radius relation,0.12,395.34442864346187,4.09,600.9737934815087,0.01875,catalog,3221815655.1855025,54682726.23066697,Jackson,-0.42731988366905715,-0.7837098969877331,linear,0.1800153106874896,0.1340017891459151,3.4692170812589703e+22,1.272046263128289e+23
2.735936184210527,1.32,radius relation,0.12,395.34442864346187,4.09,679.1783598186847,0.01875,catalog,2899150658.854604,51151943.69985792,Jackson,-0.3300111053124835,-0.6198280900666953,log,0.2642237734858923,0.2453908068753804,5.429510498384805e+21,1.9908205160744285e+22
2.735936184210527,1.32,radius relation,0.12,395.34442864346187,4.09,438.07430408893856,0.01875,catalog,4249004974.840476,45190136.818803035,Jackson,-0.3092351015408501,-0.6701886308315708,GP,0.3660229194480641,0.8092236204850388,7.951804627157365e+21,2.915661696624367e+22
2.735936184210527,1.32,radius relation,0.12,395.34442864346187,4.09,688.280218385978,0.01875,catalog,2866190195.692413,34641431.30884925,Jackson,-0.48946242639305665,-0.6897303996296822,GP,0.1480456066478765,0.8247430501064837,4.4168609055734906e+21,1.6195156653769465e+22
2.735936184210527,1.32,radius relation,0.12,395.34442864346187,4.09,1355.4712253179955,0.01875,catalog,1620173878.3214273,36947290.92793553,Jackson,-0.44183157423259306,-0.7341033029279443,log,0.4580556320180104,0.3504919624974201,3.16317299170773e+21,1.1598300969595008e+22
2.735936184210527,1.32,radius relation,0.12,395.34442864346187,4.09,530.2761700865176,0.01875,catalog,3592255953.024916,10605550.208938535,Jackson,-0.2872576208497917,-0.7948044986662968,log,0.08477729269018829,0.1973938213851002,7.7900889563519e+21,2.856365950662363e+22
2.735936184210527,1.32,radius relation,0.12,395.34442864346187,4.09,408.9967008504871,0.01875,catalog,4515951165.027629,40031251.12899615,Jackson,-0.47941025620708244,-0.7229427927698467,GP,0.3032166258112728,0.7900683617636133,5.027914525511232e+21,1.8435686593541184e+22
2.735936184210527,1.32,radius relation,0.12,395.34442864346187,4.09,581.0907330101769,0.01875,catalog,3317177205.4620695,49546630.04434357,Jackson,-0.47142080864093583,-0.7590605569400513,linear,0.21597102641603166,0.915135585952883,3.3623964229145977e+22,1.232878688402019e+23
2.735936184210527,1.32,radius relation,0.12,395.34442864346187,4.09,641.4714764542989,0.01875,catalog,5870338813.5925665,76567499.175229,Selsis,-0.4966359395881349,-0.7001234686950669,log,0.49979198141647563,0.700392478693812,3.159538449689486e+21,1.1584974315528116e+22
2.735936184210527,1.32,radius relation,0.12,395.34442864346187,4.09,739.0788392468819,0.01875,catalog,5296502180.038935,44382129.67482622,Selsis,-0.44147449495455826,-0.7791539030892444,linear,0.35679574230381766,0.3782359244202338,2.8522258515850714e+22,1.0458161455811927e+23
2.735936184210527,1.32,radius relation,0.12,395.34442864346187,4.09,517.9941930528316,0.01875,catalog,3666584319.1309814,77224111.38776408,Jackson,-0.37028514294178766,-0.6884539761120144,linear,0.48637423652346956,0.4937188032960105,4.115180111508565e+22,1.5088993742198071e+23
2.735936184210527,1.32,radius relation,0.12,395.34442864346187,4.09,340.6330029413854,0.01875,catalog,9409905410.651106,78150376.42406747,Selsis,-0.44379883605018644,-0.6347079586595814,GP,0.2470960171767173,0.8766108768101737,5.741239757923799e+21,2.1051212445720596e+22
2.735936184210527,1.32,radius relation,0.12,395.34442864346187,4.09,416.02886453535547,0.01875,catalog,4448040583.249177,33350996.345615238,Jackson,-0.28688842708047513,-0.7170563734351046,log,0.18792599925018263,0.15180593601547232,7.821165314568029e+21,2.8677606153416104e+22
2.735936184210527,1.32,radius relation,0.12,395.34442864346187,4.09,671.2871434633585,0.01875,catalog,2928421905.5115848,50111224.497094624,Jackson,-0.39863124474892675,-0.7899750646766508,GP,0.13971385008067017,0.04763023477135486,4.6161724601909846e+21,1.6925965687366942e+22
2.735936184210527,1.32,radius relation,0.12,395.34442864346187,4.09,674.0067627211571,0.01875,catalog,2918259493.767371,33264062.332426697,Jackson,-0.3653108200283244,-0.6836224379237615,linear,0.13441276621278572,0.9074390422166061,4.328595142369644e+22,1.5871515522022027e+23
2.735936184210527,1.32,radius relation,0.12,395.34442864346187,4.09,2834.9750919666026,0.01875,catalog,890016651.8583441,8172495.46009467,Jackson,-0.4496089418908268,-0.6129393648432266,linear,0.26031490266434276,0.572329238851969,2.9974248557887854e+22,1.099055780455888e+23
2.735936184210527,1.32,radius relation,0.12,395.34442864346187,4.09,757.2346512558461,0.01875,catalog,5204439887.830066,85620327.79678975,Selsis,-0.3612723772813159,-0.6120285721744183,log,0.07103127333319767,0.6379095544217921,4.648391508080631e+21,1.7044102196295648e+22
2.735936184210527,1.32,radius relation,0.12,395.34442864346187,4.09,648.1355728352783,0.01875,catalog,5826260581.844392,82231179.26695322,Selsis,-0.44011319694691864,-0.7240621639197218,GP,0.09304194339016547,0.13809586911040195,3.558168471417249e+21,1.3046617728529912e+22
2.735936184210527,1.32,radius relation,0.12,395.34442864346187,4.09,1329.0800757469299,0.01875,catalog,2079059619.124723,9395405.009190308,Selsis,-0.2932113634400816,-0.7139705963184361,linear,0.13634346809272574,0.7264331164191314,2.766528065819592e+22,1.0143936241338504e+23
2.735936184210527,1.32,radius relation,0.12,395.34442864346187,4.09,315.3202620168869,0.01875,catalog,5704383223.268341,65803170.37987971,Jackson,-0.3194077733499079,-0.7421624389237279,log,0.3516376315611977,0.5636279895917917,6.264478211215633e+21,2.296975344112399e+22
2.735936184210527,1.32,radius relation,0.12,395.34442864346187,4.09,795.9872750580271,0.01875,catalog,5020513001.513623,84673339.04395284,Selsis,-0.4973839498483061,-0.6183691544481693,GP,0.05215862182352141,0.3363479053200591,3.471461888899474e+21,1.2728693592631405e+22
2.735936184210527,1.32,radius relation,0.12,395.34442864346187,4.09,1329.0800757469299,0.01875,catalog,1294661183.5363574,4958817.60976653,Selsis,-0.4094676472184662,-0.7580340139685073,log,0.0741424958424146,0.6697948253884208,1.1307841865532424e+21,4.146208684028555e+21
2.735936184210527,1.32,radius relation,0.12,395.34442864346187,4.09,836.2926170817951,0.01875,catalog,2427222450.796372,39671667.62956023,Jackson,-0.40872417086926693,-0.6887719004484509,log,0.3592763142076265,0.9180999103000022,3.818155457998651e+21,1.3999903345995053e+22
2.735936184210527,1.32,radius relation,0.12,395.34442864346187,4.09,205.04307190932218,0.01875,catalog,13972118049.603258,25166011.21598566,Selsis,-0.3801253941930608,-0.7019104670897985,GP,0.16172016216570237,0.9198275050104722,7.386130106419797e+21,2.7082477056872585e+22
2.735936184210527,1.32,radius relation,0.12,395.34442864346187,4.09,1374.3968547492316,0.01875,catalog,445282642.47655845,48036151.02060762,Selsis,-0.32312673771733247,-0.7824768573199458,GP,0.12671741980049914,0.03498295033029675,6.263422670496135e+20,2.2965883125152492e+21
2.735936184210527,1.32,radius relation,0.12,395.34442864346187,4.09,396.7329475665116,0.01875,catalog,8382523551.900372,16235583.728543375,Selsis,-0.3085977190360822,-0.6994119684725887,log,0.05449330436386996,0.09223449573469567,7.408257033996962e+21,2.716360912465553e+22
2.735936184210527,1.32,radius relation,0.12,395.34442864346187,4.09,535.2355546992935,0.01875,catalog,6704469682.217031,4360606.61771251,Selsis,-0.3727313701599972,-0.6872434737377087,log,0.19165631841726716,0.5462800827373542,4.791827009958542e+21,1.7570032369847985e+22
2.735936184210527,1.32,radius relation,0.12,395.34442864346187,4.09,716.524390615445,0.01875,catalog,5416648085.075307,3078744.5996009004,Selsis,-0.34662853574781816,-0.7449031768853163,GP,0.23377851264096836,0.6266259543093754,4.946095337205673e+21,1.8135682903087467e+22
2.735936184210527,1.32,radius relation,0.12,395.34442864346187,4.09,484.7348934168652,0.01875,catalog,3886217111.808246,94921629.73878397,Jackson,-0.43726228217790947,-0.7652126240376467,log,0.06723791048423461,0.9338550657857678,3.586182922491103e+21,1.3149337382467377e+22
2.735936184210527,1.32,radius relation,0.12,395.34442864346187,4.09,1329.0800757469299,0.01875,catalog,2448964030.2552443,7639895.315858053,Selsis,-0.48091451067425894,-0.710724057929327,GP,0.22828888056651692,0.6161813236594951,1.7663476304703057e+21,6.476607978391121e+21
2.735936184210527,1.32,radius relation,0.12,395.34442864346187,4.09,1329.0800757469306,0.01875,catalog,1940053178.756056,22591495.23434931,Selsis,-0.49851041095610554,-0.6068559533324566,GP,0.44956330308733344,0.7979058867368789,1.6746366550642514e+21,6.140334401902255e+21
2.735936184210527,1.32,radius relation,0.12,395.34442864346187,4.09,2070.1090373398356,0.01875,catalog,1146012955.0674386,62978134.89884059,Jackson,-0.49495959733386025,-0.608450256316601,log,0.1769394698980172,0.7073165209609623,2.732776034515613e+21,1.0020178793223915e+22
2.735936184210527,1.32,radius relation,0.12,395.34442864346187,4.09,1082.1606594143382,0.01875,catalog,4032623317.256382,64214981.920822226,Selsis,-0.3397571093737256,-0.721962255574216,log,0.08385993309979727,0.4335267718662289,3.7526645834028333e+21,1.3759770139143721e+22
2.735936184210527,1.32,radius relation,0.12,395.34442864346187,4.09,225.6963282931578,0.01875,catalog,7758576660.829993,10489514.737983707,Jackson,-0.45434609552562993,-0.6408549035647056,log,0.2949450663162301,0.3359983239999419,5.400846820349839e+21,1.980310500794941e+22
2.735936184210527,1.32,radius relation,0.12,395.34442864346187,4.09,1329.0800757469299,0.01875,catalog,1827022647.391464,55003463.41477543,Selsis,-0.34423036363189047,-0.6447490235687267,log,0.07056536930582993,0.6386708541525978,1.8692430049327692e+21,6.85389101808682e+21
2.735936184210527,1.32,radius relation,0.12,395.34442864346187,4.09,945.4980300096306,0.01875,catalog,2187997264.1886225,46399941.96733328,Jackson,-0.47975318620683916,-0.6117546138886726,log,0.07911438340724368,0.6454080630555409,3.668414325904473e+21,1.34508525283164e+22
2.735936184210527,1.32,radius relation,0.12,395.34442864346187,4.09,1064.1745408892439,0.01875,catalog,1981206178.162272,23148085.146503832,Jackson,-0.32136564348972724,-0.6679630752317917,log,0.2768874432399868,0.3558912472935798,5.144247594928981e+21,1.8862241181406264e+22
2.735936184210527,1.32,radius relation,0.12,395.34442864346187,4.09,853.2909063383643,0.01875,catalog,4775964695.905085,80729133.33737186,Selsis,-0.3623995616323057,-0.7409436554254138,GP,0.37017817424996174,0.3064446728855186,3.8189200440818726e+21,1.40027068283002e+22
2.735936184210527,1.32,radius relation,0.12,395.34442864346187,4.09,303.36984608238237,0.01875,catalog,5908185149.033796,96596465.45599617,Jackson,-0.416592512914852,-0.6032892124478835,GP,0.10212501492327115,0.11224616628437656,6.181421739713066e+21,2.2665213045614576e+22
2.735936184210527,1.32,radius relation,0.12,395.34442864346187,4.09,506.2666226404145,0.01875,catalog,6986148039.383821,30150897.680775814,Selsis,-0.3189731455871344,-0.7312946910447471,GP,0.1786125955897813,0.09527131389376386,6.567585919774929e+21,2.4081148372508073e+22
2.735936184210527,1.32,radius relation,0.12,395.34442864346187,4.09,1329.0800757469306,0.01875,catalog,2114100184.1100397,21389427.28655152,Selsis,-0.3471290199747841,-0.7732517258404018,linear,0.18275627330309857,0.08757739180731039,1.8635180130212828e+22,6.832899381078037e+22
2.735936184210527,1.32,radius relation,0.12,395.34442864346187,4.09,341.85661821056755,0.01875,catalog,5302428846.313333,37048208.072459266,Jackson,-0.31638631601407685,-0.7037545056636049,linear,0.27475235410302473,0.6997592998396428,6.289828396488971e+22,2.306270412045956e+23
2.735936184210527,1.32,radius relation,0.12,395.34442864346187,4.09,1328.9148539972252,0.01875,catalog,3130901229.8077407,88413375.1698364,Selsis,-0.34380077760884054,-0.6075581059931899,GP,0.07361377694847676,0.532209170132335,3.4988584650936555e+21,1.2829147705343402e+22
2.735936184210527,1.32,radius relation,0.12,395.34442864346187,4.09,143.54142671461358,0.01875,catalog,11940850552.242361,76822375.92492816,Jackson,-0.4890747317001113,-0.6707749893916536,log,0.060176039259044675,0.8748271268573048,4.619732608812158e+21,1.6939019565644577e+22
2.735936184210527,1.32,radius relation,0.12,395.34442864346187,4.09,360.3735827229458,0.01875,catalog,5056678195.581503,75372794.03818138,Jackson,-0.37492673472533433,-0.6771274517622383,log,0.2699230350824946,0.1130130659323536,4.793391904805589e+21,1.7575770317620494e+22
2.735936184210527,1.32,radius relation,0.12,395.34442864346187,4.09,1326.029066078182,0.01875,catalog,1649854942.7006888,90385991.11992612,Jackson,-0.38046327676535746,-0.7337481390353626,GP,0.4443171249576385,0.999098929443849,3.7158615868463556e+21,1.3624825818436635e+22
2.735936184210527,1.32,radius relation,0.12,395.34442864346187,4.09,1329.0800757469306,0.01875,catalog,2598318596.1618276,24002522.51075525,Selsis,-0.3191659643718054,-0.6533584700099847,GP,0.4517708130931268,0.4524208219468777,3.3582481729867434e+21,1.2313576634284725e+22
2.735936184210527,1.32,radius relation,0.12,395.34442864346187,4.09,785.6133535059208,0.01875,catalog,5068164261.795002,86492461.51729599,Selsis,-0.4606290683722495,-0.763895690464129,linear,0.3323687223967369,0.7866369958129328,2.639885126786093e+22,9.679578798215675e+22
2.735936184210527,1.32,radius relation,0.12,395.34442864346187,4.09,361.10446351905284,0.01875,catalog,5047489019.491221,91814698.60492148,Jackson,-0.45038887071433376,-0.7806770180972308,GP,0.41777956732598914,0.2295870685929674,4.722488730117834e+21,1.7315792010432058e+22
2.735936184210527,1.32,radius relation,0.12,395.34442864346187,4.09,1328.3504456234577,0.01875,catalog,3148684949.055112,69933362.82967897,Selsis,-0.4789898257572675,-0.6252695198048112,log,0.08665028266773926,0.31861889389553266,2.2992069862477836e+21,8.430425616241873e+21
2.735936184210527,1.32,radius relation,0.12,395.34442864346187,4.09,848.3586153303663,0.01875,catalog,2397913026.877968,41273459.726341434,Jackson,-0.40067698973404053,-0.6962522464330932,linear,0.053318818278306916,0.12206353229553502,3.58920303862052e+22,1.3160411141608573e+23
2.735936184210527,1.32,radius relation,0.12,395.34442864346187,4.09,830.3802790141314,0.01875,catalog,2441880469.5987635,90880219.51227328,Jackson,-0.4988774122584552,-0.6227620664337492,GP,0.0758858602155376,0.3529163997290994,3.890771927851504e+21,1.4266163735455515e+22
2.735936184210527,1.32,radius relation,0.12,395.34442864346187,4.09,675.4839067077048,0.01875,catalog,2912772815.951096,4539209.244939073,Jackson,-0.36376093135682713,-0.792900188303259,GP,0.20206382533716635,0.3726908337012653,6.29666847251971e+21,2.3087784399238936e+22
2.735936184210527,1.32,radius relation,0.12,395.34442864346187,4.09,1610.8501724632406,0.01875,catalog,1405703562.9788132,29101840.391598318,Jackson,-0.46663001631111783,-0.6591591854358179,log,0.16825976601836795,0.32473517076257663,3.139381278257211e+21,1.1511064686943107e+22
2.735936184210527,1.32,radius relation,0.12,395.34442864346187,4.09,1329.0800757469306,0.01875,catalog,3109781906.411244,10491774.125505898,Selsis,-0.4667340302217393,-0.7746936454893829,log,0.4615461097658164,0.9068096135979028,2.0603453489416553e+21,7.554599612786069e+21
2.735936184210527,1.32,radius relation,0.12,395.34442864346187,4.09,1329.0800757469306,0.01875,catalog,1755481251.6093652,38979670.76253991,Selsis,-0.4782209167592395,-0.7703005547007937,linear,0.06337214433278365,0.8494733751842317,1.0449552214708804e+22,3.831502478726561e+22
2.735936184210527,1.32,radius relation,0.12,395.34442864346187,4.09,880.226092757716,0.01875,catalog,2324191108.4021626,74365553.49871515,Jackson,-0.3993951560025106,-0.7584334338346643,log,0.08208788247668482,0.10636849392466707,3.4690065597751933e+21,1.2719690719175708e+22
2.735936184210527,1.32,radius relation,0.12,395.34442864346187,4.09,877.1384092332349,0.01875,catalog,2331110786.277588,40760381.0421927,Jackson,-0.4525684751430519,-0.7919816750169144,linear,0.051959179055496026,0.391885507957938,3.1846944163567118e+22,1.1677212859974609e+23
2.735936184210527,1.32,radius relation,0.12,395.34442864346187,4.09,1249.2259605187455,0.01875,catalog,1733451308.7562797,56294871.55103472,Jackson,-0.49216645633600975,-0.6024139488568796,linear,0.08823998171805807,0.3159687222191596,3.1241626431790374e+22,1.1455263024989804e+23
2.735936184210527,1.32,radius relation,0.12,395.34442864346187,4.09,532.976388578701,0.01875,catalog,3576360756.849087,41912411.1926641,Jackson,-0.4513447398465044,-0.6698943892995194,log,0.1262253374923272,0.9303650731769886,4.010613817053883e+21,1.4705583995864239e+22
2.735936184210527,1.32,radius relation,0.12,395.34442864346187,4.09,841.0381444860274,0.01875,catalog,4825761686.446298,4270881.965102504,Selsis,-0.3403224886239488,-0.619239166608429,linear,0.11709820015224878,0.6019714724535009,4.66568977221914e+22,1.7107529164803512e+23
2.735936184210527,1.32,radius relation,0.12,395.34442864346187,4.09,434.36353539036764,0.01875,catalog,7830674082.027396,7300414.398114038,Selsis,-0.49880273644083795,-0.7709298696753809,GP,0.055822869187565405,0.8901134269117493,4.427198783509879e+21,1.6233062206202888e+22
2.735936184210527,1.32,radius relation,0.12,395.34442864346187,4.09,1073.932255265138,0.01875,catalog,4054456214.2939887,5447055.405585135,Selsis,-0.44448353781038397,-0.6408918943238047,linear,0.18957455234047615,0.413858061495854,2.863065653157087e+22,1.049790739490932e+23
2.735936184210527,1.32,radius relation,0.12,395.34442864346187,4.09,2255.41991875585,0.01875,catalog,1069312108.7116029,81159511.0845238,Jackson,-0.4500500194032511,-0.781635736137554,linear,0.09463664093691145,0.6186310596117176,2.177545374273168e+22,7.984333039001616e+22
2.735936184210527,1.32,radius relation,0.12,395.34442864346187,4.09,721.8859669685559,0.01875,catalog,2751416777.1295004,9250065.619600462,Jackson,-0.443062513727338,-0.7728943899958529,GP,0.05707028201211825,0.13867607967397377,4.973518354248313e+21,1.8236233965577146e+22
2.735936184210527,1.32,radius relation,0.12,395.34442864346187,4.09,1040.6060755626281,0.01875,catalog,4145986121.116602,33895911.15280056,Selsis,-0.4514860204431948,-0.6251151708550076,log,0.12541901927806387,0.11685990223840037,3.141880226652003e+21,1.152022749772401e+22
2.735936184210527,1.32,radius relation,0.12,395.34442864346187,4.09,719.755785033893,0.01875,catalog,5399022438.242566,56087111.49013133,Selsis,-0.42233359409386445,-0.764405819590635,GP,0.42402372457013277,0.6129136366180399,3.4098419031254903e+21,1.2502753644793465e+22
2.735936184210527,1.32,radius relation,0.12,395.34442864346187,4.09,1001.0093194188437,0.01875,catalog,2085485218.0339768,54010605.253765106,Jackson,-0.3310693203938155,-0.6391060171889753,linear,0.410879654448726,0.5638642447748837,4.4178943761754985e+22,1.619894604597683e+23
2.735936184210527,1.32,radius relation,0.12,395.34442864346187,4.09,659.3444544982424,0.01875,catalog,5753925888.449116,61916371.46654623,Selsis,-0.3596477967846066,-0.6174582519615256,linear,0.0800468948419555,0.8934485359947121,4.533189883084903e+22,1.6621696237977976e+23
2.735936184210527,1.32,radius relation,0.12,395.34442864346187,4.09,691.9662064512343,0.01875,catalog,5555394427.059434,53041803.65005602,Selsis,-0.42770459927568927,-0.7924413804834479,GP,0.07631273590996404,0.6868367488588184,3.46006354271104e+21,1.2686899656607146e+22
2.735936184210527,1.32,radius relation,0.12,395.34442864346187,4.09,308.1791431155426,0.01875,catalog,5824278048.201197,49829879.376975015,Jackson,-0.3424031538311551,-0.6127156121010489,log,0.22726568791458587,0.2127831156402108,6.408190256685021e+21,2.3496697607845078e+22
2.735936184210527,1.32,radius relation,0.12,395.34442864346187,4.09,347.02626362874355,0.01875,catalog,5231211216.966674,67351381.67235829,Jackson,-0.426636902988057,-0.6900165318017756,GP,0.38960855248977966,0.5208714788517818,5.389237322216317e+21,1.9760536848126494e+22
2.735936184210527,1.32,radius relation,0.12,395.34442864346187,4.09,1024.6499553234326,0.01875,catalog,2045031784.029268,29899930.31847229,Jackson,-0.39583748703244226,-0.6769280425598262,log,0.17211550146184126,0.04224772833218826,3.8578225445817874e+21,1.414534933013322e+22
2.735936184210527,1.32,radius relation,0.12,395.34442864346187,4.09,414.45112546176324,0.01875,catalog,4463080335.483162,46169674.73819103,Jackson,-0.36794882197064865,-0.6322533406936471,GP,0.193826298193175,0.6550269120714786,6.351526792360984e+21,2.3288931571990272e+22
2.735936184210527,1.32,radius relation,0.12,395.34442864346187,4.09,740.1136975321357,0.01875,catalog,2693350974.0213656,43759469.62933797,Jackson,-0.37743525587208054,-0.6656963658621847,log,0.20033485095180215,0.1224405882177021,4.277067138209347e+21,1.5682579506767606e+22
2.735936184210527,1.32,radius relation,0.12,395.34442864346187,4.09,389.3532172426622,0.01875,catalog,8502126813.2192955,36112923.300401084,Selsis,-0.41704960065509783,-0.6072244289123649,log,0.22579479940703162,0.415411328490355,5.357206952045465e+21,1.964309215750004e+22
2.735936184210527,1.32,radius relation,0.12,395.34442864346187,4.09,2477.8334178265386,0.01875,catalog,991362130.360902,99684541.22423433,Jackson,-0.44193248642134864,-0.6163042231335699,GP,0.40468557172529224,0.03850566280088441,2.8550039117675506e+21,1.0468347676481018e+22
2.735936184210527,1.32,radius relation,0.12,395.34442864346187,4.09,352.95443954531936,0.01875,catalog,5152083203.803371,90394135.69475952,Jackson,-0.3557485085304658,-0.7497510775417627,GP,0.2221992550630654,0.6667025583662108,6.022747308259904e+21,2.208340679695298e+22
2.735936184210527,1.32,radius relation,0.12,395.34442864346187,4.09,223.54989671750744,0.01875,catalog,7828079651.863183,67850766.14426742,Jackson,-0.4127281503779381,-0.6519814173190226,linear,0.0666003300852995,0.6840630272548208,4.689672498784726e+22,1.7195465828877327e+23
2.735936184210527,1.32,radius relation,0.12,395.34442864346187,4.09,642.7685831660353,0.01875,catalog,3039963553.3563805,74230976.39785205,Jackson,-0.3723455431069546,-0.7227644985233558,GP,0.4160838480265983,0.14618071390681098,4.823213450849272e+21,1.768511598644733e+22
2.735936184210527,1.32,radius relation,0.12,395.34442864346187,4.09,1329.0800757469306,0.01875,catalog,2690968647.973698,87382980.78734072,Selsis,-0.40918419162444536,-0.776665828032171,log,0.12847765019666513,0.1753805676080934,1.8367322940446288e+21,6.734685078163638e+21
2.735936184210527,1.32,radius relation,0.12,395.34442864346187,4.09,1343.7235703402212,0.01875,catalog,1631870408.7527769,36509541.45950634,Jackson,-0.3258245432533898,-0.7393417754838364,log,0.05088917426816077,0.3224879842350886,4.3911813050489247e+21,1.6100998118512722e+22
2.735936184210527,1.32,radius relation,0.12,395.34442864346187,4.09,1131.9265775065091,0.01875,catalog,3906557406.386994,53443414.93338714,Selsis,-0.2932962863056332,-0.7899193401153877,log,0.19961581152773114,0.9952192745410691,4.960611753250796e+21,1.8188909761919583e+22
2.735936184210527,1.32,radius relation,0.12,395.34442864346187,4.09,1329.0800757469306,0.01875,catalog,1722275460.3077817,36024515.16087352,Selsis,-0.29240000268619465,-0.6951351571810249,GP,0.3758533905108532,0.8866742940429122,2.680796813205265e+21,9.82958831508597e+21
2.735936184210527,1.32,radius relation,0.12,395.34442864346187,4.09,926.9024270490803,0.01875,catalog,4501545556.306629,89304728.32974951,Selsis,-0.4920494417185712,-0.7992592422617819,GP,0.21901515594119375,0.4633659242150816,2.673858921294143e+21,9.804149378078525e+21
2.735936184210527,1.32,radius relation,0.12,395.34442864346187,4.09,410.5403763622742,0.01875,catalog,4500848179.142072,61165177.6790568,Jackson,-0.3957824846699566,-0.7650744127652701,linear,0.0527415630148192,0.8065851248459014,3.993948583718765e+22,1.4644478140302136e+23
2.735936184210527,1.32,radius relation,0.12,395.34442864346187,4.09,1285.2098143461815,0.01875,catalog,1693115146.977541,56567372.12402093,Jackson,-0.41988410380685515,-0.6008455054508138,log,0.16830194811185034,0.004053608666697461,3.539216385747553e+21,1.2977126747741027e+22
2.735936184210527,1.32,radius relation,0.12,395.34442864346187,4.09,345.6619951566873,0.01875,catalog,5249800901.379674,45691616.06502271,Jackson,-0.4801088020551741,-0.6119410748880436,log,0.2910370014738231,0.11656142023974969,4.7068244054990253e+21,1.7258356153496426e+22
2.735936184210527,1.32,radius relation,0.12,395.34442864346187,4.09,209.4072224935769,0.01875,catalog,8322102691.564659,57675544.62097539,Jackson,-0.3155128555874949,-0.679615575719864,GP,0.1363361720153638,0.7284589916171367,9.406190117028984e+21,3.448936376243961e+22
2.735936184210527,1.32,radius relation,0.12,395.34442864346187,4.09,347.20181675360425,0.01875,catalog,9273906459.798044,29711048.462236173,Selsis,-0.35308726923034417,-0.6031712078071193,log,0.08411262273136418,0.8955362534164374,6.909726977830718e+21,2.53356655853793e+22
2.735936184210527,1.32,radius relation,0.12,395.34442864346187,4.09,1298.163865582634,0.01875,catalog,1679109560.9862432,51950201.61514787,Jackson,-0.3747521282191372,-0.7072874396904824,log,0.446324052522228,0.11494261530003136,3.530851661968649e+21,1.2946456093885045e+22
2.735936184210527,1.32,radius relation,0.12,395.34442864346187,4.09,507.2812033344533,0.01875,catalog,6975792085.895207,21399905.56759819,Selsis,-0.29759332026580826,-0.7033411267852249,GP,0.056969169497718374,0.7839017969949218,7.85150044572935e+21,2.878883496767428e+22
2.735936184210527,1.32,radius relation,0.12,395.34442864346187,4.09,618.8018420133608,0.01875,catalog,6026639814.521546,24918314.480875697,Selsis,-0.35850506112752084,-0.711317596421695,log,0.05571392325382965,0.05928549189818255,4.6067822239777764e+21,1.6891534821251845e+22
2.735936184210527,1.32,radius relation,0.12,395.34442864346187,4.09,174.75682767722915,0.01875,catalog,9877062298.55136,18897314.86253026,Jackson,-0.29752161894495,-0.7928368637741904,linear,0.21722088106690873,0.3485700600728562,8.415394360990452e+22,3.0856445990298324e+23
2.735936184210527,1.32,radius relation,0.12,395.34442864346187,4.09,1019.3929346455432,0.01875,catalog,2053873771.3758225,20403163.9848334,Jackson,-0.35254542693904006,-0.7315590754190561,log,0.10316897216676979,0.7670560727983993,4.4442287604122386e+21,1.6295505454844875e+22
2.735936184210527,1.32,radius relation,0.12,395.34442864346187,4.09,437.71728060603374,0.01875,catalog,4252071907.4353213,48244929.746281475,Jackson,-0.4828179060706267,-0.6948482824229586,linear,0.4110557185233054,0.47846425829190975,3.6527267357458537e+22,1.3393331364401464e+23
2.735936184210527,1.32,radius relation,0.12,395.34442864346187,4.09,460.04904847310473,0.01875,catalog,4069200692.203099,6811496.061899797,Jackson,-0.4961072990582873,-0.6972585857332572,GP,0.3229964313136675,0.7447088922090472,5.617698645771646e+21,2.059822836782937e+22
2.735936184210527,1.32,radius relation,0.12,395.34442864346187,4.09,503.13088733261026,0.01875,catalog,7018393685.692369,33832620.230064586,Selsis,-0.30732906390852793,-0.6983996487316594,log,0.15157556514118878,0.28358796975691725,6.79412828735087e+21,2.491180372028652e+22
2.735936184210527,1.32,radius relation,0.12,395.34442864346187,4.09,1329.0800757469306,0.01875,catalog,1228622114.9577227,48438056.461097494,Selsis,-0.3821831796284921,-0.728759842844554,GP,0.14864507469587301,0.6689630754609486,1.0599384466129879e+21,3.886440970914289e+21
2.735936184210527,1.32,radius relation,0.12,395.34442864346187,4.09,459.60880610686365,0.01875,catalog,4072637944.9916773,15801925.117436383,Jackson,-0.4270769465808941,-0.6567972882263742,GP,0.3254941809775559,0.7894761008306355,5.824874988717469e+21,2.135787495863072e+22
2.735936184210527,1.32,radius relation,0.12,395.34442864346187,4.09,1325.8134215048801,0.01875,catalog,3229979901.3196316,36192520.01709893,Selsis,-0.36790538177513193,-0.6098581399508586,linear,0.28684351125795643,0.19869686118121377,2.901248614343934e+22,1.0637911585927757e+23
2.735936184210527,1.32,radius relation,0.12,395.34442864346187,4.09,273.22088051076014,0.01875,catalog,11150079061.072004,55026704.52668811,Selsis,-0.40389435942575824,-0.6399042741353731,log,0.21424522560649964,0.18606851239134004,5.562015178452968e+21,2.039405565432755e+22
2.735936184210527,1.32,radius relation,0.12,395.34442864346187,4.09,505.5099447714958,0.01875,catalog,6993896028.850089,90661095.60315727,Selsis,-0.435013637961085,-0.7354522493418645,linear,0.24053329694668768,0.04501150858108538,3.3485924606612762e+22,1.2278172355758012e+23
2.735936184210527,1.32,radius relation,0.12,395.34442864346187,4.09,174.9872705078672,0.01875,catalog,9864639917.012426,32937010.49170383,Jackson,-0.42287867332063045,-0.7427774723249553,linear,0.3951178211131128,0.382175622934098,4.647001177577086e+22,1.7039004317782648e+23
2.735936184210527,1.32,radius relation,0.12,395.34442864346187,4.09,362.95345717019734,0.01875,catalog,5024405168.529934,1502545.045929653,Jackson,-0.36279120524528813,-0.6231249495560641,GP,0.061270856960266636,0.013971573598705267,8.471190346958859e+21,3.1061031272182484e+22
2.735936184210527,1.32,radius relation,0.12,395.34442864346187,4.09,1329.0800757469306,0.01875,catalog,2367764438.4329853,67764730.93169199,Selsis,-0.3595455669778001,-0.7565683003247134,GP,0.07987646672564926,0.5273481153094497,2.0728325843848738e+21,7.600386142744536e+21
2.735936184210527,1.32,radius relation,0.12,395.34442864346187,4.09,384.2660528400436,0.01875,catalog,4774146696.611726,95932177.04304165,Jackson,-0.29474612111104614,-0.7765073747512443,GP,0.1041352392558408,0.27745831854725256,8.038463867587639e+21,2.9474367514488007e+22
2.735936184210527,1.32,radius relation,0.12,395.34442864346187,4.09,501.25267769528057,0.01875,catalog,7037882612.891657,98860145.56839703,Selsis,-0.32487349633166207,-0.7468367623078342,log,0.1167810800237582,0.9890559405097904,5.713043607331093e+21,2.0947826560214006e+22
2.735936184210527,1.32,radius relation,0.12,395.34442864346187,4.09,1329.0800757469299,0.01875,catalog,2600894335.311943,46833628.70258898,Selsis,-0.33558372124517083,-0.6924191214465686,log,0.06691290628905369,0.8719064793321801,2.6296276106663753e+21,9.641967905776708e+21
2.735936184210527,1.32,radius relation,0.12,395.34442864346187,4.09,996.5916416298645,0.01875,catalog,4275108427.2279263,18423420.62401023,Selsis,-0.32554363856456525,-0.7984621660497125,GP,0.22376148094204443,0.5496469731873217,4.6247895905241656e+21,1.695756183192194e+22
2.735936184210527,1.32,radius relation,0.12,395.34442864346187,4.09,1329.0800757469299,0.01875,catalog,1632758966.6945522,67703633.24371763,Selsis,-0.49625642596106023,-0.7607639377995334,GP,0.12968337027198262,0.8991232521442476,1.0278259765658777e+21,3.768695247408218e+21
2.735936184210527,1.32,radius relation,0.12,395.34442864346187,4.09,1329.0800757469306,0.01875,catalog,1860760193.8114438,80930186.24214733,Selsis,-0.2842860331955983,-0.7488430767817296,linear,0.08754067740360355,0.9627864787028709,2.3293493794638855e+22,8.540947724700913e+22
2.735936184210527,1.32,radius relation,0.12,395.34442864346187,4.09,572.7426682063544,0.01875,catalog,3359121904.716744,56080193.19789416,Jackson,-0.28938040936588094,-0.6883658241481361,linear,0.36043080955495693,0.6001651762493264,6.461210579781296e+22,2.3691105459198084e+23
2.735936184210527,1.32,radius relation,0.12,395.34442864346187,4.09,462.5881208299655,0.01875,catalog,4049501186.7303605,35798568.70767977,Jackson,-0.4489997188535813,-0.6541667591851965,GP,0.17145108596693936,0.3578688702125651,5.286261386302221e+21,1.9382958416441477e+22
2.735936184210527,1.32,radius relation,0.12,395.34442864346187,4.09,1320.5729245065813,0.01875,catalog,3405164220.8477597,34048492.8891922,Selsis,-0.31485170318085187,-0.603539387439323,GP,0.10421082222954028,0.882753905209642,4.767566833797341e+21,1.748107839059025e+22
2.735936184210527,1.32,radius relation,0.12,395.34442864346187,4.09,1802.2465034518254,0.01875,catalog,1282513658.4139428,44707205.031053,Jackson,-0.41655482962098384,-0.7600894477478402,GP,0.3357144452246853,0.266632410855133,3.529951188448722e+21,1.2943154357645313e+22
2.735936184210527,1.32,radius relation,0.12,395.34442864346187,4.09,272.83577969254867,0.01875,catalog,6509667486.000922,21199060.73073508,Jackson,-0.34240189798660503,-0.6605975995071913,GP,0.1487052524306262,0.3280732689902952,8.331139439415336e+21,3.054751127785623e+22
2.735936184210527,1.32,radius relation,0.12,395.34442864346187,4.09,1329.0800757469306,0.01875,catalog,2687119397.554011,43065329.332717754,Selsis,-0.4417867237931649,-0.7543102820994797,linear,0.13124056993728134,0.6499352683902041,1.6405223443509702e+22,6.0152485959535574e+22
2.735936184210527,1.32,radius relation,0.12,395.34442864346187,4.09,211.1205017812461,0.01875,catalog,8258684393.588194,82502822.28134763,Jackson,-0.2928624480136975,-0.6804305386845823,GP,0.26234383148867463,0.03286768528425532,1.0358805880474494e+22,3.798228822840648e+22
2.735936184210527,1.32,radius relation,0.12,395.34442864346187,4.09,954.4264535456144,0.01875,catalog,2170746071.069236,55969371.64065995,Jackson,-0.30280316530320184,-0.7489136729284569,linear,0.4314506214607881,0.11734286431512975,5.02098532315618e+22,1.8410279518239325e+23
2.735936184210527,1.32,radius relation,0.12,395.34442864346187,4.09,344.61345147586405,0.01875,catalog,5264187400.045569,26262970.643603463,Jackson,-0.3204628937151003,-0.707163084680771,log,0.26043045527993675,0.5545757538919124,6.65125077901676e+21,2.438791952306145e+22
2.735936184210527,1.32,radius relation,0.12,395.34442864346187,4.09,511.04160936231193,0.01875,catalog,3710197538.401944,70290917.1634906,Jackson,-0.4871167939270411,-0.704400572575394,log,0.41085604038020734,0.13914881421147163,3.594067001962379e+21,1.3178245673862054e+22
2.735936184210527,1.32,radius relation,0.12,395.34442864346187,4.09,1338.1450093451892,0.01875,catalog,588186309.8453166,35613886.07518216,Selsis,-0.4848405539181495,-0.6085846179352629,linear,0.49336215635122455,0.8562552031711282,5.181079951620873e+21,1.89972931559432e+22
2.735936184210527,1.32,radius relation,0.12,395.34442864346187,4.09,972.5171645108962,0.01875,catalog,4350085099.680666,19527932.06401108,Selsis,-0.3837748767851662,-0.7481836585951133,linear,0.34414784100659346,0.8738518141110025,3.038418435281721e+22,1.1140867596032977e+23
2.735936184210527,1.32,radius relation,0.12,395.34442864346187,4.09,1329.5829198952424,0.01875,catalog,828802842.2349929,5953064.203965644,Selsis,-0.3065098735803409,-0.6350178960472744,log,0.25550747260409407,0.5128696642512546,1.420900602301663e+21,5.209968875106097e+21
2.735936184210527,1.32,radius relation,0.12,395.34442864346187,4.09,1329.0800757469299,0.01875,catalog,1050012544.2242836,86805877.35148923,Selsis,-0.45162723450653525,-0.6540450121771689,GP,0.15376914769375696,0.09240117779009571,7.519661023535367e+20,2.757209041962968e+21
2.735936184210527,1.32,radius relation,0.12,395.34442864346187,4.09,394.91508241724847,0.01875,catalog,4659071860.320071,56653265.13948896,Jackson,-0.47136054035503466,-0.6905575257507109,GP,0.12061306816676401,0.28010692725278485,5.018491404370898e+21,1.840113514935996e+22
2.735936184210527,1.32,radius relation,0.12,395.34442864346187,4.09,1180.636221572723,0.01875,catalog,3792268261.3738976,3948529.9959944687,Selsis,-0.39919229392585237,-0.658175756606852,linear,0.2450732291980242,0.5837686752831793,2.9115449160277044e+22,1.0675664692101583e+23
2.735936184210527,1.32,radius relation,0.12,395.34442864346187,4.09,453.85747721751704,0.01875,catalog,7577749987.640375,49967499.82077929,Selsis,-0.294565001896174,-0.7285486987538106,linear,0.14675531872198724,0.05499842561841828,6.913876105236721e+22,2.5350879052534642e+23
2.735936184210527,1.32,radius relation,0.12,395.34442864346187,4.09,1326.9877643545183,0.01875,catalog,3192071908.6137586,29223554.788849626,Selsis,-0.2921397645933469,-0.6740626712943945,linear,0.16024724935249687,0.35415585708584263,4.027555001484002e+22,1.4767701672108007e+23
