pl_mass,pl_radius,mass_source,st_mass,pl_teff,pl_insol,pl_XUV_flux,pl_orbsmax,orbit_source,st_age,pl_form_yr,x-ray-model,euv_gamma1,euv_gamma2,co2_fit,ch4_eta,N2O2_frac,C_loss,atmospheric_loss
5.6,1.73,catalog,0.18,225.11887502209933,0.43,11.416221231142336,0.0946,catalog,7007426887.650006,18926065.719616875,Jackson,-0.31084085810999545,-0.6290956545003968,log,0.4557026578435758,0.43195748809862644,1.5847262072662298e+20,5.8106627599761755e+20
5.6,1.73,catalog,0.18,225.11887502209933,0.43,40.284478183964474,0.0946,catalog,4231724348.6670437,32568520.39887392,Selsis,-0.43270114443911445,-0.6635132254917474,linear,0.21517114506389343,0.4415992548060931,2.660991179470887e+19,9.756967658059919e+19
5.6,1.73,catalog,0.18,225.11887502209933,0.43,12.756395621599196,0.0946,catalog,10190211605.758574,72786317.31563766,Selsis,-0.44031468236775884,-0.7991106824044423,linear,0.3919599632509261,0.15306960204421327,1.6321069113121149e+19,5.984392008144421e+19
5.6,1.73,catalog,0.18,225.11887502209933,0.43,14.522190876407278,0.0946,catalog,5560019193.501625,51409095.503330246,Jackson,-0.2805418227735724,-0.7588521825650159,GP,0.1402744012593745,0.3045543046142848,2.6173514219492124e+20,9.596955213813779e+20
5.6,1.73,catalog,0.18,225.11887502209933,0.43,15.392847783922349,0.0946,catalog,5261609809.200527,5348886.213765107,Jackson,-0.37143355347605866,-0.7484072598870111,log,0.3064119114627468,0.8146861329400464,9.122959174853291e+19,3.34508503077954e+20
5.6,1.73,catalog,0.18,225.11887502209933,0.43,30.041708566033638,0.0946,catalog,2852299185.516404,17007311.797970846,Jackson,-0.4729304858489821,-0.65955354216767,log,0.4511329481201005,0.7861989744032633,5.9763890403875865e+19,2.191342648142115e+20
5.6,1.73,catalog,0.18,225.11887502209933,0.43,206.41856269160021,0.0946,catalog,565379581.2015305,93589705.9225464,Jackson,-0.44158450662341436,-0.6981371644659812,GP,0.3127869041058107,0.4354987989430482,5.267190860077895e+19,1.9313033153618946e+20
5.6,1.73,catalog,0.18,225.11887502209933,0.43,37.81262116123207,0.0946,catalog,2327968555.743383,11213334.281163817,Jackson,-0.4222901505814115,-0.6505105005817674,log,0.13023729585465954,0.8936522621571245,7.350728370070725e+19,2.6952670690259324e+20
5.6,1.73,catalog,0.18,225.11887502209933,0.43,13.624339578206376,0.0946,catalog,5908684116.392574,63874185.93376087,Jackson,-0.28306678946845615,-0.6974265602433075,log,0.11932439783659057,0.38025891706282233,1.7569257048008308e+20,6.442060917603045e+20
5.6,1.73,catalog,0.18,225.11887502209933,0.43,14.830516814997251,0.0946,catalog,5450249795.966823,79440239.23525023,Jackson,-0.4052632308587313,-0.7345230778606798,GP,0.09783916971482892,0.864329579821934,7.249376123422995e+19,2.6581045785884315e+20
5.6,1.73,catalog,0.18,225.11887502209933,0.43,28.31477615415658,0.0946,catalog,3007014314.292109,27278467.20976747,Jackson,-0.449370522575582,-0.7792678706582622,linear,0.11642159064003016,0.03156555058470267,7.016703898372075e+19,2.572791429403094e+20
5.6,1.73,catalog,0.18,225.11887502209933,0.43,33.29052796524309,0.0946,catalog,4862416812.2976,72782722.31073032,Selsis,-0.37465918716918023,-0.7594755802662527,log,0.3307856539716406,0.34723029022971075,1.872412026298463e+19,6.865510763094364e+19
5.6,1.73,catalog,0.18,225.11887502209933,0.43,41.98664662076687,0.0946,catalog,2124661253.5085237,17819622.723987844,Jackson,-0.4109528752274577,-0.7198439839308637,log,0.25146081891390054,0.8550684780198353,6.499887085690923e+19,2.383291931420005e+20
5.6,1.73,catalog,0.18,225.11887502209933,0.43,31.464636370927607,0.0946,catalog,2737364164.3610706,29190277.20854524,Jackson,-0.4879087146087885,-0.6897091383636442,linear,0.0888892381303568,0.9013095614743282,6.920479611515612e+19,2.5375091908890578e+20
5.6,1.73,catalog,0.18,225.11887502209933,0.43,13.69858566629737,0.0946,catalog,9623628060.014267,31870381.05753654,Selsis,-0.31059768526004844,-0.6122725193618754,linear,0.2573387179063743,0.7564240412203824,2.109190525710887e+20,7.733698594273253e+20
5.6,1.73,catalog,0.18,225.11887502209933,0.43,25.547018452962885,0.0946,catalog,3297899846.5934587,99647064.06585813,Jackson,-0.4965487439976731,-0.7520559645866998,GP,0.11977480442102038,0.6698658168957007,4.323667186981573e+19,1.5853446352265767e+20
5.6,1.73,catalog,0.18,225.11887502209933,0.43,38.67936910969012,0.0946,catalog,2282249873.6656313,22242657.226577774,Jackson,-0.30233360013599514,-0.6667830121106633,linear,0.18061029890565594,0.8155049094622993,2.001656795264595e+20,7.339408249303514e+20
5.6,1.73,catalog,0.18,225.11887502209933,0.43,22.582424054281773,0.0946,catalog,3687995765.339757,13791538.998724917,Jackson,-0.3257910852076035,-0.7694908177013398,log,0.11731114592396175,0.7075581882221293,1.23982811107928e+20,4.546036407290693e+20
5.6,1.73,catalog,0.18,225.11887502209933,0.43,28.119050285137405,0.0946,catalog,3025728332.4224935,92643452.31065963,Jackson,-0.48331889376866954,-0.6572493756155332,log,0.16618788363564038,0.25422095446517834,3.83929616980082e+19,1.4077419289269674e+20
5.6,1.73,catalog,0.18,225.11887502209933,0.43,27.457102936698732,0.0946,catalog,5613670714.209216,17031138.68821492,Selsis,-0.3408055628811282,-0.7977318245712043,linear,0.2683946776753234,0.466236900694864,6.484276282015435e+19,2.377567970072326e+20
5.6,1.73,catalog,0.18,225.11887502209933,0.43,13.625946918390406,0.0946,catalog,9664657462.322248,88048712.04331113,Selsis,-0.3303928299293499,-0.6688160100140769,linear,0.2692158684098201,0.6607049978861596,9.742227716292424e+19,3.572150162640555e+20
5.6,1.73,catalog,0.18,225.11887502209933,0.43,40.06744025208089,0.0946,catalog,4248304252.924471,65395206.13702232,Selsis,-0.3674924438456894,-0.7673564686570952,log,0.2832386942796612,0.5878027571183043,2.046996983186829e+19,7.505655605018372e+19
5.6,1.73,catalog,0.18,225.11887502209933,0.43,18.918282217864657,0.0946,catalog,4339281409.653387,58109288.30898136,Jackson,-0.3729124239656529,-0.7639351107238354,GP,0.1230293699199718,0.8850976071230604,9.846525402254636e+19,3.6103926474933666e+20
5.6,1.73,catalog,0.18,225.11887502209933,0.43,27.520509915322148,0.0946,catalog,3084583403.671873,75382532.4431111,Jackson,-0.4890688542254457,-0.6882184733370845,log,0.2451689388052164,0.47384464038782836,3.7781131653193466e+19,1.3853081606170937e+20
5.6,1.73,catalog,0.18,225.11887502209933,0.43,18.815907441155865,0.0946,catalog,4361132074.848672,72873896.75765695,Jackson,-0.48691079819898786,-0.7249176908182575,log,0.08663265729649278,0.1779873780232063,3.5888950848153584e+19,1.3159281977656313e+20
5.6,1.73,catalog,0.18,225.11887502209933,0.43,75.93623877116146,0.0946,catalog,2700130581.131993,11942092.752413057,Selsis,-0.3399964970361467,-0.7057389698898328,log,0.15010612880106336,0.21458203741288162,4.5150075320353505e+19,1.655502761746295e+20
5.6,1.73,catalog,0.18,225.11887502209933,0.43,129.46160591472324,0.0946,catalog,384446332.748599,99947144.93026222,Selsis,-0.4767756606378398,-0.7382222234887484,GP,0.19145950032123754,0.8460565588592908,1.8125623119534643e+18,6.646061810496036e+18
5.6,1.73,catalog,0.18,225.11887502209933,0.43,11.066217956346511,0.0946,catalog,7223401191.65744,94247082.91842413,Jackson,-0.446794297844575,-0.609306590094335,GP,0.24291380207663568,0.008720954223112032,8.131941721856385e+19,2.9817119646806743e+20
5.6,1.73,catalog,0.18,225.11887502209933,0.43,24.272817802455084,0.0946,catalog,3453840835.8094597,89762604.32332972,Jackson,-0.3902559493588611,-0.7418687799836222,linear,0.40828741744385744,0.8691303619968337,7.075117859295282e+19,2.5942098817416033e+20
5.6,1.73,catalog,0.18,225.11887502209933,0.43,22.49031970986003,0.0946,catalog,3701767113.3248816,62606624.260298274,Jackson,-0.46388399180521006,-0.6915905150529,log,0.10086456987730225,0.05558808560398476,4.268739011701808e+19,1.565204304290663e+20
5.6,1.73,catalog,0.18,225.11887502209933,0.43,66.58080281981688,0.0946,catalog,1431105558.849004,52756341.8018991,Jackson,-0.32623529667899437,-0.6291288888918309,log,0.3501514418177035,0.3916584680894054,1.1631667969515243e+20,4.2649449221555886e+20
5.6,1.73,catalog,0.18,225.11887502209933,0.43,11.81585010553375,0.0946,catalog,6777063082.090643,54091579.80428516,Jackson,-0.3223768347686005,-0.6671638375478358,linear,0.10235151049924766,0.800176227445629,1.4952673953588897e+20,5.482647116315929e+20
5.6,1.73,catalog,0.18,225.11887502209933,0.43,54.50924557812547,0.0946,catalog,1696415753.8958364,2478757.4785950114,Jackson,-0.3147284935226038,-0.7354446106036558,GP,0.1781883980154109,0.407615376822399,2.2055664149439565e+20,8.087076854794507e+20
5.6,1.73,catalog,0.18,225.11887502209933,0.43,60.43486654988789,0.0946,catalog,3167859624.335044,50447480.69259885,Selsis,-0.4890950134295649,-0.6895126633266361,linear,0.3365656981224114,0.8223481870540525,1.6788550272044206e+19,6.155801766416209e+19
5.6,1.73,catalog,0.18,225.11887502209933,0.43,11.615763195594006,0.0946,catalog,6890346163.276477,62753187.198332064,Jackson,-0.40586790452860266,-0.7834017747534545,GP,0.2643136606764322,0.10029883452578314,7.543219422180162e+19,2.7658471214660593e+20
5.6,1.73,catalog,0.18,225.11887502209933,0.43,22.374169727753685,0.0946,catalog,3719294891.8357854,66211914.6687199,Jackson,-0.3136781120028461,-0.6908627194584616,linear,0.36461931699681643,0.5115422264351864,1.5327386879013686e+20,5.6200418556383514e+20
5.6,1.73,catalog,0.18,225.11887502209933,0.43,8.817263427885617,0.0946,catalog,9042308155.354197,33881807.04007998,Jackson,-0.42009173413252626,-0.7137221823292916,log,0.32647595192775364,0.5824740179990092,5.721228038290758e+19,2.0977836140399444e+20
5.6,1.73,catalog,0.18,225.11887502209933,0.43,114.544989734247,0.0946,catalog,2035346554.3497827,47656952.6790614,Selsis,-0.34691951676893507,-0.6484132585853112,GP,0.09447507954919081,0.8908685972372411,3.9797336200281555e+19,1.4592356606769902e+20
5.6,1.73,catalog,0.18,225.11887502209933,0.43,14.968854645969644,0.0946,catalog,5402500756.757458,63994750.05959487,Jackson,-0.3703659010781979,-0.6304194313731766,log,0.49193381446538803,0.09362140633919336,7.962549429180321e+19,2.9196014573661176e+20
5.6,1.73,catalog,0.18,225.11887502209933,0.43,7.335885867660897,0.0946,catalog,10892149988.816456,43402245.51724299,Jackson,-0.4236141043244207,-0.7600766956705122,linear,0.4324823981336813,0.3386006852829976,7.117908220724397e+19,2.6098996809322788e+20
5.6,1.73,catalog,0.18,225.11887502209933,0.43,40.47110027662172,0.0946,catalog,4217595429.3286004,96251384.699369,Selsis,-0.4391909376001068,-0.7836928189078475,linear,0.134630861726932,0.6593480948968385,1.4256712528068071e+19,5.227461260291626e+19
5.6,1.73,catalog,0.18,225.11887502209933,0.43,31.416959574276447,0.0946,catalog,5075017176.973995,70838768.87534802,Selsis,-0.3563965197381305,-0.7218886037510329,log,0.05574160635761929,0.9799300818600778,2.4745096129358602e+19,9.073201914098154e+19
5.6,1.73,catalog,0.18,225.11887502209933,0.43,60.94856533481561,0.0946,catalog,3149034895.299702,1126100.878838159,Selsis,-0.47060268985936266,-0.6931699183598906,GP,0.10056958951737635,0.8482743239578568,3.6030317754194964e+19,1.3211116509871486e+20
5.6,1.73,catalog,0.18,225.11887502209933,0.43,13.683886835135151,0.0946,catalog,5884106247.541289,3304668.666743048,Jackson,-0.31077304580069315,-0.7246396103369955,log,0.3428645111310604,0.8464950616958895,1.596528306681669e+20,5.853937124499452e+20
5.6,1.73,catalog,0.18,225.11887502209933,0.43,15.958802078859895,0.0946,catalog,8524501918.010605,69339720.14336906,Selsis,-0.37318244296224523,-0.674287765800384,linear,0.446519493909439,0.5171825294247882,3.30033478230919e+19,1.2101227535133696e+20
5.6,1.73,catalog,0.18,225.11887502209933,0.43,30.230288015903813,0.0946,catalog,5222906528.297185,41851864.657004766,Selsis,-0.4754692288723154,-0.698869744056185,GP,0.3393453938363487,0.5642991220864982,1.9346313086098076e+19,7.093648131569294e+19
5.6,1.73,catalog,0.18,225.11887502209933,0.43,14.413291374812605,0.0946,catalog,9240877458.312126,84107623.97201437,Selsis,-0.34522391805746,-0.612674793066982,log,0.12465601548122858,0.8585800940806521,4.777467420814947e+19,1.7517380542988137e+20
5.6,1.73,catalog,0.18,225.11887502209933,0.43,36.47266777566749,0.0946,catalog,4548491039.026075,18128525.53913994,Selsis,-0.4051552390258678,-0.7181217753360815,linear,0.05695167531839264,0.8696255862567596,3.1322441072543846e+19,1.1484895059932743e+20
5.6,1.73,catalog,0.18,225.11887502209933,0.43,18.43146194204228,0.0946,catalog,4445368915.33832,2368864.491176894,Jackson,-0.4551020886201014,-0.7835011654102836,log,0.16464663090222054,0.8022745654721117,6.4731429336998404e+19,2.373485742356608e+20
5.6,1.73,catalog,0.18,225.11887502209933,0.43,31.45505477418029,0.0946,catalog,2738103995.6855793,39420152.66125752,Jackson,-0.2885647555565295,-0.7396129957717046,linear,0.11894673163805126,0.8185712751845756,2.115808211949511e+20,7.757963443814873e+20
5.6,1.73,catalog,0.18,225.11887502209933,0.43,15.227711997666784,0.0946,catalog,5315531902.827268,73870346.32643744,Jackson,-0.3416774872968264,-0.6788212275273511,GP,0.06636550317577151,0.8796298590008821,1.3408064219978033e+20,4.9162902139919453e+20
5.6,1.73,catalog,0.18,225.11887502209933,0.43,10.251683298644316,0.0946,catalog,7785675643.081057,97201045.60437928,Jackson,-0.3695414028678409,-0.7487949802785828,GP,0.06380039253175968,0.1137819310919298,8.905405052606244e+19,3.265315185955623e+20
5.6,1.73,catalog,0.18,225.11887502209933,0.43,33.156319104363824,0.0946,catalog,4876847206.396759,88481734.05575448,Selsis,-0.31324922016694046,-0.7462023096388732,linear,0.07112247937227896,0.2926393769049709,1.221342008189124e+20,4.4782540300267874e+20
5.6,1.73,catalog,0.18,225.11887502209933,0.43,37.31636601030171,0.0946,catalog,2355073694.762227,48923386.581776746,Jackson,-0.38034864622592646,-0.7320855031955299,log,0.08031444779926121,0.9761135339536076,6.5129575679216255e+19,2.3880844415712625e+20
5.6,1.73,catalog,0.18,225.11887502209933,0.43,43.01720254998666,0.0946,catalog,4035842737.548027,81468911.03644028,Selsis,-0.4028764652867612,-0.650771644018189,linear,0.28363277478814375,0.5447761599639952,2.4412953934658015e+19,8.951416442707939e+19
5.6,1.73,catalog,0.18,225.11887502209933,0.43,13.5084359991049,0.0946,catalog,5957161185.118393,7962715.328893791,Jackson,-0.45832169083064417,-0.6119733531412077,log,0.12041302722288152,0.176463860041692,7.983178079746617e+19,2.9271652959070926e+20
5.6,1.73,catalog,0.18,225.11887502209933,0.43,14.900236651208445,0.0946,catalog,9000045983.255745,57654962.410903454,Selsis,-0.4662541064740007,-0.7299246732304441,linear,0.1367439543168851,0.5030556331995272,1.718141308668991e+19,6.299851465119633e+19
5.6,1.73,catalog,0.18,225.11887502209933,0.43,48.647679383624336,0.0946,catalog,1870424827.083207,92505542.88843255,Jackson,-0.4049667503981934,-0.7609023920479017,GP,0.19831307073284,0.6457841753035913,6.613747574887018e+19,2.425040777458573e+20
5.6,1.73,catalog,0.18,225.11887502209933,0.43,128.82183046666233,0.0946,catalog,1430455356.8961728,40242129.60158325,Selsis,-0.39968559261394654,-0.7158726095665794,linear,0.45614559135717125,0.8282219839376573,1.81220541042875e+19,6.644753171572083e+19
5.6,1.73,catalog,0.18,225.11887502209933,0.43,56.082980377345294,0.0946,catalog,3339471794.2827497,96049962.33664845,Selsis,-0.33867124884924005,-0.7296320614040748,GP,0.2853901983035883,0.8121767260234679,3.35758273200196e+19,1.2311136684007186e+20
5.6,1.73,catalog,0.18,225.11887502209933,0.43,128.82183046666233,0.0946,catalog,1542496138.8943481,22847824.576181423,Selsis,-0.4027412977918872,-0.6019950171753647,linear,0.2211477974000673,0.049241493332416675,3.705374095447935e+19,1.3586371683309096e+20
5.6,1.73,catalog,0.18,225.11887502209933,0.43,7.351155708993523,0.0946,catalog,10869006222.672966,11457747.143805958,Jackson,-0.3695049758756081,-0.7072263482964015,linear,0.27720568838191095,0.4535249869724083,1.1751477672832777e+20,4.3088751467053515e+20
5.6,1.73,catalog,0.18,225.11887502209933,0.43,59.66103230890368,0.0946,catalog,3196756179.346722,52951471.27208841,Selsis,-0.31684592470322587,-0.6641433294376272,GP,0.2619766144774965,0.020569056187008106,1.0685928381500359e+20,3.9181737398834646e+20
5.6,1.73,catalog,0.18,225.11887502209933,0.43,20.774944130611992,0.0946,catalog,3980520977.879562,90817440.32614121,Jackson,-0.28146636698768085,-0.6172423866710294,GP,0.24503000299320551,0.8881561236662507,2.6506573408660757e+20,9.719076916508944e+20
5.6,1.73,catalog,0.18,225.11887502209933,0.43,98.25569072172,0.0946,catalog,2260135455.075081,31816642.655729674,Selsis,-0.4290444306667179,-0.6741876845272233,linear,0.15681121645071774,0.17390607551862491,2.3053631201937383e+19,8.45299810737704e+19
5.6,1.73,catalog,0.18,225.11887502209933,0.43,24.943565985204792,0.0946,catalog,3369785460.2495723,80215871.62049629,Jackson,-0.3015700179797589,-0.7501243050160292,linear,0.18442385018661178,0.6248746951676385,1.6447842020487604e+20,6.030875407512121e+20
5.6,1.73,catalog,0.18,225.11887502209933,0.43,11.137298961408014,0.0946,catalog,11376349421.826698,17750529.322147813,Selsis,-0.3226688081922083,-0.6785179809333439,GP,0.1446976476283294,0.5706183712804003,9.627444532843227e+19,3.5300629953758495e+20
5.6,1.73,catalog,0.18,225.11887502209933,0.43,51.684235246918256,0.0946,catalog,3538692728.5989647,74811469.20409301,Selsis,-0.48503852812969833,-0.7196247327869768,GP,0.12414479091504267,0.6255294346428657,1.345526614460027e+19,4.933597586353432e+19
5.6,1.73,catalog,0.18,225.11887502209933,0.43,128.82183046666222,0.0946,catalog,510334430.8980414,56145667.19735567,Selsis,-0.4264850352121439,-0.7155300261122386,log,0.09326916228751093,0.563416622831408,4.68640085876175e+18,1.7183469815459748e+19
5.6,1.73,catalog,0.18,225.11887502209933,0.43,38.933460736068604,0.0946,catalog,2269222185.5535784,18326680.564042848,Jackson,-0.4518105488364357,-0.604135083725919,linear,0.11328781631145812,0.7155886773666076,1.0130978139475893e+20,3.714691984474494e+20
5.6,1.73,catalog,0.18,225.11887502209933,0.43,11.9396250089685,0.0946,catalog,10750095025.650839,72090637.69432324,Selsis,-0.35383546006694044,-0.7442817972810295,linear,0.13412187669444167,0.6261099660231666,3.8719999956357366e+19,1.4197333317331034e+20
5.6,1.73,catalog,0.18,225.11887502209933,0.43,10.491183696498066,0.0946,catalog,11947399444.705717,71661855.2321863,Selsis,-0.3778341900321086,-0.7062129707043379,linear,0.18982325199198571,0.09030024677081427,2.9035224741711004e+19,1.0646249071960701e+20
5.6,1.73,catalog,0.18,225.11887502209933,0.43,40.635351127300176,0.0946,catalog,2186043685.1416373,52028087.68520059,Jackson,-0.3911327684302982,-0.76802659086016,GP,0.15806841610187308,0.3667679510074402,8.694418529836714e+19,3.187953460940128e+20
5.6,1.73,catalog,0.18,225.11887502209933,0.43,18.878147285710046,0.0946,catalog,4347819314.783216,23321296.12662479,Jackson,-0.33201597196233296,-0.7642911602629022,linear,0.0641089935034735,0.5465934359346518,1.4183934772765671e+20,5.200776083347413e+20
5.6,1.73,catalog,0.18,225.11887502209933,0.43,105.83409195477506,0.0946,catalog,972135762.931822,14097095.33225466,Jackson,-0.42667208692136366,-0.6793031151828333,log,0.10938144585740998,0.32519742589817713,6.447382882626034e+19,2.3640403902962123e+20
5.6,1.73,catalog,0.18,225.11887502209933,0.43,19.135814040160504,0.0946,catalog,4293632524.8250017,95768249.79751913,Jackson,-0.4157944949782816,-0.6497968583694571,GP,0.11889496761825233,0.7603308848068839,7.51443059901185e+19,2.7552912196376786e+20
5.6,1.73,catalog,0.18,225.11887502209933,0.43,73.79004748120342,0.0946,catalog,1312344937.594491,65925441.28765637,Jackson,-0.3095605313904012,-0.672708025276631,linear,0.25462202599762573,0.31789771505499187,1.5788507346760135e+20,5.789119360478716e+20
5.6,1.73,catalog,0.18,225.11887502209933,0.43,12.494661543609746,0.0946,catalog,6420695019.573722,81114906.873765,Jackson,-0.28611412796279856,-0.7341432004194058,GP,0.10761234336545618,0.8286841743030395,2.3303349445304068e+20,8.544561463278157e+20
5.6,1.73,catalog,0.18,225.11887502209933,0.43,8.83239791211803,0.0946,catalog,9026798339.675571,70000082.37597392,Jackson,-0.32920138503107693,-0.7880763654869961,GP,0.05092438817458586,0.14673372098148374,1.4481921502849702e+20,5.310037884378224e+20
5.6,1.73,catalog,0.18,225.11887502209933,0.43,121.35330919603005,0.0946,catalog,1947085447.4469752,83117892.8540366,Selsis,-0.45224438554901025,-0.7059472275702616,linear,0.06071648587182163,0.7693925649858748,1.1692303943161567e+19,4.287178112492574e+19
5.6,1.73,catalog,0.18,225.11887502209933,0.43,48.75656448261827,0.0946,catalog,3688983155.5635314,17086591.15514342,Selsis,-0.4752166409239536,-0.6991460693812072,linear,0.1570248626891683,0.1834654407851889,2.443413107238401e+19,8.95918139320747e+19
5.6,1.73,catalog,0.18,225.11887502209933,0.43,128.82183046666233,0.0946,catalog,1453736628.0221078,50198072.23015739,Selsis,-0.45397486749152355,-0.6458696784080363,linear,0.07717302228275293,0.5280152804121624,1.5100550321808394e+19,5.536868451329744e+19
5.6,1.73,catalog,0.18,225.11887502209933,0.43,28.50970326274181,0.0946,catalog,2988628126.0450354,67045352.27972704,Jackson,-0.4069924996949628,-0.671942087541609,linear,0.15616813203068045,0.32052437296392267,7.5861419583339e+19,2.78158538472243e+20
5.6,1.73,catalog,0.18,225.11887502209933,0.43,128.82183046666233,0.0946,catalog,1131438625.8796577,11235600.089626579,Selsis,-0.4479266538955196,-0.6257482744798026,linear,0.18757518196264886,0.6373344359770395,2.566656623442061e+19,9.411074285954223e+19
5.6,1.73,catalog,0.18,225.11887502209933,0.43,35.96016931235076,0.0946,catalog,2432858458.9540086,15845737.983512422,Jackson,-0.30177094742415744,-0.6434034242609816,GP,0.42895121954990595,0.21274040984159737,2.446564551280212e+20,8.970736688027444e+20
5.6,1.73,catalog,0.18,225.11887502209933,0.43,10.536701161179318,0.0946,catalog,11904962690.325375,63764276.8308437,Selsis,-0.3524409616111632,-0.7268244432378107,linear,0.2262298610082303,0.7954097333518926,4.311120882517276e+19,1.580744323589668e+20
5.6,1.73,catalog,0.18,225.11887502209933,0.43,128.82183046666222,0.0946,catalog,1011616669.6902851,87001874.62112819,Selsis,-0.4083195661477369,-0.6735557152950603,linear,0.053704506109052655,0.5735838663664402,9.424837799338183e+18,3.4557738597573333e+19
5.6,1.73,catalog,0.18,225.11887502209933,0.43,19.324652049255217,0.0946,catalog,7340259940.027995,66381201.71521817,Selsis,-0.43976141877045666,-0.6505426941089747,GP,0.12014356723262382,0.9572731540926742,2.1752227643870077e+19,7.975816802752361e+19
5.6,1.73,catalog,0.18,225.11887502209933,0.43,128.82183046666233,0.0946,catalog,1466862149.6628997,4584276.532151487,Selsis,-0.41625457886898787,-0.608623926165451,linear,0.3107613326037987,0.7117703289157948,3.894784835190362e+19,1.4280877729031327e+20
5.6,1.73,catalog,0.18,225.11887502209933,0.43,20.64335142817702,0.0946,catalog,4003817951.410402,97072858.79194197,Jackson,-0.39526886901931935,-0.7155295674755509,linear,0.09110295424950085,0.607395539503251,6.852048161575103e+19,2.5124176592442042e+20
5.6,1.73,catalog,0.18,225.11887502209933,0.43,56.43744330015208,0.0946,catalog,3324621406.480217,14811183.189718261,Selsis,-0.3429590825213397,-0.6703436015377728,linear,0.42067148621021305,0.8291586904463413,7.78897175386402e+19,2.8559563097501404e+20
5.6,1.73,catalog,0.18,225.11887502209933,0.43,14.315375653719274,0.0946,catalog,9291173543.270594,24023661.121696483,Selsis,-0.48034485718964665,-0.7214672329436732,GP,0.1690365860507723,0.21968256776177664,2.336444789528479e+19,8.56696422827109e+19
5.6,1.73,catalog,0.18,225.11887502209933,0.43,107.24547318253633,0.0946,catalog,2128753223.7078576,97521760.9085677,Selsis,-0.313256753246432,-0.6524343642260426,GP,0.06186110824684317,0.6327424608644573,1.0949518933634741e+20,4.014823608999405e+20
5.6,1.73,catalog,0.18,225.11887502209933,0.43,125.16058700398648,0.0946,catalog,1841104446.2340715,77332266.66868411,Selsis,-0.4719367931513604,-0.6176013657378885,GP,0.08722491291375217,0.39040384959485164,1.488296237204453e+19,5.457086203082994e+19
5.6,1.73,catalog,0.18,225.11887502209933,0.43,13.771134136305783,0.0946,catalog,5848489399.470141,93721091.35747215,Jackson,-0.44226098196606367,-0.616154796856085,GP,0.4029667414179197,0.7437909791464383,7.913849207042327e+19,2.901744709248853e+20
5.6,1.73,catalog,0.18,225.11887502209933,0.43,14.488717544940641,0.0946,catalog,5572223866.091399,80855349.58799493,Jackson,-0.2814102229300316,-0.768582496522498,linear,0.49026371920597644,0.02446940949126586,2.0989441706408716e+20,7.696128625683195e+20
5.6,1.73,catalog,0.18,225.11887502209933,0.43,30.395252066048414,0.0946,catalog,5201718882.228432,65521713.0253168,Selsis,-0.45815410051026473,-0.7591806804758242,log,0.36474210225143056,0.4277120965269141,1.1694105141872159e+19,4.287838552019791e+19
5.6,1.73,catalog,0.18,225.11887502209933,0.43,128.82183046666222,0.0946,catalog,832247224.741984,29170746.887437593,Selsis,-0.47774871868700397,-0.6490141098420402,log,0.10462770253723648,0.6517019018329192,1.0198825577886282e+19,3.7395693785583034e+19
5.6,1.73,catalog,0.18,225.11887502209933,0.43,86.9893442769026,0.0946,catalog,2457607932.3015757,33361262.72825301,Selsis,-0.3595508335778644,-0.6737980228115196,linear,0.29362228687796144,0.46063933644216026,4.396193593149163e+19,1.61193765082136e+20
5.6,1.73,catalog,0.18,225.11887502209933,0.43,20.857113924920235,0.0946,catalog,6920133937.09739,94779836.2313926,Selsis,-0.41351160243273055,-0.618978542629009,GP,0.08340606802605034,0.23797159571375093,2.5683883354701648e+19,9.417423896723938e+19
5.6,1.73,catalog,0.18,225.11887502209933,0.43,18.15959464384462,0.0946,catalog,4507107214.000198,86201935.99940881,Jackson,-0.4797962044609281,-0.7372398881168929,log,0.1211971177522212,0.46434925167943586,3.350892884055096e+19,1.2286607241535352e+20
5.6,1.73,catalog,0.18,225.11887502209933,0.43,18.84353072150669,0.0946,catalog,4355212686.554772,36589554.39579032,Jackson,-0.49917666576321007,-0.6303958377707474,GP,0.24896490572164162,0.8497445254895262,8.273742386930768e+19,3.033705541874615e+20
5.6,1.73,catalog,0.18,225.11887502209933,0.43,74.57427435633963,0.0946,catalog,2734332617.2237115,37953474.34444968,Selsis,-0.4825844531960749,-0.663244828603228,linear,0.4654481875663568,0.20683901729813214,1.998112179629173e+19,7.326411325306968e+19
5.6,1.73,catalog,0.18,225.11887502209933,0.43,84.11384239932003,0.0946,catalog,2515328646.088151,30471744.63731259,Selsis,-0.38499817267018055,-0.7609087379686801,GP,0.13745744941490598,0.3671721636296432,2.8325432489710068e+19,1.038599191289369e+20
5.6,1.73,catalog,0.18,225.11887502209933,0.43,13.9618128577987,0.0946,catalog,9478341807.64615,33286884.11987539,Selsis,-0.4492035520711927,-0.7747011262008722,linear,0.1566052890204041,0.9903355215001276,2.1097040518858e+19,7.735581523581266e+19
5.6,1.73,catalog,0.18,225.11887502209933,0.43,28.34283804116765,0.0946,catalog,5481276975.3204,86206079.16258977,Selsis,-0.32893853044983107,-0.6594552795982784,linear,0.08301155194210115,0.9128171688904493,1.0232566930028983e+20,3.751941207677294e+20
5.6,1.73,catalog,0.18,225.11887502209933,0.43,128.82183046666233,0.0946,catalog,1456977101.883065,2040178.8023948378,Selsis,-0.3113481007242166,-0.7683076974551465,log,0.12652977829911544,0.03396834212665567,6.992651399725549e+19,2.563972179899368e+20
5.6,1.73,catalog,0.18,225.11887502209933,0.43,8.624948201471348,0.0946,catalog,9244413298.074604,44169209.489842944,Jackson,-0.46813673610263523,-0.6411341920513703,linear,0.057808088890510353,0.5303319676020144,7.514681110957443e+19,2.755383074017729e+20
5.6,1.73,catalog,0.18,225.11887502209933,0.43,39.71948722306936,0.0946,catalog,4275223568.8301053,94341128.17426288,Selsis,-0.42585562843841657,-0.6885809919745366,linear,0.3610404817124177,0.06541302684788353,1.7618829992060946e+19,6.46023766375568e+19
5.6,1.73,catalog,0.18,225.11887502209933,0.43,66.78733642810415,0.0946,catalog,2953131628.987575,54720999.163098074,Selsis,-0.46775369239699655,-0.7046265875074421,GP,0.05275997651414391,0.9239049236577108,1.5762027323629195e+19,5.779410018664038e+19
5.6,1.73,catalog,0.18,225.11887502209933,0.43,25.124306082811692,0.0946,catalog,3347896425.8374224,45594133.22424645,Jackson,-0.4369276052119716,-0.7448941928157161,log,0.2412651472092609,0.4415449126850308,4.788610228825344e+19,1.7558237505692926e+20
5.6,1.73,catalog,0.18,225.11887502209933,0.43,27.39805055773797,0.0946,catalog,5622775680.745755,31924610.66525922,Selsis,-0.4473750278748743,-0.603230881015028,log,0.09379759558664318,0.41843700392800165,2.66610946921852e+19,9.775734720467906e+19
5.6,1.73,catalog,0.18,225.11887502209933,0.43,66.28674370711529,0.0946,catalog,2968733645.9318395,8317350.356328479,Selsis,-0.326889721793819,-0.6555665778178947,linear,0.14965093560916637,0.27294603183931065,1.2756057143726514e+20,4.6772209526997215e+20
5.6,1.73,catalog,0.18,225.11887502209933,0.43,36.34937818632482,0.0946,catalog,4559729415.884567,23224161.324723773,Selsis,-0.42399447083690545,-0.6443872705670246,GP,0.09561553170631679,0.5688189803921538,3.367270720587194e+19,1.234665930881971e+20
5.6,1.73,catalog,0.18,225.11887502209933,0.43,27.34720701421485,0.0946,catalog,5630643806.05761,9955382.583750255,Selsis,-0.39097574427628123,-0.6462578144669323,GP,0.12561475983894374,0.14499872299339278,4.621862774546183e+19,1.6946830173336004e+20
5.6,1.73,catalog,0.18,225.11887502209933,0.43,106.29501116740983,0.0946,catalog,2141729967.9734056,13543243.541827396,Selsis,-0.3517430767959441,-0.6831968845646806,GP,0.17609535108709826,0.7989550005355471,4.7575554466271674e+19,1.744436997096628e+20
5.6,1.73,catalog,0.18,225.11887502209933,0.43,13.729294555536093,0.0946,catalog,9606406319.042215,17188137.86850071,Selsis,-0.31910353718651896,-0.6120602316082244,log,0.21870736880670372,0.49121034484658366,1.130058433610414e+20,4.143547589904851e+20
5.6,1.73,catalog,0.18,225.11887502209933,0.43,27.368513354675937,0.0946,catalog,3099933269.8141446,30900913.77634357,Jackson,-0.4337340001290606,-0.6832356993234646,log,0.4357688149045975,0.5664628913141605,5.7155881292494184e+19,2.0957156473914533e+20
5.6,1.73,catalog,0.18,225.11887502209933,0.43,26.305805512761825,0.0946,catalog,3212141617.8346767,2090651.3195580104,Jackson,-0.4539714531051158,-0.6959908829791701,linear,0.10744121381250737,0.8408047476545205,9.315185911325082e+19,3.4155681674858634e+20
5.6,1.73,catalog,0.18,225.11887502209933,0.43,30.751962052943416,0.0946,catalog,5156612525.230633,95064244.67373152,Selsis,-0.28474025777370915,-0.7452579115154265,linear,0.19223281130016975,0.185148773884949,2.4358283333504968e+20,8.931370555618488e+20
5.6,1.73,catalog,0.18,225.11887502209933,0.43,39.153128624903,0.0946,catalog,4319955928.605804,13258090.17502048,Selsis,-0.42956754017755067,-0.7436528160316653,linear,0.39874215487563375,0.1751830733421157,2.822915871155391e+19,1.0350691527569767e+20
5.6,1.73,catalog,0.18,225.11887502209933,0.43,55.61046522994799,0.0946,catalog,3359528113.0390906,38931738.363599114,Selsis,-0.3523650181802074,-0.6526232188035913,log,0.09754428108996026,0.42080167286984616,3.6426024856525898e+19,1.3356209114059496e+20
5.6,1.73,catalog,0.18,225.11887502209933,0.43,17.736560515413178,0.0946,catalog,4606969678.375209,88073228.41176328,Jackson,-0.35087497105088306,-0.7330465156720789,GP,0.366454437842862,0.7861282411946006,1.1100800174494753e+20,4.0702933973147425e+20
5.6,1.73,catalog,0.18,225.11887502209933,0.43,16.977218211925152,0.0946,catalog,8119849667.305611,11550229.048885463,Selsis,-0.38691352196810097,-0.6542578509706645,GP,0.45344550461072175,0.05854555352014612,4.625594977149562e+19,1.696051491621506e+20
5.6,1.73,catalog,0.18,225.11887502209933,0.43,12.251941052084256,0.0946,catalog,6543429796.726155,48876820.92365796,Jackson,-0.4497415619933975,-0.609458648237035,linear,0.351936013206614,0.7951702038987456,8.721550673248933e+19,3.197901913524609e+20
5.6,1.73,catalog,0.18,225.11887502209933,0.43,11.480927801300044,0.0946,catalog,6968997487.410862,84633576.15659818,Jackson,-0.46887936739008124,-0.7121385126442482,linear,0.18570795417390953,0.5007565935918098,5.367519434536829e+19,1.9680904593301704e+20
5.6,1.73,catalog,0.18,225.11887502209933,0.43,90.2798663565364,0.0946,catalog,2395506909.983054,56139299.77937987,Selsis,-0.39285644811882514,-0.7805348714240716,linear,0.26368507233304767,0.5617634499482246,2.0494050614570484e+19,7.51448522534251e+19
5.6,1.73,catalog,0.18,225.11887502209933,0.43,55.21008849464241,0.0946,catalog,3376759890.0569096,21824015.946853243,Selsis,-0.38759550192349707,-0.6666907037341128,linear,0.1513686274326425,0.5643859382791732,3.6706251017023156e+19,1.3458958706241823e+20
5.6,1.73,catalog,0.18,225.11887502209933,0.43,42.92417428549472,0.0946,catalog,4042143408.0276103,73815443.60984556,Selsis,-0.32985931350954456,-0.7980953936609029,log,0.19779978207785898,0.05616738895772022,3.7188901907657564e+19,1.363593069947444e+20
5.6,1.73,catalog,0.18,225.11887502209933,0.43,85.2593899264682,0.0946,catalog,1162894160.0847638,68452765.22388327,Jackson,-0.3438366423305175,-0.6425992957455406,GP,0.4714591526540932,0.2497707977181448,1.3680544668694653e+20,5.016199711854706e+20
5.6,1.73,catalog,0.18,225.11887502209933,0.43,26.351882831255885,0.0946,catalog,5790261404.375415,36856404.748145506,Selsis,-0.29935091865610935,-0.6948693765922563,linear,0.08914368040431438,0.7552974515146977,2.023856138105317e+20,7.420805839719495e+20
5.6,1.73,catalog,0.18,225.11887502209933,0.43,72.27324798123082,0.0946,catalog,2794673613.1223106,5583220.99655614,Selsis,-0.28641067638472106,-0.7020535591982691,GP,0.3101109681764225,0.41226811948928366,2.8055985435715633e+20,1.0287194659762399e+21
5.6,1.73,catalog,0.18,225.11887502209933,0.43,34.23760531296181,0.0946,catalog,2540303161.3117666,1778604.2997132964,Jackson,-0.33987270823610105,-0.6861115678844626,log,0.16039955315839288,0.5605169822518542,1.2656795706326367e+20,4.640825092319668e+20
5.6,1.73,catalog,0.18,225.11887502209933,0.43,31.68994445071698,0.0946,catalog,2720093628.737602,82713895.42959,Jackson,-0.48316752525734424,-0.6967182912130568,log,0.07513516729968758,0.9448686220265471,3.608439627228264e+19,1.3230945299836967e+20
5.6,1.73,catalog,0.18,225.11887502209933,0.43,86.5151019525423,0.0946,catalog,2466896878.1099305,32834178.794347785,Selsis,-0.41087397197223746,-0.7352445456407954,GP,0.22004189935941296,0.04627176831736124,2.324742280331235e+19,8.524055027881194e+19
5.6,1.73,catalog,0.18,225.11887502209933,0.43,65.4972562552136,0.0946,catalog,2993765285.45516,14639219.961984556,Selsis,-0.3660634786350498,-0.7436982180641516,GP,0.3100251389886916,0.44968036567381975,4.1443812366440055e+19,1.5196064534361352e+20
5.6,1.73,catalog,0.18,225.11887502209933,0.43,19.408066978527597,0.0946,catalog,4237949737.7899885,52336571.39013523,Jackson,-0.37015708428100935,-0.716940507875221,GP,0.1852361831586016,0.3612741328478981,1.061627209441607e+20,3.8926331012858924e+20
5.6,1.73,catalog,0.18,225.11887502209933,0.43,37.30693727498632,0.0946,catalog,4474201944.286286,92162496.27678393,Selsis,-0.4600823671172684,-0.6210181436168867,log,0.34387674349573505,0.10644942619474118,1.5538278607307385e+19,5.697368822679374e+19
5.6,1.73,catalog,0.18,225.11887502209933,0.43,35.335204290430056,0.0946,catalog,2470659611.4954767,1839605.5877173736,Jackson,-0.3717521595208083,-0.7729259080424314,linear,0.11610171057373796,0.950794348759798,1.2291036109754022e+20,4.5067132402431413e+20
5.6,1.73,catalog,0.18,225.11887502209933,0.43,40.75743005676864,0.0946,catalog,2180336269.4674573,6558210.526965032,Jackson,-0.4230702882660823,-0.7350470806626833,GP,0.4099569971211472,0.9614595897485434,9.734192093536243e+19,3.569203767629956e+20
5.6,1.73,catalog,0.18,225.11887502209933,0.43,20.97028108186209,0.0946,catalog,6891377358.796133,42287448.32592216,Selsis,-0.4254360941343825,-0.7615399144101191,GP,0.2224795535318918,0.3114881541894069,2.1547839496947913e+19,7.900874482214234e+19
5.6,1.73,catalog,0.18,225.11887502209933,0.43,128.8218304666621,0.0946,catalog,1343554666.8293676,67920624.76875128,Selsis,-0.3165184588337281,-0.7145726046525236,GP,0.3177820258077211,0.9467166106890788,5.7125187981700055e+19,2.0945902259956685e+20
5.6,1.73,catalog,0.18,225.11887502209933,0.43,20.727035497239616,0.0946,catalog,3988968367.049617,48133945.41793797,Jackson,-0.4071747050929916,-0.7733003161753658,log,0.09374651441031218,0.0351736067242856,5.355212947156283e+19,1.9635780806239705e+20
5.6,1.73,catalog,0.18,225.11887502209933,0.43,20.717951581640328,0.0946,catalog,3990574480.204661,89857295.40807506,Jackson,-0.3839728901058204,-0.6478408772195535,linear,0.13966845088123367,0.980895990336202,8.506452582476027e+19,3.119032613574543e+20
5.6,1.73,catalog,0.18,225.11887502209933,0.43,38.1165239631655,0.0946,catalog,4404911084.505466,5364370.998210336,Selsis,-0.3761679705724147,-0.7793065214830851,linear,0.40605738745683306,0.8359320164086644,4.2818979188183745e+19,1.5700292369000707e+20
5.6,1.73,catalog,0.18,225.11887502209933,0.43,10.18708860347256,0.0946,catalog,7834290945.988884,34673946.09473061,Jackson,-0.37614070843264447,-0.6669475812765459,log,0.056216726732742896,0.2143302208112139,7.927090722235648e+19,2.906599931486404e+20
5.6,1.73,catalog,0.18,225.11887502209933,0.43,17.202862320546583,0.0946,catalog,4740031447.352242,35783441.04948335,Jackson,-0.45311326696765813,-0.7464579350261953,log,0.12675109442121463,0.5995471539345885,4.829364474464473e+19,1.7707669739703068e+20
5.6,1.73,catalog,0.18,225.11887502209933,0.43,7.459040079459614,0.0946,catalog,10708382984.314568,34672595.37264783,Jackson,-0.36812026010721843,-0.7055620006284675,linear,0.3015009343743049,0.7982993623693029,1.0494562826390738e+20,3.8480063696766036e+20
5.6,1.73,catalog,0.18,225.11887502209933,0.43,10.431430181573143,0.0946,catalog,7653707253.027165,49280905.30021567,Jackson,-0.4263828060322937,-0.7600024076564917,GP,0.27719455464416975,0.319298964007779,7.273843574828928e+19,2.6670759774372735e+20
5.6,1.73,catalog,0.18,225.11887502209933,0.43,113.25217449332122,0.0946,catalog,2051128954.5584526,79267127.47426642,Selsis,-0.3558955351888427,-0.6539552641048562,log,0.3552980591378712,0.3537517920928296,2.325806556230093e+19,8.527957372843673e+19
5.6,1.73,catalog,0.18,225.11887502209933,0.43,42.620102430828446,0.0946,catalog,2097184957.505798,32470379.02387892,Jackson,-0.46794652822754007,-0.6103448021463351,linear,0.2743849830783403,0.6289727755929266,8.826914331521873e+19,3.236535254891353e+20
5.6,1.73,catalog,0.18,225.11887502209933,0.43,29.567938756184194,0.0946,catalog,2892975389.6807265,74703837.45658806,Jackson,-0.28129456918059276,-0.7556509425214009,log,0.442651717369948,0.14709405093343786,1.6952281120274203e+20,6.215836410767207e+20
5.6,1.73,catalog,0.18,225.11887502209933,0.43,58.59284174882876,0.0946,catalog,3237749002.473017,15500081.656628067,Selsis,-0.330150475880253,-0.6093693584574343,GP,0.15748150613701936,0.1182106097224086,1.2040596484530402e+20,4.4148853776611475e+20
5.6,1.73,catalog,0.18,225.11887502209933,0.43,41.07186538761646,0.0946,catalog,4172894192.5619917,56511760.70776108,Selsis,-0.4082046846334524,-0.7349452397977132,log,0.21050375205948912,0.24980527811942432,1.5726567663203832e+19,5.766408143174738e+19
5.6,1.73,catalog,0.18,225.11887502209933,0.43,39.003643399492404,0.0946,catalog,2265652861.936204,38133714.540888965,Jackson,-0.43370259280985773,-0.6884305665896197,GP,0.3521078949356683,0.7412597453470313,8.016408827891697e+19,2.9393499035602888e+20
5.6,1.73,catalog,0.18,225.11887502209933,0.43,39.75999637951742,0.0946,catalog,2227963086.4214706,54381869.427261494,Jackson,-0.4146835523400739,-0.6596820097828848,GP,0.25157121901636753,0.3665992264115566,8.602335748171766e+19,3.1541897743296476e+20
5.6,1.73,catalog,0.18,225.11887502209933,0.43,67.72610838177036,0.0946,catalog,2924420191.2789326,11667225.286852693,Selsis,-0.3413341799897475,-0.7601462767869613,log,0.0632450766433122,0.5073582216517943,4.2281741296325214e+19,1.5503305141985912e+20
5.6,1.73,catalog,0.18,225.11887502209933,0.43,15.988199552813583,0.0946,catalog,5076626273.9154005,95392821.82932995,Jackson,-0.3558102840913957,-0.7110472125134745,log,0.11640361207110932,0.19545055680753265,6.930502809389184e+19,2.5411843634427006e+20
5.6,1.73,catalog,0.18,225.11887502209933,0.43,15.722701035482535,0.0946,catalog,5157357639.962151,90715197.56337601,Jackson,-0.3455396473598708,-0.78643450386719,linear,0.17846818324262648,0.1941056673495719,9.953129596288995e+19,3.6494808519726314e+20
5.6,1.73,catalog,0.18,225.11887502209933,0.43,7.6548959264237855,0.0946,catalog,10429154048.389427,82813234.12477227,Jackson,-0.3044201770006614,-0.660589244794396,GP,0.28424154048040323,0.65045125923481,1.989973021213418e+20,7.2965677444492e+20
5.6,1.73,catalog,0.18,225.11887502209933,0.43,43.222358102795454,0.0946,catalog,2071784878.149658,89385499.51541713,Jackson,-0.39961505021170995,-0.7166767760551044,GP,0.17479844834283642,0.10837525186845376,7.264354481238716e+19,2.6635966431208623e+20
5.6,1.73,catalog,0.18,225.11887502209933,0.43,26.14963196991144,0.0946,catalog,3229390296.8882804,15522099.147967124,Jackson,-0.35270534734151376,-0.6216710934720818,log,0.29958443500517806,0.6678407272164062,1.1326001061229753e+20,4.152867055784243e+20
5.6,1.73,catalog,0.18,225.11887502209933,0.43,12.910624778440155,0.0946,catalog,10092085470.466036,50868455.52894692,Selsis,-0.40286824990882897,-0.7452016222853725,linear,0.34401666455785407,0.4007018523489062,2.4308233225979118e+19,8.913018849525676e+19
5.6,1.73,catalog,0.18,225.11887502209933,0.43,15.644276166930963,0.0946,catalog,5181738470.845812,32473006.71689581,Jackson,-0.35961842281362716,-0.6152797351352146,log,0.09206578798972737,0.6712709136176256,1.0190136464653648e+20,3.736383370373004e+20
5.6,1.73,catalog,0.18,225.11887502209933,0.43,19.45213093768581,0.0946,catalog,4229084760.093116,88851208.1891117,Jackson,-0.39553879986815166,-0.7717920310634311,GP,0.20657044139138372,0.38172947701548865,7.246420790796069e+19,2.6570209566252253e+20
5.6,1.73,catalog,0.18,225.11887502209933,0.43,21.104684587820046,0.0946,catalog,3923421335.4377394,19754330.56744718,Jackson,-0.32913400198566356,-0.6786067067972233,linear,0.18033514850374105,0.8460521836494983,1.5557937685602507e+20,5.704577151387586e+20
5.6,1.73,catalog,0.18,225.11887502209933,0.43,76.941906817638,0.0946,catalog,1267078172.4443102,22774590.159055263,Jackson,-0.4988427728775787,-0.7384383640255643,log,0.08438927522818238,0.055556169215654205,4.67964156482533e+19,1.7158685737692876e+20
5.6,1.73,catalog,0.18,225.11887502209933,0.43,16.717165706985124,0.0946,catalog,8218774099.237462,68984731.17914607,Selsis,-0.45254358972624803,-0.7636436778093425,log,0.1544714038858308,0.8932973118121769,1.205595423326943e+19,4.420516552198791e+19
5.6,1.73,catalog,0.18,225.11887502209933,0.43,17.17873575166478,0.0946,catalog,4746244108.323063,9801066.249679148,Jackson,-0.4347837224640862,-0.7812125656561669,log,0.1768228103972449,0.26866117723809524,6.153784240087868e+19,2.256387554698885e+20
5.6,1.73,catalog,0.18,225.11887502209933,0.43,18.65731072912652,0.0946,catalog,4395459116.724863,73504350.51474734,Jackson,-0.29201320862475444,-0.668871488234262,log,0.32832948052279287,0.04254220996548164,1.5603743175512916e+20,5.721372497688069e+20
5.6,1.73,catalog,0.18,225.11887502209933,0.43,19.905216877694713,0.0946,catalog,4140216734.124346,27544601.543098114,Jackson,-0.3884498331472781,-0.7533664133481509,GP,0.1445304580231403,0.5624044218821825,1.0054379959488178e+20,3.686605985145665e+20
5.6,1.73,catalog,0.18,225.11887502209933,0.43,61.50033457981523,0.0946,catalog,3129124241.5935864,66432601.16144759,Selsis,-0.41984258640040895,-0.6854371175857905,linear,0.06024014198407607,0.22435423038109636,1.964317577191101e+19,7.202497783034036e+19
5.6,1.73,catalog,0.18,225.11887502209933,0.43,83.06107816484484,0.0946,catalog,2537330826.9346886,87430740.84970538,Selsis,-0.4110513345649922,-0.6041162554329444,log,0.15355570722836143,0.4592031231841197,1.851517876408897e+19,6.788898880165956e+19
5.6,1.73,catalog,0.18,225.11887502209933,0.43,26.819279100294768,0.0946,catalog,5713954301.651753,61351525.95026407,Selsis,-0.40059909764484203,-0.7368076359440937,GP,0.34428725709550234,0.8023142060621036,2.1907715563465322e+19,8.032829039937285e+19
5.6,1.73,catalog,0.18,225.11887502209933,0.43,20.616912511589735,0.0946,catalog,4008534579.72704,22055689.595324792,Jackson,-0.3090773141749264,-0.7930111444566543,GP,0.18630540587875627,0.7915467607481518,2.0510135834334354e+20,7.52038313925593e+20
5.6,1.73,catalog,0.18,225.11887502209933,0.43,112.82175669231668,0.0946,catalog,922310751.9142488,5867387.028382444,Jackson,-0.2882861095503697,-0.7714354771207159,log,0.10419220572411929,0.6003856162834147,1.8544608632050618e+20,6.799689831751892e+20
5.6,1.73,catalog,0.18,225.11887502209933,0.43,54.709493327583914,0.0946,catalog,3398618561.917929,5416783.197811521,Selsis,-0.3142837792571493,-0.7761355981177659,GP,0.4168127088000938,0.9778719086576473,1.0960271285562735e+20,4.018766138039669e+20
5.6,1.73,catalog,0.18,225.11887502209933,0.43,15.06657891413814,0.0946,catalog,8921150439.414585,9792376.319386782,Selsis,-0.31483551204783133,-0.7073432945589528,linear,0.07155193598098165,0.4637510952459968,1.505623439653303e+20,5.5206192787287776e+20
5.6,1.73,catalog,0.18,225.11887502209933,0.43,28.177236443774518,0.0946,catalog,3020138214.8194485,58401973.33450188,Jackson,-0.45621667558979856,-0.6510698860678745,log,0.10613231976377777,0.03938839035481334,4.9453362251537375e+19,1.8132899492230372e+20
5.6,1.73,catalog,0.18,225.11887502209933,0.43,25.157122662495976,0.0946,catalog,3343955487.831389,35473567.55002447,Jackson,-0.44089082421230386,-0.7407111228436284,GP,0.13680585824533723,0.8194251498104737,7.423167902362105e+19,2.7218282308661048e+20
5.6,1.73,catalog,0.18,225.11887502209933,0.43,16.820890464744075,0.0946,catalog,4840507365.176298,25067590.762193915,Jackson,-0.3688691802772182,-0.7708314458312314,log,0.27349405616114547,0.22129387005686074,7.944693950027574e+19,2.9130544483434437e+20
5.6,1.73,catalog,0.18,225.11887502209933,0.43,22.03912333242297,0.0946,catalog,6633307793.824328,22711349.221921932,Selsis,-0.3556497690429116,-0.6718466467342146,log,0.34254434045127674,0.1762388089970245,3.895352439016588e+19,1.4282958943060822e+20
5.6,1.73,catalog,0.18,225.11887502209933,0.43,15.904713106931084,0.0946,catalog,5101716722.090678,94909571.65840681,Jackson,-0.4554048178418621,-0.7397639582301515,log,0.05721771109969914,0.07000992196649158,3.4842307291913204e+19,1.2775512673701508e+20
5.6,1.73,catalog,0.18,225.11887502209933,0.43,19.72450290541609,0.0946,catalog,7224788553.493118,12762841.013315365,Selsis,-0.3358179879957662,-0.6849659301375535,log,0.3097460842382515,0.32789994363863884,5.504096576045608e+19,2.0181687445500563e+20
5.6,1.73,catalog,0.18,225.11887502209933,0.43,63.60522866731227,0.0946,catalog,1487562950.269721,31176626.666492816,Jackson,-0.4560080183576909,-0.6132426880654496,GP,0.26272319658593735,0.3261589670541879,9.76367819810185e+19,3.580015339304012e+20
5.6,1.73,catalog,0.18,225.11887502209933,0.43,9.219624854406524,0.0946,catalog,8648234606.673832,47676248.93990012,Jackson,-0.44213765775032887,-0.7417306090146948,log,0.3923036141530098,0.30277153196645235,4.6855933634290565e+19,1.7180508999239873e+20
5.6,1.73,catalog,0.18,225.11887502209933,0.43,9.939361470337998,0.0946,catalog,8026876531.649668,1044503.0813512859,Jackson,-0.43250498164404566,-0.6975016771027462,linear,0.3975694410068714,0.5931929397686775,1.0389575802328211e+20,3.809511127520344e+20
5.6,1.73,catalog,0.18,225.11887502209933,0.43,44.818598957904015,0.0946,catalog,3918456961.689272,92174365.56009673,Selsis,-0.31388188837213027,-0.6386376172737568,linear,0.2995680986662615,0.7515421693281058,1.5138602243331277e+20,5.550820822554801e+20
5.6,1.73,catalog,0.18,225.11887502209933,0.43,17.07273201947543,0.0946,catalog,4773750792.5651655,10810760.485250281,Jackson,-0.3389415426884057,-0.6616563775004743,GP,0.07747698084316235,0.9377667186473392,1.75348163249366e+20,6.429432652476753e+20
5.6,1.73,catalog,0.18,225.11887502209933,0.43,42.487556783340885,0.0946,catalog,2102868558.1017687,68564589.46793108,Jackson,-0.3832492041406801,-0.6497043650441628,log,0.10300101656766884,0.09405007868014759,6.6670169078871966e+19,2.4445728662253054e+20
5.6,1.73,catalog,0.18,225.11887502209933,0.43,26.181819428680406,0.0946,catalog,3225818700.6598697,63257682.239086345,Jackson,-0.3196551544103231,-0.64548612502878,linear,0.43180702466273163,0.15038183248814696,1.5293928919715516e+20,5.607773937229022e+20
5.6,1.73,catalog,0.18,225.11887502209933,0.43,40.3780418847118,0.0946,catalog,2198182919.4195204,81097321.65536898,Jackson,-0.32115578558609686,-0.6920167959331914,linear,0.19821809783453181,0.5898425105245673,1.3479805737802783e+20,4.942595437194354e+20
5.6,1.73,catalog,0.18,225.11887502209933,0.43,179.65846734949457,0.0946,catalog,631953725.81571,65487385.32565309,Jackson,-0.4142367188912809,-0.692787578419547,linear,0.17287442106654138,0.09813559387726034,6.522131815225188e+19,2.3914483322492358e+20
5.6,1.73,catalog,0.18,225.11887502209933,0.43,7.201652978834031,0.0946,catalog,11100136383.057684,77169354.30438197,Jackson,-0.32808379675276766,-0.6562220839103106,linear,0.41179345942994466,0.3707642846192629,1.357873114056065e+20,4.978868084872238e+20
5.6,1.73,catalog,0.18,225.11887502209933,0.43,82.72891268802947,0.0946,catalog,2544374252.9166727,42703612.27006423,Selsis,-0.45462659015963536,-0.6604703459772888,GP,0.3742558335426938,0.6245522305460369,2.013919211236893e+19,7.384370441201941e+19
5.6,1.73,catalog,0.18,225.11887502209933,0.43,38.84391675460475,0.0946,catalog,4344871444.817537,49381744.9606107,Selsis,-0.38928965300978796,-0.665988467194063,log,0.26697227211874275,0.7805450320388616,2.1936658384517407e+19,8.043441407656382e+19
5.6,1.73,catalog,0.18,225.11887502209933,0.43,90.2153966346393,0.0946,catalog,2396685668.4670734,70464548.11427753,Selsis,-0.47398681931449255,-0.7235730615714673,log,0.3812609349115645,0.2175992874580316,9.498309124692734e+18,3.482713345720669e+19
5.6,1.73,catalog,0.18,225.11887502209933,0.43,27.801405253671597,0.0946,catalog,3056651733.6185465,57274245.38445006,Jackson,-0.40610521316992326,-0.6342914708790246,linear,0.0649837817341304,0.6679855640970118,8.723282370688088e+19,3.198536869252299e+20
5.6,1.73,catalog,0.18,225.11887502209933,0.43,55.8196246281895,0.0946,catalog,3350613118.438951,51642316.47640527,Selsis,-0.3855195306512181,-0.7527594221258221,GP,0.2860974394601197,0.6458696658472133,2.4523096978483433e+19,8.991802225443925e+19
5.6,1.73,catalog,0.18,225.11887502209933,0.43,68.66779319325731,0.0946,catalog,2896313805.0066733,21350282.199400388,Selsis,-0.48241796125846453,-0.7688536067294576,GP,0.4619662055298129,0.8596161262583144,2.0956239142831174e+19,7.68395435237143e+19
5.6,1.73,catalog,0.18,225.11887502209933,0.43,17.51720447285697,0.0946,catalog,4660668161.382288,26552717.819831163,Jackson,-0.39822519241901505,-0.7309675561768597,GP,0.05596890324135935,0.3137474957639904,9.664373003732872e+19,3.543603434702053e+20
5.6,1.73,catalog,0.18,225.11887502209933,0.43,13.163676481767945,0.0946,catalog,9935831290.474655,36491226.86487996,Selsis,-0.3566324805487707,-0.7492337519190089,log,0.08356331418985723,0.7500918648881766,3.0329012083398525e+19,1.1120637763912792e+20
5.6,1.73,catalog,0.18,225.11887502209933,0.43,53.114723194697255,0.0946,catalog,3470680159.4484167,1919154.1569268152,Selsis,-0.3649005883561577,-0.6673634975593687,log,0.31112749562154063,0.7519998644414946,4.320906054396339e+19,1.5843322199453244e+20
5.6,1.73,catalog,0.18,225.11887502209933,0.43,12.263260300022832,0.0946,catalog,10519730704.01839,42318981.50844346,Selsis,-0.48804214466396745,-0.7537964297700078,linear,0.1655835421565963,0.23919454199125745,1.7657306674768998e+19,6.474345780748633e+19
5.6,1.73,catalog,0.18,225.11887502209933,0.43,32.24189378615793,0.0946,catalog,4978062664.574269,1274079.1006273685,Selsis,-0.47902526910019577,-0.6687020323298262,GP,0.06103632247509962,0.6211578377584276,3.8677769465415705e+19,1.4181848803985757e+20
5.6,1.73,catalog,0.18,225.11887502209933,0.43,39.929411638400865,0.0946,catalog,4258932486.4095526,56936528.15621234,Selsis,-0.422701625889869,-0.6973554410318423,GP,0.09266762520527673,0.6751620876684642,2.0287649405818626e+19,7.438804782133495e+19
5.6,1.73,catalog,0.18,225.11887502209933,0.43,44.67818459239862,0.0946,catalog,2013122079.254206,70698848.12826253,Jackson,-0.31460914095845677,-0.7695099863849482,linear,0.10544587725205297,0.2744284126222738,1.4252178236931106e+20,5.225798686874739e+20
5.6,1.73,catalog,0.18,225.11887502209933,0.43,81.50086886307861,0.0946,catalog,1207483262.1585693,56652714.52989752,Jackson,-0.30865366830318025,-0.7483207471757954,log,0.10472074572059,0.4517999953646392,1.2236087396307812e+20,4.4865653786461975e+20
5.6,1.73,catalog,0.18,225.11887502209933,0.43,10.673169776342903,0.0946,catalog,7483541827.406245,69658477.34728271,Jackson,-0.4318851686642563,-0.6956546431393554,linear,0.37726173161401794,0.435777727256493,6.528664187591267e+19,2.3938435354501313e+20
5.6,1.73,catalog,0.18,225.11887502209933,0.43,36.22295957954507,0.0946,catalog,4571324458.0441885,1001303.6870645402,Selsis,-0.3418437412468796,-0.6533789392152604,log,0.2296182811844752,0.7735095683710361,6.310305077331296e+19,2.3137785283548086e+20
5.6,1.73,catalog,0.18,225.11887502209933,0.43,24.61734324120207,0.0946,catalog,3410099347.4331064,6884755.3551466465,Jackson,-0.3729740696826385,-0.7203496711650649,linear,0.27157343325156597,0.000691255913743638,1.1718528883461941e+20,4.296793923936045e+20
5.6,1.73,catalog,0.18,225.11887502209933,0.43,22.876988950411963,0.0946,catalog,6446653628.842264,70147781.64667997,Selsis,-0.28364710307292484,-0.753433471564392,GP,0.05158697869726695,0.5010266114566932,2.6676562265792905e+20,9.781406164124065e+20
5.6,1.73,catalog,0.18,225.11887502209933,0.43,74.6650725261536,0.0946,catalog,2732018494.514739,80487114.64772029,Selsis,-0.47917833929626785,-0.7409843581812423,GP,0.13380797777204337,0.1843408135638115,1.2047343656854739e+19,4.417359340846738e+19
5.6,1.73,catalog,0.18,225.11887502209933,0.43,13.070997638062483,0.0946,catalog,6148090611.162306,72052455.51805006,Jackson,-0.37946623670714397,-0.7809765621453206,GP,0.10394189549597058,0.6468419680554339,8.79579428502456e+19,3.225124571175672e+20
5.6,1.73,catalog,0.18,225.11887502209933,0.43,69.73678840043529,0.0946,catalog,2865216961.8990293,66638212.01280162,Selsis,-0.3696417172483242,-0.7949700997819534,linear,0.35554568032122136,0.6803688629709497,2.559647723477069e+19,9.385374986082586e+19
5.6,1.73,catalog,0.18,225.11887502209933,0.43,15.308448118042623,0.0946,catalog,8809321645.815025,71030883.71734443,Selsis,-0.4323129143907545,-0.6053741376006292,linear,0.44961382659230836,0.5011265086935832,3.1426154537533673e+19,1.1522923330429013e+20
5.6,1.73,catalog,0.18,225.11887502209933,0.43,89.83318393650492,0.0946,catalog,2403704258.0566235,74219402.65382041,Selsis,-0.4896702855518764,-0.780718013126817,GP,0.13252897952955944,0.5420295417844102,1.099991188217895e+19,4.0333010234656145e+19
5.6,1.73,catalog,0.18,225.11887502209933,0.43,121.28288843978274,0.0946,catalog,1949135763.0986319,72713372.33838937,Selsis,-0.4885370021486783,-0.77502253097787,linear,0.4699272385480429,0.3150581890551687,1.0167096892835631e+19,3.727935527373065e+19
5.6,1.73,catalog,0.18,225.11887502209933,0.43,15.268766821970251,0.0946,catalog,5302015075.448363,74062839.29114564,Jackson,-0.40020402807585964,-0.6258071829840715,log,0.051680797693790394,0.3133226793003714,6.495549115541653e+19,2.3817013423652726e+20
5.6,1.73,catalog,0.18,225.11887502209933,0.43,121.90250765381923,0.0946,catalog,1931211537.7085564,8327951.034102903,Selsis,-0.3476557663223378,-0.6672989528561484,GP,0.10584964566527394,0.7451170598503605,5.2217158239491695e+19,1.9146291354480286e+20
5.6,1.73,catalog,0.18,225.11887502209933,0.43,13.778885369348474,0.0946,catalog,9578749264.56825,7263883.597967846,Selsis,-0.34596132712331196,-0.7127854937509348,log,0.29778387860933075,0.13173136742631975,4.7796398011728175e+19,1.7525345937633663e+20
5.6,1.73,catalog,0.18,225.11887502209933,0.43,34.751527865526725,0.0946,catalog,4711853317.877062,36750874.37971446,Selsis,-0.46018663306119867,-0.6701953188548301,linear,0.11456966278055301,0.771503314693293,2.2839870906439053e+19,8.374619332360987e+19
5.6,1.73,catalog,0.18,225.11887502209933,0.43,44.111937526696174,0.0946,catalog,2035494461.1517146,53232074.74033076,Jackson,-0.31124612897872705,-0.613003035293918,GP,0.4168044381626443,0.6550131816019255,2.092365455284202e+20,7.672006669375407e+20
5.6,1.73,catalog,0.18,225.11887502209933,0.43,38.177372711848946,0.0946,catalog,2308483032.430228,76499286.33825104,Jackson,-0.4170242662866561,-0.7801245377128588,GP,0.08268655475181207,0.8844746846554981,6.533431489413707e+19,2.3955915461183593e+20
5.6,1.73,catalog,0.18,225.11887502209933,0.43,9.085557966006418,0.0946,catalog,8775447639.967396,34136074.060310245,Jackson,-0.2878390615660681,-0.7512577945649336,linear,0.31234656317739445,0.2601446921997975,2.1930911775858544e+20,8.0413343178148e+20
5.6,1.73,catalog,0.18,225.11887502209933,0.43,18.010291859539546,0.0946,catalog,4541811657.770432,28236590.586729847,Jackson,-0.4740048804263599,-0.6279399193058518,log,0.07955587500429821,0.506179051816204,6.171775955979592e+19,2.262984517192517e+20
5.6,1.73,catalog,0.18,225.11887502209933,0.43,17.618492189644922,0.0946,catalog,7887624953.029839,78363382.50373441,Selsis,-0.31597996630019404,-0.6438721309397786,log,0.07871815780615311,0.03898951152923191,8.265019671833131e+19,3.0305072130054816e+20
5.6,1.73,catalog,0.18,225.11887502209933,0.43,67.67506505927918,0.0946,catalog,1411533406.144381,25684348.293945502,Jackson,-0.30016560628600153,-0.6011486556885618,log,0.13954663315555615,0.9125065750547853,1.7588890367459063e+20,6.449259801401657e+20
5.6,1.73,catalog,0.18,225.11887502209933,0.43,15.58241428909747,0.0946,catalog,8686610108.248367,82263296.30463186,Selsis,-0.3190113842483791,-0.7372182369855615,GP,0.4404641766957804,0.6753914606791583,7.025966652268505e+19,2.5761877724984515e+20
5.6,1.73,catalog,0.18,225.11887502209933,0.43,20.072855483937094,0.0946,catalog,4108356462.6168094,18536221.42228382,Jackson,-0.32205494893606956,-0.6110227205722909,GP,0.19249744353921527,0.6228752490714417,2.1440438811866697e+20,7.861494231017789e+20
5.6,1.73,catalog,0.18,225.11887502209933,0.43,15.512405793358713,0.0946,catalog,5223300739.928268,36587878.7643752,Jackson,-0.4205117966109121,-0.7312622337409992,linear,0.2157758813605047,0.7326892009866032,7.568640013969372e+19,2.775168005122103e+20
5.6,1.73,catalog,0.18,225.11887502209933,0.43,62.29806710974019,0.0946,catalog,3100888347.921546,40706485.333212644,Selsis,-0.343064516521386,-0.6569813617629013,GP,0.05113316519209114,0.2843288567593645,4.891834942894855e+19,1.79367281239478e+20
5.6,1.73,catalog,0.18,225.11887502209933,0.43,128.82183046666222,0.0946,catalog,1038994481.8199948,30651534.283456646,Selsis,-0.37254375547751395,-0.6234514104756826,GP,0.05696199731157648,0.6038602687522343,2.9284228439458333e+19,1.0737550427801389e+20
5.6,1.73,catalog,0.18,225.11887502209933,0.43,8.105442782436755,0.0946,catalog,9841359635.792757,1332334.474814252,Jackson,-0.406614591085132,-0.7658435809483277,linear,0.05833161893450386,0.8009219104052452,1.0747897327107233e+20,3.940895686605985e+20
5.6,1.73,catalog,0.18,225.11887502209933,0.43,10.219285703206245,0.0946,catalog,12208488248.706575,24315416.52430354,Selsis,-0.2815154268681905,-0.75887226899296,linear,0.33007465574088507,0.09029444470406423,2.8729875002472713e+20,1.0534287500906661e+21
5.6,1.73,catalog,0.18,225.11887502209933,0.43,70.80638216223528,0.0946,catalog,2834929158.759335,34427702.3290085,Selsis,-0.4360999620080736,-0.6838082703935306,log,0.08626251701840079,0.9588168892902992,1.6740346546167206e+19,6.138127066927976e+19
5.6,1.73,catalog,0.18,225.11887502209933,0.43,14.04290902978156,0.0946,catalog,9434622452.36553,32048864.55813961,Selsis,-0.4091083151186875,-0.6312350459928971,GP,0.1066125151111832,0.8918868025013179,3.693777148733039e+19,1.3543849545354474e+20
5.6,1.73,catalog,0.18,225.11887502209933,0.43,124.19415763700613,0.0946,catalog,1867128456.8524308,78769994.15124351,Selsis,-0.3013705717856142,-0.7842100929555778,GP,0.20366799262775473,0.9630188339062141,1.2344260545227909e+20,4.526228866583566e+20
5.6,1.73,catalog,0.18,225.11887502209933,0.43,125.82066197567464,0.0946,catalog,1823657497.7370815,5689408.491110829,Selsis,-0.4364181785988197,-0.6298238380488193,log,0.19183344320635934,0.8083485090316044,2.5988419443554796e+19,9.529087129303425e+19
5.6,1.73,catalog,0.18,225.11887502209933,0.43,128.82183046666233,0.0946,catalog,1064938548.3379503,39505921.26586883,Selsis,-0.4664101487317217,-0.7313758940909807,linear,0.12867657772276758,0.2943110924393203,1.0829999313613881e+19,3.970999748325089e+19
5.6,1.73,catalog,0.18,225.11887502209933,0.43,66.10903597458923,0.0946,catalog,2974322215.962725,4714030.1023646835,Selsis,-0.4318000550727133,-0.7187546772054997,linear,0.050497538662686366,0.5815554676346544,3.174726677412722e+19,1.1640664483846647e+20
5.6,1.73,catalog,0.18,225.11887502209933,0.43,128.82183046666233,0.0946,catalog,1239284297.9069536,93134109.04677193,Selsis,-0.332951431037606,-0.7320277808624888,GP,0.1407902497669548,0.12016242223839868,2.141901061440432e+19,7.853637225281584e+19
5.6,1.73,catalog,0.18,225.11887502209933,0.43,26.358993797862432,0.0946,catalog,3206313304.3724427,79230734.26607855,Jackson,-0.3108321178655015,-0.6177040190784625,log,0.27406439632475493,0.7541667316660561,1.3332239567279032e+20,4.8884878413356447e+20
5.6,1.73,catalog,0.18,225.11887502209933,0.43,51.58712392986568,0.0946,catalog,1778415714.8900445,98233998.32456332,Jackson,-0.47482210272308056,-0.7738411346834322,log,0.0859427645482746,0.15363966599281376,3.027638902088164e+19,1.1101342640989934e+20
5.6,1.73,catalog,0.18,225.11887502209933,0.43,14.500772995588362,0.0946,catalog,5567821699.219556,91105892.63790584,Jackson,-0.36322321016353815,-0.6851451037647314,GP,0.2554630039137943,0.866823934924232,1.0272924034588685e+20,3.766738812682518e+20
5.6,1.73,catalog,0.18,225.11887502209933,0.43,20.410924080977537,0.0946,catalog,7036393140.975238,32265464.439492356,Selsis,-0.3751968807691566,-0.7703783838748417,linear,0.05177532386267717,0.24055695251281128,3.403545199814438e+19,1.247966573265294e+20
5.6,1.73,catalog,0.18,225.11887502209933,0.43,30.118043305657675,0.0946,catalog,5237443900.683153,69466757.82072745,Selsis,-0.3528644871870597,-0.6142810739810317,linear,0.40455521942093264,0.16041190728292753,8.085216511331117e+19,2.964579387488076e+20
5.6,1.73,catalog,0.18,225.11887502209933,0.43,110.22265977776222,0.0946,catalog,2089363683.8659923,31348854.66036243,Selsis,-0.3523675983521049,-0.6404137372928761,GP,0.4456657014884863,0.07090436369097253,4.434432465698011e+19,1.625958570755937e+20
5.6,1.73,catalog,0.18,225.11887502209933,0.43,13.71998986229651,0.0946,catalog,5869311551.955095,88932907.60503277,Jackson,-0.2889171565413638,-0.7532361451477845,linear,0.05028419336324999,0.7113651280508115,1.8903321163507587e+20,6.931217759952782e+20
5.6,1.73,catalog,0.18,225.11887502209933,0.43,92.9002356239739,0.0946,catalog,2348804674.004131,41664534.12676679,Selsis,-0.42376357414611737,-0.7404443463823693,GP,0.14347902544311844,0.18620377690502332,1.8885378187611783e+19,6.924638668790987e+19
5.6,1.73,catalog,0.18,225.11887502209933,0.43,26.19025165827546,0.0946,catalog,5817229958.8707285,38212866.64851898,Selsis,-0.4340512772181287,-0.7236969344074645,GP,0.12965579862101914,0.1976678120617199,2.2349565739705995e+19,8.194840771225531e+19
5.6,1.73,catalog,0.18,225.11887502209933,0.43,18.76397960797255,0.0946,catalog,4372307153.10863,91492805.6791,Jackson,-0.37213043711919847,-0.7189164649409128,linear,0.34741883549681346,0.1696966038627783,8.20497353052502e+19,3.0084902945258406e+20
5.6,1.73,catalog,0.18,225.11887502209933,0.43,62.043498476797446,0.0946,catalog,3109829325.518249,83837288.47436558,Selsis,-0.40552793896749445,-0.636531428273589,log,0.17365672071134652,0.3057951224684943,1.6954003598437638e+19,6.216467986093801e+19
5.6,1.73,catalog,0.18,225.11887502209933,0.43,71.75131527381367,0.0946,catalog,1343629723.3448246,96674941.78306586,Jackson,-0.3957740600912328,-0.6870933289381619,GP,0.20433157108977779,0.9412114341283937,7.473805234057475e+19,2.7403952524877408e+20
5.6,1.73,catalog,0.18,225.11887502209933,0.43,20.507547114516868,0.0946,catalog,7010818885.163204,7582320.471870238,Selsis,-0.4847590614290116,-0.7144101370216545,log,0.07970324573546067,0.4866216779243221,2.1636799532248437e+19,7.933493161824426e+19
5.6,1.73,catalog,0.18,225.11887502209933,0.43,8.623358740626642,0.0946,catalog,9246123456.811447,25090548.92584713,Jackson,-0.46738672107020957,-0.6561110686127294,linear,0.05970829533941234,0.26087793930576675,7.940048787757569e+19,2.911351222177775e+20
5.6,1.73,catalog,0.18,225.11887502209933,0.43,16.30413689707337,0.0946,catalog,4984041756.563914,30784917.03883752,Jackson,-0.2942175139495704,-0.7084270247312388,linear,0.246207399767107,0.17039075970445883,2.0844009031512434e+20,7.642803311554559e+20
5.6,1.73,catalog,0.18,225.11887502209933,0.43,7.761013706436715,0.0946,catalog,10284150133.941954,43010854.034521446,Jackson,-0.48497588063257324,-0.774351996623042,linear,0.2087593790111173,0.018901419705438016,5.948924905462778e+19,2.1812724653363518e+20
5.6,1.73,catalog,0.18,225.11887502209933,0.43,8.758356379627983,0.0946,catalog,9103216061.929426,47839874.54890507,Jackson,-0.37016796961026344,-0.7785021631460943,linear,0.33985897113069885,0.36499264706834744,9.388931259293424e+19,3.442608128407589e+20
5.6,1.73,catalog,0.18,225.11887502209933,0.43,37.75454480956273,0.0946,catalog,2331104846.2003865,29855770.37860706,Jackson,-0.3339934936160642,-0.7348086640409657,linear,0.349666037294806,0.11006147422608215,1.3564297621095737e+20,4.97357579440177e+20
5.6,1.73,catalog,0.18,225.11887502209933,0.43,27.26194973151551,0.0946,catalog,5643897808.407426,79254591.89135782,Selsis,-0.49739002374301794,-0.6794259524769656,linear,0.21379880739286758,0.02701199566916257,1.5583654872610023e+19,5.714006786623675e+19
5.6,1.73,catalog,0.18,225.11887502209933,0.43,63.26131432372992,0.0946,catalog,3067631639.7581882,23101170.30402059,Selsis,-0.45099540745465533,-0.7730317344703531,GP,0.1727155290705373,0.10297970593583294,2.2439563039737864e+19,8.227839781237216e+19
5.6,1.73,catalog,0.18,225.11887502209933,0.43,52.16713785387684,0.0946,catalog,3515346689.936561,69955214.01661219,Selsis,-0.4170441532131349,-0.6899731658605185,log,0.4101835820283824,0.31852151639240633,1.4454503555452912e+19,5.299984636999401e+19
5.6,1.73,catalog,0.18,225.11887502209933,0.43,122.12733366124996,0.0946,catalog,1924772067.5608492,85325063.24361765,Selsis,-0.3885001616448929,-0.7460780710382533,linear,0.3163982991327591,0.7508637014382885,1.6241964687064203e+19,5.955387051923541e+19
5.6,1.73,catalog,0.18,225.11887502209933,0.43,7.457327690783695,0.0946,catalog,10710893587.116201,60766125.676799044,Jackson,-0.4248490351537547,-0.6609173168783417,linear,0.38141256785558314,0.0669862511685263,7.463898502183318e+19,2.7367627841338832e+20
5.6,1.73,catalog,0.18,225.11887502209933,0.43,27.967601524993547,0.0946,catalog,5536428233.711618,36061733.663389266,Selsis,-0.357220163207209,-0.7943474597647259,linear,0.4952345123924196,0.6786739237565822,3.9396147615207965e+19,1.4445254125576253e+20
5.6,1.73,catalog,0.18,225.11887502209933,0.43,80.23875148299074,0.0946,catalog,2598794566.8358293,19601232.97746848,Selsis,-0.4501925462048432,-0.7061953137038854,linear,0.12661226909233764,0.6205425288012464,2.3581557221564543e+19,8.646570981240332e+19
5.6,1.73,catalog,0.18,225.11887502209933,0.43,73.70252163847388,0.0946,catalog,2756804422.665325,14300273.245965904,Selsis,-0.4943937539856158,-0.7895471701971535,GP,0.2605581527668373,0.8819902054667879,2.244666594104086e+19,8.230444178381649e+19
5.6,1.73,catalog,0.18,225.11887502209933,0.43,53.847861179974345,0.0946,catalog,3437083111.245286,74673299.1757571,Selsis,-0.4996543688199841,-0.733898444944936,linear,0.243802311893755,0.18398700847205907,1.3061940939840682e+19,4.78937834460825e+19
5.6,1.73,catalog,0.18,225.11887502209933,0.43,14.160391082123683,0.0946,catalog,5695066915.4446535,47444067.760768086,Jackson,-0.4239873573710805,-0.7968849711426242,log,0.074664251837493,0.7942677056789741,4.890689637205236e+19,1.793252866975253e+20
5.6,1.73,catalog,0.18,225.11887502209933,0.43,15.622717282387349,0.0946,catalog,8668900388.761917,5585635.565569396,Selsis,-0.42043418417726564,-0.7061802478844138,log,0.2165302633169628,0.8648652170480753,2.7782493222539764e+19,1.0186914181597913e+20
5.6,1.73,catalog,0.18,225.11887502209933,0.43,62.67745876979929,0.0946,catalog,3087682148.8926086,98400111.1873194,Selsis,-0.29130709417496037,-0.6465968263043976,linear,0.13398595627457643,0.9764841316517369,2.333893411132491e+20,8.557609174152467e+20
5.6,1.73,catalog,0.18,225.11887502209933,0.43,21.55713508355148,0.0946,catalog,3847915631.2651887,67459015.11591002,Jackson,-0.490148243245548,-0.7799559924508112,linear,0.14112553276576484,0.8085493580191582,5.167088736142416e+19,1.894599203252219e+20
5.6,1.73,catalog,0.18,225.11887502209933,0.43,36.22648424575631,0.0946,catalog,4571000191.077345,84574072.59127073,Selsis,-0.3833856867702602,-0.6529554616011946,linear,0.0757021116888715,0.1237682008191836,2.8643426485105943e+19,1.0502589711205512e+20
5.6,1.73,catalog,0.18,225.11887502209933,0.43,57.16914455398213,0.0946,catalog,3294481919.15383,44380678.46038413,Selsis,-0.3728810708619538,-0.6831609465815338,linear,0.27778535801645043,0.9471290101634308,3.3554545903100715e+19,1.2303333497803596e+20
5.6,1.73,catalog,0.18,225.11887502209933,0.43,23.491741013373858,0.0946,catalog,3557809709.6570086,95588423.45999447,Jackson,-0.34615949738250174,-0.699078945372796,GP,0.24940835274660458,0.8149920528037838,1.1692857233110455e+20,4.2873809854738334e+20
5.6,1.73,catalog,0.18,225.11887502209933,0.43,64.18522824108284,0.0946,catalog,1476167242.8183625,20752977.0714886,Jackson,-0.3594783879690547,-0.6801033475439516,GP,0.17031784104707715,0.21232518445467696,1.3403729496079573e+20,4.9147008152291764e+20
5.6,1.73,catalog,0.18,225.11887502209933,0.43,128.82183046666222,0.0946,catalog,1693368205.8374412,19328476.17094279,Selsis,-0.4982093113807326,-0.7328205736541609,log,0.07172807829242589,0.16519740054629517,1.2976992470097904e+19,4.758230572369231e+19
5.6,1.73,catalog,0.18,225.11887502209933,0.43,24.355103592354954,0.0946,catalog,3443282187.3971796,89143138.74226552,Jackson,-0.3609913118500174,-0.6579320892463422,GP,0.18023319838997387,0.9364141504003813,1.1023048797204632e+20,4.041784558975032e+20
5.6,1.73,catalog,0.18,225.11887502209933,0.43,16.24620895796884,0.0946,catalog,8405481090.571283,89279989.33656709,Selsis,-0.4290746532660589,-0.6440668316158455,GP,0.0629656116523191,0.15569862610587848,2.140529440257095e+19,7.848607947609347e+19
5.6,1.73,catalog,0.18,225.11887502209933,0.43,68.81966980343579,0.0946,catalog,2891844071.97236,50402929.06440518,Selsis,-0.3299688285034836,-0.6443552268826245,GP,0.10923002435250784,0.7771033854090867,6.941941676785999e+19,2.5453786148215328e+20
5.6,1.73,catalog,0.18,225.11887502209933,0.43,114.11129293979381,0.0946,catalog,2040606545.4394433,13452849.180043885,Selsis,-0.4585596150501462,-0.7461080421212624,linear,0.11784952790797895,0.40525925426315823,2.2161123839775777e+19,8.125745407917785e+19
5.6,1.73,catalog,0.18,225.11887502209933,0.43,13.836945007323758,0.0946,catalog,5821928522.106889,31216429.36212392,Jackson,-0.3424347565650206,-0.6692185980620295,GP,0.38229216459799575,0.7238052654927587,1.5376661399850824e+20,5.638109179945302e+20
5.6,1.73,catalog,0.18,225.11887502209933,0.43,8.299892251603985,0.0946,catalog,9608628346.400545,75661081.46541229,Jackson,-0.3623910265884066,-0.7703808548509448,log,0.130176346864049,0.09185138016664873,6.756390584718601e+19,2.47734321439682e+20
5.6,1.73,catalog,0.18,225.11887502209933,0.43,22.138756185323977,0.0946,catalog,3755382910.242387,84753198.89212903,Jackson,-0.35649600522795555,-0.7009160772807466,log,0.19835350221190953,0.7250582877384693,7.1776908263850566e+19,2.6318199696745205e+20
5.6,1.73,catalog,0.18,225.11887502209933,0.43,136.4719478182306,0.0946,catalog,250110536.49377558,35417820.02673689,Selsis,-0.46129150884073805,-0.7994741479880966,GP,0.37475634294385374,0.5119113773190804,6.896871831596123e+18,2.5288530049185784e+19
5.6,1.73,catalog,0.18,225.11887502209933,0.43,32.16017489492583,0.0946,catalog,4987465141.311284,7062134.499869916,Selsis,-0.3527817197068583,-0.7612826481983318,log,0.13326909332952336,0.9003783853388477,4.021046580361778e+19,1.4743837461326519e+20
5.6,1.73,catalog,0.18,225.11887502209933,0.43,57.95420150242921,0.0946,catalog,3262893656.5473266,66906941.47570528,Selsis,-0.33786475009877875,-0.6736531768334789,linear,0.3825370676152892,0.18839841724395645,7.244138394806858e+19,2.6561840780958476e+20
5.6,1.73,catalog,0.18,225.11887502209933,0.43,32.35300000128755,0.0946,catalog,4965478645.327097,74210207.10239106,Selsis,-0.39232974252768277,-0.6251276989593741,linear,0.06845912072733766,0.10935607797500146,3.2428703782963147e+19,1.189052472041982e+20
5.6,1.73,catalog,0.18,225.11887502209933,0.43,75.27580552577683,0.0946,catalog,2716580219.3915596,42977452.91050556,Selsis,-0.4251195497427401,-0.7901943402827952,linear,0.11582789439668409,0.19622029848486577,1.8834261512735433e+19,6.905895888002992e+19
5.6,1.73,catalog,0.18,225.11887502209933,0.43,247.9699292691586,0.0946,catalog,451567894.5664708,58726663.550169066,Jackson,-0.4633579331566013,-0.6882894415651339,linear,0.06218666309310397,0.07857536724937997,4.783217137634591e+19,1.7538462837993498e+20
5.6,1.73,catalog,0.18,225.11887502209933,0.43,30.97785856211127,0.0946,catalog,2775517478.393842,98749778.25488424,Jackson,-0.4362086844756371,-0.6726449959789939,log,0.1819280370443251,0.9801505408617438,4.113351471607503e+19,1.508228872922751e+20
5.6,1.73,catalog,0.18,225.11887502209933,0.43,15.51203679507634,0.0946,catalog,5223418049.315892,25254861.33660628,Jackson,-0.33195776026044543,-0.6135218037634508,GP,0.45316051819260333,0.1228566259112791,1.9157072724288415e+20,7.024259998905753e+20
5.6,1.73,catalog,0.18,225.11887502209933,0.43,58.18082750666223,0.0946,catalog,3253915105.745142,57724791.68612584,Selsis,-0.40993184059982374,-0.6689712410710087,log,0.22694563791574315,0.20085094559469385,1.6898093124461773e+19,6.195967478969316e+19
5.6,1.73,catalog,0.18,225.11887502209933,0.43,109.19777035150551,0.0946,catalog,2102713404.9931605,61485080.94270161,Selsis,-0.34540308676148335,-0.7793934595058524,log,0.21137110688960384,0.8096857472763892,2.3915287547824447e+19,8.76893876753563e+19
5.6,1.73,catalog,0.18,225.11887502209933,0.43,48.457061643719946,0.0946,catalog,3705265808.367497,55361612.40642185,Selsis,-0.3371799085003329,-0.770651151491104,linear,0.09486994232987493,0.2467543957017866,5.970635921859263e+19,2.1892331713483964e+20
5.6,1.73,catalog,0.18,225.11887502209933,0.43,14.190945904635692,0.0946,catalog,5683389137.971909,87043826.23643577,Jackson,-0.3516825506926563,-0.6728471742226004,log,0.4266549247798961,0.2222933401905378,7.789721562533193e+19,2.856231239595504e+20
5.6,1.73,catalog,0.18,225.11887502209933,0.43,64.59695244099797,0.0946,catalog,1468196142.4610999,60895745.660289526,Jackson,-0.35182154678975136,-0.7568760646473535,GP,0.14808285847736727,0.6723097804076843,1.158924104627195e+20,4.2493883836330476e+20
5.6,1.73,catalog,0.18,225.11887502209933,0.43,30.06492067099013,0.0946,catalog,5244358567.482087,51281112.21673771,Selsis,-0.36562219504826865,-0.6143389050245424,linear,0.0924638680534883,0.3987652304398289,6.38691286577789e+19,2.3418680507852263e+20
5.6,1.73,catalog,0.18,225.11887502209933,0.43,15.348401713125108,0.0946,catalog,5276006483.340538,13178487.639456142,Jackson,-0.385947164682983,-0.6158625598428228,log,0.4860377310166418,0.8354791538003123,9.609115872477885e+19,3.5233424865752246e+20
5.6,1.73,catalog,0.18,225.11887502209933,0.43,29.85038057136066,0.0946,catalog,2868573263.3382454,70617710.73004912,Jackson,-0.4564803288885407,-0.6102688279685573,GP,0.13246280219657758,0.6382693456625962,8.50095601750447e+19,3.117017206418306e+20
5.6,1.73,catalog,0.18,225.11887502209933,0.43,12.131323326426031,0.0946,catalog,10612225056.421986,14078628.787975337,Selsis,-0.31458325487719296,-0.7414094784375613,log,0.11761669908277597,0.2882147170844769,8.033780962082624e+19,2.9457196860969622e+20
5.6,1.73,catalog,0.18,225.11887502209933,0.43,17.500186349586794,0.0946,catalog,7929267642.5691,3630419.4430581424,Selsis,-0.28786188205272906,-0.6566100184079368,log,0.05419151239705811,0.5979232756196964,2.0790258279199955e+20,7.623094702373317e+20
5.6,1.73,catalog,0.18,225.11887502209933,0.43,80.88371338136652,0.0946,catalog,2584418762.469341,49364585.143282756,Selsis,-0.3973735055679634,-0.6673972186130301,linear,0.07538153512238698,0.8664616215478925,2.5725147218573615e+19,9.432553980143659e+19
5.6,1.73,catalog,0.18,225.11887502209933,0.43,168.8578105321491,0.0946,catalog,664302731.4682988,57672081.9426255,Jackson,-0.29468747370537574,-0.7928792437324457,GP,0.3222265781673053,0.3644829605524619,1.814521009710147e+20,6.653243702270539e+20
5.6,1.73,catalog,0.18,225.11887502209933,0.43,80.70606667698063,0.0946,catalog,2588358361.6359673,99906352.07601412,Selsis,-0.28044120170087766,-0.7468869847307441,log,0.15193754644273005,0.7364707215242334,1.7476475135919656e+20,6.40804088317054e+20
5.6,1.73,catalog,0.18,225.11887502209933,0.43,111.32550686915027,0.0946,catalog,2075236527.6448686,71520352.65107335,Selsis,-0.39303689923111945,-0.7586466540641064,linear,0.45065555759447434,0.41583298037715377,1.7496055881735797e+19,6.415220489969792e+19
5.6,1.73,catalog,0.18,225.11887502209933,0.43,19.600386879951543,0.0946,catalog,4199551914.006323,85010441.70253016,Jackson,-0.34064181777500707,-0.725838279652332,log,0.0606534917243161,0.5430733977784997,8.242624319555794e+19,3.022295583837124e+20
5.6,1.73,catalog,0.18,225.11887502209933,0.43,15.984594667419865,0.0946,catalog,8513656360.551657,35292415.86404478,Selsis,-0.35836612558488506,-0.609389256690955,GP,0.20649685742867463,0.7337000277982368,5.831601167066382e+19,2.1382537612576735e+20
5.6,1.73,catalog,0.18,225.11887502209933,0.43,18.448181105218413,0.0946,catalog,7609642815.461711,51382553.57541679,Selsis,-0.4478017404798356,-0.6308796722083323,GP,0.2623941521357078,0.06052737130984387,2.61224444488445e+19,9.578229631242984e+19
5.6,1.73,catalog,0.18,225.11887502209933,0.43,32.4861615010014,0.0946,catalog,2660941425.3775043,97452630.0755237,Jackson,-0.48964032237404986,-0.7413150817263446,linear,0.20900329396631187,0.45494952234169117,4.64356897700508e+19,1.702641958235196e+20
5.6,1.73,catalog,0.18,225.11887502209933,0.43,26.87070701571184,0.0946,catalog,3151404645.0667014,42321466.662134856,Jackson,-0.4002618315416195,-0.6939936937801354,log,0.16937431993567814,0.09521351599261951,6.159239327662023e+19,2.258387753476075e+20
5.6,1.73,catalog,0.18,225.11887502209933,0.43,81.6100729826471,0.0946,catalog,1206133043.3584135,80921752.055436,Jackson,-0.32681490057282014,-0.7615467756826676,GP,0.18935131462293942,0.7250055444720932,1.4025372794013545e+20,5.1426366911383e+20
5.6,1.73,catalog,0.18,225.11887502209933,0.43,20.854082182653098,0.0946,catalog,3966652217.539844,53072922.65670511,Jackson,-0.42847037420826667,-0.7445132015408124,GP,0.24463556550739274,0.607806265185139,7.115831071249298e+19,2.609138059458076e+20
5.6,1.73,catalog,0.18,225.11887502209933,0.43,104.93703995364983,0.0946,catalog,978981598.7134712,23172223.30147635,Jackson,-0.32742348133749943,-0.7869993501970232,log,0.36495015124826485,0.3269296603892784,1.1126147373408759e+20,4.079587370249878e+20
5.6,1.73,catalog,0.18,225.11887502209933,0.43,8.683839286073198,0.0946,catalog,9181517534.502935,58461445.0838774,Jackson,-0.3559436299681498,-0.6714786998166327,linear,0.10847125092819462,0.07628151339283551,1.0926732210791839e+20,4.006468477290341e+20
5.6,1.73,catalog,0.18,225.11887502209933,0.43,10.960633837246235,0.0946,catalog,7291373141.79453,22588140.80866183,Jackson,-0.3469809026001308,-0.6686158451007342,GP,0.144086763002951,0.9258024620299178,1.5316375711697895e+20,5.616004427622561e+20
5.6,1.73,catalog,0.18,225.11887502209933,0.43,101.53526316935304,0.0946,catalog,2209869357.973241,1299671.9976983715,Selsis,-0.4371370045569742,-0.6322996758393112,log,0.2162118988640993,0.315003720547662,3.1214664447415603e+19,1.1445376964052387e+20
5.6,1.73,catalog,0.18,225.11887502209933,0.43,31.02336879609654,0.0946,catalog,5122926276.238676,24353705.531860985,Selsis,-0.3965895757745297,-0.6256896373145492,log,0.1030827406709638,0.27537677739674027,3.060727469787608e+19,1.1222667389221228e+20
5.6,1.73,catalog,0.18,225.11887502209933,0.43,19.391242447701547,0.0946,catalog,4241345246.1990967,20121239.40315395,Jackson,-0.46002516399445226,-0.7679881201612555,GP,0.07546626743236588,0.10100497091758365,7.519925434141127e+19,2.7573059925184132e+20
5.6,1.73,catalog,0.18,225.11887502209933,0.43,23.071891063220182,0.0946,catalog,6405032353.668019,37721196.542743936,Selsis,-0.4457522838224602,-0.6513918107674026,log,0.4625287800270946,0.5773532090965804,1.9501538389633073e+19,7.150564076198793e+19
5.6,1.73,catalog,0.18,225.11887502209933,0.43,22.389447934140563,0.0946,catalog,3716978955.0815134,88971093.47711952,Jackson,-0.48023299051966867,-0.7730584734345336,log,0.07828866603007734,0.2656534553896135,3.169125638805502e+19,1.162012734228684e+20
5.6,1.73,catalog,0.18,225.11887502209933,0.43,99.21876001682946,0.0946,catalog,2245075418.0564847,39397454.286268905,Selsis,-0.47210985061483424,-0.7252569976508378,linear,0.08544823564543003,0.8428530822117779,1.622611695620268e+19,5.9495762172743156e+19
5.6,1.73,catalog,0.18,225.11887502209933,0.43,17.804781274151537,0.0946,catalog,4590541509.87908,84673575.12160811,Jackson,-0.453687034554916,-0.6968926856881558,GP,0.20780505354483822,0.6827667836268154,5.826505166722297e+19,2.1363852277981754e+20
5.6,1.73,catalog,0.18,225.11887502209933,0.43,66.23310482615106,0.0946,catalog,1437453299.1522584,56005688.993026555,Jackson,-0.37234847349731587,-0.7901060171825849,log,0.05975005566981324,0.003914905809406677,6.448551028624802e+19,2.3644687104957605e+20
5.6,1.73,catalog,0.18,225.11887502209933,0.43,37.73779943962911,0.0946,catalog,4436992876.61227,1753855.7180341268,Selsis,-0.4029335536995193,-0.7686472576909091,GP,0.05407763101366078,0.5656746116660285,4.141912438397873e+19,1.5187012274125534e+20
5.6,1.73,catalog,0.18,225.11887502209933,0.43,98.42927369624387,0.0946,catalog,2257402140.2607822,19684934.5774183,Selsis,-0.44127330723557634,-0.7457767800019924,linear,0.05794068270860658,0.23183467681972914,2.2185754822694146e+19,8.134776768321187e+19
5.6,1.73,catalog,0.18,225.11887502209933,0.43,15.464665775369442,0.0946,catalog,5238525300.990876,93196526.47559561,Jackson,-0.3105552616825084,-0.7744915340731622,GP,0.06641002597760028,0.015367120027799941,1.6844442448851252e+20,6.176295564578792e+20
5.6,1.73,catalog,0.18,225.11887502209933,0.43,11.581577349728098,0.0946,catalog,6910107372.988796,60813171.173574135,Jackson,-0.3844675079047631,-0.6131807455587334,log,0.13432809831214396,0.6193671629874459,7.867297557142295e+19,2.8846757709521748e+20
5.6,1.73,catalog,0.18,225.11887502209933,0.43,63.108056382290336,0.0946,catalog,1497490124.6479177,93025138.99865513,Jackson,-0.29691591580012544,-0.7423361623825767,linear,0.3374664848644033,0.20491436020542675,1.653523482624488e+20,6.062919436289789e+20
5.6,1.73,catalog,0.18,225.11887502209933,0.43,25.250009497464912,0.0946,catalog,3332855696.645989,31701882.010041837,Jackson,-0.3603077082989351,-0.6997656670982173,linear,0.10988588175535705,0.8996358099532292,1.1170282113773139e+20,4.095770108383484e+20
5.6,1.73,catalog,0.18,225.11887502209933,0.43,14.917141595251845,0.0946,catalog,5420244282.552834,71939675.44999154,Jackson,-0.4965267287636823,-0.6006931524148628,linear,0.13381395872906454,0.5733807409533367,7.737337701301314e+19,2.8370238238104814e+20
5.6,1.73,catalog,0.18,225.11887502209933,0.43,55.27798754958018,0.0946,catalog,1676226152.3783472,77430490.82982872,Jackson,-0.2990353479765471,-0.6866714646137512,linear,0.199168703894731,0.20918510972003623,1.7257781341342925e+20,6.327853158492406e+20
5.6,1.73,catalog,0.18,225.11887502209933,0.43,19.488379535745512,0.0946,catalog,4221822297.143218,97594260.67088929,Jackson,-0.3113580661502182,-0.717700845001583,log,0.10025693649876637,0.9791274396872415,1.1169418986083967e+20,4.0954536282307874e+20
5.6,1.73,catalog,0.18,225.11887502209933,0.43,30.087061809243245,0.0946,catalog,5241473877.898057,2799471.8337271092,Selsis,-0.3602403309882022,-0.6140415188151429,GP,0.13536546613350764,0.5464415666111155,7.175162863114939e+19,2.6308930498088108e+20
5.6,1.73,catalog,0.18,225.11887502209933,0.43,30.488067802466308,0.0946,catalog,2815112332.323749,95271484.29720137,Jackson,-0.38234981773922005,-0.7555004489266783,GP,0.12169750966108968,0.16547217212637522,7.884335297816142e+19,2.890922942532585e+20
5.6,1.73,catalog,0.18,225.11887502209933,0.43,11.455271403524748,0.0946,catalog,6984180941.874442,39767431.54281235,Jackson,-0.4003562638699113,-0.7640998518322585,GP,0.10986352920558971,0.517242170169074,8.77271360802725e+19,3.2166616562766584e+20
5.6,1.73,catalog,0.18,225.11887502209933,0.43,42.50557090185556,0.0946,catalog,4070799613.6619906,83961248.16874184,Selsis,-0.39392153393129703,-0.6929271261918433,log,0.12228218035444621,0.9593490582230992,1.6148562241452423e+19,5.9211394885325545e+19
5.6,1.73,catalog,0.18,225.11887502209933,0.43,17.300186521134517,0.0946,catalog,4715148057.433516,54926578.90388731,Jackson,-0.3307714590146831,-0.714539652433722,log,0.05129649774104733,0.42421023084221876,1.0187908634212088e+20,3.735566499211099e+20
5.6,1.73,catalog,0.18,225.11887502209933,0.43,46.302858728808104,0.0946,catalog,1951866321.2577996,56900304.76030318,Jackson,-0.38710884748108915,-0.640602784536907,linear,0.3847961095224701,0.425345511894738,9.33915331734873e+19,3.424356216361201e+20
5.6,1.73,catalog,0.18,225.11887502209933,0.43,128.82183046666233,0.0946,catalog,821404604.5380632,36578410.93045856,Selsis,-0.46127456628546304,-0.7915979917391266,linear,0.47458805347991495,0.46112672222479856,9.700590239840455e+18,3.5568830879414997e+19
5.6,1.73,catalog,0.18,225.11887502209933,0.43,110.73507899462368,0.0946,catalog,936572708.8044875,83018786.44744156,Jackson,-0.4872009352219416,-0.6764548351177561,log,0.36430589242986766,0.2801035511544888,3.5775663909383442e+19,1.3117743433440595e+20
5.6,1.73,catalog,0.18,225.11887502209933,0.43,9.80473822959443,0.0946,catalog,8135816271.241936,27137343.512945507,Jackson,-0.47223901921696726,-0.6578641714204247,GP,0.05066549363986198,0.16178361304365152,8.269307088043767e+19,3.0320792656160476e+20
5.6,1.73,catalog,0.18,225.11887502209933,0.43,10.40919714623439,0.0946,catalog,7669772309.394562,49731897.23168204,Jackson,-0.44468295605577507,-0.6056166478352066,linear,0.2817445675945523,0.5789277033684264,8.990587949327729e+19,3.2965489147535006e+20
5.6,1.73,catalog,0.18,225.11887502209933,0.43,22.55855006728929,0.0946,catalog,6516083634.472408,56457275.37798006,Selsis,-0.41909849328326454,-0.7708473599520329,linear,0.18709844452041482,0.8942001967175515,2.003631185594981e+19,7.34664768051493e+19
5.6,1.73,catalog,0.18,225.11887502209933,0.43,96.77647302653466,0.0946,catalog,2283772961.252808,74509588.24932136,Selsis,-0.30366847732145413,-0.7507513562581065,linear,0.06210762403220515,0.7357297419014195,1.478635456541765e+20,5.4216633406531384e+20
5.6,1.73,catalog,0.18,225.11887502209933,0.43,20.067630730893907,0.0946,catalog,4109341384.2183776,47691898.36711217,Jackson,-0.44740080891607303,-0.6135113536861515,linear,0.4283799533589447,0.0961874076375514,8.588955238192616e+19,3.1492835873372923e+20
5.6,1.73,catalog,0.18,225.11887502209933,0.43,24.377989527372556,0.0946,catalog,6142000892.175891,68348006.9851099,Selsis,-0.42968831723944234,-0.6738742309033399,linear,0.298666927043186,0.400848976055428,2.1038097227315724e+19,7.713968983349099e+19
5.6,1.73,catalog,0.18,225.11887502209933,0.43,29.668586084168858,0.0946,catalog,5296659172.058864,49044115.53844956,Selsis,-0.45093680130410974,-0.7923901934528977,linear,0.06986606615771171,0.0052958799055020656,1.7564382737875943e+19,6.4402736705545126e+19
5.6,1.73,catalog,0.18,225.11887502209933,0.43,61.3886426845291,0.0946,catalog,1533003000.3526397,66272743.05890087,Jackson,-0.3799367998846507,-0.7845311995488442,linear,0.4602686912958167,0.3079403858870764,7.945478536364235e+19,2.9133421300002193e+20
5.6,1.73,catalog,0.18,225.11887502209933,0.43,17.10678494569986,0.0946,catalog,8071615485.42302,67740204.14460666,Selsis,-0.3642409268152129,-0.6429118878744663,log,0.06686036715684208,0.6693765926140859,3.023877606522721e+19,1.1087551223916644e+20
5.6,1.73,catalog,0.18,225.11887502209933,0.43,55.059776980789856,0.0946,catalog,1681902148.7056766,71234714.49239515,Jackson,-0.3829319429826247,-0.6865051003087168,GP,0.1424458768193591,0.2902342834910102,9.139334748034657e+19,3.351089407612708e+20
5.6,1.73,catalog,0.18,225.11887502209933,0.43,52.35747819219413,0.0946,catalog,1755946033.45521,82506679.59217228,Jackson,-0.29059153673227317,-0.6869169036762253,linear,0.07210173859032848,0.8405583190951664,1.8813365329787794e+20,6.898233954255524e+20
5.6,1.73,catalog,0.18,225.11887502209933,0.43,17.269608086932223,0.0946,catalog,8011963087.995095,54531533.53503181,Selsis,-0.2810168361160927,-0.6240268713377429,linear,0.07065791197855907,0.4773842135407116,3.3226335227015456e+20,1.2182989583239e+21
5.6,1.73,catalog,0.18,225.11887502209933,0.43,48.043528975099896,0.0946,catalog,3728044377.565819,20134538.223119434,Selsis,-0.3157728822427761,-0.7517804161257544,GP,0.4642754746956638,0.6691681628399424,9.753996336006033e+19,3.576465323202212e+20
5.6,1.73,catalog,0.18,225.11887502209933,0.43,67.45929191993187,0.0946,catalog,2932509065.8362207,68284443.32028648,Selsis,-0.32283484812413354,-0.767913803635596,linear,0.18667784799202658,0.8838652232814834,9.407397685546018e+19,3.4493791513668734e+20
5.6,1.73,catalog,0.18,225.11887502209933,0.43,41.57216775876002,0.0946,catalog,4136552047.1868544,8634690.265724026,Selsis,-0.4194683891150861,-0.6772388104755839,GP,0.09081235161753727,0.6828103086494227,3.6531901733864444e+19,1.3395030635750295e+20
5.6,1.73,catalog,0.18,225.11887502209933,0.43,7.1346539548919266,0.0946,catalog,11207094645.821983,22676547.22365722,Jackson,-0.3724476286443604,-0.6235153804692233,log,0.29879228201701086,0.8973262042854727,9.610467158883649e+19,3.523837958257338e+20
5.6,1.73,catalog,0.18,225.11887502209933,0.43,128.82183046666222,0.0946,catalog,1551898937.7261302,79423595.33781512,Selsis,-0.4226760678312453,-0.7469498710664764,GP,0.3751581656025991,0.8080653559253039,9.82991187744809e+18,3.604301021730966e+19
5.6,1.73,catalog,0.18,225.11887502209933,0.43,13.484314983672636,0.0946,catalog,5967357541.830208,44071944.28867653,Jackson,-0.3274417138417774,-0.6637411270417296,linear,0.4135937250548633,0.5670642453943905,1.4730432125194455e+20,5.401158445904633e+20
5.6,1.73,catalog,0.18,225.11887502209933,0.43,28.102985740496514,0.0946,catalog,3027275716.838293,50306372.59747049,Jackson,-0.46219714939979606,-0.7695241936283452,linear,0.4285040937054943,0.2972331000174744,6.007113852345395e+19,2.2026084125266448e+20
5.6,1.73,catalog,0.18,225.11887502209933,0.43,128.82183046666233,0.0946,catalog,1576183135.9654658,98752294.92986947,Selsis,-0.45233222285517855,-0.7656182608341703,log,0.4023016688055008,0.2981424046513561,6.287246189304435e+18,2.3053236027449594e+19
5.6,1.73,catalog,0.18,225.11887502209933,0.43,24.308282908927797,0.0946,catalog,3449281375.6761293,24282076.099042874,Jackson,-0.49148730440853206,-0.6196979884274525,linear,0.21772204269207238,0.8753310898583561,8.612723833990565e+19,3.157998739129874e+20
5.6,1.73,catalog,0.18,225.11887502209933,0.43,45.1697015368471,0.0946,catalog,3896553020.0688596,2935722.2040575207,Selsis,-0.3660332718656417,-0.776407001018725,linear,0.1100111372199674,0.05388422973850182,4.86156948942069e+19,1.782575479454253e+20
5.6,1.73,catalog,0.18,225.11887502209933,0.43,97.46960396391928,0.0946,catalog,2272619308.691661,12025888.342266567,Selsis,-0.3485215830664295,-0.7951308926689611,GP,0.4212478349446262,0.9414368480968239,4.631137160280854e+19,1.698083625436313e+20
5.6,1.73,catalog,0.18,225.11887502209933,0.43,52.92741006322788,0.0946,catalog,3479396167.7173576,25205684.10642213,Selsis,-0.4992602970290967,-0.6450119103778431,linear,0.06629282590297038,0.3270598001921776,2.495466318791817e+19,9.150043168903329e+19
5.6,1.73,catalog,0.18,225.11887502209933,0.43,17.0615619625146,0.0946,catalog,4776669421.672816,72866082.41525045,Jackson,-0.3876271319212649,-0.7274980902949639,log,0.07375132368015179,0.7388710598134054,5.6208652496421495e+19,2.060983924868788e+20
5.6,1.73,catalog,0.18,225.11887502209933,0.43,39.43996047256902,0.0946,catalog,4297157282.014683,77806381.16649143,Selsis,-0.4170876015322498,-0.7206682895595738,GP,0.13576803888325978,0.33002975263744827,1.7593669188154145e+19,6.45101203565652e+19
5.6,1.73,catalog,0.18,225.11887502209933,0.43,14.204583708685554,0.0946,catalog,5678193506.588167,56983406.44739726,Jackson,-0.3256762279998711,-0.6400284910183609,linear,0.09608043188071547,0.9533013892331607,1.4960415564257762e+20,5.4854857068945126e+20
5.6,1.73,catalog,0.18,225.11887502209933,0.43,11.733648537823832,0.0946,catalog,6823118234.835877,26249593.471117977,Jackson,-0.49144403588029845,-0.7640128416845304,linear,0.20639673294500363,0.03647403015672579,6.5201194381724975e+19,2.390710460663249e+20
5.6,1.73,catalog,0.18,225.11887502209933,0.43,58.49483392751915,0.0946,catalog,3241576281.5265408,52652447.55815554,Selsis,-0.48931554846002273,-0.6699346116957928,log,0.4020424652158424,0.35331887664031647,1.2966022334357727e+19,4.7542081892644995e+19
5.6,1.73,catalog,0.18,225.11887502209933,0.43,26.60028276728709,0.0946,catalog,3180162248.8056903,2480798.0374594876,Jackson,-0.36355399828030643,-0.7372943342324731,linear,0.15488213646014806,0.8674610470272441,1.3002105104534653e+20,4.767438538329372e+20
5.6,1.73,catalog,0.18,225.11887502209933,0.43,49.19158861063026,0.0946,catalog,3665647195.0165973,68498293.33143784,Selsis,-0.36983945199245194,-0.7791463078706312,GP,0.1789948755612328,0.2740565391369737,2.5156227121346396e+19,9.223949944493679e+19
5.6,1.73,catalog,0.18,225.11887502209933,0.43,18.782029185509614,0.0946,catalog,4368415760.97357,61815457.98550762,Jackson,-0.3171601949404378,-0.6625007902059824,linear,0.13246578982943646,0.2756194765932758,1.5433649350310923e+20,5.6590047617806716e+20
5.6,1.73,catalog,0.18,225.11887502209933,0.43,128.82183046666222,0.0946,catalog,1477332640.180505,3157857.3987728143,Selsis,-0.3697012843853806,-0.7362671730898128,linear,0.25499940337531996,0.8987518160686162,3.838994236530278e+19,1.407631220061102e+20
5.6,1.73,catalog,0.18,225.11887502209933,0.43,31.764407665815014,0.0946,catalog,2714438575.777171,81884151.72964676,Jackson,-0.2911384177098697,-0.6266791791439859,linear,0.06304618095793435,0.8305822531725856,2.0336298531002512e+20,7.45664279470092e+20
5.6,1.73,catalog,0.18,225.11887502209933,0.43,125.71998901995202,0.0946,catalog,1826301550.5474532,76579226.98105006,Selsis,-0.43083537870842714,-0.6161928699536198,linear,0.05591906359989257,0.10577119529638923,1.9179220744264688e+19,7.032380939563718e+19
5.6,1.73,catalog,0.18,225.11887502209933,0.43,67.43629913665742,0.0946,catalog,2933208752.5865636,31514150.811263,Selsis,-0.41245729059094394,-0.6301896476158094,linear,0.2189316140021868,0.5801799098693466,3.2456270198037082e+19,1.190063240594693e+20
5.6,1.73,catalog,0.18,225.11887502209933,0.43,12.010578527946844,0.0946,catalog,10698574481.890366,63902288.41259829,Selsis,-0.2849115733693584,-0.7355296505129076,log,0.17133597073481474,0.22339518833992555,1.751420623121103e+20,6.421875618110711e+20
5.6,1.73,catalog,0.18,225.11887502209933,0.43,36.90704086827555,0.0946,catalog,4509434644.348677,60547803.383032344,Selsis,-0.47634466645820883,-0.7526834751280688,log,0.12774032987954334,0.215138271764858,1.1269873382842049e+19,4.1322869070420845e+19
5.6,1.73,catalog,0.18,225.11887502209933,0.43,59.428279967486795,0.0946,catalog,3205577404.406022,15174847.643460156,Selsis,-0.3249009322968185,-0.62143987151844,log,0.10788539257238013,0.6154039869035625,8.512000702574992e+19,3.1210669242774965e+20
5.6,1.73,catalog,0.18,225.11887502209933,0.43,40.37445032520803,0.0946,catalog,4224898064.9798956,20132670.810322218,Selsis,-0.4974548827747031,-0.7094106032247077,linear,0.056334889705858614,0.12386616416501262,2.237233135438126e+19,8.203188163273128e+19
5.6,1.73,catalog,0.18,225.11887502209933,0.43,30.694144495978644,0.0946,catalog,5163858748.333472,68637407.48658483,Selsis,-0.3929670851312625,-0.6584520552883969,linear,0.23962171202778004,0.469779001002976,2.7968276730141123e+19,1.0255034801051745e+20
5.6,1.73,catalog,0.18,225.11887502209933,0.43,53.94078920735506,0.0946,catalog,3432882351.757149,93421612.98073085,Selsis,-0.46625148577889164,-0.6345671597178731,linear,0.13195855164527098,0.25582173426288,1.8053378314324052e+19,6.6195720485854855e+19
5.6,1.73,catalog,0.18,225.11887502209933,0.43,25.331381496493762,0.0946,catalog,3323198116.794942,58052147.74917656,Jackson,-0.3682504251798257,-0.7444626690264355,linear,0.13939206241170285,0.8539224725773574,9.234952151731043e+19,3.3861491223013825e+20
5.6,1.73,catalog,0.18,225.11887502209933,0.43,16.225568247623713,0.0946,catalog,5006723653.666441,57213501.41039494,Jackson,-0.32440260666427784,-0.776180514413042,GP,0.3912144212829636,0.554494232368132,1.577650089423872e+20,5.784716994554197e+20
5.6,1.73,catalog,0.18,225.11887502209933,0.43,128.82183046666222,0.0946,catalog,1206506489.237252,65021487.77568001,Selsis,-0.4927306934828488,-0.6750344873313429,linear,0.273223397139336,0.21510883126161517,8.868856467903888e+18,3.2519140382314254e+19
5.6,1.73,catalog,0.18,225.11887502209933,0.43,42.03674869477229,0.0946,catalog,4103498736.276711,44617251.71763475,Selsis,-0.46397000014981604,-0.6819615488473549,linear,0.08287301764235272,0.9264656527218054,2.002752035819435e+19,7.343424131337927e+19
5.6,1.73,catalog,0.18,225.11887502209933,0.43,20.297160849363365,0.0946,catalog,4066551907.164639,6363032.306633031,Jackson,-0.4246257161443815,-0.7459599854682849,log,0.22705783935226403,0.8228965304067517,6.7500095799124165e+19,2.4750035126345525e+20
5.6,1.73,catalog,0.18,225.11887502209933,0.43,13.445412566141004,0.0946,catalog,5983881475.663983,40253880.825745024,Jackson,-0.4437242275117517,-0.6830586557229316,linear,0.06779931761931632,0.26529223036591365,7.286749539905728e+19,2.6718081646321002e+20
5.6,1.73,catalog,0.18,225.11887502209933,0.43,7.0222179614714975,0.0946,catalog,11391525074.271372,90124968.80167107,Jackson,-0.4156916242426239,-0.6419285491043314,log,0.07816887689285577,0.9610509078041118,5.295854354952204e+19,1.941813263482475e+20
5.6,1.73,catalog,0.18,225.11887502209933,0.43,23.734078411218352,0.0946,catalog,6268341648.482801,80689733.2387633,Selsis,-0.29058897404016065,-0.7299978035311745,log,0.25889236633061724,0.2677389171420461,1.4630194406612251e+20,5.364404615757825e+20
5.6,1.73,catalog,0.18,225.11887502209933,0.43,47.8135164529594,0.0946,catalog,3740865787.922231,92814933.28912947,Selsis,-0.4777346519631471,-0.7515364562148856,GP,0.06681291537833729,0.2926431220469764,1.2713878156162968e+19,4.6617553239264215e+19
5.6,1.73,catalog,0.18,225.11887502209933,0.43,123.31505507452724,0.0946,catalog,1891309012.1256523,16130326.928108647,Selsis,-0.4068779360935301,-0.6549997572780888,linear,0.09531559334116439,0.3859633543047778,3.0502645283500483e+19,1.1184303270616844e+20
5.6,1.73,catalog,0.18,225.11887502209933,0.43,38.10364578947805,0.0946,catalog,4405992586.586663,51089817.94684412,Selsis,-0.3994398982463318,-0.642825596663641,linear,0.39539417989748143,0.16480522045456747,3.079235968854995e+19,1.1290531885801647e+20
5.6,1.73,catalog,0.18,225.11887502209933,0.43,20.836605245422877,0.0946,catalog,6925376339.015502,58888087.326481424,Selsis,-0.4383247485975842,-0.609142112426216,GP,0.27370673408798835,0.6870161387127679,2.9505416918857912e+19,1.08186528702479e+20
5.6,1.73,catalog,0.18,225.11887502209933,0.43,14.507056242252144,0.0946,catalog,9193315829.167765,21782625.489304468,Selsis,-0.43872855730873467,-0.7704828354165059,log,0.42503972506173515,0.5573373258277937,1.885554130909743e+19,6.913698480002391e+19
5.6,1.73,catalog,0.18,225.11887502209933,0.43,11.467061133169041,0.0946,catalog,6977195018.701597,20896053.68762804,Jackson,-0.3427545244151495,-0.622147179622361,linear,0.3808933113208703,0.8944624815519232,1.531329040484941e+20,5.614873148444783e+20
5.6,1.73,catalog,0.18,225.11887502209933,0.43,49.88506122209261,0.0946,catalog,1830422421.0153432,78421260.33163743,Jackson,-0.36407435461678384,-0.6469802377620195,log,0.10269503004728632,0.2408752256465332,7.39709480127613e+19,2.7122680938012475e+20
5.6,1.73,catalog,0.18,225.11887502209933,0.43,15.122217350644913,0.0946,catalog,5350608273.722897,67513339.78816845,Jackson,-0.32117695565870635,-0.6596200184138225,log,0.21446056154665943,0.17023088659919938,1.14710393457382e+20,4.2060477601040066e+20
5.6,1.73,catalog,0.18,225.11887502209933,0.43,10.314936865382153,0.0946,catalog,7738686945.483441,65071566.144700855,Jackson,-0.41088389105482853,-0.7373892741619243,GP,0.11958196414152922,0.3586233926795297,7.45929146898432e+19,2.735073538627584e+20
5.6,1.73,catalog,0.18,225.11887502209933,0.43,15.681754144517459,0.0946,catalog,5170056281.246141,27431758.34031848,Jackson,-0.36652357406447195,-0.7955614097623692,GP,0.24892833597029304,0.1461086835080887,1.162771645734472e+20,4.2634960343597305e+20
5.6,1.73,catalog,0.18,225.11887502209933,0.43,16.0576436389007,0.0946,catalog,5055958215.564542,51170173.00047348,Jackson,-0.3034106090498314,-0.6984899011761115,log,0.11153907177570467,0.9461510281666101,1.407869239878618e+20,5.162187212888266e+20
5.6,1.73,catalog,0.18,225.11887502209933,0.43,49.965867217198664,0.0946,catalog,3625007754.9860926,3283925.3954434553,Selsis,-0.3127077362223952,-0.7428461247028568,linear,0.05015189830736575,0.7174466968694084,1.5244499234224783e+20,5.589649719215754e+20
5.6,1.73,catalog,0.18,225.11887502209933,0.43,35.27045133834949,0.0946,catalog,4661088721.663977,13864659.207442364,Selsis,-0.29759485365000904,-0.7420357962146618,GP,0.062073783835467945,0.7961916546491633,1.9541638078416627e+20,7.16526729541943e+20
5.6,1.73,catalog,0.18,225.11887502209933,0.43,31.60685393891789,0.0946,catalog,2726434686.593693,52306835.41331833,Jackson,-0.44082549504379054,-0.6145722845614693,linear,0.29510891580048815,0.7480436233720882,8.473304200343948e+19,3.106878206792781e+20
5.6,1.73,catalog,0.18,225.11887502209933,0.43,58.04616269119968,0.0946,catalog,1607773209.0950027,31657555.287559368,Jackson,-0.2832073394029336,-0.7694062215893582,GP,0.0606701752042841,0.24281917477268689,2.5965652455623924e+20,9.520739233728772e+20
5.6,1.73,catalog,0.18,225.11887502209933,0.43,11.496673033507541,0.0946,catalog,6959714303.327552,96601305.93275514,Jackson,-0.32039421859628836,-0.6131535240818892,log,0.1987891549680071,0.14065663802023654,1.1871811859617743e+20,4.3529976818598386e+20
5.6,1.73,catalog,0.18,225.11887502209933,0.43,8.443192515100673,0.0946,catalog,9444397577.066141,47676987.60343405,Jackson,-0.3251422826709133,-0.699238657997852,log,0.3603699061780671,0.4294335830094489,1.1267290320257358e+20,4.1313397840943645e+20
5.6,1.73,catalog,0.18,225.11887502209933,0.43,19.15143912149557,0.0946,catalog,7391673631.249602,9272851.479328215,Selsis,-0.353132707789095,-0.6323441447878126,GP,0.27546805409739844,0.8290191217744813,6.582830333126494e+19,2.4137044554797144e+20
5.6,1.73,catalog,0.18,225.11887502209933,0.43,67.27496061388052,0.0946,catalog,2938130217.67359,2766392.3782759295,Selsis,-0.28368104585814563,-0.7432824857116179,log,0.12954146348515683,0.3305153286007685,1.9719367192699096e+20,7.230434637323002e+20
5.6,1.73,catalog,0.18,225.11887502209933,0.43,128.82183046666222,0.0946,catalog,1648659456.4346356,72800529.51091947,Selsis,-0.40285608982977433,-0.6732158671830529,log,0.08083030538861335,0.00956294222831433,1.1012627152117438e+19,4.037963289109728e+19
5.6,1.73,catalog,0.18,225.11887502209933,0.43,89.71681802752596,0.0946,catalog,2405851429.1643977,17979167.066981077,Selsis,-0.33686135295226965,-0.6886823208553167,linear,0.41831890507007535,0.6600607021214705,7.990350908650347e+19,2.9297953331717938e+20
5.6,1.73,catalog,0.18,225.11887502209933,0.43,21.446369428220695,0.0946,catalog,6773484855.473451,19593424.531500842,Selsis,-0.3462615166425253,-0.6151667821164332,log,0.18423395958253458,0.2000630708531641,5.906186535138862e+19,2.165601729550916e+20
5.6,1.73,catalog,0.18,225.11887502209933,0.43,17.068379006825474,0.0946,catalog,4774887733.626949,42956915.041426435,Jackson,-0.3389404405816456,-0.7641403146315158,linear,0.12717157898616863,0.54283516239164,1.2320989801685176e+20,4.517696260617897e+20
5.6,1.73,catalog,0.18,225.11887502209933,0.43,12.892609548337713,0.0946,catalog,10103432048.42537,27141998.326193,Selsis,-0.33467774088276353,-0.7590860220515041,linear,0.43755001529568843,0.014880050025618874,7.699746080095096e+19,2.823240229368202e+20
5.6,1.73,catalog,0.18,225.11887502209933,0.43,66.34540766479725,0.0946,catalog,2966894556.3840675,62041130.894872755,Selsis,-0.45803370395333304,-0.610207120109291,linear,0.08203284018880057,0.5088498556215773,2.473626292246347e+19,9.069963071569938e+19
5.6,1.73,catalog,0.18,225.11887502209933,0.43,19.89042628852186,0.0946,catalog,4143053595.951021,49083558.215152614,Jackson,-0.4232086766654715,-0.780407075842779,log,0.13843690355742203,0.39360848576720964,4.883029995308178e+19,1.7904443316129985e+20
5.6,1.73,catalog,0.18,225.11887502209933,0.43,13.221296116292612,0.0946,catalog,6081023652.944146,12033609.546245778,Jackson,-0.41370412091830094,-0.6730635061912007,GP,0.06421192850952188,0.8804119869827003,1.051512673187472e+20,3.855546468354064e+20
5.6,1.73,catalog,0.18,225.11887502209933,0.43,103.83722906783655,0.0946,catalog,2176238569.0610914,78689343.9430354,Selsis,-0.3354400409244084,-0.7878871773569495,linear,0.06665769091793157,0.72181379944403,5.204189889434134e+19,1.9082029594591825e+20
5.6,1.73,catalog,0.18,225.11887502209933,0.43,12.625880095026542,0.0946,catalog,10275033817.381084,43160026.58701056,Selsis,-0.34242544534175307,-0.7846018383758794,linear,0.1251890259427294,0.03602815490289557,5.5895612217005466e+19,2.0495057812902003e+20
5.6,1.73,catalog,0.18,225.11887502209933,0.43,18.124864569234315,0.0946,catalog,4515128535.086403,61472597.63934076,Jackson,-0.3166594348481418,-0.6805702514196557,log,0.25039771437235225,0.7895223966388268,1.1914690607738759e+20,4.3687198895042114e+20
5.6,1.73,catalog,0.18,225.11887502209933,0.43,248.8803193971993,0.0946,catalog,396434779.3057824,1390290.9207354907,Jackson,-0.32652578526412607,-0.6897264075691882,linear,0.10910984742903153,0.7912274543756607,1.2038786380429215e+20,4.4142216728240456e+20
5.6,1.73,catalog,0.18,225.11887502209933,0.43,174.35420915306727,0.0946,catalog,647377530.7243507,63013603.31021717,Jackson,-0.36887254653432966,-0.6853947602492815,linear,0.24466281989008934,0.6634095483331148,8.52322167100126e+19,3.125181279367129e+20
5.6,1.73,catalog,0.18,225.11887502209933,0.43,10.370876312188203,0.0946,catalog,7697631049.954516,29002135.84606251,Jackson,-0.46921133297276263,-0.7052695806900114,log,0.3192717359301969,0.9292967359036619,5.082813192564822e+19,1.8636981706071012e+20
5.6,1.73,catalog,0.18,225.11887502209933,0.43,34.52393457108878,0.0946,catalog,4734551488.943181,49942703.57778936,Selsis,-0.3601998429688797,-0.6515281318836791,log,0.3771793597621987,0.8032535276661361,3.2000901133542654e+19,1.173366374896564e+20
5.6,1.73,catalog,0.18,225.11887502209933,0.43,25.411537602755885,0.0946,catalog,5951564544.900575,30474339.778307684,Selsis,-0.3048469575997546,-0.6015622927270202,linear,0.05542293342462122,0.21889866460195428,2.41762893137234e+20,8.864639415031914e+20
5.6,1.73,catalog,0.18,225.11887502209933,0.43,12.89512867176439,0.0946,catalog,6228612749.970738,99629813.71958204,Jackson,-0.35850164005425916,-0.7448437507219289,linear,0.296962533242625,0.3815458850243225,8.796530170831105e+19,3.225394395971405e+20
5.6,1.73,catalog,0.18,225.11887502209933,0.43,26.229985363494034,0.0946,catalog,3220490273.205433,23853389.156450726,Jackson,-0.30296218571289685,-0.7353120665370103,linear,0.07016364241928678,0.3499232224363732,1.9067551428847944e+20,6.991435523910912e+20
5.6,1.73,catalog,0.18,225.11887502209933,0.43,21.884885942290847,0.0946,catalog,6669105926.284159,91373100.5474364,Selsis,-0.28020833600988215,-0.735390091531357,GP,0.24959294053417933,0.5049078164394036,2.8955138039788424e+20,1.0616883947922422e+21
5.6,1.73,catalog,0.18,225.11887502209933,0.43,8.741074594544992,0.0946,catalog,9121249667.116392,91878696.55116177,Jackson,-0.42097550873482276,-0.6473462107388295,log,0.1176609823365939,0.9537136201976354,5.00533582944373e+19,1.8352898041293675e+20
5.6,1.73,catalog,0.18,225.11887502209933,0.43,128.82183046666233,0.0946,catalog,1719965952.825671,42679064.6405024,Selsis,-0.3408762672434728,-0.7303968997752543,GP,0.2551310415569074,0.6155983684478118,3.5085802811103977e+19,1.2864794364071458e+20
5.6,1.73,catalog,0.18,225.11887502209933,0.43,25.834209626735124,0.0946,catalog,5877727588.9895935,31096308.43681227,Selsis,-0.38120910082788884,-0.6646525864834699,linear,0.08180771244663947,0.3129390594201288,3.827330066697681e+19,1.4033543577891498e+20
5.6,1.73,catalog,0.18,225.11887502209933,0.43,75.07514501656979,0.0946,catalog,2721628303.9859138,38722519.14298032,Selsis,-0.3999062038442036,-0.7108224885976142,GP,0.22078050543198632,0.9415177383854386,2.4906000458778653e+19,9.132200168218839e+19
5.6,1.73,catalog,0.18,225.11887502209933,0.43,65.15096712787111,0.0946,catalog,3004912989.4305253,98944569.651788,Selsis,-0.44722924268765857,-0.6784390665953975,linear,0.06675504475361299,0.7002714728296972,1.4957207909252729e+19,5.484309566726001e+19
5.6,1.73,catalog,0.18,225.11887502209933,0.43,58.84974430182998,0.0946,catalog,3227770202.0628138,62260826.506423004,Selsis,-0.4458987888808952,-0.6341969254390202,GP,0.07391210175445256,0.2660805234820034,2.12084576115275e+19,7.776434457560084e+19
5.6,1.73,catalog,0.18,225.11887502209933,0.43,19.184058946148983,0.0946,catalog,7381925214.204072,54933243.54424322,Selsis,-0.4593060969128064,-0.6971882624891589,GP,0.20579363081998922,0.9065127688022294,1.851624380591236e+19,6.789289395501198e+19
5.6,1.73,catalog,0.18,225.11887502209933,0.43,128.82183046666222,0.0946,catalog,674406271.5664265,4555870.252603304,Selsis,-0.3610736285702329,-0.7049653598306589,log,0.1085779145641776,0.34421289780276565,2.53475594409638e+19,9.294105128353394e+19
5.6,1.73,catalog,0.18,225.11887502209933,0.43,25.363684828291532,0.0946,catalog,3319381223.697633,84936460.00930555,Jackson,-0.46874831873851736,-0.7466050832789394,GP,0.25278312441476386,0.5162112755844842,5.083773266616889e+19,1.8640501977595262e+20
5.6,1.73,catalog,0.18,225.11887502209933,0.43,15.827358279084102,0.0946,catalog,5125204848.139895,9296740.124912702,Jackson,-0.40509497664024885,-0.6968190836360433,GP,0.24217507323328116,0.4792228456897505,1.0764622274637023e+20,3.947028167366908e+20
5.6,1.73,catalog,0.18,225.11887502209933,0.43,128.82183046666233,0.0946,catalog,1391123037.999122,5650264.336403753,Selsis,-0.3848666873601173,-0.7475175454180792,GP,0.20922038387140868,0.923630873299187,3.2619600266133578e+19,1.1960520097582311e+20
5.6,1.73,catalog,0.18,225.11887502209933,0.43,13.055303817599244,0.0946,catalog,6155185272.684784,28210950.52568121,Jackson,-0.4035884150184267,-0.6312859588564083,linear,0.2688503124701265,0.2656633594009844,1.0137217274539205e+20,3.716979667331042e+20
5.6,1.73,catalog,0.18,225.11887502209933,0.43,14.33569921033406,0.0946,catalog,9280680533.836931,48103071.9006943,Selsis,-0.3119155070357384,-0.7222271946276833,linear,0.31110374923781675,0.3333067468663127,1.41707863807609e+20,5.1959550062789965e+20
5.6,1.73,catalog,0.18,225.11887502209933,0.43,68.78671819964809,0.0946,catalog,1392257058.3286881,89633607.04043564,Jackson,-0.40250274084535076,-0.7741784736330093,GP,0.40774935883578867,0.66016018333731,6.6970740342418326e+19,2.4555938125553385e+20
5.6,1.73,catalog,0.18,225.11887502209933,0.43,121.58414759279192,0.0946,catalog,1940388348.7584293,79217801.10920101,Selsis,-0.48177693954785344,-0.752006494414728,GP,0.06018466310404246,0.8866157029136872,9.751573907162485e+18,3.575577099292911e+19
5.6,1.73,catalog,0.18,225.11887502209933,0.43,12.118890759364449,0.0946,catalog,10621040104.044695,20565582.306078453,Selsis,-0.2817161009420176,-0.6930837065065487,log,0.18643138206012935,0.11488409066885352,2.1392537413064763e+20,7.843930384790412e+20
5.6,1.73,catalog,0.18,225.11887502209933,0.43,101.47252135707441,0.0946,catalog,2210804503.6949677,37835873.31430038,Selsis,-0.31410360996675324,-0.6167424968340495,linear,0.2803798751079459,0.20988351890545454,1.7033667406652696e+20,6.245678049105989e+20
5.6,1.73,catalog,0.18,225.11887502209933,0.43,71.20647843465635,0.0946,catalog,1352277984.1543503,78243786.19726938,Jackson,-0.35479043321068005,-0.7398877002850441,log,0.08239701162810953,0.9480344824842295,7.027818586820208e+19,2.5768668151674097e+20
5.6,1.73,catalog,0.18,225.11887502209933,0.43,8.50558866086655,0.0946,catalog,9374721983.280033,53182152.29944064,Jackson,-0.33360880342210636,-0.7471227591801377,log,0.09174684683699742,0.7772971044044306,9.815157931381483e+19,3.5988912415065434e+20
5.6,1.73,catalog,0.18,225.11887502209933,0.43,17.55106253406769,0.0946,catalog,7911295256.336041,18274702.260383848,Selsis,-0.47179804605393433,-0.7186880330379729,log,0.09245583999418307,0.346069767487883,1.8738017160263913e+19,6.8706062920967676e+19
5.6,1.73,catalog,0.18,225.11887502209933,0.43,17.043808664507687,0.0946,catalog,4781316152.1624365,40209465.06515501,Jackson,-0.33149874529730156,-0.6064491043415707,log,0.18676821830652857,0.3576348080796282,1.2679199239688185e+20,4.649039721219001e+20
5.6,1.73,catalog,0.18,225.11887502209933,0.43,19.543059353121365,0.0946,catalog,4210918301.870168,62967644.64646098,Jackson,-0.45429523282333906,-0.6309560651077292,GP,0.11618246133491646,0.46953387066633545,7.977529270411969e+19,2.9250940658177216e+20
5.6,1.73,catalog,0.18,225.11887502209933,0.43,9.369624384023293,0.0946,catalog,8510448619.290953,97349341.80607463,Jackson,-0.39242525149372537,-0.7700664097850617,log,0.23177401520421761,0.6737994997526939,4.7739063094968e+19,1.75043231348216e+20
5.6,1.73,catalog,0.18,225.11887502209933,0.43,17.83715052111677,0.0946,catalog,4582791069.722576,66519393.430784486,Jackson,-0.46084378634865764,-0.6772493425799472,GP,0.2038025840969171,0.561041104651366,6.524462335991204e+19,2.392302856530108e+20
5.6,1.73,catalog,0.18,225.11887502209933,0.43,35.1717985399376,0.0946,catalog,4670635675.31497,2603321.060908297,Selsis,-0.33416730784691784,-0.6416271593311931,linear,0.2270292620224041,0.7761199524984544,1.2774598094681747e+20,4.6840193013833066e+20
5.6,1.73,catalog,0.18,225.11887502209933,0.43,11.744571854234733,0.0946,catalog,6816959707.7050085,70795819.3866203,Jackson,-0.44589454628726166,-0.6463979317259525,GP,0.0893897291033981,0.0541667917801415,7.448727025224204e+19,2.731199909248875e+20
5.6,1.73,catalog,0.18,225.11887502209933,0.43,16.534945547754024,0.0946,catalog,4918800247.135621,25835615.93826582,Jackson,-0.4442941479318276,-0.7022309016490769,GP,0.29264518315270877,0.8190407425151698,8.132187565885078e+19,2.981802107491195e+20
5.6,1.73,catalog,0.18,225.11887502209933,0.43,50.85569491741831,0.0946,catalog,3579664197.9707704,86353732.50716768,Selsis,-0.4759710831451342,-0.6536337228651916,log,0.23067766947457435,0.058051351752465674,1.2268864190015388e+19,4.498583536338975e+19
5.6,1.73,catalog,0.18,225.11887502209933,0.43,71.50709867418978,0.0946,catalog,2815518525.9457583,39005100.91438772,Selsis,-0.34146657946794823,-0.6832826778814033,log,0.0675491077698642,0.8809739250217695,3.796672870354111e+19,1.3921133857965072e+20
5.6,1.73,catalog,0.18,225.11887502209933,0.43,22.34068422432539,0.0946,catalog,3724381817.9807096,20761888.737675723,Jackson,-0.43491418122820685,-0.7597110034295594,log,0.07927620585984434,0.04325443534749884,5.6313669884842525e+19,2.0648345624442257e+20
5.6,1.73,catalog,0.18,225.11887502209933,0.43,20.31414310057431,0.0946,catalog,4063424549.748661,47326771.46451321,Jackson,-0.3859783970955672,-0.7887892718726983,log,0.09998506899839432,0.12783243137880262,6.148206909972906e+19,2.254342533656732e+20
5.6,1.73,catalog,0.18,225.11887502209933,0.43,30.371311224930917,0.0946,catalog,2824735879.32439,26264599.45718554,Jackson,-0.4269064173792514,-0.7261000639899325,GP,0.4315305155843453,0.18018437181704794,8.374796639630064e+19,3.0707587678643565e+20
5.6,1.73,catalog,0.18,225.11887502209933,0.43,24.96362776139344,0.0946,catalog,3367340337.373522,24346327.361287206,Jackson,-0.3295657230591087,-0.7876121996104921,linear,0.10600341774439137,0.2230507821396488,1.432601582228102e+20,5.2528724681697074e+20
5.6,1.73,catalog,0.18,225.11887502209933,0.43,22.99126384343858,0.0946,catalog,6422171269.394155,57752918.276575804,Selsis,-0.45017359557131975,-0.7209973192158216,log,0.05234185222675506,0.40176207259025354,1.3455758073496797e+19,4.933777960282159e+19
5.6,1.73,catalog,0.18,225.11887502209933,0.43,61.677273130071036,0.0946,catalog,3122805930.737613,76967280.81423707,Selsis,-0.29301640998979384,-0.634224199685848,GP,0.0692780638929463,0.6554820068772782,2.4493610530211227e+20,8.980990527744116e+20
5.6,1.73,catalog,0.18,225.11887502209933,0.43,190.21416276182137,0.0946,catalog,603631491.6638595,83660483.0418277,Jackson,-0.4293052055242643,-0.6311411703192837,log,0.05384455945278644,0.892603381907778,4.683144955787415e+19,1.7171531504553853e+20
5.6,1.73,catalog,0.18,225.11887502209933,0.43,34.62302100220447,0.0946,catalog,2515357453.6277976,40369317.17656872,Jackson,-0.47715264331603485,-0.7931852157319965,log,0.12641809699145332,0.5245028101364752,4.201015039135996e+19,1.5403721810165318e+20
5.6,1.73,catalog,0.18,225.11887502209933,0.43,91.3038513912099,0.0946,catalog,2376978986.796411,7613572.59609699,Selsis,-0.44713284878071485,-0.7860929064981013,log,0.3134176177774192,0.5324897408472081,1.9923143763519537e+19,7.305152713290496e+19
5.6,1.73,catalog,0.18,225.11887502209933,0.43,12.90147411465463,0.0946,catalog,6225668130.8921995,48913524.848089784,Jackson,-0.4837329956052215,-0.6660265824817511,log,0.14106061888567256,0.3193050979496842,4.707079650909706e+19,1.725929205333559e+20
5.6,1.73,catalog,0.18,225.11887502209933,0.43,24.706079718485448,0.0946,catalog,3399029060.1604815,43944366.2258102,Jackson,-0.39687747918166655,-0.7000002610115601,log,0.3451152410597374,0.8006804243058488,6.188612273973281e+19,2.269157833790203e+20
5.6,1.73,catalog,0.18,225.11887502209933,0.43,84.85997424589775,0.0946,catalog,2500023750.7889347,20500915.8770509,Selsis,-0.44494473144083685,-0.7701283214539218,GP,0.05578267360360918,0.11048622811819742,2.2886589768151314e+19,8.391749581655482e+19
5.6,1.73,catalog,0.18,225.11887502209933,0.43,12.037849169217392,0.0946,catalog,6655938600.986478,89718345.2132679,Jackson,-0.3050698702221272,-0.6388940764535813,GP,0.1474663287776141,0.3011031806581871,2.0011811840960102e+20,7.337664341685371e+20
5.6,1.73,catalog,0.18,225.11887502209933,0.43,113.75751696788859,0.0946,catalog,916074160.9523487,97440677.04904819,Jackson,-0.38623170355156783,-0.7567007674587156,GP,0.30622833740594163,0.09698141373914315,7.257935273077901e+19,2.661242933461897e+20
5.6,1.73,catalog,0.18,225.11887502209933,0.43,51.4098445386051,0.0946,catalog,1783678092.523958,6122971.615275061,Jackson,-0.448658941279557,-0.7843701490608579,log,0.23642435995310193,0.21418081882621387,6.096323410419072e+19,2.2353185838203263e+20
5.6,1.73,catalog,0.18,225.11887502209933,0.43,20.12078186119998,0.0946,catalog,7114566466.825513,79778891.60588582,Selsis,-0.4007205274209129,-0.6500985723799982,GP,0.35628336173454767,0.5865979115557839,2.5048230734422168e+19,9.184351269288128e+19
5.6,1.73,catalog,0.18,225.11887502209933,0.43,42.19350026770196,0.0946,catalog,4092493417.0313964,64925939.23621233,Selsis,-0.4568812601291067,-0.6783748050736071,GP,0.0939300877907809,0.12596038798091225,1.7284771165078671e+19,6.3377494271955124e+19
5.6,1.73,catalog,0.18,225.11887502209933,0.43,12.749862407922803,0.0946,catalog,6296850499.3562155,26882189.55842489,Jackson,-0.46067953729651795,-0.7211114522537353,linear,0.15842393658615295,0.10061779526352166,7.137098191474841e+19,2.616936003540775e+20
5.6,1.73,catalog,0.18,225.11887502209933,0.43,21.133065776976814,0.0946,catalog,6850513670.299851,63880455.70999848,Selsis,-0.43385557657064233,-0.6614547592432931,GP,0.23760117426902125,0.8259108114395968,2.148777592594174e+19,7.878851172845304e+19
5.6,1.73,catalog,0.18,225.11887502209933,0.43,8.696292785952533,0.0946,catalog,9168332706.85635,13735675.976663975,Jackson,-0.4761736777508317,-0.6177238622617595,GP,0.0736987226134333,0.11829912809413734,1.0384204172642946e+20,3.8075415299690804e+20
5.6,1.73,catalog,0.18,225.11887502209933,0.43,128.82183046666222,0.0946,catalog,1119980252.2854295,7871244.321452231,Selsis,-0.45849754187960406,-0.7931635114466705,log,0.3271724445986469,0.6080533499121532,1.4831549297488445e+19,5.43823474241243e+19
5.6,1.73,catalog,0.18,225.11887502209933,0.43,11.87380993452035,0.0946,catalog,6744987104.835275,99355418.43017378,Jackson,-0.2936296879410072,-0.6744641124649329,GP,0.1024330384102868,0.3520111828941702,2.133804302878301e+20,7.82394911055377e+20
5.6,1.73,catalog,0.18,225.11887502209933,0.43,27.26864272023351,0.0946,catalog,5642854579.188612,64000615.98740736,Selsis,-0.3533034203665584,-0.756366540596888,linear,0.061983673051830855,0.8963671217762462,3.853046098284965e+19,1.4127835693711539e+20
5.6,1.73,catalog,0.18,225.11887502209933,0.43,41.20405767107184,0.0946,catalog,2159734972.4497604,26069039.828790117,Jackson,-0.2973574140394016,-0.7051724480117233,GP,0.2915219732959779,0.7075500368082185,2.3298074950054042e+20,8.542627481686481e+20
5.6,1.73,catalog,0.18,225.11887502209933,0.43,8.58974975203706,0.0946,catalog,9282441604.902304,45553361.63447283,Jackson,-0.4434936728770876,-0.7152037742233261,log,0.2535058490274844,0.05943023151306037,4.856923401198783e+19,1.780871913772887e+20
5.6,1.73,catalog,0.18,225.11887502209933,0.43,24.319097899701166,0.0946,catalog,3447893604.0948586,95058730.0474862,Jackson,-0.3114570661237968,-0.7220040664330941,GP,0.38251613382877503,0.8954681105093145,1.682189748794447e+20,6.168029078912972e+20
5.6,1.73,catalog,0.18,225.11887502209933,0.43,18.17287618218305,0.0946,catalog,7699251866.292119,44433781.77029416,Selsis,-0.4202999824921236,-0.7619287799505077,log,0.3899821684315888,0.4138988945360358,1.63527631190837e+19,5.996013143664023e+19
5.6,1.73,catalog,0.18,225.11887502209933,0.43,40.05369278840465,0.0946,catalog,4249359866.7437763,90144008.66823207,Selsis,-0.4682771041530532,-0.6394700127110036,log,0.09495017924315803,0.29822744898409836,1.3655122978726212e+19,5.006878425532944e+19
5.6,1.73,catalog,0.18,225.11887502209933,0.43,21.103413808374064,0.0946,catalog,3923637963.869533,87012110.59986772,Jackson,-0.3229644379990767,-0.7240958830144599,log,0.21894386458117443,0.6727820215628657,9.987106484850575e+19,3.6619390444452105e+20
5.6,1.73,catalog,0.18,225.11887502209933,0.43,128.82183046666233,0.0946,catalog,1684374732.9654846,35071475.292993486,Selsis,-0.48687697099019495,-0.622560747812704,log,0.49899133081347796,0.7179739212327281,1.472568385676036e+19,5.3994174141454655e+19
5.6,1.73,catalog,0.18,225.11887502209933,0.43,16.622539686014175,0.0946,catalog,8255490142.165881,69904891.40363315,Selsis,-0.41093237543430744,-0.7290663454107018,GP,0.08765497148435207,0.30325077687086066,1.9967402159499915e+19,7.321380791816635e+19
5.6,1.73,catalog,0.18,225.11887502209933,0.43,19.536715942581406,0.0946,catalog,4212180132.361188,66389351.87447666,Jackson,-0.3197507729274385,-0.6320573310641693,GP,0.14854111272247034,0.35165654599704543,1.8224142505987778e+20,6.682185585528852e+20
5.6,1.73,catalog,0.18,225.11887502209933,0.43,131.59971577657387,0.0946,catalog,295968237.096619,77349975.19136435,Selsis,-0.36421931640176797,-0.6911067336950625,linear,0.4065709728862151,0.15633050950669047,9.10026369121703e+18,3.3367633534462444e+19
5.6,1.73,catalog,0.18,225.11887502209933,0.43,130.49201714998978,0.0946,catalog,818736468.5042747,37226987.26248106,Jackson,-0.38602554701206754,-0.7228749530280416,log,0.06339421754687745,0.5934435648091743,6.38969897851365e+19,2.342889625455005e+20
5.6,1.73,catalog,0.18,225.11887502209933,0.43,23.789438069676297,0.0946,catalog,6257232212.31209,6171413.35131514,Selsis,-0.42220053726921225,-0.6591935570804008,linear,0.42385752893979667,0.9569090533316218,3.8842580280912806e+19,1.4242279436334694e+20
5.6,1.73,catalog,0.18,225.11887502209933,0.43,48.350392518902666,0.0946,catalog,1880328992.624799,17932884.87013859,Jackson,-0.4834877173146356,-0.6426690750793156,linear,0.1538599542261873,0.41662446234339334,8.250585446890065e+19,3.0252146638596905e+20
5.6,1.73,catalog,0.18,225.11887502209933,0.43,39.48752388745366,0.0946,catalog,4293405454.4026356,62038815.07970216,Selsis,-0.2819861630721023,-0.7034618419451036,GP,0.39085060893044765,0.9962061815944345,2.901759966025217e+20,1.0639786542092462e+21
5.6,1.73,catalog,0.18,225.11887502209933,0.43,15.762693913620776,0.0946,catalog,5145019711.905835,77734918.502838,Jackson,-0.46154978012048936,-0.7149159143232927,GP,0.20909392505915447,0.17641460449583923,5.672848947187922e+19,2.0800446139689045e+20
5.6,1.73,catalog,0.18,225.11887502209933,0.43,79.85194348304849,0.0946,catalog,2607513557.934073,75848814.819024,Selsis,-0.44383213550527034,-0.6845162059255355,GP,0.23464189173175853,0.7960994590417848,1.4799210612411292e+19,5.426377224550806e+19
5.6,1.73,catalog,0.18,225.11887502209933,0.43,18.5365801484319,0.0946,catalog,4421986728.106856,58784476.92638804,Jackson,-0.4480985322511841,-0.6829673242988563,log,0.296452935939624,0.9281082536142568,4.661932346966304e+19,1.7093751938876447e+20
5.6,1.73,catalog,0.18,225.11887502209933,0.43,110.89980869238452,0.0946,catalog,2080660775.2708514,9391056.425774354,Selsis,-0.30025289052914533,-0.7149041568290625,log,0.058358765487688015,0.6880543526632508,1.1947803167186369e+20,4.3808611613016687e+20
5.6,1.73,catalog,0.18,225.11887502209933,0.43,13.816265857330306,0.0946,catalog,9558026473.713282,2711574.0913954354,Selsis,-0.33198855360082336,-0.6484674243114724,GP,0.21219656208537319,0.10932628931086574,9.23075153825174e+19,3.384608897358971e+20
5.6,1.73,catalog,0.18,225.11887502209933,0.43,20.019281872603855,0.0946,catalog,7142411414.987577,78432033.9748852,Selsis,-0.399387444123346,-0.7200557104492384,linear,0.41966934697106145,0.3265413538384552,2.1990763130276758e+19,8.063279814434811e+19
5.6,1.73,catalog,0.18,225.11887502209933,0.43,80.39140803389802,0.0946,catalog,2595373741.552391,55388266.98479641,Selsis,-0.28980693253059103,-0.7094003314235015,linear,0.4519534732635027,0.0856658131772916,2.23976405025293e+20,8.212468184260743e+20
5.6,1.73,catalog,0.18,225.11887502209933,0.43,43.237394728714,0.0946,catalog,4021026026.606524,78488498.17041928,Selsis,-0.4883876562269828,-0.6789363551440976,log,0.46482710889285034,0.6017481209158007,1.1461302513366989e+19,4.202477588234563e+19
5.6,1.73,catalog,0.18,225.11887502209933,0.43,23.294585762953993,0.0946,catalog,3585177097.799355,17116057.6864595,Jackson,-0.3033925161312366,-0.6026302196138671,log,0.2212090464128608,0.9981488091589312,1.807976053866324e+20,6.629245530843188e+20
5.6,1.73,catalog,0.18,225.11887502209933,0.43,8.010620281637516,0.0946,catalog,9959214929.589996,41334893.906343214,Jackson,-0.486705986148605,-0.7478627777971795,log,0.21491011297231305,0.37475461323525905,4.250431782022336e+19,1.5584916534081896e+20
5.6,1.73,catalog,0.18,225.11887502209933,0.43,26.586893903373703,0.0946,catalog,3181601058.819412,91997759.42071934,Jackson,-0.413951246894396,-0.753609440017695,linear,0.17841652282503484,0.1629450425262613,6.051869477180801e+19,2.2190188082996268e+20
5.6,1.73,catalog,0.18,225.11887502209933,0.43,19.615153297612416,0.0946,catalog,4196634965.620487,17988201.133469403,Jackson,-0.4881189267571723,-0.7646225466974035,log,0.20254585663108524,0.26864019466702516,4.965780144138199e+19,1.820786052850673e+20
5.6,1.73,catalog,0.18,225.11887502209933,0.43,15.147402553491366,0.0946,catalog,8883406686.774687,7091163.477441888,Selsis,-0.28022682181330927,-0.6621111571383733,GP,0.2046859037002405,0.5708019692101889,3.593814393499052e+20,1.3177319442829859e+21
5.6,1.73,catalog,0.18,225.11887502209933,0.43,51.37631140607718,0.0946,catalog,1784677415.6633623,65693270.99439309,Jackson,-0.29883430944986766,-0.7101810725163185,linear,0.05512876619030884,0.5689617868342696,1.7561526579188747e+20,6.439226412369208e+20
5.6,1.73,catalog,0.18,225.11887502209933,0.43,43.93939662207352,0.0946,catalog,3974675278.586371,59859097.72155387,Selsis,-0.37134422984582915,-0.722278731985145,log,0.06135377513236589,0.22982083293630606,2.1012948177265246e+19,7.704747664997256e+19
5.6,1.73,catalog,0.18,225.11887502209933,0.43,128.82183046666233,0.0946,catalog,1352268019.3905206,95251020.0799156,Selsis,-0.452074193720386,-0.7591819251702263,linear,0.20815486999369212,0.750704740537825,7.273747263431772e+18,2.6670406632583164e+19
5.6,1.73,catalog,0.18,225.11887502209933,0.43,17.999756080929366,0.0946,catalog,4544282561.188771,90740373.6844327,Jackson,-0.43910890045655676,-0.6217723245193323,linear,0.1030828540592182,0.08801229149336043,7.2451866508120515e+19,2.6565684386310855e+20
5.6,1.73,catalog,0.18,225.11887502209933,0.43,66.06790080319807,0.0946,catalog,2975619606.0605083,75193608.63183652,Selsis,-0.40110045946743356,-0.7113653929555228,log,0.10009110626380181,0.6230402827640222,1.4267415212878498e+19,5.231385578055449e+19
5.6,1.73,catalog,0.18,225.11887502209933,0.43,12.98943229590221,0.0946,catalog,10042802276.515345,2896566.5499469666,Selsis,-0.42898835985168393,-0.6784613377027342,log,0.07805678213193742,0.42569894895038185,3.0459093859189727e+19,1.1168334415036232e+20
5.6,1.73,catalog,0.18,225.11887502209933,0.43,56.851599571425595,0.0946,catalog,3307477684.131413,48558309.872249454,Selsis,-0.49531094080431304,-0.7774940843414944,log,0.31625687391093815,0.12717501984324675,1.0906677017533813e+19,3.999114906429065e+19
5.6,1.73,catalog,0.18,225.11887502209933,0.43,54.84504362801189,0.0946,catalog,1687529931.050793,89714091.71716686,Jackson,-0.3556236782142304,-0.7784055566630198,linear,0.460573035173255,0.6343847520956541,8.944377260109598e+19,3.2796049953735193e+20
5.6,1.73,catalog,0.18,225.11887502209933,0.43,11.489051115858368,0.0946,catalog,6964204787.609591,43931457.723333254,Jackson,-0.36504586109947373,-0.7865290916672009,log,0.21219151204595357,0.6730494181949296,7.44844124568074e+19,2.731095123416271e+20
5.6,1.73,catalog,0.18,225.11887502209933,0.43,11.528039343746292,0.0946,catalog,6941299597.386146,96252426.24168648,Jackson,-0.3010516452918551,-0.7265307838323413,linear,0.44095056147843564,0.4400202956311914,1.6284671285968483e+20,5.971046138188443e+20
5.6,1.73,catalog,0.18,225.11887502209933,0.43,16.39361718547021,0.0946,catalog,4958518558.758914,65596310.083754264,Jackson,-0.39509211117680093,-0.7054226795616177,log,0.3826962096473409,0.7979928194654149,5.638912337540602e+19,2.067601190431554e+20
5.6,1.73,catalog,0.18,225.11887502209933,0.43,25.324236326335335,0.0946,catalog,5967097179.384717,11836255.626736619,Selsis,-0.4241640284043547,-0.7510843701101526,GP,0.08258420317059802,0.5093165844104856,3.1422051800160068e+19,1.1521418993392024e+20
5.6,1.73,catalog,0.18,225.11887502209933,0.43,85.89879060441294,0.0946,catalog,2479102032.331512,51417935.44348167,Selsis,-0.3874662197580913,-0.730064498824538,log,0.07120260870532644,0.28575445209854233,1.6896926006607809e+19,6.195539535756196e+19
5.6,1.73,catalog,0.18,225.11887502209933,0.43,34.21990096999731,0.0946,catalog,4765297502.483175,69866096.4288696,Selsis,-0.45716710200291527,-0.7987479931952461,GP,0.08138732787358563,0.9536012779381571,1.4361354445346378e+19,5.2658299632936714e+19
5.6,1.73,catalog,0.18,225.11887502209933,0.43,128.82183046666222,0.0946,catalog,1168073315.4009898,7471528.251722448,Selsis,-0.362381122598547,-0.7297823069477211,log,0.06239925264889684,0.9440440377498708,2.5928176231502234e+19,9.506997951550818e+19
5.6,1.73,catalog,0.18,225.11887502209933,0.43,91.57103105036194,0.0946,catalog,2372204038.811378,35120303.67500598,Selsis,-0.3305927657861645,-0.7761657330338305,GP,0.19135912272870803,0.09562139471834497,4.831400642987108e+19,1.7715135690952727e+20
5.6,1.73,catalog,0.18,225.11887502209933,0.43,14.66954069446684,0.0946,catalog,9112258811.403728,71991025.24234465,Selsis,-0.46623842305734775,-0.7743231043252221,GP,0.09585616441795763,0.9460812825483834,1.465365497543434e+19,5.3730068243259245e+19
5.6,1.73,catalog,0.18,225.11887502209933,0.43,14.2854276284115,0.0946,catalog,5647602831.130879,16550064.868396375,Jackson,-0.4299556921202276,-0.7990987804879994,GP,0.4091539036920929,0.7754823807383165,8.449405276388419e+19,3.098115268009087e+20
5.6,1.73,catalog,0.18,225.11887502209933,0.43,106.12822680064782,0.0946,catalog,2144027852.3370457,35485649.92878173,Selsis,-0.30908378453939234,-0.6607238867869786,log,0.20529471892312193,0.10664416255723463,9.310815528200888e+19,3.413965693673659e+20
5.6,1.73,catalog,0.18,225.11887502209933,0.43,128.82183046666233,0.0946,catalog,1606795980.381311,69301121.92425616,Selsis,-0.3887830153005592,-0.6137432451901231,linear,0.11444071436447519,0.5193252718522146,2.7661504677596484e+19,1.014255171511871e+20
5.6,1.73,catalog,0.18,225.11887502209933,0.43,8.495627998934618,0.0946,catalog,9385771898.417168,77778549.28454727,Jackson,-0.38299593773093976,-0.6756908878295685,log,0.48262591310862196,0.034951310077598996,6.198745046991572e+19,2.2728731838969096e+20
5.6,1.73,catalog,0.18,225.11887502209933,0.43,128.82183046666233,0.0946,catalog,1553780724.093329,52332667.58871664,Selsis,-0.34107019664826266,-0.7807595896144182,GP,0.44891539600993297,0.5888570705608768,2.9149271031947645e+19,1.0688066045047469e+20
5.6,1.73,catalog,0.18,225.11887502209933,0.43,89.07985529094579,0.0946,catalog,2417691108.903281,95728895.24230096,Selsis,-0.3728635806513082,-0.6020701101214991,log,0.3003206807033694,0.9331876418681869,2.694481812658339e+19,9.87976664641391e+19
5.6,1.73,catalog,0.18,225.11887502209933,0.43,117.0350094167444,0.0946,catalog,2005800631.1507883,92607755.02110064,Selsis,-0.4846924510237598,-0.6048829658246974,GP,0.3094950303171668,0.36820973748545804,1.5681711827948128e+19,5.7499610035809804e+19
5.6,1.73,catalog,0.18,225.11887502209933,0.43,128.82183046666222,0.0946,catalog,558209838.3351802,47870268.33687073,Selsis,-0.32312842339013215,-0.7063530928685022,GP,0.4745042819333152,0.508625174051158,3.182523097593649e+19,1.1669251357843379e+20
5.6,1.73,catalog,0.18,225.11887502209933,0.43,34.20098708318949,0.0946,catalog,2542701791.395032,16867166.601020917,Jackson,-0.29697607180533714,-0.7784261563187409,GP,0.1992627992356436,0.22756032590267605,2.3786598624134867e+20,8.721752828849451e+20
5.6,1.73,catalog,0.18,225.11887502209933,0.43,12.190745175698412,0.0946,catalog,10570330632.622816,77520224.82451189,Selsis,-0.4882790087420213,-0.6558521380705591,log,0.37930612321968493,0.5409462399288926,1.370849081380907e+19,5.0264466317299925e+19
5.6,1.73,catalog,0.18,225.11887502209933,0.43,28.770179267818214,0.0946,catalog,2964441946.3883977,25070817.963921256,Jackson,-0.4733250535793388,-0.6077063591033125,linear,0.05804939885269369,0.802574668743364,9.269690705872803e+19,3.398886592153361e+20
5.6,1.73,catalog,0.18,225.11887502209933,0.43,50.5619818980207,0.0946,catalog,3594474335.868279,84439309.6899114,Selsis,-0.3455654555143543,-0.6442600791722615,log,0.17907399553709583,0.21525827393722985,3.483030712551778e+19,1.2771112612689851e+20
5.6,1.73,catalog,0.18,225.11887502209933,0.43,13.604044991423633,0.0946,catalog,5917111113.456369,59127289.774354726,Jackson,-0.3670157348468044,-0.6751594290858038,log,0.1590326675925506,0.5534867619645172,7.498527876281637e+19,2.749460221303267e+20
5.6,1.73,catalog,0.18,225.11887502209933,0.43,41.891541111465536,0.0946,catalog,4113759274.052101,40015207.63337691,Selsis,-0.4158462602262159,-0.6778336195257846,GP,0.05453732928580157,0.3546432771179143,2.5814034629433823e+19,9.465146030792401e+19
5.6,1.73,catalog,0.18,225.11887502209933,0.43,25.91249512709358,0.0946,catalog,5864294719.508935,56081952.49967187,Selsis,-0.3813652972331183,-0.6044163771588742,linear,0.06108322940276157,0.7478720780737579,5.441433919718105e+19,1.9951924372299717e+20
5.6,1.73,catalog,0.18,225.11887502209933,0.43,35.63635389780461,0.0946,catalog,4626095194.312955,53748068.0773348,Selsis,-0.3452655150397671,-0.7853761326360461,linear,0.05257858914056139,0.702038661957203,4.740411701357752e+19,1.7381509571645093e+20
5.6,1.73,catalog,0.18,225.11887502209933,0.43,17.9954511688484,0.0946,catalog,4545293010.466726,92548551.74409185,Jackson,-0.38901517838619554,-0.7700887960818749,linear,0.09839771397974818,0.6987896561140851,6.976485730281865e+19,2.558044767770017e+20
5.6,1.73,catalog,0.18,225.11887502209933,0.43,35.75872417534674,0.0946,catalog,4614536140.223196,22221941.92639472,Selsis,-0.4691585685801572,-0.6338377110520638,log,0.05655633182014447,0.3778031337243949,2.2492604516667806e+19,8.247288322778196e+19
5.6,1.73,catalog,0.18,225.11887502209933,0.43,12.101480466437327,0.0946,catalog,6622069091.150729,92887686.80261596,Jackson,-0.48032407359067614,-0.7709773839360482,linear,0.13247370693579952,0.599279302970478,4.754536844544336e+19,1.7433301763329232e+20
5.6,1.73,catalog,0.18,225.11887502209933,0.43,29.33444191225617,0.0946,catalog,5341753607.943689,4102763.104525694,Selsis,-0.40345107825855603,-0.7233407026141941,log,0.3248750921599611,0.6510851836864724,2.9755978735711162e+19,1.0910525536427426e+20
5.6,1.73,catalog,0.18,225.11887502209933,0.43,24.68528565868404,0.0946,catalog,6083848735.552043,77151124.87177458,Selsis,-0.2969653532732566,-0.74370014878905,linear,0.20549431554442246,0.6808139723697292,1.9167328811792358e+20,7.028020564323864e+20
5.6,1.73,catalog,0.18,225.11887502209933,0.43,55.73572686176401,0.0946,catalog,1664457989.8081715,92047144.94044495,Jackson,-0.37728858156413136,-0.7513110567119213,GP,0.2359173692200541,0.5752563540375724,8.255208736268861e+19,3.026909869965249e+20
5.6,1.73,catalog,0.18,225.11887502209933,0.43,31.509677033323587,0.0946,catalog,5063889917.862861,40011166.90766643,Selsis,-0.4211915848160732,-0.7948556097783147,log,0.05376215782355919,0.866804746823225,1.6090450536827466e+19,5.899831863503404e+19
5.6,1.73,catalog,0.18,225.11887502209933,0.43,14.568365890227543,0.0946,catalog,5543277541.560045,8233651.512531459,Jackson,-0.3000846427053722,-0.6867497472930377,GP,0.34553843711997034,0.2487985792700026,2.518821855178666e+20,9.23568013565511e+20
5.6,1.73,catalog,0.18,225.11887502209933,0.43,33.77843351841189,0.0946,catalog,2570747956.4712167,80662085.61787729,Jackson,-0.4145009256406336,-0.7197520958333078,log,0.0700100493392469,0.05580678936137651,4.532610256142817e+19,1.661957093919033e+20
5.6,1.73,catalog,0.18,225.11887502209933,0.43,18.08316026317207,0.0946,catalog,7729003740.340373,84443620.71348178,Selsis,-0.3879877741944375,-0.6896819574725978,linear,0.10037391883610484,0.9625034538737999,2.5419139417858585e+19,9.320351119881481e+19
5.6,1.73,catalog,0.18,225.11887502209933,0.43,32.9892601442225,0.0946,catalog,2625006667.9846797,34289481.410856895,Jackson,-0.47437014726168136,-0.7390983587004993,linear,0.164347801659548,0.060733726623868556,6.477916035136815e+19,2.3752358795501653e+20
5.6,1.73,catalog,0.18,225.11887502209933,0.43,43.42513908914299,0.0946,catalog,2063385970.7554114,52340735.2829047,Jackson,-0.33777179198573615,-0.6117078289891474,GP,0.4255625821413351,0.9029556557919547,1.665016646129144e+20,6.105061035806862e+20
5.6,1.73,catalog,0.18,225.11887502209933,0.43,11.204433080650828,0.0946,catalog,7136436714.037828,81137437.73300481,Jackson,-0.3459333494283826,-0.6817305615516945,log,0.4978736854163079,0.6122849369542235,8.303295594741137e+19,3.04454171807175e+20
5.6,1.73,catalog,0.18,225.11887502209933,0.43,99.18259085782248,0.0946,catalog,2245636422.7011538,20012254.747761834,Selsis,-0.32526632157094765,-0.6077585906935467,GP,0.30313123434977174,0.9187403853145995,1.3124594338233875e+20,4.812351257352421e+20
5.6,1.73,catalog,0.18,225.11887502209933,0.43,55.57835952588779,0.0946,catalog,3360901806.4774427,63268599.88273573,Selsis,-0.42845791104589204,-0.7299988091482683,GP,0.2680922305342658,0.564953930562639,1.6939638870685813e+19,6.211200919251464e+19
5.6,1.73,catalog,0.18,225.11887502209933,0.43,28.938788660201848,0.0946,catalog,2949014344.9553747,43632435.29206609,Jackson,-0.4040682918054378,-0.7995420925307356,log,0.16852034325051524,0.8210087254928071,5.511861685560872e+19,2.0210159513723198e+20
5.6,1.73,catalog,0.18,225.11887502209933,0.43,10.054176617821875,0.0946,catalog,7936381734.5093565,18267159.47317209,Jackson,-0.46296482346401635,-0.6437468870075119,log,0.23152470650473977,0.7212902632345336,6.391403929346722e+19,2.343514774093798e+20
5.6,1.73,catalog,0.18,225.11887502209933,0.43,21.881467285903206,0.0946,catalog,3795710419.257854,83312580.51784499,Jackson,-0.28780892725877016,-0.6345242290878715,linear,0.06972590819662212,0.5251121336606707,2.0962602703568726e+20,7.686287657975199e+20
5.6,1.73,catalog,0.18,225.11887502209933,0.43,16.403109915073014,0.0946,catalog,4955829027.285525,33143402.387792747,Jackson,-0.48106298357026583,-0.7882593205599329,linear,0.09293217999482895,0.36332358995361924,6.279736724708091e+19,2.3025701323929666e+20
5.6,1.73,catalog,0.18,225.11887502209933,0.43,23.796884373325653,0.0946,catalog,6255741541.679268,93508185.44984661,Selsis,-0.35721707319154244,-0.6749261543075362,linear,0.482628392988796,0.0028590206883423175,4.067402492451253e+19,1.4913809138987926e+20
5.6,1.73,catalog,0.18,225.11887502209933,0.43,35.738587217882475,0.0946,catalog,4616433371.270483,57324453.1121604,Selsis,-0.34484337319565905,-0.6677964265919759,linear,0.4770732078058182,0.25090527456937695,6.451233928778111e+19,2.3654524405519742e+20
5.6,1.73,catalog,0.18,225.11887502209933,0.43,13.860266677515162,0.0946,catalog,9533769394.698616,51936488.15708909,Selsis,-0.4652979757967845,-0.7708532265904869,log,0.10518223601027084,0.9517668084739433,1.2682711992701649e+19,4.650327730657271e+19
5.6,1.73,catalog,0.18,225.11887502209933,0.43,22.438892013278164,0.0946,catalog,6542643209.441276,42907288.47771655,Selsis,-0.41962889471729226,-0.6894950894294838,GP,0.08710008461424668,0.2754618478649913,2.480627771918993e+19,9.095635163702973e+19
5.6,1.73,catalog,0.18,225.11887502209933,0.43,24.817237410267765,0.0946,catalog,3385272296.7079635,40666418.09577423,Jackson,-0.4905121553122537,-0.7513602238640112,log,0.08481801006378122,0.7518524426622003,4.190867652959199e+19,1.5366514727517064e+20
5.6,1.73,catalog,0.18,225.11887502209933,0.43,14.258189015332553,0.0946,catalog,9320850778.653461,81978661.20887329,Selsis,-0.377546183330939,-0.7967096593590968,log,0.1526983653222784,0.5084976145313359,1.7956060164775213e+19,6.583888727084244e+19
5.6,1.73,catalog,0.18,225.11887502209933,0.43,42.61828046287842,0.0946,catalog,4063034389.8667955,68072584.09912647,Selsis,-0.28111360857880274,-0.6266177819247765,GP,0.08370214432688473,0.3085143846547993,3.429983149315938e+20,1.2576604880825106e+21
5.6,1.73,catalog,0.18,225.11887502209933,0.43,181.8896795682793,0.0946,catalog,625714408.6949772,77595322.98121883,Jackson,-0.40542530949912503,-0.7016609657547072,GP,0.2225700056814705,0.9910934489623805,7.0102560050018435e+19,2.5704272018340092e+20
5.6,1.73,catalog,0.18,225.11887502209933,0.43,78.97270933973948,0.0946,catalog,2627609667.741076,42687331.80150965,Selsis,-0.282198191517954,-0.6436601798178577,linear,0.05940046102560753,0.046974377524794164,2.936710343583603e+20,1.0767937926473211e+21
5.6,1.73,catalog,0.18,225.11887502209933,0.43,17.698163737064828,0.0946,catalog,4616272192.887967,26882285.24557081,Jackson,-0.47223040676202827,-0.6554213935541783,linear,0.06348150681696418,0.5820771064740238,7.7635750434352e+19,2.846644182592907e+20
5.6,1.73,catalog,0.18,225.11887502209933,0.43,55.009682353603395,0.0946,catalog,1683211275.7910845,9599656.634290013,Jackson,-0.41366004448108495,-0.6012589477970942,log,0.09460286288306548,0.4615182160097113,9.1456837978089e+19,3.3534173925299297e+20
5.6,1.73,catalog,0.18,225.11887502209933,0.43,18.31123934533535,0.0946,catalog,4472442403.398246,77888943.00842042,Jackson,-0.30156770658933624,-0.7124093192197614,linear,0.2995113176296533,0.07652640970206159,1.6875696880236885e+20,6.187755522753524e+20
5.6,1.73,catalog,0.18,225.11887502209933,0.43,73.43616795248576,0.0946,catalog,2763763573.906646,42112366.62125271,Selsis,-0.30712699403535615,-0.7144898786485645,linear,0.10525907359203482,0.21409620581535505,1.5314944032327306e+20,5.615479478520012e+20
5.6,1.73,catalog,0.18,225.11887502209933,0.43,20.97205328047326,0.0946,catalog,3946172511.3899293,51413135.61757162,Jackson,-0.4288098528686475,-0.743648886589766,log,0.14783824100319462,0.6942419736778913,4.8024095256490885e+19,1.7608834927379992e+20
5.6,1.73,catalog,0.18,225.11887502209933,0.43,232.6992999917897,0.0946,catalog,512532645.44846946,47464980.28450749,Jackson,-0.35070567157096705,-0.6749705573193571,log,0.22677336808741946,0.1083286297934335,7.094505524746111e+19,2.6013186924069074e+20
5.6,1.73,catalog,0.18,225.11887502209933,0.43,10.767884799826465,0.0946,catalog,7419043272.188065,43682647.78055478,Jackson,-0.30504476225728605,-0.7027774998889432,linear,0.3072627592966912,0.8010251105497124,1.7888810914596638e+20,6.559230668685434e+20
5.6,1.73,catalog,0.18,225.11887502209933,0.43,27.759985940359556,0.0946,catalog,3060735369.8734603,68706058.12971713,Jackson,-0.33128695744628994,-0.6542477755716662,linear,0.10140958969598203,0.6250609939521135,1.3296014361405796e+20,4.875205265848791e+20
5.6,1.73,catalog,0.18,225.11887502209933,0.43,51.788337177397246,0.0946,catalog,1772484809.450555,61264677.460102245,Jackson,-0.36173523667475815,-0.7286976603117146,GP,0.2691159358409828,0.1008575948836069,1.0784008191691676e+20,3.9541363369536147e+20
5.6,1.73,catalog,0.18,225.11887502209933,0.43,25.410372501995344,0.0946,catalog,3313881677.466145,97233326.06578624,Jackson,-0.46643336479679504,-0.7738310516781348,log,0.09661340949948097,0.28681462876324737,3.1822504317516812e+19,1.1668251583089497e+20
5.6,1.73,catalog,0.18,225.11887502209933,0.43,21.970459656879967,0.0946,catalog,3781655097.7276893,14751486.857273934,Jackson,-0.483939407634476,-0.6275129095761092,log,0.22051402311353552,0.13717786234686447,6.6652304442503864e+19,2.4439178295584748e+20
5.6,1.73,catalog,0.18,225.11887502209933,0.43,17.67340235175097,0.0946,catalog,4622292858.8423,57778412.010038964,Jackson,-0.3647831204403566,-0.6343906116070631,linear,0.14120502275546876,0.797601295557767,1.0996283998567997e+20,4.0319707994749324e+20
5.6,1.73,catalog,0.18,225.11887502209933,0.43,41.76306549296169,0.0946,catalog,4122890714.8742433,7260776.176829084,Selsis,-0.38993935354839626,-0.7297999625768512,linear,0.4222773852068105,0.532959625125667,3.863485393139598e+19,1.4166113108178526e+20
5.6,1.73,catalog,0.18,225.11887502209933,0.43,106.83169171021304,0.0946,catalog,964649228.4657953,80983923.4521118,Jackson,-0.44763193485907343,-0.6619296564976002,log,0.4798034766737977,0.0028299367165864897,4.1945969743061066e+19,1.5380188905789057e+20
5.6,1.73,catalog,0.18,225.11887502209933,0.43,17.83312425160906,0.0946,catalog,7813396679.817578,62014821.99185822,Selsis,-0.4355906451090146,-0.7015194187448777,linear,0.29723032203765376,0.5429036472281525,1.980733093753066e+19,7.262688010427908e+19
5.6,1.73,catalog,0.18,225.11887502209933,0.43,22.30018046605537,0.0946,catalog,3730555276.890414,43409502.783261254,Jackson,-0.4137408210156898,-0.64780558057378,linear,0.4115611195849825,0.482803684264951,8.584242812690037e+19,3.147555697986347e+20
5.6,1.73,catalog,0.18,225.11887502209933,0.43,128.82183046666222,0.0946,catalog,1113331225.410609,80421329.80975066,Selsis,-0.39098541253304875,-0.7219735262670975,GP,0.06846588816518699,0.6430764029925051,9.69403071990448e+18,3.5544779306316423e+19
5.6,1.73,catalog,0.18,225.11887502209933,0.43,12.949309083786876,0.0946,catalog,6203565898.114654,46045258.24066625,Jackson,-0.41414302680054926,-0.6928721529217541,GP,0.22564928507578363,0.034844055486996095,8.450487261875862e+19,3.0985119960211495e+20
5.6,1.73,catalog,0.18,225.11887502209933,0.43,17.60920649242148,0.0946,catalog,4637981532.066381,23550823.43603127,Jackson,-0.41479583214108734,-0.7884367791870506,log,0.07894742073924044,0.03542579193304729,5.932170824608349e+19,2.1751293023563946e+20
5.6,1.73,catalog,0.18,225.11887502209933,0.43,17.37521425740671,0.0946,catalog,4696157656.9284115,47777575.34992335,Jackson,-0.47453878151150236,-0.7650180036823837,linear,0.09461031954488745,0.34936810509535676,5.940230145875358e+19,2.1780843868209644e+20
5.6,1.73,catalog,0.18,225.11887502209933,0.43,24.78976632268135,0.0946,catalog,3388660720.242237,8012347.86709658,Jackson,-0.3095701079838245,-0.6436468784449794,linear,0.16664536755573892,0.6885380961614872,2.0717383617048766e+20,7.59637399291788e+20
5.6,1.73,catalog,0.18,225.11887502209933,0.43,25.369241187571728,0.0946,catalog,3318725665.6618443,89888249.85429937,Jackson,-0.36598610200881926,-0.7236869035654245,log,0.27603062792972405,0.6665580925886957,6.32279153521489e+19,2.3183568962454595e+20
5.6,1.73,catalog,0.18,225.11887502209933,0.43,42.751235844185395,0.0946,catalog,4053921385.287971,73364879.09871165,Selsis,-0.4678575193875574,-0.792978915154082,GP,0.2633080146716911,0.2782635792102547,1.3418578882804945e+19,4.920145590361813e+19
5.6,1.73,catalog,0.18,225.11887502209933,0.43,102.1003964920174,0.0946,catalog,1001370774.7819569,76271262.83528775,Jackson,-0.40674763136685416,-0.7664727428576107,log,0.37019397506011276,0.2160675445628959,4.490054858948242e+19,1.6463534482810218e+20
5.6,1.73,catalog,0.18,225.11887502209933,0.43,78.85062129168199,0.0946,catalog,2630431120.3876653,87574837.09782578,Selsis,-0.4083224993535,-0.7176803935828772,log,0.18123616192520794,0.6831255973810627,1.2223657649787992e+19,4.482007804922264e+19
5.6,1.73,catalog,0.18,225.11887502209933,0.43,6.895932847489162,0.0946,catalog,11606400874.112597,79365686.29269329,Jackson,-0.36786340673239304,-0.6564173785966456,linear,0.42200020091066814,0.027112736133802606,9.654762022488244e+19,3.5400794082456895e+20
5.6,1.73,catalog,0.18,225.11887502209933,0.43,35.5061452912531,0.0946,catalog,4638473402.478269,43753406.43509054,Selsis,-0.36604868407314706,-0.7273029916385538,linear,0.38624120205308055,0.5567833316944547,3.50676909471835e+19,1.2858153347300617e+20
5.6,1.73,catalog,0.18,225.11887502209933,0.43,53.12841031922121,0.0946,catalog,3470045408.5857425,12745003.751019513,Selsis,-0.3580511298644523,-0.6509628491242262,linear,0.35320552941438244,0.42409864204412706,6.281664380331548e+19,2.3032769394549008e+20
5.6,1.73,catalog,0.18,225.11887502209933,0.43,40.31664233420714,0.0946,catalog,2201101802.010754,37963113.218114324,Jackson,-0.34646132738436236,-0.6283878825409833,log,0.0848184071084519,0.23908681793521014,1.0431940848675747e+20,3.8250449778477734e+20
5.6,1.73,catalog,0.18,225.11887502209933,0.43,13.729711805636047,0.0946,catalog,5865341239.019523,93474386.7235925,Jackson,-0.4772621098516164,-0.7317726771588575,linear,0.16998789561364547,0.5202980893324648,4.942243589259757e+19,1.8121559827285777e+20
5.6,1.73,catalog,0.18,225.11887502209933,0.43,31.517200883388643,0.0946,catalog,2733313301.5910926,94959958.63190658,Jackson,-0.43291711587398135,-0.6399248858291149,linear,0.2723996852207328,0.21716765662280302,6.705207881449839e+19,2.4585762231982742e+20
5.6,1.73,catalog,0.18,225.11887502209933,0.43,127.25102105333507,0.0946,catalog,1786734492.9390628,77019215.68685576,Selsis,-0.4961834797820121,-0.7746238668139621,log,0.47323026547747926,0.5643216055492423,6.747742594147617e+18,2.474172284520793e+19
5.6,1.73,catalog,0.18,225.11887502209933,0.43,118.35382079748689,0.0946,catalog,1990588120.8049064,21238627.724067364,Selsis,-0.39997886734231575,-0.7169432949856681,log,0.0513590850260282,0.14897383622634341,1.9730084081213514e+19,7.2343641631116214e+19
5.6,1.73,catalog,0.18,225.11887502209933,0.43,27.782960524013145,0.0946,catalog,5564066028.961875,20250535.987951905,Selsis,-0.4055253828773368,-0.7804875207436816,GP,0.10619022433468991,0.4056929120913563,3.030994675921833e+19,1.111364714504672e+20
5.6,1.73,catalog,0.18,225.11887502209933,0.43,16.98156526337484,0.0946,catalog,4797685324.707757,88097379.57719132,Jackson,-0.3384480753605147,-0.789494402241045,log,0.1099816565901193,0.5104263353048053,8.147444152917767e+19,2.987396189403181e+20
5.6,1.73,catalog,0.18,225.11887502209933,0.43,128.82183046666233,0.0946,catalog,1016085157.6109698,15049676.378101353,Selsis,-0.4632342717462706,-0.7870945245029106,linear,0.09716381851038292,0.03170102804382746,1.5862594093526245e+19,5.816284500959623e+19
5.6,1.73,catalog,0.18,225.11887502209933,0.43,128.82183046666233,0.0946,catalog,1321959076.096693,58829610.25591644,Selsis,-0.3610712194323876,-0.7790495945836727,GP,0.3283933122464734,0.6107172404696143,1.8497289272809333e+19,6.782339400030088e+19
5.6,1.73,catalog,0.18,225.11887502209933,0.43,17.247295740146065,0.0946,catalog,4728635700.403836,38446916.54562771,Jackson,-0.43252727645536654,-0.6328548153167203,GP,0.05546786386347139,0.7503152934975034,9.459509908417466e+19,3.468486966419737e+20
5.6,1.73,catalog,0.18,225.11887502209933,0.43,19.477875129293796,0.0946,catalog,4223924077.473235,30899089.788156476,Jackson,-0.4159783755418662,-0.691264575273262,GP,0.11439439725488566,0.9560735628110393,9.008765190603034e+19,3.303213903221112e+20
5.6,1.73,catalog,0.18,225.11887502209933,0.43,16.409325312698783,0.0946,catalog,4954069756.255289,68060820.54202107,Jackson,-0.3417568902782801,-0.6105223624445978,GP,0.2574273064907187,0.2031263524644097,1.5797666439164982e+20,5.792477694360493e+20
5.6,1.73,catalog,0.18,225.11887502209933,0.43,124.17441882733438,0.0946,catalog,1867666024.7404346,95997338.58854184,Selsis,-0.48425942931381344,-0.6923999397374972,log,0.12755859394328653,0.2086953672495787,7.596632849490154e+18,2.7854320448130564e+19
5.6,1.73,catalog,0.18,225.11887502209933,0.43,27.709440185720016,0.0946,catalog,5575164609.0141735,77985740.08578956,Selsis,-0.4245877644351443,-0.6742577335379226,GP,0.06966803927964324,0.30483082422883734,1.9497338473775956e+19,7.149024107051183e+19
5.6,1.73,catalog,0.18,225.11887502209933,0.43,8.868670177930964,0.0946,catalog,8989854329.226606,49130096.717053846,Jackson,-0.4139088893692766,-0.7631032077719014,GP,0.20409035311614857,0.8907640374569055,7.759771666909394e+19,2.845249611200111e+20
5.6,1.73,catalog,0.18,225.11887502209933,0.43,37.2486717236681,0.0946,catalog,4479293075.187696,44630439.31201942,Selsis,-0.3425351513926329,-0.6918837958732583,log,0.16656365442104254,0.4068571636928723,3.79479667719436e+19,1.3914254483045984e+20
5.6,1.73,catalog,0.18,225.11887502209933,0.43,37.09344449745341,0.0946,catalog,2367479082.590831,90858754.6439163,Jackson,-0.45617062868444586,-0.7229394902393347,GP,0.47952233508721825,0.3017938130759549,5.288720413215427e+19,1.9391974848456566e+20
5.6,1.73,catalog,0.18,225.11887502209933,0.43,30.357421659999346,0.0946,catalog,5206559196.989954,58232602.74890164,Selsis,-0.29156914138809814,-0.613712931571926,GP,0.28021812543219726,0.741180781879376,2.920345191424178e+20,1.0707932368555319e+21
5.6,1.73,catalog,0.18,225.11887502209933,0.43,64.24242657446112,0.0946,catalog,3034662598.2620854,50167263.283553325,Selsis,-0.28049237038528524,-0.6132157568436416,GP,0.48433515404655597,0.03799017757764245,3.6473439253272815e+20,1.33735943928667e+21
5.6,1.73,catalog,0.18,225.11887502209933,0.43,128.82183046666233,0.0946,catalog,1191239889.6841419,68600751.08361089,Selsis,-0.3198397690195878,-0.7603002774995519,log,0.07679317883080587,0.5488145113083064,2.939745183500808e+19,1.0779065672836296e+20
5.6,1.73,catalog,0.18,225.11887502209933,0.43,86.57004005447936,0.0946,catalog,2465816266.827437,24478227.895823117,Selsis,-0.43406324967802384,-0.6759738272123268,log,0.2887786046608712,0.4501899910762607,1.8628066177325437e+19,6.830290931685993e+19
5.6,1.73,catalog,0.18,225.11887502209933,0.43,17.359088646991207,0.0946,catalog,7979627219.433536,7309813.2699130885,Selsis,-0.353949336103972,-0.6723648394058044,GP,0.17807716130414308,0.6248582107426558,5.992136380568676e+19,2.1971166728751812e+20
5.6,1.73,catalog,0.18,225.11887502209933,0.43,53.0840286056793,0.0946,catalog,3472104698.767703,85656032.60804906,Selsis,-0.48170743302645475,-0.6874929841083964,GP,0.2579167238145136,0.7310996734904125,1.390392259728769e+19,5.0981049523388195e+19
5.6,1.73,catalog,0.18,225.11887502209933,0.43,10.851211685486001,0.0946,catalog,7363270387.933851,61118908.36924623,Jackson,-0.3083185505445677,-0.7751340584009702,linear,0.14673086130572058,0.32498838554527143,1.597119348610865e+20,5.8561042782398376e+20
5.6,1.73,catalog,0.18,225.11887502209933,0.43,19.876434903586027,0.0946,catalog,4145741067.552449,17322833.021281812,Jackson,-0.3864815683227398,-0.6691969362318276,linear,0.08153814444768713,0.6364171860232425,1.0632441037059516e+20,3.898561713588489e+20
5.6,1.73,catalog,0.18,225.11887502209933,0.43,40.58191724549791,0.0946,catalog,4209260723.8339763,30506744.72357397,Selsis,-0.46118338340964715,-0.64018294301516,GP,0.0555528913883407,0.5243287029609947,2.750664646194714e+19,1.0085770369380617e+20
5.6,1.73,catalog,0.18,225.11887502209933,0.43,252.06735799860678,0.0946,catalog,302780729.47417426,99003417.74636355,Jackson,-0.42796835689642543,-0.730954793229374,linear,0.34455476604748353,0.1339678103902766,2.6390582065850032e+19,9.676546757478344e+19
5.6,1.73,catalog,0.18,225.11887502209933,0.43,34.99780983304355,0.0946,catalog,4687591246.024538,63807939.613901876,Selsis,-0.32383659621264554,-0.6970896596111685,GP,0.3264211969217708,0.8817262080096606,6.405151698000148e+19,2.3485556226000542e+20
5.6,1.73,catalog,0.18,225.11887502209933,0.43,128.82183046666222,0.0946,catalog,1531621796.4566407,63975101.955745116,Selsis,-0.3085501111660498,-0.7767344107301445,linear,0.07269586995211474,0.7545901678308551,9.769937417607748e+19,3.582310386456174e+20
5.6,1.73,catalog,0.18,225.11887502209933,0.43,52.48267667572917,0.0946,catalog,3500311046.0236645,8144202.657663481,Selsis,-0.38566305487442687,-0.6138622577025944,GP,0.2208772079575856,0.9216541342290288,5.312742240714843e+19,1.948005488262109e+20
5.6,1.73,catalog,0.18,225.11887502209933,0.43,33.51899587550468,0.0946,catalog,2588309774.8149457,96930181.69014925,Jackson,-0.3943314699316519,-0.778092429365536,GP,0.2733403239999834,0.7204045914639995,7.00709128475273e+19,2.5692668044093342e+20
5.6,1.73,catalog,0.18,225.11887502209933,0.43,24.54408060804635,0.0946,catalog,3419298980.941368,89385506.06631334,Jackson,-0.33483835575828297,-0.7583245786663506,linear,0.18054896356477826,0.2448065604710764,1.1139530759530088e+20,4.0844946118276986e+20
5.6,1.73,catalog,0.18,225.11887502209933,0.43,20.210428304685024,0.0946,catalog,4082606243.2711544,55230461.784058824,Jackson,-0.31823828304591795,-0.740304304839993,linear,0.10380037140041742,0.43052622513598937,1.463575392556522e+20,5.3664431060405807e+20
5.6,1.73,catalog,0.18,225.11887502209933,0.43,164.36102643562478,0.0946,catalog,678926918.5491298,31629502.728636477,Jackson,-0.3317337012729195,-0.6348419521635956,GP,0.38011578646622407,0.386868425444869,1.606798852730003e+20,5.891595793343345e+20
5.6,1.73,catalog,0.18,225.11887502209933,0.43,32.74441832029956,0.0946,catalog,2642360029.4622436,70107467.61022308,Jackson,-0.4154258289484743,-0.6598688158995291,linear,0.21948792959873578,0.03582193263215616,7.390842955677804e+19,2.709975750415195e+20
5.6,1.73,catalog,0.18,225.11887502209933,0.43,10.567777233014324,0.0946,catalog,11876192434.77561,83504065.05271505,Selsis,-0.35877633244594975,-0.7985971123993796,linear,0.2625351853045104,0.4105481529788867,3.1338552760150348e+19,1.1490802678721793e+20
5.6,1.73,catalog,0.18,225.11887502209933,0.43,128.82183046666233,0.0946,catalog,1264135236.2504525,78826019.5725021,Selsis,-0.3113808201803959,-0.763287690568118,GP,0.22443187297325784,0.34556945399778305,5.994662143171297e+19,2.1980427858294755e+20
5.6,1.73,catalog,0.18,225.11887502209933,0.43,88.84782920513808,0.0946,catalog,2422040667.539554,97727689.83274001,Selsis,-0.4666126605095677,-0.6499697641616197,GP,0.26318351075077995,0.003923786200879853,1.3739482284977408e+19,5.037810171158383e+19
5.6,1.73,catalog,0.18,225.11887502209933,0.43,63.360632629720264,0.0946,catalog,3064253298.351419,64048684.4680273,Selsis,-0.41460992927470813,-0.7192331017998376,linear,0.06982921329821717,0.847123259091292,1.8980248230829167e+19,6.959424351304027e+19
5.6,1.73,catalog,0.18,225.11887502209933,0.43,29.18398745275884,0.0946,catalog,2926891798.9286976,32801317.72432767,Jackson,-0.4875438455474418,-0.794757293506548,log,0.4183737257689578,0.1438744250078532,4.329098334221394e+19,1.5873360558811778e+20
5.6,1.73,catalog,0.18,225.11887502209933,0.43,31.30600248956252,0.0946,catalog,5088412226.688915,50294833.69378483,Selsis,-0.410046997148772,-0.607216624335995,log,0.09655634154945615,0.500952167385264,2.6030382005624136e+19,9.544473402062183e+19
5.6,1.73,catalog,0.18,225.11887502209933,0.43,102.28332036373062,0.0946,catalog,2198796557.7919073,81815399.62711103,Selsis,-0.33009794153789723,-0.7697534174118876,log,0.34317941324691426,0.7846778231340452,3.145678102580785e+19,1.1534153042796211e+20
5.6,1.73,catalog,0.18,225.11887502209933,0.43,51.12202864430033,0.0946,catalog,3566365372.6895757,27268916.134322364,Selsis,-0.45665374244637075,-0.6979066719906345,log,0.39115979372338366,0.6044813690998091,1.7053258443542071e+19,6.252861429298759e+19
5.6,1.73,catalog,0.18,225.11887502209933,0.43,17.21983426489353,0.0946,catalog,4735671669.540994,23909417.239455152,Jackson,-0.3807848267526356,-0.7503367804710314,log,0.22397193959195696,0.1693512253826509,7.370959652131979e+19,2.7026852057817255e+20
5.6,1.73,catalog,0.18,225.11887502209933,0.43,27.77675763022189,0.0946,catalog,3059080360.1387,72758623.4523206,Jackson,-0.491951138647198,-0.6525061359549281,linear,0.19827628192563546,0.6182111256651116,6.077188957872446e+19,2.2283026178865634e+20
5.6,1.73,catalog,0.18,225.11887502209933,0.43,8.319703951470693,0.0946,catalog,9585564984.622808,44998315.22502567,Jackson,-0.3025170020390352,-0.6446547801905423,linear,0.06427146739766132,0.7575968944487361,1.946376349896049e+20,7.136713282952179e+20
5.6,1.73,catalog,0.18,225.11887502209933,0.43,7.397170921142937,0.0946,catalog,10799882498.751478,81840469.12378255,Jackson,-0.3195989671219007,-0.7205559192950214,GP,0.1365184128015189,0.8547645161441797,1.6016763775960374e+20,5.872813384518803e+20
5.6,1.73,catalog,0.18,225.11887502209933,0.43,60.979264762563815,0.0946,catalog,1541739739.742597,15224675.029739903,Jackson,-0.3846299778068455,-0.6683100757081937,linear,0.2044628400516458,0.3186537597375312,1.0708849660408906e+20,3.926578208816599e+20
5.6,1.73,catalog,0.18,225.11887502209933,0.43,27.749674215056142,0.0946,catalog,3061753896.8777947,34233949.85179126,Jackson,-0.34472686088617105,-0.6181852830907029,GP,0.06037251621444576,0.03392140053601933,1.6452861781685813e+20,6.032715986618131e+20
5.6,1.73,catalog,0.18,225.11887502209933,0.43,37.985969448249584,0.0946,catalog,2318662699.0076966,27541890.752420016,Jackson,-0.47713844372885106,-0.6370381763014787,linear,0.06462968151814781,0.607948206442907,8.026234463599375e+19,2.942952636653104e+20
5.6,1.73,catalog,0.18,225.11887502209933,0.43,50.61611949580758,0.0946,catalog,1807673086.0141547,70088946.65856107,Jackson,-0.3140539107925785,-0.7170204564710171,GP,0.4925510615967851,0.22576851014390664,1.7117785532651582e+20,6.276521361972247e+20
5.6,1.73,catalog,0.18,225.11887502209933,0.43,52.29510127088448,0.0946,catalog,3509226792.9330425,76173592.11933829,Selsis,-0.3426424631642103,-0.7117047892206725,log,0.10744943972810946,0.7808950739445915,3.0052936721670005e+19,1.1019410131279002e+20
5.6,1.73,catalog,0.18,225.11887502209933,0.43,17.97742424098304,0.0946,catalog,4549529593.980618,46144266.892769076,Jackson,-0.4736071727204823,-0.6226243451945959,GP,0.11186712881964818,0.6798817093661244,8.55890730636259e+19,3.1382660123329495e+20
5.6,1.73,catalog,0.18,225.11887502209933,0.43,57.92042474140017,0.0946,catalog,3264237148.945452,48324908.263494626,Selsis,-0.284248357273869,-0.7931254399147315,GP,0.08922758833671937,0.7731868546759277,2.5762200748958073e+20,9.446140274617959e+20
5.6,1.73,catalog,0.18,225.11887502209933,0.43,84.17905047623185,0.0946,catalog,2513981639.43406,14071156.396123819,Selsis,-0.4950433022745817,-0.7954376855372348,log,0.22130425993058994,0.9675312003214016,1.5852102842084469e+19,5.812437708764305e+19
5.6,1.73,catalog,0.18,225.11887502209933,0.43,77.80639969551923,0.0946,catalog,2654879020.775337,70480981.2874922,Selsis,-0.3617276102295898,-0.7588409316869956,GP,0.14860926668189103,0.5845473951485413,2.5294621940350054e+19,9.274694711461686e+19
5.6,1.73,catalog,0.18,225.11887502209933,0.43,6.518694395829975,0.0946,catalog,12301958646.313114,99239445.7263255,Jackson,-0.46221390071702034,-0.6344756710629312,log,0.3086035813201786,0.9043135504101099,4.410741513803234e+19,1.617271888394519e+20
5.6,1.73,catalog,0.18,225.11887502209933,0.43,15.187777914873257,0.0946,catalog,8864693822.149328,78014262.24234913,Selsis,-0.34176331717170194,-0.7693573624765598,GP,0.16272895524799083,0.6418933824740444,3.755142438502504e+19,1.3768855607842515e+20
5.6,1.73,catalog,0.18,225.11887502209933,0.43,128.82183046666222,0.0946,catalog,956597650.6865486,23088119.995575182,Selsis,-0.4845106241268686,-0.7429441430103295,GP,0.05180670659461539,0.18174434619868407,1.3639326417323168e+19,5.001086353018495e+19
5.6,1.73,catalog,0.18,225.11887502209933,0.43,33.541315849975824,0.0946,catalog,4835731232.576437,62689151.21982932,Selsis,-0.48215780577451445,-0.6741862619719649,GP,0.15193484763418172,0.7993081795089588,1.6982253549375214e+19,6.2268263014375784e+19
5.6,1.73,catalog,0.18,225.11887502209933,0.43,21.520310286057647,0.0946,catalog,3853942390.66459,30200724.255761042,Jackson,-0.3974158170761109,-0.7631514379877239,GP,0.05677501987595344,0.6936986242137152,9.325438111191171e+19,3.419327307436763e+20
5.6,1.73,catalog,0.18,225.11887502209933,0.43,29.632825227449036,0.0946,catalog,5301440930.644024,3987478.7387120132,Selsis,-0.2813179176115792,-0.7393767317512854,log,0.3355493368233047,0.977939777674916,2.147507655003466e+20,7.874194735012708e+20
5.6,1.73,catalog,0.18,225.11887502209933,0.43,17.988499298742898,0.0946,catalog,4546925783.861068,18802462.70992752,Jackson,-0.43916642725045674,-0.7066174545753616,linear,0.0649573186207898,0.24343198894074403,8.04371074915703e+19,2.9493606080242444e+20
5.6,1.73,catalog,0.18,225.11887502209933,0.43,9.761890437742077,0.0946,catalog,8171151282.333808,11156763.654120294,Jackson,-0.36524380463356504,-0.7543781432464124,log,0.08239939429945506,0.3331255162839325,9.02876493426543e+19,3.310547142563991e+20
5.6,1.73,catalog,0.18,225.11887502209933,0.43,98.3548603845701,0.0946,catalog,1032786447.9497155,20397322.80325122,Jackson,-0.3859082036376682,-0.6015172632044133,linear,0.14419003496093888,0.8214910266023719,1.2092983462986768e+20,4.434093936428481e+20
5.6,1.73,catalog,0.18,225.11887502209933,0.43,62.23771005277591,0.0946,catalog,3103002383.6898413,79764837.72345133,Selsis,-0.31473368587690376,-0.7673107965357465,log,0.07837076024899563,0.06288959803358041,5.58638825019243e+19,2.048342358403891e+20
5.6,1.73,catalog,0.18,225.11887502209933,0.43,10.65550486722118,0.0946,catalog,11795847280.641438,29990381.26901274,Selsis,-0.43651028630486477,-0.6300125790159493,GP,0.1730573162831816,0.6331997646149408,3.3852094432553378e+19,1.2412434625269572e+20
5.6,1.73,catalog,0.18,225.11887502209933,0.43,49.39245386077351,0.0946,catalog,1846116542.887692,75946955.14356607,Jackson,-0.37791223624347303,-0.7059800337002562,linear,0.14443366406397867,0.5354760527328751,8.230572467368588e+19,3.0178765713684824e+20
5.6,1.73,catalog,0.18,225.11887502209933,0.43,128.82183046666222,0.0946,catalog,1445810281.856351,94937392.92943431,Selsis,-0.29086282667686025,-0.7741752640559624,GP,0.4482214283712248,0.16882187226755685,1.3436670709192383e+20,4.926779260037207e+20
5.6,1.73,catalog,0.18,225.11887502209933,0.43,29.317430220539315,0.0946,catalog,5344074504.966617,57853038.39170969,Selsis,-0.42683112216606733,-0.7763027685674839,log,0.06128350099710198,0.16512170926024317,1.3795198992445743e+19,5.058239630563439e+19
5.6,1.73,catalog,0.18,225.11887502209933,0.43,23.870719121357677,0.0946,catalog,6241006997.210903,49055485.25899541,Selsis,-0.40333077211176016,-0.6999407887898289,linear,0.18866965382854703,0.8101976212539794,2.585455553838533e+19,9.480003697407954e+19
5.6,1.73,catalog,0.18,225.11887502209933,0.43,30.482904838165247,0.0946,catalog,5190545984.451204,75262590.3834361,Selsis,-0.3044610708091923,-0.729295965706158,GP,0.26264528815199367,0.015445155437674774,1.3805675958062794e+20,5.0620811846230245e+20
5.6,1.73,catalog,0.18,225.11887502209933,0.43,24.206600872089457,0.0946,catalog,6175024044.559126,10611923.849415911,Selsis,-0.4268502514084193,-0.7530795401774013,linear,0.06708061157038105,0.746841440309942,2.9984720835318936e+19,1.0994397639616943e+20
5.6,1.73,catalog,0.18,225.11887502209933,0.43,31.376294196385693,0.0946,catalog,5079916406.928766,43392996.66100363,Selsis,-0.4162517717805606,-0.6082121725668502,log,0.21648715448675587,0.7326672270044869,2.620758890220126e+19,9.609449264140462e+19
5.6,1.73,catalog,0.18,225.11887502209933,0.43,124.46108676000449,0.0946,catalog,1859882814.898996,50383634.898274004,Selsis,-0.43309386204690636,-0.7073240518733619,log,0.3657708221705723,0.6496799763686545,1.1289519897280276e+19,4.1394906290027676e+19
5.6,1.73,catalog,0.18,225.11887502209933,0.43,19.446820775368174,0.0946,catalog,4230150942.9974804,83274079.7294394,Jackson,-0.321903097428484,-0.6142378037255345,GP,0.30656717208779216,0.40951766308126614,1.7902897175431738e+20,6.564395630991637e+20
5.6,1.73,catalog,0.18,225.11887502209933,0.43,12.596124725931727,0.0946,catalog,6370836428.015518,81607548.36289865,Jackson,-0.29531486650368843,-0.7672000547870362,log,0.4306661072054514,0.028320683524207024,1.4012253624084567e+20,5.137826328831008e+20
5.6,1.73,catalog,0.18,225.11887502209933,0.43,11.065597543096526,0.0946,catalog,7223796651.339989,84978270.62514815,Jackson,-0.36115824625328075,-0.7633067865539975,linear,0.26275785088011355,0.8017766682930172,8.916746029373425e+19,3.269473544103589e+20
5.6,1.73,catalog,0.18,225.11887502209933,0.43,112.24393226128336,0.0946,catalog,2063655342.6467698,70089419.85890248,Selsis,-0.36280137112287647,-0.6807944618115097,log,0.12386734644830746,0.1257072038064413,1.9346840073290486e+19,7.093841360206511e+19
5.6,1.73,catalog,0.18,225.11887502209933,0.43,74.24392869708,0.0946,catalog,1305601958.2294004,53525024.91129893,Jackson,-0.4141992036631015,-0.7460248714766355,GP,0.4163143576901342,0.28078748415970567,7.473483199115487e+19,2.7402771730090118e+20
5.6,1.73,catalog,0.18,225.11887502209933,0.43,23.406167676686334,0.0946,catalog,6335138423.722222,82960052.81299484,Selsis,-0.4972535750942707,-0.7630124288777479,GP,0.0840091850873406,0.9467829267912032,1.3029679320238354e+19,4.777549084087397e+19
5.6,1.73,catalog,0.18,225.11887502209933,0.43,76.28526852559753,0.0946,catalog,2691537961.1412964,87454959.11027169,Selsis,-0.46173372825881387,-0.7810629229173378,linear,0.19172214658871456,0.3018610265161712,1.21183576215587e+19,4.443397794571523e+19
5.6,1.73,catalog,0.18,225.11887502209933,0.43,188.43910265071597,0.0946,catalog,608189203.6173718,48567974.67322256,Jackson,-0.4675635619901484,-0.7847458659385673,log,0.29149287884256264,0.25513915039492163,3.809007090753893e+19,1.3966359332764274e+20
5.6,1.73,catalog,0.18,225.11887502209933,0.43,21.275694619573937,0.0946,catalog,6815186319.203112,98580528.88098839,Selsis,-0.47450595938113194,-0.6493663229173148,GP,0.3726071388175674,0.9733705553784043,1.7114756444596457e+19,6.275410696352034e+19
5.6,1.73,catalog,0.18,225.11887502209933,0.43,43.17602219579684,0.0946,catalog,4025142202.9699173,87606994.3729387,Selsis,-0.3561095904682531,-0.7435673707260367,linear,0.41258376572607325,0.08593220209566887,3.2196196186370195e+19,1.1805271935002404e+20
5.6,1.73,catalog,0.18,225.11887502209933,0.43,30.55466690525642,0.0946,catalog,2809655292.281854,51536496.876719385,Jackson,-0.47000323047776454,-0.604316169338473,linear,0.06080589060281018,0.16069038791734747,8.404019705061809e+19,3.081473891855996e+20
5.6,1.73,catalog,0.18,225.11887502209933,0.43,128.82183046666233,0.0946,catalog,834633735.245318,7859471.939363532,Selsis,-0.48116053044192175,-0.763375774504175,GP,0.26609038003658364,0.43831751488178516,1.869595194791885e+19,6.855182380903577e+19
5.6,1.73,catalog,0.18,225.11887502209933,0.43,128.82183046666222,0.0946,catalog,949831848.9235511,23224713.036317732,Selsis,-0.4158320685563912,-0.7291106699952304,log,0.0799971099920125,0.7876731278415507,1.2398345585727664e+19,4.546060048100143e+19
5.6,1.73,catalog,0.18,225.11887502209933,0.43,12.89959753221899,0.0946,catalog,6226538652.86369,77863459.3582522,Jackson,-0.4452150141470623,-0.7250182761035333,log,0.3006695487698522,0.8843589389432764,3.996594436562185e+19,1.465417960072801e+20
5.6,1.73,catalog,0.18,225.11887502209933,0.43,49.7744483731261,0.0946,catalog,3634950114.4209423,12004271.44286979,Selsis,-0.46791067996010594,-0.6999694414526341,log,0.2509919173931709,0.7556357226827659,2.038038493162818e+19,7.472807808263666e+19
5.6,1.73,catalog,0.18,225.11887502209933,0.43,50.167046657367564,0.0946,catalog,1821571989.184129,47510206.565607056,Jackson,-0.46785186737711504,-0.6258728262041093,log,0.07591408519836192,0.9761750316028538,5.556250390588032e+19,2.037291809882278e+20
5.6,1.73,catalog,0.18,225.11887502209933,0.43,68.56154382291207,0.0946,catalog,2899451063.7808595,60880367.01836803,Selsis,-0.44363474450779156,-0.6330459580071626,linear,0.3402516005075894,0.016846142606958603,2.2157347961065787e+19,8.124360919057456e+19
5.6,1.73,catalog,0.18,225.11887502209933,0.43,128.82183046666222,0.0946,catalog,1711344155.4415438,87956336.008681,Selsis,-0.3818930520572709,-0.798008733827241,GP,0.1447967480777489,0.6195065549914396,1.352521850258296e+19,4.959246784280419e+19
5.6,1.73,catalog,0.18,225.11887502209933,0.43,128.82183046666222,0.0946,catalog,1381538908.947471,84864272.4264545,Selsis,-0.33321896797992473,-0.7181489866083475,log,0.17491463825659656,0.11634620188493383,2.197900226538986e+19,8.058967497309615e+19
5.6,1.73,catalog,0.18,225.11887502209933,0.43,89.53179563862791,0.0946,catalog,2409275449.1097465,76663514.18491355,Selsis,-0.31238913848452937,-0.6344126537918836,log,0.4681378517732166,0.9103627406048701,8.911575954009904e+19,3.2675778498036315e+20
5.6,1.73,catalog,0.18,225.11887502209933,0.43,44.992810418753194,0.0946,catalog,3907550455.9138126,41361730.0185087,Selsis,-0.33468807305745296,-0.799960438434658,linear,0.2267752173475079,0.9353072073593923,6.6688694254185366e+19,2.4452521226534633e+20
5.6,1.73,catalog,0.18,225.11887502209933,0.43,36.9053419559811,0.0946,catalog,2378060239.4818516,15082676.17988741,Jackson,-0.36179308286508244,-0.6932720855563512,linear,0.1938800617451122,0.3030282177037976,1.2034989762413258e+20,4.412829579551528e+20
5.6,1.73,catalog,0.18,225.11887502209933,0.43,70.4477127142212,0.0946,catalog,2844995677.3661385,67295281.64622694,Selsis,-0.30032259294571373,-0.7481048757333596,log,0.05196761391302519,0.8277085351829984,1.0145144472480493e+20,3.719886306576181e+20
5.6,1.73,catalog,0.18,225.11887502209933,0.43,23.14331333186433,0.0946,catalog,3606490022.6685863,18947573.626358792,Jackson,-0.3856579033984649,-0.7174462901515799,linear,0.07910152191802919,0.6302755753872982,9.958945597357072e+19,3.651613385697593e+20
5.6,1.73,catalog,0.18,225.11887502209933,0.43,26.758424251687913,0.0946,catalog,3163275420.837823,56570133.857452966,Jackson,-0.3606614950121879,-0.7159390600242385,GP,0.0531539355385298,0.10048878448505816,1.1307481909508986e+20,4.1460767001532944e+20
5.6,1.73,catalog,0.18,225.11887502209933,0.43,122.14826720735412,0.0946,catalog,1924174213.7109725,98087140.06387109,Selsis,-0.40944347892698896,-0.7216491118564972,GP,0.10771654873325098,0.6027681593284442,1.2300392795781954e+19,4.5101440251200496e+19
5.6,1.73,catalog,0.18,225.11887502209933,0.43,76.36011416659284,0.0946,catalog,1275167280.3418133,55480667.80492018,Jackson,-0.4279754758062359,-0.6216099755577473,linear,0.11052953867061972,0.9760570393576685,8.23810026433904e+19,3.020636763590981e+20
5.6,1.73,catalog,0.18,225.11887502209933,0.43,128.82183046666222,0.0946,catalog,1224685334.3148086,64910129.8587843,Selsis,-0.4270234085185243,-0.6927072782060931,linear,0.16955089036148052,0.3080940490057231,1.0919526918300484e+19,4.003826536710177e+19
5.6,1.73,catalog,0.18,225.11887502209933,0.43,66.24587105725489,0.0946,catalog,2970016678.3543754,68079971.7197012,Selsis,-0.4673701980232956,-0.619250655234403,log,0.24475887667568397,0.0011407761460023869,1.5491227004253997e+19,5.680116568226465e+19
5.6,1.73,catalog,0.18,225.11887502209933,0.43,14.390133611768894,0.0946,catalog,5608506051.002709,83208447.40987498,Jackson,-0.3247485168517527,-0.6546515185357298,linear,0.0755640412158242,0.976791677203179,1.3760001417998143e+20,5.0453338532659855e+20
5.6,1.73,catalog,0.18,225.11887502209933,0.43,126.72764858808283,0.0946,catalog,1800106648.0065658,44063087.13259783,Selsis,-0.48781902144662037,-0.7297759858051989,GP,0.1998133150565444,0.41398341745050315,1.2739302140972868e+19,4.671077451690051e+19
5.6,1.73,catalog,0.18,225.11887502209933,0.43,12.667909267321475,0.0946,catalog,6336059670.988122,50253480.20419727,Jackson,-0.35156924637180564,-0.701287263690209,linear,0.4129964122129655,0.43093276784338286,1.1186096134621076e+20,4.101568582694394e+20
5.6,1.73,catalog,0.18,225.11887502209933,0.43,14.405062700376291,0.0946,catalog,5602978987.079998,18421229.378534406,Jackson,-0.30981875757585214,-0.7220282923589417,log,0.07655575792505118,0.7126121170937385,1.4547008592979055e+20,5.333903150758987e+20
5.6,1.73,catalog,0.18,225.11887502209933,0.43,269.6769641852802,0.0946,catalog,221569318.67647594,61853308.8860127,Jackson,-0.3905657636632192,-0.6342851443599357,linear,0.22806468135784497,0.6043853871444242,3.308129988541269e+19,1.2129809957984652e+20
5.6,1.73,catalog,0.18,225.11887502209933,0.43,128.82183046666222,0.0946,catalog,746947421.4354856,30280042.62611453,Selsis,-0.48455582799485897,-0.7624804376058073,GP,0.05553402425074188,0.301986612311989,1.025024822621215e+19,3.758424349611121e+19
5.6,1.73,catalog,0.18,225.11887502209933,0.43,42.31935732882909,0.0946,catalog,2110130595.1812747,51254850.139981255,Jackson,-0.40574815843988404,-0.6127175435476897,linear,0.1698703723035904,0.0999778786559673,9.603617146504244e+19,3.521326287051556e+20
5.6,1.73,catalog,0.18,225.11887502209933,0.43,107.40278914395039,0.0946,catalog,960422086.6406434,76889162.15747988,Jackson,-0.42449014736588303,-0.6839151011496167,log,0.27574602552702493,0.8273625199471958,4.4484154513429455e+19,1.6310856654924133e+20
5.6,1.73,catalog,0.18,225.11887502209933,0.43,41.16658386123963,0.0946,catalog,4165953146.4259796,2739420.5635166736,Selsis,-0.2831813497541253,-0.6776484092063833,GP,0.05407689976903914,0.48337717634640254,3.2758550459777e+20,1.201146850191823e+21
5.6,1.73,catalog,0.18,225.11887502209933,0.43,128.82183046666222,0.0946,catalog,931016453.3833132,56827637.13185295,Selsis,-0.34792165564383226,-0.6966397199496057,log,0.10780412910432433,0.6724742936467212,1.597415240780396e+19,5.8571892161947845e+19
5.6,1.73,catalog,0.18,225.11887502209933,0.43,21.923909597885597,0.0946,catalog,6660004598.309937,18171056.713758282,Selsis,-0.3413008429376376,-0.6891007045910165,linear,0.3775087217069772,0.8605047001191455,7.739086677283276e+19,2.837665115003868e+20
5.6,1.73,catalog,0.18,225.11887502209933,0.43,21.469101839305903,0.0946,catalog,3862357520.197806,28658950.63860151,Jackson,-0.3865180778283092,-0.6664649167154346,linear,0.08403298682116013,0.017722379285222356,1.0046245436812408e+20,3.683623326831216e+20
5.6,1.73,catalog,0.18,225.11887502209933,0.43,14.734040878293007,0.0946,catalog,5484092020.953416,4436614.728612795,Jackson,-0.3439288640227388,-0.6689929489798281,log,0.2641463164206683,0.8593852769426914,1.2110446268437525e+20,4.4404969650937594e+20
5.6,1.73,catalog,0.18,225.11887502209933,0.43,13.866940689538858,0.0946,catalog,5809908268.161113,17776813.258404322,Jackson,-0.341034385121123,-0.7571705822260072,linear,0.20474263027940334,0.751795259756768,1.350423691075823e+20,4.951553533944684e+20
5.6,1.73,catalog,0.18,225.11887502209933,0.43,42.35866460463262,0.0946,catalog,4080976297.0365143,98676309.93542804,Selsis,-0.48540104623585695,-0.6835119678253851,log,0.07288827468345813,0.9468217499864638,1.0940301416323242e+19,4.011443852651855e+19
5.6,1.73,catalog,0.18,225.11887502209933,0.43,15.212230983347357,0.0946,catalog,8853406065.309572,99853753.35873188,Selsis,-0.4510265646150005,-0.7290747118623115,log,0.275852877341792,0.23359080526878373,1.1764829593304893e+19,4.313770850878461e+19
5.6,1.73,catalog,0.18,225.11887502209933,0.43,10.529573516236015,0.0946,catalog,11911584555.742607,72264944.0690751,Selsis,-0.49714713780564507,-0.6725939388394242,log,0.1702358397421038,0.32242233719791746,1.2899626418635012e+19,4.729863020166171e+19
5.6,1.73,catalog,0.18,225.11887502209933,0.43,30.25889797465522,0.0946,catalog,2834070296.9358287,61573828.62234816,Jackson,-0.3878423706957142,-0.6904330839464162,GP,0.06471363648981648,0.6614787426125196,9.213704380999967e+19,3.378358273033321e+20
5.6,1.73,catalog,0.18,225.11887502209933,0.43,128.82183046666233,0.0946,catalog,1518320510.0307028,77923688.35682724,Selsis,-0.3073240319360742,-0.7640640132575015,GP,0.44498093844849484,0.9257929886612333,8.357499823113047e+19,3.0644166018081174e+20
5.6,1.73,catalog,0.18,225.11887502209933,0.43,27.437483837585418,0.0946,catalog,3092947281.192115,89758872.94633101,Jackson,-0.3658980023670278,-0.6530532164921928,linear,0.15521440824235053,0.9926693614493907,9.415163261946642e+19,3.452226529380435e+20
5.6,1.73,catalog,0.18,225.11887502209933,0.43,42.02816763069843,0.0946,catalog,2122835723.2174644,52411200.896975406,Jackson,-0.38995434388230393,-0.708597310504102,GP,0.27800386840538316,0.416737650585681,9.153342407421849e+19,3.356225549388011e+20
5.6,1.73,catalog,0.18,225.11887502209933,0.43,20.664864359017262,0.0946,catalog,3999989022.3536906,4493115.942352421,Jackson,-0.29628751352565924,-0.6897116895427726,GP,0.08254110333970346,0.5392296757207439,2.6883406941354754e+20,9.857249211830077e+20
5.6,1.73,catalog,0.18,225.11887502209933,0.43,61.95292451998777,0.0946,catalog,3113026082.3035803,71230186.23742521,Selsis,-0.46211192757521413,-0.6654714270150374,linear,0.06857301009127066,0.17055100761373154,1.6879867476632582e+19,6.1892847414319464e+19
5.6,1.73,catalog,0.18,225.11887502209933,0.43,51.3038656726454,0.0946,catalog,3557356179.480983,98475647.70516983,Selsis,-0.4835870522053091,-0.6694256452165726,log,0.275598456187067,0.6939753672385983,1.111600345632264e+19,4.075867933984968e+19
5.6,1.73,catalog,0.18,225.11887502209933,0.43,14.13223797187289,0.0946,catalog,5705872584.779148,26547242.64122417,Jackson,-0.2981927379898621,-0.6502142359819911,log,0.23593598406686364,0.8373704228929144,1.6968799977164394e+20,6.221893324960277e+20
5.6,1.73,catalog,0.18,225.11887502209933,0.43,80.41424540566014,0.0946,catalog,2594862963.2406173,46883090.9806489,Selsis,-0.3013880139178611,-0.7586496542713765,log,0.09398914350855933,0.7986493124444201,9.941241767179513e+19,3.6451219812991546e+20
5.6,1.73,catalog,0.18,225.11887502209933,0.43,21.390381852293995,0.0946,catalog,3875372167.623809,36766165.704076834,Jackson,-0.34974605303315115,-0.7779217532525287,log,0.27877475310124367,0.3458430447561033,8.742441271770535e+19,3.205561799649196e+20
5.6,1.73,catalog,0.18,225.11887502209933,0.43,71.79369352653451,0.0946,catalog,2807675361.4952765,39656281.92875647,Selsis,-0.4458845843388686,-0.6661640850651311,GP,0.15994190534825392,0.9632640157139396,2.169597821122251e+19,7.955192010781588e+19
5.6,1.73,catalog,0.18,225.11887502209933,0.43,23.814743116891364,0.0946,catalog,6252169912.365317,72418599.39366034,Selsis,-0.28665191456503847,-0.7528030106668636,log,0.11157509389349815,0.12034658703803136,1.613023188769951e+20,5.914418358823153e+20
5.6,1.73,catalog,0.18,225.11887502209933,0.43,16.946258588990442,0.0946,catalog,4807024586.102996,38462034.58584896,Jackson,-0.33162380260315816,-0.7770790262900347,GP,0.3060989372852228,0.4939700150961598,1.5449480271420814e+20,5.664809432854298e+20
5.6,1.73,catalog,0.18,225.11887502209933,0.43,248.75093997910588,0.0946,catalog,401412967.0471378,94167328.42041394,Jackson,-0.3517431916113728,-0.7737525014381185,log,0.2068963132369014,0.5545971301931053,4.193308708699492e+19,1.5375465265231472e+20
5.6,1.73,catalog,0.18,225.11887502209933,0.43,34.77495467413733,0.0946,catalog,4709532137.555841,79176186.92259248,Selsis,-0.4509595087166015,-0.7374399752200972,log,0.1607823493607154,0.5365138570536546,1.1510220209480284e+19,4.220414076809437e+19
5.6,1.73,catalog,0.18,225.11887502209933,0.43,48.936819889730174,0.0946,catalog,1860903186.4117641,3737055.483681817,Jackson,-0.3871203822407146,-0.601642590390151,linear,0.29653577881426274,0.757890779678944,1.3906772585281066e+20,5.0991499479363905e+20
5.6,1.73,catalog,0.18,225.11887502209933,0.43,27.912063978271163,0.0946,catalog,5544706138.292157,82036339.32133876,Selsis,-0.3190332269146601,-0.7685479346625831,linear,0.17530663926800033,0.6096072324772517,1.0554444279016194e+20,3.869962902305938e+20
5.6,1.73,catalog,0.18,225.11887502209933,0.43,36.963851781008145,0.0946,catalog,4504387592.12331,77512884.82142721,Selsis,-0.3107427505588971,-0.7402926875403064,log,0.43401469803309245,0.07712943329417465,7.02181137712391e+19,2.5746641716121e+20
5.6,1.73,catalog,0.18,225.11887502209933,0.43,24.591706916559108,0.0946,catalog,3413312337.6167045,52132879.10974212,Jackson,-0.37648537452372105,-0.6158531696235714,linear,0.3288710895413266,0.17985165343674625,1.0976709853528718e+20,4.02479361296053e+20
5.6,1.73,catalog,0.18,225.11887502209933,0.43,30.588852523676024,0.0946,catalog,5177118974.420072,50184922.277894944,Selsis,-0.3849853543817619,-0.6073383873718394,GP,0.11406635847326053,0.5322390206551036,4.12300005823106e+19,1.5117666880180552e+20
5.6,1.73,catalog,0.18,225.11887502209933,0.43,18.955784101696306,0.0946,catalog,7450800749.381905,83717163.4432284,Selsis,-0.3465095577723191,-0.7542313277696964,linear,0.1458442309981237,0.6945476010634188,4.394820659014368e+19,1.6114342416386015e+20
5.6,1.73,catalog,0.18,225.11887502209933,0.43,23.438534562615654,0.0946,catalog,6328468523.998381,43053743.627140455,Selsis,-0.383785254251256,-0.6239094605898685,linear,0.453213745439291,0.5141745322105782,4.40482787504411e+19,1.6151035541828403e+20
5.6,1.73,catalog,0.18,225.11887502209933,0.43,21.160689368169475,0.0946,catalog,3913900103.9154325,16786771.986036547,Jackson,-0.40811017162555463,-0.7722164110953973,GP,0.39280264103230617,0.35550778344046474,9.416122388416202e+19,3.452578209085941e+20
5.6,1.73,catalog,0.18,225.11887502209933,0.43,27.143813810143946,0.0946,catalog,5662389057.820374,31976984.452054232,Selsis,-0.4812078174866345,-0.6476927177398969,linear,0.07765251782547343,0.051134561745864504,2.5101710452993847e+19,9.203960499431077e+19
5.6,1.73,catalog,0.18,225.11887502209933,0.43,53.55302052856233,0.0946,catalog,3450496635.024724,27255037.932391446,Selsis,-0.4722690713425724,-0.7973983678705258,linear,0.09403160243053778,0.7858808993351112,1.9308998714442387e+19,7.079966195295542e+19
5.6,1.73,catalog,0.18,225.11887502209933,0.43,24.358909461803623,0.0946,catalog,6145656073.56342,68424843.93549357,Selsis,-0.3327393969958532,-0.718676074151808,linear,0.11571523021065601,0.49719423989808864,7.584406616413998e+19,2.7809490926851326e+20
5.6,1.73,catalog,0.18,225.11887502209933,0.43,11.831266582396205,0.0946,catalog,6768499541.931782,18708461.654043682,Jackson,-0.494573905782661,-0.7505329586565224,GP,0.37915696694197276,0.5387891305470927,7.1409455272533254e+19,2.6183466933262192e+20
5.6,1.73,catalog,0.18,225.11887502209933,0.43,124.06231086496538,0.0946,catalog,1870723819.5610106,64832471.2068479,Selsis,-0.4884928943245261,-0.6591983971681754,GP,0.42304573035231136,0.46895814026791616,1.2527149088148271e+19,4.593287998987699e+19
5.6,1.73,catalog,0.18,225.11887502209933,0.43,103.8946863877111,0.0946,catalog,2175415693.3304925,47130727.77911243,Selsis,-0.30097841282098814,-0.7967887737289631,linear,0.31718325026764016,0.26534541574574666,1.5938509570231566e+20,5.844120175751574e+20
5.6,1.73,catalog,0.18,225.11887502209933,0.43,77.95512752674576,0.0946,catalog,2651361951.419339,84126432.0117664,Selsis,-0.34512063503996937,-0.7070196587896934,log,0.09433621567236457,0.2763734647440481,2.602901533783366e+19,9.543972290539009e+19
5.6,1.73,catalog,0.18,225.11887502209933,0.43,125.10215735279782,0.0946,catalog,1842661532.9070885,49014875.57852933,Selsis,-0.49907320117888787,-0.660654195051013,log,0.38550925700803007,0.06350078724999064,1.0632285938731289e+19,3.898504844201472e+19
5.6,1.73,catalog,0.18,225.11887502209933,0.43,61.080021696861756,0.0946,catalog,3144262505.6656013,93050589.52236891,Selsis,-0.43135045764192803,-0.7906590253499635,GP,0.05393257179485352,0.7075990162019328,1.367563300841933e+19,5.014398769753754e+19
5.6,1.73,catalog,0.18,225.11887502209933,0.43,42.492765008045595,0.0946,catalog,2102644580.2093382,90146443.66067319,Jackson,-0.33206993866898016,-0.6205199635740055,log,0.13236509790905676,0.27187287313352193,1.0253935230650724e+20,3.7597762512385986e+20
5.6,1.73,catalog,0.18,225.11887502209933,0.43,36.65126690077592,0.0946,catalog,4532331630.953823,19343470.33129826,Selsis,-0.40812782400500375,-0.7277605185207102,log,0.11928851623596075,0.2985613481742777,2.265886219444606e+19,8.308249471296889e+19
5.6,1.73,catalog,0.18,225.11887502209933,0.43,128.82183046666233,0.0946,catalog,1316986256.060876,68930468.88283648,Selsis,-0.39686447897121546,-0.7669468335515516,log,0.17147847408073424,0.9935001210028401,8.452532641361796e+18,3.099261968499325e+19
5.6,1.73,catalog,0.18,225.11887502209933,0.43,32.68231045234443,0.0946,catalog,2646802408.373131,22247850.16295675,Jackson,-0.39906420656986785,-0.7549071007939079,linear,0.18180698367235562,0.3858125558241988,8.824926009228512e+19,3.235806203383788e+20
5.6,1.73,catalog,0.18,225.11887502209933,0.43,31.735278379803034,0.0946,catalog,5037062113.150948,82507126.31681532,Selsis,-0.4555304312830111,-0.7322188142439073,log,0.0840184163208222,0.5106972077540088,1.1400227285345337e+19,4.1800833379599565e+19
5.6,1.73,catalog,0.18,225.11887502209933,0.43,57.38906617501222,0.0946,catalog,3285555986.622655,63936592.299120344,Selsis,-0.3412938836623826,-0.7603249796355416,log,0.08008030289056693,0.3864731007611816,3.0103061210658513e+19,1.1037789110574788e+20
5.6,1.73,catalog,0.18,225.11887502209933,0.43,56.66939649312876,0.0946,catalog,3314992570.6991205,30117651.733883463,Selsis,-0.4773386072852987,-0.6978842492169595,GP,0.3180801709516918,0.2901911132443754,2.107178975020981e+19,7.726322908410264e+19
5.6,1.73,catalog,0.18,225.11887502209933,0.43,12.376802453691408,0.0946,catalog,6479670711.867289,25663239.209967136,Jackson,-0.38840475677973235,-0.6734136527001288,log,0.05958909671237727,0.005850738246765408,7.556942634331038e+19,2.7708789659213804e+20
5.6,1.73,catalog,0.18,225.11887502209933,0.43,7.05036649228382,0.0946,catalog,11344758742.473919,43528187.84949757,Jackson,-0.4626097179589404,-0.7133139782233351,GP,0.15568832570400137,0.854886347775255,6.8531629377443774e+19,2.5128264105062718e+20
5.6,1.73,catalog,0.18,225.11887502209933,0.43,18.34198496653072,0.0946,catalog,4465484622.5598545,80271574.17465198,Jackson,-0.4897627818930257,-0.7145935700209756,log,0.0777349656399042,0.4731536754400616,3.4870158516437828e+19,1.2785724789360537e+20
5.6,1.73,catalog,0.18,225.11887502209933,0.43,128.82183046666222,0.0946,catalog,1333733149.3785565,79819999.2949057,Selsis,-0.468486345421623,-0.6436600961262595,GP,0.1043607591103726,0.719890303709417,9.339564806863768e+18,3.424507095850048e+19
5.6,1.73,catalog,0.18,225.11887502209933,0.43,128.82183046666222,0.0946,catalog,1435858057.1191885,4304246.329938612,Selsis,-0.30874631401141683,-0.739796657408423,GP,0.0946813460503477,0.9586566916295705,1.093046257893354e+20,4.007836278942298e+20
5.6,1.73,catalog,0.18,225.11887502209933,0.43,12.595938216594204,0.0946,catalog,10294729348.911314,30926434.33161911,Selsis,-0.46124751374829853,-0.6754462332185516,linear,0.25555961799302945,0.0028313399537372996,2.4665427321143656e+19,9.043990017752673e+19
5.6,1.73,catalog,0.18,225.11887502209933,0.43,15.590920237591487,0.0946,catalog,5198468654.106991,42862245.383502044,Jackson,-0.4387587740172829,-0.6214156829913055,log,0.14288630565416452,0.6750396068442571,6.40816635622536e+19,2.349660997282632e+20
5.6,1.73,catalog,0.18,225.11887502209933,0.43,25.872208261719354,0.0946,catalog,5871198151.885691,58972619.33098008,Selsis,-0.46961914659151066,-0.7556971269807976,GP,0.09963498018837806,0.11864070403393867,1.5501326481150575e+19,5.68381970975521e+19
5.6,1.73,catalog,0.18,225.11887502209933,0.43,30.256560968002155,0.0946,catalog,5219517988.649917,15803173.872655205,Selsis,-0.3381800776352931,-0.6760198539951086,log,0.3390954811416609,0.4579650576825216,5.187468681424167e+19,1.9020718498555278e+20
5.6,1.73,catalog,0.18,225.11887502209933,0.43,128.82183046666233,0.0946,catalog,1695253245.0140855,34193019.03236355,Selsis,-0.4020011832035697,-0.6104056439890432,GP,0.0609207365753007,0.846782080891449,3.0166395481200808e+19,1.1061011676440296e+20
5.6,1.73,catalog,0.18,225.11887502209933,0.43,26.789934680483984,0.0946,catalog,3159934156.7976604,88674105.03622791,Jackson,-0.29240029149808444,-0.6940409490089091,log,0.29196490408443504,0.07149584898446826,1.4602099593753757e+20,5.3541031843763775e+20
5.6,1.73,catalog,0.18,225.11887502209933,0.43,12.08142203066631,0.0946,catalog,6632705892.472428,48178203.827951305,Jackson,-0.3538485919054615,-0.604620455260574,GP,0.0885692082185721,0.9896134848786343,1.5565504060054068e+20,5.707351488686491e+20
5.6,1.73,catalog,0.18,225.11887502209933,0.43,10.833070038099638,0.0946,catalog,7375336901.13485,74670179.3783005,Jackson,-0.38309437149291026,-0.7379907911630408,log,0.4139894053395368,0.5808358281183631,5.751554258147966e+19,2.1089032279875876e+20
5.6,1.73,catalog,0.18,225.11887502209933,0.43,94.7797686740682,0.0946,catalog,2316694115.4772954,48993072.143137656,Selsis,-0.3555411950418031,-0.6871412214667604,log,0.050644127059510616,0.3949934589171552,2.599140801084763e+19,9.530182937310798e+19
5.6,1.73,catalog,0.18,225.11887502209933,0.43,19.180756139577866,0.0946,catalog,4284331219.414787,47033275.06364589,Jackson,-0.49110641569387387,-0.7377928497598094,linear,0.18014961639872182,0.019510265335404342,5.887699582888544e+19,2.158823180392466e+20
5.6,1.73,catalog,0.18,225.11887502209933,0.43,49.58664255455248,0.0946,catalog,1839894021.0109963,62570626.983266905,Jackson,-0.29085474277168816,-0.7992561149865199,linear,0.2095245846291032,0.5868230781613851,1.8948413286406203e+20,6.94775153834894e+20
5.6,1.73,catalog,0.18,225.11887502209933,0.43,8.05461742698581,0.0946,catalog,9904163271.335651,26677086.706772137,Jackson,-0.28958548570820547,-0.6005383799108683,linear,0.18891669402971265,0.49489046400750536,2.5515529534949864e+20,9.35569416281495e+20
5.6,1.73,catalog,0.18,225.11887502209933,0.43,35.42008407058679,0.0946,catalog,2465449344.2829843,25730407.831318747,Jackson,-0.4392492289177835,-0.7519879863925447,GP,0.3265767754086355,0.21531700217248884,7.808890698925792e+19,2.8632599229394567e+20
5.6,1.73,catalog,0.18,225.11887502209933,0.43,14.697004062837625,0.0946,catalog,5497204595.97754,98946031.63426928,Jackson,-0.3617749937965106,-0.6053796029526537,log,0.0647342338594506,0.4904475335875007,8.362198935857376e+19,3.0661396098143715e+20
5.6,1.73,catalog,0.18,225.11887502209933,0.43,39.30330050530243,0.0946,catalog,2250552266.1063156,87030208.92260301,Jackson,-0.4555786462892276,-0.6693934346705745,log,0.13017452709688274,0.012789264022986413,4.044475131687373e+19,1.482974214952037e+20
5.6,1.73,catalog,0.18,225.11887502209933,0.43,39.45279907816756,0.0946,catalog,4296143766.684028,74037734.7485148,Selsis,-0.37955620518789907,-0.6192132782102855,log,0.3653480362554183,0.9994776140287939,2.6633940670047154e+19,9.765778245683957e+19
5.6,1.73,catalog,0.18,225.11887502209933,0.43,17.33372483842056,0.0946,catalog,4706638579.381362,14577309.366497792,Jackson,-0.3304263673926335,-0.6065594505892734,log,0.3869949455742206,0.3321144411656285,1.4214670274888827e+20,5.212045767459236e+20
5.6,1.73,catalog,0.18,225.11887502209933,0.43,71.30209853413322,0.0946,catalog,2821162621.2315307,3992246.4072918994,Selsis,-0.29323922054281376,-0.6864341587316034,GP,0.15751227622324168,0.4802221480611898,2.4250958358298457e+20,8.892018064709433e+20
5.6,1.73,catalog,0.18,225.11887502209933,0.43,21.64841598340104,0.0946,catalog,6724905952.105439,18365837.915512204,Selsis,-0.4253722768815522,-0.6000617311397484,log,0.18069115676551506,0.7847781680504067,3.3667476712456876e+19,1.2344741461234187e+20
5.6,1.73,catalog,0.18,225.11887502209933,0.43,18.559082751749404,0.0946,catalog,7574247079.470199,93835365.48624448,Selsis,-0.3474288421305925,-0.6465340181449261,log,0.29032099580154475,0.7127783435934174,3.516882842512978e+19,1.2895237089214253e+20
5.6,1.73,catalog,0.18,225.11887502209933,0.43,11.166168793139551,0.0946,catalog,7160288259.1297655,81812687.2546498,Jackson,-0.34238603484362057,-0.6952370887812853,log,0.3010096360475325,0.888559040702101,8.447792794051984e+19,3.0975240244857274e+20
5.6,1.73,catalog,0.18,225.11887502209933,0.43,31.262009451117134,0.0946,catalog,2753104425.7314706,52784525.236369066,Jackson,-0.45134726374375694,-0.6690113431618229,log,0.3864126218457436,0.9413257368665511,4.890741766214544e+19,1.7932719809453326e+20
5.6,1.73,catalog,0.18,225.11887502209933,0.43,14.161729617338956,0.0946,catalog,5694554257.923204,96909278.54546934,Jackson,-0.36161293107145376,-0.7611457285346802,log,0.349001588371479,0.18917783096636642,6.314152731439306e+19,2.315189334861079e+20
5.6,1.73,catalog,0.18,225.11887502209933,0.43,21.039742604551662,0.0946,catalog,3934525436.6044292,15511628.1873278,Jackson,-0.3558073163786892,-0.79779347571193,linear,0.12983545887508072,0.3903998462257746,1.1985532892091792e+20,4.39469539376699e+20
5.6,1.73,catalog,0.18,225.11887502209933,0.43,18.476349415719856,0.0946,catalog,4435351493.896397,56355893.56059765,Jackson,-0.3319032566038725,-0.7486421304785716,GP,0.22321497690505065,0.6868169919623913,1.471902424726446e+20,5.3969755573303024e+20
5.6,1.73,catalog,0.18,225.11887502209933,0.43,23.9361454021997,0.0946,catalog,3497791461.700832,19138990.513472274,Jackson,-0.28001160336000264,-0.7130058276560186,log,0.15212663615607552,0.04502427543041465,2.0509034785922617e+20,7.519979421504959e+20
5.6,1.73,catalog,0.18,225.11887502209933,0.43,39.13131044141877,0.0946,catalog,4321702397.641415,31336431.87562628,Selsis,-0.4911488787261743,-0.7543894826276493,log,0.06560417384125189,0.7169449061792978,1.394196709473962e+19,5.1120546014045274e+19
5.6,1.73,catalog,0.18,225.11887502209933,0.43,128.82183046666233,0.0946,catalog,1677761022.1850042,94073366.87735933,Selsis,-0.4554928903909372,-0.6971928204027604,log,0.3316277958000695,0.004883440001247741,7.300265577098355e+18,2.6767640449360634e+19
5.6,1.73,catalog,0.18,225.11887502209933,0.43,57.84713208140147,0.0946,catalog,3267157176.97475,86959573.13831967,Selsis,-0.46808274497765706,-0.6684111715550667,log,0.19986352096270946,0.9140884762675338,1.1556533745855494e+19,4.237395706813681e+19
5.6,1.73,catalog,0.18,225.11887502209933,0.43,55.349684387874376,0.0946,catalog,1674370563.8792422,11078079.777428024,Jackson,-0.4660245084674455,-0.6688412301799924,GP,0.05714460145376829,0.7181694497416029,8.896991881450388e+19,3.262230356531809e+20
5.6,1.73,catalog,0.18,225.11887502209933,0.43,33.33174448115878,0.0946,catalog,2601151133.148777,25704836.75053291,Jackson,-0.4000652946631677,-0.6212471138933743,linear,0.23759553960231258,0.5654991724649827,1.0648991352519087e+20,3.904630162590332e+20
5.6,1.73,catalog,0.18,225.11887502209933,0.43,47.75331499078702,0.0946,catalog,1900579285.7895508,59856239.48862301,Jackson,-0.3067219575451538,-0.606736180703358,linear,0.09595575794441612,0.42890097230122515,1.872331433191022e+20,6.865215255033747e+20
5.6,1.73,catalog,0.18,225.11887502209933,0.43,96.67326677682536,0.0946,catalog,2285445607.3472466,7073925.946741614,Selsis,-0.4012808808050939,-0.6218609973280222,GP,0.05864557017930199,0.9880247685464114,4.394341002629698e+19,1.6112583676308895e+20
5.6,1.73,catalog,0.18,225.11887502209933,0.43,24.538228749304498,0.0946,catalog,6111510292.450696,55458380.0877923,Selsis,-0.3529343124764291,-0.6759650081306148,GP,0.2020965589826514,0.7365117333594722,4.082085910536114e+19,1.496764833863242e+20
5.6,1.73,catalog,0.18,225.11887502209933,0.43,19.7313297283084,0.0946,catalog,4173838441.097585,58864652.14360705,Jackson,-0.4171701886433518,-0.7588471690817742,log,0.2698849446863025,0.8072929575138921,4.829675392015683e+19,1.770880977072417e+20
5.6,1.73,catalog,0.18,225.11887502209933,0.43,130.5311495829967,0.0946,catalog,818536220.7735598,29805750.95171549,Jackson,-0.42967407063155466,-0.6113097681660146,log,0.16453348576525953,0.8253849902347975,6.986744793180086e+19,2.5618064241660317e+20
5.6,1.73,catalog,0.18,225.11887502209933,0.43,24.855405621506375,0.0946,catalog,6052224825.004986,30019175.032387216,Selsis,-0.31646825933761075,-0.7650279210465387,log,0.0506545285787085,0.021874933287801657,6.71949277917227e+19,2.4638140190298322e+20
5.6,1.73,catalog,0.18,225.11887502209933,0.43,16.344241304157087,0.0946,catalog,8365784420.497631,23678847.608237006,Selsis,-0.3557795477739477,-0.769714523497907,GP,0.18873512855599348,0.05468438506225981,4.4913673553244045e+19,1.6468346969522815e+20
5.6,1.73,catalog,0.18,225.11887502209933,0.43,10.28350707537601,0.0946,catalog,7761959366.343806,93631960.64940822,Jackson,-0.4228030366218421,-0.736486134418913,log,0.05076671705264636,0.19836498572011663,4.068605721056045e+19,1.4918220977205497e+20
5.6,1.73,catalog,0.18,225.11887502209933,0.43,21.050066739971836,0.0946,catalog,6871275630.658668,39498242.92920867,Selsis,-0.29888474252562375,-0.6852788877323424,GP,0.42206399523745947,0.6552175960870651,1.952981884072801e+20,7.160933574933604e+20
5.6,1.73,catalog,0.18,225.11887502209933,0.43,10.078791601765934,0.0946,catalog,12348726027.500994,58941637.24827515,Selsis,-0.3903274556741182,-0.6637054736028392,log,0.09252842336009467,0.6239491961994138,2.233578511593939e+19,8.189787875844442e+19
5.6,1.73,catalog,0.18,225.11887502209933,0.43,37.66862159716929,0.0946,catalog,4442915494.498776,30855882.851097938,Selsis,-0.45857955559415653,-0.7973414645308728,log,0.3715152178365737,0.32516355480357684,1.4840092551929344e+19,5.44136726904076e+19
5.6,1.73,catalog,0.18,225.11887502209933,0.43,12.975970973528097,0.0946,catalog,10051180109.131882,70563736.43707553,Selsis,-0.39369119025711014,-0.64439554565605,GP,0.05141375136090738,0.9729987631744599,2.8914117382020837e+19,1.0601843040074306e+20
5.6,1.73,catalog,0.18,225.11887502209933,0.43,13.661994173118268,0.0946,catalog,9644244711.290678,11042685.83480561,Selsis,-0.35156612365463535,-0.7649960901825515,log,0.06254412410178657,0.0931066421281248,3.9982237210582516e+19,1.4660153643880255e+20
5.6,1.73,catalog,0.18,225.11887502209933,0.43,87.48213069064778,0.0946,catalog,2448048842.134752,8092512.7663717335,Selsis,-0.4192352303636443,-0.7407030296973958,linear,0.1413768525934824,0.7767201227715763,2.9516145385518117e+19,1.0822586641356643e+20
5.6,1.73,catalog,0.18,225.11887502209933,0.43,20.082937755182186,0.0946,catalog,7124917828.149952,74684092.29760674,Selsis,-0.31436735801941346,-0.7355826548408697,linear,0.2867988353490475,0.4808771196852435,1.2452148622770268e+20,4.565787828349098e+20
5.6,1.73,catalog,0.18,225.11887502209933,0.43,13.328635123533159,0.0946,catalog,6034078832.034492,72940127.87321964,Jackson,-0.3827083242666578,-0.7335108002202515,GP,0.43805808959470927,0.41883419997252813,8.778827554685331e+19,3.218903436717955e+20
5.6,1.73,catalog,0.18,225.11887502209933,0.43,24.214701298282765,0.0946,catalog,6173453566.918978,27235132.277925562,Selsis,-0.3970917484144174,-0.6479264795581058,log,0.16598346232930966,0.025564993194898467,2.7387571542023025e+19,1.0042109565408443e+20
5.6,1.73,catalog,0.18,225.11887502209933,0.43,9.755777564165841,0.0946,catalog,8176218909.379955,36149624.55974415,Jackson,-0.3110834868819819,-0.7918111275595642,linear,0.11335239952115754,0.7277996416202209,1.6618211331460992e+20,6.09334415486903e+20
5.6,1.73,catalog,0.18,225.11887502209933,0.43,63.847471150610055,0.0946,catalog,3047827296.170875,95768789.63194941,Selsis,-0.39815808257744634,-0.7606964363215362,GP,0.055401885355763486,0.7715755107669744,1.653010233877891e+19,6.061037524218934e+19
5.6,1.73,catalog,0.18,225.11887502209933,0.43,24.23960088278307,0.0946,catalog,3458123263.8627324,11328699.204536118,Jackson,-0.4088297687928204,-0.7955361537695104,GP,0.19172532210636323,0.318957496788679,9.669162493191868e+19,3.545359580837018e+20
5.6,1.73,catalog,0.18,225.11887502209933,0.43,34.246631828304075,0.0946,catalog,4762574557.338499,19131559.58812043,Selsis,-0.4771823930266309,-0.6443401086576468,log,0.1199537332573993,0.5169628705958457,2.189438117819066e+19,8.027939765336575e+19
5.6,1.73,catalog,0.18,225.11887502209933,0.43,14.76952152412137,0.0946,catalog,5471593440.123562,43573798.132350095,Jackson,-0.4202517866514677,-0.6032555323269753,log,0.40560517650532507,0.6064421232348624,7.489573296787785e+19,2.7461768754888543e+20
5.6,1.73,catalog,0.18,225.11887502209933,0.43,10.46868760377451,0.0946,catalog,7626945799.633715,28927791.699496984,Jackson,-0.41264937387612205,-0.6680905681466871,GP,0.15101817830483602,0.3676452428636199,9.697410756199812e+19,3.5557172772732646e+20
5.6,1.73,catalog,0.18,225.11887502209933,0.43,10.639237080964273,0.0946,catalog,7506940733.865613,65251846.3145885,Jackson,-0.46026308977061225,-0.6819721638162377,linear,0.29135131826586347,0.6155820061593616,6.248996287577838e+19,2.2912986387785407e+20
5.6,1.73,catalog,0.18,225.11887502209933,0.43,14.293214736994967,0.0946,catalog,5644674966.857049,69369570.57172175,Jackson,-0.37067889562310313,-0.6183867573222994,linear,0.35251737908872766,0.4341270594167477,1.0749680103660592e+20,3.941549371342217e+20
5.6,1.73,catalog,0.18,225.11887502209933,0.43,8.10466563962543,0.0946,catalog,9842313620.523619,53112420.305119425,Jackson,-0.4683547444789235,-0.7490092027273034,log,0.0626971234786139,0.8780698554954017,4.13884148888827e+19,1.5175752125923656e+20
5.6,1.73,catalog,0.18,225.11887502209933,0.43,50.27916997825914,0.0946,catalog,1818079394.8161902,61508532.83887421,Jackson,-0.450788246507144,-0.786707538972399,log,0.13798005448157627,0.7185132266906143,3.999970342379189e+19,1.4666557922057026e+20
5.6,1.73,catalog,0.18,225.11887502209933,0.43,8.407692634896796,0.0946,catalog,9484528909.550447,43908662.37001414,Jackson,-0.3765597631404691,-0.6980060190055568,linear,0.3914600392836598,0.11049998314356813,9.616126520705581e+19,3.5259130575920464e+20
5.6,1.73,catalog,0.18,225.11887502209933,0.43,128.82183046666222,0.0946,catalog,1226339607.498705,76278338.11879145,Selsis,-0.44082361576055784,-0.7479302593652343,linear,0.13286950059285887,0.799603183658746,8.136116683105683e+18,2.983242783805417e+19
5.6,1.73,catalog,0.18,225.11887502209933,0.43,20.972175613943705,0.0946,catalog,3946151394.034239,5167751.286780703,Jackson,-0.35927297177176226,-0.7097836770638196,GP,0.1837063977567224,0.3375056313950089,1.4733732112418436e+20,5.402368441220093e+20
5.6,1.73,catalog,0.18,225.11887502209933,0.43,60.38439501783567,0.0946,catalog,1554636603.6850734,31976242.328932203,Jackson,-0.34808711075744503,-0.7087400298836382,log,0.3733137202187751,0.9355684220320085,9.214501384151165e+19,3.378650507522093e+20
5.6,1.73,catalog,0.18,225.11887502209933,0.43,18.314909897741156,0.0946,catalog,4471610514.443344,68758574.09809451,Jackson,-0.43371610966653695,-0.7362336351863862,GP,0.08542079145864143,0.6033712797780534,6.464600783727912e+19,2.370353620700234e+20
5.6,1.73,catalog,0.18,225.11887502209933,0.43,27.777393854570775,0.0946,catalog,3059017617.072991,33634865.67966287,Jackson,-0.4807747100707216,-0.7027350836833893,log,0.3922398075546695,0.02757796064079643,4.78334452197366e+19,1.753892991390342e+20
5.6,1.73,catalog,0.18,225.11887502209933,0.43,128.8218304666621,0.0946,catalog,1306731575.214499,8774992.763851995,Selsis,-0.39232059655763796,-0.7239696238900197,log,0.12473789920353409,0.7343627051010597,2.1111800837723017e+19,7.74099364049844e+19
5.6,1.73,catalog,0.18,225.11887502209933,0.43,17.625026981298863,0.0946,catalog,4634104484.982117,35156329.41821075,Jackson,-0.4795623475798002,-0.7773881326436247,log,0.19588597067265157,0.1307343689710464,4.393339585250878e+19,1.6108911812586553e+20
5.6,1.73,catalog,0.18,225.11887502209933,0.43,14.745722380817371,0.0946,catalog,5479970250.610246,71437982.40707767,Jackson,-0.386648150064749,-0.626654858518844,log,0.10641662628175451,0.8772674829572786,7.063134462820958e+19,2.589815969701018e+20
5.6,1.73,catalog,0.18,225.11887502209933,0.43,46.13797765137641,0.0946,catalog,1957893066.27426,13076501.660078458,Jackson,-0.3402320747316288,-0.6597452571139548,GP,0.16830191520621846,0.9483303075574022,1.6921815565047408e+20,6.20466570718405e+20
5.6,1.73,catalog,0.18,225.11887502209933,0.43,29.719066166597916,0.0946,catalog,5289927103.957481,72738505.0569538,Selsis,-0.36352744587642327,-0.7917382270000319,GP,0.056008740603671094,0.6952558530293419,2.7448415648067658e+19,1.0064419070958141e+20
5.6,1.73,catalog,0.18,225.11887502209933,0.43,48.73602319617741,0.0946,catalog,1867504055.6947374,77770115.91939999,Jackson,-0.40138111893335615,-0.7768427149457388,GP,0.058107204133379844,0.5328727767159439,7.16851807607488e+19,2.6284566278941226e+20
5.6,1.73,catalog,0.18,225.11887502209933,0.43,128.82183046666222,0.0946,catalog,1732193829.6950068,63894773.697847195,Selsis,-0.29191111946253956,-0.7806971058575952,GP,0.12992501219949595,0.6020630078329801,1.6369465640970066e+20,6.002137401689023e+20
5.6,1.73,catalog,0.18,225.11887502209933,0.43,128.82183046666222,0.0946,catalog,1722454185.392551,25179170.80725628,Selsis,-0.4776156087219225,-0.7876512905982345,linear,0.10812395616022752,0.4288551711959323,1.5843209543676883e+19,5.809176832681524e+19
5.6,1.73,catalog,0.18,225.11887502209933,0.43,18.426879524264123,0.0946,catalog,4446394327.166862,80724240.36231108,Jackson,-0.30639966847937516,-0.7881886448318906,log,0.20642477248921115,0.08358278201459013,1.2092485138913871e+20,4.4339112176017526e+20
5.6,1.73,catalog,0.18,225.11887502209933,0.43,24.564936787532417,0.0946,catalog,6106463839.869486,22229807.67606807,Selsis,-0.32397164801893535,-0.76857753341276,GP,0.05456072987587619,0.9288434988343165,6.698495048275e+19,2.4561148510341664e+20
5.6,1.73,catalog,0.18,225.11887502209933,0.43,18.56430452340842,0.0946,catalog,4415864240.78011,90676274.2649637,Jackson,-0.4076575123197914,-0.6304261182940144,log,0.07355948399241076,0.32918653475444226,5.721126503896586e+19,2.0977463847620814e+20
5.6,1.73,catalog,0.18,225.11887502209933,0.43,11.95736375977763,0.0946,catalog,6699313824.394333,70957924.21506613,Jackson,-0.46636922218184285,-0.6343533407603649,log,0.08101434003356524,0.31284777370040295,4.893975009977882e+19,1.7944575036585568e+20
5.6,1.73,catalog,0.18,225.11887502209933,0.43,38.68099065236192,0.0946,catalog,4358143310.062354,6417272.738058912,Selsis,-0.46570930712891895,-0.6433707049443229,linear,0.13786745949952234,0.1913247758328236,3.479956778997807e+19,1.275984152299196e+20
5.6,1.73,catalog,0.18,225.11887502209933,0.43,22.505176423522375,0.0946,catalog,6527898328.848768,80129424.74750464,Selsis,-0.29720273263658464,-0.6770586986922854,linear,0.08826830087909851,0.9924082488344622,2.059826220152972e+20,7.552696140560897e+20
5.6,1.73,catalog,0.18,225.11887502209933,0.43,11.936726953670826,0.0946,catalog,10752211805.839766,51136920.49563083,Selsis,-0.44858497385878277,-0.655301289357273,GP,0.06864875891646606,0.9425644372802915,2.3303426594453668e+19,8.544589751299678e+19
5.6,1.73,catalog,0.18,225.11887502209933,0.43,30.243656824399302,0.0946,catalog,2835341113.739021,45812240.73499209,Jackson,-0.3076945442426777,-0.6523037578319387,linear,0.19794460892359905,0.3494323698537579,1.7878541722475325e+20,6.555465298240952e+20
5.6,1.73,catalog,0.18,225.11887502209933,0.43,47.65291714323693,0.0946,catalog,1904032334.2088342,42630608.077150196,Jackson,-0.38927505161533643,-0.6221374259384665,log,0.27723112168754177,0.2600053809449093,7.760080125681307e+19,2.8453627127498123e+20
5.6,1.73,catalog,0.18,225.11887502209933,0.43,51.378638814198396,0.0946,catalog,1784608015.9558265,61056376.57765077,Jackson,-0.39841837991997936,-0.6535313940728469,log,0.2422356567947224,0.8053695296823601,6.129129255643474e+19,2.2473473937359405e+20
5.6,1.73,catalog,0.18,225.11887502209933,0.43,39.70578171945695,0.0946,catalog,4276292546.516638,72733271.57751316,Selsis,-0.36370752113155946,-0.6527081383958069,GP,0.09443872161813592,0.4226100501961395,3.349270169373929e+19,1.2280657287704406e+20
5.6,1.73,catalog,0.18,225.11887502209933,0.43,45.046802519339046,0.0946,catalog,3904185562.440519,89701684.95673151,Selsis,-0.45269140176348877,-0.6391837654573033,GP,0.3576142703603231,0.9677880500881427,1.8173095548460286e+19,6.663468367768771e+19
5.6,1.73,catalog,0.18,225.11887502209933,0.43,128.82183046666233,0.0946,catalog,1690801699.3462098,28021536.481775302,Selsis,-0.40575845170686736,-0.6887290288144736,log,0.2045465617408702,0.9012167296093352,1.6790509362906982e+19,6.15652009973256e+19
5.6,1.73,catalog,0.18,225.11887502209933,0.43,18.099521976294277,0.0946,catalog,7723557274.334609,63446851.01813194,Selsis,-0.29353342346291544,-0.7573942419914782,linear,0.20589068823768614,0.7594513422601925,2.098122597402174e+20,7.693116190474638e+20
5.6,1.73,catalog,0.18,225.11887502209933,0.43,8.06920292748726,0.0946,catalog,9886054153.966011,68947918.53534487,Jackson,-0.44758347562467504,-0.7830915044861884,log,0.08162410946147491,0.08992429011436687,3.967170378925673e+19,1.4546291389394133e+20
5.6,1.73,catalog,0.18,225.11887502209933,0.43,81.55446158963906,0.0946,catalog,2569679143.3946757,67804916.83890237,Selsis,-0.29725161704645464,-0.7161912879236203,GP,0.08733390746860893,0.7021277365555003,1.7238266482761453e+20,6.320697710345865e+20
5.6,1.73,catalog,0.18,225.11887502209933,0.43,40.36777068382225,0.0946,catalog,2198670603.948666,49807064.13051402,Jackson,-0.2812738667459807,-0.7816628656627875,log,0.1491833041453141,0.9872543868608756,1.7792958658793144e+20,6.524084841557486e+20
5.6,1.73,catalog,0.18,225.11887502209933,0.43,111.87757458549805,0.0946,catalog,2068255320.296265,39711232.27216641,Selsis,-0.4885804186233907,-0.7661391936891337,log,0.0864551831936634,0.37329253298376674,1.0411268578902352e+19,3.8174651455975285e+19
5.6,1.73,catalog,0.18,225.11887502209933,0.43,29.172259379540993,0.0946,catalog,2927941612.204704,76475502.88964207,Jackson,-0.3830965930298983,-0.7952319976475131,GP,0.24380788150686855,0.8815690030493142,8.285800153303063e+19,3.038126722877789e+20
5.6,1.73,catalog,0.18,225.11887502209933,0.43,11.202860703885781,0.0946,catalog,7137413495.629561,30700970.600039333,Jackson,-0.4621997540673885,-0.739958741792698,log,0.10174768026905612,0.4081418393461933,4.907414559042065e+19,1.7993853383154237e+20
5.6,1.73,catalog,0.18,225.11887502209933,0.43,17.98540910762501,0.0946,catalog,4547651980.31408,21597263.07742607,Jackson,-0.363222863689531,-0.6060004355195963,log,0.07093917905720876,0.9713240007093817,1.0792433613792182e+20,3.9572256583904664e+20
5.6,1.73,catalog,0.18,225.11887502209933,0.43,128.82183046666222,0.0946,catalog,949827269.3381006,55037090.18225226,Selsis,-0.2823006184927274,-0.7242137454671179,log,0.0708898174692175,0.6535913715875568,8.36784200801183e+19,3.0682087362710045e+20
5.6,1.73,catalog,0.18,225.11887502209933,0.43,49.48236288853472,0.0946,catalog,3650252819.4203796,27493474.90855552,Selsis,-0.30268620300799476,-0.7518214787897838,GP,0.0670189752582312,0.09650048291379276,1.5674142149313754e+20,5.747185454748376e+20
5.6,1.73,catalog,0.18,225.11887502209933,0.43,128.82183046666233,0.0946,catalog,1303863504.7889998,4290083.113689364,Selsis,-0.29653333844660223,-0.7193101045723537,log,0.1376322099299398,0.4790457387946232,1.012490884045241e+20,3.7124665748325505e+20
5.6,1.73,catalog,0.18,225.11887502209933,0.43,54.43325069244002,0.0946,catalog,3410833024.6692114,6105998.594848236,Selsis,-0.45306304107133816,-0.7397322959586645,linear,0.050351224961913216,0.04972875339771776,2.859615529570505e+19,1.0485256941758518e+20
5.6,1.73,catalog,0.18,225.11887502209933,0.43,60.16267532679532,0.0946,catalog,3177949029.1532187,69806042.11230059,Selsis,-0.3806896882443537,-0.6652246354143279,log,0.17431802334273272,0.3950757236861081,1.957950886060829e+19,7.179153248889706e+19
5.6,1.73,catalog,0.18,225.11887502209933,0.43,16.599615851530462,0.0946,catalog,4900854147.714734,97341438.75321524,Jackson,-0.4483371763931109,-0.6731066477681839,GP,0.09937403566617685,0.9153812141410812,5.964139202878678e+19,2.186851041055515e+20
5.6,1.73,catalog,0.18,225.11887502209933,0.43,21.348469404939895,0.0946,catalog,3882340617.930502,46014149.97898142,Jackson,-0.30212656433291674,-0.7945314184459008,GP,0.1784221775056132,0.23220219448136248,2.0562582185057767e+20,7.539613467854514e+20
5.6,1.73,catalog,0.18,225.11887502209933,0.43,10.258332554346193,0.0946,catalog,7780707643.532877,15559051.432888681,Jackson,-0.45794612152366576,-0.697735368838643,GP,0.4309187761891687,0.9505677780817237,8.410297892402877e+19,3.083775893881055e+20
5.6,1.73,catalog,0.18,225.11887502209933,0.43,128.82183046666222,0.0946,catalog,806639630.7933898,81990237.84240596,Selsis,-0.46612903926997606,-0.7927600624649126,GP,0.3698431799197245,0.09992304463514046,4.193559415597634e+18,1.5376384523857992e+19
5.6,1.73,catalog,0.18,225.11887502209933,0.43,24.490849959816316,0.0946,catalog,6120487375.363698,26882153.800398264,Selsis,-0.49732422102291585,-0.664527346717145,GP,0.18853841175692385,0.6648115470741713,2.4700152622625296e+19,9.056722628295942e+19
5.6,1.73,catalog,0.18,225.11887502209933,0.43,128.82183046666222,0.0946,catalog,646057437.6067756,99567019.69878417,Selsis,-0.45997147078094325,-0.6128383338745483,log,0.13093034642732995,0.9656855561505012,4.084138328546891e+18,1.4975173871338598e+19
5.6,1.73,catalog,0.18,225.11887502209933,0.43,84.23557747237004,0.0946,catalog,2512815430.9918756,56763152.416878946,Selsis,-0.4582521736920028,-0.6185024242545162,log,0.249650635215164,0.6541535737332509,1.6204198402093335e+19,5.941539414100889e+19
5.6,1.73,catalog,0.18,225.11887502209933,0.43,10.254727926180006,0.0946,catalog,7783400009.203407,24030622.307449963,Jackson,-0.4829521587443654,-0.7588575775818147,log,0.41889901287707443,0.8990039537552831,4.808316243099114e+19,1.7630492891363416e+20
5.6,1.73,catalog,0.18,225.11887502209933,0.43,30.01270549044779,0.0946,catalog,5251176860.012371,50104472.18291005,Selsis,-0.3090969572491051,-0.6514709704557213,GP,0.15435370991421263,0.9910304746457977,1.5559156186803225e+20,5.705023935161182e+20
5.6,1.73,catalog,0.18,225.11887502209933,0.43,53.667190301069596,0.0946,catalog,1719166548.3166804,34202745.91113521,Jackson,-0.32840048208685274,-0.641386805791887,log,0.06284601263903025,0.6418434360424641,1.1958678076165821e+20,4.384848627927467e+20
5.6,1.73,catalog,0.18,225.11887502209933,0.43,49.98673885710985,0.0946,catalog,3623927767.4319296,78167726.47806783,Selsis,-0.44401407058360354,-0.6271264933781231,linear,0.2917818037893344,0.782263847290607,2.207837706654283e+19,8.095404924399038e+19
5.6,1.73,catalog,0.18,225.11887502209933,0.43,28.968413526369567,0.0946,catalog,5392239503.422879,11475772.694997523,Selsis,-0.32768330527153544,-0.7480802658398958,linear,0.05122113034573602,0.031985193779737076,1.0229135038830302e+20,3.750682847571111e+20
5.6,1.73,catalog,0.18,225.11887502209933,0.43,14.957212175488056,0.0946,catalog,8972836170.672064,85843268.98622228,Selsis,-0.4071237997047044,-0.709833030805568,linear,0.2908094292030012,0.4273103785190441,2.0763933261827944e+19,7.61344219600358e+19
5.6,1.73,catalog,0.18,225.11887502209933,0.43,33.85932498287226,0.0946,catalog,4802406349.126388,76966352.53214933,Selsis,-0.3293855319433994,-0.755699114192682,log,0.060797624147366815,0.2882653535049121,3.909827243395906e+19,1.4336033225784988e+20
5.6,1.73,catalog,0.18,225.11887502209933,0.43,128.82183046666222,0.0946,catalog,696772583.9721587,86275016.58624727,Selsis,-0.4289383165962618,-0.7951381085577618,GP,0.06391261375309824,0.8241853339971567,4.110719471349282e+18,1.5072638061614033e+19
5.6,1.73,catalog,0.18,225.11887502209933,0.43,50.932370105101164,0.0946,catalog,3575822920.8597975,89604380.85812481,Selsis,-0.37577607017266706,-0.6681974744270086,GP,0.3024662168524777,0.6775780125813058,2.479676095354272e+19,9.092145682965665e+19
5.6,1.73,catalog,0.18,225.11887502209933,0.43,45.98944834699056,0.0946,catalog,1963357798.7128196,23748004.471365042,Jackson,-0.4160456807700829,-0.7137072764213709,GP,0.24461985771851327,0.6144142223801891,8.986054259978481e+19,3.2948865619921096e+20
5.6,1.73,catalog,0.18,225.11887502209933,0.43,81.36870417931955,0.0946,catalog,1209121950.0553164,52579574.915633455,Jackson,-0.4587113202548368,-0.7503766238872865,GP,0.18233629827822725,0.9315586878189176,6.133081370800591e+19,2.2487965026268833e+20
5.6,1.73,catalog,0.18,225.11887502209933,0.43,37.082631400190984,0.0946,catalog,4493880204.084564,85142299.79647134,Selsis,-0.37116076551955984,-0.6305792105400776,linear,0.330792151712505,0.08886780508144232,4.159114585731184e+19,1.5250086814347674e+20
5.6,1.73,catalog,0.18,225.11887502209933,0.43,24.888852509197434,0.0946,catalog,6046054102.9435835,38361409.23949504,Selsis,-0.3348172240048728,-0.7008638720041594,GP,0.355090059811418,0.9538412722145726,5.4838573949193585e+19,2.0107477114704314e+20
5.6,1.73,catalog,0.18,225.11887502209933,0.43,76.60257970293938,0.0946,catalog,1271781955.3614166,6980350.102767615,Jackson,-0.3343164325892873,-0.6010684645574819,GP,0.14337791480249618,0.10076470716922103,2.071305822698223e+20,7.594788016560151e+20
5.6,1.73,catalog,0.18,225.11887502209933,0.43,23.898990686350093,0.0946,catalog,6235387305.344426,29871801.29731314,Selsis,-0.42161632796976645,-0.6413284346122066,GP,0.4957568131438049,0.3470175468825175,3.3018740106355347e+19,1.2106871372330294e+20
5.6,1.73,catalog,0.18,225.11887502209933,0.43,15.855466334904241,0.0946,catalog,5116643098.981874,24950110.836006273,Jackson,-0.3858834109507179,-0.626157760052816,log,0.11390687675398779,0.6302736647971824,8.6496702322483e+19,3.171545751824377e+20
5.6,1.73,catalog,0.18,225.11887502209933,0.43,27.01699663142049,0.0946,catalog,5682403910.211842,87136199.25022136,Selsis,-0.331968708311281,-0.6453335502404657,linear,0.07421262115832093,0.3414762038674761,1.0204143581331743e+20,3.741519313154972e+20
5.6,1.73,catalog,0.18,225.11887502209933,0.43,37.44606181773548,0.0946,catalog,2347922358.086043,46920788.59150568,Jackson,-0.48801052920503,-0.7788150202098757,GP,0.3507086256546388,0.6825362782943656,5.8502010294708675e+19,2.1450737108059845e+20
5.6,1.73,catalog,0.18,225.11887502209933,0.43,25.359860511620532,0.0946,catalog,3319832594.658567,68670879.50718501,Jackson,-0.4841845666738107,-0.7869941998692659,linear,0.1301788060060478,0.7754186191955664,5.174452053431952e+19,1.8972990862583824e+20
5.6,1.73,catalog,0.18,225.11887502209933,0.43,58.57578201014623,0.0946,catalog,1595382537.191098,96249795.81946695,Jackson,-0.417230997206143,-0.6169842454771073,GP,0.37451537849102295,0.8285058299413393,8.37050057684682e+19,3.069183544843834e+20
5.6,1.73,catalog,0.18,225.11887502209933,0.43,39.17554594136846,0.0946,catalog,2256962766.1864166,30619597.38613517,Jackson,-0.4508362477736273,-0.7723605623920397,GP,0.057562062781614166,0.17934370090399987,7.171049613885553e+19,2.6293848584247027e+20
5.6,1.73,catalog,0.18,225.11887502209933,0.43,77.25494404046265,0.0946,catalog,2668022994.675563,76358756.19521219,Selsis,-0.41757787569895155,-0.721754769865148,GP,0.0645687108915744,0.1820766961888466,1.5660037634476851e+19,5.742013799308178e+19
5.6,1.73,catalog,0.18,225.11887502209933,0.43,78.81138439832239,0.0946,catalog,2631339507.065889,3253648.0303534213,Selsis,-0.4793743224308828,-0.6780177976888139,log,0.05485834047214805,0.0523140279289096,2.379606448584593e+19,8.725223644810174e+19
5.6,1.73,catalog,0.18,225.11887502209933,0.43,119.03982978808874,0.0946,catalog,1982790268.502565,11307501.355841288,Selsis,-0.36975823325143675,-0.7576203300196009,GP,0.1999774216528441,0.49085183890682627,3.733474680643177e+19,1.3689407162358314e+20
5.6,1.73,catalog,0.18,225.11887502209933,0.43,53.027465981172185,0.0946,catalog,1736913601.2311537,17024643.910324533,Jackson,-0.352217088681242,-0.7549429912584447,GP,0.3394956276972646,0.13753361884598403,1.3753395594700698e+20,5.042911718056922e+20
5.6,1.73,catalog,0.18,225.11887502209933,0.43,10.075283646964573,0.0946,catalog,7919980784.290454,31929415.350378335,Jackson,-0.32579508826334064,-0.7067517315417248,GP,0.12636615986716496,0.3185969913871113,1.7310279046930003e+20,6.347102317207667e+20
5.6,1.73,catalog,0.18,225.11887502209933,0.43,23.655931113404186,0.0946,catalog,6284105602.707871,40895734.29780846,Selsis,-0.3568849536234281,-0.7278209817080146,log,0.061612020891451375,0.8404343192832971,2.944018521031413e+19,1.079473457711518e+20
5.6,1.73,catalog,0.18,225.11887502209933,0.43,67.59992592653302,0.0946,catalog,2928238577.2393703,48224573.18249318,Selsis,-0.41279609309866333,-0.6646848665960391,log,0.11815138904285907,0.9486589427176836,1.7599369619026921e+19,6.453102193643205e+19
5.6,1.73,catalog,0.18,225.11887502209933,0.43,8.381628123276611,0.0946,catalog,9514223646.077986,25287803.28205635,Jackson,-0.29431579054007134,-0.7849847608958745,GP,0.11143359371655315,0.8220759473470115,2.400482069168044e+20,8.801767586949494e+20
5.6,1.73,catalog,0.18,225.11887502209933,0.43,97.20362230451391,0.0946,catalog,2276883061.343926,7555316.641403458,Selsis,-0.34020695647384214,-0.7022482661044361,linear,0.22000975079160048,0.0006483831624555236,7.412320520082165e+19,2.7178508573634603e+20
5.6,1.73,catalog,0.18,225.11887502209933,0.43,25.348607967325254,0.0946,catalog,3321161475.514521,68074786.09218408,Jackson,-0.3839101259181094,-0.7651480164568967,linear,0.22445104572361152,0.568024241338772,7.862561149474724e+19,2.882939088140732e+20
5.6,1.73,catalog,0.18,225.11887502209933,0.43,21.83146173834791,0.0946,catalog,6681614647.324108,3342473.9998921817,Selsis,-0.4544929101661697,-0.6786549981998504,log,0.0633860547735401,0.16666012956693788,2.7260186292744364e+19,9.995401640672933e+19
5.6,1.73,catalog,0.18,225.11887502209933,0.43,58.65553089391049,0.0946,catalog,3235306866.6551967,81137592.85101376,Selsis,-0.35722550291803257,-0.7767573416479314,log,0.13156694240174546,0.37574691120675774,2.0122016158842335e+19,7.3780725915755225e+19
5.6,1.73,catalog,0.18,225.11887502209933,0.43,37.71222724258032,0.0946,catalog,2333396031.5289245,92986327.68996894,Jackson,-0.3698214844810897,-0.7604736266941173,GP,0.21952527565049296,0.4279189441451754,8.82757208586382e+19,3.236776431483401e+20
5.6,1.73,catalog,0.18,225.11887502209933,0.43,30.91730983726651,0.0946,catalog,2780345599.741623,71326522.45230381,Jackson,-0.34966740023373977,-0.6392222034313373,GP,0.09074677786216388,0.9429407578120377,1.3356343413614387e+20,4.8973259183252754e+20
5.6,1.73,catalog,0.18,225.11887502209933,0.43,48.020675979840654,0.0946,catalog,3729313362.558021,60000091.210208364,Selsis,-0.3281525516321738,-0.7529666019923973,linear,0.12765866277009338,0.6337387318906241,8.2223912179962e+19,3.01487677993194e+20
5.6,1.73,catalog,0.18,225.11887502209933,0.43,33.04812982817847,0.0946,catalog,4888556947.1054325,66044834.40353465,Selsis,-0.29868908382479076,-0.6525869322412349,linear,0.2054305060518618,0.2676550519801758,2.1187090671886005e+20,7.768599913024869e+20
5.6,1.73,catalog,0.18,225.11887502209933,0.43,59.30039679531676,0.0946,catalog,3210450130.1145916,65569982.61514184,Selsis,-0.29120754990120795,-0.7453874600623618,GP,0.12642725412129097,0.6427948406334395,2.0895257360771442e+20,7.661594365616195e+20
5.6,1.73,catalog,0.18,225.11887502209933,0.43,26.06968021813845,0.0946,catalog,3238299641.148818,93238808.47058354,Jackson,-0.36135918953236884,-0.7529944989532338,log,0.053682282836001516,0.9518654775539227,6.385860857991698e+19,2.341482314596956e+20
5.6,1.73,catalog,0.18,225.11887502209933,0.43,85.1396100664446,0.0946,catalog,2494348103.507533,96466281.24820277,Selsis,-0.2874896721342645,-0.7401690434237466,linear,0.08348068418461112,0.05915912409208668,2.174559876928575e+20,7.973386215404774e+20
5.6,1.73,catalog,0.18,225.11887502209933,0.43,20.298635693297975,0.0946,catalog,4066280100.122486,43244452.548913956,Jackson,-0.29948707221987514,-0.6238136031154503,log,0.29857326602449946,0.8159876678426242,1.643669895983054e+20,6.026789618604531e+20
5.6,1.73,catalog,0.18,225.11887502209933,0.43,41.07115509758595,0.0946,catalog,2165819905.467969,62090838.4386934,Jackson,-0.4994248414566514,-0.7205668681326545,GP,0.08860823443205817,0.21689755571413916,5.500928953211921e+19,2.0170072828443712e+20
5.6,1.73,catalog,0.18,225.11887502209933,0.43,11.173905659619642,0.0946,catalog,7155451877.886342,80477898.31968305,Jackson,-0.3597241574258783,-0.7512478940232052,log,0.3286105107361391,0.153107952063957,6.847677189070304e+19,2.510814969325778e+20
5.6,1.73,catalog,0.18,225.11887502209933,0.43,25.17563884539192,0.0946,catalog,5993763159.206828,1102777.5600416136,Selsis,-0.46073672983650604,-0.6926721052606174,log,0.14651356304612398,0.8988669186734501,2.8696419316588347e+19,1.0522020416082393e+20
5.6,1.73,catalog,0.18,225.11887502209933,0.43,26.486705101440972,0.0946,catalog,3192413254.008466,53174575.76594385,Jackson,-0.43505761601913034,-0.7228717176429729,log,0.14855632304525465,0.001849456997897292,4.713306997679873e+19,1.7282125658159533e+20
5.6,1.73,catalog,0.18,225.11887502209933,0.43,13.724478383615203,0.0946,catalog,5867477781.662611,65634757.64195206,Jackson,-0.4345499560581705,-0.6419604960456674,GP,0.294771994282383,0.7410857403728923,8.066859185694456e+19,2.9578483680879673e+20
5.6,1.73,catalog,0.18,225.11887502209933,0.43,128.84215309146308,0.0946,catalog,431244155.1293344,72003339.52402057,Selsis,-0.3937114792798364,-0.6019108763373945,log,0.1208546924053934,0.08722840988938807,8.131972711590601e+18,2.98172332758322e+19
5.6,1.73,catalog,0.18,225.11887502209933,0.43,31.23514054349791,0.0946,catalog,2755206658.4408374,37510151.53023183,Jackson,-0.49760944084145936,-0.6946851114668333,GP,0.08658658205076317,0.6179952950406163,6.7030336340601405e+19,2.4577789991553846e+20
5.6,1.73,catalog,0.18,225.11887502209933,0.43,26.869964247885697,0.0946,catalog,3151482850.3499556,30268797.640547633,Jackson,-0.4481247902345756,-0.7096502204694302,GP,0.06367990121987172,0.6208969013905683,7.711002441109194e+19,2.8273675617400377e+20
5.6,1.73,catalog,0.18,225.11887502209933,0.43,45.830211532103114,0.0946,catalog,3856158698.0464535,19032114.09022294,Selsis,-0.49359338946883596,-0.7313929203372229,log,0.23489830366754402,0.8627760494914616,1.658793842143591e+19,6.082244087859833e+19
5.6,1.73,catalog,0.18,225.11887502209933,0.43,13.612516735389956,0.0946,catalog,5913590221.264933,56223739.35621577,Jackson,-0.3568771155417677,-0.6053322535459724,log,0.14754093934042625,0.8226064972295486,9.899870997527773e+19,3.629952699093517e+20
5.6,1.73,catalog,0.18,225.11887502209933,0.43,12.988419331336331,0.0946,catalog,10043432133.299242,92011039.79296003,Selsis,-0.30435673268757674,-0.7033433447990636,GP,0.32238652797942374,0.6851643430860379,1.4410061559989551e+20,5.283689238662835e+20
5.6,1.73,catalog,0.18,225.11887502209933,0.43,64.13512434741064,0.0946,catalog,3038225086.0407405,89701836.92168076,Selsis,-0.28048649483697496,-0.7644006280127902,linear,0.14343155701649024,0.380547590420932,2.5863632299890953e+20,9.483331843293349e+20
5.6,1.73,catalog,0.18,225.11887502209933,0.43,29.13899643566654,0.0946,catalog,2930923593.131378,36636626.788611546,Jackson,-0.4013174838079386,-0.6061568189230647,linear,0.1299513152663261,0.16640574704757016,1.0697384089141035e+20,3.9223741660183796e+20
5.6,1.73,catalog,0.18,225.11887502209933,0.43,40.085558822489276,0.0946,catalog,4246913990.128753,26527658.853882063,Selsis,-0.4427689557352864,-0.6078235748001286,linear,0.09949977264915681,0.6356829260992847,3.6222530819011215e+19,1.3281594633637446e+20
5.6,1.73,catalog,0.18,225.11887502209933,0.43,32.9604776801569,0.0946,catalog,2627033570.0168953,79090588.44440691,Jackson,-0.31231720871924773,-0.7128549895329848,GP,0.07914033372069679,0.4969697987079126,1.7277864136611712e+20,6.335216850090961e+20
5.6,1.73,catalog,0.18,225.11887502209933,0.43,125.43816902057078,0.0946,catalog,1833735486.9231956,72773021.80617464,Selsis,-0.475105126141096,-0.7303627973934086,GP,0.338381763139191,0.07794226228138745,1.0007052376633129e+19,3.6692525380988137e+19
5.6,1.73,catalog,0.18,225.11887502209933,0.43,13.506721569367464,0.0946,catalog,9732908637.412247,51028643.282611735,Selsis,-0.28566742416764906,-0.663912510662273,GP,0.06225602319730579,0.9555618904688526,2.924635761250341e+20,1.0723664457917917e+21
5.6,1.73,catalog,0.18,225.11887502209933,0.43,11.92775196970256,0.0946,catalog,6715424780.235384,39513995.6943469,Jackson,-0.3427357599619955,-0.6342151738428781,linear,0.39911470356966633,0.3144195199118123,1.3817984642369262e+20,5.0665943688687295e+20
5.6,1.73,catalog,0.18,225.11887502209933,0.43,13.450681761241825,0.0946,catalog,9765385742.227684,13255992.470772322,Selsis,-0.3891343736191689,-0.7002935735432946,linear,0.05319602183065741,0.0021407649923053107,3.927308448981519e+19,1.4400130979598901e+20
5.6,1.73,catalog,0.18,225.11887502209933,0.43,42.14722035365289,0.0946,catalog,2117620705.8678775,78728720.32013142,Jackson,-0.4787368817886687,-0.7338374017893934,linear,0.1664264462109736,0.9016903038374416,5.163470944132497e+19,1.893272679515249e+20
5.6,1.73,catalog,0.18,225.11887502209933,0.43,128.82183046666233,0.0946,catalog,670930054.1689872,62128979.91458804,Selsis,-0.4959968941438503,-0.7397211978273973,linear,0.05718716488779445,0.5770508798706664,5.226009177075039e+18,1.9162033649275142e+19
5.6,1.73,catalog,0.18,225.11887502209933,0.43,54.59176467646536,0.0946,catalog,3403810724.348476,38311286.29406365,Selsis,-0.3802029165539734,-0.7346802545571164,linear,0.3010073675464142,0.7330606735503175,2.9947995749837967e+19,1.0980931774940588e+20
5.6,1.73,catalog,0.18,225.11887502209933,0.43,14.509650927223516,0.0946,catalog,9192007960.149252,91960009.63061316,Selsis,-0.4089528883631953,-0.776393411975518,log,0.08137041451921417,0.15266624029538478,1.3792559665220688e+19,5.0572718772475855e+19
5.6,1.73,catalog,0.18,225.11887502209933,0.43,119.59904446699615,0.0946,catalog,1976490898.9036615,66307597.93477435,Selsis,-0.3146138112403519,-0.6442759127289582,GP,0.18403167568581474,0.40460567402604186,1.1479570188030992e+20,4.209175735611364e+20
5.6,1.73,catalog,0.18,225.11887502209933,0.43,128.82183046666233,0.0946,catalog,1384741138.2368662,92994647.81753087,Selsis,-0.3586927944674439,-0.7790080272961728,linear,0.41249254784718736,0.6450612298137465,1.695788148334199e+19,6.217889877225396e+19
5.6,1.73,catalog,0.18,225.11887502209933,0.43,128.82183046666233,0.0946,catalog,1223413468.6540217,47966833.573624745,Selsis,-0.4049828037709471,-0.7203371010132295,GP,0.22296101868177545,0.25096470816317695,1.3883213449187027e+19,5.090511598035243e+19
5.6,1.73,catalog,0.18,225.11887502209933,0.43,25.81373292975081,0.0946,catalog,5881253486.651347,46007164.582329065,Selsis,-0.4502784467777374,-0.633011332571827,GP,0.07538587313895999,0.7014989451841578,2.621707263223697e+19,9.612926631820222e+19
5.6,1.73,catalog,0.18,225.11887502209933,0.43,13.085997320164237,0.0946,catalog,6141326124.62468,93786689.74109387,Jackson,-0.39430711406135865,-0.71917882086162,linear,0.313074555819787,0.23361492267387574,6.973467596374335e+19,2.5569381186705893e+20
5.6,1.73,catalog,0.18,225.11887502209933,0.43,32.573865178191056,0.0946,catalog,4940716672.211245,96019351.3961098,Selsis,-0.46414125866704553,-0.7410476404148095,linear,0.1381814072136691,0.20912782713987277,1.3815826578597552e+19,5.065803078819102e+19
5.6,1.73,catalog,0.18,225.11887502209933,0.43,79.28398322902288,0.0946,catalog,1235652646.5665467,96115964.56900974,Jackson,-0.35325721425589923,-0.6103492552393466,log,0.05154027633174167,0.01162465026038284,8.421446570236994e+19,3.087863742420231e+20
5.6,1.73,catalog,0.18,225.11887502209933,0.43,14.994980049578324,0.0946,catalog,5393584258.870232,82070841.99683684,Jackson,-0.3667396040575328,-0.7746912492933979,GP,0.15336807778403497,0.28190674535330673,9.486465627284405e+19,3.4783707300042814e+20
5.6,1.73,catalog,0.18,225.11887502209933,0.43,25.083320052815395,0.0946,catalog,3352832769.285276,46778208.33760952,Jackson,-0.3217842990122354,-0.6230292194431051,GP,0.3246793602796705,0.24673679202981835,1.905053842339333e+20,6.985197421910888e+20
5.6,1.73,catalog,0.18,225.11887502209933,0.43,49.23362234619293,0.0946,catalog,1851241189.5160952,21819630.13263682,Jackson,-0.40110356010669923,-0.7875846402526391,GP,0.13456361171691789,0.7643565566803482,9.35247821583534e+19,3.429242012472958e+20
5.6,1.73,catalog,0.18,225.11887502209933,0.43,36.731434576825905,0.0946,catalog,2387936705.5821958,38960647.246505,Jackson,-0.43869732273394363,-0.717294117429486,linear,0.28668043502180485,0.5697099061679207,7.039405773774032e+19,2.5811154503838115e+20
5.6,1.73,catalog,0.18,225.11887502209933,0.43,21.455083166836072,0.0946,catalog,3864668219.579645,93891451.66026106,Jackson,-0.3159930209681338,-0.6736557889004265,GP,0.2538024960333016,0.1778244837320565,1.6671031096137282e+20,6.112711401917004e+20
5.6,1.73,catalog,0.18,225.11887502209933,0.43,27.912203051120994,0.0946,catalog,3045786595.139568,36991875.21294969,Jackson,-0.3479806420788254,-0.7259923231716638,GP,0.14317998799702156,0.5681274709488372,1.3465656241081454e+20,4.937407288396533e+20
5.6,1.73,catalog,0.18,225.11887502209933,0.43,7.563812535301025,0.0946,catalog,10557085802.750341,75915025.25553021,Jackson,-0.344523983906943,-0.6930787158077083,log,0.10525738817462427,0.22544359057477092,8.466744380803259e+19,3.104472939627861e+20
5.6,1.73,catalog,0.18,225.11887502209933,0.43,47.70915977239087,0.0946,catalog,3746719138.4433193,92377430.75801969,Selsis,-0.38382139429060397,-0.7591996666825636,linear,0.2663851469684728,0.4255022800541953,2.117699057382324e+19,7.764896543735187e+19
5.6,1.73,catalog,0.18,225.11887502209933,0.43,29.273317984100547,0.0946,catalog,2918922708.820397,97068824.12526153,Jackson,-0.30728470472488795,-0.6861930965066326,linear,0.11691989645574191,0.8882080617195464,1.5300142167635555e+20,5.610052128133037e+20
5.6,1.73,catalog,0.18,225.11887502209933,0.43,30.353286805798675,0.0946,catalog,5207088908.718967,94819740.54066025,Selsis,-0.4498876283562621,-0.7730882566201525,linear,0.0739702541829745,0.7192562195164937,1.416502967488642e+19,5.193844214125021e+19
5.6,1.73,catalog,0.18,225.11887502209933,0.43,35.686460364527306,0.0946,catalog,4621353526.299607,55950702.174505316,Selsis,-0.4116277544223575,-0.6407807367820847,GP,0.1046726130069706,0.651100016701223,2.6935617148262613e+19,9.876392954362957e+19
5.6,1.73,catalog,0.18,225.11887502209933,0.43,249.35369553376324,0.0946,catalog,378760452.8605153,49696127.390436165,Jackson,-0.3248288342337388,-0.6832420173115741,linear,0.37653833446207113,0.28148344932213887,7.760161998483907e+19,2.8453927327774324e+20
5.6,1.73,catalog,0.18,225.11887502209933,0.43,18.9198316127506,0.0946,catalog,4338952537.34899,98776410.36803064,Jackson,-0.47074860156689013,-0.7036135770362295,GP,0.09601942843782266,0.1245816648965784,5.045539075804037e+19,1.85003099446148e+20
5.6,1.73,catalog,0.18,225.11887502209933,0.43,40.691954919786866,0.0946,catalog,2183393225.933681,22599741.253450375,Jackson,-0.3222159115364328,-0.7890666408333837,linear,0.08588761423443177,0.7529489842999344,1.537814501057277e+20,5.638653170543349e+20
5.6,1.73,catalog,0.18,225.11887502209933,0.43,68.23621049947599,0.0946,catalog,2909110624.022674,19565495.906791497,Selsis,-0.42242905143921516,-0.7000451328166556,GP,0.06798139544865903,0.5678903845477898,2.840800847453803e+19,1.0416269773997277e+20
5.6,1.73,catalog,0.18,225.11887502209933,0.43,16.314210912701398,0.0946,catalog,4981149558.155694,96355047.47683766,Jackson,-0.47238918621331927,-0.687286113927752,GP,0.056773785016742434,0.6227601698242372,5.291015756810736e+19,1.940039110830603e+20
5.6,1.73,catalog,0.18,225.11887502209933,0.43,19.53754001553391,0.0946,catalog,4212016161.3617773,69230287.36059278,Jackson,-0.4825871131822496,-0.7468664973185671,log,0.4738734299661013,0.9751133193791509,3.5968770453960835e+19,1.3188549166452305e+20
5.6,1.73,catalog,0.18,225.11887502209933,0.43,74.13034212016663,0.0946,catalog,2745718323.8377113,54094096.97001763,Selsis,-0.3145336818741785,-0.6644819318183556,log,0.17208651183407964,0.3483209201672045,7.546174625316043e+19,2.7669306959492157e+20
5.6,1.73,catalog,0.18,225.11887502209933,0.43,55.88114220570206,0.0946,catalog,1660758111.8041306,14072929.491289264,Jackson,-0.3287045799623602,-0.7846469702572959,linear,0.2682961650028717,0.8007475292041538,1.500001606717713e+20,5.500005891298281e+20
5.6,1.73,catalog,0.18,225.11887502209933,0.43,22.968707515040247,0.0946,catalog,3631437869.0199027,51810784.6526166,Jackson,-0.4366309040143064,-0.7582621837103009,linear,0.29644453686663397,0.5589568408722299,6.484164522587582e+19,2.3775269916154465e+20
5.6,1.73,catalog,0.18,225.11887502209933,0.43,33.26606749256629,0.0946,catalog,2605688608.3549347,94477894.19863395,Jackson,-0.4744003183677548,-0.652490296535153,GP,0.11253484032526057,0.23525994592694244,5.91256649090155e+19,2.1679410466639017e+20
5.6,1.73,catalog,0.18,225.11887502209933,0.43,16.56186160860049,0.0946,catalog,8279241126.311766,60686241.0115185,Selsis,-0.44560842627170205,-0.7705555562147952,GP,0.31468490760162615,0.05288833198659171,1.6779821057921423e+19,6.152601054571188e+19
5.6,1.73,catalog,0.18,225.11887502209933,0.43,42.731135304813975,0.0946,catalog,4055295859.966117,41058233.62151394,Selsis,-0.4531427201473913,-0.7508902360754768,GP,0.45756652948311677,0.6160108919889606,1.8699487718493954e+19,6.85647883011445e+19
5.6,1.73,catalog,0.18,225.11887502209933,0.43,19.169090218411554,0.0946,catalog,7386394773.319614,55559197.1450477,Selsis,-0.3387277566277164,-0.6698289304191232,log,0.27588739251899325,0.29761613637757334,4.277660488209773e+19,1.5684755123435835e+20
5.6,1.73,catalog,0.18,225.11887502209933,0.43,30.98145729617848,0.0946,catalog,2775231099.986672,88728363.61476067,Jackson,-0.45257612144147813,-0.6542316592377775,linear,0.25745606728744985,0.6954783464808746,6.148350624361764e+19,2.2543952289326465e+20
5.6,1.73,catalog,0.18,225.11887502209933,0.43,11.248151827035137,0.0946,catalog,7109391760.409674,91372017.45239744,Jackson,-0.4524583252111225,-0.7897021490753137,linear,0.13527071666224652,0.700727161738402,5.1317578352873234e+19,1.8816445396053518e+20
5.6,1.73,catalog,0.18,225.11887502209933,0.43,128.82183046666233,0.0946,catalog,1054505609.4727778,40608728.39963663,Selsis,-0.4929010108502518,-0.774682117349557,GP,0.34696856516869024,0.4554604678193276,9.038857576798163e+18,3.3142477781593264e+19
5.6,1.73,catalog,0.18,225.11887502209933,0.43,33.153877659294224,0.0946,catalog,2613480196.7934713,61198039.24099788,Jackson,-0.368690868571906,-0.7107763988313475,linear,0.06134898466166701,0.5363971168395979,9.28231358962799e+19,3.403514982863596e+20
5.6,1.73,catalog,0.18,225.11887502209933,0.43,128.82183046666233,0.0946,catalog,1342805000.368991,28641058.655600242,Selsis,-0.34842449938365644,-0.6814410110335607,linear,0.28096596631922793,0.6265468576679076,4.265798433075288e+19,1.5641260921276056e+20
5.6,1.73,catalog,0.18,225.11887502209933,0.43,129.2168629848529,0.0946,catalog,825323470.7600648,45657444.31968917,Jackson,-0.35623209683142154,-0.7092437531308778,linear,0.11507037978812996,0.46860494380007456,1.0273346370691446e+20,3.7668936692535296e+20
5.6,1.73,catalog,0.18,225.11887502209933,0.43,16.02135122887401,0.0946,catalog,8498257311.999875,22768381.041531146,Selsis,-0.37490818564566275,-0.6705860014376485,log,0.18405343203859012,0.877370605949072,3.171470555806663e+19,1.1628725371291097e+20
5.6,1.73,catalog,0.18,225.11887502209933,0.43,15.146235009893857,0.0946,catalog,5342578699.297172,53615753.924691945,Jackson,-0.2874635112550163,-0.6488014186956083,GP,0.3907813008268935,0.07593457524976144,2.5565151245310316e+20,9.373888789947115e+20
5.6,1.73,catalog,0.18,225.11887502209933,0.43,35.71815158579135,0.0946,catalog,4618360711.140931,58245773.36150154,Selsis,-0.3959975273210406,-0.6100912304984195,log,0.2013675862443959,0.9798181594307654,2.6668947431433003e+19,9.778614058192101e+19
5.6,1.73,catalog,0.18,225.11887502209933,0.43,44.07068712085662,0.0946,catalog,3966153126.2985144,34445836.876946546,Selsis,-0.31076996821332836,-0.7300238573741106,GP,0.053033652023316745,0.03345091140828127,1.1872983326800944e+20,4.3534272198270124e+20
5.6,1.73,catalog,0.18,225.11887502209933,0.43,19.474758962367034,0.0946,catalog,4224548015.5367312,27939711.763226166,Jackson,-0.35787781971698546,-0.7673790462991068,log,0.26398232518675535,0.2080963558963842,8.53273428762674e+19,3.128669238796471e+20
5.6,1.73,catalog,0.18,225.11887502209933,0.43,16.52179260340102,0.0946,catalog,4922467629.311141,15951535.056513742,Jackson,-0.4814843730486761,-0.7471831991423592,GP,0.42461419681036605,0.7083078546543606,7.474401861995027e+19,2.740614016064843e+20
5.6,1.73,catalog,0.18,225.11887502209933,0.43,20.652330221397538,0.0946,catalog,6972913561.851947,14814822.954409817,Selsis,-0.3217805385852604,-0.7703671109896418,linear,0.21927137988447157,0.08496025934161089,1.1825854072969195e+20,4.336146493422038e+20
5.6,1.73,catalog,0.18,225.11887502209933,0.43,18.477332573156904,0.0946,catalog,4435132633.825495,71434650.45569766,Jackson,-0.37143452082824,-0.7211508716054168,log,0.3634043167198769,0.2621727531502741,6.5025205965573595e+19,2.384257552071032e+20
5.6,1.73,catalog,0.18,225.11887502209933,0.43,25.043671048657693,0.0946,catalog,6017688645.836436,22942162.35369763,Selsis,-0.35622435494840443,-0.6254865468196869,linear,0.3343996080095937,0.15397667904887735,7.781789437836653e+19,2.8533227938734395e+20
5.6,1.73,catalog,0.18,225.11887502209933,0.43,76.73713270550242,0.0946,catalog,2680515392.9412107,12679725.08954949,Selsis,-0.4603499641627526,-0.7305880206111287,GP,0.36329739794960497,0.7235715638162128,2.5907524343615513e+19,9.499425592659021e+19
5.6,1.73,catalog,0.18,225.11887502209933,0.43,7.23704679145488,0.0946,catalog,11044491505.003893,99888297.28666458,Jackson,-0.4037521792886814,-0.7702354595554807,log,0.11042576256213012,0.578933391310145,4.349889752904789e+19,1.5949595760650892e+20
5.6,1.73,catalog,0.18,225.11887502209933,0.43,128.82183046666222,0.0946,catalog,694521039.8642107,26731733.687016644,Selsis,-0.3062718556376575,-0.6954734235954061,linear,0.1489819078265483,0.06447861179206271,6.694634581955379e+19,2.454699346716972e+20
5.6,1.73,catalog,0.18,225.11887502209933,0.43,29.884171628276746,0.0946,catalog,2865684166.1057215,89708783.22738509,Jackson,-0.4526051375210106,-0.601611236667972,linear,0.35237371842672527,0.46013423540160703,7.730265020105348e+19,2.8344305073719607e+20
5.6,1.73,catalog,0.18,225.11887502209933,0.43,18.498073486664236,0.0946,catalog,7593669985.792349,61309409.42143983,Selsis,-0.4999725205618174,-0.7623637562662481,log,0.40678841798875465,0.20850292801604553,1.0957874269893714e+19,4.0178872322943615e+19
5.6,1.73,catalog,0.18,225.11887502209933,0.43,127.52621228418377,0.0946,catalog,1779766178.405769,71791946.5138747,Selsis,-0.4433480833341555,-0.6444250096486557,log,0.07011509125318376,0.9676985979824018,1.0657154566891774e+19,3.90762334119365e+19
5.6,1.73,catalog,0.18,225.11887502209933,0.43,51.27075250075603,0.0946,catalog,1787831380.2787347,56530972.2384639,Jackson,-0.3927406611811894,-0.6353282112851395,linear,0.07594555914569695,0.10791794730905191,9.188734773916025e+19,3.369202750435876e+20
5.6,1.73,catalog,0.18,225.11887502209933,0.43,30.76604555288035,0.0946,catalog,2792488759.4339976,18900308.31093692,Jackson,-0.31931883047357734,-0.7197323312997996,log,0.11112188615329056,0.5980551753640352,1.3036078514212238e+20,4.7798954552111537e+20
5.6,1.73,catalog,0.18,225.11887502209933,0.43,25.97220111251062,0.0946,catalog,3249235466.103374,84858105.57380764,Jackson,-0.3584760018738628,-0.676089712267095,GP,0.294623803973221,0.4818472358468181,1.1029304135428724e+20,4.044078182990532e+20
5.6,1.73,catalog,0.18,225.11887502209933,0.43,8.766658180879013,0.0946,catalog,9094579852.254175,82969303.88219164,Jackson,-0.29780603682942136,-0.7135253098497623,GP,0.37493083718269404,0.5780844969983808,2.0522813113980414e+20,7.525031475126151e+20
5.6,1.73,catalog,0.18,225.11887502209933,0.43,11.649907875536792,0.0946,catalog,6870728857.132657,35618861.069676474,Jackson,-0.39977582504186343,-0.7475346126920056,linear,0.1901998393322233,0.956492850706147,8.291545374918286e+19,3.040233304136704e+20
5.6,1.73,catalog,0.18,225.11887502209933,0.43,51.38669543570097,0.0946,catalog,3553271114.9329176,76621218.94473492,Selsis,-0.4140206509494518,-0.714776239985528,GP,0.06489902611071562,0.3412818778164861,1.760609944895244e+19,6.455569797949228e+19
5.6,1.73,catalog,0.18,225.11887502209933,0.43,7.592020765835606,0.0946,catalog,10517114787.234823,54760985.57609835,Jackson,-0.4490879923489431,-0.7809419726739857,GP,0.10062785940416245,0.7487663732110786,6.31705377427673e+19,2.3162530505681342e+20
5.6,1.73,catalog,0.18,225.11887502209933,0.43,17.187902619564426,0.0946,catalog,4743881535.985608,90995864.9154464,Jackson,-0.45202625340139707,-0.6586087772678214,linear,0.35974354568565825,0.4474664771755136,6.077350638146833e+19,2.2283619006538387e+20
5.6,1.73,catalog,0.18,225.11887502209933,0.43,10.305940412675461,0.0946,catalog,7745333268.013631,80479612.75909282,Jackson,-0.33805582265822676,-0.6341613936741392,linear,0.11130764202095912,0.6607616147255355,1.2794498158923417e+20,4.6913159916052526e+20
5.6,1.73,catalog,0.18,225.11887502209933,0.43,38.763937557469454,0.0946,catalog,2277895497.523629,5058581.210401048,Jackson,-0.482320992930032,-0.7385200133259034,linear,0.06335446785614014,0.3656575463045776,8.021388939199459e+19,2.9411759443731346e+20
5.6,1.73,catalog,0.18,225.11887502209933,0.43,51.10322575876646,0.0946,catalog,3567300216.852638,88048321.24693458,Selsis,-0.44660301133673813,-0.6867046351240035,GP,0.10023940276944178,0.22712220525231563,1.5282235677410316e+19,5.603486415050449e+19
5.6,1.73,catalog,0.18,225.11887502209933,0.43,128.82183046666222,0.0946,catalog,587453927.5847298,96888075.3798705,Selsis,-0.30510304290117146,-0.7535702935921127,GP,0.32038808501432375,0.08361635937751744,3.766905463464347e+19,1.3811986699369272e+20
5.6,1.73,catalog,0.18,225.11887502209933,0.43,130.31639744305392,0.0946,catalog,328363467.30552906,74473464.05988528,Selsis,-0.37307742001807637,-0.7745079099654377,log,0.15575770423784058,0.10175125132087781,4.1925691526603177e+18,1.5372753559754498e+19
5.6,1.73,catalog,0.18,225.11887502209933,0.43,32.169202467668356,0.0946,catalog,4986424306.43376,12871439.553859733,Selsis,-0.4897507260049669,-0.667276286977568,GP,0.07422373077249866,0.9594303187635166,2.946713333824916e+19,1.0804615557358025e+20
5.6,1.73,catalog,0.18,225.11887502209933,0.43,128.82183046666233,0.0946,catalog,1443586836.086356,80930213.0938749,Selsis,-0.3450638893674472,-0.7731784806984175,log,0.1027075517247842,0.7884566196747949,1.645381889740545e+19,6.0330669290486645e+19
5.6,1.73,catalog,0.18,225.11887502209933,0.43,40.53178207958685,0.0946,catalog,4213026405.7610207,65101415.219735004,Selsis,-0.3885298790943144,-0.6436041861587666,GP,0.44931537930198456,0.24495924997100726,2.869484968024506e+19,1.0521444882756521e+20
