,pl_mass,st_mass,pl_teff,pl_insol,pl_XUV_flux,pl_orbsmax,st_age,pl_form_yr,x-ray-model,euv_gamma1,euv_gamma2,co2_fit,ch4_eta,C_loss,N2O2_frac,CH4_epsilon
0,2.44,0.8,1694.09703376,1682.2583047767864,3038.5870172131704,0.0122,6390865097.661675,14453599.173336348,Jackson,-0.4617374984353878,-0.7332656611536894,linear,0.0913973059422097,1.637305143066703e+24,0.29721316293806377,0.0913973059422097
1,2.44,0.8,1694.09703376,1682.2583047767864,3335.0481151458525,0.0122,5545814132.229886,1129252.1704242486,Jackson,-0.3477933376566128,-0.7709052791884232,log,0.40834498439391115,1.1099650947627368e+25,0.5600090671770578,0.40834498439391115
2,2.44,0.8,1694.09703376,1682.2583047767864,3019.746549506598,0.0122,6326426519.952678,28658416.482288223,Selsis,-0.4839460992837238,-0.7881568301473134,linear,0.3212463023089334,1.1523823429738743e+25,0.5419188417070022,0.3212463023089334
3,2.44,0.8,1694.09703376,1682.2583047767864,7382.793224227523,0.0122,2085511183.4099936,52726522.165086515,Jackson,-0.4068449471615315,-0.7311517132179842,GP,0.26515742840148937,3.7522254130573704e+24,0.6441470757638845,0.26515742840148937
4,2.44,0.8,1694.09703376,1682.2583047767864,3747.761951068523,0.0122,4703171333.374333,41705164.85905296,Jackson,-0.42887158407003423,-0.6728770400978086,linear,0.19103632009946508,3.6132872224711283e+24,0.14483931989103016,0.19103632009946508
5,2.44,0.8,1694.09703376,1682.2583047767864,10717.117362168188,0.0122,1393023286.141851,80647115.94742978,Jackson,-0.4569460189094368,-0.7272234513306717,GP,0.08347866894035773,8.182926463910435e+23,0.4726955571103627,0.08347866894035773
6,2.44,0.8,1694.09703376,1682.2583047767864,3038.141890470452,0.0122,6290457871.115186,66888441.74143257,Selsis,-0.41321569348667897,-0.6923167222236789,linear,0.058177871972262506,2.2856720738940592e+24,0.7461011045987515,0.058177871972262506
7,2.44,0.8,1694.09703376,1682.2583047767864,12951.26118998024,0.0122,1146400088.9548495,51364745.12939729,Jackson,-0.2909262220867778,-0.7315405331081939,GP,0.3267521693271414,7.713209004097393e+24,0.39103522394040435,0.3267521693271414
8,2.44,0.8,1694.09703376,1682.2583047767864,11542.635605421337,0.0122,1289645554.2570746,1617502.0917462169,Jackson,-0.30520441381887764,-0.6185782778458566,log,0.14890661747784067,4.471411744918439e+24,0.10805854094198053,0.14890661747784067
9,2.44,0.8,1694.09703376,1682.2583047767864,4328.543276231794,0.0122,4471514458.561106,35452676.31901398,Selsis,-0.4990185092617211,-0.6030275041868852,log,0.4785496161297377,2.1708205778016017e+25,0.8609910937417825,0.4785496161297377
10,2.44,0.8,1694.09703376,1682.2583047767864,7484.024047490006,0.0122,2053643836.2610893,64497179.94037907,Jackson,-0.33392681978020633,-0.6177368696787763,log,0.21440597931201552,4.900236011646858e+24,0.9781830260238855,0.21440597931201552
11,2.44,0.8,1694.09703376,1682.2583047767864,7832.0211187139175,0.0122,1951110833.8966246,43833331.12120112,Jackson,-0.35312410559788665,-0.7856052772135594,GP,0.2101969473105929,3.729978059110006e+24,0.4214414471102883,0.2101969473105929
12,2.44,0.8,1694.09703376,1682.2583047767864,3483.12166381506,0.0122,5195149030.860024,80569732.0443535,Jackson,-0.4739123054282052,-0.6091947721610455,GP,0.057656238771555256,1.1914551720405337e+24,0.4374429815067774,0.057656238771555256
13,2.44,0.8,1694.09703376,1682.2583047767864,4314.054470620642,0.0122,4484689896.993367,53171640.99855444,Selsis,-0.4449173456192363,-0.7286368900967728,linear,0.15069822153078802,5.320672395528428e+24,0.14026243086686074,0.15069822153078802
14,2.44,0.8,1694.09703376,1682.2583047767864,4535.57726729325,0.0122,4292529455.5819836,7167363.343257068,Selsis,-0.4596417943297251,-0.6522590033840932,log,0.3521468723589916,1.5263669545377036e+25,0.9898002464142936,0.3521468723589916
15,2.44,0.8,1694.09703376,1682.2583047767864,5617.8025885258285,0.0122,3572024311.699098,79386734.99384557,Selsis,-0.4144378735808959,-0.6904113844309172,linear,0.38641481059617844,1.3450996064636319e+25,0.2720271487205398,0.38641481059617844
16,2.44,0.8,1694.09703376,1682.2583047767864,3429.708353664402,0.0122,5316949758.2192335,24052401.891263936,Jackson,-0.44194095928315613,-0.6490334453823885,log,0.06300675971725422,1.348151016766641e+24,0.7723621460912092,0.06300675971725422
17,2.44,0.8,1694.09703376,1682.2583047767864,5826.147502698813,0.0122,2741244651.5421243,70929452.15086937,Jackson,-0.302692101572615,-0.6286296865633586,linear,0.30659465354280907,8.934327847989116e+24,0.8313878262966493,0.30659465354280907
18,2.44,0.8,1694.09703376,1682.2583047767864,9943.349022236445,0.0122,1506700901.977188,26890119.87734107,Jackson,-0.2879805299384931,-0.7669197102464381,linear,0.09923301815762779,2.8306483391027884e+24,0.9451536499899879,0.09923301815762779
19,2.44,0.8,1694.09703376,1682.2583047767864,4012.7010340193615,0.0122,4315262947.6286955,85442254.80594002,Jackson,-0.29873243757588075,-0.7347292677305142,GP,0.051582367684245976,1.469929627751259e+24,0.7267596607135215,0.051582367684245976
20,2.44,0.8,1694.09703376,1682.2583047767864,2670.388272821438,0.0122,7110376546.79247,43260377.40528274,Selsis,-0.42803552800234357,-0.6464406676401365,GP,0.10158323454198086,4.618158647895226e+24,0.3112351715081171,0.10158323454198086
21,2.44,0.8,1694.09703376,1682.2583047767864,2651.991146127508,0.0122,7903080211.896421,26634674.075305138,Jackson,-0.38894942703804974,-0.7732362112497154,GP,0.27536450628305714,5.979640863443821e+24,0.9168166252468222,0.27536450628305714
22,2.44,0.8,1694.09703376,1682.2583047767864,2625.265556519834,0.0122,7228137759.00323,96773738.48174597,Selsis,-0.3006253013273352,-0.7234139024932286,log,0.11782244993953482,7.357460683184397e+24,0.025218112020373384,0.11782244993953482
23,2.44,0.8,1694.09703376,1682.2583047767864,6550.818237146964,0.0122,3141400821.5667024,80419924.98755972,Selsis,-0.31686679717510563,-0.7674612532741344,log,0.34461823865817626,1.7333222256052187e+25,0.13872507414684365,0.34461823865817626
24,2.44,0.8,1694.09703376,1682.2583047767864,3749.6544591762718,0.0122,4700164074.198911,86635352.47261134,Jackson,-0.44843506081640894,-0.6583548572556389,GP,0.051108996897173534,8.355600482481138e+23,0.4049604013274656,0.051108996897173534
25,2.44,0.8,1694.09703376,1682.2583047767864,11894.674791616866,0.0122,1908136036.6128964,28966241.26891761,Selsis,-0.44843752747029014,-0.6875527004640941,log,0.07134192097816008,2.5171773178689664e+24,0.6951201570903703,0.07134192097816008
26,2.44,0.8,1694.09703376,1682.2583047767864,1528.9223179061348,0.0122,12561745239.512253,60894205.947304904,Selsis,-0.4674585046520251,-0.7432327336194431,linear,0.1039740702498326,3.8128819983899993e+24,0.8745878386245797,0.1039740702498326
27,2.44,0.8,1694.09703376,1682.2583047767864,4425.460618188513,0.0122,4385623932.022279,87208808.43319914,Selsis,-0.28557496139768257,-0.7402860033937796,linear,0.11608186070649874,7.78508260862139e+24,0.9808398314700888,0.11608186070649874
28,2.44,0.8,1694.09703376,1682.2583047767864,17199.9578439344,0.0122,863320527.894071,89967734.90622467,Jackson,-0.4904747009640292,-0.7099716656186011,log,0.23369582288715354,1.8034038006501754e+24,0.47193795988188936,0.23369582288715354
29,2.44,0.8,1694.09703376,1682.2583047767864,4963.637346941498,0.0122,3970057312.228648,11249805.266439697,Selsis,-0.3857037921165716,-0.6138689332525057,linear,0.1953181351759075,1.0501531228920543e+25,0.8315904823142324,0.1953181351759075
30,2.44,0.8,1694.09703376,1682.2583047767864,2486.8159676075647,0.0122,7618390456.267314,51306482.14550954,Selsis,-0.42955062623432094,-0.6671858959117221,log,0.17842590526926558,7.613279993664021e+24,0.7133038351687535,0.17842590526926558
31,2.44,0.8,1694.09703376,1682.2583047767864,3412.981771774005,0.0122,5356149028.848797,57342212.93277427,Jackson,-0.4292075960693702,-0.7142957309630237,linear,0.24176663483222732,4.0830932980541254e+24,0.7541376732548378,0.24176663483222732
32,2.44,0.8,1694.09703376,1682.2583047767864,4347.106204850879,0.0122,3905697400.4497786,49405098.98379439,Jackson,-0.33919600621521645,-0.6984078257917287,log,0.24513620291310173,5.92027770179128e+24,0.9117770956571096,0.24513620291310173
33,2.44,0.8,1694.09703376,1682.2583047767864,2075.5959033723493,0.0122,11778717935.713839,40041531.29331836,Jackson,-0.3645500163154544,-0.6641793817870207,GP,0.19260051865008465,6.148652267431989e+24,0.8424574797384523,0.19260051865008465
34,2.44,0.8,1694.09703376,1682.2583047767864,4987.504356675268,0.0122,3301130737.8771167,77483233.05173086,Jackson,-0.294998967903994,-0.6626772956976106,linear,0.05086155925330629,1.5309405155691343e+24,0.05357150839277225,0.05086155925330629
35,2.44,0.8,1694.09703376,1682.2583047767864,4877.198378652519,0.0122,3391690609.3777423,98160400.25385727,Jackson,-0.3171967608880087,-0.7285267858478985,linear,0.2788367618671317,6.177010459589189e+24,0.026235949662774427,0.2788367618671317
36,2.44,0.8,1694.09703376,1682.2583047767864,1838.0438855011141,0.0122,10328873708.556261,26656556.509625297,Selsis,-0.3903171264602786,-0.6824614061054429,log,0.2511475210514125,1.2791759225415959e+25,0.7876081949190155,0.2511475210514125
37,2.44,0.8,1694.09703376,1682.2583047767864,3218.334442137251,0.0122,5934343417.703645,77332902.69255693,Selsis,-0.35866336216824035,-0.7625021257952636,GP,0.10427568377121257,4.518025117326248e+24,0.8664494708062238,0.10427568377121257
38,2.44,0.8,1694.09703376,1682.2583047767864,7978.740519364811,0.0122,2663772371.352132,48058685.04718018,Selsis,-0.3468336400396409,-0.635758617378692,log,0.05384348812464779,2.7204045330519664e+24,0.06695556065712416,0.05384348812464779
39,2.44,0.8,1694.09703376,1682.2583047767864,5046.05640858772,0.0122,3254941464.716001,18011840.609612092,Jackson,-0.39412863107712576,-0.7043616058527497,log,0.25485169660631146,4.885011005482407e+24,0.1939785161951395,0.25485169660631146
40,2.44,0.8,1694.09703376,1682.2583047767864,2318.5950518971863,0.0122,8161156270.710787,62676532.08946226,Selsis,-0.4858210840078881,-0.7419965261993323,linear,0.11437982413108841,3.889202702704623e+24,0.29207183520070823,0.11437982413108841
41,2.44,0.8,1694.09703376,1682.2583047767864,3747.912992079666,0.0122,5092420908.077541,89907865.94583564,Selsis,-0.3443588272332396,-0.6104645961591098,GP,0.11850253679790765,6.414453442906712e+24,0.2378417946793837,0.11850253679790765
42,2.44,0.8,1694.09703376,1682.2583047767864,3980.0556890313537,0.0122,4359703727.661305,4409387.3987768665,Jackson,-0.41746816655105146,-0.7139455140954842,log,0.19838568380784855,3.8809653350867046e+24,0.36929901535533305,0.19838568380784855
43,2.44,0.8,1694.09703376,1682.2583047767864,3213.9624815114807,0.0122,5865439260.221116,98543507.29876094,Jackson,-0.37835687158897335,-0.7834582398124966,linear,0.2986911483783549,5.026549036511165e+24,0.5535918981404255,0.2986911483783549
44,2.44,0.8,1694.09703376,1682.2583047767864,38215.293459039865,0.0122,786600514.5558344,47186874.12655976,Selsis,-0.29164705619781905,-0.6265965363394058,linear,0.053468751633023,2.922132018753824e+24,0.6403589473226305,0.053468751633023
45,2.44,0.8,1694.09703376,1682.2583047767864,5541.034585922016,0.0122,3613902897.3465805,99359122.06136183,Selsis,-0.4269331201513838,-0.7335650018461696,log,0.05720458919767617,1.7337398933421725e+24,0.8738283766373108,0.05720458919767617
46,2.44,0.8,1694.09703376,1682.2583047767864,7631.534196276106,0.0122,2768111812.9772215,21561446.92010548,Selsis,-0.45117349430030285,-0.6043113265152487,linear,0.09180764525032004,4.109278792075101e+24,0.9147387162268696,0.09180764525032004
47,2.44,0.8,1694.09703376,1682.2583047767864,8649.988834146172,0.0122,1746117337.1726725,68702798.4608809,Jackson,-0.3746902359659634,-0.7268434895134843,GP,0.34042677389164866,4.870094214581962e+24,0.007901483491714267,0.34042677389164866
48,2.44,0.8,1694.09703376,1682.2583047767864,2295.289807379852,0.0122,8243233224.358944,9210635.897250982,Selsis,-0.41289613556337634,-0.7428308563505531,GP,0.06788220454530768,3.051218607159376e+24,0.9940623727299355,0.06788220454530768
49,2.44,0.8,1694.09703376,1682.2583047767864,7145.868341946429,0.0122,2164074505.041458,15396294.829246784,Jackson,-0.45443673032792437,-0.7011596903787422,GP,0.19668324860061717,2.9565077923784885e+24,0.7592341800820896,0.19668324860061717
50,2.44,0.8,1694.09703376,1682.2583047767864,5316.996208791432,0.0122,3056598122.4325566,99689035.8309271,Jackson,-0.2968863660161608,-0.7112099397298643,linear,0.15468493295021565,3.936575679248022e+24,0.25070523725816996,0.15468493295021565
51,2.44,0.8,1694.09703376,1682.2583047767864,5441.1671683839995,0.0122,2973355402.093485,43053180.97065204,Jackson,-0.42561783896315614,-0.7664660152202454,GP,0.4618816012118046,6.773942687770458e+24,0.8708322389051837,0.4618816012118046
52,2.44,0.8,1694.09703376,1682.2583047767864,6176.570329171951,0.0122,2558784320.9002233,70351424.98273301,Jackson,-0.3074864808975075,-0.6354030679452635,log,0.3910904123633005,1.0639644597082123e+25,0.6843946791223332,0.3910904123633005
53,2.44,0.8,1694.09703376,1682.2583047767864,4934.918861840094,0.0122,3989938316.182868,33892121.287611224,Selsis,-0.4587695592486082,-0.6719032402221191,GP,0.10485504708016917,4.067981084054035e+24,0.8620967210470922,0.10485504708016917
54,2.44,0.8,1694.09703376,1682.2583047767864,5029.22185086746,0.0122,3268092537.6518154,39630794.48646811,Jackson,-0.4755946686399297,-0.7092601856871584,GP,0.05854947456245057,8.557038307330413e+23,0.41450777810760975,0.05854947456245057
55,2.44,0.8,1694.09703376,1682.2583047767864,7156.887119884004,0.0122,2160290800.351741,99955633.32641223,Jackson,-0.4534287466782781,-0.6207682349192994,linear,0.08813166508799222,1.2066319687247051e+24,0.24856019131727758,0.08813166508799222
56,2.44,0.8,1694.09703376,1682.2583047767864,4951.451181799767,0.0122,3330209422.5095215,66523630.56763693,Jackson,-0.36078854802173,-0.7084465118171089,log,0.16885841408040053,3.2058654858118855e+24,0.0028239267588233696,0.16885841408040053
57,2.44,0.8,1694.09703376,1682.2583047767864,6530.132682870214,0.0122,2398600001.0657897,58993791.534679495,Jackson,-0.4109599288858374,-0.7134026357804397,GP,0.4693157606060664,6.749549741390423e+24,0.06394956582955302,0.4693157606060664
58,2.44,0.8,1694.09703376,1682.2583047767864,5166.281583455199,0.0122,3836042201.6356435,14989325.416679574,Selsis,-0.2958772549854627,-0.7768353595451775,GP,0.159706042476332,1.1634474567442669e+25,0.38817542640911884,0.159706042476332
59,2.44,0.8,1694.09703376,1682.2583047767864,11353.599836047428,0.0122,1982248674.7143054,26492079.264731135,Selsis,-0.4044088670169463,-0.6880676171356206,GP,0.08766706494093945,3.4059507715635356e+24,0.608125849546415,0.08766706494093945
60,2.44,0.8,1694.09703376,1682.2583047767864,3252.940878263174,0.0122,5759027263.597908,41639270.70656518,Jackson,-0.37734132448588475,-0.6767900518768798,linear,0.362733485565836,8.519995288148802e+24,0.4946795332268601,0.362733485565836
61,2.44,0.8,1694.09703376,1682.2583047767864,11424.367959970996,0.0122,1972173230.2763593,7124995.110455376,Selsis,-0.4084633186002151,-0.6619557139274804,GP,0.05146131292358878,2.1481243996092924e+24,0.9446603302799582,0.05146131292358878
62,2.44,0.8,1694.09703376,1682.2583047767864,14078.992930932121,0.0122,1667037601.3862784,80408099.13617639,Selsis,-0.36557452251831174,-0.6439555360085858,linear,0.21076578948842722,7.913803993570777e+24,0.6061621400856814,0.21076578948842722
63,2.44,0.8,1694.09703376,1682.2583047767864,2291.1780736581363,0.0122,10001249947.615396,2599671.314872169,Jackson,-0.4283585965457238,-0.615749198001258,log,0.1377404557181329,4.476148672947077e+24,0.5048767236242073,0.1377404557181329
64,2.44,0.8,1694.09703376,1682.2583047767864,2477.156013802907,0.0122,7647387596.471972,24326822.505853973,Selsis,-0.44180550882777225,-0.7072039380545864,GP,0.08228232234550655,3.447614888682948e+24,0.9453263499129532,0.08228232234550655
65,2.44,0.8,1694.09703376,1682.2583047767864,10305.78269806902,0.0122,1451172779.992902,9608467.254733378,Jackson,-0.2850459831645596,-0.600173513843059,GP,0.3344718528778467,1.1928938964549282e+25,0.18829021129086487,0.3344718528778467
66,2.44,0.8,1694.09703376,1682.2583047767864,9218.785402768954,0.0122,1631876803.0337975,84747209.93553153,Jackson,-0.32221981825325186,-0.7047855255926249,linear,0.14554408515943554,2.641348750243882e+24,0.7840572030671388,0.14554408515943554
67,2.44,0.8,1694.09703376,1682.2583047767864,3717.348711307412,0.0122,4752009309.989871,3606758.8910158584,Jackson,-0.38380774790006417,-0.7535743516708446,GP,0.3386848715012022,7.315882793798831e+24,0.24961569867198263,0.3386848715012022
68,2.44,0.8,1694.09703376,1682.2583047767864,28330.2625156448,0.0122,983488260.7915553,56594252.60779761,Selsis,-0.30756127375372483,-0.7615115889422858,GP,0.4553924041406628,2.1168825218867605e+25,0.2461684523261095,0.4553924041406628
69,2.44,0.8,1694.09703376,1682.2583047767864,2539.3360774552484,0.0122,8468496491.022856,8446268.004878275,Jackson,-0.3065091114313634,-0.7421988239236325,GP,0.09382017348811013,3.651415745835723e+24,0.2603457305876199,0.09382017348811013
70,2.44,0.8,1694.09703376,1682.2583047767864,3044.451009041539,0.0122,6371953269.085711,28772852.138356466,Jackson,-0.47582487600774637,-0.7175620632246201,linear,0.24231930848571875,4.2035672975546345e+24,0.8821494370305093,0.24231930848571875
71,2.44,0.8,1694.09703376,1682.2583047767864,2811.286284677271,0.0122,6769104802.711035,3294268.368881467,Selsis,-0.46749977521962344,-0.7558260193629786,log,0.16304082391082425,6.573593187110761e+24,0.7232057744825886,0.16304082391082425
72,2.44,0.8,1694.09703376,1682.2583047767864,2156.956672238369,0.0122,11047368239.905525,43468483.71793104,Jackson,-0.38622758732310003,-0.6050656578517846,log,0.20891720680571063,7.552717334431463e+24,0.6363613850168713,0.20891720680571063
73,2.44,0.8,1694.09703376,1682.2583047767864,5696.059668244208,0.0122,2815613847.9055676,68536244.9256688,Jackson,-0.39723671092974644,-0.7555347025423722,GP,0.2590419233799225,3.746452011804082e+24,0.2643159565144233,0.2590419233799225
74,2.44,0.8,1694.09703376,1682.2583047767864,26619.316841487223,0.0122,1029573771.9599118,89416480.86776383,Selsis,-0.3648402014305755,-0.6717381244045116,log,0.4179491393629343,1.3069445589641177e+25,0.7381912951439897,0.4179491393629343
75,2.44,0.8,1694.09703376,1682.2583047767864,21190.021432016718,0.0122,1219190761.1094003,91760929.57699119,Selsis,-0.49958151898092873,-0.6272305587287625,log,0.21364737759481503,5.759316859111508e+24,0.6736284421203101,0.21364737759481503
76,2.44,0.8,1694.09703376,1682.2583047767864,2861.0692047289353,0.0122,6657135769.062859,50567439.71129058,Selsis,-0.45546183305180177,-0.6863206637895674,linear,0.2765520664124333,1.0708116563033285e+25,0.5927322717826815,0.2765520664124333
77,2.44,0.8,1694.09703376,1682.2583047767864,4453.023324536523,0.0122,4361886443.430018,55222779.38744282,Selsis,-0.4731649758333912,-0.784415399902391,log,0.1718842456235625,5.55971033328517e+24,0.8610465815259862,0.1718842456235625
78,2.44,0.8,1694.09703376,1682.2583047767864,3778.504252975283,0.0122,4654772654.285457,41438028.1917611,Jackson,-0.3295823027421204,-0.6310548197456001,log,0.4215513419496525,1.325258869681321e+25,0.9430759964876808,0.4215513419496525
79,2.44,0.8,1694.09703376,1682.2583047767864,2892.1271150429766,0.0122,6897766995.060007,43442084.50854623,Jackson,-0.4203710804795164,-0.7620419445767751,linear,0.1847131215848178,3.3340780048687455e+24,0.10254298532212625,0.1847131215848178
80,2.44,0.8,1694.09703376,1682.2583047767864,3431.8720091704254,0.0122,5311916685.816825,57806292.31950862,Jackson,-0.3958214162690279,-0.7259729590083777,GP,0.2781509447231543,5.13124224492904e+24,0.1558356678395607,0.2781509447231543
81,2.44,0.8,1694.09703376,1682.2583047767864,2764.7591384594984,0.0122,7400594371.560301,41494228.306452036,Jackson,-0.4348505809819142,-0.7877341118488208,log,0.05305623552063202,9.11416704560163e+23,0.22305909340166508,0.05305623552063202
82,2.44,0.8,1694.09703376,1682.2583047767864,4191.161730725124,0.0122,4086945627.093109,34648237.534357674,Jackson,-0.37278624612291617,-0.6704514428057001,GP,0.1359635566084447,3.064925440071738e+24,0.8913066082953826,0.1359635566084447
83,2.44,0.8,1694.09703376,1682.2583047767864,3084.5217207393766,0.0122,6245344418.450174,61796103.18973463,Jackson,-0.45197832619153616,-0.734011871016773,linear,0.30166288403315566,4.751874788030918e+24,0.35848873239662915,0.30166288403315566
84,2.44,0.8,1694.09703376,1682.2583047767864,13332.06449244646,0.0122,1113290150.9927058,68347749.42954962,Jackson,-0.46568447278645875,-0.7472872619955068,GP,0.36175949383504374,3.4192642946177436e+24,0.10780797093391281,0.36175949383504374
85,2.44,0.8,1694.09703376,1682.2583047767864,7002.273051333541,0.0122,2972260313.30627,17322727.910318688,Selsis,-0.498078748654787,-0.655261434989914,log,0.43112204826974104,1.6576613739765451e+25,0.626779702311368,0.43112204826974104
86,2.44,0.8,1694.09703376,1682.2583047767864,4522.761330700122,0.0122,3719282020.998596,42771077.984722614,Jackson,-0.48407396322343943,-0.7305668874122195,GP,0.3536502315553806,5.020698670048023e+24,0.587611911664799,0.3536502315553806
87,2.44,0.8,1694.09703376,1682.2583047767864,4528.087782378146,0.0122,3713897624.967847,26634052.63336695,Jackson,-0.422078529921893,-0.668970865688397,linear,0.39782733591892344,7.56996219657063e+24,0.08748375396741259,0.39782733591892344
88,2.44,0.8,1694.09703376,1682.2583047767864,37574.28722058934,0.0122,796443927.0927292,35885428.08605431,Selsis,-0.4183810381747219,-0.6091265790601876,GP,0.15701295456900807,5.386627436267366e+24,0.53977906827978,0.15701295456900807
89,2.44,0.8,1694.09703376,1682.2583047767864,1869.938121926629,0.0122,10146036137.021801,34526421.878916,Selsis,-0.45315529829261597,-0.7298139293523963,log,0.11554876537112974,4.6562523479127294e+24,0.6416064768937136,0.11554876537112974
90,2.44,0.8,1694.09703376,1682.2583047767864,2113.3987414975904,0.0122,8952769399.248016,53280947.863325074,Selsis,-0.4895236973777877,-0.6794069343440586,GP,0.23401757963513098,9.07830903018849e+24,0.2854362501161919,0.23401757963513098
91,2.44,0.8,1694.09703376,1682.2583047767864,2554.916146241617,0.0122,7420710824.66382,74198564.3247363,Selsis,-0.3627802020917119,-0.7685202764937347,linear,0.23071804151994138,1.0133908741283545e+25,0.8362181413931341,0.23071804151994138
92,2.44,0.8,1694.09703376,1682.2583047767864,3120.3048128001483,0.0122,6136019534.424996,71886077.92956728,Jackson,-0.370585422568697,-0.7640391040295372,GP,0.22747457283153086,4.4630600578721964e+24,0.7264435289369654,0.22747457283153086
93,2.44,0.8,1694.09703376,1682.2583047767864,3742.0014085883968,0.0122,4712347749.412084,21813585.492696058,Jackson,-0.3024709273607542,-0.7129963164409041,linear,0.07228738642233762,2.511651800576656e+24,0.7780811991874839,0.07228738642233762
94,2.44,0.8,1694.09703376,1682.2583047767864,5695.330168159464,0.0122,2816041992.9010186,82554069.99519987,Jackson,-0.4796921904451947,-0.7347503278125881,linear,0.11323150186836893,1.27380102887319e+24,0.5314753446409376,0.11323150186836893
95,2.44,0.8,1694.09703376,1682.2583047767864,4142.2190651734,0.0122,4648068414.407273,1240450.8797332488,Selsis,-0.34071381202583184,-0.7853143080743296,GP,0.0967042065773653,5.589129070019874e+24,0.15628519601630841,0.0967042065773653
96,2.44,0.8,1694.09703376,1682.2583047767864,2353.125855601492,0.0122,9575272386.218666,96235468.5243787,Jackson,-0.44507559581054185,-0.6678970165019485,log,0.215344886707167,4.2530655875013366e+24,0.2067805225419279,0.215344886707167
97,2.44,0.8,1694.09703376,1682.2583047767864,3008.043608316282,0.0122,6491006511.4714985,86117974.22053877,Jackson,-0.48816317487436717,-0.6900444036296052,log,0.0849551801564698,1.295054766590479e+24,0.1901440285948598,0.0849551801564698
98,2.44,0.8,1694.09703376,1682.2583047767864,2531.068266723011,0.0122,7488623614.098228,50175197.51319958,Selsis,-0.4616855030449209,-0.7426855463437996,GP,0.1726990315968665,6.265790674172694e+24,0.8553721806771353,0.1726990315968665
99,2.44,0.8,1694.09703376,1682.2583047767864,4525.489336618146,0.0122,4300868025.761877,7079825.419305911,Selsis,-0.4605768420149027,-0.7971754808134623,linear,0.27061864315738987,1.0202176234264548e+25,0.2846654175046376,0.27061864315738987
100,2.44,0.8,1694.09703376,1682.2583047767864,6966.669832545936,0.0122,2984832340.8337636,15739607.990054188,Selsis,-0.42447375262094544,-0.7021512636919193,log,0.3553982290305881,1.414039866196217e+25,0.9437650811102754,0.3553982290305881
101,2.44,0.8,1694.09703376,1682.2583047767864,8114.880574334202,0.0122,1874984402.799618,92308206.75236793,Jackson,-0.34144865801937613,-0.7169705345898735,log,0.45468839591957805,7.287976709969486e+24,0.6314308000196075,0.45468839591957805
102,2.44,0.8,1694.09703376,1682.2583047767864,8375.182573223241,0.0122,1809977998.4783356,56430210.21572273,Jackson,-0.45995488650858174,-0.6150348974103388,GP,0.14105603965641578,2.178018429912834e+24,0.09811362752426878,0.14105603965641578
103,2.44,0.8,1694.09703376,1682.2583047767864,12019.02051825429,0.0122,1892007416.3555984,81843238.286784,Selsis,-0.28506940864701275,-0.6403654200713649,linear,0.13840407214980027,8.679616961601721e+24,0.4187448026027648,0.13840407214980027
104,2.44,0.8,1694.09703376,1682.2583047767864,3963.636407006253,0.0122,4382389458.810062,3572614.2560019023,Jackson,-0.4833679460492761,-0.7115500162145679,linear,0.0787047525158366,1.3550522612450745e+24,0.3577491138137068,0.0787047525158366
105,2.44,0.8,1694.09703376,1682.2583047767864,3996.0561918960675,0.0122,4798269566.049064,98215686.78219041,Selsis,-0.4203400858908997,-0.7153065935351922,GP,0.14191609175827008,4.648007388281306e+24,0.11437939941069386,0.14191609175827008
106,2.44,0.8,1694.09703376,1682.2583047767864,4756.439051908625,0.0122,3496514455.665218,37200416.21643998,Jackson,-0.36323987510734423,-0.7731129675582089,linear,0.05358490523919464,1.0652065667237649e+24,0.4244197270853297,0.05358490523919464
107,2.44,0.8,1694.09703376,1682.2583047767864,7286.828990023553,0.0122,2876072436.4821453,26444662.561740484,Selsis,-0.36798068870934725,-0.7411852049553747,GP,0.37214526695613037,1.6591398629565965e+25,0.06111756490573761,0.37214526695613037
108,2.44,0.8,1694.09703376,1682.2583047767864,10792.73845843187,0.0122,1382849088.546402,15136910.622833956,Jackson,-0.28278220365298784,-0.7549694811191063,GP,0.08312806931446858,2.529118165389817e+24,0.496247400232537,0.08312806931446858
109,2.44,0.8,1694.09703376,1682.2583047767864,3015.473518877376,0.0122,6466390483.31814,60489407.829588376,Jackson,-0.41746860268045083,-0.6043670168016552,linear,0.2199704928110099,5.837053246551147e+24,0.1697432547628085,0.2199704928110099
110,2.44,0.8,1694.09703376,1682.2583047767864,2399.076738594885,0.0122,7891114060.28346,4206066.732553293,Selsis,-0.3383879401036859,-0.6086772522423916,linear,0.4294961897550587,3.1972647017184143e+25,0.5735016107912935,0.4294961897550587
111,2.44,0.8,1694.09703376,1682.2583047767864,6937.485750742059,0.0122,2238187244.884938,85578596.02927323,Jackson,-0.48746121151697114,-0.7130890776800499,linear,0.14884411398470335,1.5877425561315505e+24,0.3530415868322331,0.14884411398470335
112,2.44,0.8,1694.09703376,1682.2583047767864,4283.580060731053,0.0122,3977626642.3343153,94711054.62280677,Jackson,-0.4945158788892887,-0.675172524146019,log,0.40119481583055894,5.306800963874039e+24,0.5964105061261458,0.40119481583055894
113,2.44,0.8,1694.09703376,1682.2583047767864,10405.09561058618,0.0122,2129966174.4493523,34470202.2285711,Selsis,-0.42807400875685325,-0.7911445134067897,GP,0.0990757896064744,3.415153762552432e+24,0.9843664044041122,0.0990757896064744
114,2.44,0.8,1694.09703376,1682.2583047767864,2812.9746523558506,0.0122,7202690321.763258,57040669.15517815,Jackson,-0.4023908134032518,-0.6146423103182181,log,0.1080808788274734,2.962507440546546e+24,0.04257336861617278,0.1080808788274734
115,2.44,0.8,1694.09703376,1682.2583047767864,6666.156992195881,0.0122,2342565150.9569287,30988214.094657656,Jackson,-0.4241547743209769,-0.6756158391411283,linear,0.10786765643988089,1.7639194449950251e+24,0.2043417888718092,0.10786765643988089
116,2.44,0.8,1694.09703376,1682.2583047767864,6000.500990080779,0.0122,2647389803.435392,40064330.17276859,Jackson,-0.3904571732095638,-0.623880161621945,log,0.10399063156520034,2.1661592163059472e+24,0.4192334956969799,0.10399063156520034
117,2.44,0.8,1694.09703376,1682.2583047767864,5713.254855096667,0.0122,2805558617.435535,26980015.46930281,Jackson,-0.45283849781747104,-0.6484602701075645,log,0.28322340974027693,4.959325418251657e+24,0.9683435271325556,0.28322340974027693
118,2.44,0.8,1694.09703376,1682.2583047767864,11217.214811673228,0.0122,1328457421.9357677,79552520.87664582,Jackson,-0.4936877056647143,-0.6815312985953974,linear,0.10426675726120084,1.030697699180375e+24,0.40355593854960625,0.10426675726120084
119,2.44,0.8,1694.09703376,1682.2583047767864,5509.036646542423,0.0122,3631699447.33268,86643284.65736073,Selsis,-0.46389213970324067,-0.7296616476225357,GP,0.05598604486274181,1.66477544749431e+24,0.7359003312179111,0.05598604486274181
120,2.44,0.8,1694.09703376,1682.2583047767864,5928.3101982916905,0.0122,2685477379.3068914,97649705.16023572,Jackson,-0.29332951549635566,-0.6055852065926448,log,0.1877327947353079,5.650483590271437e+24,0.7168633269938556,0.1877327947353079
121,2.44,0.8,1694.09703376,1682.2583047767864,4695.848574961423,0.0122,3551702574.3630986,40019350.914979264,Jackson,-0.43699205419494014,-0.6928984304367576,GP,0.2180082244487269,3.6038037244218604e+24,0.7418093389084499,0.2180082244487269
122,2.44,0.8,1694.09703376,1682.2583047767864,6862.295241107798,0.0122,3022419864.495484,47248330.32544631,Selsis,-0.3918025144450574,-0.6919851339699138,log,0.2559276670084315,1.0285939641680646e+25,0.15739864454020092,0.2559276670084315
123,2.44,0.8,1694.09703376,1682.2583047767864,6431.860180398812,0.0122,2440759211.3607526,35965091.536647804,Jackson,-0.34799181247343763,-0.757587108135594,linear,0.3913703811234841,7.885300607993999e+24,0.29753944605622473,0.3913703811234841
124,2.44,0.8,1694.09703376,1682.2583047767864,6571.383133083518,0.0122,2381329136.8708177,9570671.056412999,Jackson,-0.44611125350277914,-0.6379943482173872,linear,0.21299066233993547,3.917002938222851e+24,0.8019441444119012,0.21299066233993547
125,2.44,0.8,1694.09703376,1682.2583047767864,2257.54711610901,0.0122,10246641716.611635,79862640.57070793,Jackson,-0.3366848664529138,-0.6157038104128881,log,0.49243764540332774,1.8484261248064626e+25,0.24045194772791678,0.49243764540332774
126,2.44,0.8,1694.09703376,1682.2583047767864,4579.17619420276,0.0122,4256916359.71427,3617720.8447005395,Selsis,-0.4711660578899918,-0.6942171002526736,GP,0.0546635687857553,2.2152301983331485e+24,0.20645161695231973,0.0546635687857553
127,2.44,0.8,1694.09703376,1682.2583047767864,2660.9743718747677,0.0122,7860862984.0106535,18585644.61663265,Jackson,-0.4296724239133723,-0.601531152299507,GP,0.13147687302852304,4.054698791886285e+24,0.38679137751971904,0.13147687302852304
128,2.44,0.8,1694.09703376,1682.2583047767864,4185.654834211572,0.0122,4605486156.28708,24697806.896652594,Selsis,-0.42530509767503005,-0.7072011554341161,linear,0.30650781190558307,1.2502259098712168e+25,0.08084800192040253,0.30650781190558307
129,2.44,0.8,1694.09703376,1682.2583047767864,5814.911212063042,0.0122,3469625417.4282727,44234270.52868649,Selsis,-0.3198318702954722,-0.7773488693407532,GP,0.06262069906979537,3.5013531654239805e+24,0.7597260577197013,0.06262069906979537
130,2.44,0.8,1694.09703376,1682.2583047767864,4791.304284742676,0.0122,3465611531.938658,2078125.5707439915,Jackson,-0.31182179873905425,-0.6221850290276596,GP,0.1311615632103467,4.841431329792454e+24,0.4912829154407513,0.1311615632103467
131,2.44,0.8,1694.09703376,1682.2583047767864,7833.209613304412,0.0122,1950778103.5025215,11518001.179380706,Jackson,-0.28383542013967616,-0.7328772298897076,GP,0.09924560061918314,3.3248002499537425e+24,0.6679871383553003,0.09924560061918314
132,2.44,0.8,1694.09703376,1682.2583047767864,4964.175322564419,0.0122,3969687079.6090717,27861011.122398242,Selsis,-0.4827602448930231,-0.7021511647961217,GP,0.18111517419529904,6.65337997409872e+24,0.30334249300716265,0.18111517419529904
133,2.44,0.8,1694.09703376,1682.2583047767864,22400.911684659215,0.0122,669450065.6965241,76622508.66059367,Jackson,-0.3606253842824981,-0.6219668433776803,log,0.14190595069486456,1.7256487712856902e+24,0.04415444607140606,0.14190595069486456
134,2.44,0.8,1694.09703376,1682.2583047767864,55248.94130272897,0.0122,286251739.1355565,81877390.00679497,Jackson,-0.47523260556013874,-0.7000561760261518,linear,0.05313742327840136,2.582144608879469e+23,0.029298380349008224,0.05313742327840136
135,2.44,0.8,1694.09703376,1682.2583047767864,2756.534082715264,0.0122,6897251093.1817,5871487.214871487,Selsis,-0.33180208194486843,-0.6544270294382237,log,0.31073734645836143,2.117522381222318e+25,0.3980070638002401,0.31073734645836143
136,2.44,0.8,1694.09703376,1682.2583047767864,5964.788428880168,0.0122,2666098678.129225,5470957.5202151835,Jackson,-0.39413386875884193,-0.7594350933527251,GP,0.307493682190903,5.558689776148938e+24,0.8507215148542226,0.307493682190903
137,2.44,0.8,1694.09703376,1682.2583047767864,4435.499992917118,0.0122,3809689559.9273543,59426364.75263269,Jackson,-0.3345072958836236,-0.6173113255799709,log,0.2621954055576888,7.446648176951809e+24,0.1385152600052897,0.2621954055576888
138,2.44,0.8,1694.09703376,1682.2583047767864,1917.3950773362258,0.0122,9886670162.99556,87921911.68195698,Selsis,-0.49817560979057723,-0.7695856250913146,linear,0.18373776731384966,5.648750092071558e+24,0.7504336426391778,0.18373776731384966
139,2.44,0.8,1694.09703376,1682.2583047767864,1897.7080524727405,0.0122,13708436771.63767,50981985.66424369,Jackson,-0.40605479033073494,-0.7638864795281947,log,0.3853920544500187,8.500341601987237e+24,0.9455003277128052,0.3853920544500187
140,2.44,0.8,1694.09703376,1682.2583047767864,3080.7804516538317,0.0122,6202715577.044898,5031199.5353529835,Selsis,-0.4767831055820222,-0.6166568654600895,GP,0.0598149142022014,2.977355846246227e+24,0.18575060004906474,0.0598149142022014
141,2.44,0.8,1694.09703376,1682.2583047767864,7292.231348849098,0.0122,2874316794.464688,80323330.72840096,Selsis,-0.2996264927593646,-0.6958560371533015,linear,0.2997392051058837,1.7427342193678739e+25,0.6808556452435778,0.2997392051058837
142,2.44,0.8,1694.09703376,1682.2583047767864,6611.905131938074,0.0122,3117301325.9136343,58644487.355714194,Selsis,-0.48305644773137796,-0.7848396943073012,linear,0.1777575523720845,5.422555950055726e+24,0.02618645649269058,0.1777575523720845
143,2.44,0.8,1694.09703376,1682.2583047767864,5363.626039748855,0.0122,3715223505.267739,1579968.8751877071,Selsis,-0.2932307075534202,-0.7556214630905613,linear,0.15194899571880838,1.1932172622620392e+25,0.36708488042246024,0.15194899571880838
144,2.44,0.8,1694.09703376,1682.2583047767864,4351.142425005715,0.0122,3901211968.0574193,63061227.85219005,Jackson,-0.35603377595579216,-0.6500162463414809,linear,0.46745505385607267,1.0777904654058063e+25,0.4966319708589253,0.46745505385607267
145,2.44,0.8,1694.09703376,1682.2583047767864,3558.5961117327993,0.0122,5031350978.930474,38389001.72012517,Jackson,-0.40316874579309836,-0.7595242290251416,linear,0.05148410009694734,9.348742990619983e+23,0.8620821822730099,0.05148410009694734
146,2.44,0.8,1694.09703376,1682.2583047767864,3998.9989366099917,0.0122,4795135304.29533,72896455.91472425,Selsis,-0.3989112385924758,-0.6106001629371431,GP,0.13087467811609257,6.045101557060429e+24,0.6276772164315783,0.13087467811609257
147,2.44,0.8,1694.09703376,1682.2583047767864,9618.420625815212,0.0122,2273721791.4182663,35945617.89253703,Selsis,-0.3973970745106676,-0.6011344750654714,GP,0.06294579719547368,2.9087025479411064e+24,0.7406425291635494,0.06294579719547368
148,2.44,0.8,1694.09703376,1682.2583047767864,3735.7941958612882,0.0122,4722274152.742831,75721537.29313359,Jackson,-0.316336907701962,-0.6069576607112653,GP,0.11664722043530988,3.8901706618016756e+24,0.3171792606731866,0.11664722043530988
149,2.44,0.8,1694.09703376,1682.2583047767864,2171.092216957738,0.0122,8713472283.152662,41954299.225828044,Selsis,-0.4579263695856119,-0.6966454428154094,GP,0.12983134173960348,5.231102514810872e+24,0.8083046326024883,0.12983134173960348
150,2.44,0.8,1694.09703376,1682.2583047767864,2574.372999108283,0.0122,7366311220.686331,17235772.75200968,Selsis,-0.4572789712384898,-0.7928605734044494,linear,0.10764542415920737,4.151242984939818e+24,0.7079432487558069,0.10764542415920737
151,2.44,0.8,1694.09703376,1682.2583047767864,7816.941961974149,0.0122,1955342214.3649864,39520592.77257181,Jackson,-0.45152251425167034,-0.7346524429570185,log,0.14260289712666663,1.8659992092410034e+24,0.7162245097614061,0.14260289712666663
152,2.44,0.8,1694.09703376,1682.2583047767864,13278.65798175908,0.0122,1117813417.3293035,18180351.234353036,Jackson,-0.34194711034589714,-0.7672031989422724,GP,0.1798717668692936,3.253024851079717e+24,0.7425108422388279,0.1798717668692936
153,2.44,0.8,1694.09703376,1682.2583047767864,3316.8290210635664,0.0122,5757092594.708813,47082786.57349062,Selsis,-0.48476517988452933,-0.7647229027289701,log,0.08315297174593858,2.8352800473749904e+24,0.7588107355351722,0.08315297174593858
154,2.44,0.8,1694.09703376,1682.2583047767864,3387.4691472150066,0.0122,5416944573.969332,60173826.32134683,Jackson,-0.2883546620528448,-0.6413435637330022,linear,0.37633685888591617,1.5082670376765911e+25,0.10510224461593576,0.37633685888591617
155,2.44,0.8,1694.09703376,1682.2583047767864,6386.127403085055,0.0122,3208429766.8936057,33193208.3661333,Selsis,-0.3417358325789421,-0.6290638695442351,GP,0.22011070789652307,1.2430814099482473e+25,0.19662553274366068,0.22011070789652307
156,2.44,0.8,1694.09703376,1682.2583047767864,5077.699935141708,0.0122,3230497766.308435,21150229.284345467,Jackson,-0.2957854957468013,-0.762209317041729,GP,0.0659953024480798,2.155884708980945e+24,0.7088782403998333,0.0659953024480798
157,2.44,0.8,1694.09703376,1682.2583047767864,7010.976561349196,0.0122,2969205864.5260043,47052148.54565569,Selsis,-0.3220060604291691,-0.623936897816438,log,0.06170601160367001,3.717396718578166e+24,0.19444416493322336,0.06170601160367001
158,2.44,0.8,1694.09703376,1682.2583047767864,15491.931661048518,0.0122,957611544.2296249,36985051.84478056,Jackson,-0.49637250761469676,-0.7227454982932459,log,0.24330827783654924,2.573927563683921e+24,0.16537436907922143,0.24330827783654924
159,2.44,0.8,1694.09703376,1682.2583047767864,4936.883526549444,0.0122,3988570868.949377,8565359.589376343,Selsis,-0.42331378413205945,-0.7645772446434657,GP,0.18887258299552606,7.615914955012799e+24,0.4497378132803369,0.18887258299552606
160,2.44,0.8,1694.09703376,1682.2583047767864,5017.962342077234,0.0122,3933071252.46497,54008222.477337524,Selsis,-0.3989018705370775,-0.7352816690612966,GP,0.3722166040101485,1.429015100884081e+25,0.39590881917908394,0.3722166040101485
161,2.44,0.8,1694.09703376,1682.2583047767864,3333.6560515270667,0.0122,5727951894.212976,66251405.67291211,Selsis,-0.4261247895989533,-0.6598873478144458,log,0.06957275403982019,2.7772925805847525e+24,0.054515586074349254,0.06957275403982019
162,2.44,0.8,1694.09703376,1682.2583047767864,1883.3263692977043,0.0122,10071370796.341139,81309991.00466403,Selsis,-0.42587975554067853,-0.6792672411856463,linear,0.08953173754256682,3.589391755261214e+24,0.2105165743964853,0.08953173754256682
163,2.44,0.8,1694.09703376,1682.2583047767864,3601.7670037239773,0.0122,5299157374.037744,60465926.17645932,Selsis,-0.3861604037822318,-0.7590666683133505,log,0.052515406166708876,2.1038189180410703e+24,0.31734003404496014,0.052515406166708876
164,2.44,0.8,1694.09703376,1682.2583047767864,17699.83271557602,0.0122,1397296086.9328597,57008467.57711706,Selsis,-0.3096281694741213,-0.6979161627195462,GP,0.2467719393751218,1.248083303373742e+25,0.9728399476149168,0.2467719393751218
165,2.44,0.8,1694.09703376,1682.2583047767864,8175.287807781937,0.0122,1859487338.10288,49084074.25453393,Jackson,-0.3183762466006084,-0.7026673784035434,linear,0.22923950115635736,5.168619043631899e+24,0.40289626940271783,0.22923950115635736
166,2.44,0.8,1694.09703376,1682.2583047767864,18877.67201506876,0.0122,1330383237.1736445,53783502.72145481,Selsis,-0.32774126428405187,-0.746503677569859,GP,0.25830692881822137,1.1403986587085848e+25,0.7649584015076499,0.25830692881822137
167,2.44,0.8,1694.09703376,1682.2583047767864,3633.7521510344627,0.0122,4891387027.887466,83693429.43083996,Jackson,-0.39777543940360494,-0.7238524173603754,linear,0.06908888487018847,1.1384221912777237e+24,0.9214184965546207,0.06908888487018847
168,2.44,0.8,1694.09703376,1682.2583047767864,7885.529983877402,0.0122,1936241592.1553464,48567477.243686445,Jackson,-0.31401550860352007,-0.742914197797867,linear,0.47023469492966363,1.0797724300379272e+25,0.6972975666300869,0.47023469492966363
169,2.44,0.8,1694.09703376,1682.2583047767864,3061.7225057202145,0.0122,6316826109.793886,29740365.829612628,Jackson,-0.30448905500468293,-0.7739393878173613,log,0.4803101843522487,1.6569478303521922e+25,0.8086731444381325,0.4803101843522487
170,2.44,0.8,1694.09703376,1682.2583047767864,5029.678277710172,0.0122,3925199246.4099793,55653939.736950286,Selsis,-0.388550626184685,-0.7047263760779309,linear,0.17798929527380827,7.198353140710592e+24,0.38637484303766123,0.17798929527380827
171,2.44,0.8,1694.09703376,1682.2583047767864,3518.1750144592625,0.0122,5425816133.927136,65962520.12862253,Selsis,-0.4137879783049723,-0.667731158220545,GP,0.13364558391616363,5.359862265886916e+24,0.18346171093374097,0.13364558391616363
172,2.44,0.8,1694.09703376,1682.2583047767864,6318.702500197347,0.0122,3236854507.368798,48244314.841522805,Selsis,-0.34439382679765357,-0.6401715549979767,linear,0.24780104288688476,1.3005487032266627e+25,0.25126595467620716,0.24780104288688476
173,2.44,0.8,1694.09703376,1682.2583047767864,5124.659108834889,0.0122,3862706258.46748,5122311.280136458,Selsis,-0.4528902634987837,-0.6563722771168978,log,0.16358679662582162,7.052366487180191e+24,0.10360846003030777,0.16358679662582162
174,2.44,0.8,1694.09703376,1682.2583047767864,5082.178597049655,0.0122,3890368612.7568398,75011090.96683694,Selsis,-0.28360059901405055,-0.740117908412649,linear,0.45924526585381853,3.1867278139423494e+25,0.08342854290657897,0.45924526585381853
175,2.44,0.8,1694.09703376,1682.2583047767864,4936.197897368525,0.0122,3342662042.256526,61920250.0765297,Jackson,-0.4464980742143779,-0.7626368355810491,log,0.056215584355367235,7.426965852366079e+23,0.6846173670529265,0.056215584355367235
176,2.44,0.8,1694.09703376,1682.2583047767864,4244.971500141728,0.0122,4022602663.855225,40535953.252095655,Jackson,-0.37702464888771253,-0.6673121695740898,linear,0.28011164621369966,6.11456136145439e+24,0.8643913719668446,0.28011164621369966
177,2.44,0.8,1694.09703376,1682.2583047767864,14955.138156628065,0.0122,991918845.7264104,88584460.20658757,Jackson,-0.38542335183280035,-0.6774429685314418,GP,0.07485206542127071,8.169156292917885e+23,0.5862729169492358,0.07485206542127071
178,2.44,0.8,1694.09703376,1682.2583047767864,7739.030722871719,0.0122,1977499116.679704,71208046.43471351,Jackson,-0.4010277729407143,-0.6602554488862387,GP,0.4150310136302523,6.104893083070637e+24,0.8662971824469594,0.4150310136302523
179,2.44,0.8,1694.09703376,1682.2583047767864,8203.745834106596,0.0122,2600813562.949603,94409611.86404656,Selsis,-0.4771367469094002,-0.7381993139285051,linear,0.10304987043358443,2.7808657622783445e+24,0.10234987992525002,0.10304987043358443
180,2.44,0.8,1694.09703376,1682.2583047767864,2838.6448422009908,0.0122,7101110705.231931,25581040.642292473,Jackson,-0.3118799045118526,-0.6012746696821927,linear,0.1478785442485814,6.64060716345751e+24,0.35231547841106503,0.1478785442485814
181,2.44,0.8,1694.09703376,1682.2583047767864,2852.121380397836,0.0122,6676953105.812637,24812506.39168087,Selsis,-0.37204626450458983,-0.7582854655960973,GP,0.2268098516338,1.092401592662788e+25,0.3732838698291612,0.2268098516338
182,2.44,0.8,1694.09703376,1682.2583047767864,2898.006091249423,0.0122,6576709840.826889,89099603.25625378,Selsis,-0.39896750527070507,-0.713485604494345,linear,0.3094308281218801,1.160801609318262e+25,0.7978701442981841,0.3094308281218801
183,2.44,0.8,1694.09703376,1682.2583047767864,24569.967896505845,0.0122,1092364584.0128813,96547276.54113097,Selsis,-0.382517593457705,-0.67720872188769,linear,0.1413996618298876,4.072998552517337e+24,0.13488961040046943,0.1413996618298876
184,2.44,0.8,1694.09703376,1682.2583047767864,4034.667381691634,0.0122,4757515673.650723,85598523.4267846,Selsis,-0.37759178239888347,-0.7211835294738029,linear,0.21667369292915453,8.402576544714518e+24,0.9095959229613575,0.21667369292915453
185,2.44,0.8,1694.09703376,1682.2583047767864,12203.848792222034,0.0122,1217728053.0281713,32426064.193288513,Jackson,-0.34340010267477894,-0.7093809902846853,linear,0.20499882783617224,3.698022320743812e+24,0.9007199221765315,0.20499882783617224
186,2.44,0.8,1694.09703376,1682.2583047767864,21995.552081204336,0.0122,681206239.7723693,99432213.7936698,Jackson,-0.3303298119212884,-0.6479551791294152,log,0.05974803847295209,7.154967097956112e+23,0.05401368324525235,0.05974803847295209
187,2.44,0.8,1694.09703376,1682.2583047767864,3383.2769586996114,0.0122,5427052668.702212,67781397.07320313,Jackson,-0.35643348311042017,-0.6127985268518032,log,0.05800514905201431,1.6541367981845832e+24,0.9713093821318161,0.05800514905201431
188,2.44,0.8,1694.09703376,1682.2583047767864,2167.085648103519,0.0122,8729634677.520746,51162753.938983336,Selsis,-0.3363765867685461,-0.7625490941305357,log,0.1996015202340083,1.1056234594982255e+25,0.8465240092080324,0.1996015202340083
189,2.44,0.8,1694.09703376,1682.2583047767864,2393.091512832477,0.0122,7910513458.704734,99781540.28566958,Selsis,-0.42292064786278305,-0.6285881809157862,linear,0.36770267301313303,1.551287688520288e+25,0.8231558165566573,0.36770267301313303
190,2.44,0.8,1694.09703376,1682.2583047767864,4281.838107770077,0.0122,3979634992.790989,79364367.23409462,Jackson,-0.43055043718321423,-0.770847006747773,log,0.4422191220732907,5.889471541708877e+24,0.9604424540681369,0.4422191220732907
191,2.44,0.8,1694.09703376,1682.2583047767864,8808.355919552927,0.0122,1712701994.9892445,7252472.386430709,Jackson,-0.4382606008367694,-0.6668540271959744,log,0.239041609302403,3.841568079566949e+24,0.013980039807157452,0.239041609302403
192,2.44,0.8,1694.09703376,1682.2583047767864,4247.148556812506,0.0122,4020040511.720321,63006675.767568655,Jackson,-0.38391404014548786,-0.6368528365312324,log,0.07209253624101802,1.5508831751415887e+24,0.4931013830579344,0.07209253624101802
193,2.44,0.8,1694.09703376,1682.2583047767864,3573.2800364426394,0.0122,5000556608.095845,11010843.035488633,Jackson,-0.39843011797519906,-0.7049052581492802,linear,0.3847442412240245,8.183155469962759e+24,0.0067488226578031885,0.3847442412240245
194,2.44,0.8,1694.09703376,1682.2583047767864,6551.123911326932,0.0122,2389780512.8798695,84368999.64696747,Jackson,-0.29803687145258845,-0.6559022141428552,GP,0.18451060909813088,4.837654528760219e+24,0.8246696651040515,0.18451060909813088
195,2.44,0.8,1694.09703376,1682.2583047767864,3002.1947174235347,0.0122,6510502011.230442,71409241.30661885,Jackson,-0.3260839922885938,-0.7652094568943183,linear,0.23915579916621438,6.284696505115811e+24,0.8035829665706768,0.23915579916621438
196,2.44,0.8,1694.09703376,1682.2583047767864,3801.628227029688,0.0122,4618992192.866759,3879570.4377315925,Jackson,-0.44697566053959686,-0.6095652190556851,log,0.48877897100465195,1.2348653085090055e+25,0.051938833820159735,0.48877897100465195
197,2.44,0.8,1694.09703376,1682.2583047767864,2137.41347914896,0.0122,8851422299.501986,9369340.477471888,Selsis,-0.2897334795383633,-0.6435841223064794,GP,0.08010198117961478,7.496862929068161e+24,0.3682648329737952,0.08010198117961478
198,2.44,0.8,1694.09703376,1682.2583047767864,7037.444018227565,0.0122,2959962396.5135207,73268946.72150476,Selsis,-0.4137351408558003,-0.6136462483766572,log,0.36679857070143307,1.474761874173706e+25,0.6419413077823146,0.36679857070143307
199,2.44,0.8,1694.09703376,1682.2583047767864,16275.039465378546,0.0122,1490122895.743935,34098299.54925297,Selsis,-0.40222194245131626,-0.6839385842415824,log,0.3341159940337258,1.2247442666534708e+25,0.27654744758539274,0.3341159940337258
200,2.44,0.8,1694.09703376,1682.2583047767864,5533.271269250355,0.0122,2914408511.2331843,40721026.89730674,Jackson,-0.3931068946697932,-0.6031129756821363,log,0.222873424409342,5.129059584958221e+24,0.5815372774744693,0.222873424409342
201,2.44,0.8,1694.09703376,1682.2583047767864,3719.8673168855444,0.0122,4747928065.357404,64067756.323684946,Jackson,-0.4042660286990035,-0.6631493792118647,linear,0.44355575736584396,8.608407609987414e+24,0.6704044327090932,0.44355575736584396
202,2.44,0.8,1694.09703376,1682.2583047767864,3375.7894107430443,0.0122,5656372447.354808,27070112.362653892,Selsis,-0.4832449338958434,-0.7520723372554032,GP,0.06329078809712609,2.3066259271076748e+24,0.5334002973887813,0.06329078809712609
203,2.44,0.8,1694.09703376,1682.2583047767864,3446.161542555366,0.0122,5278889717.516959,32828064.430112634,Jackson,-0.353043307807822,-0.6653127195867103,GP,0.06973780858320665,1.879699290078183e+24,0.8540009604286529,0.06973780858320665
204,2.44,0.8,1694.09703376,1682.2583047767864,10024.469775403919,0.0122,2196798287.8980384,22834908.8420021,Selsis,-0.4559452467765427,-0.7247747118478954,linear,0.12318242549613212,4.319259101118581e+24,0.811947304194565,0.12318242549613212
205,2.44,0.8,1694.09703376,1682.2583047767864,8620.745087906475,0.0122,1752644050.847744,12062990.405533753,Jackson,-0.298643541986647,-0.7240040468528899,log,0.1567830990120954,4.5124695662743003e+24,0.6714452431234348,0.1567830990120954
206,2.44,0.8,1694.09703376,1682.2583047767864,2910.607110990616,0.0122,6829923689.299237,70454522.56432247,Jackson,-0.4421478262016952,-0.7481064687250424,log,0.14028748609197142,2.1982590558775885e+24,0.32986831008862205,0.14028748609197142
207,2.44,0.8,1694.09703376,1682.2583047767864,2883.2761893018833,0.0122,6930685464.163234,18186919.54290526,Jackson,-0.4493110563609086,-0.7816109731832515,linear,0.09773978212675419,1.7054950425971313e+24,0.6908416017805825,0.09773978212675419
208,2.44,0.8,1694.09703376,1682.2583047767864,7341.2592438059155,0.0122,2098871884.835093,89913123.10087155,Jackson,-0.4208060450368067,-0.6356643971320068,linear,0.14434016050207985,2.045075212187531e+24,0.2912813235274796,0.14434016050207985
209,2.44,0.8,1694.09703376,1682.2583047767864,6948.123851996311,0.0122,2991430845.485509,60520789.98495027,Selsis,-0.4202224285904745,-0.6660855194873776,GP,0.07013473028348445,2.580116447668704e+24,0.43938442180468906,0.07013473028348445
210,2.44,0.8,1694.09703376,1682.2583047767864,8415.584903588033,0.0122,1800288976.806102,53887348.15245737,Jackson,-0.33354776675378606,-0.7729552858995886,log,0.13658391553191307,2.5791549712897065e+24,0.1703577536568348,0.13658391553191307
211,2.44,0.8,1694.09703376,1682.2583047767864,5385.974557511429,0.0122,3009804325.8252835,89838892.75376563,Jackson,-0.4315410919523943,-0.7662443102092275,linear,0.20234416728833876,2.4090122658514572e+24,0.7142040246894107,0.20234416728833876
212,2.44,0.8,1694.09703376,1682.2583047767864,3899.6183243446935,0.0122,4473046771.217312,67009293.96061181,Jackson,-0.3384623234416676,-0.6349664063025614,log,0.10302988717680679,2.794346273688888e+24,0.732490912624144,0.10302988717680679
213,2.44,0.8,1694.09703376,1682.2583047767864,3949.2392941376893,0.0122,4402468570.679688,25508294.231004454,Jackson,-0.3733655345297488,-0.6623699794478582,GP,0.2249072115156284,5.375649505119257e+24,0.8601956526712935,0.2249072115156284
214,2.44,0.8,1694.09703376,1682.2583047767864,6727.0533406108225,0.0122,2318309380.67607,37472353.561870135,Jackson,-0.3487892116684466,-0.7132777063901993,linear,0.2654936184863118,5.407029835133796e+24,0.777437500331834,0.2654936184863118
215,2.44,0.8,1694.09703376,1682.2583047767864,7240.924996774532,0.0122,2891092674.5325274,84457834.20221469,Selsis,-0.4458527924307255,-0.6738383150379095,linear,0.06197299273646118,1.9715253897155042e+24,0.45122546847527867,0.06197299273646118
216,2.44,0.8,1694.09703376,1682.2583047767864,2732.2476564678764,0.0122,7539547253.3372135,19153626.491087466,Jackson,-0.4117806082904683,-0.7819736035247538,GP,0.20527509615527284,4.064026856503379e+24,0.9958163717379779,0.20527509615527284
217,2.44,0.8,1694.09703376,1682.2583047767864,14137.265851232942,0.0122,1049431353.0136492,22724253.74422085,Jackson,-0.4066220133127931,-0.6024462246319413,GP,0.3566032603165887,6.064590942800166e+24,0.7499279834292834,0.3566032603165887
218,2.44,0.8,1694.09703376,1682.2583047767864,3409.309661408559,0.0122,5364824083.648452,19979587.7609453,Jackson,-0.319105665158986,-0.6941456161371334,GP,0.22163071286028863,7.199764554641021e+24,0.07328363098307367,0.22163071286028863
219,2.44,0.8,1694.09703376,1682.2583047767864,6047.973695528203,0.0122,2622914054.963689,83665532.41170041,Jackson,-0.3943077037188974,-0.7116305909556669,GP,0.13812352191209734,1.9630359266101823e+24,0.6255872400701357,0.13812352191209734
220,2.44,0.8,1694.09703376,1682.2583047767864,3569.9401868869836,0.0122,5007530998.810371,23643241.656201284,Jackson,-0.3571093994656055,-0.7996291363458533,linear,0.2133106012977888,4.861686107199567e+24,0.545428502420345,0.2133106012977888
221,2.44,0.8,1694.09703376,1682.2583047767864,2354.161420416286,0.0122,8039327790.739364,42443709.16775328,Selsis,-0.2818924188450039,-0.7230737640047883,GP,0.0760140319791327,6.50083936604861e+24,0.09949487592513317,0.0760140319791327
222,2.44,0.8,1694.09703376,1682.2583047767864,8127.135522746669,0.0122,1871819703.7195342,23600240.18524955,Jackson,-0.37216438752382314,-0.6939493779625796,log,0.2568128897471707,4.6914722039822495e+24,0.45146761553794634,0.2568128897471707
223,2.44,0.8,1694.09703376,1682.2583047767864,6367.529438911074,0.0122,2469158739.858387,16693307.468669832,Jackson,-0.44257855325803136,-0.7739904405283652,log,0.1383725159817638,2.0237924539161954e+24,0.1196403424497201,0.1383725159817638
224,2.44,0.8,1694.09703376,1682.2583047767864,11289.86785509327,0.0122,1991426009.5343673,83050219.46220297,Selsis,-0.3125101945413008,-0.647059622040271,log,0.39414782677410176,2.0111222287855416e+25,0.4125090586104633,0.39414782677410176
225,2.44,0.8,1694.09703376,1682.2583047767864,9390.27133219001,0.0122,1600365849.346007,99777855.10365474,Jackson,-0.468693180308299,-0.7209505919813637,linear,0.2797162079789964,2.5687253906714063e+24,0.5813963487068101,0.2797162079789964
226,2.44,0.8,1694.09703376,1682.2583047767864,9404.950077840584,0.0122,1597726248.7606328,41055506.48112376,Jackson,-0.3328274635630429,-0.7979035024953409,linear,0.29242876984668864,5.631601619366935e+24,0.2415961901247744,0.29242876984668864
227,2.44,0.8,1694.09703376,1682.2583047767864,23583.952453644863,0.0122,1125959616.8839087,53938956.41788768,Selsis,-0.4927615166008025,-0.6711022067747778,log,0.23224543264634656,6.677741717542663e+24,0.9486037931551913,0.23224543264634656
228,2.44,0.8,1694.09703376,1682.2583047767864,3336.6756157098,0.0122,5541730836.432799,86108799.931855,Jackson,-0.3253047332713694,-0.6837448122364768,GP,0.06827640023468733,1.818124309909851e+24,0.6419290407669898,0.06827640023468733
229,2.44,0.8,1694.09703376,1682.2583047767864,2850.5140088204603,0.0122,6680527128.32017,11113812.964627763,Selsis,-0.36120801100064187,-0.7474317696974915,GP,0.4222993787599912,2.213409096735528e+25,0.5208827709744265,0.4222993787599912
230,2.44,0.8,1694.09703376,1682.2583047767864,3997.9061471168056,0.0122,4335295196.025899,10336783.116006091,Jackson,-0.33236527506274977,-0.765734421608528,linear,0.21706577418957024,5.890588208483953e+24,0.6279835512778651,0.21706577418957024
231,2.44,0.8,1694.09703376,1682.2583047767864,5446.011839733593,0.0122,2970197007.306618,63868473.12430545,Jackson,-0.34191836308666257,-0.6179678246570246,log,0.22414751868322905,5.559609772062104e+24,0.8183149705705143,0.22414751868322905
232,2.44,0.8,1694.09703376,1682.2583047767864,4213.546972645854,0.0122,4059939323.0167394,65061188.96922503,Jackson,-0.4554614837986702,-0.6475694773606617,log,0.4403868533719542,7.553553010481542e+24,0.2932452276319669,0.4403868533719542
233,2.44,0.8,1694.09703376,1682.2583047767864,3036.5515829825285,0.0122,6397452906.74288,73960826.33878052,Jackson,-0.2884576335160047,-0.7610600608795947,linear,0.39097978916833576,1.3743526101741851e+25,0.6518046700384745,0.39097978916833576
234,2.44,0.8,1694.09703376,1682.2583047767864,4896.30837395761,0.0122,3375658287.049483,65114571.89756513,Jackson,-0.3172222817831473,-0.6603733668978552,linear,0.4440391583847828,1.1929786073187644e+25,0.12479018913450368,0.4440391583847828
235,2.44,0.8,1694.09703376,1682.2583047767864,3804.7447907236997,0.0122,4614210108.364096,43738182.54493788,Jackson,-0.4952364440218505,-0.6803150713544884,GP,0.15645645952526266,2.5500510135796117e+24,0.7698794768246692,0.15645645952526266
236,2.44,0.8,1694.09703376,1682.2583047767864,3968.2986523201967,0.0122,4828066636.067728,84847179.8328985,Selsis,-0.4486516758742827,-0.749145919588368,linear,0.09297984331630209,2.90677364955449e+24,0.909753735131263,0.09297984331630209
237,2.44,0.8,1694.09703376,1682.2583047767864,6444.919191335543,0.0122,2435072739.295232,33210250.965751838,Jackson,-0.4068009729679503,-0.6257085666210785,log,0.10593479212240302,2.0816915811048059e+24,0.3772215097587043,0.10593479212240302
238,2.44,0.8,1694.09703376,1682.2583047767864,4545.592092375201,0.0122,4284288172.639909,65476073.8878029,Selsis,-0.413160054313581,-0.7556728366522253,log,0.1814755415548017,6.415568740328697e+24,0.15412213945652453,0.1814755415548017
239,2.44,0.8,1694.09703376,1682.2583047767864,5204.6623170709545,0.0122,3811831126.4408,46659404.36767337,Selsis,-0.3444012786983558,-0.6102791704055328,log,0.07657958438730372,4.424498773276024e+24,0.15964653260984463,0.07657958438730372
240,2.44,0.8,1694.09703376,1682.2583047767864,6873.093383813105,0.0122,2262116327.603872,83951038.69000518,Jackson,-0.46648816783221736,-0.7960571414508777,linear,0.1743823332517609,1.7800152937833018e+24,0.8110884656728566,0.1743823332517609
241,2.44,0.8,1694.09703376,1682.2583047767864,5224.233697221696,0.0122,3121803492.5332613,4562222.606576673,Jackson,-0.3072297921070289,-0.6553189401240986,GP,0.1943027482302481,6.642381269813654e+24,0.765990924897977,0.1943027482302481
242,2.44,0.8,1694.09703376,1682.2583047767864,2003.685789358802,0.0122,9450326951.977009,17443667.528866973,Selsis,-0.45855877954777724,-0.6266916719500928,GP,0.06946825132651992,3.5269203394837317e+24,0.0029699486035263956,0.06946825132651992
243,2.44,0.8,1694.09703376,1682.2583047767864,21217.559281885067,0.0122,1218009718.984899,46275674.7586455,Selsis,-0.3608187053711974,-0.6803090392029305,linear,0.05182415449237216,2.0159584548446072e+24,0.9468884802794346,0.05182415449237216
244,2.44,0.8,1694.09703376,1682.2583047767864,4441.417135494279,0.0122,4371845673.787017,82987944.47746903,Selsis,-0.3402512243080421,-0.7481709968239278,log,0.35086866735315786,1.5955451063237504e+25,0.27635119181236056,0.35086866735315786
245,2.44,0.8,1694.09703376,1682.2583047767864,9477.498214483627,0.0122,2301909368.3423986,51155062.19817744,Selsis,-0.4063481780525794,-0.6717383070354995,GP,0.201751962410734,7.536148196131242e+24,0.6101950212657008,0.201751962410734
246,2.44,0.8,1694.09703376,1682.2583047767864,3303.5477532498794,0.0122,5625919600.528728,36054081.53341056,Jackson,-0.4749352943013987,-0.7777824891314864,GP,0.11440797804517552,1.736347481675474e+24,0.591148400121966,0.11440797804517552
247,2.44,0.8,1694.09703376,1682.2583047767864,5442.121441802772,0.0122,3669586078.3322463,87202019.02112888,Selsis,-0.3774650663367846,-0.6455461472605016,log,0.17598301977295683,7.227709347805718e+24,0.9736262465584573,0.17598301977295683
248,2.44,0.8,1694.09703376,1682.2583047767864,2363.066524450777,0.0122,9509871060.901194,90786021.99436851,Jackson,-0.362119381543122,-0.6837496736152464,GP,0.10810675458393672,2.7337174772912126e+24,0.8061396328977011,0.10810675458393672
249,2.44,0.8,1694.09703376,1682.2583047767864,5229.054969420796,0.0122,3796627713.548908,85930443.25463642,Selsis,-0.37021288217696374,-0.759702585343111,linear,0.2132109384279183,8.044493944483262e+24,0.7271523240762896,0.2132109384279183
250,2.44,0.8,1694.09703376,1682.2583047767864,5117.208416313462,0.0122,3867524886.5671234,75307041.72507967,Selsis,-0.41083642285437333,-0.7542364957203702,GP,0.1371507653024433,4.6673894500941116e+24,0.5564096324429668,0.1371507653024433
251,2.44,0.8,1694.09703376,1682.2583047767864,4312.201013062396,0.0122,3944906249.206884,6185391.705544473,Jackson,-0.3985253251829996,-0.6104825678645982,log,0.3445962054514262,9.080773631245748e+24,0.37046568170947203,0.3445962054514262
252,2.44,0.8,1694.09703376,1682.2583047767864,3630.4484984486676,0.0122,4897055761.582167,15518113.716959005,Jackson,-0.4619577552608682,-0.681436287845043,log,0.3050865194217687,5.694882806366027e+24,0.048620667797981354,0.3050865194217687
253,2.44,0.8,1694.09703376,1682.2583047767864,2883.3313424270664,0.0122,6930479474.8516245,48357192.99146124,Jackson,-0.40644460922652104,-0.6450722271374613,linear,0.33741244365867107,8.139491833847065e+24,0.5661447675069659,0.33741244365867107
254,2.44,0.8,1694.09703376,1682.2583047767864,2744.3246280713797,0.0122,6926574444.868188,40255241.89926174,Selsis,-0.30755642823317925,-0.7997283911193857,GP,0.12219426600014496,8.158917547493382e+24,0.19034205830681117,0.12219426600014496
255,2.44,0.8,1694.09703376,1682.2583047767864,3930.682830364572,0.0122,4869131030.697505,16914667.980187964,Selsis,-0.45817042665987123,-0.7208268272807632,linear,0.12013649248426246,4.6743184509004153e+24,0.3327460969544235,0.12013649248426246
256,2.44,0.8,1694.09703376,1682.2583047767864,4907.473774158715,0.0122,4009155090.351886,18491438.938906256,Selsis,-0.42190696017972434,-0.6859560882894803,log,0.20249165402689542,8.501871384503749e+24,0.7001780815258686,0.20249165402689542
257,2.44,0.8,1694.09703376,1682.2583047767864,2858.4087903842774,0.0122,6663014133.332539,18156194.922217183,Selsis,-0.48503626487369494,-0.6635659225946942,log,0.05299572401771584,2.247164654603808e+24,0.9043861405776796,0.05299572401771584
258,2.44,0.8,1694.09703376,1682.2583047767864,3931.6505455509555,0.0122,4868064552.896707,54852300.29705746,Selsis,-0.351040520184819,-0.6828114485826773,linear,0.33885408122239713,1.6921962537709882e+25,0.15676311982425462,0.33885408122239713
259,2.44,0.8,1694.09703376,1682.2583047767864,18664.365495653426,0.0122,1341923336.7521038,32496170.051927317,Selsis,-0.3967026850474277,-0.7277469344691511,GP,0.05920127790653113,2.111019262193698e+24,0.8230220800982446,0.05920127790653113
260,2.44,0.8,1694.09703376,1682.2583047767864,2528.9420064859764,0.0122,8524256980.297778,85223844.19269994,Jackson,-0.41588501048020143,-0.6302074726563647,GP,0.0712223630382748,1.7416311654001425e+24,0.6020330373913201,0.0712223630382748
261,2.44,0.8,1694.09703376,1682.2583047767864,3159.481359482781,0.0122,6020180687.592279,23124516.00059692,Jackson,-0.36490191209605355,-0.7573110547701525,GP,0.10142027233276549,2.374996865539572e+24,0.7901084961784187,0.10142027233276549
262,2.44,0.8,1694.09703376,1682.2583047767864,13514.020046697013,0.0122,1721179104.673097,79611393.35152274,Selsis,-0.3460585913540743,-0.7414062698187844,log,0.4613140061026162,1.7620354059787571e+25,0.20716061800593288,0.4613140061026162
263,2.44,0.8,1694.09703376,1682.2583047767864,1897.5145001192614,0.0122,9993541946.578472,27816960.07835092,Selsis,-0.28450141797534334,-0.6659517487784097,GP,0.20253994543875745,1.8781439540905533e+25,0.22074037959669945,0.20253994543875745
264,2.44,0.8,1694.09703376,1682.2583047767864,16825.995915008807,0.0122,1452502977.7973256,54107538.75798545,Selsis,-0.31351937200939156,-0.7325257523047753,log,0.23231064572401383,1.149438049916649e+25,0.8060732985333718,0.23231064572401383
265,2.44,0.8,1694.09703376,1682.2583047767864,1879.4953919828404,0.0122,13936929055.791443,63839261.68895102,Jackson,-0.3551295189356754,-0.7100088618490322,log,0.379554178525571,1.1306411498672389e+25,0.49713953921612297,0.379554178525571
266,2.44,0.8,1694.09703376,1682.2583047767864,6092.920565943974,0.0122,2600145131.476122,36027331.68813062,Jackson,-0.31583772042794306,-0.7914864944546097,GP,0.28825912850936797,7.227273482341877e+24,0.24525063165952798,0.28825912850936797
267,2.44,0.8,1694.09703376,1682.2583047767864,2718.4609873635113,0.0122,7599871670.692145,44454006.39141435,Jackson,-0.3306163503129693,-0.6599913239755477,linear,0.05230475925075273,1.740929587150072e+24,0.9118911359698376,0.05230475925075273
268,2.44,0.8,1694.09703376,1682.2583047767864,13633.474420911114,0.0122,1088459315.0020258,78948339.25251134,Jackson,-0.49625754385681403,-0.6805894574746,log,0.08757356964924203,8.127824813694449e+23,0.6088294443137272,0.08757356964924203
269,2.44,0.8,1694.09703376,1682.2583047767864,3297.0104651147317,0.0122,5791829868.417596,83268127.20285374,Selsis,-0.3685268549979301,-0.7917498214899066,log,0.27797785311402645,1.1113744250251098e+25,0.820269637405077,0.27797785311402645
270,2.44,0.8,1694.09703376,1682.2583047767864,3205.6814968392264,0.0122,5888499665.402266,70054094.14176774,Jackson,-0.3727493029257523,-0.7656390907848108,linear,0.07307826517529674,1.4085432520963638e+24,0.33564243916774694,0.07307826517529674
271,2.44,0.8,1694.09703376,1682.2583047767864,6223.726694724898,0.0122,3277914107.98789,84620690.10813715,Selsis,-0.3944392816157802,-0.6439620127867959,GP,0.32367396248795843,1.2459859656680483e+25,0.10524120130978054,0.32367396248795843
272,2.44,0.8,1694.09703376,1682.2583047767864,7375.959872459404,0.0122,2847425778.3080764,76268778.19315962,Selsis,-0.42777307852701496,-0.7365707731517489,GP,0.2848111159097429,8.993462982422163e+24,0.6730133650959704,0.2848111159097429
273,2.44,0.8,1694.09703376,1682.2583047767864,8271.717700350184,0.0122,2582458259.459799,53294643.8942322,Selsis,-0.3537305949142507,-0.676472827593763,GP,0.09641945181070137,4.3584519279955416e+24,0.41510371496279885,0.09641945181070137
274,2.44,0.8,1694.09703376,1682.2583047767864,18511.393190087714,0.0122,1350350001.4846182,44419784.81548688,Selsis,-0.4104359188517648,-0.7905596479345034,log,0.07974600520086224,2.587737913345489e+24,0.8975608965795802,0.07974600520086224
275,2.44,0.8,1694.09703376,1682.2583047767864,8096.2150563889545,0.0122,2630471387.0924377,1642567.1846638639,Selsis,-0.3392451876696536,-0.6014485042535935,linear,0.05316669446486276,3.4173226829692886e+24,0.6916860567224251,0.05316669446486276
276,2.44,0.8,1694.09703376,1682.2583047767864,5207.368311824066,0.0122,3133950218.632029,93798080.07629727,Jackson,-0.3218693715237377,-0.7667140531823684,GP,0.060721181056997094,1.2534241827986332e+24,0.05701507207226686,0.060721181056997094
277,2.44,0.8,1694.09703376,1682.2583047767864,5869.364903833032,0.0122,2717379971.2415547,97761918.19668724,Jackson,-0.4840508757629123,-0.7886685392789833,log,0.09441438211312053,9.224081881607456e+23,0.2184910889355417,0.09441438211312053
278,2.44,0.8,1694.09703376,1682.2583047767864,1615.1666358268515,0.0122,11839393306.710781,99238053.3628788,Selsis,-0.408011745361945,-0.7154736851955769,log,0.17534562766327472,6.733627456535914e+24,0.8073451367412712,0.17534562766327472
279,2.44,0.8,1694.09703376,1682.2583047767864,2239.7824448159163,0.0122,10380552781.235666,2585650.6524397205,Jackson,-0.46962928461068776,-0.7130660502398912,GP,0.32159447616710835,6.927964596906928e+24,0.6526576598459152,0.32159447616710835
280,2.44,0.8,1694.09703376,1682.2583047767864,18689.356581859684,0.0122,1340558751.2197683,45290213.552325316,Selsis,-0.3406444033035526,-0.7714805751265347,linear,0.18010065360003177,7.591930949186381e+24,0.2334362757303169,0.18010065360003177
281,2.44,0.8,1694.09703376,1682.2583047767864,29579.669998781264,0.0122,952062477.3403519,8582123.406111713,Selsis,-0.32039195394971676,-0.7862210839826678,log,0.05810515491904342,2.877856088215019e+24,0.33132551431176027,0.05810515491904342
282,2.44,0.8,1694.09703376,1682.2583047767864,8298.81453931462,0.0122,2575223486.66776,7357742.597832203,Selsis,-0.43731134389085635,-0.6849289418429902,log,0.05722163375289719,2.2752496108033652e+24,0.9542611075839226,0.05722163375289719
283,2.44,0.8,1694.09703376,1682.2583047767864,2952.901888140237,0.0122,6461135390.364222,36149277.60540999,Selsis,-0.35086724551098486,-0.6606841261119326,GP,0.3989468929927829,2.257755785668687e+25,0.9340319588377567,0.3989468929927829
284,2.44,0.8,1694.09703376,1682.2583047767864,3605.240610591068,0.0122,4940726982.38536,13681242.829471953,Jackson,-0.49386428829638235,-0.7465653020990762,GP,0.4682956352196258,7.414983962464504e+24,0.9156752831378926,0.4682956352196258
285,2.44,0.8,1694.09703376,1682.2583047767864,10375.618999947694,0.0122,2134972748.260501,34004937.83134187,Selsis,-0.4698935172545053,-0.7760580513853267,linear,0.10912887853369131,3.5505180085981417e+24,0.43714628356707486,0.10912887853369131
286,2.44,0.8,1694.09703376,1682.2583047767864,5637.219714583768,0.0122,2850560021.3906136,37217268.97876484,Jackson,-0.4776490185295015,-0.6297065274806058,GP,0.3386161654344632,5.959643903651433e+24,0.11730566787163454,0.3386161654344632
287,2.44,0.8,1694.09703376,1682.2583047767864,2697.091487030524,0.0122,7695078362.13942,94669746.095997,Jackson,-0.37301858805146587,-0.6273986432283798,log,0.128322350646756,3.423203969556366e+24,0.4306065298387839,0.128322350646756
288,2.44,0.8,1694.09703376,1682.2583047767864,2848.444320413383,0.0122,6685135463.377571,10145392.14910054,Selsis,-0.4369425011082885,-0.7441888612947818,GP,0.06396756910999668,2.655989116155795e+24,0.18856151524522258,0.06396756910999668
289,2.44,0.8,1694.09703376,1682.2583047767864,3943.7339455694373,0.0122,4854792902.847285,4459528.440329736,Selsis,-0.41549444446381917,-0.7715664326487777,linear,0.07203295663112447,3.055405421444806e+24,0.12733643838476938,0.07203295663112447
290,2.44,0.8,1694.09703376,1682.2583047767864,2184.7177661419696,0.0122,10815723609.852213,76512353.00436603,Jackson,-0.4184243350748116,-0.6104850114159232,log,0.09912609427228886,2.9733160756835095e+24,0.7173231926648304,0.09912609427228886
291,2.44,0.8,1694.09703376,1682.2583047767864,3139.6317030079135,0.0122,6078380926.211584,29523597.276302155,Jackson,-0.45233863426469745,-0.6422310053017201,log,0.05579938254026872,1.2339712155591984e+24,0.44344090866204244,0.05579938254026872
292,2.44,0.8,1694.09703376,1682.2583047767864,6031.075661688571,0.0122,2631575360.326659,75355389.68790087,Jackson,-0.4703094169370596,-0.6182507649013282,GP,0.1583324101635784,2.5101344302669884e+24,0.8228566550113443,0.1583324101635784
293,2.44,0.8,1694.09703376,1682.2583047767864,4008.133946471301,0.0122,4785435636.829244,51458595.34305007,Selsis,-0.43864460756832463,-0.6753870662378121,linear,0.3685934686256166,1.4249412569012554e+25,0.10438915973595009,0.3685934686256166
294,2.44,0.8,1694.09703376,1682.2583047767864,3518.6589871613087,0.0122,5116850915.120511,27664767.01780844,Jackson,-0.4387869816037135,-0.660852363832666,log,0.43012729734968025,8.74560121564664e+24,0.8000229335045876,0.43012729734968025
295,2.44,0.8,1694.09703376,1682.2583047767864,5127.2147325349715,0.0122,3861056659.1026,8762535.983621387,Selsis,-0.4195185597206824,-0.7200490824027701,GP,0.08585347795757065,3.573353043054793e+24,0.6306231730584501,0.08585347795757065
296,2.44,0.8,1694.09703376,1682.2583047767864,7321.615459106882,0.0122,2105250280.3815107,78099115.04402979,Jackson,-0.3770048974379049,-0.6190558011705202,GP,0.06846181364923878,1.2294313309130217e+24,0.7409141530429569,0.06846181364923878
297,2.44,0.8,1694.09703376,1682.2583047767864,3817.2990906636646,0.0122,4595042399.959287,93130864.96401508,Jackson,-0.4403685751679523,-0.7703087471132016,linear,0.32549398281965153,4.1505903603901244e+24,0.7315231982776542,0.32549398281965153
298,2.44,0.8,1694.09703376,1682.2583047767864,4374.896549597226,0.0122,4429955482.381953,9259822.185329882,Selsis,-0.34061703714714775,-0.6430945319833035,GP,0.05706616253744611,3.513107140639415e+24,0.2839397206736711,0.05706616253744611
299,2.44,0.8,1694.09703376,1682.2583047767864,4189.972348010736,0.0122,4088390217.984654,85213693.20097376,Jackson,-0.3862459011567168,-0.6758593110771277,linear,0.45684212595587903,8.173547437597365e+24,0.8664785216040483,0.45684212595587903
300,2.44,0.8,1694.09703376,1682.2583047767864,2251.8880434792454,0.0122,10288970703.011278,8574581.061107174,Jackson,-0.4256437794591885,-0.6803155550540197,log,0.34883833212830817,8.762658611953081e+24,0.9357655311877047,0.34883833212830817
301,2.44,0.8,1694.09703376,1682.2583047767864,11280.478611899392,0.0122,1320724989.1944797,74532045.76041116,Jackson,-0.37952884015113575,-0.7571438683218474,log,0.13343524082139435,1.634086677646988e+24,0.18438614075395088,0.13343524082139435
302,2.44,0.8,1694.09703376,1682.2583047767864,8094.076704173653,0.0122,2631069036.032341,81295757.49398392,Selsis,-0.38720271263811074,-0.6041377004127766,GP,0.3909129744296924,1.645464926201969e+25,0.42462478976679974,0.3909129744296924
303,2.44,0.8,1694.09703376,1682.2583047767864,2233.536804975806,0.0122,10428361843.54062,71953032.66029947,Jackson,-0.2987780988643751,-0.641152044987249,GP,0.4922607256963985,2.1686143253010007e+25,0.13736651642234943,0.4922607256963985
304,2.44,0.8,1694.09703376,1682.2583047767864,2023.4716652334055,0.0122,9356141018.20384,85228664.59857951,Selsis,-0.31942224826127735,-0.7157294860243667,log,0.15511594094865405,9.07347858738547e+24,0.24047941433648046,0.15511594094865405
305,2.44,0.8,1694.09703376,1682.2583047767864,11380.078282629484,0.0122,1308737242.2904887,18172386.31226242,Jackson,-0.30982806310133326,-0.6787875282624941,linear,0.34824900954806953,8.61002215328024e+24,0.9944126853097028,0.34824900954806953
306,2.44,0.8,1694.09703376,1682.2583047767864,6937.954831018579,0.0122,2238014767.3615203,96252951.55279563,Jackson,-0.35071083020066296,-0.7674013121768393,GP,0.49791153406880373,7.559699987034156e+24,0.37505659124168056,0.49791153406880373
307,2.44,0.8,1694.09703376,1682.2583047767864,5737.200908909603,0.0122,3509098038.6550784,68528950.56359108,Selsis,-0.34675805405597676,-0.7883875125943297,log,0.1282851305487123,5.612263231068672e+24,0.191901386972831,0.1282851305487123
308,2.44,0.8,1694.09703376,1682.2583047767864,2144.05065129313,0.0122,11158025608.245762,63993426.935006045,Jackson,-0.2807459296729466,-0.6481817111407837,GP,0.08748802194391567,4.492866659054415e+24,0.7034758130158256,0.08748802194391567
309,2.44,0.8,1694.09703376,1682.2583047767864,5399.722264796666,0.0122,3000644305.067538,2348279.6480556973,Jackson,-0.45569500282075676,-0.6830359973001303,log,0.406561221431013,7.180143446299753e+24,0.008408095226949186,0.406561221431013
310,2.44,0.8,1694.09703376,1682.2583047767864,6110.570760332924,0.0122,3328461749.455461,37249755.5573656,Selsis,-0.3000473796069517,-0.6402471442443844,linear,0.35706070997425254,2.542043131707049e+25,0.7018589276807274,0.35706070997425254
311,2.44,0.8,1694.09703376,1682.2583047767864,4046.9058238237694,0.0122,4744763265.26148,74367423.2947938,Selsis,-0.4926446375828826,-0.6639528684504289,GP,0.3492476873784791,1.1932591214270198e+25,0.6179617159225943,0.3492476873784791
312,2.44,0.8,1694.09703376,1682.2583047767864,2091.117533857225,0.0122,11632786553.563877,66536088.15910874,Jackson,-0.4888254166136434,-0.7764186531030588,linear,0.12380243075484086,1.9443786255054312e+24,0.6223763835626525,0.12380243075484086
313,2.44,0.8,1694.09703376,1682.2583047767864,13849.507829272929,0.0122,1688530952.4984682,59341241.27361524,Selsis,-0.38840370144069564,-0.7243780803821508,log,0.22511808959474863,7.779110532530216e+24,0.7972174012295139,0.22511808959474863
314,2.44,0.8,1694.09703376,1682.2583047767864,5229.139935813686,0.0122,3118287107.4953804,35229889.37427391,Jackson,-0.30147363633143703,-0.6973628382075271,log,0.19744002562220772,6.126170595079529e+24,0.621143344788425,0.19744002562220772
315,2.44,0.8,1694.09703376,1682.2583047767864,3365.516432811896,0.0122,5673645244.977183,26891111.72159116,Selsis,-0.37705105153296065,-0.7880638947361787,GP,0.1521432780603383,6.933548026844995e+24,0.8590208950043238,0.1521432780603383
316,2.44,0.8,1694.09703376,1682.2583047767864,6568.843448124961,0.0122,2382385357.1336637,84336591.45118666,Jackson,-0.40163807438856064,-0.7498880284288165,GP,0.36303632992524426,4.651803594678522e+24,0.9864021723668913,0.36303632992524426
317,2.44,0.8,1694.09703376,1682.2583047767864,3789.7326443141524,0.0122,5036436860.589483,84320334.15536763,Selsis,-0.28526615993614457,-0.6977579511787319,log,0.10084298744089117,7.12879752902403e+24,0.6335449821616336,0.10084298744089117
318,2.44,0.8,1694.09703376,1682.2583047767864,4911.170072556051,0.0122,3363291283.344129,26606908.162003696,Jackson,-0.34350164442621917,-0.6807217745685262,GP,0.3284811267716137,8.157796705618523e+24,0.43998171443741463,0.3284811267716137
319,2.44,0.8,1694.09703376,1682.2583047767864,4885.029309332914,0.0122,3385103038.2354355,77963066.9620618,Jackson,-0.30056666189343184,-0.6028306983952948,linear,0.08647561709288171,2.869519629808151e+24,0.5710365313633838,0.08647561709288171
320,2.44,0.8,1694.09703376,1682.2583047767864,6182.430583607761,0.0122,2555934938.5541015,80451249.77135168,Jackson,-0.4470480958815064,-0.7568955969719626,linear,0.10153953813943226,1.166945519449595e+24,0.4050029679854966,0.10153953813943226
321,2.44,0.8,1694.09703376,1682.2583047767864,18272.57167978613,0.0122,1363765474.2020643,69599247.19897112,Selsis,-0.34152633103373425,-0.7407415567170377,linear,0.0672153259459729,2.598526967712559e+24,0.34760558019909804,0.0672153259459729
322,2.44,0.8,1694.09703376,1682.2583047767864,5418.902662753951,0.0122,3682948969.3584223,86503790.33734173,Selsis,-0.374427444590255,-0.7283233751695576,linear,0.4212903339772821,1.5803669199856196e+25,0.7363037134715086,0.4212903339772821
323,2.44,0.8,1694.09703376,1682.2583047767864,2456.1109110399148,0.0122,8933816987.065786,39962391.363835886,Jackson,-0.3710215548919414,-0.6974894875244261,GP,0.1024068948438882,2.6893013635370593e+24,0.6808848197793582,0.1024068948438882
324,2.44,0.8,1694.09703376,1682.2583047767864,8425.79940716162,0.0122,2541929040.0517445,16711375.36544304,Selsis,-0.288101265979287,-0.7883910962389256,log,0.16606444909891718,1.2148976651519159e+25,0.704545369243138,0.16606444909891718
325,2.44,0.8,1694.09703376,1682.2583047767864,15170.602526647543,0.0122,977844029.6104758,15604456.026580496,Jackson,-0.3705099618105258,-0.692888810294287,log,0.07319349504808488,1.1637638077715849e+24,0.6312127066603237,0.07319349504808488
326,2.44,0.8,1694.09703376,1682.2583047767864,8840.17713235863,0.0122,1706144377.6905174,86484075.18204129,Jackson,-0.44549934381538925,-0.6009750891623434,log,0.051767961602794205,7.557818790977914e+23,0.9863369023733454,0.051767961602794205
327,2.44,0.8,1694.09703376,1682.2583047767864,4733.532691392936,0.0122,4136132551.443938,41893611.430551305,Selsis,-0.4225130274005114,-0.7033642198371745,log,0.06971267715579554,2.7101676687699637e+24,0.3677586535433601,0.06971267715579554
328,2.44,0.8,1694.09703376,1682.2583047767864,1642.5480588951557,0.0122,11628354031.679825,42257994.97857078,Selsis,-0.34391559348441847,-0.7431742194401217,GP,0.13981800949223874,7.946065836323539e+24,0.05482580647454682,0.13981800949223874
329,2.44,0.8,1694.09703376,1682.2583047767864,5795.867363790669,0.0122,3479202394.7871647,21988302.87067017,Selsis,-0.4871726331620064,-0.6334759623655954,log,0.49037883737043975,2.0185076957915605e+25,0.5267704797324719,0.49037883737043975
330,2.44,0.8,1694.09703376,1682.2583047767864,4833.259318829052,0.0122,3429118912.982692,95747107.01725937,Jackson,-0.48479313868727414,-0.6899628994056505,log,0.16755120901847992,2.047290562332992e+24,0.9537580299817616,0.16755120901847992
331,2.44,0.8,1694.09703376,1682.2583047767864,2918.830862152954,0.0122,6532321855.320767,19643486.364815053,Selsis,-0.44698219326413846,-0.6469369462348313,log,0.06439423654190864,2.9516845794391655e+24,0.4666710141763174,0.06439423654190864
332,2.44,0.8,1694.09703376,1682.2583047767864,6388.274351918134,0.0122,2459929669.3582377,67333275.80426534,Jackson,-0.40459582600737565,-0.6458353956367873,log,0.4482520681231843,7.37447890328808e+24,0.006531248048012306,0.4482520681231843
333,2.44,0.8,1694.09703376,1682.2583047767864,4227.188437680112,0.0122,4565598647.839606,3202615.7292437437,Selsis,-0.34574416174316236,-0.6904503884226159,GP,0.12594234033216636,7.310374253302523e+24,0.7494519309959221,0.12594234033216636
334,2.44,0.8,1694.09703376,1682.2583047767864,4889.0326091490515,0.0122,4022188577.209047,80967744.36391999,Selsis,-0.4776100881939404,-0.7211515812825091,log,0.12839615363142054,3.9067067498259217e+24,0.5395799417217305,0.12839615363142054
335,2.44,0.8,1694.09703376,1682.2583047767864,6718.741019121827,0.0122,2321590962.6939726,41006488.50662681,Jackson,-0.36845809343713687,-0.6467066708608731,linear,0.1858059628485913,3.7705364222343287e+24,0.08000448064379584,0.1858059628485913
336,2.44,0.8,1694.09703376,1682.2583047767864,8717.908487332044,0.0122,2469057403.130882,11356236.633052332,Selsis,-0.49023420882858915,-0.6937363473162899,log,0.12324062587029892,4.472687582845377e+24,0.8591437688891597,0.12324062587029892
337,2.44,0.8,1694.09703376,1682.2583047767864,3074.7257755016794,0.0122,6215134867.548131,44491591.76243973,Selsis,-0.34035651000106015,-0.7562629378132368,GP,0.3871494352307907,2.060584522938988e+25,0.4129918879171578,0.3871494352307907
338,2.44,0.8,1694.09703376,1682.2583047767864,5036.328673978379,0.0122,3920747065.7299166,83498789.12069076,Selsis,-0.4596705102599339,-0.7544400389275034,GP,0.1576517070344353,4.724625097039266e+24,0.022218470319350425,0.1576517070344353
339,2.44,0.8,1694.09703376,1682.2583047767864,1971.4238436424698,0.0122,9608448975.280054,90797640.06366159,Selsis,-0.4523423767482465,-0.6353588491951797,linear,0.055104190403285944,2.2920432128027838e+24,0.158117828354994,0.055104190403285944
340,2.44,0.8,1694.09703376,1682.2583047767864,8158.30635061527,0.0122,1863817962.2106357,4976806.406658515,Jackson,-0.31543565989704975,-0.7276304982416241,GP,0.050490864151363946,1.3304061403099678e+24,0.23250622860857117,0.050490864151363946
341,2.44,0.8,1694.09703376,1682.2583047767864,4250.691044513886,0.0122,4543377454.100723,17475945.948504817,Selsis,-0.4248664301924165,-0.7663647540757721,GP,0.10542606555645195,4.186458671944133e+24,0.8176861969262246,0.10542606555645195
342,2.44,0.8,1694.09703376,1682.2583047767864,7124.516825203548,0.0122,2930024306.9285865,97760294.01088858,Selsis,-0.3520608502015804,-0.7253304332587887,linear,0.10516500446997591,4.071778775528624e+24,0.17468597364917282,0.10516500446997591
343,2.44,0.8,1694.09703376,1682.2583047767864,3795.976559223292,0.0122,4627688436.61461,27262043.081698623,Jackson,-0.3121287127004871,-0.681135882943538,log,0.24660989010000434,8.120042600930808e+24,0.4122924141816181,0.24660989010000434
344,2.44,0.8,1694.09703376,1682.2583047767864,7243.775885286822,0.0122,2890154458.178697,12379455.127903191,Selsis,-0.35956943307646977,-0.788230570602052,GP,0.2808141569646106,1.3239977290384855e+25,0.3679535741980021,0.2808141569646106
345,2.44,0.8,1694.09703376,1682.2583047767864,4476.884952100035,0.0122,4341574436.218326,31521013.615549263,Selsis,-0.2896797932814845,-0.7205414645655909,linear,0.15955506712005402,1.218727214096916e+25,0.24706861439449235,0.15955506712005402
346,2.44,0.8,1694.09703376,1682.2583047767864,3211.898902500865,0.0122,5871170696.331677,85808403.15381727,Jackson,-0.3652050154260776,-0.7007256470161498,linear,0.452248789902343,9.422675733029521e+24,0.06072049927634127,0.452248789902343
347,2.44,0.8,1694.09703376,1682.2583047767864,3306.9327652689735,0.0122,5617212518.56914,27876835.97365014,Jackson,-0.3540726371452641,-0.6165607475774917,linear,0.1653747596349018,5.256042102769567e+24,0.23866080994450356,0.1653747596349018
348,2.44,0.8,1694.09703376,1682.2583047767864,4108.18812813924,0.0122,4190136065.668989,38608963.67308259,Jackson,-0.4341670711907028,-0.7255162530080497,linear,0.1847744761074362,3.039498492239025e+24,0.8514540040161135,0.1847744761074362
349,2.44,0.8,1694.09703376,1682.2583047767864,6592.132409554504,0.0122,3125093390.614577,12557415.369518325,Selsis,-0.4749948747643695,-0.6005506079122598,log,0.14265379121445917,6.584215089785945e+24,0.03259351142312372,0.14265379121445917
350,2.44,0.8,1694.09703376,1682.2583047767864,7688.072637932843,0.0122,2750486344.6317425,1014204.1208217909,Selsis,-0.4737206866993236,-0.6121810994123774,linear,0.0779117179927982,3.579469204383506e+24,0.5237633930295837,0.0779117179927982
351,2.44,0.8,1694.09703376,1682.2583047767864,6481.789732057172,0.0122,3169091130.537886,28030267.792998,Selsis,-0.38210388745117396,-0.7940277275241515,GP,0.24881810045382624,1.0392290605674852e+25,0.8847261629334641,0.24881810045382624
352,2.44,0.8,1694.09703376,1682.2583047767864,3868.5554845009237,0.0122,4518344044.680024,54139754.17439683,Jackson,-0.36566106386732206,-0.6160671000144684,GP,0.09737614385767608,2.581107058023115e+24,0.6829670530402184,0.09737614385767608
353,2.44,0.8,1694.09703376,1682.2583047767864,12771.677499247571,0.0122,1800796069.1673076,68003329.67782554,Selsis,-0.31469998371638774,-0.6532956652401486,GP,0.06012718022968426,3.0827637949723375e+24,0.2005549081532778,0.06012718022968426
354,2.44,0.8,1694.09703376,1682.2583047767864,1882.1373853032994,0.0122,10077953135.691607,99405098.97813502,Selsis,-0.39236594257307406,-0.7218432261232702,linear,0.48716944173030957,1.9061431538855312e+25,0.6274404243134228,0.48716944173030957
355,2.44,0.8,1694.09703376,1682.2583047767864,13019.912159705453,0.0122,1772921514.1562324,95951010.8419025,Selsis,-0.4352678326955935,-0.7277110840530056,linear,0.48219223678346357,1.3028471650007177e+25,0.7344104805583797,0.48219223678346357
356,2.44,0.8,1694.09703376,1682.2583047767864,3289.9326899368725,0.0122,5804346156.656214,64644948.3216124,Selsis,-0.3857194626863007,-0.7439245431794903,GP,0.11805725282482814,4.7705131542853235e+24,0.9845460874439868,0.11805725282482814
357,2.44,0.8,1694.09703376,1682.2583047767864,3559.794462040863,0.0122,5028825116.436368,93549034.30024566,Jackson,-0.30162935796380075,-0.6752804317846459,GP,0.4691575528669796,1.4256890367206304e+25,0.975137821515147,0.4691575528669796
358,2.44,0.8,1694.09703376,1682.2583047767864,9052.21039170391,0.0122,2392133748.974396,74740042.09518632,Selsis,-0.34266558006784276,-0.648981860136029,log,0.1761525999352874,7.995174923844505e+24,0.4177179578699082,0.1761525999352874
359,2.44,0.8,1694.09703376,1682.2583047767864,6484.688405596642,0.0122,3167916793.9923844,19852669.91775374,Selsis,-0.30401631236365256,-0.6977539335715367,log,0.14157603055573562,9.606272515270306e+24,0.7262215153148448,0.14157603055573562
360,2.44,0.8,1694.09703376,1682.2583047767864,7010.944946747125,0.0122,2969216946.1512156,83362849.07896474,Selsis,-0.3924135943830856,-0.7996306926949681,log,0.05822819072274794,1.9352008154589856e+24,0.3064335592386558,0.05822819072274794
361,2.44,0.8,1694.09703376,1682.2583047767864,3428.0545314397973,0.0122,5320802625.370751,67716177.21825737,Jackson,-0.4134615407431644,-0.7447702013887781,GP,0.07923310353781964,1.2887948171770316e+24,0.31747117163982375,0.07923310353781964
362,2.44,0.8,1694.09703376,1682.2583047767864,11137.358287716155,0.0122,1338351891.2324915,20304033.375782825,Jackson,-0.3927317944905567,-0.6349029702256371,log,0.33449435830483953,5.810968752421438e+24,0.20869182966802624,0.33449435830483953
363,2.44,0.8,1694.09703376,1682.2583047767864,3524.12929807617,0.0122,5416577622.816165,96586226.32835372,Selsis,-0.48307253283700774,-0.6968757735305392,GP,0.09157600672316113,2.822080242087898e+24,0.04684535342222673,0.09157600672316113
364,2.44,0.8,1694.09703376,1682.2583047767864,5283.384846134881,0.0122,3763266801.5352054,36478809.6350152,Selsis,-0.4220604455701823,-0.7237341377319543,GP,0.20201581412886865,7.749275845672319e+24,0.26274829609344397,0.20201581412886865
365,2.44,0.8,1694.09703376,1682.2583047767864,3559.8419006411577,0.0122,5028725172.985576,79738435.5796253,Jackson,-0.4743586705648504,-0.7178428238040356,log,0.20822794718854698,2.867853291000659e+24,0.7684217880231675,0.20822794718854698
366,2.44,0.8,1694.09703376,1682.2583047767864,5820.790668030296,0.0122,2744231242.8272986,9816986.189059692,Jackson,-0.4655583693475697,-0.7866979315162158,linear,0.07488144396466918,1.0831216357260718e+24,0.4618786351823735,0.07488144396466918
367,2.44,0.8,1694.09703376,1682.2583047767864,2569.776407655637,0.0122,7379082457.344109,68012413.99765217,Selsis,-0.3061675110987388,-0.7387259621609666,GP,0.48464106705180116,3.1110867781283963e+25,0.032671494207233254,0.48464106705180116
368,2.44,0.8,1694.09703376,1682.2583047767864,7548.082289310531,0.0122,2033973343.9186437,29212276.32139075,Jackson,-0.2865048066529963,-0.7426672769081805,GP,0.08943380912462687,2.794461123631336e+24,0.9384352833241322,0.08943380912462687
369,2.44,0.8,1694.09703376,1682.2583047767864,5359.3231976981615,0.0122,3027717907.2514043,67377585.0765628,Jackson,-0.4336007600204621,-0.7603254227714341,log,0.062199509416474015,8.125390187395343e+23,0.8812232169515606,0.062199509416474015
370,2.44,0.8,1694.09703376,1682.2583047767864,19438.45718739351,0.0122,766884765.4526109,39046456.78943056,Jackson,-0.3306514458152733,-0.6727905412431207,log,0.13495140813118822,2.2879910811706687e+24,0.7998434892383324,0.13495140813118822
371,2.44,0.8,1694.09703376,1682.2583047767864,4142.932068884932,0.0122,4146322859.0506754,3437154.0513141863,Jackson,-0.3361274617489233,-0.6670049915730955,linear,0.0585692166462613,1.7546713072937444e+24,0.8736328733383725,0.0585692166462613
372,2.44,0.8,1694.09703376,1682.2583047767864,7495.322950739715,0.0122,2810096801.0830164,31569471.163397092,Selsis,-0.4451664821276405,-0.723463777645001,log,0.053097508334893635,1.9082130792648118e+24,0.6885691573778391,0.053097508334893635
373,2.44,0.8,1694.09703376,1682.2583047767864,3562.794242454499,0.0122,5357404022.787828,88892354.31920373,Selsis,-0.43020545060378274,-0.6808373425735796,linear,0.05769744424829597,2.029688550202793e+24,0.9847047086500603,0.05769744424829597
374,2.44,0.8,1694.09703376,1682.2583047767864,4535.493735557343,0.0122,3706436090.7878857,78018634.49676862,Jackson,-0.31806716714998207,-0.7627626249900351,log,0.27301739642499356,6.430681597831535e+24,0.6764491551739619,0.27301739642499356
375,2.44,0.8,1694.09703376,1682.2583047767864,3636.1643438409615,0.0122,4887255868.914179,62513750.223189846,Jackson,-0.3481089915802142,-0.6488148351181666,linear,0.06646924921718758,1.717443125181138e+24,0.25486901943439066,0.06646924921718758
376,2.44,0.8,1694.09703376,1682.2583047767864,18479.821541026307,0.0122,805252279.5981551,32377659.7625624,Jackson,-0.3053029917458548,-0.6850470459600785,linear,0.05624338098937621,1.1766220518750856e+24,0.9104909710455572,0.05624338098937621
377,2.44,0.8,1694.09703376,1682.2583047767864,3715.3175265195973,0.0122,4755305614.601313,96336258.61372444,Jackson,-0.45782725365593846,-0.6282566349473123,log,0.25067524724830553,4.451505329977515e+24,0.5182188331502315,0.25067524724830553
378,2.44,0.8,1694.09703376,1682.2583047767864,34769.35775428975,0.0122,843341850.5664767,78597572.14125644,Selsis,-0.49256036542077813,-0.6338275119255647,GP,0.266254650496035,6.803901756309321e+24,0.9013929825935376,0.266254650496035
379,2.44,0.8,1694.09703376,1682.2583047767864,22088.567983840043,0.0122,678469874.651775,3794030.662611134,Jackson,-0.3571771076615505,-0.7484507108627233,log,0.205953948417331,3.221192466223506e+24,0.2799394285483555,0.205953948417331
380,2.44,0.8,1694.09703376,1682.2583047767864,1966.8643781725943,0.0122,12897100765.627398,72505681.42939602,Jackson,-0.37004077127828533,-0.7933918992139525,log,0.056054973868255815,1.307494099589297e+24,0.2551349238464964,0.056054973868255815
381,2.44,0.8,1694.09703376,1682.2583047767864,3164.826813751162,0.0122,6035700539.353086,77650680.4382986,Selsis,-0.3910951425814591,-0.665739258976246,linear,0.10521855246421634,4.43713508015171e+24,0.277474398176211,0.10521855246421634
382,2.44,0.8,1694.09703376,1682.2583047767864,6901.753890247242,0.0122,2251403427.625495,49928786.11649543,Jackson,-0.4251101380926632,-0.6736106008934065,GP,0.20370065176017588,3.082920381311081e+24,0.4709131036578058,0.20370065176017588
383,2.44,0.8,1694.09703376,1682.2583047767864,6686.401635210013,0.0122,3088347809.008326,90044318.37653692,Selsis,-0.47616194090191133,-0.6939903694173876,GP,0.42431961306581245,1.247501962929671e+25,0.41641490175458673,0.42431961306581245
384,2.44,0.8,1694.09703376,1682.2583047767864,7109.714021804604,0.0122,2176582243.738701,7028481.490483472,Jackson,-0.39445711398619987,-0.6619314893971449,GP,0.24909808197027591,4.8217676742927656e+24,0.408937046789713,0.24909808197027591
385,2.44,0.8,1694.09703376,1682.2583047767864,4015.4763681484646,0.0122,4311524947.205727,21287301.180839382,Jackson,-0.3552354580914914,-0.7319298964401931,log,0.45128945162061174,1.0599090483825991e+25,0.8280203496332023,0.45128945162061174
386,2.44,0.8,1694.09703376,1682.2583047767864,16050.031921638876,0.0122,1506174162.426794,32530531.38322217,Selsis,-0.33766213864606903,-0.696414366070195,log,0.09633534194681648,4.5192029815516344e+24,0.9787068136126066,0.09633534194681648
387,2.44,0.8,1694.09703376,1682.2583047767864,5496.43473985498,0.0122,3638764659.278505,52237699.65194766,Selsis,-0.3087825813873806,-0.6739051164874302,GP,0.22413021831608737,1.4026508882999232e+25,0.16430953999203524,0.22413021831608737
388,2.44,0.8,1694.09703376,1682.2583047767864,4423.061551617471,0.0122,3822922991.716514,27418602.370714262,Jackson,-0.494422268737113,-0.7539581372731738,linear,0.05908552118441059,8.488251981186927e+23,0.29496248114503953,0.05908552118441059
389,2.44,0.8,1694.09703376,1682.2583047767864,5926.909770066508,0.0122,2686226831.9640827,61379340.335028626,Jackson,-0.34985634380937597,-0.7507232795681881,log,0.28610040774851075,5.323849097446414e+24,0.5844447952117092,0.28610040774851075
390,2.44,0.8,1694.09703376,1682.2583047767864,6442.742630636346,0.0122,3185010628.755669,79676539.6704727,Selsis,-0.4476563979469023,-0.7019489674304615,linear,0.29438104500018075,9.274351844854362e+24,0.2266407044455403,0.29438104500018075
391,2.44,0.8,1694.09703376,1682.2583047767864,3750.5697031904783,0.0122,4698711041.394675,78822774.44731061,Jackson,-0.40725947783063143,-0.6259382793609269,GP,0.40613668823521204,8.500915605633594e+24,0.8230592735113962,0.40613668823521204
392,2.44,0.8,1694.09703376,1682.2583047767864,4885.5804558204745,0.0122,3384640334.4284477,28938963.64255645,Jackson,-0.48187518533268675,-0.6118067001389081,log,0.054194672918559866,1.1039884925856431e+24,0.8173102160214235,0.054194672918559866
393,2.44,0.8,1694.09703376,1682.2583047767864,5475.453171201148,0.0122,2951142921.747739,10158914.105696078,Jackson,-0.39455360795677535,-0.6540773597425963,linear,0.17134726283155927,3.6079160552375424e+24,0.8242014439955319,0.17134726283155927
394,2.44,0.8,1694.09703376,1682.2583047767864,7839.337221766218,0.0122,2704567206.400594,35858291.86312164,Selsis,-0.47636867397449917,-0.6261832475449964,linear,0.18078387342838037,7.110406679963979e+24,0.6075598079714424,0.18078387342838037
395,2.44,0.8,1694.09703376,1682.2583047767864,15993.895032073762,0.0122,1510244050.3241866,2530659.60556741,Selsis,-0.4313631726904426,-0.6667889334185025,log,0.05864836731637004,2.2859756769153695e+24,0.2613170967534375,0.05864836731637004
396,2.44,0.8,1694.09703376,1682.2583047767864,3953.49205673714,0.0122,4396519044.81824,84125494.75843684,Jackson,-0.44760986966154526,-0.7311002339938559,log,0.13562308024226988,1.8290969659771085e+24,0.44424289020500984,0.13562308024226988
397,2.44,0.8,1694.09703376,1682.2583047767864,2932.886828553023,0.0122,6749691995.627499,75670110.64653406,Jackson,-0.4872411658142385,-0.6494246514542541,log,0.125515318794162,2.3249970619987342e+24,0.4598367587016885,0.125515318794162
398,2.44,0.8,1694.09703376,1682.2583047767864,11487.190022171413,0.0122,1296092673.8255932,54126173.30822558,Jackson,-0.3593204171916307,-0.6813673507792173,linear,0.20718614908016955,3.2771880376080733e+24,0.45410009042317234,0.20718614908016955
399,2.44,0.8,1694.09703376,1682.2583047767864,5347.463563512289,0.0122,3724785423.535833,71026072.22248222,Selsis,-0.4034451911983449,-0.7089127255836347,log,0.11183394568999747,4.0570132311653583e+24,0.6140963948285058,0.11183394568999747
400,2.44,0.8,1694.09703376,1682.2583047767864,2277.544334593755,0.0122,8306967571.447623,77751440.46574087,Selsis,-0.30906941818977957,-0.6549280161184757,linear,0.06489367764774942,4.38279996554702e+24,0.40602696986032505,0.06489367764774942
401,2.44,0.8,1694.09703376,1682.2583047767864,4107.7299602459225,0.0122,4190719779.269945,62699404.45098308,Jackson,-0.33275137646955244,-0.6229081903836534,log,0.13749255885911002,3.954415406209902e+24,0.8090214093726718,0.13749255885911002
402,2.44,0.8,1694.09703376,1682.2583047767864,4004.1344265017583,0.0122,4789676830.126554,74701581.02699235,Selsis,-0.33367758309833984,-0.6346468010861216,log,0.0727870574640493,4.036412755311578e+24,0.978739897660321,0.0727870574640493
403,2.44,0.8,1694.09703376,1682.2583047767864,6242.929970028234,0.0122,3269513758.770387,53392751.73124689,Selsis,-0.35707561833833873,-0.6475978472227322,GP,0.16781487151662788,8.081642455226565e+24,0.39550511311833425,0.16781487151662788
404,2.44,0.8,1694.09703376,1682.2583047767864,5194.339341487451,0.0122,3143396976.3893323,37238132.92074501,Jackson,-0.43042155474470534,-0.6601113740086986,GP,0.09681048370245453,1.7153521824715457e+24,0.09540411082480549,0.09681048370245453
405,2.44,0.8,1694.09703376,1682.2583047767864,14851.419591508647,0.0122,1599261654.2221804,59969938.01795261,Selsis,-0.4906355109066695,-0.772199540229909,linear,0.1037794067933035,2.8926549991423074e+24,0.3453843434460597,0.1037794067933035
406,2.44,0.8,1694.09703376,1682.2583047767864,2940.351654628753,0.0122,6487153160.168711,75434197.19998676,Selsis,-0.48864756547208327,-0.6916026663115309,linear,0.3640555417492276,1.2331653666736668e+25,0.03180252523996663,0.3640555417492276
407,2.44,0.8,1694.09703376,1682.2583047767864,13869.001426174314,0.0122,1069843501.5484726,85524536.27023423,Jackson,-0.4580857050238871,-0.7002395141336074,GP,0.08468855367800622,7.677707146878781e+23,0.003905153144795115,0.08468855367800622
408,2.44,0.8,1694.09703376,1682.2583047767864,2492.9887456949177,0.0122,8722212725.795818,47149870.4246083,Jackson,-0.31314358321245456,-0.713420984128845,linear,0.2558811019199307,8.996488110025217e+24,0.4959579426180777,0.2558811019199307
409,2.44,0.8,1694.09703376,1682.2583047767864,42834.48957802915,0.0122,361224600.2811116,44092143.47375973,Jackson,-0.3855515633680774,-0.7513912572150823,log,0.22086874016306934,1.9832050438203742e+24,0.3830974648442217,0.22086874016306934
410,2.44,0.8,1694.09703376,1682.2583047767864,4325.484433763804,0.0122,3929895921.5458016,33225954.182479784,Jackson,-0.3972161195155535,-0.7659459278148614,linear,0.07611184848301267,1.3515379257296717e+24,0.34451415582740563,0.07611184848301267
411,2.44,0.8,1694.09703376,1682.2583047767864,3480.1788932356903,0.0122,5201729045.8197365,83954837.07412615,Jackson,-0.3290089075776428,-0.6412850018200966,log,0.12924157726936994,3.640188441851283e+24,0.02631626944355514,0.12924157726936994
412,2.44,0.8,1694.09703376,1682.2583047767864,9707.760436173978,0.0122,1545192200.6632733,91093459.0001443,Jackson,-0.41515752316730575,-0.6686719512206345,linear,0.08912479818289978,1.0430627653238612e+24,0.9036081242564765,0.08912479818289978
413,2.44,0.8,1694.09703376,1682.2583047767864,11340.22081625361,0.0122,1984167033.3313355,14209974.982284522,Selsis,-0.3063308078893444,-0.764315173653693,GP,0.25939301917673313,1.5960027770254152e+25,0.4699196575461215,0.25939301917673313
414,2.44,0.8,1694.09703376,1682.2583047767864,50630.18829969728,0.0122,640882681.2732192,86361510.06737374,Selsis,-0.4440647843184854,-0.6469533381024918,log,0.0998156896235203,2.3157071908208004e+24,0.9738688568890563,0.0998156896235203
415,2.44,0.8,1694.09703376,1682.2583047767864,4035.7969351928587,0.0122,4284344324.9606237,82283763.05515288,Jackson,-0.3249889924630265,-0.6111952212846451,GP,0.11309196631342279,3.3646849508999324e+24,0.4205399901332535,0.11309196631342279
416,2.44,0.8,1694.09703376,1682.2583047767864,4548.894191467092,0.0122,3693008451.1661034,26732659.422240086,Jackson,-0.35490758473280465,-0.7635519845843253,GP,0.21520268528125855,4.7003360643123557e+24,0.6997850912678526,0.21520268528125855
417,2.44,0.8,1694.09703376,1682.2583047767864,5360.9839974619335,0.0122,3716782657.244864,40421187.96721665,Selsis,-0.45968693560198437,-0.7876121300128359,log,0.2383140090279561,8.135550798390749e+24,0.9989149222794015,0.2383140090279561
418,2.44,0.8,1694.09703376,1682.2583047767864,4448.401700953599,0.0122,3796056380.6315346,44852028.13068426,Jackson,-0.35837556174613566,-0.7871777545292603,linear,0.07359290711991674,1.4816051039513927e+24,0.2988175225784513,0.07359290711991674
419,2.44,0.8,1694.09703376,1682.2583047767864,2569.349301614786,0.0122,7380271645.519893,16897357.656933174,Selsis,-0.3590399423049799,-0.7469679574617553,GP,0.11563170673618077,6.10708375411535e+24,0.7282695146739481,0.11563170673618077
420,2.44,0.8,1694.09703376,1682.2583047767864,6081.553539294112,0.0122,3341720469.539109,57793990.36250744,Selsis,-0.2911916250116266,-0.7755950253599002,log,0.39183023766788827,2.5974923064078673e+25,0.9367208899263936,0.39183023766788827
421,2.44,0.8,1694.09703376,1682.2583047767864,41381.492389179606,0.0122,742025569.0280993,96881637.05544475,Selsis,-0.29684850617194,-0.6366971665627791,linear,0.06578867146980619,2.7325798620094366e+24,0.7163398524948447,0.06578867146980619
422,2.44,0.8,1694.09703376,1682.2583047767864,3659.565335712435,0.0122,5215254710.310104,62919700.726477906,Selsis,-0.36511909774431706,-0.7030853358253298,GP,0.11323322585997056,5.101712332057688e+24,0.3723027272904347,0.11323322585997056
423,2.44,0.8,1694.09703376,1682.2583047767864,3105.3302300058094,0.0122,6152904411.762067,87727893.73386982,Selsis,-0.4239828523563533,-0.7072657310062916,GP,0.09292494857799118,3.261299425484863e+24,0.09388095425214682,0.09292494857799118
424,2.44,0.8,1694.09703376,1682.2583047767864,3457.095174957939,0.0122,5253866691.848727,93117426.08903034,Jackson,-0.374382244420395,-0.7453764469041476,linear,0.15909957620978418,2.7994752730571616e+24,0.45131259395697765,0.15909957620978418
425,2.44,0.8,1694.09703376,1682.2583047767864,3947.2169430962967,0.0122,4405303223.943171,39968148.060027465,Jackson,-0.4234240138625873,-0.7002887149901628,linear,0.12652317749284725,2.25325913143775e+24,0.8189761168670006,0.12652317749284725
426,2.44,0.8,1694.09703376,1682.2583047767864,6470.537136542753,0.0122,2423993216.3952107,16772620.993722271,Jackson,-0.4057968746336851,-0.7275821519558626,GP,0.05517286463747452,9.244989557168831e+23,0.3171553641384397,0.05517286463747452
427,2.44,0.8,1694.09703376,1682.2583047767864,7030.152588160525,0.0122,2204617928.0207133,66737190.158108376,Jackson,-0.49740038537056835,-0.7015925420316893,linear,0.09937482563227425,1.1564962827044932e+24,0.8900315994793706,0.09937482563227425
428,2.44,0.8,1694.09703376,1682.2583047767864,2953.2700039529755,0.0122,6677744689.696139,26747323.44255798,Jackson,-0.44740735677675153,-0.6954779963839156,log,0.06425877358392466,1.2554349470004702e+24,0.5009830574147051,0.06425877358392466
429,2.44,0.8,1694.09703376,1682.2583047767864,6159.996955299876,0.0122,3306159208.6354213,45125209.76573334,Selsis,-0.4855583761832814,-0.7978972700407193,log,0.05223753282952366,1.6763843758334724e+24,0.8900872159535406,0.05223753282952366
430,2.44,0.8,1694.09703376,1682.2583047767864,3948.609091020951,0.0122,4403351526.949974,31387944.033232838,Jackson,-0.37436958030819995,-0.6506554913543,GP,0.10995138147780341,2.6595400436840053e+24,0.8030645139695807,0.10995138147780341
431,2.44,0.8,1694.09703376,1682.2583047767864,6196.273439835758,0.0122,2549228850.573556,9679213.663110223,Jackson,-0.3467697824449109,-0.7366503197227514,linear,0.1328172967892695,2.981867538342488e+24,0.44757602417630127,0.1328172967892695
432,2.44,0.8,1694.09703376,1682.2583047767864,3015.854393791416,0.0122,6334096526.813919,28853284.65665028,Selsis,-0.29432489105138526,-0.6985523803358984,linear,0.13054303606197534,1.025419986869628e+25,0.8714319540000643,0.13054303606197534
433,2.44,0.8,1694.09703376,1682.2583047767864,5083.511204155375,0.0122,3889493848.5096254,4278105.465930825,Selsis,-0.44760510056231334,-0.7149413791988767,GP,0.05485740683064529,2.2146419609269808e+24,0.5968623267134879,0.05485740683064529
434,2.44,0.8,1694.09703376,1682.2583047767864,2126.0352468763904,0.0122,8899124026.396328,70762614.95032854,Selsis,-0.30507984062891264,-0.6891790282243191,GP,0.3346299705657002,2.2867441127514202e+25,0.9261738541092996,0.3346299705657002
435,2.44,0.8,1694.09703376,1682.2583047767864,12391.62235717906,0.0122,1198954458.556964,63851825.0861894,Jackson,-0.3349760123028561,-0.7645535681255292,log,0.07455771529639928,1.1849424019369715e+24,0.7252424013939635,0.07455771529639928
436,2.44,0.8,1694.09703376,1682.2583047767864,4011.485795020436,0.0122,4316901671.477193,51544916.459987044,Jackson,-0.4733381909772212,-0.7053238934102758,linear,0.08279752910630106,1.251503619400898e+24,0.30205727728173004,0.08279752910630106
437,2.44,0.8,1694.09703376,1682.2583047767864,16166.815462655659,0.0122,1497791494.2621913,60058446.731765024,Selsis,-0.41414394157933493,-0.6851553196841011,linear,0.375199468829357,1.2149166053188874e+25,0.09994143272317768,0.375199468829357
438,2.44,0.8,1694.09703376,1682.2583047767864,4382.015259338138,0.0122,4423651743.361711,25479053.93211088,Selsis,-0.45750662159743644,-0.6174765611876204,linear,0.07660395521916553,3.499938902952207e+24,0.11357078080819816,0.07660395521916553
439,2.44,0.8,1694.09703376,1682.2583047767864,8728.008418735546,0.0122,1729490765.2048144,54613294.21847993,Jackson,-0.4320140814750474,-0.6783916568626785,log,0.18082833525984016,2.423911235092958e+24,0.9677651001700338,0.18082833525984016
440,2.44,0.8,1694.09703376,1682.2583047767864,22665.268038701317,0.0122,1159617169.0445368,35342135.38220537,Selsis,-0.35144038931260396,-0.7008625403226452,linear,0.05492245649261858,2.2579696339149688e+24,0.33884022637883404,0.05492245649261858
441,2.44,0.8,1694.09703376,1682.2583047767864,15025.775229179353,0.0122,1584863208.4159875,43641125.94049566,Selsis,-0.30736196861795734,-0.6016304327865466,GP,0.2875245951795671,1.7625680371537122e+25,0.5481504420945839,0.2875245951795671
442,2.44,0.8,1694.09703376,1682.2583047767864,2778.754386277907,0.0122,7342166965.454205,71241213.91549839,Jackson,-0.327683802007823,-0.7279076744998006,log,0.25166930698387296,6.999471052597076e+24,0.8035505495511149,0.25166930698387296
443,2.44,0.8,1694.09703376,1682.2583047767864,5701.392588117511,0.0122,2812487801.284311,53423135.49626776,Jackson,-0.3068077256734646,-0.6666997537333499,log,0.1513233111119041,4.278100143882229e+24,0.284246720182851,0.1513233111119041
444,2.44,0.8,1694.09703376,1682.2583047767864,5579.196900494155,0.0122,3592942042.279094,45821578.651087366,Selsis,-0.31784441856250306,-0.7415659564000402,linear,0.06885446896415338,3.9468036428084123e+24,0.5853243649377349,0.06885446896415338
445,2.44,0.8,1694.09703376,1682.2583047767864,12356.892668336772,0.0122,1849750669.6725867,30785596.909233082,Selsis,-0.45340013521692135,-0.6762074825848617,GP,0.3488476940298924,1.2262858407806168e+25,0.8288288178844254,0.3488476940298924
446,2.44,0.8,1694.09703376,1682.2583047767864,53035.61766901851,0.0122,619789782.4754183,16289753.59378827,Selsis,-0.45330082781626524,-0.6103544977197352,GP,0.2416219143435943,7.838753366114929e+24,0.14865793411510364,0.2416219143435943
447,2.44,0.8,1694.09703376,1682.2583047767864,7106.15674040962,0.0122,2177820648.9756994,83072754.76427032,Jackson,-0.4904280093674769,-0.7024277206090495,linear,0.09220450578912257,1.0022127954819083e+24,0.219666112114001,0.09220450578912257
448,2.44,0.8,1694.09703376,1682.2583047767864,1946.203864159178,0.0122,9736158701.774569,84042689.56204525,Selsis,-0.36888156794609817,-0.6794220591140518,linear,0.39143233249380815,1.8511213910510445e+25,0.17485718826639762,0.39143233249380815
449,2.44,0.8,1694.09703376,1682.2583047767864,5583.794217933708,0.0122,3590436072.576408,1569752.8389140584,Selsis,-0.4983979944444261,-0.6780837414571773,log,0.07701234958627977,3.1002942836357304e+24,0.32498724766602405,0.07701234958627977
450,2.44,0.8,1694.09703376,1682.2583047767864,158033.6513234728,0.0122,284929906.55912614,28735713.636696305,Selsis,-0.4654142020156306,-0.7130882776281224,log,0.2926584168506324,6.115840849972054e+24,0.21837713181760543,0.2926584168506324
451,2.44,0.8,1694.09703376,1682.2583047767864,4005.617901876343,0.0122,4324831255.229131,62094437.38134432,Jackson,-0.46845180080505755,-0.7563249952151202,GP,0.06819596350300569,9.179062649508706e+23,0.32468383380562127,0.06819596350300569
452,2.44,0.8,1694.09703376,1682.2583047767864,8503.60086013369,0.0122,2522013224.45548,26625967.076433267,Selsis,-0.40859855969633463,-0.602145498047457,log,0.2088454512581304,9.795227150740712e+24,0.01836947230338226,0.2088454512581304
453,2.44,0.8,1694.09703376,1682.2583047767864,3677.1597938267573,0.0122,4818053283.704463,68951736.10614747,Jackson,-0.4924640467226411,-0.6374855105170113,linear,0.0906086229392544,1.6032624698184425e+24,0.15676886758951125,0.0906086229392544
454,2.44,0.8,1694.09703376,1682.2583047767864,4181.616402937894,0.0122,4098566895.2994266,10991209.374399701,Jackson,-0.3769307937025759,-0.664388902590896,GP,0.28786288572779484,6.856815428688658e+24,0.5333151843494772,0.28786288572779484
455,2.44,0.8,1694.09703376,1682.2583047767864,4794.764713997062,0.0122,4090380583.410978,58404159.67670209,Selsis,-0.2929968569729128,-0.7602679786144076,linear,0.06969934688300052,4.6907616230955463e+24,0.9075744132324388,0.06969934688300052
456,2.44,0.8,1694.09703376,1682.2583047767864,5392.254857124278,0.0122,3005613052.6131597,30866144.63335287,Jackson,-0.47193698153587943,-0.7764640617442322,GP,0.08851961623925693,1.2160139357027875e+24,0.9658054732775411,0.08851961623925693
457,2.44,0.8,1694.09703376,1682.2583047767864,1844.083777957106,0.0122,10293699386.175661,56851983.419701755,Selsis,-0.45319992808641874,-0.7245317213070935,log,0.0636547837265645,2.418515008137499e+24,0.2947975237528455,0.0636547837265645
458,2.44,0.8,1694.09703376,1682.2583047767864,2684.185645493566,0.0122,7753603733.967523,88416506.79280561,Jackson,-0.4351847489611338,-0.7162735635350587,linear,0.4100577352787254,6.818153563222444e+24,0.6843341271517838,0.4100577352787254
459,2.44,0.8,1694.09703376,1682.2583047767864,3141.9680824126563,0.0122,6071478523.407672,2463656.492596363,Jackson,-0.381690932127294,-0.7445044429305897,GP,0.2478445972432636,5.793028996772945e+24,0.4115446658700982,0.2478445972432636
460,2.44,0.8,1694.09703376,1682.2583047767864,8827.533511294121,0.0122,2443207266.9270473,13241515.309647525,Selsis,-0.4619825857657345,-0.7615154188606458,linear,0.10424597982532943,3.6925757424474245e+24,0.11585243675670243,0.10424597982532943
461,2.44,0.8,1694.09703376,1682.2583047767864,6594.141256006295,0.0122,2371905488.802823,33062101.095699333,Jackson,-0.38777520447291375,-0.6798007102392686,log,0.15854354637178372,2.86986679101061e+24,0.16055575826359136,0.15854354637178372
462,2.44,0.8,1694.09703376,1682.2583047767864,2575.370635705049,0.0122,7363545885.966906,80256298.54695675,Selsis,-0.46816746368229145,-0.6732857193959754,GP,0.4800920980751627,1.7322049553448203e+25,0.5402379725734461,0.4800920980751627
463,2.44,0.8,1694.09703376,1682.2583047767864,2918.907741242235,0.0122,6799835128.519716,10071493.8528107,Jackson,-0.47725272876167557,-0.6684683359682718,log,0.11577983662394528,2.4175072816710284e+24,0.45828653645158524,0.11577983662394528
464,2.44,0.8,1694.09703376,1682.2583047767864,5660.137942826337,0.0122,3549410055.014451,78910905.50072384,Selsis,-0.3085713976754107,-0.7838487370488509,GP,0.4160900435827043,2.2667057835792067e+25,0.2039565267635418,0.4160900435827043
465,2.44,0.8,1694.09703376,1682.2583047767864,2888.4921975136153,0.0122,6911252367.949665,96905633.31898092,Jackson,-0.45408063178960223,-0.7230723813855382,GP,0.46066925558748606,6.759464775817936e+24,0.18359531920513295,0.46066925558748606
466,2.44,0.8,1694.09703376,1682.2583047767864,3317.9101724089714,0.0122,5589141008.319546,87072910.8230363,Jackson,-0.3219224939438877,-0.7203712255651135,GP,0.22242476523041282,5.752406796811529e+24,0.07031152359640924,0.22242476523041282
467,2.44,0.8,1694.09703376,1682.2583047767864,5810.401035674344,0.0122,2750041917.9703217,66052782.90431261,Jackson,-0.39787384102998014,-0.7434249195534899,linear,0.06885623383307168,1.008274763485414e+24,0.9555909363693244,0.06885623383307168
468,2.44,0.8,1694.09703376,1682.2583047767864,2847.0331203429273,0.0122,7068466143.265547,38218623.22567076,Jackson,-0.31240882804116943,-0.6382653184544547,linear,0.1285785621526412,5.015978202098266e+24,0.2977786807323879,0.1285785621526412
469,2.44,0.8,1694.09703376,1682.2583047767864,7955.047240724295,0.0122,1917257472.173877,7650784.193820166,Jackson,-0.3747520179869846,-0.7718735258200929,linear,0.28774019635812015,5.169171073583104e+24,0.5835553911466184,0.28774019635812015
470,2.44,0.8,1694.09703376,1682.2583047767864,4134.221349368798,0.0122,4157224328.4321456,69756875.63029866,Jackson,-0.37039335688934183,-0.6088002985004566,GP,0.46230996867912966,1.1514157116734548e+25,0.7807702323565735,0.46230996867912966
471,2.44,0.8,1694.09703376,1682.2583047767864,29757.82495009608,0.0122,947747441.3784823,1340136.0606697232,Selsis,-0.34220354469285197,-0.7429128726122057,log,0.22964526143313585,1.0564746047210282e+25,0.04900045109279283,0.22964526143313585
472,2.44,0.8,1694.09703376,1682.2583047767864,5621.258001347757,0.0122,3570165917.101511,52844592.09543502,Selsis,-0.45627146715439654,-0.7094330180390788,GP,0.3793854370168296,1.304756021775528e+25,0.45325089592560697,0.3793854370168296
473,2.44,0.8,1694.09703376,1682.2583047767864,15314.47279458735,0.0122,1561694130.693773,96448590.13901867,Selsis,-0.4908729405939093,-0.6927329978039946,log,0.20021117866723978,5.058225195936775e+24,0.4681908865181603,0.20021117866723978
474,2.44,0.8,1694.09703376,1682.2583047767864,4981.275140287401,0.0122,3957960673.734286,35170943.45069305,Selsis,-0.42397015870851246,-0.7719762731344554,linear,0.05191670935055924,1.9453777558465868e+24,0.27353594050127106,0.05191670935055924
475,2.44,0.8,1694.09703376,1682.2583047767864,10121.609017318126,0.0122,2179281048.4979806,13587245.751342934,Selsis,-0.473406218836433,-0.7940595339868264,log,0.23542062357115523,8.035846357015768e+24,0.5783934086948104,0.23542062357115523
476,2.44,0.8,1694.09703376,1682.2583047767864,15359.516587527252,0.0122,1558152316.3481839,89164813.35010953,Selsis,-0.42790342461754594,-0.7943488765852212,GP,0.4621128972767784,1.237295858141048e+25,0.44494869180041674,0.4621128972767784
477,2.44,0.8,1694.09703376,1682.2583047767864,5996.19004939918,0.0122,2649634555.7480707,10901239.77399522,Jackson,-0.33896226717403005,-0.6227731594472681,GP,0.3640717043461629,1.0214582644770562e+25,0.48923531913184326,0.3640717043461629
478,2.44,0.8,1694.09703376,1682.2583047767864,7863.518123320062,0.0122,2697388542.54531,10488006.105897298,Selsis,-0.3172682786180952,-0.779828712341045,log,0.1815762171388068,1.088208328894632e+25,0.12090219978348371,0.1815762171388068
479,2.44,0.8,1694.09703376,1682.2583047767864,6077.930327594624,0.0122,3343384714.6531205,14798527.421866702,Selsis,-0.3173181718839807,-0.6403292334043296,log,0.06515788217826599,4.3455573357392176e+24,0.6304450441725962,0.06515788217826599
480,2.44,0.8,1694.09703376,1682.2583047767864,5866.625361106488,0.0122,3443927079.664142,86466958.57082112,Selsis,-0.4272898481081441,-0.6242862680296571,GP,0.1566543267464033,5.885308295615559e+24,0.826590918556575,0.1566543267464033
481,2.44,0.8,1694.09703376,1682.2583047767864,3887.443912134391,0.0122,4917335901.201293,81611250.32939911,Selsis,-0.3104506954165129,-0.6475679719679334,GP,0.0688307757311781,4.240619360956899e+24,0.8110587456174879,0.0688307757311781
482,2.44,0.8,1694.09703376,1682.2583047767864,3600.9651105604808,0.0122,5300342029.427461,62219558.690769576,Selsis,-0.3660666645389866,-0.7475417502738704,linear,0.0600208784881811,2.6118226823724223e+24,0.0026323061810884507,0.0600208784881811
483,2.44,0.8,1694.09703376,1682.2583047767864,5147.980362900513,0.0122,3847713379.9298844,59771920.62720685,Selsis,-0.42651087720104397,-0.6274586649607432,GP,0.054282495780159375,2.2387921493504701e+24,0.45514583386210306,0.054282495780159375
484,2.44,0.8,1694.09703376,1682.2583047767864,9129.944464998294,0.0122,1648705333.237753,6704182.934940434,Jackson,-0.3403070030350615,-0.6535508649570998,GP,0.07841147562655769,1.8245072178007e+24,0.9966440440444008,0.07841147562655769
485,2.44,0.8,1694.09703376,1682.2583047767864,4320.1971856165055,0.0122,4479093088.353087,71017945.3891052,Selsis,-0.49353099660571864,-0.7023247824350484,GP,0.196890127918121,6.310989071090613e+24,0.8911712405088632,0.196890127918121
486,2.44,0.8,1694.09703376,1682.2583047767864,3567.6548829579424,0.0122,5350063978.373676,65801711.51115224,Selsis,-0.47156760189069136,-0.645097928077516,linear,0.19051504445063372,7.273707125179124e+24,0.7444169566622226,0.19051504445063372
487,2.44,0.8,1694.09703376,1682.2583047767864,8025.427914295464,0.0122,2650422567.5344825,76046801.46294087,Selsis,-0.3074112933683617,-0.6688932469103775,linear,0.2560027255524367,1.4309216607150848e+25,0.08381032585749948,0.2560027255524367
488,2.44,0.8,1694.09703376,1682.2583047767864,2910.328494295532,0.0122,6550362939.032576,14776310.388860729,Selsis,-0.4971819724208273,-0.6303166118080843,log,0.06391555071230116,2.937455235147248e+24,0.7611894906803898,0.06391555071230116
489,2.44,0.8,1694.09703376,1682.2583047767864,8387.942549422944,0.0122,2551751075.3791137,9847284.09633432,Selsis,-0.4352516685531092,-0.7833909611580226,GP,0.256510086881815,9.533491622951481e+24,0.018557543915266428,0.256510086881815
490,2.44,0.8,1694.09703376,1682.2583047767864,4654.660223009677,0.0122,3590240986.8785543,98714037.19127078,Jackson,-0.4422015169553885,-0.647937131673946,linear,0.15533633017809603,2.347836782748189e+24,0.4963537778355802,0.15533633017809603
491,2.44,0.8,1694.09703376,1682.2583047767864,2114.0131428905484,0.0122,11423194162.569544,53740980.87698096,Jackson,-0.4896328391643574,-0.761100386504816,log,0.22495138296593867,3.7609901945611e+24,0.07540943224350749,0.22495138296593867
492,2.44,0.8,1694.09703376,1682.2583047767864,2281.312062408037,0.0122,10072163783.010166,57938521.61998462,Jackson,-0.4575246530325995,-0.7860754854925139,GP,0.1861472155819212,3.060153347695939e+24,0.6939063860622362,0.1861472155819212
493,2.44,0.8,1694.09703376,1682.2583047767864,7582.778282762858,0.0122,2783468809.957202,33694987.61173857,Selsis,-0.4674140405155354,-0.7092544079107045,log,0.287800658349512,1.0077028569069648e+25,0.7812796377993568,0.287800658349512
494,2.44,0.8,1694.09703376,1682.2583047767864,2141.1302717739263,0.0122,8835961944.208565,2019803.2915562817,Selsis,-0.38518353265662847,-0.7058889471940991,log,0.3706214576694288,1.9564515464327398e+25,0.7157210349384219,0.3706214576694288
495,2.44,0.8,1694.09703376,1682.2583047767864,4881.154044340013,0.0122,4027786864.6355104,58722222.5410089,Selsis,-0.3919922398783784,-0.7726204339678507,log,0.10821868866004501,4.1076181883892667e+24,0.9162445787877783,0.10821868866004501
496,2.44,0.8,1694.09703376,1682.2583047767864,15455.72779195146,0.0122,1550651503.4614098,47364450.78897934,Selsis,-0.4672170236981979,-0.723742324292977,GP,0.12768019956424925,3.901933087794198e+24,0.15802427907734296,0.12768019956424925
497,2.44,0.8,1694.09703376,1682.2583047767864,4580.377482204313,0.0122,4255944763.77659,16310346.500114506,Selsis,-0.3660025729749641,-0.7729206108093936,linear,0.16325054915905485,7.780000027002631e+24,0.9099706048639085,0.16325054915905485
498,2.44,0.8,1694.09703376,1682.2583047767864,6029.58883850358,0.0122,2632340129.1526527,74831118.88568118,Jackson,-0.3338129332083522,-0.7633880874323733,log,0.11899816837833116,2.3000123091306805e+24,0.2079212720205207,0.11899816837833116
499,2.44,0.8,1694.09703376,1682.2583047767864,4489.114139256878,0.0122,3753646884.3095407,26503076.94053877,Jackson,-0.306169287243063,-0.7694117704958444,log,0.09747228532819484,2.975845386763711e+24,0.412720544670758,0.09747228532819484
500,2.44,0.8,1694.09703376,1682.2583047767864,2742.0457182419655,0.0122,7497187843.837083,77230332.9450511,Jackson,-0.41678217790880334,-0.6462747723340606,linear,0.2187392363735742,4.845252640145148e+24,0.5359050514912219,0.2187392363735742
501,2.44,0.8,1694.09703376,1682.2583047767864,44324.36280884908,0.0122,705756421.5025603,60716314.31883229,Selsis,-0.4686723909344084,-0.6358586438835103,linear,0.197557317358478,5.260257056481038e+24,0.15819056266489362,0.197557317358478
502,2.44,0.8,1694.09703376,1682.2583047767864,20215.523354253448,0.0122,738511034.0746516,3752808.6319798473,Jackson,-0.3766451735665217,-0.7882518600661091,log,0.07265443067724545,1.0506589465965143e+24,0.15076156510484162,0.07265443067724545
503,2.44,0.8,1694.09703376,1682.2583047767864,1869.1418786694803,0.0122,10150514828.772425,91203705.23485492,Selsis,-0.37114654688450877,-0.682663700069004,linear,0.051319751720801506,2.3618277295299327e+24,0.7779783392052606,0.051319751720801506
504,2.44,0.8,1694.09703376,1682.2583047767864,7548.384617647646,0.0122,2793869618.6233807,95972448.13736627,Selsis,-0.298640197805209,-0.7969383660461369,log,0.2875762477148312,1.5430146555548527e+25,0.7000044619601182,0.2875762477148312
505,2.44,0.8,1694.09703376,1682.2583047767864,7594.551457779725,0.0122,2779781444.371669,98019415.05480993,Selsis,-0.332414115022507,-0.7403923621304374,log,0.3448849858308747,1.4650967291812931e+25,0.008137448164072691,0.3448849858308747
506,2.44,0.8,1694.09703376,1682.2583047767864,4672.741542438774,0.0122,4182744897.6574483,49103985.683684826,Selsis,-0.3173688112755574,-0.6868765133445834,linear,0.09903567744564909,5.955603243177428e+24,0.04293378477733978,0.09903567744564909
507,2.44,0.8,1694.09703376,1682.2583047767864,2887.664439721284,0.0122,6914329854.744481,41943173.070289336,Jackson,-0.4871818233137519,-0.7063440843964186,log,0.21298785699235012,3.660088052480588e+24,0.9442072746202437,0.21298785699235012
508,2.44,0.8,1694.09703376,1682.2583047767864,2415.498544604447,0.0122,7838426133.352171,66419158.20422781,Selsis,-0.3264276394061593,-0.6476594247463857,linear,0.052042304711979195,3.2514501120275947e+24,0.6581517820132491,0.052042304711979195
509,2.44,0.8,1694.09703376,1682.2583047767864,14759.022688778572,0.0122,1005102787.578563,85436233.26061034,Jackson,-0.3287742264343744,-0.7371687702794391,GP,0.19859927826629975,2.8212224073161403e+24,0.591327633997255,0.19859927826629975
510,2.44,0.8,1694.09703376,1682.2583047767864,3194.352826109533,0.0122,5979311145.140752,49979432.32347798,Selsis,-0.38483238859188534,-0.6789738919222557,linear,0.05215076162080754,2.3807200352295315e+24,0.3304116031608204,0.05215076162080754
511,2.44,0.8,1694.09703376,1682.2583047767864,4171.0349149281765,0.0122,4111524242.4859686,58252651.98099855,Jackson,-0.44997710859121753,-0.6624161027906257,GP,0.07915766536848601,1.3403084704044218e+24,0.5537592087872991,0.07915766536848601
512,2.44,0.8,1694.09703376,1682.2583047767864,6975.339419978451,0.0122,2981759482.9093566,47535988.80133992,Selsis,-0.3815679130032968,-0.6420277835932969,linear,0.07518346398039677,3.3428824828797344e+24,0.8329330596853954,0.07518346398039677
513,2.44,0.8,1694.09703376,1682.2583047767864,3861.4526741365867,0.0122,4528825536.986905,36290201.66815861,Jackson,-0.35885769512875537,-0.6229298286410918,GP,0.3507294526751546,9.813957558173282e+24,0.16037883024048605,0.3507294526751546
514,2.44,0.8,1694.09703376,1682.2583047767864,18556.79411919657,0.0122,802021730.6243312,59687131.90481966,Jackson,-0.4300660842327126,-0.6688741194510006,linear,0.1537653869423333,1.6109229696288874e+24,0.11962526837917187,0.1537653869423333
515,2.44,0.8,1694.09703376,1682.2583047767864,3714.635975898197,0.0122,4756412648.790621,70876886.08043377,Jackson,-0.4838148630846523,-0.6188867367101255,linear,0.06828997630645516,1.319150921829956e+24,0.4386954849655137,0.06828997630645516
516,2.44,0.8,1694.09703376,1682.2583047767864,3684.3560810909503,0.0122,5180142319.906011,73957890.54080759,Selsis,-0.4383372584910796,-0.6782810804721514,GP,0.0778299027401696,2.817137533046764e+24,0.7892423747980065,0.0778299027401696
517,2.44,0.8,1694.09703376,1682.2583047767864,10664.60987852111,0.0122,2087039667.4915218,47483350.430365995,Selsis,-0.43516554396149726,-0.6108131763939061,linear,0.14188604153873974,5.626997923791682e+24,0.39655679059779214,0.14188604153873974
518,2.44,0.8,1694.09703376,1682.2583047767864,9760.372947571033,0.0122,2246125785.690199,57731955.8501982,Selsis,-0.29574581517549825,-0.6938692647158013,GP,0.18339111585319343,1.1300853225444504e+25,0.8922526045650678,0.18339111585319343
519,2.44,0.8,1694.09703376,1682.2583047767864,2033.4244554223924,0.0122,9309537083.778889,98483514.47800818,Selsis,-0.33803810125417216,-0.6326766103793788,GP,0.26475749288350997,1.525123888788232e+25,0.6902249170131048,0.26475749288350997
520,2.44,0.8,1694.09703376,1682.2583047767864,3675.9149122969957,0.0122,5192040298.28125,90654167.9028564,Selsis,-0.4126070480227335,-0.6539935120303145,GP,0.0839945406742231,3.210789995249391e+24,0.5209918627958607,0.0839945406742231
521,2.44,0.8,1694.09703376,1682.2583047767864,11481.986560173646,0.0122,1964057876.8140368,59613873.51235967,Selsis,-0.30906173701637646,-0.7292850601653649,GP,0.2001448723924332,1.0631221046468467e+25,0.7679973406496187,0.2001448723924332
522,2.44,0.8,1694.09703376,1682.2583047767864,2474.615389309139,0.0122,7655054893.519624,37895306.205522805,Selsis,-0.39760717152113284,-0.6841939974220971,GP,0.05959190171317676,2.7731805581190964e+24,0.11082709355327192,0.05959190171317676
523,2.44,0.8,1694.09703376,1682.2583047767864,7921.9051421089225,0.0122,1926261647.3672216,2245876.1742615146,Jackson,-0.3020709078513966,-0.6468036714584225,GP,0.2713349337183025,8.779830878296695e+24,0.7585658775608807,0.2713349337183025
524,2.44,0.8,1694.09703376,1682.2583047767864,8798.044595581207,0.0122,2450099181.888219,24340831.611388374,Selsis,-0.3959588215802057,-0.7183417163382061,GP,0.05602296099328314,2.2540586843099116e+24,0.7375570934833817,0.05602296099328314
525,2.44,0.8,1694.09703376,1682.2583047767864,86933.9864935091,0.0122,432582707.9044768,18848887.08758923,Selsis,-0.4292710986427137,-0.714155127496747,linear,0.28626082650851065,7.65135836994386e+24,0.5455246929434915,0.28626082650851065
526,2.44,0.8,1694.09703376,1682.2583047767864,6570.188153781135,0.0122,3133732563.6907635,49463752.04665823,Selsis,-0.3613156562853885,-0.6165499255053185,log,0.42941044459699834,2.1752645115166593e+25,0.6155339163035206,0.42941044459699834
527,2.44,0.8,1694.09703376,1682.2583047767864,3181.3832090897904,0.0122,5957107245.054804,68798176.72506934,Jackson,-0.34596139452464075,-0.6779498527081365,log,0.15556400580804425,3.9593293842882615e+24,0.5391489691510003,0.15556400580804425
528,2.44,0.8,1694.09703376,1682.2583047767864,7630.4552691815,0.0122,2768450674.5862737,10950912.050135197,Selsis,-0.3350271812137651,-0.6617867971469034,log,0.1549723438345405,8.882886235109865e+24,0.4444090314506136,0.1549723438345405
529,2.44,0.8,1694.09703376,1682.2583047767864,2225.5685039541604,0.0122,10489918877.808714,84857217.38231485,Jackson,-0.3600400052732212,-0.6592203315876883,linear,0.09062385469215525,2.60133312148374e+24,0.011090284935577843,0.09062385469215525
530,2.44,0.8,1694.09703376,1682.2583047767864,2550.186292836984,0.0122,7434070887.639394,23131365.411032375,Selsis,-0.4558736763206293,-0.6266046664764987,log,0.05968807640905717,2.89643495726327e+24,0.9721198849711091,0.05968807640905717
531,2.44,0.8,1694.09703376,1682.2583047767864,3959.844110094708,0.0122,4387661351.714616,29549679.706723977,Jackson,-0.37444687016450195,-0.7912587731413535,GP,0.16570925275954065,3.311727039389451e+24,0.7474919049034943,0.16570925275954065
532,2.44,0.8,1694.09703376,1682.2583047767864,9247.910273512178,0.0122,2349615289.683843,29005517.72990481,Selsis,-0.45301470596746735,-0.7751056209893895,GP,0.11654800182022018,3.975247977062349e+24,0.2894545594027179,0.11654800182022018
533,2.44,0.8,1694.09703376,1682.2583047767864,1494.6894613248899,0.0122,12875533511.113523,61870855.14100001,Selsis,-0.4379696846885907,-0.7970599305098365,log,0.47738903726120074,1.7632626667765922e+25,0.5618208676113579,0.47738903726120074
534,2.44,0.8,1694.09703376,1682.2583047767864,13450.154357706524,0.0122,1727566809.0780513,97373480.23162438,Selsis,-0.4644038848187647,-0.672058585573247,log,0.21188240019417087,5.731033809239911e+24,0.9558617248637232,0.21188240019417087
535,2.44,0.8,1694.09703376,1682.2583047767864,9659.885625203811,0.0122,2265579658.2329397,50534724.11644339,Selsis,-0.37122809674328494,-0.7148389335861808,GP,0.4331895233209619,1.7380596847169056e+25,0.23170902112830616,0.4331895233209619
536,2.44,0.8,1694.09703376,1682.2583047767864,3875.6528504081034,0.0122,4507916964.606836,59740314.714651406,Jackson,-0.3591049758738288,-0.6350299687475802,GP,0.23130854391485725,5.799040062366035e+24,0.9180121567023761,0.23130854391485725
537,2.44,0.8,1694.09703376,1682.2583047767864,2752.1315327294906,0.0122,7454022142.601734,91494760.67262827,Jackson,-0.3307487912891175,-0.6865410075546242,log,0.3786143104438524,1.0466918122648253e+25,0.6382510795586264,0.3786143104438524
538,2.44,0.8,1694.09703376,1682.2583047767864,4191.172864027638,0.0122,4086932109.539001,6043656.574836989,Jackson,-0.39537754608897935,-0.7219111912509683,GP,0.34001428585786453,6.927911082587448e+24,0.5266290213454224,0.34001428585786453
539,2.44,0.8,1694.09703376,1682.2583047767864,3395.6662825945928,0.0122,5397276946.514202,16836287.679649536,Jackson,-0.2943293397808872,-0.6704368729848718,log,0.2101858847590795,8.542370906544439e+24,0.9006909233801292,0.2101858847590795
540,2.44,0.8,1694.09703376,1682.2583047767864,3817.978449939258,0.0122,4594009517.31442,44609660.30874634,Jackson,-0.47313374850139023,-0.7360281578472079,log,0.19422670371086984,2.8970999801444856e+24,0.047195019467387356,0.19422670371086984
541,2.44,0.8,1694.09703376,1682.2583047767864,1538.8679749850332,0.0122,12473630502.886568,61108065.88508402,Selsis,-0.3443315900947582,-0.7841909688896374,linear,0.12053217026710313,6.369837928091921e+24,0.6078982744402569,0.12053217026710313
542,2.44,0.8,1694.09703376,1682.2583047767864,87993.33771101081,0.0122,428878919.8996172,43073363.58491484,Selsis,-0.43364443047078244,-0.6145235619434677,GP,0.170208979950171,4.48808186124383e+24,0.7873540428687262,0.170208979950171
543,2.44,0.8,1694.09703376,1682.2583047767864,7656.934766759983,0.0122,2760161493.4985356,54957474.18309244,Selsis,-0.4556514781118997,-0.6663365497704331,log,0.10575053536467752,3.685873977965887e+24,0.39310901886440985,0.10575053536467752
544,2.44,0.8,1694.09703376,1682.2583047767864,6631.833707459296,0.0122,3109493755.654653,94137869.09634966,Selsis,-0.40579514536354777,-0.6708610584993097,linear,0.48472148182568897,1.6534804518869e+25,0.23615065000262958,0.48472148182568897
545,2.44,0.8,1694.09703376,1682.2583047767864,2828.291172683368,0.0122,6730384768.791778,15626640.538134249,Selsis,-0.4315445922317366,-0.7615761279189636,log,0.05149085551945311,2.1074778791021011e+24,0.5850145783966962,0.05149085551945311
546,2.44,0.8,1694.09703376,1682.2583047767864,3704.9170882371827,0.0122,5151407091.782942,35871810.423041165,Selsis,-0.42673588027878795,-0.6195425906713892,log,0.052180121266681104,2.4810400128201657e+24,0.6218089496890122,0.052180121266681104
547,2.44,0.8,1694.09703376,1682.2583047767864,4231.134042958478,0.0122,4561850697.020456,63089612.2638586,Selsis,-0.3229907899375742,-0.604296454618509,linear,0.25300467485908845,1.6307384710066174e+25,0.4682422550968941,0.25300467485908845
548,2.44,0.8,1694.09703376,1682.2583047767864,8385.470894759006,0.0122,2552395383.6112943,62805075.11038208,Selsis,-0.4204767336546543,-0.762388320291798,GP,0.3058461518806294,9.999369781056975e+24,0.8569352969264598,0.3058461518806294
549,2.44,0.8,1694.09703376,1682.2583047767864,7186.827493549379,0.0122,2909032815.807868,63166111.77098453,Selsis,-0.4137576549812251,-0.7332055377112623,linear,0.2713381146525763,9.310419069331984e+24,0.22363006700314647,0.2713381146525763
550,2.44,0.8,1694.09703376,1682.2583047767864,5297.533860100403,0.0122,3754690311.3936667,93779295.94526426,Selsis,-0.36514585009848033,-0.7452191263197736,log,0.11813828620875223,4.473336880517363e+24,0.17607902608216586,0.11813828620875223
551,2.44,0.8,1694.09703376,1682.2583047767864,3505.45762735829,0.0122,5445662700.004168,23216682.9031408,Selsis,-0.4254375351153684,-0.6202434413575924,linear,0.07063882381035014,3.48523427977641e+24,0.5395768034409089,0.07063882381035014
552,2.44,0.8,1694.09703376,1682.2583047767864,5952.821835241814,0.0122,3402068011.8330555,70047345.14548437,Selsis,-0.3704550716833177,-0.73236740582186,GP,0.3037659318416213,1.2023905895621079e+25,0.9165604060138514,0.3037659318416213
553,2.44,0.8,1694.09703376,1682.2583047767864,2855.9700113955905,0.0122,6668413046.93409,85160884.63899061,Selsis,-0.45521278965655,-0.6428747119138962,GP,0.22263108149410538,8.567177308203329e+24,0.03534980010292499,0.22263108149410538
554,2.44,0.8,1694.09703376,1682.2583047767864,8451.890194989095,0.0122,2535210092.038889,12902865.274796953,Selsis,-0.4757151018974527,-0.7119969406177915,log,0.0916336162279646,3.3081470733982736e+24,0.18948942068936936,0.0916336162279646
555,2.44,0.8,1694.09703376,1682.2583047767864,3605.164040536794,0.0122,4940860769.542089,67924940.33869089,Jackson,-0.4347524580295693,-0.7391587386668806,GP,0.07573256626449154,1.1393158911942985e+24,0.9070825337718104,0.07573256626449154
556,2.44,0.8,1694.09703376,1682.2583047767864,7251.456393035917,0.0122,2128348592.879299,63016311.09651649,Jackson,-0.45570640981994565,-0.7346179501380211,linear,0.10106430700816296,1.2025611268123138e+24,0.7547538218575949,0.10106430700816296
557,2.44,0.8,1694.09703376,1682.2583047767864,18438.531910559515,0.0122,806996598.8056308,97605821.42482075,Jackson,-0.2914683038477553,-0.6955808877895664,GP,0.21109072150102598,3.5122339320218313e+24,0.8857074775049423,0.21109072150102598
558,2.44,0.8,1694.09703376,1682.2583047767864,2427.192504268407,0.0122,7801380932.29626,71787426.36968593,Selsis,-0.44421672204819024,-0.6141886793426369,log,0.1364047059941261,6.258904371751719e+24,0.2684162701163374,0.1364047059941261
559,2.44,0.8,1694.09703376,1682.2583047767864,8299.468977154229,0.0122,1828418099.155976,60492931.56083545,Jackson,-0.3787099568221703,-0.6252919746930486,GP,0.19515190408689556,3.4711099836497165e+24,0.14913883222876567,0.19515190408689556
560,2.44,0.8,1694.09703376,1682.2583047767864,3089.5444630184656,0.0122,6184833679.567188,27841070.938270666,Selsis,-0.33668357972529833,-0.6542959521602648,GP,0.09276763362794248,5.766535865497589e+24,0.0013328512087826816,0.09276763362794248
561,2.44,0.8,1694.09703376,1682.2583047767864,2314.7566446501646,0.0122,9835268802.426786,88545240.40249313,Jackson,-0.3414111651715431,-0.7848423069088096,log,0.12694631790884806,3.155707156392272e+24,0.379891099350942,0.12694631790884806
562,2.44,0.8,1694.09703376,1682.2583047767864,2812.665883861654,0.0122,7203927804.267294,55335801.63532179,Jackson,-0.4621207773883554,-0.6863250645941713,log,0.06026858407997182,1.1026045073407364e+24,0.3863793803816912,0.06026858407997182
563,2.44,0.8,1694.09703376,1682.2583047767864,2968.234063938677,0.0122,6429667671.243361,29301798.983769704,Selsis,-0.4293595704073896,-0.7591120272533657,GP,0.07046350627919425,2.800836636419404e+24,0.1646090146204715,0.07046350627919425
564,2.44,0.8,1694.09703376,1682.2583047767864,2464.9356237461434,0.0122,8882364854.505548,29118319.254729178,Jackson,-0.4944916263028207,-0.6001698892627051,log,0.3848805958247271,1.1274579532036453e+25,0.4101234026635139,0.3848805958247271
565,2.44,0.8,1694.09703376,1682.2583047767864,5811.784501519771,0.0122,2749266791.9416122,89713389.36295596,Jackson,-0.4047505341530355,-0.6347866167361574,log,0.4343520581774785,7.100852945163976e+24,0.17509152407902961,0.4343520581774785
566,2.44,0.8,1694.09703376,1682.2583047767864,5032.9748650630045,0.0122,3922990842.592032,93407339.36232604,Selsis,-0.3842617984591952,-0.7793526837473972,linear,0.24969022112352754,8.648265948296465e+24,0.7032932836037317,0.24969022112352754
567,2.44,0.8,1694.09703376,1682.2583047767864,3142.0524055757633,0.0122,6079989400.1357565,5024834.56612471,Selsis,-0.49771453271794347,-0.7974247619670013,log,0.12122313395613146,4.540899851421059e+24,0.9459423892805146,0.12122313395613146
568,2.44,0.8,1694.09703376,1682.2583047767864,1962.8787398153358,0.0122,9651307313.877415,82771935.52220695,Selsis,-0.4945887612787424,-0.7112523837497998,GP,0.13397088587609932,4.4974060320675726e+24,0.22569948392309058,0.13397088587609932
569,2.44,0.8,1694.09703376,1682.2583047767864,19604.981038760197,0.0122,1292776217.452802,47143060.10265554,Selsis,-0.38633483429610255,-0.7266023061832642,linear,0.08624998614538418,2.996736852328321e+24,0.590100947686193,0.08624998614538418
570,2.44,0.8,1694.09703376,1682.2583047767864,3015.075749054389,0.0122,6467704124.032031,68164441.89974639,Jackson,-0.498419658742414,-0.693524024751856,log,0.20472662381871273,3.221069256575086e+24,0.8063568390185274,0.20472662381871273
571,2.44,0.8,1694.09703376,1682.2583047767864,18617.484258475673,0.0122,1344492288.4974782,50211727.7195394,Selsis,-0.30620851565302987,-0.676599617840775,log,0.11487219006178465,6.131836659854283e+24,0.9249166615754801,0.11487219006178465
572,2.44,0.8,1694.09703376,1682.2583047767864,4041.424929573392,0.0122,4750464618.796301,92422885.47675851,Selsis,-0.3747346476828168,-0.7869472836072957,log,0.22458366171633432,8.296876499930024e+24,0.6547846281058188,0.22458366171633432
573,2.44,0.8,1694.09703376,1682.2583047767864,29535.365473197442,0.0122,953142944.5737356,77790711.5307188,Selsis,-0.3667704592952127,-0.7376919333173284,log,0.0622014611555512,1.9047172929213296e+24,0.09084988202064403,0.0622014611555512
574,2.44,0.8,1694.09703376,1682.2583047767864,2316.4778112237914,0.0122,8168538005.812218,16358482.498265734,Selsis,-0.3241846660427268,-0.7015527766966594,GP,0.20235781562039756,1.3568158784700676e+25,0.3570666066401238,0.20235781562039756
575,2.44,0.8,1694.09703376,1682.2583047767864,4476.7479265801,0.0122,3766431472.05435,25295881.70203663,Jackson,-0.39206999086004923,-0.7249737729007818,linear,0.0861472854125899,1.6448313692188695e+24,0.47426439513978347,0.0861472854125899
576,2.44,0.8,1694.09703376,1682.2583047767864,9708.399781068572,0.0122,2256138864.888974,88239212.25374016,Selsis,-0.49696779617912984,-0.6949697239710991,log,0.1455996851907237,4.0172837914421224e+24,0.5568204208658514,0.1455996851907237
577,2.44,0.8,1694.09703376,1682.2583047767864,4483.311236879243,0.0122,4336141370.8461485,58517344.05420341,Selsis,-0.364556108852977,-0.6155466920760856,log,0.1366983015833209,7.075600263005055e+24,0.05274018719175366,0.1366983015833209
578,2.44,0.8,1694.09703376,1682.2583047767864,36432.48546592031,0.0122,419932975.2973202,36449307.95272705,Jackson,-0.4532087929973843,-0.6490415222146464,log,0.12749061985703072,1.2000658083431622e+24,0.9223733828694041,0.12749061985703072
579,2.44,0.8,1694.09703376,1682.2583047767864,6035.399007608969,0.0122,2629354052.461906,52811119.923243225,Jackson,-0.37412475069037454,-0.6326900245793231,log,0.06040335212645422,1.237879593180178e+24,0.946053113393945,0.06040335212645422
580,2.44,0.8,1694.09703376,1682.2583047767864,3137.2747432441524,0.0122,6085358320.519178,39730404.385283425,Jackson,-0.48142133765197753,-0.7280901724630524,log,0.11079206067297946,1.7902607713188373e+24,0.5705479039731839,0.11079206067297946
581,2.44,0.8,1694.09703376,1682.2583047767864,2557.82241929725,0.0122,8370896727.870436,67631186.66476618,Jackson,-0.38666584090649686,-0.6838161644224795,log,0.4902253494160412,1.1290232909694104e+25,0.9380682732808655,0.4902253494160412
582,2.44,0.8,1694.09703376,1682.2583047767864,6196.91799634287,0.0122,2548917438.442361,75107021.50547554,Jackson,-0.4331157196615192,-0.6044099577712843,GP,0.1465345311186626,2.5994174708715156e+24,0.16026838807519217,0.1465345311186626
583,2.44,0.8,1694.09703376,1682.2583047767864,8189.177130341294,0.0122,2604786781.6776047,11352301.82862289,Selsis,-0.3216793348638919,-0.7147351623620556,linear,0.09952003046821331,5.871317388152221e+24,0.5572898814671899,0.09952003046821331
584,2.44,0.8,1694.09703376,1682.2583047767864,4605.760697095787,0.0122,4235534122.9628916,45592227.38100006,Selsis,-0.35645697659338177,-0.6266544741671026,GP,0.08120040326073517,4.370579680640868e+24,0.2197955951470949,0.08120040326073517
585,2.44,0.8,1694.09703376,1682.2583047767864,4604.905799271227,0.0122,4236217864.1001487,69587658.48453572,Selsis,-0.373886630674468,-0.6302769343796133,GP,0.06228825932704741,2.8935604565272024e+24,0.9401862572225543,0.06228825932704741
586,2.44,0.8,1694.09703376,1682.2583047767864,3260.2912644742996,0.0122,5857408326.449821,96659430.00308071,Selsis,-0.4397878046570043,-0.7078466304545951,linear,0.2609879168902656,8.541658055007088e+24,0.2762210160318963,0.2609879168902656
587,2.44,0.8,1694.09703376,1682.2583047767864,3368.2171085848977,0.0122,5463644653.382238,68657234.73825055,Jackson,-0.378449900666437,-0.6697717303130097,log,0.11018274341832926,2.376845522974783e+24,0.6042810433519229,0.11018274341832926
588,2.44,0.8,1694.09703376,1682.2583047767864,6272.78600077438,0.0122,2512775761.7350874,89429040.41452232,Jackson,-0.3212738879349676,-0.7729400827571675,log,0.08221264353572826,1.6168708994412463e+24,0.10480838908023471,0.08221264353572826
589,2.44,0.8,1694.09703376,1682.2583047767864,7438.2060309920635,0.0122,2827814496.607179,3929199.512955015,Selsis,-0.4668884863568085,-0.7718151840696935,linear,0.09229631978449247,3.400702882449854e+24,0.6277375738107844,0.09229631978449247
590,2.44,0.8,1694.09703376,1682.2583047767864,3045.8551878701455,0.0122,6367439462.306218,85587745.79461806,Jackson,-0.336731286377961,-0.7864156968006835,linear,0.1667725157032583,3.8245887394255036e+24,0.6110930699011703,0.1667725157032583
591,2.44,0.8,1694.09703376,1682.2583047767864,7481.309444853777,0.0122,2814419552.330287,65355233.37239631,Selsis,-0.3193051905761455,-0.722369533768539,GP,0.25431209980392544,1.3166129944397199e+25,0.8306270488423545,0.25431209980392544
592,2.44,0.8,1694.09703376,1682.2583047767864,4368.815637060904,0.0122,3881688264.1085944,3277507.8912176737,Jackson,-0.4365805245934256,-0.6481511598427188,log,0.3745043493241825,7.931650047704703e+24,0.5752402395963989,0.3745043493241825
593,2.44,0.8,1694.09703376,1682.2583047767864,21234.402081048585,0.0122,704513637.4572189,83943595.90794031,Jackson,-0.4231952696429408,-0.6599892754975053,log,0.2131707652365423,1.903886395495285e+24,0.20899101078384208,0.2131707652365423
594,2.44,0.8,1694.09703376,1682.2583047767864,3422.209497124268,0.0122,5334459809.065013,81472040.99726087,Jackson,-0.48061583841524863,-0.7855632141686895,log,0.3383397979017386,4.192542754422026e+24,0.38144331992533254,0.3383397979017386
595,2.44,0.8,1694.09703376,1682.2583047767864,6219.785475420143,0.0122,3279644440.3683934,8877010.88742062,Selsis,-0.4900836349012572,-0.6478364562977981,GP,0.41354468624490376,1.6829547672229443e+25,0.015979703932383127,0.41354468624490376
596,2.44,0.8,1694.09703376,1682.2583047767864,2678.155860270776,0.0122,7781217793.063858,51237015.92424418,Jackson,-0.4580034167884205,-0.7495473475025485,linear,0.062271676579435886,1.0348752803668437e+24,0.29850567477227397,0.062271676579435886
597,2.44,0.8,1694.09703376,1682.2583047767864,3768.2385909008144,0.0122,5065043112.423389,89896239.11824478,Selsis,-0.30992056017165626,-0.6301856113030051,GP,0.16154256675729126,1.0114283457019864e+25,0.7201446900528972,0.16154256675729126
598,2.44,0.8,1694.09703376,1682.2583047767864,5383.606224780535,0.0122,3703481737.973645,48716728.31041858,Selsis,-0.3250457998455575,-0.6315413850482368,linear,0.18572213537838242,1.1215276733247063e+25,0.6196668394249327,0.18572213537838242
599,2.44,0.8,1694.09703376,1682.2583047767864,2006.5562660844869,0.0122,9436533853.214575,5681094.034702292,Selsis,-0.2827991210468056,-0.6096575842026273,GP,0.15948153652200817,1.70034325239891e+25,0.4008987124792307,0.15948153652200817
600,2.44,0.8,1694.09703376,1682.2583047767864,2563.73612527486,0.0122,7395940222.222638,3219205.3470844994,Selsis,-0.3946464944640976,-0.7185152395346495,log,0.11421586495702714,5.597960006335505e+24,0.05422021549383693,0.11421586495702714
601,2.44,0.8,1694.09703376,1682.2583047767864,5741.296889476722,0.0122,3506991271.659484,27887665.145683307,Selsis,-0.31659866893351984,-0.7050241973391314,GP,0.24615299393844364,1.5153155282926973e+25,0.5168982350355922,0.24615299393844364
602,2.44,0.8,1694.09703376,1682.2583047767864,6137.585523842051,0.0122,3316228337.6256537,5897217.918119152,Selsis,-0.3598832362278049,-0.6634862113760271,linear,0.1630001245962141,8.626687294934191e+24,0.26312690494307545,0.1630001245962141
603,2.44,0.8,1694.09703376,1682.2583047767864,3709.0845803510697,0.0122,4765448118.765269,41278709.49286839,Jackson,-0.3513472114223863,-0.785387635783171,log,0.14447309168215597,3.235013951184763e+24,0.6641450190276124,0.14447309168215597
604,2.44,0.8,1694.09703376,1682.2583047767864,8086.066140434583,0.0122,2633310682.0152287,87580794.09618533,Selsis,-0.2878569122870542,-0.6719032556889125,GP,0.4777186718969601,2.990774324947972e+25,0.6815881716800196,0.4777186718969601
605,2.44,0.8,1694.09703376,1682.2583047767864,30571.01364101419,0.0122,928635599.5959355,19011709.565774016,Selsis,-0.45579437345036206,-0.7361647442144091,GP,0.08260317145550784,2.556561949667509e+24,0.6525561663506516,0.08260317145550784
606,2.44,0.8,1694.09703376,1682.2583047767864,5147.841994571164,0.0122,3177566115.0322495,62887258.32140266,Jackson,-0.4014125642800603,-0.6691879107166018,GP,0.2500883870816971,4.292824721121591e+24,0.2980557518922109,0.2500883870816971
607,2.44,0.8,1694.09703376,1682.2583047767864,3996.817277231938,0.0122,4336776583.665004,22804722.77933171,Jackson,-0.39334184971814723,-0.7866214195425607,log,0.20403780549031636,3.81033620741778e+24,0.23276711372144443,0.20403780549031636
608,2.44,0.8,1694.09703376,1682.2583047767864,6933.141835269235,0.0122,2239785723.70698,27424371.48808134,Jackson,-0.44133880529750663,-0.6455422938989228,log,0.10532639293026462,1.7843286423291994e+24,0.3883827895037135,0.10532639293026462
609,2.44,0.8,1694.09703376,1682.2583047767864,3474.5755982286246,0.0122,5214299363.137549,93408617.36961748,Jackson,-0.48392176645986523,-0.6703749230164846,linear,0.21886778447374136,3.266661924413049e+24,0.18568572317447407,0.21886778447374136
610,2.44,0.8,1694.09703376,1682.2583047767864,5555.143936870676,0.0122,2900743138.4931326,88230988.72727308,Jackson,-0.3396323729574617,-0.6359310863901646,linear,0.05559312792179947,1.2153604104084637e+24,0.16331674237713334,0.05559312792179947
611,2.44,0.8,1694.09703376,1682.2583047767864,7042.7708752389235,0.0122,2200123869.3382072,91034612.41600123,Jackson,-0.2844091544798992,-0.7947140849463232,linear,0.26989872392020603,6.853815119407071e+24,0.7369043479794675,0.26989872392020603
612,2.44,0.8,1694.09703376,1682.2583047767864,3614.314500050342,0.0122,5280695070.613436,63118732.98558263,Selsis,-0.31234675080447494,-0.7644432310112267,log,0.1797560760362739,1.0592085142356317e+25,0.628557479930522,0.1797560760362739
613,2.44,0.8,1694.09703376,1682.2583047767864,2979.357659120379,0.0122,6407052945.16773,47839367.54933644,Selsis,-0.4458961769451579,-0.6248475670793271,linear,0.06102966111847469,2.7793668197011736e+24,0.5798254595677979,0.06102966111847469
614,2.44,0.8,1694.09703376,1682.2583047767864,3533.0516240131,0.0122,5402797485.402457,7914922.728976862,Selsis,-0.34904587910590346,-0.633206384526931,log,0.09366062176726397,5.827983156432138e+24,0.5564978518050842,0.09366062176726397
615,2.44,0.8,1694.09703376,1682.2583047767864,3106.724444915484,0.0122,6150101512.366771,49040303.8313198,Selsis,-0.4852514250804137,-0.7062511123659257,GP,0.1737705292816936,6.260029547511613e+24,0.7312575052525748,0.1737705292816936
616,2.44,0.8,1694.09703376,1682.2583047767864,3345.0532054685036,0.0122,5520796816.448933,15514908.92859477,Jackson,-0.333483136698981,-0.6938813458561484,GP,0.06582524839125521,1.9795113983048265e+24,0.7143187513399952,0.06582524839125521
617,2.44,0.8,1694.09703376,1682.2583047767864,3313.536110032559,0.0122,5600296269.498038,46996321.01111348,Jackson,-0.38911129060429617,-0.6344570178665397,GP,0.11946210304720323,2.966992034197166e+24,0.9071307826021454,0.11946210304720323
618,2.44,0.8,1694.09703376,1682.2583047767864,3619.730401234174,0.0122,5272769119.344719,74258065.36973578,Selsis,-0.4323027834029626,-0.6883064781880905,GP,0.3587716841110519,1.2946147891615933e+25,0.8396076379883446,0.3587716841110519
619,2.44,0.8,1694.09703376,1682.2583047767864,9459.731250499755,0.0122,2305520932.79429,96609677.17713287,Selsis,-0.34520102969374494,-0.7318283130069372,GP,0.3565105840224178,1.3708500328578887e+25,0.5697152192992436,0.3565105840224178
620,2.44,0.8,1694.09703376,1682.2583047767864,2980.283431455711,0.0122,6584471331.634006,41078934.88824762,Jackson,-0.4650418827726864,-0.6352520394769822,linear,0.27393969982560734,6.09201997999805e+24,0.4952804719889906,0.27393969982560734
621,2.44,0.8,1694.09703376,1682.2583047767864,6596.290494449378,0.0122,2371019343.3626204,84461435.05453844,Jackson,-0.47218907284274686,-0.614162611312311,log,0.31154022552323785,4.6878356210377296e+24,0.22425946211116832,0.31154022552323785
622,2.44,0.8,1694.09703376,1682.2583047767864,3286.20709780956,0.0122,5670904979.261703,97341050.87422462,Jackson,-0.3170192018442969,-0.7053448590681916,linear,0.12624260943692087,3.3615359532036607e+24,0.5393118769550577,0.12624260943692087
623,2.44,0.8,1694.09703376,1682.2583047767864,4423.479543417283,0.0122,4387341564.869874,98593196.92636299,Selsis,-0.3140317913453131,-0.7000284902113462,GP,0.18254064761685385,9.6838883840742e+24,0.8716443004553971,0.18254064761685385
624,2.44,0.8,1694.09703376,1682.2583047767864,6031.473771819875,0.0122,2631370660.4278092,15929481.592443548,Jackson,-0.44505430989617745,-0.6381860920150667,log,0.2500016343188986,4.6370725725047114e+24,0.7699291671303055,0.2500016343188986
625,2.44,0.8,1694.09703376,1682.2583047767864,6741.733095821721,0.0122,3067247087.9452224,56714898.18914186,Selsis,-0.31423420032160077,-0.6325256547047773,log,0.10735863645638785,6.526912973746618e+24,0.09643372503374148,0.10735863645638785
626,2.44,0.8,1694.09703376,1682.2583047767864,2909.791499399502,0.0122,6832892920.429779,81316617.59075247,Jackson,-0.3380440565020534,-0.6110442412907358,log,0.16481257256901924,5.396153663452464e+24,0.7533394541716837,0.16481257256901924
627,2.44,0.8,1694.09703376,1682.2583047767864,5695.329470496307,0.0122,2816042402.4216623,56134618.25556523,Jackson,-0.40791115337498485,-0.6652976921305459,linear,0.19787813926892284,3.3256965524308973e+24,0.3130222217926081,0.19787813926892284
628,2.44,0.8,1694.09703376,1682.2583047767864,5280.19871107812,0.0122,3765204391.8183513,45545339.157583565,Selsis,-0.35729655967964113,-0.7343429543581274,GP,0.09388338048588607,4.331123281358353e+24,0.7959122781152165,0.09388338048588607
629,2.44,0.8,1694.09703376,1682.2583047767864,4711.243627098959,0.0122,4153082796.723612,71170257.75805418,Selsis,-0.3442711687240421,-0.6500218600139144,linear,0.37758452905735695,1.8974166003026477e+25,0.9709684964740635,0.37758452905735695
630,2.44,0.8,1694.09703376,1682.2583047767864,3651.4455377790937,0.0122,4861239311.73761,54803253.42957991,Jackson,-0.39653635873265186,-0.6123128282651878,GP,0.14718673862485582,3.647192153676858e+24,0.8708702552956151,0.14718673862485582
631,2.44,0.8,1694.09703376,1682.2583047767864,13296.567688589252,0.0122,1743163362.1533346,52499885.914720386,Selsis,-0.4241889803588004,-0.6005756215487488,linear,0.42872596328868245,1.689132269799779e+25,0.7595962877493222,0.42872596328868245
632,2.44,0.8,1694.09703376,1682.2583047767864,8619.90173862478,0.0122,2492900964.2199693,3039661.685546083,Selsis,-0.47495284049978137,-0.7926061540464233,GP,0.11157052094625469,4.0199006068725513e+24,0.27340172411001407,0.11157052094625469
633,2.44,0.8,1694.09703376,1682.2583047767864,5806.480089738628,0.0122,2752241059.9322495,43344508.380823776,Jackson,-0.44730892546628276,-0.6420819473177448,log,0.07767850612827706,1.325682477200875e+24,0.5555429343361276,0.07767850612827706
634,2.44,0.8,1694.09703376,1682.2583047767864,4356.2934320489385,0.0122,4446527120.877471,28242265.65754744,Selsis,-0.33364163742334163,-0.6027541557378926,linear,0.07031402763434694,4.688876069359069e+24,0.48217883395219463,0.07031402763434694
635,2.44,0.8,1694.09703376,1682.2583047767864,5577.032863316236,0.0122,3594123060.366317,24849993.54700171,Selsis,-0.41940124040626275,-0.7935382815185128,log,0.07392855422091595,2.824446256489975e+24,0.46138094007966657,0.07392855422091595
636,2.44,0.8,1694.09703376,1682.2583047767864,12351.931164588652,0.0122,1850355215.6031115,84240650.62254634,Selsis,-0.3795103136138525,-0.7681065506492369,GP,0.30833402136711097,1.0016534916819377e+25,0.5699474205769447,0.30833402136711097
637,2.44,0.8,1694.09703376,1682.2583047767864,6481.663521012152,0.0122,2419212111.81588,38508111.01069812,Jackson,-0.3108348735927436,-0.6848912147039496,GP,0.05437076578657174,1.473103051100197e+24,0.779568178351051,0.05437076578657174
638,2.44,0.8,1694.09703376,1682.2583047767864,5027.305277953859,0.0122,3926790722.0949593,21405595.625895094,Selsis,-0.45146456429819043,-0.6087035779966832,GP,0.47122215015542473,2.207139404542282e+25,0.510225919921221,0.47122215015542473
639,2.44,0.8,1694.09703376,1682.2583047767864,3704.647811195069,0.0122,4772693073.992509,32740975.057494033,Jackson,-0.38445223723625627,-0.6657632480935919,linear,0.49772448017586846,1.1337522641404994e+25,0.339287853886437,0.49772448017586846
640,2.44,0.8,1694.09703376,1682.2583047767864,2071.9802505929397,0.0122,9133709078.468792,21349244.845257103,Selsis,-0.2882627972118444,-0.6334015656134319,linear,0.19858030104569502,1.8689980741804917e+25,0.5272022990781281,0.19858030104569502
641,2.44,0.8,1694.09703376,1682.2583047767864,9685.32182633931,0.0122,2260618384.4120975,83136551.54734467,Selsis,-0.4472928435371037,-0.6224679731418802,log,0.13849133116391169,4.703894160942937e+24,0.028003029823919334,0.13849133116391169
642,2.44,0.8,1694.09703376,1682.2583047767864,49739.31546508609,0.0122,649154304.526735,4834501.652798311,Selsis,-0.3837297171200114,-0.7132003749446797,log,0.07094391476876542,2.490251262498409e+24,0.7716461137520744,0.07094391476876542
643,2.44,0.8,1694.09703376,1682.2583047767864,1598.1819565380608,0.0122,11974510005.537752,69733610.1945708,Selsis,-0.43589955529967417,-0.6994242164408631,log,0.13789127825116723,5.511459855562751e+24,0.6805466186511824,0.13789127825116723
644,2.44,0.8,1694.09703376,1682.2583047767864,6002.221270759942,0.0122,3378610269.8295064,83791150.20007733,Selsis,-0.4031162787554635,-0.6530018091220416,GP,0.1489966829080184,5.540579457873683e+24,0.288098021416329,0.1489966829080184
645,2.44,0.8,1694.09703376,1682.2583047767864,5491.781498336389,0.0122,3641381599.560399,60139013.58783422,Selsis,-0.3394837971055297,-0.664902305558949,GP,0.4167276201613861,2.123250320719642e+25,0.21798927012446023,0.4167276201613861
646,2.44,0.8,1694.09703376,1682.2583047767864,2545.2130580023168,0.0122,7448176423.973711,34373356.726699814,Selsis,-0.31427837933857766,-0.70457454538958,GP,0.3149235069239176,2.140954140395061e+25,0.4900954631124568,0.3149235069239176
647,2.44,0.8,1694.09703376,1682.2583047767864,5559.217664798565,0.0122,2898211784.352567,55291747.959289886,Jackson,-0.3293866330397421,-0.7891394043341213,log,0.11449794237871148,2.491460400470862e+24,0.6320450838246592,0.11449794237871148
648,2.44,0.8,1694.09703376,1682.2583047767864,1566.4823831946899,0.0122,12235794026.945734,93182481.3591881,Selsis,-0.36062651297942444,-0.731931805042818,GP,0.18229557179931427,8.409295890820031e+24,0.43896376783683766,0.18229557179931427
649,2.44,0.8,1694.09703376,1682.2583047767864,6919.162196675239,0.0122,3001803995.626506,92265866.70744184,Selsis,-0.4106750110169879,-0.613735190583975,GP,0.14482703636216618,5.551503617571454e+24,0.5881952159254193,0.14482703636216618
650,2.44,0.8,1694.09703376,1682.2583047767864,3404.289390098167,0.0122,5376724842.199153,14688474.030644516,Jackson,-0.3685862851747565,-0.6423812360148118,log,0.10802052226659287,3.006559555490826e+24,0.04670883971990447,0.10802052226659287
651,2.44,0.8,1694.09703376,1682.2583047767864,2556.8674702004005,0.0122,8375889830.956234,72271816.17917722,Jackson,-0.30469534963261075,-0.7936375792133021,linear,0.18412656136101657,5.972347968502574e+24,0.46810180976236004,0.18412656136101657
652,2.44,0.8,1694.09703376,1682.2583047767864,10459.64676302973,0.0122,1428847105.9907076,65438298.2227395,Jackson,-0.48310044557253007,-0.6198819384650748,log,0.0805267651893611,1.0536325505313885e+24,0.15432471964449046,0.0805267651893611
653,2.44,0.8,1694.09703376,1682.2583047767864,3101.3062229618617,0.0122,6161009711.699896,83019476.82843453,Selsis,-0.3954202419612518,-0.6025156163787722,linear,0.07434633349557015,3.647396722606231e+24,0.868651673031934,0.07434633349557015
654,2.44,0.8,1694.09703376,1682.2583047767864,2555.821986856019,0.0122,7418158273.67253,63414228.08689063,Selsis,-0.34830065738311494,-0.623480596859917,GP,0.06428342766762644,3.778865080247543e+24,0.2714294314796737,0.06428342766762644
655,2.44,0.8,1694.09703376,1682.2583047767864,6435.639615133531,0.0122,3187926773.332984,77235754.23058319,Selsis,-0.39607010648411556,-0.7898441813683028,linear,0.11750634575823338,3.987936434445859e+24,0.6516722071979105,0.11750634575823338
656,2.44,0.8,1694.09703376,1682.2583047767864,3326.4876571207296,0.0122,5567380667.628387,17706418.68073921,Jackson,-0.4103068265241001,-0.6299862795204834,linear,0.4527529119932609,1.1473212175855366e+25,0.4398259737526117,0.4527529119932609
657,2.44,0.8,1694.09703376,1682.2583047767864,3464.9828614536063,0.0122,5509885571.200881,2844340.027649526,Selsis,-0.40895444400551717,-0.7339480722502311,GP,0.4973071750360299,2.241212091080649e+25,0.07879993896183113,0.4973071750360299
658,2.44,0.8,1694.09703376,1682.2583047767864,8893.141174963119,0.0122,2428033693.6917233,83436905.00278008,Selsis,-0.4726264882005277,-0.6271117223191948,linear,0.0691868734937575,2.2824714945624018e+24,0.26317307495221853,0.0691868734937575
659,2.44,0.8,1694.09703376,1682.2583047767864,4604.236267410345,0.0122,3638536266.6496744,5403267.413528878,Jackson,-0.3250935892457963,-0.6420722685902364,log,0.22690329376944887,7.306382350971376e+24,0.4814219358986582,0.22690329376944887
660,2.44,0.8,1694.09703376,1682.2583047767864,2359.4776122441217,0.0122,9533392512.360752,78318521.85620224,Jackson,-0.38531235762281224,-0.7470456513428216,log,0.2168232804422503,4.47435354200818e+24,0.670933804139904,0.2168232804422503
661,2.44,0.8,1694.09703376,1682.2583047767864,4392.831548338435,0.0122,4414113226.727091,54901208.950294346,Selsis,-0.49207609921930795,-0.6260210359725047,log,0.1740098644437708,6.905959883702104e+24,0.6215637288953925,0.1740098644437708
662,2.44,0.8,1694.09703376,1682.2583047767864,7611.768258097572,0.0122,2774334842.699191,59728284.510316975,Selsis,-0.42654994205887786,-0.7793878907235187,GP,0.312399493159738,1.023627689099469e+25,0.8786325352858916,0.312399493159738
663,2.44,0.8,1694.09703376,1682.2583047767864,10984.002300465081,0.0122,1357784529.6522577,78083224.58920859,Jackson,-0.34924306870000577,-0.740982535078834,log,0.20222047490462378,2.9007239758628934e+24,0.8325615062892759,0.20222047490462378
664,2.44,0.8,1694.09703376,1682.2583047767864,19377.18331130237,0.0122,1304275630.4680758,4838874.575426134,Selsis,-0.28788340255148775,-0.6985538260008508,log,0.0797959449523011,5.561893129354389e+24,0.44068539523230643,0.0797959449523011
665,2.44,0.8,1694.09703376,1682.2583047767864,3456.3199031268337,0.0122,5523844836.623352,22342593.36726535,Selsis,-0.49081074452107626,-0.7756182216978696,log,0.22020318047332255,7.921774914753305e+24,0.4290880940517504,0.22020318047332255
666,2.44,0.8,1694.09703376,1682.2583047767864,2800.9617430408293,0.0122,6792859049.492941,11527071.34441568,Selsis,-0.4078415142108373,-0.6714247955993682,linear,0.06565645233579957,3.165439552568833e+24,0.7447148597945329,0.06565645233579957
667,2.44,0.8,1694.09703376,1682.2583047767864,4450.782351429567,0.0122,3793551046.200814,79486630.46582247,Jackson,-0.3617537718222246,-0.674426951033325,log,0.14259436701004918,2.8417636768556965e+24,0.10775029559219684,0.14259436701004918
668,2.44,0.8,1694.09703376,1682.2583047767864,7037.931862889671,0.0122,2959792656.5464444,57570950.67635431,Selsis,-0.48029535842932974,-0.6466859284475167,linear,0.05769548583744171,2.0338772598020203e+24,0.24609311753629226,0.05769548583744171
669,2.44,0.8,1694.09703376,1682.2583047767864,44512.650051622026,0.0122,703582496.0351843,98991430.77249475,Selsis,-0.49837566205922557,-0.6969465056049774,GP,0.4091859496102483,8.333986987225948e+24,0.6841339265244573,0.4091859496102483
670,2.44,0.8,1694.09703376,1682.2583047767864,6120.710416961943,0.0122,3323857698.5246854,58940868.69417775,Selsis,-0.2904173250292441,-0.7507209291812992,linear,0.05807606354827858,3.881394039458763e+24,0.5942672340217833,0.05807606354827858
671,2.44,0.8,1694.09703376,1682.2583047767864,3937.8220624338896,0.0122,4861275764.967294,40127590.66709796,Selsis,-0.38865992872762095,-0.7397438221314224,linear,0.32668087889997816,1.3873726018977113e+25,0.22346648674948688,0.32668087889997816
672,2.44,0.8,1694.09703376,1682.2583047767864,4761.0907847520775,0.0122,3492360568.1657677,34614983.38192175,Jackson,-0.4724672018407846,-0.6807343574853933,GP,0.17536513761472722,2.822851575373883e+24,0.3965228314547453,0.17536513761472722
673,2.44,0.8,1694.09703376,1682.2583047767864,6034.398634267327,0.0122,3363533109.966653,97686413.41594554,Selsis,-0.3013675639823425,-0.7122563643071568,GP,0.21497492059659465,1.191544191129563e+25,0.17066168201526744,0.21497492059659465
674,2.44,0.8,1694.09703376,1682.2583047767864,8647.462223821789,0.0122,2486114767.4783497,15813115.09361756,Selsis,-0.35161386990572274,-0.638221611122857,log,0.18774160563669667,9.92950147009183e+24,0.03407153125446594,0.18774160563669667
675,2.44,0.8,1694.09703376,1682.2583047767864,7228.544944006834,0.0122,2895175230.1189747,89965764.52771147,Selsis,-0.40653521192115394,-0.7200025774830631,GP,0.14965275783868193,4.8223110894992433e+24,0.6767023163866429,0.14965275783868193
676,2.44,0.8,1694.09703376,1682.2583047767864,7162.9250292051265,0.0122,2917043259.5910726,60563603.83807848,Selsis,-0.43428558178439186,-0.7048208252480014,linear,0.11600685447237291,3.9327713162040264e+24,0.8171988686584656,0.11600685447237291
677,2.44,0.8,1694.09703376,1682.2583047767864,3738.7787540057802,0.0122,4717496337.102849,62326619.06964011,Jackson,-0.3505067324195986,-0.7054236298587544,GP,0.49802378177001766,1.1226766522620196e+25,0.7078352245809806,0.49802378177001766
678,2.44,0.8,1694.09703376,1682.2583047767864,3230.877018022142,0.0122,5911115580.049569,72418972.52558771,Selsis,-0.3401779316387303,-0.6271472225386241,GP,0.3489701849090228,1.984225321447554e+25,0.6457247425675644,0.3489701849090228
679,2.44,0.8,1694.09703376,1682.2583047767864,3372.1755064891145,0.0122,5662435749.899252,28678099.509101104,Selsis,-0.3418347707799755,-0.6232346320574035,log,0.34916680452534765,2.2105251340841908e+25,0.8299083971294404,0.34916680452534765
680,2.44,0.8,1694.09703376,1682.2583047767864,2861.5446875134094,0.0122,7012703783.980332,32909787.86888128,Jackson,-0.474030932543105,-0.6946329355600422,GP,0.1378784685666655,2.563246827301017e+24,0.5818994204342399,0.1378784685666655
681,2.44,0.8,1694.09703376,1682.2583047767864,4247.331703555916,0.0122,4546538378.457252,28485404.657262333,Selsis,-0.47137115080612635,-0.7096290194483117,GP,0.24619327602164484,9.204263246529266e+24,0.493041884107857,0.24619327602164484
682,2.44,0.8,1694.09703376,1682.2583047767864,5834.362512616593,0.0122,2736676857.749974,27514939.69947721,Jackson,-0.40129570151469846,-0.6392095990256709,log,0.06581706341780055,1.321875915506561e+24,0.6043332965623603,0.06581706341780055
683,2.44,0.8,1694.09703376,1682.2583047767864,3452.793009934003,0.0122,5263687339.119602,19656224.124006942,Jackson,-0.44511806500589873,-0.6482638516024695,log,0.08151928804394044,1.749998070885573e+24,0.8169764380449963,0.08151928804394044
684,2.44,0.8,1694.09703376,1682.2583047767864,8485.607004327798,0.0122,1783739607.0598116,45011144.47646052,Jackson,-0.3057307614209827,-0.7781625348019039,log,0.18576213520971652,4.4546580695278934e+24,0.9641213271467836,0.18576213520971652
685,2.44,0.8,1694.09703376,1682.2583047767864,6437.6848188621725,0.0122,2438219669.412729,70325124.42243066,Jackson,-0.4663817340780501,-0.7243461075622702,log,0.15793053646045177,1.8707287351436664e+24,0.8315665911949063,0.15793053646045177
686,2.44,0.8,1694.09703376,1682.2583047767864,3889.4868714781037,0.0122,4487724863.598478,96326413.55700414,Jackson,-0.32646752471822876,-0.6892237378478083,linear,0.34472366694805795,8.214938593661862e+24,0.8636500207551954,0.34472366694805795
687,2.44,0.8,1694.09703376,1682.2583047767864,3479.5898546017693,0.0122,5203047926.951115,45535734.35619943,Jackson,-0.3428382395954614,-0.7632791837809655,log,0.13621312976624098,3.2830941185339443e+24,0.026611097082973822,0.13621312976624098
688,2.44,0.8,1694.09703376,1682.2583047767864,22272.08595828315,0.0122,673139156.0889645,96001595.93157291,Jackson,-0.4284540330365683,-0.6130488450515424,log,0.19105302554770212,1.741318023229848e+24,0.04071885052979862,0.19105302554770212
689,2.44,0.8,1694.09703376,1682.2583047767864,7631.005306978153,0.0122,2768277910.84618,64519587.16954647,Selsis,-0.42801770718936333,-0.7526704617580557,GP,0.27527404761346164,8.9329013481304e+24,0.5784484000620804,0.27527404761346164
690,2.44,0.8,1694.09703376,1682.2583047767864,2395.617817649404,0.0122,7902312254.4622555,23296441.76531203,Selsis,-0.48962952769476537,-0.6373414615422718,GP,0.30128008911829907,1.3778571428135199e+25,0.29393235680368635,0.30128008911829907
691,2.44,0.8,1694.09703376,1682.2583047767864,9642.71320207018,0.0122,2268943433.8945155,46831106.78610264,Selsis,-0.3425392167404348,-0.7023169298648599,log,0.07165797129634907,3.352801345270374e+24,0.36172972534013903,0.07165797129634907
692,2.44,0.8,1694.09703376,1682.2583047767864,10813.505842768158,0.0122,1380081660.8506174,40625654.28189394,Jackson,-0.38789257224718043,-0.6657889944713786,log,0.10036393923979975,1.560281943000536e+24,0.5573647704733479,0.10036393923979975
693,2.44,0.8,1694.09703376,1682.2583047767864,2092.1355410985716,0.0122,9044663874.73848,84811259.79181975,Selsis,-0.4176279334495034,-0.6235393221332635,log,0.1327758390378941,6.142990955219081e+24,0.27304853020240116,0.1327758390378941
694,2.44,0.8,1694.09703376,1682.2583047767864,3068.117244959912,0.0122,6296630360.774317,56995317.22223994,Jackson,-0.4666687303780439,-0.7271523540847047,GP,0.2580944192172226,4.068515129845568e+24,0.055392652980232326,0.2580944192172226
695,2.44,0.8,1694.09703376,1682.2583047767864,3985.1406334635735,0.0122,4352723783.519685,23464361.14857437,Jackson,-0.48922193674312126,-0.652185156933682,GP,0.24216891938038,4.5203564485839385e+24,0.35364960147374935,0.24216891938038
696,2.44,0.8,1694.09703376,1682.2583047767864,4889.423241126908,0.0122,4021911474.6296654,47075184.62666757,Selsis,-0.3117108010690729,-0.7776225774644289,log,0.11068234000574723,6.625059977480694e+24,0.7700919237587329,0.11068234000574723
697,2.44,0.8,1694.09703376,1682.2583047767864,3279.3515245079466,0.0122,5688867534.138829,21727821.470470663,Jackson,-0.4792450593508169,-0.6960505276353575,linear,0.13108216919894175,2.3464465244564362e+24,0.32991326173096636,0.13108216919894175
698,2.44,0.8,1694.09703376,1682.2583047767864,3372.499901436312,0.0122,5661890912.219578,3414413.568307024,Selsis,-0.47806420663905674,-0.6998927912037057,GP,0.2716258219186836,1.1198970860232573e+25,0.19454508032994866,0.2716258219186836
699,2.44,0.8,1694.09703376,1682.2583047767864,4690.685625587489,0.0122,3556489398.803651,74542111.44702594,Jackson,-0.33403645252515396,-0.7537483757579392,log,0.08473978710089627,1.7902537386792745e+24,0.19050391855640592,0.08473978710089627
700,2.44,0.8,1694.09703376,1682.2583047767864,6017.454091910451,0.0122,3371453016.4724374,51402019.82055265,Selsis,-0.4038742385150646,-0.7212055623368273,GP,0.272956115951928,1.0322541321790922e+25,0.674405721446688,0.272956115951928
701,2.44,0.8,1694.09703376,1682.2583047767864,6082.41183693862,0.0122,2605433871.5197325,68727187.43423498,Jackson,-0.3256975185724651,-0.7887675237371222,linear,0.236068478489098,4.870992910683115e+24,0.06666782390371329,0.236068478489098
702,2.44,0.8,1694.09703376,1682.2583047767864,3152.0692310348745,0.0122,6041796730.76724,90066279.93495011,Jackson,-0.3744906918395975,-0.6691927660795952,linear,0.46685976767601456,9.972929589874818e+24,0.04301046358173344,0.46685976767601456
703,2.44,0.8,1694.09703376,1682.2583047767864,3829.6432199132255,0.0122,4576343838.175117,16073476.993556486,Jackson,-0.3300982071686518,-0.6907875817092417,log,0.13114693604061076,3.858281656056199e+24,0.3945136329629212,0.13114693604061076
704,2.44,0.8,1694.09703376,1682.2583047767864,6148.186626897325,0.0122,2572673557.926724,32107700.095190253,Jackson,-0.4915829118339491,-0.6296724507469168,linear,0.05700432324427784,9.7486891336127e+23,0.6095504301891652,0.05700432324427784
705,2.44,0.8,1694.09703376,1682.2583047767864,4568.361402614213,0.0122,3673668438.6053057,69631510.435258,Jackson,-0.3529832901821232,-0.7924456878139671,linear,0.4092292182925609,7.677121088278745e+24,0.45052084100401213,0.4092292182925609
706,2.44,0.8,1694.09703376,1682.2583047767864,14180.996585269648,0.0122,1657692840.4524574,42603481.57005636,Selsis,-0.35679982403671956,-0.6727849751350684,GP,0.38054465916849695,1.6328047183280885e+25,0.8695203992816636,0.38054465916849695
707,2.44,0.8,1694.09703376,1682.2583047767864,8642.148002765678,0.0122,2487419977.9415083,57028924.34681798,Selsis,-0.37458652651397556,-0.7123024993888614,linear,0.09430775843706814,3.70753638066579e+24,0.9233816373078334,0.09430775843706814
708,2.44,0.8,1694.09703376,1682.2583047767864,2450.3039398195397,0.0122,7729298982.192798,65701139.29940962,Selsis,-0.3388023887898776,-0.7941295524821496,linear,0.07386356059777383,3.7584700375322433e+24,0.8474911780758012,0.07386356059777383
709,2.44,0.8,1694.09703376,1682.2583047767864,3047.0589792069113,0.0122,6272575924.924081,52399048.66828954,Selsis,-0.4350193374944348,-0.7474168227239405,linear,0.4340004458910895,1.6009747628125593e+25,0.2770992677426476,0.4340004458910895
710,2.44,0.8,1694.09703376,1682.2583047767864,15874.209032053095,0.0122,1519010368.8920004,50214464.94778908,Selsis,-0.3154416081965705,-0.7578206387564723,linear,0.15705016197117214,7.799234903621335e+24,0.14020128885520378,0.15705016197117214
711,2.44,0.8,1694.09703376,1682.2583047767864,3902.553946542938,0.0122,4900366547.588976,99637377.25720838,Selsis,-0.47162524757181395,-0.6607752487359496,GP,0.36303060995624414,1.186074530570539e+25,0.02285397499299302,0.36303060995624414
712,2.44,0.8,1694.09703376,1682.2583047767864,12584.526583542523,0.0122,1180282868.327073,85485753.67621762,Jackson,-0.31598844450942265,-0.6493587066143232,GP,0.10450880264712348,1.880327220108708e+24,0.9167346698414846,0.10450880264712348
713,2.44,0.8,1694.09703376,1682.2583047767864,7047.469477412487,0.0122,2956478741.778801,22589345.569910713,Selsis,-0.38367284450068745,-0.787611988977143,log,0.17277590245343302,7.222001176827471e+24,0.08743511476007981,0.17277590245343302
714,2.44,0.8,1694.09703376,1682.2583047767864,37598.39835635164,0.0122,796068205.5734094,22303021.637587,Selsis,-0.356615103141234,-0.6935735172112868,linear,0.12033931062084356,4.637399157174364e+24,0.7567859321288921,0.12033931062084356
715,2.44,0.8,1694.09703376,1682.2583047767864,3713.3506043868456,0.0122,4758501804.874015,92301164.5831487,Jackson,-0.38403881715637694,-0.7608472815168327,GP,0.10049493346181998,1.616957929852835e+24,0.6873602482275896,0.10049493346181998
716,2.44,0.8,1694.09703376,1682.2583047767864,3365.6704418022714,0.0122,5469876141.609852,31476246.70407759,Jackson,-0.31786442510987145,-0.6757360623727043,log,0.27191594026928534,8.966505968657688e+24,0.5836490755123476,0.27191594026928534
717,2.44,0.8,1694.09703376,1682.2583047767864,3085.812733030582,0.0122,6241339863.031004,60722222.934409425,Jackson,-0.3492988978158579,-0.7251225897813377,GP,0.08824589911345908,2.115839766482348e+24,0.22987683035275186,0.08824589911345908
718,2.44,0.8,1694.09703376,1682.2583047767864,2675.0199567140467,0.0122,7098530903.180256,62949609.5533864,Selsis,-0.32945225950057916,-0.7610880208216981,log,0.05845229879713683,3.18635810355333e+24,0.22233637502830372,0.05845229879713683
719,2.44,0.8,1694.09703376,1682.2583047767864,3270.405672871256,0.0122,5712460333.578785,52886878.34445189,Jackson,-0.37615268972465193,-0.605378422423561,log,0.18203286767165291,5.262599741449539e+24,0.3101019050709304,0.18203286767165291
720,2.44,0.8,1694.09703376,1682.2583047767864,8010.878532925551,0.0122,2654566354.526571,50859247.45645429,Selsis,-0.3617131295083372,-0.7902427544406325,log,0.07903079206354627,3.2759490421993586e+24,0.25684138535007917,0.07903079206354627
721,2.44,0.8,1694.09703376,1682.2583047767864,3800.465579812056,0.0122,4620778603.075684,90668156.59368192,Jackson,-0.2868047160777684,-0.7056908383292052,linear,0.31143033845578355,1.0097934737473508e+25,0.019324919040950128,0.31143033845578355
722,2.44,0.8,1694.09703376,1682.2583047767864,2408.1059722153636,0.0122,9223126382.921198,75048869.74541526,Jackson,-0.39048181841046226,-0.666529989999912,linear,0.09075410755437273,2.1936403185892426e+24,0.26213076267373414,0.09075410755437273
723,2.44,0.8,1694.09703376,1682.2583047767864,58438.52826201919,0.0122,577215910.89445,41621890.212993346,Selsis,-0.40634410788095626,-0.6544189727576324,linear,0.05339890692204797,1.557942271090066e+24,0.6202469727076332,0.05339890692204797
724,2.44,0.8,1694.09703376,1682.2583047767864,18194.325445721624,0.0122,1368231421.966345,21317701.510154292,Selsis,-0.34302886044762043,-0.7302344852110333,linear,0.18858360763596976,8.567149871847491e+24,0.27875749718871345,0.18858360763596976
725,2.44,0.8,1694.09703376,1682.2583047767864,6167.999332095902,0.0122,3302581204.6214447,35487660.72972056,Selsis,-0.4329630233049474,-0.6651172734043005,GP,0.42596886648066645,1.686836978057946e+25,0.014548486753784728,0.42596886648066645
726,2.44,0.8,1694.09703376,1682.2583047767864,8358.760931232528,0.0122,1813945928.5551631,68876708.6334583,Jackson,-0.3737017230755416,-0.7246667154329103,GP,0.2129482769084947,3.098978491313409e+24,0.21641539746270244,0.2129482769084947
727,2.44,0.8,1694.09703376,1682.2583047767864,5096.725343616899,0.0122,3215972052.596492,36538471.68335545,Jackson,-0.3248653331955695,-0.7503795835910457,log,0.09637598375827576,2.4193372423467107e+24,0.8689809644026151,0.09637598375827576
728,2.44,0.8,1694.09703376,1682.2583047767864,3266.977670266633,0.0122,5845346950.482647,44418474.46854779,Selsis,-0.3730368299919303,-0.7432068695088874,GP,0.05536711823407081,2.511412795888514e+24,0.37186175592442283,0.05536711823407081
729,2.44,0.8,1694.09703376,1682.2583047767864,2210.6840874649065,0.0122,10606620512.010244,87113811.67182073,Jackson,-0.3199770650831511,-0.6004354992474538,linear,0.1395109554709262,6.048780806391178e+24,0.9920433904758764,0.1395109554709262
730,2.44,0.8,1694.09703376,1682.2583047767864,2252.731268599083,0.0122,10282644134.53515,46245769.03910262,Jackson,-0.36175879872614214,-0.7108439366925019,log,0.0938818463536223,2.575273772864266e+24,0.9784133549088173,0.0938818463536223
731,2.44,0.8,1694.09703376,1682.2583047767864,7472.102881430674,0.0122,2057346274.5770917,45236570.01668934,Jackson,-0.4595405685371192,-0.6337290003115184,log,0.2187593243297555,3.433491704259084e+24,0.3361668851041062,0.2187593243297555
732,2.44,0.8,1694.09703376,1682.2583047767864,4303.763732856123,0.0122,3954497948.075213,35093767.41117311,Jackson,-0.41740275247046765,-0.6350133744409985,linear,0.19319345930237036,4.1027186782078953e+24,0.37476055042854206,0.19319345930237036
733,2.44,0.8,1694.09703376,1682.2583047767864,14024.419916473325,0.0122,1057918094.6047028,68338006.8703433,Jackson,-0.37110028909270554,-0.6242364376602103,linear,0.16631367871831282,2.431689570668112e+24,0.3872976589995043,0.16631367871831282
734,2.44,0.8,1694.09703376,1682.2583047767864,2540.3556836434836,0.0122,8463061264.058707,75791789.56738517,Jackson,-0.3255004191123498,-0.6373391269028563,linear,0.05752791978007107,2.0038663910467436e+24,0.6306867033945294,0.05752791978007107
735,2.44,0.8,1694.09703376,1682.2583047767864,11900.211205925429,0.0122,1907411065.2569075,22184883.654884834,Selsis,-0.3848150332936858,-0.7023022687922269,log,0.28866219515671787,1.178491916438344e+25,0.6397040989279698,0.28866219515671787
736,2.44,0.8,1694.09703376,1682.2583047767864,4117.8005792121285,0.0122,4672407520.727202,89002119.9847394,Selsis,-0.357074194433652,-0.7491737432492598,linear,0.0627845665024065,2.583659467990917e+24,0.3846671893612116,0.0627845665024065
737,2.44,0.8,1694.09703376,1682.2583047767864,9980.188904096676,0.0122,1500858596.7320976,45653357.66892402,Jackson,-0.2807207395059678,-0.7789156305677306,linear,0.22591946582308806,6.407108202468777e+24,0.43572687987254144,0.22591946582308806
738,2.44,0.8,1694.09703376,1682.2583047767864,5694.093227039655,0.0122,2816768246.4068365,79819900.99443875,Jackson,-0.4261818772463,-0.7114287188302341,linear,0.11263215390514063,1.4914476476441835e+24,0.07427154573743266,0.11263215390514063
739,2.44,0.8,1694.09703376,1682.2583047767864,2535.7674018559387,0.0122,8487568577.904089,26409394.767992746,Jackson,-0.40925031604303536,-0.7720775834411562,GP,0.11115093569886626,2.2651723383766735e+24,0.29088731770879306,0.11115093569886626
740,2.44,0.8,1694.09703376,1682.2583047767864,4108.56686906184,0.0122,4189653661.43176,32658796.713151842,Jackson,-0.39000329484938606,-0.6000254898900791,linear,0.2366443406273281,6.388694171966122e+24,0.4690591496727199,0.2366443406273281
741,2.44,0.8,1694.09703376,1682.2583047767864,6478.194544528169,0.0122,3170549068.12377,48657064.37755669,Selsis,-0.3571178751283892,-0.618603725170036,GP,0.13037300663721513,6.714626310999452e+24,0.526187776363534,0.13037300663721513
742,2.44,0.8,1694.09703376,1682.2583047767864,4223.462786343503,0.0122,4569144176.6959715,2731851.58068086,Selsis,-0.4085110280872187,-0.7409993604611789,GP,0.17065081745069227,7.521218648394615e+24,0.6046499644822942,0.17065081745069227
743,2.44,0.8,1694.09703376,1682.2583047767864,17149.370228537886,0.0122,1431466801.6071126,70324815.8130051,Selsis,-0.37586756694718415,-0.6809015336212909,log,0.2325562966732621,8.044084543678547e+24,0.9699907156623436,0.2325562966732621
744,2.44,0.8,1694.09703376,1682.2583047767864,4848.595447760027,0.0122,3415964666.8275657,32554243.25112478,Jackson,-0.3894444376829568,-0.6291468887956632,GP,0.12602929323356332,2.853461602495123e+24,0.7437414419731685,0.12602929323356332
745,2.44,0.8,1694.09703376,1682.2583047767864,3349.141815539105,0.0122,5510631451.417924,40544636.40774219,Jackson,-0.3620360472617156,-0.6556247107083983,log,0.05625935816668697,1.4750207770292454e+24,0.215318137873184,0.05625935816668697
746,2.44,0.8,1694.09703376,1682.2583047767864,7989.047255264046,0.0122,2660812019.921895,3283257.8833765546,Selsis,-0.32650191655116295,-0.7115567223922132,linear,0.2904409555249164,1.7225190110758064e+25,0.13118378254142515,0.2904409555249164
747,2.44,0.8,1694.09703376,1682.2583047767864,2551.1713328158567,0.0122,7431284095.705868,83464906.91187777,Selsis,-0.4331936882285503,-0.7588881638298424,GP,0.1337200559018823,4.5234684623810776e+24,0.5823090045491279,0.1337200559018823
748,2.44,0.8,1694.09703376,1682.2583047767864,8190.405589690926,0.0122,1855648829.9456851,96788685.07659559,Jackson,-0.376384879754158,-0.7309676669093447,GP,0.18897157277873888,2.4132985578787582e+24,0.7929297944470227,0.18897157277873888
749,2.44,0.8,1694.09703376,1682.2583047767864,3632.7067711243826,0.0122,5253883159.803916,36589494.202108376,Selsis,-0.41205947800904047,-0.7018536533408247,linear,0.18493567285537663,7.721608356344922e+24,0.8056682824718071,0.18493567285537663
750,2.44,0.8,1694.09703376,1682.2583047767864,50050.13238028691,0.0122,646238615.0159796,88643589.264333,Selsis,-0.4701845169781935,-0.746734818200166,GP,0.31884465472274237,6.630222733399464e+24,0.6535402932474026,0.31884465472274237
751,2.44,0.8,1694.09703376,1682.2583047767864,3959.5339812292873,0.0122,4388093018.641232,19191557.38165733,Jackson,-0.325046062518737,-0.6795274710056266,linear,0.15391996825875984,4.671769378128788e+24,0.37670035921722433,0.15391996825875984
752,2.44,0.8,1694.09703376,1682.2583047767864,2991.303928676855,0.0122,6547081957.503311,14263413.510716973,Jackson,-0.33908760501001295,-0.6563528813401179,log,0.28210763482572027,9.230615998555016e+24,0.7359505715516012,0.28210763482572027
753,2.44,0.8,1694.09703376,1682.2583047767864,6302.5532700903395,0.0122,3243750770.8126884,32428646.21424839,Selsis,-0.362826810085734,-0.6465936924059593,GP,0.08171419201706556,4.084826568944679e+24,0.7231534144276467,0.08171419201706556
754,2.44,0.8,1694.09703376,1682.2583047767864,3809.736792539417,0.0122,4606570075.5994625,91143126.53396916,Jackson,-0.282056395947576,-0.7831545708992709,GP,0.08760460972216463,2.8163510679250157e+24,0.018284715825170883,0.08760460972216463
755,2.44,0.8,1694.09703376,1682.2583047767864,4374.8170595015845,0.0122,3875101263.429208,30626362.316001385,Jackson,-0.4522560680109079,-0.7927326479628457,linear,0.0693965818764792,1.0292713577901977e+24,0.6431899758538885,0.0693965818764792
756,2.44,0.8,1694.09703376,1682.2583047767864,22009.169713010237,0.0122,1185213548.7717247,29171725.46638675,Selsis,-0.36043371508529487,-0.7161179323846839,log,0.19683353957734712,7.896703141309765e+24,0.7644058847255186,0.19683353957734712
757,2.44,0.8,1694.09703376,1682.2583047767864,5830.5410853427675,0.0122,3461811234.756681,62816423.24996807,Selsis,-0.30278327663202065,-0.7166522973801949,log,0.08070043660818242,4.916976125586536e+24,0.2470585575187486,0.08070043660818242
758,2.44,0.8,1694.09703376,1682.2583047767864,7257.413580996395,0.0122,2885676237.553775,67895185.79486161,Selsis,-0.3687136288711224,-0.6293801084083196,log,0.3751651895204256,1.665913149075459e+25,0.8925146634566583,0.3751651895204256
759,2.44,0.8,1694.09703376,1682.2583047767864,3009.2235182155946,0.0122,6347212000.92115,69151379.75305708,Selsis,-0.4494881917462774,-0.665429573480135,GP,0.06620988126301304,2.5210606555253076e+24,0.7205157288308459,0.06620988126301304
760,2.44,0.8,1694.09703376,1682.2583047767864,8482.397212293561,0.0122,2527405395.4213815,67438379.69309323,Selsis,-0.4968070198093751,-0.6908987936313932,GP,0.38169174373111586,1.1602608693947865e+25,0.5621494339784583,0.38169174373111586
761,2.44,0.8,1694.09703376,1682.2583047767864,7471.7556587177505,0.0122,2057454312.6425557,86867793.75333054,Jackson,-0.4976659168474123,-0.7554414907779139,linear,0.0593955796052774,5.739278317941448e+23,0.17494476805306847,0.0593955796052774
762,2.44,0.8,1694.09703376,1682.2583047767864,2992.9834143493313,0.0122,6379594388.988711,58549299.141059965,Selsis,-0.3840794439123714,-0.7387848640130478,log,0.2765359831119843,1.164006753876106e+25,0.7468254929145841,0.2765359831119843
763,2.44,0.8,1694.09703376,1682.2583047767864,3973.8102620076356,0.0122,4822116299.820239,18154175.913379893,Selsis,-0.34577135674895576,-0.6345901019203068,linear,0.0707397926685736,4.2756440109432615e+24,0.9363938594443049,0.0707397926685736
764,2.44,0.8,1694.09703376,1682.2583047767864,5726.391575040945,0.0122,2797923755.998881,3108936.906196337,Jackson,-0.4678732839011773,-0.7639176730554207,linear,0.08674466281964026,1.3183408403327117e+24,0.6583485453029706,0.08674466281964026
765,2.44,0.8,1694.09703376,1682.2583047767864,10745.608548190561,0.0122,2074050641.3817124,84982104.29043844,Selsis,-0.42985319235032593,-0.7535804212206237,log,0.14275341013104556,4.1119643348524426e+24,0.04450359197104792,0.14275341013104556
766,2.44,0.8,1694.09703376,1682.2583047767864,3307.570832539288,0.0122,5615573951.369375,97582371.90921803,Jackson,-0.4451017531477595,-0.6858990770707675,GP,0.07647827258724617,1.1794155101215406e+24,0.3954896898937812,0.07647827258724617
767,2.44,0.8,1694.09703376,1682.2583047767864,4181.557070779065,0.0122,4098639330.108627,47665525.57138775,Jackson,-0.4059206703434293,-0.7699516788547555,log,0.0930366681306009,1.532291535923244e+24,0.5756655154070862,0.0930366681306009
768,2.44,0.8,1694.09703376,1682.2583047767864,3221.4953837653866,0.0122,5844601724.398711,39964680.45347535,Jackson,-0.28632726139226516,-0.7336822362880747,GP,0.2829170865948075,1.1138003429593534e+25,0.8627655222043591,0.2829170865948075
769,2.44,0.8,1694.09703376,1682.2583047767864,8017.425402965284,0.0122,1900535670.837735,11720323.185684543,Jackson,-0.48655974297976806,-0.7530748188621214,log,0.0671178699815247,8.925743876400905e+23,0.06071437316427464,0.0671178699815247
770,2.44,0.8,1694.09703376,1682.2583047767864,3725.2701702592553,0.0122,4739195674.54766,58900737.48041273,Jackson,-0.3697579041269634,-0.6608550597568131,GP,0.10209777498226161,2.3085819900392446e+24,0.37118084987892486,0.10209777498226161
771,2.44,0.8,1694.09703376,1682.2583047767864,1657.8617002856695,0.0122,11513826365.386604,37692287.39227267,Selsis,-0.44748173248324313,-0.6572313949385151,GP,0.10536291024997435,4.913801218130892e+24,0.29820828369406727,0.10536291024997435
772,2.44,0.8,1694.09703376,1682.2583047767864,2393.4409193095635,0.0122,9314807705.459066,10939057.686135218,Jackson,-0.44737599759271257,-0.6493770730905244,linear,0.36512478941132337,9.370302483317082e+24,0.9494223465623604,0.36512478941132337
773,2.44,0.8,1694.09703376,1682.2583047767864,6377.414702944471,0.0122,3212069827.272789,8590565.01731097,Selsis,-0.35608146832928117,-0.7680572629551742,linear,0.19246690488080057,9.501501710166844e+24,0.723136378278181,0.19246690488080057
774,2.44,0.8,1694.09703376,1682.2583047767864,2428.8973742103026,0.0122,7796012564.124451,97936395.51590149,Selsis,-0.30137811911740675,-0.6594042376440656,GP,0.13038013493585862,8.694670965477301e+24,0.09709499004774691,0.13038013493585862
775,2.44,0.8,1694.09703376,1682.2583047767864,3553.174087969296,0.0122,5042807939.473446,56645417.84068468,Jackson,-0.42821786464785777,-0.6207371302989189,linear,0.0698459485215226,1.551327761726413e+24,0.9000104169332789,0.0698459485215226
776,2.44,0.8,1694.09703376,1682.2583047767864,12822.038270397865,0.0122,1795057921.51247,42877680.34281525,Selsis,-0.300042821787445,-0.7382314022238249,GP,0.22734111538785354,1.3441801881215171e+25,0.4157984700222548,0.22734111538785354
777,2.44,0.8,1694.09703376,1682.2583047767864,2782.130649606677,0.0122,6836670757.668735,31520683.003712196,Selsis,-0.35958605608892147,-0.6201628896015002,log,0.29805486666921815,1.8026358198277378e+25,0.37570909383017903,0.29805486666921815
778,2.44,0.8,1694.09703376,1682.2583047767864,3564.766429948921,0.0122,5018369552.831278,44909464.739183284,Jackson,-0.4085580967639251,-0.6558199239773171,GP,0.12775358797975472,2.7043195187420223e+24,0.18259146032536688,0.12775358797975472
779,2.44,0.8,1694.09703376,1682.2583047767864,2523.5768826693843,0.0122,7510244465.604104,47998177.37819085,Selsis,-0.48620125940663,-0.7589369368554051,linear,0.16234439860203953,5.671751482337323e+24,0.0910387330479786,0.16234439860203953
780,2.44,0.8,1694.09703376,1682.2583047767864,3023.702497150408,0.0122,6318652252.281916,43151289.09402502,Selsis,-0.3389638024386512,-0.6337341140590013,linear,0.31778012502853065,1.96201720576059e+25,0.8799520850134104,0.31778012502853065
781,2.44,0.8,1694.09703376,1682.2583047767864,4513.654636708915,0.0122,4310698303.534801,42189525.97336441,Selsis,-0.4287105997634365,-0.6555287966990561,linear,0.06395206983175536,2.648247217313331e+24,0.956309084821074,0.06395206983175536
782,2.44,0.8,1694.09703376,1682.2583047767864,5995.091101025126,0.0122,2650207385.2298326,28773939.947570622,Jackson,-0.47287714316794943,-0.7473412779310815,linear,0.17656860305316371,2.438107399652949e+24,0.10959508456071221,0.17656860305316371
783,2.44,0.8,1694.09703376,1682.2583047767864,5172.672265477948,0.0122,3159229999.870734,91699583.93245438,Jackson,-0.33224306027716666,-0.7134639866176467,linear,0.46716588798253567,9.438756147948073e+24,0.6076822323787656,0.46716588798253567
784,2.44,0.8,1694.09703376,1682.2583047767864,5628.159907526427,0.0122,3566460678.0445786,57564568.62535933,Selsis,-0.3778962792597821,-0.7256388067977642,GP,0.2284386985454141,9.249022338950397e+24,0.1134451047359416,0.2284386985454141
785,2.44,0.8,1694.09703376,1682.2583047767864,6081.500367103939,0.0122,3341744879.0105495,92594794.40611179,Selsis,-0.4816186039909936,-0.7286591540734505,GP,0.12779349264832143,3.603380021832958e+24,0.14471751173896774,0.12779349264832143
786,2.44,0.8,1694.09703376,1682.2583047767864,3792.883455063467,0.0122,4632461105.265062,40171011.7598639,Jackson,-0.36620913216377365,-0.631088939669918,linear,0.0631478132406312,1.6615474521236436e+24,0.6934981991832456,0.0631478132406312
787,2.44,0.8,1694.09703376,1682.2583047767864,3980.669061426588,0.0122,4814734987.484062,9045106.042812148,Selsis,-0.4630129199422183,-0.6457512636364724,GP,0.10963303147895526,4.846746581450223e+24,0.02903506649010601,0.10963303147895526
788,2.44,0.8,1694.09703376,1682.2583047767864,5921.811542162336,0.0122,3416989613.6826234,43996221.800827734,Selsis,-0.39556240970588175,-0.654380536020329,log,0.07790912550139319,3.355482131226155e+24,0.9046397128604939,0.07790912550139319
789,2.44,0.8,1694.09703376,1682.2583047767864,6600.400157936171,0.0122,2369326722.216474,86132561.94875464,Jackson,-0.46466862014707117,-0.7798084766699794,linear,0.20760056202089724,2.1533319010945312e+24,0.8694019415539632,0.20760056202089724
790,2.44,0.8,1694.09703376,1682.2583047767864,8052.534086612311,0.0122,2642741893.1199293,2527971.7290563663,Selsis,-0.3098854013832836,-0.7691058086818158,GP,0.14400428891712413,9.401345260331272e+24,0.6814145702464602,0.14400428891712413
791,2.44,0.8,1694.09703376,1682.2583047767864,3536.7030635044935,0.0122,5397179840.661843,77260284.16739754,Selsis,-0.3218993434368992,-0.7997402982187282,log,0.09019536926997136,4.732506069375772e+24,0.49428743461434366,0.09019536926997136
792,2.44,0.8,1694.09703376,1682.2583047767864,7682.031051527464,0.0122,1994027987.38448,8110004.348497473,Jackson,-0.3546334313565002,-0.7576788725285394,GP,0.21446903915174118,4.3231426329848015e+24,0.9748562331914239,0.21446903915174118
793,2.44,0.8,1694.09703376,1682.2583047767864,2430.009307750561,0.0122,7792515683.200835,14070774.436918937,Selsis,-0.4883435802780625,-0.7848193975141738,log,0.27144814587387744,1.0216836562869561e+25,0.6536416582794343,0.27144814587387744
794,2.44,0.8,1694.09703376,1682.2583047767864,2925.6358610941215,0.0122,6775618983.539173,68419494.47625476,Jackson,-0.3063380878138608,-0.6478721433255558,GP,0.47422624239721894,1.718739406325963e+25,0.09072033873304564,0.47422624239721894
795,2.44,0.8,1694.09703376,1682.2583047767864,4282.440608157005,0.0122,3978940130.7448387,30286919.85763086,Jackson,-0.34232580611087915,-0.7900108500507393,log,0.23873966503239696,5.58813663462287e+24,0.5996578084111556,0.23873966503239696
796,2.44,0.8,1694.09703376,1682.2583047767864,1737.1092823632484,0.0122,10958044196.233011,34544415.57796097,Selsis,-0.3374683465969619,-0.6384448778208487,log,0.21453511453705304,1.466230276762711e+25,0.19369449704411723,0.21453511453705304
797,2.44,0.8,1694.09703376,1682.2583047767864,3203.538160829035,0.0122,5894494685.056653,81542015.56279926,Jackson,-0.32587291596176027,-0.7733438041858898,GP,0.3248984365251989,8.041380002905212e+24,0.05283230596942212,0.3248984365251989
798,2.44,0.8,1694.09703376,1682.2583047767864,3087.3482020612655,0.0122,6236582986.218746,68870271.75318034,Jackson,-0.4934684720917433,-0.749647789654135,linear,0.21644244705744065,2.991317018805494e+24,0.7405015148334619,0.21644244705744065
799,2.44,0.8,1694.09703376,1682.2583047767864,57960.48051555986,0.0122,580708001.9861591,60486456.60320269,Selsis,-0.3321794873843733,-0.6265649028329392,linear,0.21194194534257282,7.591208658369954e+24,0.3106689046241329,0.21194194534257282
800,2.44,0.8,1694.09703376,1682.2583047767864,6083.870049846498,0.0122,2604698737.675277,91827018.66733834,Jackson,-0.301277785413442,-0.7619284847769615,log,0.05974993782354475,1.3872627570441131e+24,0.4624640160338763,0.05974993782354475
801,2.44,0.8,1694.09703376,1682.2583047767864,2317.4771555460748,0.0122,9816428193.282717,3473362.8664297597,Jackson,-0.4430747779198153,-0.6109022461362269,GP,0.24517936204426638,7.862763174582962e+24,0.4717727963558658,0.24517936204426638
802,2.44,0.8,1694.09703376,1682.2583047767864,6840.001668674855,0.0122,2274611766.505709,85759945.08005615,Jackson,-0.422441695850514,-0.7172861949505533,linear,0.24206773418992508,2.94612101737657e+24,0.5178946506375742,0.24206773418992508
803,2.44,0.8,1694.09703376,1682.2583047767864,1999.614738991281,0.0122,9469965016.62042,53820777.64478087,Selsis,-0.44059464411134003,-0.629715495857779,linear,0.4142662522777018,1.965818147793775e+25,0.8732236220340994,0.4142662522777018
804,2.44,0.8,1694.09703376,1682.2583047767864,5495.231048654404,0.0122,2938476078.55942,15668352.846896432,Jackson,-0.4689291845346323,-0.6091813156014771,log,0.34839722153471353,7.215144833615366e+24,0.762526975606771,0.34839722153471353
805,2.44,0.8,1694.09703376,1682.2583047767864,2937.586968830999,0.0122,6732979883.96378,33485106.82731664,Jackson,-0.2991280321081028,-0.756524687617097,GP,0.3170576994320618,1.1606281397044467e+25,0.5061515834100168,0.3170576994320618
806,2.44,0.8,1694.09703376,1682.2583047767864,3867.7073505788885,0.0122,4519593173.968877,50110719.54162442,Jackson,-0.4137854095687056,-0.760033186785184,linear,0.1779673454753236,2.914691290251641e+24,0.15196512411247365,0.1779673454753236
807,2.44,0.8,1694.09703376,1682.2583047767864,6929.314867747786,0.0122,2241195850.001572,61664427.25030689,Jackson,-0.36472300005294994,-0.6837769043384674,linear,0.19396048532780386,3.4003808671085145e+24,0.23883913307651405,0.19396048532780386
808,2.44,0.8,1694.09703376,1682.2583047767864,4091.727919111213,0.0122,4211205232.8161154,36446060.51190856,Jackson,-0.4505692291339148,-0.7615021100762748,GP,0.39419172130086033,6.012387578199941e+24,0.24708030774517453,0.39419172130086033
809,2.44,0.8,1694.09703376,1682.2583047767864,4447.058851123107,0.0122,4366997988.429814,3618505.0797774754,Selsis,-0.4614560919586437,-0.6839592368027032,GP,0.24524929729590605,1.0222304127785866e+25,0.2422407820194854,0.24524929729590605
810,2.44,0.8,1694.09703376,1682.2583047767864,7446.901720202112,0.0122,2825100110.868956,24862715.75681585,Selsis,-0.2886650434157148,-0.670586483846905,GP,0.1939257732591013,1.4686638928395876e+25,0.3573735998299249,0.1939257732591013
811,2.44,0.8,1694.09703376,1682.2583047767864,5728.484475495223,0.0122,2796711137.5544505,3907284.5333406315,Jackson,-0.41960316184297863,-0.7037336390215586,linear,0.08246849205476448,1.480432937251999e+24,0.7999194071218474,0.08246849205476448
812,2.44,0.8,1694.09703376,1682.2583047767864,11649.846098209164,0.0122,1277364700.158711,75883138.88729699,Jackson,-0.35741993197472066,-0.6677175503308573,log,0.21878393947585195,3.208191484925175e+24,0.7030273332399902,0.21878393947585195
813,2.44,0.8,1694.09703376,1682.2583047767864,16026.954956170592,0.0122,1507844024.723296,14999428.229707291,Selsis,-0.494892770252093,-0.7065277181849862,GP,0.14130098606997005,4.689173478191397e+24,0.08661448738961197,0.14130098606997005
814,2.44,0.8,1694.09703376,1682.2583047767864,2503.8061806887226,0.0122,8661808347.282562,35500356.891024776,Jackson,-0.39451523249535864,-0.7615751369571085,log,0.10239237454773473,2.1988857859587577e+24,0.49890248535367465,0.10239237454773473
815,2.44,0.8,1694.09703376,1682.2583047767864,3452.2923369308864,0.0122,5264832373.433059,81267492.80401966,Jackson,-0.3919378778354051,-0.6319205672701085,GP,0.4201000900771891,9.284149691139189e+24,0.418628909760852,0.4201000900771891
816,2.44,0.8,1694.09703376,1682.2583047767864,3437.589155909091,0.0122,5298658505.603814,42304702.47731687,Jackson,-0.49754711479379315,-0.743097145063067,GP,0.1909363592380487,2.825199187701838e+24,0.8211973917343529,0.1909363592380487
817,2.44,0.8,1694.09703376,1682.2583047767864,9329.284620506089,0.0122,2332445882.713727,20540090.328534663,Selsis,-0.2881812262947076,-0.628278015732473,GP,0.4032633519547871,3.125612466325021e+25,0.0974542780217249,0.4032633519547871
818,2.44,0.8,1694.09703376,1682.2583047767864,6475.058813991168,0.0122,2422047962.7897773,73898496.13328882,Jackson,-0.3874195231758708,-0.7391755642573108,linear,0.16067665758723151,2.3079446935614047e+24,0.3547553279479473,0.16067665758723151
819,2.44,0.8,1694.09703376,1682.2583047767864,5314.990431843406,0.0122,3744171438.369247,54415324.24831193,Selsis,-0.309659504845327,-0.7371741318651652,linear,0.2894038393690537,1.7236478381735568e+25,0.29730083392899687,0.2894038393690537
820,2.44,0.8,1694.09703376,1682.2583047767864,7878.321396044974,0.0122,2693015328.3458652,80823373.07985261,Selsis,-0.39374224335728225,-0.7083356749647086,log,0.08954779702252595,3.0852604648530633e+24,0.1874052018383855,0.08954779702252595
821,2.44,0.8,1694.09703376,1682.2583047767864,2831.924078049452,0.0122,7127459153.29048,93816170.47087318,Jackson,-0.28545988786250787,-0.7060777342741418,linear,0.23282022529764154,8.57310963910932e+24,0.8157691780418598,0.23282022529764154
822,2.44,0.8,1694.09703376,1682.2583047767864,8154.445434530934,0.0122,1864805382.0595968,49892211.843306005,Jackson,-0.2918834322031044,-0.610727059403314,linear,0.06325447203750069,1.9803884642126198e+24,0.24671679932788115,0.06325447203750069
823,2.44,0.8,1694.09703376,1682.2583047767864,3744.09454428686,0.0122,5097600107.647363,36697831.33028699,Selsis,-0.48226036572920267,-0.7392770999869943,GP,0.16866520849151584,5.998023972499093e+24,0.01701706765169131,0.16866520849151584
824,2.44,0.8,1694.09703376,1682.2583047767864,5809.541826690095,0.0122,2750523529.0800653,49897312.42705292,Jackson,-0.48137367996807334,-0.6380553411436715,log,0.12596491047948938,2.0254063736637346e+24,0.37729106410941593,0.12596491047948938
825,2.44,0.8,1694.09703376,1682.2583047767864,2011.3328628346437,0.0122,9413679156.559874,20229394.719063852,Selsis,-0.28402308554420136,-0.7584119433708774,GP,0.25388093890247065,2.242612433864442e+25,0.010989938727299031,0.25388093890247065
826,2.44,0.8,1694.09703376,1682.2583047767864,3383.635209973445,0.0122,5643257466.002241,49561451.119621165,Selsis,-0.44470502151392394,-0.6198678752671404,linear,0.36290077600007875,1.6384519160227606e+25,0.8277680963703007,0.36290077600007875
827,2.44,0.8,1694.09703376,1682.2583047767864,22097.545777100004,0.0122,1181685164.3419468,33401828.963702295,Selsis,-0.49071473914373026,-0.676289562834196,log,0.4512150567012721,1.410200822226091e+25,0.8472085719060792,0.4512150567012721
828,2.44,0.8,1694.09703376,1682.2583047767864,14695.994583796313,0.0122,1612364906.942727,28523161.311459947,Selsis,-0.3205407668873116,-0.7210159622088372,linear,0.22156463791472317,1.1644556417795954e+25,0.07239454712382187,0.22156463791472317
829,2.44,0.8,1694.09703376,1682.2583047767864,7820.502718400887,0.0122,1954341380.2195168,63951536.50889789,Jackson,-0.2989474171506846,-0.7928942325598269,linear,0.2069368273296046,4.953214705433508e+24,0.05574830983254353,0.2069368273296046
830,2.44,0.8,1694.09703376,1682.2583047767864,20122.099077848557,0.0122,741804052.9328774,18959274.239390697,Jackson,-0.37422954095891936,-0.7794911322617597,GP,0.24451778863848023,3.323186701887111e+24,0.3752321915334581,0.24451778863848023
831,2.44,0.8,1694.09703376,1682.2583047767864,13498.253301818795,0.0122,1722750797.6565068,29035494.885938417,Selsis,-0.28673178202778293,-0.7156027820372477,linear,0.06495471371576002,4.455096257817089e+24,0.7505000838247224,0.06495471371576002
832,2.44,0.8,1694.09703376,1682.2583047767864,9961.907809254231,0.0122,1503751919.4713662,94109191.30604582,Jackson,-0.30721287552267595,-0.6355395532382093,linear,0.4872348042909285,1.0115906597611702e+25,0.6198456152538174,0.4872348042909285
833,2.44,0.8,1694.09703376,1682.2583047767864,15029.57820250221,0.0122,1584552623.103916,7736049.794782167,Selsis,-0.4570473379131223,-0.6761921577781043,GP,0.0665966965566623,2.4265894710463115e+24,0.35536330714702513,0.0665966965566623
834,2.44,0.8,1694.09703376,1682.2583047767864,3746.883311393634,0.0122,4704568774.317757,14441074.864688711,Jackson,-0.3466686783303827,-0.7130235551946797,linear,0.09701188430515292,2.53375232889078e+24,0.6186915979175818,0.09701188430515292
835,2.44,0.8,1694.09703376,1682.2583047767864,5776.8310485162665,0.0122,2768982143.6469693,90158525.28447726,Jackson,-0.44418658668011407,-0.6109666501699904,GP,0.21896490765791732,3.6167765413052935e+24,0.25627418747560415,0.21896490765791732
836,2.44,0.8,1694.09703376,1682.2583047767864,24165.6709799861,0.0122,622925226.421579,6908404.796916198,Jackson,-0.3977734722676736,-0.7916821047712164,GP,0.1065342340685897,1.328187851928228e+24,0.10270565558210121,0.1065342340685897
837,2.44,0.8,1694.09703376,1682.2583047767864,4681.646112740558,0.0122,3564900513.8227825,33176833.81269835,Jackson,-0.4045859189238235,-0.7960396337596437,GP,0.05907556226327325,9.795571938804092e+23,0.4633177682116564,0.05907556226327325
838,2.44,0.8,1694.09703376,1682.2583047767864,2473.3292152154945,0.0122,8833907833.265026,90354328.68981063,Jackson,-0.41654731256004546,-0.6494475441292995,linear,0.1772423198634831,3.982263385890085e+24,0.387433819546982,0.1772423198634831
839,2.44,0.8,1694.09703376,1682.2583047767864,8712.701668497795,0.0122,1732727263.0843391,7281731.154769548,Jackson,-0.4624875006402804,-0.6792696873522189,GP,0.09611742069145462,1.4487028761691572e+24,0.3077759349005673,0.09611742069145462
840,2.44,0.8,1694.09703376,1682.2583047767864,6903.960328106481,0.0122,2250582854.925202,10268309.666800104,Jackson,-0.4489493445762701,-0.639380880946705,GP,0.10220658887274311,1.830460635822611e+24,0.519885446617658,0.10220658887274311
841,2.44,0.8,1694.09703376,1682.2583047767864,1769.5605670447187,0.0122,10746837379.721745,58033735.12133522,Selsis,-0.4933691345182758,-0.7099926590533031,log,0.1928776136051998,7.104260256979158e+24,0.8737849127135844,0.1928776136051998
842,2.44,0.8,1694.09703376,1682.2583047767864,2938.1561478184117,0.0122,6491728937.347757,17135401.503731783,Selsis,-0.4068559373645283,-0.7397496828614764,log,0.2101479037769117,9.206636082688408e+24,0.16215969116769224,0.2101479037769117
843,2.44,0.8,1694.09703376,1682.2583047767864,3558.0868041384097,0.0122,5032425178.4314785,91067292.07433683,Jackson,-0.4546978403556398,-0.6272124775412475,GP,0.12053295888769201,2.2398367518331472e+24,0.4567891454956967,0.12053295888769201
844,2.44,0.8,1694.09703376,1682.2583047767864,3393.056940911603,0.0122,5627595282.482921,33348576.116708174,Selsis,-0.4566062992888725,-0.6146145535823494,GP,0.13472358721735947,6.357806232515586e+24,0.8049732806937504,0.13472358721735947
845,2.44,0.8,1694.09703376,1682.2583047767864,6028.886280386446,0.0122,2632701651.2507367,94559001.57363702,Jackson,-0.3429876877726303,-0.7558976294168032,log,0.11863864000374488,2.0146417850259455e+24,0.5500840138734608,0.11863864000374488
846,2.44,0.8,1694.09703376,1682.2583047767864,3634.921666107422,0.0122,5250674207.170244,79542905.45163397,Selsis,-0.3806747021612663,-0.6493434306568655,log,0.18387288642453642,8.065549286317847e+24,0.8269371328612329,0.18387288642453642
847,2.44,0.8,1694.09703376,1682.2583047767864,47231.27039257834,0.0122,673928934.3919913,80165414.27420197,Selsis,-0.4505379633929718,-0.6841341431144116,log,0.32744183411723443,7.57967902543894e+24,0.9145296600438618,0.32744183411723443
848,2.44,0.8,1694.09703376,1682.2583047767864,2840.451595576368,0.0122,7094056833.816616,8739731.553246919,Jackson,-0.3452843481094327,-0.701615425922381,linear,0.37015182991150475,1.1106715732351613e+25,0.6608039947636056,0.37015182991150475
849,2.44,0.8,1694.09703376,1682.2583047767864,4773.962430963104,0.0122,4105791897.4419303,98754475.39753048,Selsis,-0.4412128218848525,-0.7982751096754263,linear,0.05136243579972352,1.4829127232878158e+24,0.47709251265385944,0.05136243579972352
850,2.44,0.8,1694.09703376,1682.2583047767864,6924.523265574292,0.0122,2999877461.372655,74215357.40201956,Selsis,-0.3045073793053566,-0.6133696648211115,log,0.28174969525172133,1.7865398839999365e+25,0.8209478357896097,0.28174969525172133
851,2.44,0.8,1694.09703376,1682.2583047767864,2544.5156164557534,0.0122,8440949396.7187,98937136.98708586,Jackson,-0.4854240940036832,-0.7744131137532052,linear,0.05061038069865758,6.636739296180366e+23,0.912021676439421,0.05061038069865758
852,2.44,0.8,1694.09703376,1682.2583047767864,3664.465754667369,0.0122,5208273123.847115,40673557.22862788,Selsis,-0.4174891494890931,-0.6492346738899711,linear,0.4964580386770372,2.2012861104537493e+25,0.39478347853242846,0.4964580386770372
853,2.44,0.8,1694.09703376,1682.2583047767864,4227.106590370831,0.0122,4043747085.0217333,80006995.0876808,Jackson,-0.43451327393957834,-0.6470387473111524,log,0.0822822656927459,1.4028720229080248e+24,0.00897296311969864,0.0822822656927459
854,2.44,0.8,1694.09703376,1682.2583047767864,3351.7467503230037,0.0122,5696978066.030931,52122757.65854099,Selsis,-0.294535316450317,-0.7093261828951355,linear,0.34680902031126387,2.5092153315523146e+25,0.24742803426443183,0.34680902031126387
855,2.44,0.8,1694.09703376,1682.2583047767864,2165.3615812340636,0.0122,10976328527.668987,4175382.0772019015,Jackson,-0.464952646604926,-0.7288412229398614,GP,0.06236055831152621,1.31413728848771e+24,0.60313634074416,0.06236055831152621
856,2.44,0.8,1694.09703376,1682.2583047767864,5033.306897945094,0.0122,3264891851.558243,18383554.250689834,Jackson,-0.33886946006847385,-0.6887276232124061,GP,0.3386754985573811,8.651426220903442e+24,0.9790195824443187,0.3386754985573811
857,2.44,0.8,1694.09703376,1682.2583047767864,2685.0702699602984,0.0122,7072978244.97765,17866313.455128748,Selsis,-0.31049958822482576,-0.745886009213936,linear,0.4893618807783135,3.4297693743038302e+25,0.3509693671361763,0.4893618807783135
858,2.44,0.8,1694.09703376,1682.2583047767864,3478.5226379011106,0.0122,5205438995.4391,61336077.2880829,Jackson,-0.4885154543651157,-0.7634473733606761,GP,0.11331460414184885,1.5268380981122516e+24,0.18723546536425006,0.11331460414184885
859,2.44,0.8,1694.09703376,1682.2583047767864,7749.186007912234,0.0122,2731720868.0550575,81181901.56986813,Selsis,-0.3436710314598334,-0.6541387991847065,log,0.06244752505841511,2.816232154841706e+24,0.873480898136155,0.06244752505841511
860,2.44,0.8,1694.09703376,1682.2583047767864,3910.814296685295,0.0122,4456933232.096157,14831740.42150481,Jackson,-0.4036436573763987,-0.6549507314537268,log,0.085504167878663,1.9205366186367173e+24,0.5953050782714392,0.085504167878663
861,2.44,0.8,1694.09703376,1682.2583047767864,4624.918037650263,0.0122,4220278870.426509,29035459.167351034,Selsis,-0.2901535197702417,-0.7194673492536448,linear,0.4374836579624754,3.3368906873004097e+25,0.5424997139464988,0.4374836579624754
862,2.44,0.8,1694.09703376,1682.2583047767864,6483.110495406987,0.0122,2418591702.6611514,32082662.173987444,Jackson,-0.39176073286231505,-0.7209561726036056,GP,0.37988101133322066,6.444232060070724e+24,0.5545503315075394,0.37988101133322066
863,2.44,0.8,1694.09703376,1682.2583047767864,4534.015000500014,0.0122,4293818362.7966533,8972527.372788608,Selsis,-0.30810946979747283,-0.7751978899300902,log,0.4491326753033858,3.0641617273875785e+25,0.5585421695984432,0.4491326753033858
864,2.44,0.8,1694.09703376,1682.2583047767864,7710.748321476657,0.0122,2743489216.3933997,8685332.654244097,Selsis,-0.29783187102981273,-0.7682915853161356,log,0.26871726869669904,1.879849003919465e+25,0.8569739686461575,0.26871726869669904
865,2.44,0.8,1694.09703376,1682.2583047767864,3390.9495037710417,0.0122,5631090360.362499,84985155.04869255,Selsis,-0.3323560940885893,-0.6016452015564399,linear,0.10619866758904038,6.454188248578587e+24,0.5038499581137617,0.10619866758904038
866,2.44,0.8,1694.09703376,1682.2583047767864,6947.794416543051,0.0122,2234402878.8997703,85962838.55857442,Jackson,-0.4751075941573135,-0.7895552276021526,GP,0.10418980998777723,1.0381457523905452e+24,0.6358934308938673,0.10418980998777723
867,2.44,0.8,1694.09703376,1682.2583047767864,4097.783666131121,0.0122,4203430190.888202,76108748.57210976,Jackson,-0.33030900411572683,-0.6500566028493849,GP,0.4385348991739249,1.1444896964816927e+25,0.5572633024402112,0.4385348991739249
868,2.44,0.8,1694.09703376,1682.2583047767864,3489.798841089212,0.0122,5470316332.990002,84914685.36067796,Selsis,-0.3359665773548071,-0.7275408452898342,log,0.28372614560181897,1.3750836712902668e+25,0.62757439563045,0.28372614560181897
869,2.44,0.8,1694.09703376,1682.2583047767864,16142.535634543381,0.0122,1499525023.1193159,53529006.796396606,Selsis,-0.3083043087250137,-0.7634083009492764,GP,0.2395853188490885,1.2317022185781331e+25,0.7603212582157187,0.2395853188490885
870,2.44,0.8,1694.09703376,1682.2583047767864,6869.159175252448,0.0122,2263594763.126271,37458127.64237804,Jackson,-0.35328238239605214,-0.7564696259038461,log,0.1704775812785542,3.2557813000384076e+24,0.891059484002353,0.1704775812785542
871,2.44,0.8,1694.09703376,1682.2583047767864,4250.372694444076,0.0122,4543676784.042597,39290479.83124204,Selsis,-0.46027232653563493,-0.7545697043031844,GP,0.13556382013996598,4.808721448895524e+24,0.5002783858415195,0.13556382013996598
872,2.44,0.8,1694.09703376,1682.2583047767864,3882.6437947077134,0.0122,4497691265.600888,89071088.31392775,Jackson,-0.3795741524892181,-0.6627116790554931,GP,0.4043522615260925,7.835096920296105e+24,0.11196223809140937,0.4043522615260925
873,2.44,0.8,1694.09703376,1682.2583047767864,2332.904525869887,0.0122,8111651451.69144,75364668.13355158,Selsis,-0.43777367493357977,-0.6397680093795043,GP,0.2743047829885003,1.163277833116557e+25,0.5836025711473513,0.2743047829885003
874,2.44,0.8,1694.09703376,1682.2583047767864,5165.338673556399,0.0122,3164624118.0169377,85702554.99771523,Jackson,-0.3671865186220294,-0.6583606144700734,log,0.3040979807633041,5.667216200581129e+24,0.6791041205937035,0.3040979807633041
875,2.44,0.8,1694.09703376,1682.2583047767864,4431.205694172416,0.0122,3814248317.145657,13549679.331481794,Jackson,-0.3446844131181511,-0.6604362188552486,linear,0.4606710956786332,1.256932228671246e+25,0.5149286626718724,0.4606710956786332
876,2.44,0.8,1694.09703376,1682.2583047767864,3676.103483625117,0.0122,5191773856.449796,19683309.68935122,Selsis,-0.4484433342220399,-0.751943644326016,linear,0.055203369976370285,2.128068370597079e+24,0.6862772652593452,0.055203369976370285
877,2.44,0.8,1694.09703376,1682.2583047767864,2556.971401100493,0.0122,7414922179.97363,44588443.2758948,Selsis,-0.4974485366243579,-0.6695347087382821,linear,0.23842214999210332,9.391367095004999e+24,0.6769598912457983,0.23842214999210332
878,2.44,0.8,1694.09703376,1682.2583047767864,4104.821293312057,0.0122,4194429121.5023155,29117405.294212487,Jackson,-0.2972610994056485,-0.7755232715020342,GP,0.35091005214540644,1.1720750474457976e+25,0.5906766001207074,0.35091005214540644
879,2.44,0.8,1694.09703376,1682.2583047767864,228864.54234402333,0.0122,221798031.7202346,11894252.852054115,Selsis,-0.4765905857067744,-0.6210642945412392,log,0.09092930623031001,1.900739721057371e+24,0.8900306198168291,0.09092930623031001
880,2.44,0.8,1694.09703376,1682.2583047767864,3980.2450793969983,0.0122,4815190517.362785,89961541.1448318,Selsis,-0.34029701830355846,-0.7141864641991366,log,0.09270925910236531,4.280161299204867e+24,0.3610212050000955,0.09270925910236531
881,2.44,0.8,1694.09703376,1682.2583047767864,10249.084644560126,0.0122,1459581185.1911075,94121748.34581152,Jackson,-0.41558821062963086,-0.6728526596532032,GP,0.15272734787539385,1.7099840957266891e+24,0.6605436703082438,0.15272734787539385
882,2.44,0.8,1694.09703376,1682.2583047767864,3440.6428836378686,0.0122,5291601114.197022,45045663.45074675,Jackson,-0.2920123608639297,-0.666251063151729,log,0.059073274253360696,2.2883089613507333e+24,0.9221095945277794,0.059073274253360696
883,2.44,0.8,1694.09703376,1682.2583047767864,31515.35603559021,0.0122,907573313.2461714,35746298.42883226,Selsis,-0.3370109822166661,-0.6851403506379701,GP,0.13205515668951887,5.561255332319036e+24,0.5324390770560409,0.13205515668951887
884,2.44,0.8,1694.09703376,1682.2583047767864,3952.118477431558,0.0122,4845632498.187514,76933432.82277331,Selsis,-0.4755272276070826,-0.7130801131148679,linear,0.30299005967185055,9.673947917759228e+24,0.8932912606601211,0.30299005967185055
885,2.44,0.8,1694.09703376,1682.2583047767864,2660.061079325119,0.0122,7136948581.108433,82261304.2000653,Selsis,-0.3911306000037125,-0.6607622894716886,GP,0.08017931035172665,3.4644804692858097e+24,0.6428017099392206,0.08017931035172665
886,2.44,0.8,1694.09703376,1682.2583047767864,2636.2001739030666,0.0122,7199201508.558826,58567413.23113947,Selsis,-0.3875928616935461,-0.6666429200949014,linear,0.09930297694876934,4.588457876853308e+24,0.7092592286128382,0.09930297694876934
887,2.44,0.8,1694.09703376,1682.2583047767864,5363.23179882621,0.0122,3715456062.4261494,91972999.05993646,Selsis,-0.47868946771534837,-0.7671291054029582,linear,0.1197753025158947,3.348537581893302e+24,0.48698524746813165,0.1197753025158947
888,2.44,0.8,1694.09703376,1682.2583047767864,5602.18656445041,0.0122,2871771512.296094,36181577.083626255,Jackson,-0.4580321855675279,-0.7131367271231205,GP,0.09269498773149855,1.3615423859489614e+24,0.3129632220754771,0.09269498773149855
889,2.44,0.8,1694.09703376,1682.2583047767864,31131.58432386128,0.0122,915992284.7673831,45789632.80655061,Selsis,-0.33742152396486,-0.7662655391371058,linear,0.10825432185959628,4.27310088897634e+24,0.8405903750392109,0.10825432185959628
890,2.44,0.8,1694.09703376,1682.2583047767864,17785.799044123953,0.0122,835675819.6001729,91190335.9315706,Jackson,-0.3703434813649522,-0.6533243321063588,GP,0.09042893635694739,1.0049708227397728e+24,0.38517144371833045,0.09042893635694739
891,2.44,0.8,1694.09703376,1682.2583047767864,6889.115929639832,0.0122,3012655324.7778745,32127592.838006925,Selsis,-0.41897594982742453,-0.6310402831112814,linear,0.35875771092067676,1.5516770100548731e+25,0.7920837145382654,0.35875771092067676
892,2.44,0.8,1694.09703376,1682.2583047767864,4243.998361702942,0.0122,4549679848.930771,23393032.4384867,Selsis,-0.496536352227688,-0.6371922407172346,GP,0.17604287442115177,7.38782726625486e+24,0.42077152920887584,0.17604287442115177
893,2.44,0.8,1694.09703376,1682.2583047767864,2679.9017628813044,0.0122,7773204392.145703,80588633.89971292,Jackson,-0.3927374155493969,-0.6539457570760281,linear,0.06452252715027924,1.5015286260604982e+24,0.4539328293271149,0.06452252715027924
894,2.44,0.8,1694.09703376,1682.2583047767864,3925.871041701705,0.0122,4874441863.269866,5435014.804650992,Selsis,-0.45050688258616084,-0.7289594769046709,linear,0.32134114292594573,1.2989691145762549e+25,0.1891100826815637,0.32134114292594573
895,2.44,0.8,1694.09703376,1682.2583047767864,2671.133866323488,0.0122,7813595451.239854,67107486.19755259,Jackson,-0.4110203573998944,-0.6977539213240948,log,0.28910494773460044,5.765857256057929e+24,0.45435385083726776,0.28910494773460044
896,2.44,0.8,1694.09703376,1682.2583047767864,3262.0911919294913,0.0122,5734545266.677291,84883482.6258761,Jackson,-0.3501218031001274,-0.6031589750252673,GP,0.43859882396610966,1.3075353595889534e+25,0.7798901429015896,0.43859882396610966
897,2.44,0.8,1694.09703376,1682.2583047767864,9040.236889239786,0.0122,2394793235.0962973,81172259.6445003,Selsis,-0.4771957712771393,-0.6335893305902879,linear,0.07767256145870825,2.520023370576165e+24,0.20122857321605447,0.07767256145870825
898,2.44,0.8,1694.09703376,1682.2583047767864,10299.647189100806,0.0122,2148003857.075731,33293866.498406332,Selsis,-0.4990421277483578,-0.6478290801419325,linear,0.18550068887465893,6.62701365105003e+24,0.6638177822327924,0.18550068887465893
899,2.44,0.8,1694.09703376,1682.2583047767864,2051.8349053608163,0.0122,9224659554.157845,58419082.11486067,Selsis,-0.4910944748528824,-0.737547230420946,log,0.21581044657969842,7.533771816550479e+24,0.09414244943051409,0.21581044657969842
900,2.44,0.8,1694.09703376,1682.2583047767864,4439.71587002233,0.0122,3805224275.227327,98197435.34074695,Jackson,-0.4827952833992222,-0.7701155878256731,GP,0.3041743805303802,3.294156855019357e+24,0.6541902094767559,0.3041743805303802
901,2.44,0.8,1694.09703376,1682.2583047767864,5171.1754838004035,0.0122,3160329484.389548,73334117.0351342,Jackson,-0.4616744309235307,-0.7979926720617049,linear,0.49053596595773,5.728108099241091e+24,0.4345235463491356,0.49053596595773
902,2.44,0.8,1694.09703376,1682.2583047767864,2109.089979118217,0.0122,8971224520.534796,17754084.419176124,Selsis,-0.28964723493611516,-0.7803377282717746,GP,0.1485475262324862,1.2420989308782823e+25,0.8837848318548588,0.1485475262324862
903,2.44,0.8,1694.09703376,1682.2583047767864,5371.965427122109,0.0122,3710312154.9336104,73206127.32270478,Selsis,-0.40867340191314905,-0.7523199809277485,linear,0.05357191422953343,1.8387769493360912e+24,0.2395669573947793,0.05357191422953343
904,2.44,0.8,1694.09703376,1682.2583047767864,3830.939068946534,0.0122,4982564953.9295435,50010202.36838943,Selsis,-0.49622940600730153,-0.6939524667775623,linear,0.05042829338852823,1.7781337526170885e+24,0.9021653550841732,0.05042829338852823
905,2.44,0.8,1694.09703376,1682.2583047767864,1977.610208032341,0.0122,9577680176.811409,16218331.39915945,Selsis,-0.3623512061911241,-0.6765535777301642,linear,0.36786905474783427,2.1216780189418726e+25,0.4267738402530651,0.36786905474783427
906,2.44,0.8,1694.09703376,1682.2583047767864,2756.0789590842314,0.0122,7437247319.72965,18067067.420886893,Jackson,-0.41681483127787894,-0.753874831292825,log,0.1501893082299743,3.0092836959129416e+24,0.6347704821216715,0.1501893082299743
907,2.44,0.8,1694.09703376,1682.2583047767864,3465.528868898145,0.0122,5234709901.470838,41319655.33450928,Jackson,-0.4867912170442459,-0.7507354526493586,linear,0.32571093899203807,4.844139147887238e+24,0.855246844410237,0.32571093899203807
908,2.44,0.8,1694.09703376,1682.2583047767864,4789.013159918348,0.0122,3467626029.0188246,4079286.443186803,Jackson,-0.3795048460443808,-0.7482336814862891,log,0.3043542149050972,6.278381650684925e+24,0.4107523940540556,0.3043542149050972
909,2.44,0.8,1694.09703376,1682.2583047767864,3245.9428160036887,0.0122,5777877155.715679,45071739.15002911,Jackson,-0.4004573413021368,-0.6599899780719005,GP,0.33643475538953593,7.511804940500602e+24,0.0940820767181676,0.33643475538953593
910,2.44,0.8,1694.09703376,1682.2583047767864,4413.521824493265,0.0122,4395998681.309859,6831503.631989808,Selsis,-0.3134314075221057,-0.7183517196149873,log,0.32987443923673454,2.233385698780987e+25,0.899198009992839,0.32987443923673454
911,2.44,0.8,1694.09703376,1682.2583047767864,7953.887607393115,0.0122,2670941885.7081795,91806466.33651169,Selsis,-0.4247971696621208,-0.7746903707739035,log,0.278636374446517,8.149032745965165e+24,0.17311307652212937,0.278636374446517
912,2.44,0.8,1694.09703376,1682.2583047767864,5355.283881309336,0.0122,3030451037.41864,26304666.277765855,Jackson,-0.4995316356713026,-0.6055690159689153,log,0.1476654535672348,2.969614236197375e+24,0.4726703243267655,0.1476654535672348
913,2.44,0.8,1694.09703376,1682.2583047767864,5984.582055152528,0.0122,3386942811.0535474,13217788.440304391,Selsis,-0.3492383163117496,-0.7492781417370546,GP,0.4622807133865102,2.3607593816085314e+25,0.6351350271317131,0.4622807133865102
914,2.44,0.8,1694.09703376,1682.2583047767864,6683.527165841425,0.0122,3089453303.577071,77378762.19532067,Selsis,-0.3541112060489827,-0.7033116047922696,linear,0.2973963526681965,1.2464775170641607e+25,0.9284516804749852,0.2973963526681965
915,2.44,0.8,1694.09703376,1682.2583047767864,5005.426163635967,0.0122,3286858482.5091343,11908557.820192486,Jackson,-0.43380527885880654,-0.6280280783387403,linear,0.12308609688579014,2.596709850076584e+24,0.455520458660424,0.12308609688579014
916,2.44,0.8,1694.09703376,1682.2583047767864,6632.774807939024,0.0122,3109126186.23506,33121050.32318148,Selsis,-0.3090116986797242,-0.6503111587321306,log,0.138906939217778,9.16081632562239e+24,0.4727038245238553,0.138906939217778
917,2.44,0.8,1694.09703376,1682.2583047767864,3622.5468556051665,0.0122,5268657529.3049755,76158327.59493873,Selsis,-0.4933056302192517,-0.7748866076286516,GP,0.34521945325728637,1.0369863744171187e+25,0.03744760695536642,0.34521945325728637
918,2.44,0.8,1694.09703376,1682.2583047767864,5052.642709590735,0.0122,3909874976.5689764,5279208.636203027,Selsis,-0.40402471265561396,-0.7478383519063976,log,0.3755384662648919,1.6188810959897002e+25,0.00045974784807900626,0.3755384662648919
919,2.44,0.8,1694.09703376,1682.2583047767864,2670.137555214594,0.0122,7111019025.625198,77177346.39564486,Selsis,-0.37500604771072615,-0.6341403925030827,GP,0.42532719319401846,2.092785954721162e+25,0.9044233662942989,0.42532719319401846
920,2.44,0.8,1694.09703376,1682.2583047767864,2140.793410743836,0.0122,8837360697.203176,97264130.6045139,Selsis,-0.4312623485007904,-0.7015752360330686,log,0.06927873019913489,2.46760207814318e+24,0.8991963958546776,0.06927873019913489
921,2.44,0.8,1694.09703376,1682.2583047767864,2535.6028979921016,0.0122,7475603518.769727,88789244.41661884,Selsis,-0.45557959609911863,-0.7395864728664959,linear,0.15466649871900617,5.01284728442521e+24,0.08298747267449025,0.15466649871900617
922,2.44,0.8,1694.09703376,1682.2583047767864,5024.196902468311,0.0122,3272038011.2325583,46608416.065469384,Jackson,-0.34814547672683416,-0.701766640087628,linear,0.10952720704138875,2.4056677975866468e+24,0.23941260359283645,0.10952720704138875
923,2.44,0.8,1694.09703376,1682.2583047767864,3278.104217664424,0.0122,5825395172.328183,80452469.57134888,Selsis,-0.3711944603212172,-0.6919820972790471,GP,0.14183050324647062,6.089995338719961e+24,0.053803967666607,0.14183050324647062
924,2.44,0.8,1694.09703376,1682.2583047767864,3357.667734601068,0.0122,5686919398.022408,14026934.108780866,Selsis,-0.4129290328360054,-0.6942696697573009,GP,0.21934000599879055,9.811918418817782e+24,0.937426680723947,0.21934000599879055
925,2.44,0.8,1694.09703376,1682.2583047767864,11471.738819594164,0.0122,1297901152.8837447,32842074.82903817,Jackson,-0.3781767816430713,-0.785168290183481,GP,0.3845011418351235,5.665802881180039e+24,0.931785889122535,0.3845011418351235
926,2.44,0.8,1694.09703376,1682.2583047767864,6035.839958687353,0.0122,3362861443.665288,19251841.530875478,Selsis,-0.4712798440258192,-0.6406478758831656,log,0.06576231355569088,2.702000114549671e+24,0.07410993401343469,0.06576231355569088
927,2.44,0.8,1694.09703376,1682.2583047767864,11261.678629041595,0.0122,1323013137.022912,32419906.83989167,Jackson,-0.4256165935632206,-0.7685875666174695,linear,0.21580281225051434,2.741110123020769e+24,0.2895348403169312,0.21580281225051434
928,2.44,0.8,1694.09703376,1682.2583047767864,4322.9908025527275,0.0122,3932705333.611898,5585170.219181754,Jackson,-0.28325840124301765,-0.6455331676096134,log,0.3683207354611344,1.6221325177009272e+25,0.5856779609408953,0.3683207354611344
929,2.44,0.8,1694.09703376,1682.2583047767864,6781.046219007133,0.0122,2297215179.3520823,2319179.683809964,Jackson,-0.3954414685596837,-0.663838801730705,GP,0.35554139945785773,7.122273377231684e+24,0.657496342281212,0.35554139945785773
930,2.44,0.8,1694.09703376,1682.2583047767864,8675.472259370137,0.0122,1740650911.176021,14313409.219754726,Jackson,-0.287039645693329,-0.738528410771783,linear,0.3286785170505425,1.0285071012815776e+25,0.6353642677470263,0.3286785170505425
931,2.44,0.8,1694.09703376,1682.2583047767864,4186.054554005724,0.0122,4605098453.854593,45772372.29359671,Selsis,-0.4904680705775162,-0.7903153031988203,linear,0.07307272640681427,2.406544811835884e+24,0.8049334090239371,0.07307272640681427
932,2.44,0.8,1694.09703376,1682.2583047767864,9576.599481934265,0.0122,2282003037.57831,43754906.192364804,Selsis,-0.3904049755049889,-0.7976866813272463,log,0.1311155005411488,4.871359219602484e+24,0.10414976907851858,0.1311155005411488
933,2.44,0.8,1694.09703376,1682.2583047767864,3244.238425760766,0.0122,5782484776.912157,11376146.555115039,Jackson,-0.282452754084166,-0.7678320965508428,linear,0.05179439755286455,2.2134066896023348e+24,0.5111388648041743,0.05179439755286455
934,2.44,0.8,1694.09703376,1682.2583047767864,7899.538585954332,0.0122,1932386008.3489647,74641567.35374007,Jackson,-0.38792948310875824,-0.7748485950892079,linear,0.42616062149400247,5.568150033126612e+24,0.9538630592150649,0.42616062149400247
935,2.44,0.8,1694.09703376,1682.2583047767864,4321.687429499178,0.0122,4477737708.428843,99441040.57748064,Selsis,-0.376936853329495,-0.7588440233582061,linear,0.054011910765894504,1.9425406669030372e+24,0.5235250424533542,0.054011910765894504
936,2.44,0.8,1694.09703376,1682.2583047767864,10280.022237378489,0.0122,1454980750.2299764,12307636.093396252,Jackson,-0.3286387017761947,-0.6143145671475126,linear,0.31153636126281203,7.933702208819199e+24,0.6887054668098271,0.31153636126281203
937,2.44,0.8,1694.09703376,1682.2583047767864,78543.5987517023,0.0122,465402154.9223471,81527107.48720029,Selsis,-0.4718933711417975,-0.6967128331219106,GP,0.45454916593514794,8.879322153027749e+24,0.15196934791690975,0.45454916593514794
938,2.44,0.8,1694.09703376,1682.2583047767864,7904.814339534039,0.0122,1930937922.6527073,33666205.62610878,Jackson,-0.49942591322110597,-0.7368244333602565,GP,0.23586762043647325,2.927826706905512e+24,0.49142396609632544,0.23586762043647325
939,2.44,0.8,1694.09703376,1682.2583047767864,3454.4454348930626,0.0122,5259911424.106078,62474353.14955876,Jackson,-0.39951041452264313,-0.6935360829014049,log,0.25090800819007697,4.750146352510517e+24,0.8686126142225727,0.25090800819007697
940,2.44,0.8,1694.09703376,1682.2583047767864,3790.2343595067,0.0122,4636556171.840606,72223492.54790245,Jackson,-0.44196572013070307,-0.699490947737663,linear,0.08063108802080791,1.240306184027002e+24,0.3982148490949786,0.08063108802080791
941,2.44,0.8,1694.09703376,1682.2583047767864,2898.3530154569676,0.0122,6874777439.2741785,81464721.26442717,Jackson,-0.31454013267811776,-0.7066101396383221,GP,0.1160511887673721,3.472922915389267e+24,0.8503652155923676,0.1160511887673721
942,2.44,0.8,1694.09703376,1682.2583047767864,3875.114505176578,0.0122,4508706255.218663,76419100.34768963,Jackson,-0.45199940591124116,-0.7819905140957677,linear,0.46520435245849406,6.028561343464087e+24,0.3394584552029313,0.46520435245849406
943,2.44,0.8,1694.09703376,1682.2583047767864,1400.9046077586681,0.0122,13828239266.175379,34780849.59510632,Selsis,-0.481842164079609,-0.7711480823303437,GP,0.051861001268986996,1.9847940912145679e+24,0.47904960848710176,0.051861001268986996
944,2.44,0.8,1694.09703376,1682.2583047767864,3315.321710954892,0.0122,5759718653.047663,68217886.53297113,Selsis,-0.35868200072711537,-0.7946191789765602,linear,0.12880956379508424,5.63616642437765e+24,0.5176906695602663,0.12880956379508424
945,2.44,0.8,1694.09703376,1682.2583047767864,2679.6960841576274,0.0122,7086616308.457814,5606846.145899754,Selsis,-0.4788241140535807,-0.6203057691297141,GP,0.05426692847199338,2.7123286111530864e+24,0.03759142484252742,0.05426692847199338
946,2.44,0.8,1694.09703376,1682.2583047767864,3900.8482529501016,0.0122,4902275409.370406,26233253.15774804,Selsis,-0.4200440028833366,-0.7814190621291582,GP,0.14694158327699625,5.78663286999349e+24,0.535105722765409,0.14694158327699625
947,2.44,0.8,1694.09703376,1682.2583047767864,3120.207498095608,0.0122,6136312220.072334,35634866.71136645,Jackson,-0.3228080756752281,-0.602645878576071,linear,0.06619887743977432,2.606972959694673e+24,0.6685169200682651,0.06619887743977432
948,2.44,0.8,1694.09703376,1682.2583047767864,13186.71395596115,0.0122,1125690838.9939277,11282132.765812125,Jackson,-0.4425833258554385,-0.7508128981503924,GP,0.07649847600813973,9.805131817398793e+23,0.1345162909473091,0.07649847600813973
949,2.44,0.8,1694.09703376,1682.2583047767864,33977.379784074845,0.0122,857843636.5394489,36657815.69355638,Selsis,-0.31264095474071296,-0.7423583651680752,log,0.22723206068674592,1.0681525178417605e+25,0.7766002843986859,0.22723206068674592
950,2.44,0.8,1694.09703376,1682.2583047767864,9373.10400222154,0.0122,1603464289.1572127,36758978.41199514,Jackson,-0.46602832923884635,-0.7689586460279554,linear,0.48676343438560643,5.840883945113867e+24,0.5416195760641096,0.48676343438560643
951,2.44,0.8,1694.09703376,1682.2583047767864,2710.4296322486703,0.0122,7009466356.765448,85451832.6080309,Selsis,-0.30884827029294554,-0.6881390819287511,log,0.1323792099364303,8.207860331016984e+24,0.2404250418752426,0.1323792099364303
952,2.44,0.8,1694.09703376,1682.2583047767864,2129.273826257752,0.0122,8885489126.442434,25903770.07073003,Selsis,-0.4354211963504759,-0.7338904350522077,linear,0.22238030681418894,9.273399665341472e+24,0.894867104619555,0.22238030681418894
953,2.44,0.8,1694.09703376,1682.2583047767864,1428.9169210633863,0.0122,13528223125.293451,32201983.92526259,Selsis,-0.3756108519650086,-0.6173022840809058,GP,0.08591349054305071,5.527530517559675e+24,0.3940005279452319,0.08591349054305071
954,2.44,0.8,1694.09703376,1682.2583047767864,2486.586368030071,0.0122,8758313658.97082,17228410.847229037,Jackson,-0.43278960685836876,-0.6642567776951871,log,0.06055297011432613,1.470043570793805e+24,0.8575317213828032,0.06055297011432613
955,2.44,0.8,1694.09703376,1682.2583047767864,4213.123702475325,0.0122,4579016688.690981,75012166.90972249,Selsis,-0.4133060782591759,-0.6180812706474796,GP,0.051058112345892324,2.193486352436975e+24,0.9560801102702219,0.051058112345892324
956,2.44,0.8,1694.09703376,1682.2583047767864,1898.9108227475788,0.0122,9985953341.754604,39508713.50481313,Selsis,-0.4537805861799393,-0.6215651752840636,log,0.12965843977973696,6.503030546379577e+24,0.11235620957282166,0.12965843977973696
957,2.44,0.8,1694.09703376,1682.2583047767864,3810.221612073126,0.0122,5009492918.115167,40521370.631037876,Selsis,-0.3337270440631064,-0.790661016588821,linear,0.27002002526293883,1.4557887841750763e+25,0.05793466811475767,0.27002002526293883
958,2.44,0.8,1694.09703376,1682.2583047767864,23584.000904912034,0.0122,637480962.2851425,42351326.55132406,Jackson,-0.4690619367536001,-0.665211101676215,linear,0.07320325129639436,7.40759045649066e+23,0.33861616742723255,0.07320325129639436
959,2.44,0.8,1694.09703376,1682.2583047767864,9057.310649409881,0.0122,2391002985.7041273,29004383.123643354,Selsis,-0.4147171253159367,-0.6207883364447719,GP,0.31185195379803254,1.3509199501998857e+25,0.6111952280796639,0.31185195379803254
960,2.44,0.8,1694.09703376,1682.2583047767864,4605.191871738612,0.0122,4235989036.9813237,80357926.25017269,Selsis,-0.4157596653512695,-0.7596308279047421,log,0.06012986206971647,2.0034969145553222e+24,0.021458542201713393,0.06012986206971647
961,2.44,0.8,1694.09703376,1682.2583047767864,6650.831146335406,0.0122,3102093515.239828,99417077.74660604,Selsis,-0.48023093500794145,-0.6371752516207365,GP,0.050094978715684045,1.5877843038252564e+24,0.8472692525025632,0.050094978715684045
962,2.44,0.8,1694.09703376,1682.2583047767864,5806.331244735042,0.0122,2752324610.3307657,62964924.446783416,Jackson,-0.32075852033449637,-0.7626856654898441,linear,0.19818765139694736,4.4471410735510806e+24,0.32896126018075755,0.19818765139694736
963,2.44,0.8,1694.09703376,1682.2583047767864,8080.594560028524,0.0122,2634844347.040715,2067888.0173695849,Selsis,-0.4272814695794963,-0.7368021728697155,linear,0.2098788797894385,8.409147230250726e+24,0.5684175543770574,0.2098788797894385
964,2.44,0.8,1694.09703376,1682.2583047767864,2579.280712158713,0.0122,8260066484.241092,34358987.070802584,Jackson,-0.36255648850454325,-0.6704585392888505,GP,0.1056207220880852,3.037921271826942e+24,0.7629395080282488,0.1056207220880852
965,2.44,0.8,1694.09703376,1682.2583047767864,14190.879149335715,0.0122,1656794146.8471324,48927604.63575735,Selsis,-0.4457082793743798,-0.7179278465302816,linear,0.16531005941414953,5.234156819597026e+24,0.231505460058556,0.16531005941414953
966,2.44,0.8,1694.09703376,1682.2583047767864,2813.322792653547,0.0122,7201295496.471062,1712925.2153247774,Jackson,-0.3670269402504491,-0.7905033146995559,linear,0.1571077814198891,3.9689571018487174e+24,0.6537758424945158,0.1571077814198891
967,2.44,0.8,1694.09703376,1682.2583047767864,5000.543898484499,0.0122,3290734654.753472,48237184.842167564,Jackson,-0.2995407077412368,-0.7689233881133944,log,0.17819456654624044,5.216262284554775e+24,0.8852650227938657,0.17819456654624044
968,2.44,0.8,1694.09703376,1682.2583047767864,1729.5893057106189,0.0122,11008281228.148985,85190487.72217694,Selsis,-0.474635126747254,-0.7107958415848004,GP,0.33950433140131636,1.1797535009644219e+25,0.37156585816537535,0.33950433140131636
969,2.44,0.8,1694.09703376,1682.2583047767864,6779.297266215829,0.0122,2297892515.2544837,36837765.61705832,Jackson,-0.31447390938381287,-0.737796708822217,log,0.06841727469710543,1.714781734102191e+24,0.4712403029587924,0.06841727469710543
970,2.44,0.8,1694.09703376,1682.2583047767864,5294.766809451741,0.0122,3071981184.6453786,94848803.25592485,Jackson,-0.4009364944279319,-0.6888475107290065,GP,0.12258592275328901,1.7805339433999292e+24,0.21868924523911726,0.12258592275328901
971,2.44,0.8,1694.09703376,1682.2583047767864,2425.5232685034985,0.0122,9116279073.87847,72246775.19989565,Jackson,-0.37362169983214505,-0.7673228601605449,linear,0.05624484087765718,1.2026746299392324e+24,0.1272321117924221,0.05624484087765718
972,2.44,0.8,1694.09703376,1682.2583047767864,9622.184967437075,0.0122,1559677130.7252035,67450044.61973254,Jackson,-0.3510122019580071,-0.621362134585444,GP,0.11016260283039657,2.0519401047257993e+24,0.8540223116345655,0.11016260283039657
973,2.44,0.8,1694.09703376,1682.2583047767864,9150.42895961698,0.0122,2370573495.8258204,83489000.36368015,Selsis,-0.3909250642729262,-0.6084617624090278,log,0.28987300103024866,1.1572598569875864e+25,0.5237910892874852,0.28987300103024866
974,2.44,0.8,1694.09703376,1682.2583047767864,6163.277575307055,0.0122,2565270654.1068053,7650801.207995625,Jackson,-0.40071618408778037,-0.7544580832698105,linear,0.3824869819928632,6.650018396057279e+24,0.9125316732768792,0.3824869819928632
975,2.44,0.8,1694.09703376,1682.2583047767864,26340.68495539827,0.0122,1037590041.0405769,60866893.782792814,Selsis,-0.3651918791709138,-0.6997134407210439,log,0.35256613126962116,1.2085086042893273e+25,0.45401214970858184,0.35256613126962116
976,2.44,0.8,1694.09703376,1682.2583047767864,6298.76612155149,0.0122,2500629161.434522,76707163.80403675,Jackson,-0.3439168167299383,-0.6536254950396739,log,0.0910634823038616,1.8419906340847273e+24,0.6470966765877879,0.0910634823038616
977,2.44,0.8,1694.09703376,1682.2583047767864,8067.698412417002,0.0122,1887268834.9763203,31419705.90227991,Jackson,-0.38597191133533465,-0.6526228136176073,log,0.12693759927576528,2.3063918039943206e+24,0.4157713916398409,0.12693759927576528
978,2.44,0.8,1694.09703376,1682.2583047767864,6012.70215729337,0.0122,2641056638.8352666,68710033.88378444,Jackson,-0.34091444087858164,-0.7253337820339034,linear,0.2922890541352046,5.673183248084667e+24,0.9594016982108424,0.2922890541352046
979,2.44,0.8,1694.09703376,1682.2583047767864,8019.750930233375,0.0122,1899917877.6672435,75871655.21087067,Jackson,-0.3757019253534155,-0.7602916932244604,GP,0.18816194248023616,2.594957393186482e+24,0.09194862773120904,0.18816194248023616
980,2.44,0.8,1694.09703376,1682.2583047767864,3271.146039269349,0.0122,5710501140.495504,40870982.291751646,Jackson,-0.4564399199194918,-0.7891356843748267,linear,0.15059938911753126,2.317754429990546e+24,0.6225263319195212,0.15059938911753126
981,2.44,0.8,1694.09703376,1682.2583047767864,4650.302889935474,0.0122,4200259154.8169947,49733747.57400638,Selsis,-0.40447896036457764,-0.7963764508372657,log,0.1859924653720266,6.980052545398911e+24,0.1449687365729766,0.1859924653720266
982,2.44,0.8,1694.09703376,1682.2583047767864,2512.467458954174,0.0122,7542564869.649657,3411780.8056319756,Selsis,-0.32087003436258354,-0.7396149695205103,log,0.11812944656037797,8.119738703936281e+24,0.9628023571371782,0.11812944656037797
983,2.44,0.8,1694.09703376,1682.2583047767864,10933.3998367713,0.0122,2044648838.209704,7834664.359919551,Selsis,-0.47700105739694304,-0.6549077349856564,log,0.26668853256628233,1.016974023050461e+25,0.9888270953499884,0.26668853256628233
984,2.44,0.8,1694.09703376,1682.2583047767864,4057.106750676028,0.0122,4256192126.1691318,16583838.611293476,Jackson,-0.35039283138208255,-0.6884391903348661,linear,0.3971295166796103,1.0198221811935485e+25,0.07336456647572909,0.3971295166796103
985,2.44,0.8,1694.09703376,1682.2583047767864,3712.4974092743114,0.0122,5140900154.86377,24591774.060022946,Selsis,-0.41167994801774543,-0.6140257486796109,linear,0.19220577105046227,9.811775451987568e+24,0.7764419869817615,0.19220577105046227
986,2.44,0.8,1694.09703376,1682.2583047767864,3751.6160342588673,0.0122,5087409137.984314,74066855.06162928,Selsis,-0.48963907473462126,-0.7543715143912019,log,0.18640005676563504,5.716980600922505e+24,0.9822181039492399,0.18640005676563504
987,2.44,0.8,1694.09703376,1682.2583047767864,3371.245274075858,0.0122,5456251494.037246,78348317.59503344,Jackson,-0.2976816983119541,-0.7337614983188818,linear,0.13903509319657756,4.3571982377367577e+24,0.41168834748855343,0.13903509319657756
988,2.44,0.8,1694.09703376,1682.2583047767864,1732.9496266400977,0.0122,10985771057.504576,39710926.88554281,Selsis,-0.45596442322955966,-0.6905532383274277,GP,0.14388906516651076,6.087252156246643e+24,0.13280723997703336,0.14388906516651076
989,2.44,0.8,1694.09703376,1682.2583047767864,2578.1324523048984,0.0122,7355902520.092996,4113339.4616697724,Selsis,-0.29534787440427823,-0.6785236026727258,linear,0.07110716405505789,6.091477110921396e+24,0.18252858211146106,0.07110716405505789
990,2.44,0.8,1694.09703376,1682.2583047767864,5461.34367932425,0.0122,3658608499.8733873,99673183.30688484,Selsis,-0.4893047592239455,-0.7806483592613342,log,0.12660081979712776,3.370253944562723e+24,0.8105178127536762,0.12660081979712776
991,2.44,0.8,1694.09703376,1682.2583047767864,13391.905069647926,0.0122,1733442509.4275756,6426372.488428807,Selsis,-0.3388617225309531,-0.7841116343152178,log,0.1163479388045311,5.798212376684065e+24,0.11117528928644815,0.1163479388045311
992,2.44,0.8,1694.09703376,1682.2583047767864,55132.93234503169,0.0122,602468431.3022382,80027405.55626282,Selsis,-0.31376061685467865,-0.6455945808128635,log,0.384983124298308,1.3985041557784497e+25,0.45411934731481385,0.384983124298308
993,2.44,0.8,1694.09703376,1682.2583047767864,5818.207075849798,0.0122,3467974212.1564116,95824220.48570877,Selsis,-0.4600235229710763,-0.7866218408464214,GP,0.17633622343502972,4.899187379150633e+24,0.3876286840018257,0.17633622343502972
994,2.44,0.8,1694.09703376,1682.2583047767864,2838.5088636670553,0.0122,7101642091.423184,36247538.137572475,Jackson,-0.34896309570315337,-0.6366967992021011,log,0.2681989817313564,8.606758698985832e+24,0.5277108693047758,0.2681989817313564
995,2.44,0.8,1694.09703376,1682.2583047767864,8868.04552056719,0.0122,2433811930.7690887,38425340.180985965,Selsis,-0.4565961707035286,-0.7383735570412127,linear,0.32299670722330165,1.0882664148013112e+25,0.07761768040733474,0.32299670722330165
996,2.44,0.8,1694.09703376,1682.2583047767864,2374.2841210218076,0.0122,9437004084.356672,38783037.18993605,Jackson,-0.3274607529103063,-0.6165412615026118,log,0.09310852628548927,3.876856565893401e+24,0.1825501552396298,0.09310852628548927
997,2.44,0.8,1694.09703376,1682.2583047767864,3293.515674758421,0.0122,5651866839.009883,17941243.487978242,Jackson,-0.40189408039019375,-0.659175875958113,log,0.1980589798009876,4.6795189501721534e+24,0.8420354313953989,0.1980589798009876
998,2.44,0.8,1694.09703376,1682.2583047767864,7035.787044444573,0.0122,2202608945.6722226,29532426.86896334,Jackson,-0.49822569234871356,-0.7996473177845728,linear,0.17460009285387973,2.1583074275773994e+24,0.3252562814590475,0.17460009285387973
999,2.44,0.8,1694.09703376,1682.2583047767864,18268.091141212564,0.0122,1364020251.225697,71452377.44800422,Selsis,-0.4947740962130415,-0.7622817978140287,linear,0.1781660323974491,4.62300016844747e+24,0.3847406512142585,0.1781660323974491
