pl_mass,pl_radius,mass_source,st_mass,pl_teff,pl_insol,pl_XUV_flux,pl_orbsmax,orbit_source,st_age,pl_form_yr,x-ray-model,euv_gamma1,euv_gamma2,co2_fit,ch4_eta,N2O2_frac,C_loss,atmospheric_loss
0.388,0.788,catalog,0.09,285.34846497492697,1.11,240.32853502780227,0.02227,catalog,3515715119.8853574,19150123.044183288,Jackson,-0.34979587621273067,-0.7611084088167562,linear,0.05631488007191596,0.8456350875518802,9.807123908772887e+23,9.807123908772887e+23
0.388,0.788,catalog,0.09,285.34846497492697,1.11,165.66539671802437,0.02227,catalog,4879548562.483725,99722303.89464888,Jackson,-0.4898329487164174,-0.6923595287427541,GP,0.24371524879060946,0.4117172848074454,5.723528256940581e+23,5.723528256940581e+23
0.388,0.788,catalog,0.09,285.34846497492697,1.11,163.92839870807154,0.02227,catalog,4925708675.723245,29852109.588071615,Jackson,-0.4981946108851293,-0.6899051509764424,GP,0.1467819543407229,0.9742008385914565,8.617219662751377e+23,8.617219662751377e+23
0.388,0.788,catalog,0.09,285.34846497492697,1.11,382.96259774779793,0.02227,catalog,1150105627.9225504,5171707.953699537,Selsis,-0.2858659526804328,-0.7474041880044243,log,0.0632354551370402,0.27751473091915213,2.310392577138266e+23,2.310392577138266e+23
0.388,0.788,catalog,0.09,285.34846497492697,1.11,339.60376226071867,0.02227,catalog,4554685713.296597,30786726.627090685,Selsis,-0.4050246651210935,-0.6045675333199751,GP,0.3824824335242674,0.10350004108586575,4.6186216199435765e+23,4.6186216199435765e+23
0.388,0.788,catalog,0.09,285.34846497492697,1.11,110.43864656552913,0.02227,catalog,7049128898.905346,67126466.55682425,Jackson,-0.4625676156352363,-0.63424924551461,log,0.11284297213482272,0.03206570137918496,5.1574418606856206e+23,5.1574418606856206e+23
0.388,0.788,catalog,0.09,285.34846497492697,1.11,337.769599973483,0.02227,catalog,4572587005.891291,52682682.63834497,Selsis,-0.46271991865415524,-0.7236249510188356,linear,0.29343672539002497,0.34391833161094876,3.182860520492681e+23,3.182860520492681e+23
0.388,0.788,catalog,0.09,285.34846497492697,1.11,229.82026575055096,0.02227,catalog,3655348753.8379993,55015882.786359966,Jackson,-0.4378732868401622,-0.6629148420403405,log,0.09732066095637698,0.7620810863127889,7.744219395398277e+23,7.744219395398277e+23
0.388,0.788,catalog,0.09,285.34846497492697,1.11,111.64115245799904,0.02227,catalog,6979118165.466807,28454438.837904982,Jackson,-0.44418438887500156,-0.7313444073888798,linear,0.46827083394576136,0.387838565182818,6.44152492870934e+23,6.44152492870934e+23
0.388,0.788,catalog,0.09,285.34846497492697,1.11,381.65320739055704,0.02227,catalog,3948077266.2971373,71198405.61927573,Selsis,-0.3225493830194537,-0.7522516279548195,GP,0.2501770274266878,0.566193972054412,4.8088163338725724e+23,4.8088163338725724e+23
0.388,0.788,catalog,0.09,285.34846497492697,1.11,381.908947481004,0.02227,catalog,2803098611.4806223,72511228.11255713,Selsis,-0.420290186366251,-0.7177128752995566,GP,0.2810846208137873,0.07874115233944867,2.1946988732961145e+23,2.1946988732961145e+23
0.388,0.788,catalog,0.09,285.34846497492697,1.11,476.13888294653043,0.02227,catalog,1964020220.4899347,39541444.40999368,Jackson,-0.31057539954836144,-0.6086429944119467,linear,0.10920263738011696,0.9160657155479538,1.0931185738327952e+24,1.0931185738327952e+24
0.388,0.788,catalog,0.09,285.34846497492697,1.11,381.908947481004,0.02227,catalog,2629274509.8330054,71286094.4778483,Selsis,-0.4425889317912589,-0.7004832532299907,log,0.12589205874016715,0.2613459060560631,2.036048183553902e+23,2.036048183553902e+23
0.388,0.788,catalog,0.09,285.34846497492697,1.11,314.1344739135892,0.02227,catalog,2790701927.6128125,83959274.6475221,Jackson,-0.38189248326858627,-0.6136774505001243,GP,0.07629366045374074,0.4106218986454033,6.09634908848904e+23,6.09634908848904e+23
0.388,0.788,catalog,0.09,285.34846497492697,1.11,381.908947481004,0.02227,catalog,3294544530.3014565,35825863.0830398,Selsis,-0.3760066507254563,-0.6491046308586337,log,0.05391694078032332,0.9169276273077367,3.5192072581926396e+23,3.5192072581926396e+23
0.388,0.788,catalog,0.09,285.34846497492697,1.11,339.49394205625646,0.02227,catalog,2611866187.1881404,87602995.78342769,Jackson,-0.332550425003891,-0.6016085564459237,linear,0.23335303600899973,0.24044997230611231,5.578335468325497e+23,5.578335468325497e+23
0.388,0.788,catalog,0.09,285.34846497492697,1.11,149.77658109404456,0.02227,catalog,5341062693.733679,42615024.5939515,Jackson,-0.33910518062987577,-0.6536215653545367,GP,0.05655991722493034,0.08343520848007002,6.131874337342083e+23,6.131874337342083e+23
0.388,0.788,catalog,0.09,285.34846497492697,1.11,395.7433384591591,0.02227,catalog,2293723480.086479,59723920.44275952,Jackson,-0.3799418678566858,-0.7740142337794925,log,0.37265419779353615,0.15134957186210418,3.905005036998801e+23,3.905005036998801e+23
0.388,0.788,catalog,0.09,285.34846497492697,1.11,259.6959774088585,0.02227,catalog,5540320058.850893,10499689.264547769,Selsis,-0.4004935488243445,-0.7508524865780726,GP,0.07389408887699948,0.7889575006330148,4.481353736404311e+23,4.481353736404311e+23
0.388,0.788,catalog,0.09,285.34846497492697,1.11,400.59148498509154,0.02227,catalog,2270295217.6941047,60610467.29844661,Jackson,-0.49589352107435986,-0.6596667503808654,GP,0.4425185833567489,0.34167028022953017,4.546780453478903e+23,4.546780453478903e+23
0.388,0.788,catalog,0.09,285.34846497492697,1.11,114.16999573214686,0.02227,catalog,10331650518.99271,11675590.02996255,Selsis,-0.40802887470437504,-0.7275790776736203,GP,0.06847683198808584,0.20544418534061093,5.7472430805002556e+23,5.7472430805002556e+23
0.388,0.788,catalog,0.09,285.34846497492697,1.11,202.43081650382902,0.02227,catalog,4085265871.8425846,93222881.32784359,Jackson,-0.318558062782414,-0.709544238785044,linear,0.0525907452535469,0.19232576475655827,6.286588867907885e+23,6.286588867907885e+23
0.388,0.788,catalog,0.09,285.34846497492697,1.11,381.908947481004,0.02227,catalog,3219785986.475726,33457681.284792207,Selsis,-0.397407529242783,-0.64781898931016,GP,0.09875399852223737,0.5910120737121465,3.212019152451475e+23,3.212019152451475e+23
0.388,0.788,catalog,0.09,285.34846497492697,1.11,381.908947481004,0.02227,catalog,3381222783.697141,56480748.889526695,Selsis,-0.2892424455335718,-0.7298666606166786,log,0.3185802792820124,0.3447021739847571,5.484675703343275e+23,5.484675703343275e+23
0.388,0.788,catalog,0.09,285.34846497492697,1.11,375.37231496745943,0.02227,catalog,4045247599.2821774,11899136.1354114,Selsis,-0.3656444811370858,-0.7293174937708612,log,0.1848093891399295,0.25367989487286513,3.9667642308197516e+23,3.9667642308197516e+23
0.388,0.788,catalog,0.09,285.34846497492697,1.11,156.01570054017162,0.02227,catalog,5148785976.171813,55043750.61876673,Jackson,-0.36441676604917084,-0.7898715522432121,GP,0.29057069229068994,0.7575263967373839,9.153053250234004e+23,9.153053250234004e+23
0.388,0.788,catalog,0.09,285.34846497492697,1.11,381.908947481004,0.02227,catalog,2572126683.860231,50910812.55239285,Selsis,-0.4104222691195157,-0.6404901256230431,GP,0.08772553833988403,0.5493999820065618,2.510419310770772e+23,2.510419310770772e+23
0.388,0.788,catalog,0.09,285.34846497492697,1.11,133.85582092430823,0.02227,catalog,5911996058.561782,41100375.08222074,Jackson,-0.3528697414761129,-0.6730020090976007,linear,0.3736580383598903,0.7779864932058478,1.0512058136437494e+24,1.0512058136437494e+24
0.388,0.788,catalog,0.09,285.34846497492697,1.11,355.3038379455267,0.02227,catalog,2512753516.110686,6366021.789098229,Jackson,-0.3610097925549025,-0.6495108036072187,GP,0.06515944493909942,0.6481475333918543,7.979304757038614e+23,7.979304757038614e+23
0.388,0.788,catalog,0.09,285.34846497492697,1.11,144.70480956639062,0.02227,catalog,5509431775.573523,5678252.823312378,Jackson,-0.3014415891056748,-0.7488894874831136,linear,0.056536183409894296,0.8644508836345859,1.3890523654426808e+24,1.3890523654426808e+24
0.388,0.788,catalog,0.09,285.34846497492697,1.11,382.01229502318307,0.02227,catalog,1224464607.1292474,84669163.47409777,Selsis,-0.300688828737065,-0.7264590447940554,linear,0.08543175616307076,0.8050716303505032,2.0369281227558606e+23,2.0369281227558606e+23
0.388,0.788,catalog,0.09,285.34846497492697,1.11,381.908947481004,0.02227,catalog,3561235611.111517,93677965.65608451,Selsis,-0.36789912469654473,-0.7111005143139608,log,0.08393628698166854,0.76928841716923,3.320962940070593e+23,3.320962940070593e+23
0.388,0.788,catalog,0.09,285.34846497492697,1.11,381.908947481004,0.02227,catalog,2226342442.1066966,38614765.82691565,Selsis,-0.446660289137525,-0.7549225263028501,GP,0.05493464368561629,0.5730672245766583,1.7791074750114522e+23,1.7791074750114522e+23
0.388,0.788,catalog,0.09,285.34846497492697,1.11,125.23087263864647,0.02227,catalog,6281452131.344982,90722966.23310773,Jackson,-0.49264714088629447,-0.6944121780549772,GP,0.1351675273523332,0.5779424834163853,6.894102325623065e+23,6.894102325623065e+23
0.388,0.788,catalog,0.09,285.34846497492697,1.11,381.908947481004,0.02227,catalog,1281757406.0185058,93333126.86764401,Selsis,-0.3748586622170019,-0.7150425015974438,log,0.08662748017251916,0.6348966260330591,1.2939766823005058e+23,1.2939766823005058e+23
0.388,0.788,catalog,0.09,285.34846497492697,1.11,218.79070083956142,0.02227,catalog,3815883642.90217,26859697.29732362,Jackson,-0.3727660191015701,-0.7113662571791753,log,0.06596044590656394,0.44949211347534257,6.824702133281947e+23,6.824702133281947e+23
0.388,0.788,catalog,0.09,285.34846497492697,1.11,81.15174239719165,0.02227,catalog,9401736787.440018,28419618.138858173,Jackson,-0.3786413154186866,-0.7535159150521482,GP,0.3047649621956547,0.32514694712529757,7.349450212919898e+23,7.349450212919898e+23
0.388,0.788,catalog,0.09,285.34846497492697,1.11,209.6167144619188,0.02227,catalog,3961901644.0468245,17122847.597941164,Jackson,-0.4071261014558776,-0.6392716202758532,linear,0.2763371750663439,0.8000607491399525,9.028302640115164e+23,9.028302640115164e+23
0.388,0.788,catalog,0.09,285.34846497492697,1.11,345.8711376973486,0.02227,catalog,2570846475.316739,36724898.022560194,Jackson,-0.311944652090289,-0.7730611531920867,GP,0.08848251807019969,0.11110387882516748,4.67362877405118e+23,4.67362877405118e+23
0.388,0.788,catalog,0.09,285.34846497492697,1.11,117.28796915176032,0.02227,catalog,6669593052.181532,29873970.573021464,Jackson,-0.37544521714490486,-0.6738050989618749,linear,0.06998810789016091,0.39762131559669833,7.650849395894347e+23,7.650849395894347e+23
0.388,0.788,catalog,0.09,285.34846497492697,1.11,262.6128360451051,0.02227,catalog,5494951752.43759,33230093.56682081,Selsis,-0.3057854619570784,-0.6990900608790207,GP,0.061752593905138195,0.297467370846909,7.400847423973748e+23,7.400847423973748e+23
0.388,0.788,catalog,0.09,285.34846497492697,1.11,4373.279992749658,0.02227,catalog,262205100.30755457,50124721.13009978,Jackson,-0.3083800307835028,-0.7924203607285406,linear,0.3542135024289783,0.8373257016147988,2.3848411230147834e+23,2.3848411230147834e+23
0.388,0.788,catalog,0.09,285.34846497492697,1.11,2078.36898938239,0.02227,catalog,629137732.1706538,12530998.791447137,Jackson,-0.41484378810205713,-0.734428066062998,log,0.4332678866994159,0.3810995359573278,2.425163693645445e+23,2.425163693645445e+23
0.388,0.788,catalog,0.09,285.34846497492697,1.11,555.8448373584718,0.02227,catalog,1726879321.3174045,5478805.380623774,Jackson,-0.36416191665247927,-0.7369685797147445,GP,0.06993072251513902,0.6677660904512533,6.985123573442968e+23,6.985123573442968e+23
0.388,0.788,catalog,0.09,285.34846497492697,1.11,381.908947481004,0.02227,catalog,2967739999.10971,83221562.89224283,Selsis,-0.4252984035791778,-0.7118273101846556,linear,0.20781351822131475,0.9651048099721489,2.2934223092790777e+23,2.2934223092790777e+23
0.388,0.788,catalog,0.09,285.34846497492697,1.11,381.908947481004,0.02227,catalog,2524336245.85112,14719187.10186538,Selsis,-0.40782661788000185,-0.6583649268748248,GP,0.10346957274007065,0.2398096281878288,2.456596421812097e+23,2.456596421812097e+23
0.388,0.788,catalog,0.09,285.34846497492697,1.11,383.5409487210573,0.02227,catalog,1107159135.8710828,16996430.815494202,Selsis,-0.35907552321110514,-0.6543845070365549,log,0.39143495703075726,0.5623225092747373,1.723220086880938e+23,1.723220086880938e+23
0.388,0.788,catalog,0.09,285.34846497492697,1.11,381.908947481004,0.02227,catalog,2872089452.0987177,5948955.150202262,Selsis,-0.49296431617867453,-0.7616840224172329,GP,0.20407978159115275,0.6575286725624547,2.233218212806014e+23,2.233218212806014e+23
0.388,0.788,catalog,0.09,285.34846497492697,1.11,381.908947481004,0.02227,catalog,1520970277.634693,70643697.61855894,Selsis,-0.36435660020473903,-0.687595729897907,log,0.075831346358431,0.13301216509763047,1.6359096802794217e+23,1.6359096802794217e+23
0.388,0.788,catalog,0.09,285.34846497492697,1.11,158.79929470580853,0.02227,catalog,5067812525.615303,51580126.436154224,Jackson,-0.2836209449357621,-0.7472701559765721,GP,0.08037283943449416,0.564037357435698,1.1500448251389048e+24,1.1500448251389048e+24
0.388,0.788,catalog,0.09,285.34846497492697,1.11,191.96244077746894,0.02227,catalog,4281083395.261665,97058678.89497685,Jackson,-0.38491624462885066,-0.7390711418869973,linear,0.15773715537902291,0.2811923926997886,5.5469538367732943e+23,5.5469538367732943e+23
0.388,0.788,catalog,0.09,285.34846497492697,1.11,381.908947481004,0.02227,catalog,3011752572.744389,95824734.92753135,Selsis,-0.2806220716761646,-0.7240718374219706,log,0.42292859735378974,0.5472989761865273,5.2488572646816655e+23,5.2488572646816655e+23
0.388,0.788,catalog,0.09,285.34846497492697,1.11,325.74524605120047,0.02227,catalog,2705515665.2529,27393982.31936826,Jackson,-0.46953057470281007,-0.7824854664844222,linear,0.17934295640528886,0.8466817914795919,7.297562910305304e+23,7.297562910305304e+23
0.388,0.788,catalog,0.09,285.34846497492697,1.11,381.908947481004,0.02227,catalog,2549110674.963857,34912215.10799111,Selsis,-0.45333744177743096,-0.7428061565451626,linear,0.09205080411457031,0.9125199665771833,1.993335584401624e+23,1.993335584401624e+23
0.388,0.788,catalog,0.09,285.34846497492697,1.11,687.336151966315,0.02227,catalog,1449837176.2203002,52520374.8302732,Jackson,-0.3404097052752142,-0.7348426289920292,log,0.4825608156812405,0.16267317081319377,3.223460725723303e+23,3.223460725723303e+23
0.388,0.788,catalog,0.09,285.34846497492697,1.11,381.908947481004,0.02227,catalog,2687198746.9802804,1165577.2766856896,Selsis,-0.3580457384429397,-0.7529681627085063,log,0.059705036592553044,0.11027570117104701,2.7818159904163085e+23,2.7818159904163085e+23
0.388,0.788,catalog,0.09,285.34846497492697,1.11,383.89636425563697,0.02227,catalog,1081595747.663282,88408127.59982087,Selsis,-0.4790902929772282,-0.6751585046166787,log,0.21306167885155836,0.7483812253868221,9.15047514912308e+22,9.15047514912308e+22
0.388,0.788,catalog,0.09,285.34846497492697,1.11,218.2311620669352,0.02227,catalog,3824447552.8056545,6231355.740523737,Jackson,-0.4776019436653123,-0.7351844057086455,linear,0.1060859605121845,0.2565487147334805,4.878149427764204e+23,4.878149427764204e+23
0.388,0.788,catalog,0.09,285.34846497492697,1.11,78.32151633761707,0.02227,catalog,9723935617.86456,61542876.61592316,Jackson,-0.30713746834754624,-0.6875941453065315,log,0.3517122333348275,0.36042563651614035,1.0470620317855145e+24,1.0470620317855145e+24
0.388,0.788,catalog,0.09,285.34846497492697,1.11,121.23488745676252,0.02227,catalog,6470373835.382622,23723629.65044873,Jackson,-0.35988757814696365,-0.7808384162810107,GP,0.12482854091573364,0.3909004425197543,7.532308412100999e+23,7.532308412100999e+23
0.388,0.788,catalog,0.09,285.34846497492697,1.11,128.8550273936864,0.02227,catalog,9402759607.244892,18299038.73563809,Selsis,-0.41057802297266516,-0.7843461067533253,log,0.05695601763713341,0.7185178513146799,5.393646929115683e+23,5.393646929115683e+23
0.388,0.788,catalog,0.09,285.34846497492697,1.11,356.2733865342576,0.02227,catalog,2506948825.294861,81862071.71096954,Jackson,-0.41611371915048967,-0.6941758917173234,log,0.11314585816433084,0.5499905469305327,5.9380994457083914e+23,5.9380994457083914e+23
0.388,0.788,catalog,0.09,285.34846497492697,1.11,381.908947481004,0.02227,catalog,3299655743.240935,64921375.78204513,Selsis,-0.4201292910030797,-0.732662317301446,GP,0.2920355003507313,0.8847515008268528,2.568177183513731e+23,2.568177183513731e+23
0.388,0.788,catalog,0.09,285.34846497492697,1.11,263.95942979092547,0.02227,catalog,5474311888.033101,88222606.27577563,Selsis,-0.4539783121824588,-0.6149762635553473,log,0.07540550907610839,0.28750560746837894,4.559871080453384e+23,4.559871080453384e+23
0.388,0.788,catalog,0.09,285.34846497492697,1.11,276.9060078407662,0.02227,catalog,3109869587.804216,11960353.329146633,Jackson,-0.28316596253863147,-0.6111551963713864,linear,0.32002066963283343,0.31829593914965204,8.077734635227696e+23,8.077734635227696e+23
0.388,0.788,catalog,0.09,285.34846497492697,1.11,381.908947481004,0.02227,catalog,1889661231.7031515,38562048.00382428,Selsis,-0.4152265283505394,-0.6437272226846847,log,0.16277621474068127,0.8229450285695936,1.965695385470416e+23,1.965695385470416e+23
0.388,0.788,catalog,0.09,285.34846497492697,1.11,210.2828567365011,0.02227,catalog,3950881714.8843093,75233923.78196482,Jackson,-0.36019174642157775,-0.6743851793575166,GP,0.07811425938955993,0.5610038696780961,7.764445245209228e+23,7.764445245209228e+23
0.388,0.788,catalog,0.09,285.34846497492697,1.11,78.35994309170731,0.02227,catalog,9719401741.72507,85256773.70680694,Jackson,-0.46754392808555395,-0.7674159199993275,GP,0.40113968410560064,0.8076914271282629,8.088152651164779e+23,8.088152651164779e+23
0.388,0.788,catalog,0.09,285.34846497492697,1.11,137.55876535798814,0.02227,catalog,5767514277.7874975,47879887.97371358,Jackson,-0.44359843225123446,-0.6660797455393075,log,0.08597253670320992,0.3298588286719303,6.139135171001577e+23,6.139135171001577e+23
0.388,0.788,catalog,0.09,285.34846497492697,1.11,343.30939058875487,0.02227,catalog,2587149338.80421,79994497.75686724,Jackson,-0.3124361310471241,-0.6532290043634922,GP,0.11911771270131911,0.8029591575138547,1.0069999640941839e+24,1.0069999640941839e+24
0.388,0.788,catalog,0.09,285.34846497492697,1.11,381.908947481004,0.02227,catalog,2728980734.906702,79152654.9733869,Selsis,-0.48167965276633384,-0.6151920180586348,GP,0.44076883088701674,0.1807752832453008,2.4053180766441946e+23,2.4053180766441946e+23
0.388,0.788,catalog,0.09,285.34846497492697,1.11,383.41427428666367,0.02227,catalog,1116421091.4465122,86934542.21431632,Selsis,-0.34385322274533503,-0.6214959592054685,linear,0.48905284948718075,0.5190515337349909,1.584968214757389e+23,1.584968214757389e+23
0.388,0.788,catalog,0.09,285.34846497492697,1.11,152.02808988326137,0.02227,catalog,5269878880.323282,87399746.77008477,Jackson,-0.36935228234737544,-0.6485879920369549,linear,0.1506455348563867,0.8160553059306874,9.657177401973619e+23,9.657177401973619e+23
0.388,0.788,catalog,0.09,285.34846497492697,1.11,849.6593475581302,0.02227,catalog,1220159205.7765474,19261444.91986556,Jackson,-0.40215531931293824,-0.6653925410248722,log,0.0932385499312539,0.4110833844876993,4.181944270972037e+23,4.181944270972037e+23
0.388,0.788,catalog,0.09,285.34846497492697,1.11,381.908947481004,0.02227,catalog,3750072273.391377,29385301.928365104,Selsis,-0.4082365900533366,-0.6531277979650271,log,0.07536124586399226,0.3648285040950149,3.480104227996702e+23,3.480104227996702e+23
0.388,0.788,catalog,0.09,285.34846497492697,1.11,106.54771703310868,0.02227,catalog,7286531928.35017,28925340.430079713,Jackson,-0.33641593412025594,-0.666091377958522,linear,0.08727148110651203,0.44239285047319366,9.303729418206879e+23,9.303729418206879e+23
0.388,0.788,catalog,0.09,285.34846497492697,1.11,316.63549091380486,0.02227,catalog,4792148696.410734,52904865.616692856,Selsis,-0.3690966861302083,-0.612610150504506,log,0.055952159600427036,0.5401748138961097,5.3649252604519495e+23,5.3649252604519495e+23
0.388,0.788,catalog,0.09,285.34846497492697,1.11,187.46169848148676,0.02227,catalog,4371834681.242624,36542544.53294944,Jackson,-0.3578147842379677,-0.6249223267446603,log,0.21790026892762376,0.7616417027278071,1.0130927976556131e+24,1.0130927976556131e+24
0.388,0.788,catalog,0.09,285.34846497492697,1.11,381.908947481004,0.02227,catalog,1678165358.8345094,84119963.78667343,Selsis,-0.3265236480930465,-0.62497210969279,linear,0.3165549706376893,0.29077548616706317,2.41127154072568e+23,2.41127154072568e+23
0.388,0.788,catalog,0.09,285.34846497492697,1.11,381.908947481004,0.02227,catalog,1461929726.4273024,23099896.657013807,Selsis,-0.4525947137489389,-0.7959389259185408,GP,0.053884599831356496,0.4890436715618214,1.327696024303171e+23,1.327696024303171e+23
0.388,0.788,catalog,0.09,285.34846497492697,1.11,213.1883614768836,0.02227,catalog,3903600244.154284,98777842.42371209,Jackson,-0.46764103727431516,-0.6017206943930999,GP,0.42634294080304563,0.9962261538393842,8.52708824848907e+23,8.52708824848907e+23
0.388,0.788,catalog,0.09,285.34846497492697,1.11,75.2378658759149,0.02227,catalog,10103227217.47083,66656619.9091752,Jackson,-0.3213994780722111,-0.7344575451873424,log,0.07082313774990061,0.08247985995766549,7.700802759061246e+23,7.700802759061246e+23
0.388,0.788,catalog,0.09,285.34846497492697,1.11,298.02830487028666,0.02227,catalog,2919382166.380176,67230775.91584572,Jackson,-0.38628141522686443,-0.6605618017050114,linear,0.31740069741502797,0.11669106908625049,4.298562350001572e+23,4.298562350001572e+23
0.388,0.788,catalog,0.09,285.34846497492697,1.11,263.75665875031973,0.02227,catalog,3243253161.128258,4613140.8821241595,Jackson,-0.3827484413717539,-0.794160003254909,GP,0.08399726177961478,0.3173684563633402,5.540246666488349e+23,5.540246666488349e+23
0.388,0.788,catalog,0.09,285.34846497492697,1.11,381.908947481004,0.02227,catalog,3092421585.179912,52242697.84939986,Selsis,-0.46326058419675337,-0.6826982089043948,log,0.1308002075516174,0.2960116635096651,2.3876176456812567e+23,2.3876176456812567e+23
0.388,0.788,catalog,0.09,285.34846497492697,1.11,348.72507825843996,0.02227,catalog,2552953533.4773893,71778216.67604001,Jackson,-0.49456118516770575,-0.6402826981710604,GP,0.24619547817093984,0.12352466769365866,3.7527363709015096e+23,3.7527363709015096e+23
0.388,0.788,catalog,0.09,285.34846497492697,1.11,381.908947481004,0.02227,catalog,1711543332.6754315,3868138.227865281,Selsis,-0.332414255867098,-0.733794786166827,GP,0.3224969594207493,0.19616374285169302,2.2694487842786144e+23,2.2694487842786144e+23
0.388,0.788,catalog,0.09,285.34846497492697,1.11,356.1707885406129,0.02227,catalog,4369439489.897148,2920945.3102509277,Selsis,-0.40344363197857036,-0.690275293510682,linear,0.09829591525800692,0.5876745386769977,3.982378746424395e+23,3.982378746424395e+23
0.388,0.788,catalog,0.09,285.34846497492697,1.11,2243.8787137607023,0.02227,catalog,596400789.8168176,5387817.680172841,Jackson,-0.3320312958769887,-0.7434358275646201,linear,0.13088522465922517,0.31599259724084816,2.0008884144920104e+23,2.0008884144920104e+23
0.388,0.788,catalog,0.09,285.34846497492697,1.11,381.908947481004,0.02227,catalog,3839717251.3343887,48401726.94600722,Selsis,-0.3680122757745528,-0.6866880673092225,GP,0.09678350460643724,0.224781680989788,3.775043656993227e+23,3.775043656993227e+23
0.388,0.788,catalog,0.09,285.34846497492697,1.11,316.2854445418189,0.02227,catalog,2774468713.1509495,4728907.419625584,Jackson,-0.4006143300296122,-0.6758643606934006,linear,0.1905212526046739,0.4751870529061599,6.266875189585093e+23,6.266875189585093e+23
0.388,0.788,catalog,0.09,285.34846497492697,1.11,381.908947481004,0.02227,catalog,1713425855.2464988,5492718.935301508,Selsis,-0.4295821794967018,-0.7954759032719073,linear,0.06857548927540151,0.5705889155391604,1.6761164902932716e+23,1.6761164902932716e+23
0.388,0.788,catalog,0.09,285.34846497492697,1.11,366.44448750513783,0.02227,catalog,4190645088.1784344,42102161.35968731,Selsis,-0.35527510515684674,-0.7068571052372226,linear,0.09516539710208344,0.049663574981334335,4.165391991762787e+23,4.165391991762787e+23
0.388,0.788,catalog,0.09,285.34846497492697,1.11,381.908947481004,0.02227,catalog,3149997151.1108847,48778675.95845628,Selsis,-0.43155388183882937,-0.7422577885289979,linear,0.3694945914173302,0.017260610337417104,2.34383914873911e+23,2.34383914873911e+23
0.388,0.788,catalog,0.09,285.34846497492697,1.11,1287.7297952076829,0.02227,catalog,882632754.9518607,18170530.766505796,Jackson,-0.42581187176526314,-0.7343750710269511,log,0.20084378665954344,0.7773100284398903,5.4537802327512685e+23,5.4537802327512685e+23
0.388,0.788,catalog,0.09,285.34846497492697,1.11,357.4017611580254,0.02227,catalog,4347330182.126781,32602444.767509688,Selsis,-0.441701516515901,-0.6826004353647007,log,0.4518296689838089,0.648702825362712,3.452160244598625e+23,3.452160244598625e+23
0.388,0.788,catalog,0.09,285.34846497492697,1.11,329.1935024087159,0.02227,catalog,2681325154.5235,70702719.51309098,Jackson,-0.37865730219110977,-0.6230598599268827,linear,0.0774833691009837,0.1112373509926613,4.296080687909983e+23,4.296080687909983e+23
0.388,0.788,catalog,0.09,285.34846497492697,1.11,357.3324009334122,0.02227,catalog,4348570830.112346,32567497.185225632,Selsis,-0.34128791377825507,-0.7824611576724196,GP,0.41225280947185505,0.34584691414090596,4.690704388468322e+23,4.690704388468322e+23
0.388,0.788,catalog,0.09,285.34846497492697,1.11,115.97270640032383,0.02227,catalog,6738992072.038581,71439107.887384,Jackson,-0.3584570605798709,-0.7383038669231937,linear,0.2435517818981681,0.3881088396493202,7.526714767835921e+23,7.526714767835921e+23
0.388,0.788,catalog,0.09,285.34846497492697,1.11,802.4369735704759,0.02227,catalog,1277729058.9053342,61918449.94683714,Jackson,-0.4736264756013547,-0.7391168104416944,log,0.4353458351485247,0.7113630974425794,5.308542321583601e+23,5.308542321583601e+23
0.388,0.788,catalog,0.09,285.34846497492697,1.11,351.99741780070667,0.02227,catalog,4438096722.611466,99485091.80320737,Selsis,-0.39479215177065347,-0.6198919130236673,linear,0.1436289647271126,0.6200190593344532,4.305479921117477e+23,4.305479921117477e+23
0.388,0.788,catalog,0.09,285.34846497492697,1.11,381.908947481004,0.02227,catalog,2025414621.0871706,52407603.63845433,Selsis,-0.29735053091842983,-0.6053323824533335,log,0.05549435159003844,0.9408290415748798,3.913617949976784e+23,3.913617949976784e+23
0.388,0.788,catalog,0.09,285.34846497492697,1.11,271.92725975571483,0.02227,catalog,3158910212.0409365,84256227.44953069,Jackson,-0.3218467430786817,-0.6983512551254761,log,0.1828839146777052,0.9798349457160965,1.0790299115857099e+24,1.0790299115857099e+24
0.388,0.788,catalog,0.09,285.34846497492697,1.11,381.90894748100374,0.02227,catalog,1962514661.399968,22318234.60854526,Selsis,-0.4155350088856863,-0.6151277867315031,linear,0.11754573238155806,0.10255427822429297,2.0801247759137702e+23,2.0801247759137702e+23
0.388,0.788,catalog,0.09,285.34846497492697,1.11,126.10536786226668,0.02227,catalog,6241700388.754891,75800704.84701556,Jackson,-0.31985284006775594,-0.7663044818213876,log,0.08633097647883635,0.09045779432987999,6.577010766682933e+23,6.577010766682933e+23
0.388,0.788,catalog,0.09,285.34846497492697,1.11,827.0996199188652,0.02227,catalog,1246681063.6498888,68599083.21554652,Jackson,-0.4887553711702475,-0.7395615154187798,linear,0.06759748833109067,0.6171224454851592,4.791005202907323e+23,4.791005202907323e+23
0.388,0.788,catalog,0.09,285.34846497492697,1.11,422.22310477744946,0.02227,catalog,2171999411.5138454,99115603.64329277,Jackson,-0.2950843607845575,-0.690263845008236,log,0.06666491480258292,0.8026462447334525,1.0002885886508154e+24,1.0002885886508154e+24
0.388,0.788,catalog,0.09,285.34846497492697,1.11,156.65075846188864,0.02227,catalog,5130062608.96539,34742735.26230811,Jackson,-0.4864544837267442,-0.7364708011148754,GP,0.4777678180671127,0.9608097033280661,8.390012939977141e+23,8.390012939977141e+23
0.388,0.788,catalog,0.09,285.34846497492697,1.11,158.00935754397864,0.02227,catalog,5090505564.609833,27158252.120193303,Jackson,-0.4494221972973302,-0.6359731753131497,linear,0.46449069395963755,0.9991231839518234,9.69699691751028e+23,9.69699691751028e+23
0.388,0.788,catalog,0.09,285.34846497492697,1.11,111.94348968739907,0.02227,catalog,6961753173.325984,73283019.70420815,Jackson,-0.36785175388880276,-0.6240059753639645,log,0.4358213606901296,0.7034686353004488,1.0263228835846941e+24,1.0263228835846941e+24
0.388,0.788,catalog,0.09,285.34846497492697,1.11,96.12927328197736,0.02227,catalog,8017484343.590988,12171400.52265662,Jackson,-0.289658868894011,-0.6470089793013073,GP,0.05618524478827702,3.039656048875461e-05,8.209611897959994e+23,8.209611897959994e+23
0.388,0.788,catalog,0.09,285.34846497492697,1.11,381.908947481004,0.02227,catalog,2309795703.120057,4669492.86978071,Selsis,-0.35147749447993565,-0.7182638553800484,GP,0.28999112201973853,0.888412599594487,3.024912245955786e+23,3.024912245955786e+23
0.388,0.788,catalog,0.09,285.34846497492697,1.11,88.10828685287808,0.02227,catalog,8699357993.59938,15458997.937058384,Jackson,-0.3020848167122917,-0.7113060523038787,log,0.06769694779090805,0.12298831938144561,8.571616425898e+23,8.571616425898e+23
0.388,0.788,catalog,0.09,285.34846497492697,1.11,188.74568636878547,0.02227,catalog,7025822972.732957,95994711.01375501,Selsis,-0.40637880068486226,-0.7605439717387823,GP,0.1069845420495804,0.7575860099749445,4.544780024814146e+23,4.544780024814146e+23
0.388,0.788,catalog,0.09,285.34846497492697,1.11,153.38422219775148,0.02227,catalog,5227999478.762799,26150417.222186044,Jackson,-0.4429361059360855,-0.6906873748750283,GP,0.28413585194620933,0.8156870845145223,8.558551770436369e+23,8.558551770436369e+23
0.388,0.788,catalog,0.09,285.34846497492697,1.11,381.908947481004,0.02227,catalog,1822831828.2382824,70756872.02115722,Selsis,-0.3541097715424001,-0.7253217723418908,GP,0.08603999644827741,0.683151086736344,2.011272269601425e+23,2.011272269601425e+23
0.388,0.788,catalog,0.09,285.34846497492697,1.11,254.28420069836915,0.02227,catalog,5626973008.223794,93373361.92531222,Selsis,-0.4312643287277068,-0.7945705527647609,log,0.414332445429868,0.8204366013827591,3.643199561662913e+23,3.643199561662913e+23
0.388,0.788,catalog,0.09,285.34846497492697,1.11,224.00835433166614,0.02227,catalog,6180821314.028254,63077644.79058495,Selsis,-0.30660371651874463,-0.6491500587674862,log,0.06394509104413798,0.7937170947574917,8.37871946906407e+23,8.37871946906407e+23
0.388,0.788,catalog,0.09,285.34846497492697,1.11,152.04581458141604,0.02227,catalog,5269326757.462627,56612500.33945485,Jackson,-0.36254879124154454,-0.7897957138226385,linear,0.11674267096040496,0.7976212773095493,9.434392987370243e+23,9.434392987370243e+23
0.388,0.788,catalog,0.09,285.34846497492697,1.11,381.90894748100374,0.02227,catalog,2014824022.8022037,2928763.138598578,Selsis,-0.44874895354014377,-0.6037978593962813,linear,0.09190661518737336,0.3270789371339856,2.2848194478543343e+23,2.2848194478543343e+23
0.388,0.788,catalog,0.09,285.34846497492697,1.11,381.908947481004,0.02227,catalog,3655872107.199036,65766701.34680336,Selsis,-0.4684176457035596,-0.6635010845736092,log,0.14892451100853304,0.9699183285077366,2.807960195110151e+23,2.807960195110151e+23
0.388,0.788,catalog,0.09,285.34846497492697,1.11,309.5499367786793,0.02227,catalog,4871735054.691098,33269963.347471517,Selsis,-0.2960996646357498,-0.6183159004865355,GP,0.06717209502816202,0.8796437326968013,8.389192184981138e+23,8.389192184981138e+23
0.388,0.788,catalog,0.09,285.34846497492697,1.11,699.4612592597499,0.02227,catalog,1429224634.5707593,21417107.81645083,Jackson,-0.31912206529008147,-0.6703421003850099,log,0.26009620318102084,0.032643577044853544,2.482104825426231e+23,2.482104825426231e+23
0.388,0.788,catalog,0.09,285.34846497492697,1.11,289.49117671876513,0.02227,catalog,5115851300.741007,98594536.53803231,Selsis,-0.360828958980946,-0.602622344486837,GP,0.07582640889577091,0.7267537303298796,5.816813366502987e+23,5.816813366502987e+23
0.388,0.788,catalog,0.09,285.34846497492697,1.11,385.81617223972995,0.02227,catalog,953715868.0153445,96980812.85059027,Selsis,-0.469222530443572,-0.6337494782990346,GP,0.06891042943290515,0.5572452786392097,9.047530176366785e+22,9.047530176366785e+22
0.388,0.788,catalog,0.09,285.34846497492697,1.11,381.908947481004,0.02227,catalog,3579892026.89115,89118436.95381865,Selsis,-0.36899557303615926,-0.77797314003286,linear,0.28374579945809086,0.5266755977529733,3.202817910487106e+23,3.202817910487106e+23
0.388,0.788,catalog,0.09,285.34846497492697,1.11,369.0136145021987,0.02227,catalog,4147893366.84885,75772210.05730478,Selsis,-0.3059078220532013,-0.7113425243359516,linear,0.41504874327030644,0.09951286654825875,5.5801496527081694e+23,5.5801496527081694e+23
0.388,0.788,catalog,0.09,285.34846497492697,1.11,275.429130186435,0.02227,catalog,5305892752.4270525,27365586.133709718,Selsis,-0.409270198306575,-0.7883141991037036,log,0.38702345573344693,0.3336326852588143,3.9705021140655115e+23,3.9705021140655115e+23
0.388,0.788,catalog,0.09,285.34846497492697,1.11,95.64198440416311,0.02227,catalog,11879575239.77484,53407571.399013884,Selsis,-0.32213098468240864,-0.6136983237759854,log,0.0914032108781583,0.6024922281512763,1.1244683808601409e+24,1.1244683808601409e+24
0.388,0.788,catalog,0.09,285.34846497492697,1.11,381.908947481004,0.02227,catalog,3574078500.840194,48695811.20189307,Selsis,-0.47833430294731577,-0.7798311313687473,GP,0.33618701878635454,0.7609935176370108,2.4216606435863222e+23,2.4216606435863222e+23
0.388,0.788,catalog,0.09,285.34846497492697,1.11,249.28440641655305,0.02227,catalog,3405718071.2956176,72179702.66757275,Jackson,-0.4337409938900273,-0.7379271139375149,GP,0.08566593120997293,0.7370310687946816,7.089915149471856e+23,7.089915149471856e+23
0.388,0.788,catalog,0.09,285.34846497492697,1.11,294.1206416744564,0.02227,catalog,2952638962.2616563,83719067.85408832,Jackson,-0.3859228803454546,-0.7341511084047501,linear,0.07469426857376693,0.5915563185856494,6.682893017679606e+23,6.682893017679606e+23
0.388,0.788,catalog,0.09,285.34846497492697,1.11,177.78142469401976,0.02227,catalog,4582248074.333098,52444075.43943076,Jackson,-0.4459790019365419,-0.76060838219506,log,0.09933981338933506,0.2626212732808969,5.09795467594992e+23,5.09795467594992e+23
0.388,0.788,catalog,0.09,285.34846497492697,1.11,217.80489139594732,0.02227,catalog,6311397881.661939,17353674.6450546,Selsis,-0.31441423346750835,-0.7179478083814271,linear,0.3789718688705015,0.3865037182001234,7.613112187964203e+23,7.613112187964203e+23
0.388,0.788,catalog,0.09,285.34846497492697,1.11,118.64572434596676,0.02227,catalog,6599566217.049601,75761303.08936183,Jackson,-0.44988118458230153,-0.6061676545343977,log,0.152689921802839,0.4446671910030494,7.607425796300923e+23,7.607425796300923e+23
0.388,0.788,catalog,0.09,285.34846497492697,1.11,381.908947481004,0.02227,catalog,1296028215.724747,32316125.50093763,Selsis,-0.4314863225656955,-0.7688069339531785,linear,0.12036580815302349,0.8709641047934952,1.2491294252012366e+23,1.2491294252012366e+23
0.388,0.788,catalog,0.09,285.34846497492697,1.11,557.6164950441934,0.02227,catalog,1722335630.1684387,52746951.11745573,Jackson,-0.31418256310307274,-0.6765935738746925,GP,0.1271248110580707,0.42431734560076617,5.78684252153056e+23,5.78684252153056e+23
0.388,0.788,catalog,0.09,285.34846497492697,1.11,337.9764950751164,0.02227,catalog,4570559051.641026,87875513.70474674,Selsis,-0.3024828539191499,-0.7266370622662707,linear,0.3402756200869225,0.35129050734992107,6.356916138967074e+23,6.356916138967074e+23
0.388,0.788,catalog,0.09,285.34846497492697,1.11,381.908947481004,0.02227,catalog,3300422162.341571,21444658.6116523,Selsis,-0.34041826281612564,-0.6087114597554812,log,0.4383784487706948,0.3906935494027449,4.5586594298740866e+23,4.5586594298740866e+23
0.388,0.788,catalog,0.09,285.34846497492697,1.11,157.72244838836167,0.02227,catalog,5098803260.8443775,8693853.761819389,Jackson,-0.28519048056446694,-0.6487920591580718,GP,0.09508868606623712,0.5795948490952075,1.2286225382045845e+24,1.2286225382045845e+24
0.388,0.788,catalog,0.09,285.34846497492697,1.11,295.29089256050855,0.02227,catalog,5042216781.499936,52824654.56679745,Selsis,-0.3483383397475183,-0.6296783383845069,log,0.1498980501045311,0.6725394598424732,5.8569153248083e+23,5.8569153248083e+23
0.388,0.788,catalog,0.09,285.34846497492697,1.11,183.64857945087957,0.02227,catalog,4452124350.617785,92625513.29717343,Jackson,-0.31227859941377895,-0.6680329365486912,linear,0.22871408040427035,0.951324512786776,1.2283072148468236e+24,1.2283072148468236e+24
0.388,0.788,catalog,0.09,285.34846497492697,1.11,382.71632977404687,0.02227,catalog,1168914044.9486935,5469769.0317537775,Selsis,-0.4625466732301297,-0.768107760815691,log,0.13138194353645766,0.8027456663396695,1.3080455102812914e+23,1.3080455102812914e+23
0.388,0.788,catalog,0.09,285.34846497492697,1.11,183.47345305232236,0.02227,catalog,4455890293.485548,56646371.37488859,Jackson,-0.4707210475951303,-0.742352226368643,log,0.1697052654453898,0.2678648922218968,4.98651714456662e+23,4.98651714456662e+23
0.388,0.788,catalog,0.09,285.34846497492697,1.11,271.1227700209071,0.02227,catalog,5367623436.7042885,75631728.27827628,Selsis,-0.3319660545987361,-0.6584405502497105,GP,0.3221923194908233,0.7946992211300171,6.247886973364358e+23,6.247886973364358e+23
0.388,0.788,catalog,0.09,285.34846497492697,1.11,381.908947481004,0.02227,catalog,2550727009.667432,97193818.40164343,Selsis,-0.30829308973235287,-0.6972629098982192,GP,0.20921295355196506,0.3837941061735958,3.5912573331133704e+23,3.5912573331133704e+23
0.388,0.788,catalog,0.09,285.34846497492697,1.11,381.908947481004,0.02227,catalog,2628437141.363933,13607928.25770297,Selsis,-0.3467189003328042,-0.7028410085637601,linear,0.06600378802427538,0.5845162121826523,3.257400903635176e+23,3.257400903635176e+23
0.388,0.788,catalog,0.09,285.34846497492697,1.11,151.81198453529493,0.02227,catalog,8287909875.467747,21768626.973797295,Selsis,-0.45413467777727407,-0.7931013298139136,GP,0.21764215927724984,0.359830988795929,4.472381864842253e+23,4.472381864842253e+23
0.388,0.788,catalog,0.09,285.34846497492697,1.11,381.908947481004,0.02227,catalog,2653617388.206357,2736613.2172650313,Selsis,-0.47906122321450634,-0.717828597133415,log,0.1525719526401384,0.08602013694129174,2.0065701384213127e+23,2.0065701384213127e+23
0.388,0.788,catalog,0.09,285.34846497492697,1.11,114.46267988699663,0.02227,catalog,6820635835.807008,91029996.47826658,Jackson,-0.40015907464788375,-0.7481000935995054,linear,0.35430612080985613,0.8184152809887254,8.638168953010817e+23,8.638168953010817e+23
0.388,0.788,catalog,0.09,285.34846497492697,1.11,715.1977036365492,0.02227,catalog,1403446948.537316,85103126.22603025,Jackson,-0.47959668265847455,-0.7880644098771532,linear,0.3580746951718446,0.1019847857192141,2.4891160384665456e+23,2.4891160384665456e+23
0.388,0.788,catalog,0.09,285.34846497492697,1.11,153.1479482166186,0.02227,catalog,8232573248.980808,74467329.75694202,Selsis,-0.3339589189571717,-0.6312959522017125,log,0.06089007514187141,0.4115790276830096,8.368783615182843e+23,8.368783615182843e+23
0.388,0.788,catalog,0.09,285.34846497492697,1.11,121.4653673017012,0.02227,catalog,9844067888.480455,14583470.83308433,Selsis,-0.4716457557095271,-0.6050906018717988,linear,0.08639340106355303,0.626685553478241,6.827204308478764e+23,6.827204308478764e+23
0.388,0.788,catalog,0.09,285.34846497492697,1.11,381.908947481004,0.02227,catalog,3535744055.9413075,33072169.303067908,Selsis,-0.40463936395599,-0.7112906810778311,log,0.23250130598181226,0.05378797948329095,2.922120478637839e+23,2.922120478637839e+23
0.388,0.788,catalog,0.09,285.34846497492697,1.11,381.908947481004,0.02227,catalog,2342488229.5799794,20941046.708140794,Selsis,-0.367263471181329,-0.7347356053426174,linear,0.05301201109342402,0.2764028663983291,2.4531660960479628e+23,2.4531660960479628e+23
0.388,0.788,catalog,0.09,285.34846497492697,1.11,258.25781761675677,0.02227,catalog,3302911512.1344085,41194452.741058744,Jackson,-0.3536831295884449,-0.7710702396240093,GP,0.0785899142747985,0.5643382111043792,7.512517732284348e+23,7.512517732284348e+23
0.388,0.788,catalog,0.09,285.34846497492697,1.11,150.55147882258794,0.02227,catalog,5316326098.379092,62308712.89436853,Jackson,-0.3974826961804269,-0.784728061576674,linear,0.1661348342076601,0.7450351739074982,8.267688245193348e+23,8.267688245193348e+23
0.388,0.788,catalog,0.09,285.34846497492697,1.11,381.908947481004,0.02227,catalog,3447556540.9874096,35586327.93174946,Selsis,-0.29606965144785063,-0.6385131952833117,linear,0.09535435761106209,9.170292804383529e-05,5.260905148214414e+23,5.260905148214414e+23
0.388,0.788,catalog,0.09,285.34846497492697,1.11,590.7696285700708,0.02227,catalog,1642041796.3536332,12258559.435981179,Jackson,-0.4083723531154951,-0.7871689011087385,GP,0.09558726776346795,0.0921863833884502,2.9701776596401533e+23,2.9701776596401533e+23
0.388,0.788,catalog,0.09,285.34846497492697,1.11,244.98579950103627,0.02227,catalog,5783892962.425415,46386216.35803874,Selsis,-0.3888659050455963,-0.719275160847948,log,0.09223651382248137,0.8618245770809122,4.654986266930047e+23,4.654986266930047e+23
0.388,0.788,catalog,0.09,285.34846497492697,1.11,368.9087119257986,0.02227,catalog,2433964158.078586,93237891.15733702,Jackson,-0.4976956431083113,-0.6410603774808024,log,0.05978809976095153,0.16301787809547996,3.793075135168997e+23,3.793075135168997e+23
0.388,0.788,catalog,0.09,285.34846497492697,1.11,413.3433429178938,0.02227,catalog,2211168106.904088,63041221.978449985,Jackson,-0.3340023997686552,-0.6640481375541547,linear,0.12226207549324236,0.3235511008231814,5.444411492538084e+23,5.444411492538084e+23
0.388,0.788,catalog,0.09,285.34846497492697,1.11,381.908947481004,0.02227,catalog,2458249281.0716834,37414671.94705524,Selsis,-0.29243537945483217,-0.7027340413599235,linear,0.05543900585922239,0.3032657794004261,4.086792648874905e+23,4.086792648874905e+23
0.388,0.788,catalog,0.09,285.34846497492697,1.11,306.9931940746248,0.02227,catalog,4901258912.18524,75677417.7881289,Selsis,-0.3402980565488045,-0.6538213520320103,GP,0.42940574460588593,0.6239271505843172,5.591873001111599e+23,5.591873001111599e+23
0.388,0.788,catalog,0.09,285.34846497492697,1.11,272.6175141343225,0.02227,catalog,3152008209.3621054,70837389.51143198,Jackson,-0.45614447928441265,-0.7539824813337891,GP,0.12274474772460106,0.6495672778787844,6.443850302626073e+23,6.443850302626073e+23
0.388,0.788,catalog,0.09,285.34846497492697,1.11,123.83859327391227,0.02227,catalog,6345895532.232381,52627688.20412674,Jackson,-0.3298641694673641,-0.7269258715620558,log,0.11151812525138938,0.4259363973933906,8.666572911531729e+23,8.666572911531729e+23
0.388,0.788,catalog,0.09,285.34846497492697,1.11,365.5639364493943,0.02227,catalog,4205472807.0083866,14107701.924325973,Selsis,-0.49827352611175607,-0.6313293765184008,linear,0.07558587326821757,0.26189985406034555,3.520218847010437e+23,3.520218847010437e+23
0.388,0.788,catalog,0.09,285.34846497492697,1.11,381.908947481004,0.02227,catalog,1925421153.354917,48942295.07102005,Selsis,-0.3868220827428323,-0.7666243592012658,log,0.450737760885731,0.15659649683056032,1.7796214600152022e+23,1.7796214600152022e+23
0.388,0.788,catalog,0.09,285.34846497492697,1.11,155.82996875446506,0.02227,catalog,5154290341.261783,70699586.94643188,Jackson,-0.32450846335719385,-0.7477583471356929,linear,0.34566718932790685,0.013821937428298181,5.564228673096308e+23,5.564228673096308e+23
0.388,0.788,catalog,0.09,285.34846497492697,1.11,162.61048508299433,0.02227,catalog,4961379193.122385,63256750.84860011,Jackson,-0.44607476278230246,-0.6990539566556029,linear,0.0672600728610835,0.5759753631287384,6.99515588541877e+23,6.99515588541877e+23
0.388,0.788,catalog,0.09,285.34846497492697,1.11,140.45475521764888,0.02227,catalog,8797344703.611238,31720837.187799446,Selsis,-0.46255869441283376,-0.704593368582718,GP,0.4946622330000176,0.3215328824763384,4.8262585355857006e+23,4.8262585355857006e+23
0.388,0.788,catalog,0.09,285.34846497492697,1.11,345.734360170958,0.02227,catalog,4496082826.747366,39199017.43020937,Selsis,-0.3128183494939242,-0.7884236376852162,linear,0.1751411101628028,0.5906274682918506,5.945815037086525e+23,5.945815037086525e+23
0.388,0.788,catalog,0.09,285.34846497492697,1.11,93.82214608491017,0.02227,catalog,12062436396.218042,82837616.90372328,Selsis,-0.4002246744899699,-0.6815687695605949,linear,0.09254905160581735,0.8923454654324304,6.477354111686387e+23,6.477354111686387e+23
0.388,0.788,catalog,0.09,285.34846497492697,1.11,384.07705049824045,0.02227,catalog,2352401332.6842136,88564533.57290258,Jackson,-0.39725626185471946,-0.6541883582763747,GP,0.0723618546368892,0.08342112362247167,3.6157921767869e+23,3.6157921767869e+23
0.388,0.788,catalog,0.09,285.34846497492697,1.11,381.908947481004,0.02227,catalog,3060071595.5187035,51785196.909496106,Selsis,-0.4301257446546223,-0.6971290791221109,log,0.3032142378247308,0.6369362027652353,2.478293690616441e+23,2.478293690616441e+23
0.388,0.788,catalog,0.09,285.34846497492697,1.11,177.06860791811292,0.02227,catalog,4598632830.661192,9458805.630083034,Jackson,-0.31354526249886405,-0.7959945988256851,log,0.1841059787648989,0.7138064840120467,1.1113111141346107e+24,1.1113111141346107e+24
0.388,0.788,catalog,0.09,285.34846497492697,1.11,384.6956850468412,0.02227,catalog,1026316829.3552336,40278020.31542828,Selsis,-0.2824499507666459,-0.6734934482528927,log,0.06589291570067767,0.0320965535465354,1.7065535588195858e+23,1.7065535588195858e+23
0.388,0.788,catalog,0.09,285.34846497492697,1.11,349.0624366915552,0.02227,catalog,2550856909.46503,58552052.20094286,Jackson,-0.31343379713425334,-0.6438857644213611,GP,0.2686913158594605,0.02831686859837601,4.136119376975875e+23,4.136119376975875e+23
0.388,0.788,catalog,0.09,285.34846497492697,1.11,201.0510793927328,0.02227,catalog,4109935770.255,1370365.0799966936,Jackson,-0.41103115360613757,-0.7393421829319144,GP,0.4913419400736659,0.399033463675474,6.170541943283683e+23,6.170541943283683e+23
0.388,0.788,catalog,0.09,285.34846497492697,1.11,68.76733968360273,0.02227,catalog,11012780368.441675,39243035.914342344,Jackson,-0.4971057125720001,-0.659688355906886,GP,0.24639973747402646,0.31343002046824386,6.778908771251536e+23,6.778908771251536e+23
0.388,0.788,catalog,0.09,285.34846497492697,1.11,72.07862321825898,0.02227,catalog,10526352153.545233,59391675.2234198,Jackson,-0.3565940714860842,-0.7440634350274518,linear,0.4795632561060826,0.6938502852568795,1.0417289902882392e+24,1.0417289902882392e+24
0.388,0.788,catalog,0.09,285.34846497492697,1.11,298.22084275761233,0.02227,catalog,2917765179.961789,38869576.761322275,Jackson,-0.49331931753844876,-0.6588294121485381,linear,0.082255837989025,0.39885079103189314,5.336418623711884e+23,5.336418623711884e+23
0.388,0.788,catalog,0.09,285.34846497492697,1.11,381.908947481004,0.02227,catalog,2636416017.3579016,4639699.016162032,Selsis,-0.36555186432424663,-0.6589317587619097,GP,0.20572973709235046,0.1122541841516439,2.8693109254902915e+23,2.8693109254902915e+23
0.388,0.788,catalog,0.09,285.34846497492697,1.11,284.5520852007172,0.02227,catalog,5180678181.883772,20140545.843481287,Selsis,-0.4620928694617292,-0.6327097013686661,log,0.1315154853411678,0.8830588625838276,4.37900885076702e+23,4.37900885076702e+23
0.388,0.788,catalog,0.09,285.34846497492697,1.11,91.18631108307524,0.02227,catalog,8423317155.032796,46047269.34493718,Jackson,-0.4383346937091196,-0.6972031144066118,linear,0.22681412759957884,0.9607479822697046,9.500261778178418e+23,9.500261778178418e+23
0.388,0.788,catalog,0.09,285.34846497492697,1.11,381.908947481004,0.02227,catalog,3192708929.6869745,11805440.939953748,Selsis,-0.393740420615205,-0.6772320877520106,log,0.3202651972947162,0.8384449022228321,3.2441731329672025e+23,3.2441731329672025e+23
0.388,0.788,catalog,0.09,285.34846497492697,1.11,162.16240860242192,0.02227,catalog,4973636793.713457,53309668.30692447,Jackson,-0.42790016310370016,-0.7538711755598543,GP,0.09545048291300921,0.9807243422158278,8.613919419278536e+23,8.613919419278536e+23
0.388,0.788,catalog,0.09,285.34846497492697,1.11,383.2534234758896,0.02227,catalog,1128297880.6432164,28450697.05740413,Selsis,-0.4039679005636242,-0.6739746084990925,log,0.2508796109507033,0.7947449065542788,1.3718275490909992e+23,1.3718275490909992e+23
0.388,0.788,catalog,0.09,285.34846497492697,1.11,405.16897875030566,0.02227,catalog,702835644.716952,28585642.476511195,Selsis,-0.42022166780960274,-0.7876739433575395,log,0.2514698913941854,0.5486674013038423,8.941008362489933e+22,8.941008362489933e+22
0.388,0.788,catalog,0.09,285.34846497492697,1.11,637.6557394767755,0.02227,catalog,1541914243.1930792,51978104.21900033,Jackson,-0.41095283179977865,-0.7776595310548248,log,0.09071714632386539,0.1607389314078823,3.0903381116336345e+23,3.0903381116336345e+23
0.388,0.788,catalog,0.09,285.34846497492697,1.11,226.3906678434089,0.02227,catalog,3703639330.8484573,10658196.988656225,Jackson,-0.33050277421726504,-0.628457360819721,log,0.3122612004581337,0.19908225340880792,6.356508900398922e+23,6.356508900398922e+23
0.388,0.788,catalog,0.09,285.34846497492697,1.11,360.94361213293274,0.02227,catalog,2479405038.5447254,97342801.39398503,Jackson,-0.3330251655560441,-0.6874529736584246,log,0.0722221956022561,0.06489986678676729,3.9937824178831655e+23,3.9937824178831655e+23
0.388,0.788,catalog,0.09,285.34846497492697,1.11,178.9048486031644,0.02227,catalog,4556685042.719421,90042547.42426707,Jackson,-0.4739950393173434,-0.653607442575234,log,0.24534385887587531,0.8635073487790205,7.843777797045015e+23,7.843777797045015e+23
0.388,0.788,catalog,0.09,285.34846497492697,1.11,232.10811580658495,0.02227,catalog,3623904579.7407947,79317494.22761051,Jackson,-0.43091783482302604,-0.6894212920571315,GP,0.2766302668652945,0.11666530683999154,4.2696558929345715e+23,4.2696558929345715e+23
0.388,0.788,catalog,0.09,285.34846497492697,1.11,165.57718726099833,0.02227,catalog,7757265172.565645,24440371.473982476,Selsis,-0.49030789243163714,-0.6142217035428134,log,0.18646477663082517,0.8413207028270518,5.691442326957682e+23,5.691442326957682e+23
0.388,0.788,catalog,0.09,285.34846497492697,1.11,350.5204772442358,0.02227,catalog,4451604420.061156,95461810.17251354,Selsis,-0.384564353467042,-0.6031731137810511,log,0.4936613324879506,0.3619481478876113,4.743733353412659e+23,4.743733353412659e+23
0.388,0.788,catalog,0.09,285.34846497492697,1.11,181.83797831837762,0.02227,catalog,4491402679.684998,87081107.37619825,Jackson,-0.37940112154395933,-0.6564924418984833,log,0.06640091951586856,0.85717017202417,9.118387714591559e+23,9.118387714591559e+23
0.388,0.788,catalog,0.09,285.34846497492697,1.11,381.90894748100374,0.02227,catalog,2828885355.986713,90091143.47692937,Selsis,-0.4593389895695635,-0.7004023723223011,linear,0.4168878548242765,0.18571860473677715,2.0516770524232663e+23,2.0516770524232663e+23
0.388,0.788,catalog,0.09,285.34846497492697,1.11,381.908947481004,0.02227,catalog,3410583327.53485,57966285.511781625,Selsis,-0.42236916035983496,-0.673342329342989,log,0.08145143021716228,0.46563749565414947,2.860115571851676e+23,2.860115571851676e+23
0.388,0.788,catalog,0.09,285.34846497492697,1.11,337.2108273866876,0.02227,catalog,2626911909.3125777,34144178.34615407,Jackson,-0.39536650948055785,-0.6339529111913988,GP,0.16451478160916203,0.026481775223461734,3.728386427848056e+23,3.728386427848056e+23
0.388,0.788,catalog,0.09,285.34846497492697,1.11,314.8429838689158,0.02227,catalog,2785331384.7536607,2858764.468852016,Jackson,-0.31980779384823815,-0.6535466431498961,log,0.107841416777081,0.8868251632784837,1.1414257976602562e+24,1.1414257976602562e+24
0.388,0.788,catalog,0.09,285.34846497492697,1.11,112.51204123193386,0.02227,catalog,6929351336.008089,53614413.23473557,Jackson,-0.3708991213000634,-0.7938668616233129,linear,0.08647869460135994,0.10521414833767129,5.682076736055701e+23,5.682076736055701e+23
0.388,0.788,catalog,0.09,285.34846497492697,1.11,381.908947481004,0.02227,catalog,3119713962.3775353,15489460.922029452,Selsis,-0.3204571851798738,-0.6888184033446578,GP,0.18690302060942518,0.828831566313464,4.5448055284552244e+23,4.5448055284552244e+23
0.388,0.788,catalog,0.09,285.34846497492697,1.11,461.2831134681338,0.02227,catalog,2016730362.1708567,24530002.867562376,Jackson,-0.309836632166131,-0.6486356283731419,linear,0.23575059794609093,0.9248180895497093,1.0978898244331509e+24,1.0978898244331509e+24
0.388,0.788,catalog,0.09,285.34846497492697,1.11,2266.6609250794554,0.02227,catalog,592223876.704963,10816339.046437807,Jackson,-0.3498347216546,-0.6981872538130403,log,0.06601966297359498,0.042580560795991595,1.0488043445784393e+23,1.0488043445784393e+23
0.388,0.788,catalog,0.09,285.34846497492697,1.11,383.62054403495694,0.02227,catalog,1101380247.2769516,97270088.20697483,Selsis,-0.43357068152383277,-0.7726935272343569,linear,0.14303704421202434,0.3307383635458131,8.893531043979043e+22,8.893531043979043e+22
0.388,0.788,catalog,0.09,285.34846497492697,1.11,189.83553667248938,0.02227,catalog,4323445127.99038,92848983.29271746,Jackson,-0.2938577165868603,-0.6522470652966856,log,0.3257784749415734,0.49285957338565023,9.872019243692797e+23,9.872019243692797e+23
0.388,0.788,catalog,0.09,285.34846497492697,1.11,381.908947481004,0.02227,catalog,2077615652.6772861,20268940.0784245,Selsis,-0.43679722304048574,-0.6755276840571872,GP,0.13126712251604344,0.17945988424672998,1.8630525139239236e+23,1.8630525139239236e+23
0.388,0.788,catalog,0.09,285.34846497492697,1.11,123.28107096141173,0.02227,catalog,6372108184.246745,88060042.28082576,Jackson,-0.3754476728335307,-0.6403897867072476,GP,0.09375300643903378,0.5720776477669107,8.693996446046747e+23,8.693996446046747e+23
0.388,0.788,catalog,0.09,285.34846497492697,1.11,290.9790011919588,0.02227,catalog,2979998314.308688,19757926.98047159,Jackson,-0.35491082925915396,-0.7480381177052424,linear,0.22337031850244068,0.9115504019211386,9.662165387185963e+23,9.662165387185963e+23
0.388,0.788,catalog,0.09,285.34846497492697,1.11,776.4220520358642,0.02227,catalog,1312462621.940204,96335030.89925765,Jackson,-0.34160103639542966,-0.7799413662527943,GP,0.29205725512012204,0.35270698033485626,3.960086537946308e+23,3.960086537946308e+23
0.388,0.788,catalog,0.09,285.34846497492697,1.11,260.3892744406277,0.02227,catalog,3279498203.218413,19691860.343023006,Jackson,-0.32765787605357805,-0.6469837608764982,linear,0.31506548384517014,0.2829217597598781,6.54392051913612e+23,6.54392051913612e+23
0.388,0.788,catalog,0.09,285.34846497492697,1.11,381.908947481004,0.02227,catalog,2594479674.915801,54625692.61797325,Selsis,-0.4231932481633905,-0.6622289582352178,log,0.3692152435254918,0.7352237541146937,2.308448054816989e+23,2.308448054816989e+23
0.388,0.788,catalog,0.09,285.34846497492697,1.11,191.2219908142778,0.02227,catalog,6957266484.121967,2095625.7977172816,Selsis,-0.3017434516380697,-0.6485249870008226,log,0.10730486263268156,0.8195746718951582,9.92202430199164e+23,9.92202430199164e+23
0.388,0.788,catalog,0.09,285.34846497492697,1.11,120.16159417252861,0.02227,catalog,9927154774.33674,35710154.875858024,Selsis,-0.3987510217626442,-0.6554104546248024,log,0.1655874868632805,0.23046060902673027,6.490172743161608e+23,6.490172743161608e+23
0.388,0.788,catalog,0.09,285.34846497492697,1.11,706.8976221364629,0.02227,catalog,236244819.09949392,34998632.83853423,Selsis,-0.3898508176917369,-0.6344439324713659,log,0.05678291192394674,0.7112019339975495,5.822822395137462e+22,5.822822395137462e+22
0.388,0.788,catalog,0.09,285.34846497492697,1.11,87.964305917285,0.02227,catalog,12699358729.462189,86868979.96086264,Selsis,-0.3011387143572293,-0.789758359498467,GP,0.10654224844244732,0.5906925457645169,1.0971619753824653e+24,1.0971619753824653e+24
0.388,0.788,catalog,0.09,285.34846497492697,1.11,114.3099843887601,0.02227,catalog,6829011973.8165,88720576.16805899,Jackson,-0.37171947037775094,-0.6835266684298774,GP,0.2619706837598665,0.3985597610871566,7.471943604288242e+23,7.471943604288242e+23
0.388,0.788,catalog,0.09,285.34846497492697,1.11,381.908947481004,0.02227,catalog,2726913676.0840063,48273321.0092905,Selsis,-0.40758037235973293,-0.6561208810825299,GP,0.21932664137352603,0.026696539655303497,2.441558698075888e+23,2.441558698075888e+23
0.388,0.788,catalog,0.09,285.34846497492697,1.11,1487.4935800066644,0.02227,catalog,795937817.6341674,52828653.28305009,Jackson,-0.3074913906534665,-0.6946234661769416,linear,0.10186235168602087,0.0616358065967868,1.4006243840197038e+23,1.4006243840197038e+23
0.388,0.788,catalog,0.09,285.34846497492697,1.11,381.90894748100374,0.02227,catalog,2506791785.5039597,20924579.31607395,Selsis,-0.2872235817349088,-0.6667305787909988,GP,0.1725600273997207,0.2823126066213003,4.46337417178326e+23,4.46337417178326e+23
0.388,0.788,catalog,0.09,285.34846497492697,1.11,199.9015251079155,0.02227,catalog,6729229258.208615,1805134.8048639565,Selsis,-0.3349085654471378,-0.7307855167492828,linear,0.06542180711766112,0.16666765405745543,6.674513764289262e+23,6.674513764289262e+23
0.388,0.788,catalog,0.09,285.34846497492697,1.11,100.76392142967573,0.02227,catalog,11398352189.878609,23189842.909665782,Selsis,-0.3064993254572606,-0.6001652634369832,log,0.24252005972356555,0.13381519611186687,1.238305576717946e+24,1.238305576717946e+24
0.388,0.788,catalog,0.09,285.34846497492697,1.11,200.96495388037607,0.02227,catalog,4111486660.723993,60495052.65253893,Jackson,-0.47131608761282545,-0.6420237057658196,linear,0.4019132620549634,0.6226760314071322,7.2143930658132e+23,7.2143930658132e+23
0.388,0.788,catalog,0.09,285.34846497492697,1.11,372.6308286978544,0.02227,catalog,4088959995.7539034,52404000.31373392,Selsis,-0.4421422786318209,-0.6394032817315676,GP,0.2929858321063353,0.22257984595731595,3.47614629228489e+23,3.47614629228489e+23
0.388,0.788,catalog,0.09,285.34846497492697,1.11,360.7364474453752,0.02227,catalog,2480612425.117538,10041004.488233168,Jackson,-0.45321873376176625,-0.713445377308362,GP,0.09698683162911151,0.7062001404007964,6.932828598300058e+23,6.932828598300058e+23
0.388,0.788,catalog,0.09,285.34846497492697,1.11,126.66376571084515,0.02227,catalog,6216603579.161784,8860856.203153715,Jackson,-0.39895163537776857,-0.7941824820728206,GP,0.34887467734700933,0.7383377475944399,8.898588834743867e+23,8.898588834743867e+23
0.388,0.788,catalog,0.09,285.34846497492697,1.11,86.34795910510279,0.02227,catalog,8866211300.713242,61919255.2623242,Jackson,-0.4327075868119358,-0.6074780107678315,GP,0.23376637799257183,0.060253645724917426,6.323187799464413e+23,6.323187799464413e+23
0.388,0.788,catalog,0.09,285.34846497492697,1.11,381.908947481004,0.02227,catalog,2071162159.0974176,15594684.749893462,Selsis,-0.4129611391047551,-0.686416358806133,log,0.15238320473034886,0.013082209976840953,1.8451392727455902e+23,1.8451392727455902e+23
0.388,0.788,catalog,0.09,285.34846497492697,1.11,166.20951669753214,0.02227,catalog,7734832984.315498,72621723.93784295,Selsis,-0.4710517484492632,-0.6727211505787636,GP,0.11200237973784699,0.20604698074068506,4.620728172400401e+23,4.620728172400401e+23
0.388,0.788,catalog,0.09,285.34846497492697,1.11,260.61424565848665,0.02227,catalog,3277048542.119891,93371245.64425609,Jackson,-0.4083556023016165,-0.7805448388237869,GP,0.11012739204126165,0.6540510386226738,6.738267118555563e+23,6.738267118555563e+23
0.388,0.788,catalog,0.09,285.34846497492697,1.11,127.30877756954007,0.02227,catalog,6187886977.735965,25178221.999096576,Jackson,-0.3447266475111953,-0.6168584792623022,GP,0.07166941234342107,0.9129198556617392,1.2697528365202352e+24,1.2697528365202352e+24
0.388,0.788,catalog,0.09,285.34846497492697,1.11,68.25958922227323,0.02227,catalog,11091668841.134247,48602507.269015834,Jackson,-0.4732818732760693,-0.6673797560828665,log,0.20848727903155145,0.23112274860817905,6.386493765894803e+23,6.386493765894803e+23
0.388,0.788,catalog,0.09,285.34846497492697,1.11,381.908947481004,0.02227,catalog,2901158811.287317,12565204.448506424,Selsis,-0.42732390987107827,-0.61518207693147,log,0.10000677750876352,0.490747278676011,3.0841114417201126e+23,3.0841114417201126e+23
0.388,0.788,catalog,0.09,285.34846497492697,1.11,99.25506470120834,0.02227,catalog,7781932507.048571,8772300.951768812,Jackson,-0.31926240117512833,-0.7060232403214947,log,0.3829988999939815,0.042821493784878095,7.09918262586556e+23,7.09918262586556e+23
0.388,0.788,catalog,0.09,285.34846497492697,1.11,348.2636915095552,0.02227,catalog,4472441440.689624,42346218.64039609,Selsis,-0.4922396859412096,-0.6433194035057059,log,0.11468697598317731,0.6376610584275098,3.5337882586635456e+23,3.5337882586635456e+23
0.388,0.788,catalog,0.09,285.34846497492697,1.11,194.28645868818202,0.02227,catalog,4235832313.320209,69109721.33747226,Jackson,-0.43387156607546035,-0.6980951027078716,linear,0.4407785148122167,0.317314227025006,5.437348984957506e+23,5.437348984957506e+23
0.388,0.788,catalog,0.09,285.34846497492697,1.11,71.94083035750873,0.02227,catalog,10545675857.565365,84281268.05754732,Jackson,-0.28564657338870314,-0.6060378365890101,linear,0.18596837555137757,0.31424836787626076,1.2665091723530534e+24,1.2665091723530534e+24
0.388,0.788,catalog,0.09,285.34846497492697,1.11,184.68360699208935,0.02227,catalog,7141907415.830455,12569131.566705532,Selsis,-0.29572015122012946,-0.7667776216944199,linear,0.07090426521372074,0.12067889432050194,8.950684716652824e+23,8.950684716652824e+23
0.388,0.788,catalog,0.09,285.34846497492697,1.11,314.2297101314981,0.02227,catalog,4818810800.441052,94306900.47808054,Selsis,-0.2807523935107001,-0.6318993919389345,GP,0.41905782244222345,0.9831903335721748,8.694391738909345e+23,8.694391738909345e+23
0.388,0.788,catalog,0.09,285.34846497492697,1.11,160.9096853792904,0.02227,catalog,7927842293.866761,13062004.463520292,Selsis,-0.49579622877603796,-0.6152136769923905,linear,0.3989615509592848,0.3438523827739416,5.67743905001905e+23,5.67743905001905e+23
0.388,0.788,catalog,0.09,285.34846497492697,1.11,381.908947481004,0.02227,catalog,3770130881.3935456,8665975.44318129,Selsis,-0.3423206634046309,-0.6708756745922263,linear,0.10576575786151922,0.6659751429466408,4.717853776731984e+23,4.717853776731984e+23
0.388,0.788,catalog,0.09,285.34846497492697,1.11,527.5002884746428,0.02227,catalog,1803467672.8652444,43797943.05064231,Jackson,-0.3006693834981815,-0.7637854153014205,log,0.16202077740258872,0.7845365357441699,9.407560417255794e+23,9.407560417255794e+23
0.388,0.788,catalog,0.09,285.34846497492697,1.11,1092.9751258632496,0.02227,catalog,1002208333.3071525,87580573.38983482,Jackson,-0.41018876640581997,-0.7191438859121047,GP,0.3616182711100555,0.8040178825824362,5.246997111963823e+23,5.246997111963823e+23
0.388,0.788,catalog,0.09,285.34846497492697,1.11,382.6913439284801,0.02227,catalog,1170840059.1491086,2626775.3687125724,Selsis,-0.3906308561300733,-0.6390060749813486,log,0.05733206782171232,0.591470312651955,1.7330891165179218e+23,1.7330891165179218e+23
0.388,0.788,catalog,0.09,285.34846497492697,1.11,171.03049436391413,0.02227,catalog,7568813743.4781475,69296067.6819636,Selsis,-0.3855757148544111,-0.696934060265225,GP,0.2740103375210511,0.6424987379012784,5.513861526170549e+23,5.513861526170549e+23
0.388,0.788,catalog,0.09,285.34846497492697,1.11,325.0998124664398,0.02227,catalog,4701152913.862868,46803358.50052994,Selsis,-0.45392651627207875,-0.604177009469464,linear,0.25380642419525407,0.6456127004649482,4.414632496155969e+23,4.414632496155969e+23
0.388,0.788,catalog,0.09,285.34846497492697,1.11,381.908947481004,0.02227,catalog,1899604623.840512,28860325.336467765,Selsis,-0.35478462141190986,-0.7344469303466279,GP,0.3634273105718444,0.8504688876595733,2.2958377511988162e+23,2.2958377511988162e+23
0.388,0.788,catalog,0.09,285.34846497492697,1.11,284.4113247052453,0.02227,catalog,3039068987.314368,35533384.97642105,Jackson,-0.42979806794416736,-0.6770389834150944,GP,0.25320939928621616,0.5846996916077298,6.703011914125636e+23,6.703011914125636e+23
0.388,0.788,catalog,0.09,285.34846497492697,1.11,377.42712966751975,0.02227,catalog,2387390752.062934,19929440.617815696,Jackson,-0.40881622354827934,-0.7902576422835691,GP,0.16763903515689327,0.44949860412365805,5.5059184361278075e+23,5.5059184361278075e+23
0.388,0.788,catalog,0.09,285.34846497492697,1.11,231.37135535750917,0.02227,catalog,3633964773.4179077,54456637.10992245,Jackson,-0.38151706008284847,-0.7454515473703092,linear,0.11691672603577077,0.45657703493592694,6.437242775027535e+23,6.437242775027535e+23
0.388,0.788,catalog,0.09,285.34846497492697,1.11,160.97892398339096,0.02227,catalog,5006335339.226325,44174361.78972696,Jackson,-0.3747201438735405,-0.7310536710224408,linear,0.2816676532124008,0.7677169833749552,9.088832263818476e+23,9.088832263818476e+23
0.388,0.788,catalog,0.09,285.34846497492697,1.11,236.27054564578063,0.02227,catalog,5941057583.3116045,50302841.97921188,Selsis,-0.32706760359525217,-0.7582658943018861,GP,0.06575585741262675,0.36167125640639874,6.443024022551428e+23,6.443024022551428e+23
0.388,0.788,catalog,0.09,285.34846497492697,1.11,498.1226159660341,0.02227,catalog,1891479240.3891354,2716706.280466282,Jackson,-0.4433726510378666,-0.6696182060619756,log,0.14551953983385446,0.39976765587683205,4.879868063900731e+23,4.879868063900731e+23
0.388,0.788,catalog,0.09,285.34846497492697,1.11,478.99456970452565,0.02227,catalog,1954242139.2445571,21835078.65866094,Jackson,-0.44468255944025675,-0.6294249778178865,log,0.308827054255581,0.30693603595022156,4.4802711164152206e+23,4.4802711164152206e+23
0.388,0.788,catalog,0.09,285.34846497492697,1.11,336.85496263903326,0.02227,catalog,2629274613.3966055,81800901.53276278,Jackson,-0.3596847157825724,-0.6705166170979131,GP,0.06939596230413489,0.3548765293959377,5.5933240415900005e+23,5.5933240415900005e+23
0.388,0.788,catalog,0.09,285.34846497492697,1.11,381.908947481004,0.02227,catalog,2293035584.75373,83005233.93369144,Selsis,-0.41621179059192565,-0.7138832921980724,log,0.4697972899961462,0.6307328963544463,1.864713363112349e+23,1.864713363112349e+23
0.388,0.788,catalog,0.09,285.34846497492697,1.11,128.10087579769194,0.02227,catalog,9445628641.786152,61323288.98874456,Selsis,-0.4418605606299854,-0.6371715832845565,GP,0.07342707715042762,0.9874567380695353,5.92633432924233e+23,5.92633432924233e+23
0.388,0.788,catalog,0.09,285.34846497492697,1.11,229.9447192344406,0.02227,catalog,6061857606.858892,73996427.73765324,Selsis,-0.32238670018818116,-0.6401383500795956,log,0.06572493011978973,0.14849470971051038,7.28883658464527e+23,7.28883658464527e+23
0.388,0.788,catalog,0.09,285.34846497492697,1.11,107.81421933966269,0.02227,catalog,7207367781.084713,87510800.2374249,Jackson,-0.3077029520748082,-0.7802371447322073,linear,0.23565980878439968,0.3258541351945665,8.943197371066295e+23,8.943197371066295e+23
0.388,0.788,catalog,0.09,285.34846497492697,1.11,3508.29445181483,0.02227,catalog,362707275.81484616,70812872.14866759,Jackson,-0.32231891697945686,-0.6740503160635116,GP,0.27936201154950735,0.048421819576932146,5.336799011277577e+22,5.336799011277577e+22
0.388,0.788,catalog,0.09,285.34846497492697,1.11,86.0999155890972,0.02227,catalog,8890279705.209179,97282985.78298885,Jackson,-0.3164176563771037,-0.7553293480293523,log,0.2425785121637315,0.3422729385821629,9.183348227182228e+23,9.183348227182228e+23
0.388,0.788,catalog,0.09,285.34846497492697,1.11,244.56669233463165,0.02227,catalog,3462690135.649029,97442339.69827192,Jackson,-0.3212204217864712,-0.6879679740388018,GP,0.12208859140178113,0.11598652028059997,5.336025006503495e+23,5.336025006503495e+23
0.388,0.788,catalog,0.09,285.34846497492697,1.11,228.26299750731718,0.02227,catalog,3677101421.6952276,21301749.716816965,Jackson,-0.3546392135383308,-0.6882626844607206,linear,0.1255932653903465,0.5194550636644875,7.693047969296225e+23,7.693047969296225e+23
0.388,0.788,catalog,0.09,285.34846497492697,1.11,362.8683968805546,0.02227,catalog,2468249953.964807,2014733.0089788272,Jackson,-0.34863418974546995,-0.6786137735938484,GP,0.08587342307161752,0.9601487724657914,1.020240539762468e+24,1.020240539762468e+24
0.388,0.788,catalog,0.09,285.34846497492697,1.11,415.21242651549005,0.02227,catalog,2202791529.485846,6061426.402632198,Jackson,-0.45173988713368557,-0.6519555934804498,GP,0.0591295685360039,0.1331123050599533,3.727992985828838e+23,3.727992985828838e+23
0.388,0.788,catalog,0.09,285.34846497492697,1.11,381.908947481004,0.02227,catalog,2231033679.102974,11879909.259674694,Selsis,-0.29096763009156357,-0.6004105191200976,linear,0.23199231015523325,0.21255865083046033,4.198582070928394e+23,4.198582070928394e+23
0.388,0.788,catalog,0.09,285.34846497492697,1.11,866.9895738508715,0.02227,catalog,1200966078.8832123,92316460.28174818,Jackson,-0.3467395200906129,-0.7243832189722738,log,0.05021875191149746,0.31253555284846823,3.4889957018737144e+23,3.4889957018737144e+23
0.388,0.788,catalog,0.09,285.34846497492697,1.11,471.3467017517808,0.02227,catalog,1980680362.0043209,30336827.404782876,Jackson,-0.4083835655123059,-0.6327569239377309,linear,0.10647237041015481,0.8727965683228135,7.909895776984183e+23,7.909895776984183e+23
0.388,0.788,catalog,0.09,285.34846497492697,1.11,807.7732101793906,0.02227,catalog,1270861890.840149,95292490.08513105,Jackson,-0.4349195642727903,-0.7177829472297909,linear,0.06882700539655086,0.20045168103499567,2.7777455379143164e+23,2.7777455379143164e+23
0.388,0.788,catalog,0.09,285.34846497492697,1.11,291.86821433090455,0.02227,catalog,2972197079.327318,91430066.63817084,Jackson,-0.4738595949892755,-0.6061294951180319,GP,0.05838786485572311,0.8697396995271477,7.754196702979006e+23,7.754196702979006e+23
0.388,0.788,catalog,0.09,285.34846497492697,1.11,381.908947481004,0.02227,catalog,1697118494.8623676,79458695.97192185,Selsis,-0.47566036918939736,-0.7549727988772341,GP,0.09566831882106619,0.1351590034615271,1.2296716759822944e+23,1.2296716759822944e+23
0.388,0.788,catalog,0.09,285.34846497492697,1.11,244.32417136487217,0.02227,catalog,5795468739.2610445,51658507.9002405,Selsis,-0.3538627338228486,-0.6736559852535253,log,0.2681598012011209,0.6539924505682689,5.771276449363451e+23,5.771276449363451e+23
0.388,0.788,catalog,0.09,285.34846497492697,1.11,109.83810459102342,0.02227,catalog,7084668653.360023,83158294.16623789,Jackson,-0.4975661066080029,-0.7537079990534232,linear,0.12210277218249022,0.9949870926980732,7.945883802124744e+23,7.945883802124744e+23
0.388,0.788,catalog,0.09,285.34846497492697,1.11,154.90093273337374,0.02227,catalog,5182018804.403535,85421976.86950928,Jackson,-0.33790560905019024,-0.6374994747241397,log,0.15471622631706095,0.9545999288202981,1.1570745693316124e+24,1.1570745693316124e+24
0.388,0.788,catalog,0.09,285.34846497492697,1.11,355.6269677053478,0.02227,catalog,4379268658.41533,1451390.6800391236,Selsis,-0.35547206788627544,-0.6878612151678942,GP,0.1393260908475189,0.5185249133600743,4.839843247626771e+23,4.839843247626771e+23
0.388,0.788,catalog,0.09,285.34846497492697,1.11,263.85424794906675,0.02227,catalog,3242216064.251638,30272421.591037046,Jackson,-0.3369656919272361,-0.7518604328690596,linear,0.24035384178240563,0.1764778422924591,5.329874539580837e+23,5.329874539580837e+23
0.388,0.788,catalog,0.09,285.34846497492697,1.11,224.90849956373737,0.02227,catalog,6162417029.211467,91572107.05614737,Selsis,-0.3229629566958916,-0.7078480125200397,GP,0.44875795937832563,0.14087745887392722,6.728054503023516e+23,6.728054503023516e+23
0.388,0.788,catalog,0.09,285.34846497492697,1.11,325.01519165452754,0.02227,catalog,2710700194.3170485,8874008.648451913,Jackson,-0.3040885782803611,-0.7835359680004093,linear,0.2667169134162072,0.1197780741171095,5.054792505280818e+23,5.054792505280818e+23
0.388,0.788,catalog,0.09,285.34846497492697,1.11,1570.1150222670874,0.02227,catalog,766120072.6497355,95351370.0138343,Jackson,-0.2951926524218853,-0.67558888430147,GP,0.06267323984287189,0.6042435822147777,4.358919335294643e+23,4.358919335294643e+23
0.388,0.788,catalog,0.09,285.34846497492697,1.11,1098.4787299887942,0.02227,catalog,998303308.0221822,4531417.151707345,Jackson,-0.2845342679086333,-0.7481834839416016,linear,0.18707684957155302,0.6619968721078547,6.767427120506947e+23,6.767427120506947e+23
0.388,0.788,catalog,0.09,285.34846497492697,1.11,364.52578846231074,0.02227,catalog,2458734546.451973,11757942.454366097,Jackson,-0.489503333204244,-0.7738953972966185,linear,0.06348657960311947,0.9284812589887333,7.591232392412867e+23,7.591232392412867e+23
0.388,0.788,catalog,0.09,285.34846497492697,1.11,709.929838782668,0.02227,catalog,1411957420.9518182,91090453.3766976,Jackson,-0.4387774596261982,-0.6546455631246932,linear,0.36832880248343935,0.22892303438766493,3.176339668995705e+23,3.176339668995705e+23
0.388,0.788,catalog,0.09,285.34846497492697,1.11,381.90894748100425,0.02227,catalog,3637827756.0925255,41836859.16954714,Selsis,-0.2950320503638888,-0.78337065857481,linear,0.08141817059285562,0.26205057657305186,5.480641462728194e+23,5.480641462728194e+23
0.388,0.788,catalog,0.09,285.34846497492697,1.11,257.0092747311694,0.02227,catalog,5582928325.841546,16780607.778343737,Selsis,-0.34392579180049676,-0.6813868981469325,linear,0.4776654402515342,0.6135797429903074,6.127842365474116e+23,6.127842365474116e+23
0.388,0.788,catalog,0.09,285.34846497492697,1.11,235.2470991715014,0.02227,catalog,3581727671.444522,57438488.71810342,Jackson,-0.41580332836518,-0.630184851531984,linear,0.387567065829202,0.5004229603152953,6.780040764143409e+23,6.780040764143409e+23
0.388,0.788,catalog,0.09,285.34846497492697,1.11,381.90894748100374,0.02227,catalog,1919024090.6512725,58331239.112856746,Selsis,-0.33333788326379127,-0.6480259096140952,log,0.09733672330842316,0.8140590714133695,2.6573514689559042e+23,2.6573514689559042e+23
0.388,0.788,catalog,0.09,285.34846497492697,1.11,371.70426251588077,0.02227,catalog,2418455742.3604493,7124975.213383654,Jackson,-0.4984855393491511,-0.7425059848826898,linear,0.05096330042418091,0.06843818683635372,3.330967253324502e+23,3.330967253324502e+23
0.388,0.788,catalog,0.09,285.34846497492697,1.11,381.908947481004,0.02227,catalog,3375997339.6136975,79429264.25016351,Selsis,-0.32123398072768933,-0.7216386213621531,linear,0.3297077556231795,0.10635992837536512,4.089016537829735e+23,4.089016537829735e+23
0.388,0.788,catalog,0.09,285.34846497492697,1.11,381.908947481004,0.02227,catalog,3481900509.7796354,97239523.94004217,Selsis,-0.49787920903979965,-0.7989736788106458,log,0.11176864068497712,0.09987902016299754,2.1564188775294683e+23,2.1564188775294683e+23
0.388,0.788,catalog,0.09,285.34846497492697,1.11,110.29115867026087,0.02227,catalog,10615312631.749796,39546857.765727215,Selsis,-0.36483043554843414,-0.7543475554202487,log,0.35007218982176563,0.6117217266219946,6.855010881589877e+23,6.855010881589877e+23
0.388,0.788,catalog,0.09,285.34846497492697,1.11,381.908947481004,0.02227,catalog,2043352956.903977,9348757.059459876,Selsis,-0.3442015572395113,-0.6933496182579145,linear,0.14062945496400192,0.17537041168756462,2.489312860837832e+23,2.489312860837832e+23
0.388,0.788,catalog,0.09,285.34846497492697,1.11,371.3079158637299,0.02227,catalog,4110345396.712164,92207113.08798166,Selsis,-0.292739333507844,-0.6659340304055384,linear,0.09575114066832728,0.6224265192803602,6.564800189232232e+23,6.564800189232232e+23
0.388,0.788,catalog,0.09,285.34846497492697,1.11,339.61397583558954,0.02227,catalog,4554586512.605812,47149600.38439928,Selsis,-0.333844290753415,-0.7426105253639192,GP,0.2204915337560109,0.4252761949625219,5.160831262190401e+23,5.160831262190401e+23
0.388,0.788,catalog,0.09,285.34846497492697,1.11,645.8256900403491,0.02227,catalog,268788402.94733787,33072070.354448713,Selsis,-0.47905046816384833,-0.7229050857013233,GP,0.20576536406584425,0.31590048746772903,4.478121583765175e+22,4.478121583765175e+22
0.388,0.788,catalog,0.09,285.34846497492697,1.11,170.85251317218334,0.02227,catalog,4747198560.182036,79288742.92560151,Jackson,-0.3390416466068434,-0.6586166159246463,GP,0.08642402626941362,0.22240954138239577,6.595085278601748e+23,6.595085278601748e+23
0.388,0.788,catalog,0.09,285.34846497492697,1.11,341.017388474628,0.02227,catalog,4541006101.89253,56810922.30513127,Selsis,-0.44142568478899935,-0.7020904369816475,log,0.10225219155494827,0.7101646876738891,3.367257917237098e+23,3.367257917237098e+23
0.388,0.788,catalog,0.09,285.34846497492697,1.11,273.6474663443341,0.02227,catalog,3141771870.416895,81543219.25455926,Jackson,-0.32359746381235577,-0.6648773504201613,linear,0.4914292446817752,0.7184646218956224,9.446322503848241e+23,9.446322503848241e+23
0.388,0.788,catalog,0.09,285.34846497492697,1.11,381.908947481004,0.02227,catalog,3283911472.3948274,23623990.752008587,Selsis,-0.43078121051624296,-0.7487566758518176,log,0.46766573906290604,0.2387517045916756,2.5678731136742077e+23,2.5678731136742077e+23
0.388,0.788,catalog,0.09,285.34846497492697,1.11,370.0870863414862,0.02227,catalog,4130252005.7817836,70729768.3678123,Selsis,-0.36607214299827834,-0.7568869548411759,log,0.11844425486434525,0.35060855258949775,3.809691725324217e+23,3.809691725324217e+23
0.388,0.788,catalog,0.09,285.34846497492697,1.11,381.908947481004,0.02227,catalog,1731402120.453695,9644767.67039481,Selsis,-0.3299456993879607,-0.6706371043026321,linear,0.1402910904804959,0.06116827642619915,2.269541799572158e+23,2.269541799572158e+23
0.388,0.788,catalog,0.09,285.34846497492697,1.11,352.84376302650037,0.02227,catalog,4430174007.667979,12582496.728158321,Selsis,-0.280590996473642,-0.7322915988942243,linear,0.40947367267692436,0.28639391549363846,7.631963766046801e+23,7.631963766046801e+23
0.388,0.788,catalog,0.09,285.34846497492697,1.11,155.71628515209338,0.02227,catalog,8128647994.4451685,6747997.688789784,Selsis,-0.30421523292872166,-0.6334667588624321,GP,0.2668727036013412,0.9313896499704492,1.079992764087418e+24,1.079992764087418e+24
0.388,0.788,catalog,0.09,285.34846497492697,1.11,91.35650638128585,0.02227,catalog,8408604179.084019,6914035.351625539,Jackson,-0.3833729836225482,-0.74462378620514,log,0.054692502602628625,0.8252718016618682,1.0325710749736207e+24,1.0325710749736207e+24
0.388,0.788,catalog,0.09,285.34846497492697,1.11,1509.0737826312884,0.02227,catalog,787875745.890104,15084142.660505326,Jackson,-0.4237597667677413,-0.7522410076966385,GP,0.07764184065614484,0.9692434310966964,6.056367681115392e+23,6.056367681115392e+23
0.388,0.788,catalog,0.09,285.34846497492697,1.11,239.80080947354722,0.02227,catalog,5876152129.181642,55854716.89778942,Selsis,-0.2934201058694036,-0.7710810110265804,log,0.24936827585879526,0.716305565889725,8.3791067046893e+23,8.3791067046893e+23
0.388,0.788,catalog,0.09,285.34846497492697,1.11,269.80691857417304,0.02227,catalog,3180324721.6971927,13696798.796998266,Jackson,-0.3472850701535268,-0.7873353237073101,linear,0.07376396497609854,0.6564636663756198,8.452603657673516e+23,8.452603657673516e+23
0.388,0.788,catalog,0.09,285.34846497492697,1.11,381.908947481004,0.02227,catalog,2587179283.5118423,59107276.96597798,Selsis,-0.34094172304621234,-0.7030124055516653,log,0.0657978368564606,0.5042831876734055,3.045681002740692e+23,3.045681002740692e+23
0.388,0.788,catalog,0.09,285.34846497492697,1.11,168.7072292642239,0.02227,catalog,4800965644.401097,74331860.05142204,Jackson,-0.40396954183719513,-0.7577854424544662,log,0.0686054575879358,0.42908624441924825,6.308043132553673e+23,6.308043132553673e+23
0.388,0.788,catalog,0.09,285.34846497492697,1.11,116.27334992387141,0.02227,catalog,6722990309.970444,21398920.086942147,Jackson,-0.48930964800122545,-0.7052884718668091,GP,0.2650982037762291,0.7030196945293571,7.994542662325006e+23,7.994542662325006e+23
0.388,0.788,catalog,0.09,285.34846497492697,1.11,305.92384288096497,0.02227,catalog,4913738143.632457,86925290.44729249,Selsis,-0.33270752813565074,-0.7579079214922324,GP,0.0566425945978166,0.08638666977197895,5.2108308263044374e+23,5.2108308263044374e+23
0.388,0.788,catalog,0.09,285.34846497492697,1.11,319.1772517724463,0.02227,catalog,4764370390.280683,22468961.75998577,Selsis,-0.36550681449550754,-0.6930228218515697,linear,0.0877617308807263,0.48382502543482797,4.763565976433935e+23,4.763565976433935e+23
0.388,0.788,catalog,0.09,285.34846497492697,1.11,123.57390200904514,0.02227,catalog,6358310926.369701,94509542.99251905,Jackson,-0.2968078963481971,-0.777870947757697,linear,0.058016373539337446,0.7881947497575195,1.2979749027390606e+24,1.2979749027390606e+24
0.388,0.788,catalog,0.09,285.34846497492697,1.11,328.36459301589326,0.02227,catalog,2687095809.2206635,66318783.0291277,Jackson,-0.4570956525120141,-0.7268236200587197,linear,0.2466276775864193,0.41048229045555396,5.061826578945737e+23,5.061826578945737e+23
0.388,0.788,catalog,0.09,285.34846497492697,1.11,131.09272615337235,0.02227,catalog,9278254688.439875,43975345.7152861,Selsis,-0.40119337950465916,-0.6037121398153167,log,0.20005143638826586,0.7973237120521859,7.431662407925643e+23,7.431662407925643e+23
0.388,0.788,catalog,0.09,285.34846497492697,1.11,364.55366190333297,0.02227,catalog,4222596517.5804586,21735206.60301994,Selsis,-0.2978135241444521,-0.7224899456946734,linear,0.39323167775834994,0.024509864614586707,5.9989417940844236e+23,5.9989417940844236e+23
0.388,0.788,catalog,0.09,285.34846497492697,1.11,381.90894748100425,0.02227,catalog,2049970827.6942742,16879398.189460024,Selsis,-0.34744597812479255,-0.63287340955862,log,0.14034688765243503,0.5983091070596372,2.9302045561014128e+23,2.9302045561014128e+23
0.388,0.788,catalog,0.09,285.34846497492697,1.11,1030.5797020496245,0.02227,catalog,1049122505.3157883,29285108.456721436,Jackson,-0.3091371198679507,-0.7502589214425643,GP,0.16824392883397038,0.9468131203109664,8.6944933944542e+23,8.6944933944542e+23
0.388,0.788,catalog,0.09,285.34846497492697,1.11,133.064255946953,0.02227,catalog,5943917482.08997,3503809.506276411,Jackson,-0.40279047162042275,-0.6888269130331744,GP,0.07665573932066413,0.843472423887905,9.731382072158245e+23,9.731382072158245e+23
0.388,0.788,catalog,0.09,285.34846497492697,1.11,381.908947481004,0.02227,catalog,2181254412.161745,86543454.70662391,Selsis,-0.3763820751763311,-0.6946559464381238,linear,0.11388637903901207,0.4181317936564578,2.097300774863574e+23,2.097300774863574e+23
0.388,0.788,catalog,0.09,285.34846497492697,1.11,78.07096382444092,0.02227,catalog,9753609578.38269,66688736.80675523,Jackson,-0.28212128252307545,-0.6535772064748822,linear,0.16874426165912712,0.108116642539404,1.003565812619598e+24,1.003565812619598e+24
0.388,0.788,catalog,0.09,285.34846497492697,1.11,147.8907895707937,0.02227,catalog,5402332011.277041,53005197.20741543,Jackson,-0.3244057034034307,-0.7855060500585014,linear,0.22865664824119702,0.6589223096283217,1.0156981102609148e+24,1.0156981102609148e+24
0.388,0.788,catalog,0.09,285.34846497492697,1.11,79.70280008153009,0.02227,catalog,9563767382.80452,19624613.077198047,Jackson,-0.44191874112860313,-0.7983766918007533,linear,0.09880030138625104,0.8846553588435541,9.279111921312066e+23,9.279111921312066e+23
0.388,0.788,catalog,0.09,285.34846497492697,1.11,381.908947481004,0.02227,catalog,3432999095.111916,82811519.34463705,Selsis,-0.4725693558038227,-0.6911775686582458,log,0.06077080957259064,0.10446700228291372,2.4424984225799087e+23,2.4424984225799087e+23
0.388,0.788,catalog,0.09,285.34846497492697,1.11,378.2025051788927,0.02227,catalog,4000958241.215854,10951404.14002376,Selsis,-0.3667371235322693,-0.719797209880276,log,0.25061464627487867,0.16990052181698478,3.882766956391131e+23,3.882766956391131e+23
0.388,0.788,catalog,0.09,285.34846497492697,1.11,381.908947481004,0.02227,catalog,2106513308.2608202,57381049.263790786,Selsis,-0.484694259346105,-0.7057929167965901,linear,0.06998676097635244,0.45735876381756324,1.601202025371916e+23,1.601202025371916e+23
0.388,0.788,catalog,0.09,285.34846497492697,1.11,308.59821769763414,0.02227,catalog,2833480505.179022,92943638.02886356,Jackson,-0.47614409008757125,-0.7150186561266334,log,0.2989044271020781,0.8291585771011188,6.662911640749661e+23,6.662911640749661e+23
0.388,0.788,catalog,0.09,285.34846497492697,1.11,280.75028295781095,0.02227,catalog,5231970285.479653,2717077.5138768083,Selsis,-0.3922421464760429,-0.7857398942270394,GP,0.07013469020050754,0.3395626720840129,4.276984682952392e+23,4.276984682952392e+23
0.388,0.788,catalog,0.09,285.34846497492697,1.11,141.2125585131457,0.02227,catalog,5632321714.254002,50944901.512030855,Jackson,-0.3063855370473057,-0.6576647876554421,linear,0.05815112464936269,0.601762087662573,1.1209304303664891e+24,1.1209304303664891e+24
0.388,0.788,catalog,0.09,285.34846497492697,1.11,196.3538883256391,0.02227,catalog,4196456915.791236,90464665.17862728,Jackson,-0.3090822243431761,-0.649220559384323,linear,0.09768502284627398,0.5322932382029394,9.428004353611994e+23,9.428004353611994e+23
0.388,0.788,catalog,0.09,285.34846497492697,1.11,381.908947481004,0.02227,catalog,2958053165.214018,80802211.21013877,Selsis,-0.42546128690900503,-0.7789795960192225,linear,0.12703862408808408,0.31859658813698355,2.1831363807392044e+23,2.1831363807392044e+23
0.388,0.788,catalog,0.09,285.34846497492697,1.11,249.46086205162342,0.02227,catalog,3403627593.316383,4003659.626418737,Jackson,-0.28081867641457303,-0.7287680536957958,GP,0.2613201168999315,0.05695065072066885,5.711285281871836e+23,5.711285281871836e+23
0.388,0.788,catalog,0.09,285.34846497492697,1.11,999.9866824289788,0.02227,catalog,1074064227.9607747,25839188.879333053,Jackson,-0.4564384919382178,-0.7840571838212497,GP,0.474692243599802,0.08437920210905736,2.0719865798265936e+23,2.0719865798265936e+23
0.388,0.788,catalog,0.09,285.34846497492697,1.11,381.908947481004,0.02227,catalog,2438453867.017362,16734472.859784506,Selsis,-0.34923517099808093,-0.6800198007996415,log,0.10042909948156714,0.30694488485582283,2.9292625395340656e+23,2.9292625395340656e+23
0.388,0.788,catalog,0.09,285.34846497492697,1.11,381.908947481004,0.02227,catalog,2810974866.327867,80379325.16069438,Selsis,-0.28306450747175815,-0.6048268377644217,linear,0.10836903182476175,0.26151457887489293,5.3053614915931496e+23,5.3053614915931496e+23
0.388,0.788,catalog,0.09,285.34846497492697,1.11,351.1587821545169,0.02227,catalog,4445754233.8926115,23266150.88533301,Selsis,-0.48236124269496433,-0.7931743708549475,log,0.30248767183944386,0.28092357691234493,2.9689685221796976e+23,2.9689685221796976e+23
0.388,0.788,catalog,0.09,285.34846497492697,1.11,230.22043780343617,0.02227,catalog,6056467332.5026655,92402912.64016387,Selsis,-0.3895043846862547,-0.7606888437637048,GP,0.13749837329498538,0.6246978541823933,4.468114398609958e+23,4.468114398609958e+23
0.388,0.788,catalog,0.09,285.34846497492697,1.11,421.95840219809065,0.02227,catalog,594605278.1200902,66616771.12857619,Selsis,-0.40980556224003417,-0.6470931412219649,log,0.08310125112765696,0.652875816213696,7.750150318957335e+22,7.750150318957335e+22
0.388,0.788,catalog,0.09,285.34846497492697,1.11,381.90894748100425,0.02227,catalog,3873460328.3679385,30760203.842895433,Selsis,-0.39688102661333263,-0.6730972723611831,log,0.490921602821109,0.748550011472968,3.6071954527713657e+23,3.6071954527713657e+23
0.388,0.788,catalog,0.09,285.34846497492697,1.11,384.3194837343792,0.02227,catalog,1051959314.7740036,6761639.4811102925,Selsis,-0.4153298267193418,-0.6280670091630792,log,0.1770010544186928,0.9967933695759508,1.6532926526108116e+23,1.6532926526108116e+23
0.388,0.788,catalog,0.09,285.34846497492697,1.11,254.61660060936993,0.02227,catalog,3343784166.5383983,12056276.888439296,Jackson,-0.4629560760369938,-0.7606766361709927,log,0.12201358159447223,0.17498080319962328,4.301268029938836e+23,4.301268029938836e+23
0.388,0.788,catalog,0.09,285.34846497492697,1.11,165.19886159074335,0.02227,catalog,4891852757.5067425,91397479.8679903,Jackson,-0.43054773485508163,-0.6975290606759127,linear,0.20410756418777742,0.10818984289652755,4.633291061677852e+23,4.633291061677852e+23
0.388,0.788,catalog,0.09,285.34846497492697,1.11,1849.3781350617205,0.02227,catalog,682751631.0822432,13915153.263994958,Jackson,-0.34525701749463683,-0.7039808420283391,GP,0.09578426932365397,0.3286057718692742,2.3310896819075496e+23,2.3310896819075496e+23
0.388,0.788,catalog,0.09,285.34846497492697,1.11,492.7392684595341,0.02227,catalog,1908677952.475502,32410060.580049574,Jackson,-0.35032270312160674,-0.7416873188919104,log,0.11739711303543643,0.3953936849017049,5.3159626843879724e+23,5.3159626843879724e+23
0.388,0.788,catalog,0.09,285.34846497492697,1.11,256.36997549520913,0.02227,catalog,5593185382.998397,52569260.714939415,Selsis,-0.4357477733003372,-0.6725340765648324,GP,0.44954816375455975,0.8727310757161899,4.1796514362410315e+23,4.1796514362410315e+23
0.388,0.788,catalog,0.09,285.34846497492697,1.11,381.908947481004,0.02227,catalog,2659696853.322604,75615793.22722755,Selsis,-0.3268407277699543,-0.7450603900583495,log,0.4153699255779604,0.33636814315118446,3.236610618876043e+23,3.236610618876043e+23
0.388,0.788,catalog,0.09,285.34846497492697,1.11,464.0419694652959,0.02227,catalog,2006700506.8000224,59866049.11063506,Jackson,-0.3441387969030631,-0.7225118097372834,linear,0.1288458423759609,0.9507755951548277,8.824214261409205e+23,8.824214261409205e+23
0.388,0.788,catalog,0.09,285.34846497492697,1.11,381.908947481004,0.02227,catalog,3274004678.607861,27543629.02896431,Selsis,-0.44743426446798457,-0.7698285921042523,log,0.054503891526508336,0.17732125151470712,2.4078778339201006e+23,2.4078778339201006e+23
0.388,0.788,catalog,0.09,285.34846497492697,1.11,164.96946172478252,0.02227,catalog,4897927958.175443,96200173.27492699,Jackson,-0.4039163259563649,-0.6483302702972592,GP,0.1732487484492311,0.8572903706127973,8.726176823405544e+23,8.726176823405544e+23
0.388,0.788,catalog,0.09,285.34846497492697,1.11,494.90223177437184,0.02227,catalog,1901725304.347631,49648975.67277818,Jackson,-0.49962650625675104,-0.7352664835758339,log,0.15277931360915756,0.7434345948013015,6.121514884030226e+23,6.121514884030226e+23
0.388,0.788,catalog,0.09,285.34846497492697,1.11,300.7193993130869,0.02227,catalog,2896961920.3684454,39584602.83930197,Jackson,-0.45870090532480395,-0.6575105918913278,linear,0.0760741492613352,0.4920103351677244,5.96958195012225e+23,5.96958195012225e+23
0.388,0.788,catalog,0.09,285.34846497492697,1.11,966.4520918702339,0.02227,catalog,1103051591.593277,65650717.89080737,Jackson,-0.3319271606512909,-0.6516311699951925,linear,0.12022326998060799,0.6547660302937489,5.919485150617824e+23,5.919485150617824e+23
0.388,0.788,catalog,0.09,285.34846497492697,1.11,353.16764688705223,0.02227,catalog,2525650171.5015507,5037116.887121764,Jackson,-0.3115909956100037,-0.7276622404504648,log,0.17368374065511127,0.4210300088470955,7.086240195374209e+23,7.086240195374209e+23
0.388,0.788,catalog,0.09,285.34846497492697,1.11,227.62512464702112,0.02227,catalog,3686094885.590913,42872848.11120494,Jackson,-0.28771895098175226,-0.7436837136645333,log,0.3902667607456144,0.8591017973260442,1.3271655908410823e+24,1.3271655908410823e+24
0.388,0.788,catalog,0.09,285.34846497492697,1.11,127.11750057239104,0.02227,catalog,9502236273.587902,30350617.43281083,Selsis,-0.28443853987047973,-0.6545578857794835,linear,0.10408884780512595,0.1641162538338793,1.215820488238843e+24,1.215820488238843e+24
0.388,0.788,catalog,0.09,285.34846497492697,1.11,159.0386900294843,0.02227,catalog,5060979133.860957,60624876.45032936,Jackson,-0.3105433275991646,-0.7519238136685247,linear,0.10653104523560449,0.6474911883175462,1.0584785296126084e+24,1.0584785296126084e+24
0.388,0.788,catalog,0.09,285.34846497492697,1.11,353.2172086955669,0.02227,catalog,4423284630.657106,12125357.030411907,Selsis,-0.392550412025589,-0.7236319719218739,GP,0.30988951507525725,0.321201659033691,3.869187717310965e+23,3.869187717310965e+23
0.388,0.788,catalog,0.09,285.34846497492697,1.11,268.97297024812593,0.02227,catalog,5399104735.745231,57632041.298217244,Selsis,-0.48846114353156606,-0.6085810758914223,linear,0.15313890543932765,0.19807703128144105,4.5222090553530945e+23,4.5222090553530945e+23
0.388,0.788,catalog,0.09,285.34846497492697,1.11,191.3334484670005,0.02227,catalog,6954218845.777252,95883337.29505876,Selsis,-0.3544075358571407,-0.7722157241928157,GP,0.13342145537679362,0.2880273007469014,5.7256414732285827e+23,5.7256414732285827e+23
0.388,0.788,catalog,0.09,285.34846497492697,1.11,198.47218857653397,0.02227,catalog,4156943580.440501,74528870.48146695,Jackson,-0.3233407115961053,-0.7054737193138608,linear,0.0990409570674904,0.9804191136926097,1.153441039947503e+24,1.153441039947503e+24
0.388,0.788,catalog,0.09,285.34846497492697,1.11,1282.5491253649072,0.02227,catalog,885385274.3955543,78653832.74265954,Jackson,-0.32581934473930624,-0.6007777375747347,GP,0.19499710890370928,0.9445714207757642,7.284994514964326e+23,7.284994514964326e+23
0.388,0.788,catalog,0.09,285.34846497492697,1.11,591.0421405111017,0.02227,catalog,1641416876.5253828,31069733.292201303,Jackson,-0.28051240771673763,-0.7036015208313593,linear,0.09126991426569717,0.037608650388925025,2.8718477790034118e+23,2.8718477790034118e+23
0.388,0.788,catalog,0.09,285.34846497492697,1.11,324.2152521875576,0.02227,catalog,4710463545.210739,67351576.0838617,Selsis,-0.4395443972299078,-0.7944607322069336,linear,0.07523496973425103,0.5622397358837893,3.211268425639911e+23,3.211268425639911e+23
0.388,0.788,catalog,0.09,285.34846497492697,1.11,271.68602318033595,0.02227,catalog,5359449358.775589,44860179.3601014,Selsis,-0.3374695841810681,-0.6114718427987229,log,0.0535390879924456,0.26965577593434775,6.703849617275826e+23,6.703849617275826e+23
0.388,0.788,catalog,0.09,285.34846497492697,1.11,96.93787268186097,0.02227,catalog,7955079155.708568,53221815.95419688,Jackson,-0.2867626483230079,-0.6099457406915132,linear,0.15050526416702112,0.4547961393098774,1.285417677250182e+24,1.285417677250182e+24
0.388,0.788,catalog,0.09,285.34846497492697,1.11,472.84071993324784,0.02227,catalog,1975452145.962685,73005060.66043822,Jackson,-0.3258460104682435,-0.6459865446083847,GP,0.32337092125263023,0.09162879907511079,3.696458868950555e+23,3.696458868950555e+23
0.388,0.788,catalog,0.09,285.34846497492697,1.11,381.908947481004,0.02227,catalog,1666606574.7471688,31792193.879447747,Selsis,-0.33600189523778423,-0.6710670100282806,linear,0.40062168768037554,0.5782538375213948,2.4141727739511815e+23,2.4141727739511815e+23
0.388,0.788,catalog,0.09,285.34846497492697,1.11,974.0004679600695,0.02227,catalog,1096368217.5552,77331922.09151755,Jackson,-0.34916047949732115,-0.6985612712896895,linear,0.06705385995456188,0.851371808155869,6.580164578560474e+23,6.580164578560474e+23
0.388,0.788,catalog,0.09,285.34846497492697,1.11,621.9276782494029,0.02227,catalog,1573924769.3395371,19940760.06379098,Jackson,-0.49162639402883707,-0.6564071870714667,GP,0.27701045952924325,0.9645925022126863,7.243886367994615e+23,7.243886367994615e+23
0.388,0.788,catalog,0.09,285.34846497492697,1.11,349.7830969991607,0.02227,catalog,4458386331.4571705,71951157.96332578,Selsis,-0.4249406357171534,-0.6835139605170167,GP,0.12968567823947494,0.5254081732787976,3.4899943553314224e+23,3.4899943553314224e+23
0.388,0.788,catalog,0.09,285.34846497492697,1.11,381.908947481004,0.02227,catalog,2847849927.254891,29377446.777907744,Selsis,-0.3752621162502952,-0.7022822670937231,log,0.44407565215167444,0.2519707648186379,2.8186797215244022e+23,2.8186797215244022e+23
0.388,0.788,catalog,0.09,285.34846497492697,1.11,381.908947481004,0.02227,catalog,3035433927.0623074,2560884.565938482,Selsis,-0.45140997113515374,-0.6820566429109478,linear,0.07672408968064476,0.7612036849784768,2.7424262380634976e+23,2.7424262380634976e+23
0.388,0.788,catalog,0.09,285.34846497492697,1.11,182.36727903253882,0.02227,catalog,7210212912.204593,96504333.79818863,Selsis,-0.2824130030920605,-0.7821886543748412,linear,0.10287130943062099,0.12423012350840701,9.861817656492252e+23,9.861817656492252e+23
0.388,0.788,catalog,0.09,285.34846497492697,1.11,990.8206247234843,0.02227,catalog,1081809759.1122541,94242595.14747325,Jackson,-0.30681479600172795,-0.6919150406237177,linear,0.41097890436208806,0.7907392443805925,7.091021805341732e+23,7.091021805341732e+23
0.388,0.788,catalog,0.09,285.34846497492697,1.11,730.042429992182,0.02227,catalog,225597391.9873649,21037938.95420715,Selsis,-0.3768747634123249,-0.6099500796616062,log,0.23609973329313347,0.5641312584033034,7.057405394324622e+22,7.057405394324622e+22
0.388,0.788,catalog,0.09,285.34846497492697,1.11,247.46077188064007,0.02227,catalog,5741086870.9933405,89284173.10608058,Selsis,-0.3912794784482277,-0.6065948868946395,linear,0.06319544782310822,0.8544483549705224,5.6017111099043014e+23,5.6017111099043014e+23
0.388,0.788,catalog,0.09,285.34846497492697,1.11,99.62050136821351,0.02227,catalog,7755368223.33522,39474376.9613251,Jackson,-0.42212444498570373,-0.7924922374430619,linear,0.2705632893444452,0.9830806030278294,9.413545645156718e+23,9.413545645156718e+23
0.388,0.788,catalog,0.09,285.34846497492697,1.11,365.0118363927462,0.02227,catalog,4214815818.9566107,33399457.465914983,Selsis,-0.37066686544926464,-0.7573855076476058,GP,0.1867156587937548,0.8353493374267411,3.971289716536678e+23,3.971289716536678e+23
0.388,0.788,catalog,0.09,285.34846497492697,1.11,705.7815176673141,0.02227,catalog,1418742609.3680296,38190985.69332043,Jackson,-0.402766839548097,-0.7433724857242089,linear,0.07407431342053676,0.785696057677978,6.434333576668008e+23,6.434333576668008e+23
0.388,0.788,catalog,0.09,285.34846497492697,1.11,247.6540525578902,0.02227,catalog,5737776484.536037,8156139.29143721,Selsis,-0.39721617664213216,-0.7715162101562725,log,0.055292540443253844,0.706424745085821,4.5863877618453906e+23,4.5863877618453906e+23
0.388,0.788,catalog,0.09,285.34846497492697,1.11,76.24316713563115,0.02227,catalog,9976122783.18286,94498968.78933242,Jackson,-0.29371175335368,-0.6926291378024315,log,0.3559700902632815,0.033165564875751063,8.589575281445635e+23,8.589575281445635e+23
0.388,0.788,catalog,0.09,285.34846497492697,1.11,845.5038711852771,0.02227,catalog,1224868215.077796,99907615.32678474,Jackson,-0.3562666792268955,-0.6204494090394878,linear,0.16480879780089341,0.09286731460382402,2.278441517875614e+23,2.278441517875614e+23
0.388,0.788,catalog,0.09,285.34846497492697,1.11,381.908947481004,0.02227,catalog,2852741186.244592,14040085.010915348,Selsis,-0.30855550060376624,-0.7454381500771617,linear,0.18218161932927884,0.8748240775639169,4.4980532582077214e+23,4.4980532582077214e+23
0.388,0.788,catalog,0.09,285.34846497492697,1.11,381.908947481004,0.02227,catalog,2615572622.8401923,13973094.447923299,Selsis,-0.31640524278260734,-0.7836337251748131,GP,0.2862388079732592,0.6672507754667826,3.83673224342864e+23,3.83673224342864e+23
0.388,0.788,catalog,0.09,285.34846497492697,1.11,239.4187647583185,0.02227,catalog,5883092698.011534,63957260.28734275,Selsis,-0.2822298174832577,-0.7052548986544899,log,0.4924060221528174,0.858985607339494,9.453672235850445e+23,9.453672235850445e+23
0.388,0.788,catalog,0.09,285.34846497492697,1.11,127.2781153718768,0.02227,catalog,6189245527.092795,27928059.251632776,Jackson,-0.3502209540475642,-0.7114041322400216,log,0.3037781251599702,0.6819025342202651,9.965184297232185e+23,9.965184297232185e+23
0.388,0.788,catalog,0.09,285.34846497492697,1.11,709.0244638979218,0.02227,catalog,1413431973.8571222,80293464.78115714,Jackson,-0.44803479441357064,-0.7436944480645059,GP,0.07099517750387681,0.050538492713566585,2.333693060731184e+23,2.333693060731184e+23
0.388,0.788,catalog,0.09,285.34846497492697,1.11,381.908947481004,0.02227,catalog,1796848926.2607265,1036820.2890565201,Selsis,-0.4700371108595679,-0.6667109462677316,linear,0.4245168428288347,0.552708047120209,1.82595105053868e+23,1.82595105053868e+23
0.388,0.788,catalog,0.09,285.34846497492697,1.11,381.908947481004,0.02227,catalog,1785573606.7990727,42617583.82781203,Selsis,-0.4624576187243173,-0.7995106186800933,log,0.17358767117624885,0.2289391314360515,1.387224652004419e+23,1.387224652004419e+23
0.388,0.788,catalog,0.09,285.34846497492697,1.11,199.20699288996346,0.02227,catalog,6746809952.959149,66384123.10662824,Selsis,-0.3605009886980755,-0.6353566358096927,linear,0.3141592690346708,0.731134601934104,6.501011289870232e+23,6.501011289870232e+23
0.388,0.788,catalog,0.09,285.34846497492697,1.11,266.1563089398635,0.02227,catalog,3217964457.077869,88959084.78471382,Jackson,-0.3926012381913614,-0.7407755655379943,log,0.20960270808866935,0.46356017362277524,5.967112756978375e+23,5.967112756978375e+23
0.388,0.788,catalog,0.09,285.34846497492697,1.11,304.3168534413507,0.02227,catalog,2867585222.3876677,23773217.205019344,Jackson,-0.3473501222402172,-0.6198570066561885,linear,0.45750944028722035,0.24611475288064943,5.729245548574877e+23,5.729245548574877e+23
0.388,0.788,catalog,0.09,285.34846497492697,1.11,247.71786631732476,0.02227,catalog,5736684547.305388,71166296.3725753,Selsis,-0.4802233776546637,-0.6068594084154707,GP,0.3327019115172827,0.4044205866296645,4.769933301735978e+23,4.769933301735978e+23
0.388,0.788,catalog,0.09,285.34846497492697,1.11,192.49613342040138,0.02227,catalog,4270597408.7145224,76180465.94125909,Jackson,-0.47213945058422074,-0.780770549580517,linear,0.1256148069943469,0.2719482517309323,4.831117340047771e+23,4.831117340047771e+23
0.388,0.788,catalog,0.09,285.34846497492697,1.11,304.46735195440027,0.02227,catalog,2866370774.487846,92949718.2656455,Jackson,-0.4011373978113623,-0.7144554100297692,GP,0.07800475031374035,0.6736525115842716,6.818836648637421e+23,6.818836648637421e+23
0.388,0.788,catalog,0.09,285.34846497492697,1.11,160.53390832635816,0.02227,catalog,5018753531.377751,31340589.11394377,Jackson,-0.43864800466278864,-0.6021537911329464,GP,0.054363303958594726,0.9263960513130516,1.0114507360757728e+24,1.0114507360757728e+24
0.388,0.788,catalog,0.09,285.34846497492697,1.11,381.908947481004,0.02227,catalog,2942267579.4778214,79831608.46816015,Selsis,-0.29854402499995025,-0.6960065965775138,GP,0.23400989325364985,0.6440038640622852,4.5331334318834277e+23,4.5331334318834277e+23
0.388,0.788,catalog,0.09,285.34846497492697,1.11,874.9560760457539,0.02227,catalog,1192376655.120131,13891180.974175539,Jackson,-0.3307673275617699,-0.7904112618479258,log,0.27702878686686566,0.5022012482286674,5.180349262728089e+23,5.180349262728089e+23
0.388,0.788,catalog,0.09,285.34846497492697,1.11,381.908947481004,0.02227,catalog,1272287839.717517,55362682.960119605,Selsis,-0.38956570463491347,-0.7187485140590899,linear,0.09336196203640297,0.5334764215282138,1.3368290706722022e+23,1.3368290706722022e+23
0.388,0.788,catalog,0.09,285.34846497492697,1.11,290.38588431121855,0.02227,catalog,2985227364.115604,81540567.36923474,Jackson,-0.4032487854853182,-0.6260147569169744,linear,0.32926801643838693,0.49803388493877276,6.438314983964739e+23,6.438314983964739e+23
0.388,0.788,catalog,0.09,285.34846497492697,1.11,113.73945656766082,0.02227,catalog,6860507684.018056,45217543.52547367,Jackson,-0.3782980306609315,-0.6815885742077011,GP,0.3400785358419535,0.6794553394795021,9.326941402397018e+23,9.326941402397018e+23
0.388,0.788,catalog,0.09,285.34846497492697,1.11,381.908947481004,0.02227,catalog,3203167508.937162,65686511.27752804,Selsis,-0.4530788597076854,-0.6242966812208935,GP,0.23738073213520972,0.8613818290195626,2.850387544360997e+23,2.850387544360997e+23
0.388,0.788,catalog,0.09,285.34846497492697,1.11,1324.039296725021,0.02227,catalog,864356340.1454557,59048060.1920792,Jackson,-0.4334710498137014,-0.6274502906569279,linear,0.050694201459223376,0.3196875192807096,2.70944795580265e+23,2.70944795580265e+23
0.388,0.788,catalog,0.09,285.34846497492697,1.11,340.5469547995453,0.02227,catalog,4545547224.588876,7169709.243540893,Selsis,-0.42597183054278,-0.751401338420259,linear,0.08677993117111285,0.6874725071842456,3.63266854103458e+23,3.63266854103458e+23
0.388,0.788,catalog,0.09,285.34846497492697,1.11,385.81600282136327,0.02227,catalog,2343440987.600242,64947565.98245503,Jackson,-0.43783599917024163,-0.6988392112766356,linear,0.32097329215363185,0.40430156553830443,4.961825882954444e+23,4.961825882954444e+23
0.388,0.788,catalog,0.09,285.34846497492697,1.11,142.01688597030193,0.02227,catalog,5603487362.012857,20156477.126077596,Jackson,-0.30074372224618623,-0.6024860863324681,linear,0.49581732119750915,0.06329390170907279,7.52037377505031e+23,7.52037377505031e+23
0.388,0.788,catalog,0.09,285.34846497492697,1.11,164.31677455719637,0.02227,catalog,4915304376.264376,53317774.56605198,Jackson,-0.3652073381943722,-0.7142742429811059,GP,0.3702184100157661,0.8496486837354061,9.687644208943296e+23,9.687644208943296e+23
0.388,0.788,catalog,0.09,285.34846497492697,1.11,362.11618348545926,0.02227,catalog,2472595946.6260877,26829483.863640264,Jackson,-0.47667612764227846,-0.7044165649048363,GP,0.3491213262513703,0.6534627746640542,6.447240174185691e+23,6.447240174185691e+23
0.388,0.788,catalog,0.09,285.34846497492697,1.11,763.7462277964208,0.02227,catalog,1330183203.3144872,4010801.320631115,Jackson,-0.43109303020565826,-0.7013965070699684,log,0.12220159550336757,0.8617411757237732,6.851055246078344e+23,6.851055246078344e+23
0.388,0.788,catalog,0.09,285.34846497492697,1.11,381.908947481004,0.02227,catalog,1890554616.0765026,91553361.08781378,Selsis,-0.31216407269576607,-0.6720036851933257,GP,0.11721632520079694,0.7189512497882887,2.752484992247624e+23,2.752484992247624e+23
0.388,0.788,catalog,0.09,285.34846497492697,1.11,562.0919424611361,0.02227,catalog,1710977578.2584898,95249116.9673529,Jackson,-0.30004851386236975,-0.6172053760704854,log,0.4020444100417744,0.6319299076997373,7.76544542747318e+23,7.76544542747318e+23
0.388,0.788,catalog,0.09,285.34846497492697,1.11,325.38553779445147,0.02227,catalog,2708067374.5368614,97283383.60146397,Jackson,-0.41881969766919425,-0.6374707778100872,log,0.10873626614303944,0.6821367939108742,6.90944350043502e+23,6.90944350043502e+23
0.388,0.788,catalog,0.09,285.34846497492697,1.11,381.908947481004,0.02227,catalog,2802046089.3011208,98229957.42817424,Selsis,-0.4862012148567738,-0.6810597975796986,log,0.0951320327789828,0.4166418800343211,1.9992205561146743e+23,1.9992205561146743e+23
0.388,0.788,catalog,0.09,285.34846497492697,1.11,115.25293881521125,0.02227,catalog,10255640292.464504,85810251.24817179,Selsis,-0.45578417790708714,-0.7992301107384211,GP,0.14934892405670072,0.523475866894086,4.6053177551080595e+23,4.6053177551080595e+23
0.388,0.788,catalog,0.09,285.34846497492697,1.11,218.75636591229454,0.02227,catalog,3816407923.056968,44172129.459383026,Jackson,-0.3330637797791484,-0.6654214834354656,linear,0.3567008908464222,0.5467649055701307,8.543782950245753e+23,8.543782950245753e+23
0.388,0.788,catalog,0.09,285.34846497492697,1.11,318.2691116921157,0.02227,catalog,4774249686.813849,85281292.20680846,Selsis,-0.30295699504762624,-0.7726062781018624,GP,0.09865928292843097,0.07889515876843822,6.275478905640343e+23,6.275478905640343e+23
0.388,0.788,catalog,0.09,285.34846497492697,1.11,364.7326243859398,0.02227,catalog,4219554444.958387,25326606.693073835,Selsis,-0.4010553088015589,-0.7356133902259215,linear,0.1236189869433707,0.9888062771320915,3.594561245923131e+23,3.594561245923131e+23
0.388,0.788,catalog,0.09,285.34846497492697,1.11,110.30030239666361,0.02227,catalog,7057281610.499227,82074677.22741486,Jackson,-0.4339560450149813,-0.686895709516212,GP,0.22253314830299806,0.15340305536382504,5.41376840595363e+23,5.41376840595363e+23
0.388,0.788,catalog,0.09,285.34846497492697,1.11,329.7669877948064,0.02227,catalog,2677348939.4905696,24330316.315681722,Jackson,-0.4698840535937402,-0.7672947491607045,GP,0.1613992791148513,0.9100969366461765,7.571355262311392e+23,7.571355262311392e+23
0.388,0.788,catalog,0.09,285.34846497492697,1.11,538.7463725747599,0.02227,catalog,1772173136.8221724,79417976.44238836,Jackson,-0.4099288307375157,-0.6120721491551595,linear,0.2251096604789988,0.8308257059721333,7.120298292143705e+23,7.120298292143705e+23
0.388,0.788,catalog,0.09,285.34846497492697,1.11,213.97577866004258,0.02227,catalog,3891001785.407592,41955890.889567144,Jackson,-0.47837746890378885,-0.6035594566704173,GP,0.2519746563392806,0.4954690755147234,6.931149306007141e+23,6.931149306007141e+23
0.388,0.788,catalog,0.09,285.34846497492697,1.11,479.9350229402275,0.02227,catalog,1951046016.721067,69532794.61586474,Jackson,-0.35553083398260765,-0.7293904947174122,GP,0.335942618638409,0.7636144719008884,7.465782397445655e+23,7.465782397445655e+23
0.388,0.788,catalog,0.09,285.34846497492697,1.11,151.85773115572493,0.02227,catalog,5275192031.346303,2796707.6229363005,Jackson,-0.38392358890618583,-0.624731099066799,linear,0.3403373230180363,0.7871482666051048,1.0328992114565287e+24,1.0328992114565287e+24
0.388,0.788,catalog,0.09,285.34846497492697,1.11,381.908947481004,0.02227,catalog,2754008868.9314423,25585890.80984363,Selsis,-0.3837856217586773,-0.6146061082157603,linear,0.49912911192672443,0.04961213460062519,2.978758566884793e+23,2.978758566884793e+23
0.388,0.788,catalog,0.09,285.34846497492697,1.11,131.62592545102808,0.02227,catalog,9249166951.119667,19420866.768148053,Selsis,-0.3210309484917322,-0.7992231703713799,log,0.0978728106849269,0.9170034204424174,8.68292808028974e+23,8.68292808028974e+23
0.388,0.788,catalog,0.09,285.34846497492697,1.11,326.62072194654735,0.02227,catalog,4685249629.047251,99037557.73592411,Selsis,-0.29937548673923453,-0.7997588020961154,GP,0.05804994307718716,0.8908572994490268,6.492541384564389e+23,6.492541384564389e+23
0.388,0.788,catalog,0.09,285.34846497492697,1.11,255.61225851472838,0.02227,catalog,5605402218.10194,6992552.123157366,Selsis,-0.440480019466613,-0.7245771854690447,GP,0.3647289513677307,0.27890975998419465,3.978088429641372e+23,3.978088429641372e+23
0.388,0.788,catalog,0.09,285.34846497492697,1.11,381.908947481004,0.02227,catalog,3192909717.00703,50355002.93108034,Selsis,-0.33429782674920183,-0.645567673595291,log,0.16061923448746301,0.741394566852378,4.1584336010305373e+23,4.1584336010305373e+23
0.388,0.788,catalog,0.09,285.34846497492697,1.11,381.908947481004,0.02227,catalog,1823534221.8173559,41081133.3392063,Selsis,-0.3636753084045345,-0.731333822692227,linear,0.06334543663065548,0.7182920639382626,2.044888909329515e+23,2.044888909329515e+23
0.388,0.788,catalog,0.09,285.34846497492697,1.11,194.03564118314048,0.02227,catalog,4240665012.7834935,51275139.092785895,Jackson,-0.3712098186922086,-0.7770719867470225,linear,0.07947256862433404,0.9357396857191502,9.430569651888683e+23,9.430569651888683e+23
0.388,0.788,catalog,0.09,285.34846497492697,1.11,644.1319676099695,0.02227,catalog,1529159251.9235559,66429665.17767125,Jackson,-0.46772352697518776,-0.7552593447041162,GP,0.16479285501871113,0.2581191661457216,3.3799110566521705e+23,3.3799110566521705e+23
0.388,0.788,catalog,0.09,285.34846497492697,1.11,381.908947481004,0.02227,catalog,1324405946.9448688,36421818.020461164,Selsis,-0.49972388479275154,-0.6573697817691283,log,0.08467333391467338,0.31378240712340666,1.2605341612406924e+23,1.2605341612406924e+23
0.388,0.788,catalog,0.09,285.34846497492697,1.11,158.83502450806077,0.02227,catalog,8006612568.308542,26557007.764865413,Selsis,-0.36133705122345416,-0.77192868335906,linear,0.13529982012623326,0.7799435714464616,6.244956587002357e+23,6.244956587002357e+23
0.388,0.788,catalog,0.09,285.34846497492697,1.11,381.908947481004,0.02227,catalog,3356222221.1935763,46224863.82017039,Selsis,-0.3845947629511108,-0.7632602688335492,GP,0.2943984773690468,0.49645801074722395,2.9826377994732003e+23,2.9826377994732003e+23
0.388,0.788,catalog,0.09,285.34846497492697,1.11,328.26672002714,0.02227,catalog,4668186765.967862,67891092.76561375,Selsis,-0.4004507939635655,-0.7382744676257881,GP,0.2065688078429692,0.7033654257851043,3.690624526575027e+23,3.690624526575027e+23
0.388,0.788,catalog,0.09,285.34846497492697,1.11,184.27258821865718,0.02227,catalog,4438762559.858967,95945872.7655497,Jackson,-0.44260913729622137,-0.7455698064238905,linear,0.2709135469114283,0.4377660893472891,5.810924158657557e+23,5.810924158657557e+23
0.388,0.788,catalog,0.09,285.34846497492697,1.11,381.908947481004,0.02227,catalog,3600843754.7437,64818549.434631735,Selsis,-0.44658853333983384,-0.6508600018238881,GP,0.10546857431933498,0.7582915374323169,2.9618578642757937e+23,2.9618578642757937e+23
0.388,0.788,catalog,0.09,285.34846497492697,1.11,129.62552432971577,0.02227,catalog,6087089990.3254,69434832.3840244,Jackson,-0.4348858318913482,-0.7730755210053989,linear,0.4047861588926422,0.9862720027709249,8.490950664241743e+23,8.490950664241743e+23
0.388,0.788,catalog,0.09,285.34846497492697,1.11,110.4090406764014,0.02227,catalog,7050871869.217233,9814394.190429691,Jackson,-0.4419591453027549,-0.6367247120420183,GP,0.06536219308261952,0.3397977161885142,6.958761548714913e+23,6.958761548714913e+23
0.388,0.788,catalog,0.09,285.34846497492697,1.11,59.667505770880425,0.02227,catalog,12637761772.496979,80559084.10834514,Jackson,-0.4754653543890913,-0.7518503747680606,log,0.4484709503675641,0.686782531759915,8.015257091852067e+23,8.015257091852067e+23
0.388,0.788,catalog,0.09,285.34846497492697,1.11,134.14596483980185,0.02227,catalog,9114592580.342163,76798601.55111623,Selsis,-0.37418424298440833,-0.7358946735970013,log,0.4075505364127312,0.012188596112276073,5.9721894406378184e+23,5.9721894406378184e+23
0.388,0.788,catalog,0.09,285.34846497492697,1.11,217.54383012992034,0.02227,catalog,6317040837.478309,20462292.681052227,Selsis,-0.4712535599849866,-0.6892917509663682,log,0.1046597326197193,0.222182232308325,4.159719417533932e+23,4.159719417533932e+23
0.388,0.788,catalog,0.09,285.34846497492697,1.11,134.90652726651976,0.02227,catalog,5870199172.633539,22530949.57883378,Jackson,-0.3904477721991759,-0.7316730070855584,GP,0.07423498397063336,0.46377705693124516,7.311895987320568e+23,7.311895987320568e+23
0.388,0.788,catalog,0.09,285.34846497492697,1.11,133.07593197811624,0.02227,catalog,5943443880.772045,24613356.696768202,Jackson,-0.3287355603401499,-0.7886450417219247,GP,0.1053022900957729,0.08627726783337386,6.269482596299257e+23,6.269482596299257e+23
0.388,0.788,catalog,0.09,285.34846497492697,1.11,368.9542257870849,0.02227,catalog,2433709875.745577,85870391.95873843,Jackson,-0.4924840360536494,-0.7703431581629581,GP,0.06615734460190557,0.8755186022455629,6.451800141534188e+23,6.451800141534188e+23
0.388,0.788,catalog,0.09,285.34846497492697,1.11,366.99596973049785,0.02227,catalog,4181404360.7536144,24819383.871045925,Selsis,-0.2913280078980606,-0.7761872936247199,log,0.05477425467217232,0.8959231430669746,6.912206125465627e+23,6.912206125465627e+23
0.388,0.788,catalog,0.09,285.34846497492697,1.11,351.58092239481476,0.02227,catalog,2535326340.840396,37452946.49268117,Jackson,-0.48905571690693306,-0.6577532750655241,linear,0.10209965390146312,0.8718362526863056,7.48040677084584e+23,7.48040677084584e+23
0.388,0.788,catalog,0.09,285.34846497492697,1.11,90.55179690869305,0.02227,catalog,8478663582.575905,17160285.39252413,Jackson,-0.4715872901420328,-0.7418777158915404,linear,0.060869860642938346,0.9284893144567444,9.193738740600259e+23,9.193738740600259e+23
0.388,0.788,catalog,0.09,285.34846497492697,1.11,87.75539950750832,0.02227,catalog,12723554441.989145,48452683.18437394,Selsis,-0.3245026774930601,-0.7232248764328927,log,0.1781928187320046,0.726428693471118,9.597275563929387e+23,9.597275563929387e+23
0.388,0.788,catalog,0.09,285.34846497492697,1.11,193.2956151127563,0.02227,catalog,6901091341.077108,94096950.85789381,Selsis,-0.44731566528562866,-0.7064723316553433,linear,0.3614387891927816,0.9534725272950928,4.2300424666363595e+23,4.2300424666363595e+23
0.388,0.788,catalog,0.09,285.34846497492697,1.11,148.71565424663507,0.02227,catalog,8419677306.774853,55773708.132553965,Selsis,-0.39285991414693533,-0.7557066425451286,log,0.10037207268482272,0.8360494778442955,5.379750384628989e+23,5.379750384628989e+23
0.388,0.788,catalog,0.09,285.34846497492697,1.11,199.58092868915816,0.02227,catalog,6737330679.1727295,14310373.62726124,Selsis,-0.35015263339237623,-0.6497240767881612,GP,0.1619062283914502,0.08441009330574634,6.592532279452932e+23,6.592532279452932e+23
0.388,0.788,catalog,0.09,285.34846497492697,1.11,241.35816784622438,0.02227,catalog,3502667308.5154963,33729918.08958677,Jackson,-0.31088169157315904,-0.7343229511757999,GP,0.13819077642386934,0.16103891989628993,5.94266699634828e+23,5.94266699634828e+23
0.388,0.788,catalog,0.09,285.34846497492697,1.11,141.0662469918645,0.02227,catalog,5637601865.1914215,60482667.54541431,Jackson,-0.2978403799129246,-0.670843845225952,linear,0.43212144066535485,0.2164597432162495,8.269957736646458e+23,8.269957736646458e+23
0.388,0.788,catalog,0.09,285.34846497492697,1.11,130.9741007131818,0.02227,catalog,9284755932.626064,98492028.27516182,Selsis,-0.33164551002434445,-0.6560101846736923,GP,0.09007720375760578,0.929317292116187,8.462107396315571e+23,8.462107396315571e+23
0.388,0.788,catalog,0.09,285.34846497492697,1.11,1087.5444756616575,0.02227,catalog,1006096788.6615772,26898192.3485361,Jackson,-0.3350854061635609,-0.6161819865361317,GP,0.07015516866036801,0.15466147427191856,2.2864700422288204e+23,2.2864700422288204e+23
0.388,0.788,catalog,0.09,285.34846497492697,1.11,1783.5327494440141,0.02227,catalog,700358066.4950856,53671867.69285714,Jackson,-0.4829822591073435,-0.6859118417366923,GP,0.10115397892099856,0.2945826002891542,2.0840563231398306e+23,2.0840563231398306e+23
0.388,0.788,catalog,0.09,285.34846497492697,1.11,145.81993925074988,0.02227,catalog,5471418915.529867,60017747.05840311,Jackson,-0.4231117312523185,-0.6747588123748116,linear,0.18132388012953493,0.6437469862912663,7.880724045549539e+23,7.880724045549539e+23
0.388,0.788,catalog,0.09,285.34846497492697,1.11,174.901780385545,0.02227,catalog,4649243572.752979,9782325.738498488,Jackson,-0.47672319721739803,-0.603744590247638,linear,0.15428402001924318,0.5980911142394644,8.13295119691392e+23,8.13295119691392e+23
0.388,0.788,catalog,0.09,285.34846497492697,1.11,212.08492470942915,0.02227,catalog,3921408055.3368487,90331097.24918179,Jackson,-0.2853849711733246,-0.6527289094624877,linear,0.08408938305500609,0.9023413932363988,1.3880719864748036e+24,1.3880719864748036e+24
0.388,0.788,catalog,0.09,285.34846497492697,1.11,217.8145855826632,0.02227,catalog,3830851152.284782,89885542.56203735,Jackson,-0.47360062767151256,-0.7680216440810468,GP,0.3215548750477468,0.31528936643002525,4.863288290716261e+23,4.863288290716261e+23
0.388,0.788,catalog,0.09,285.34846497492697,1.11,381.908947481004,0.02227,catalog,2849053140.2285647,32026657.352540538,Selsis,-0.4639627631795341,-0.6839112750701045,log,0.09403212418801157,0.3792369104093074,2.3000799792888364e+23,2.3000799792888364e+23
0.388,0.788,catalog,0.09,285.34846497492697,1.11,435.2330937996854,0.02227,catalog,2117352814.168389,64210872.666444786,Jackson,-0.4493568101892499,-0.7213831147087868,GP,0.2701732810673502,0.49556960191518706,5.2026370998853487e+23,5.2026370998853487e+23
0.388,0.788,catalog,0.09,285.34846497492697,1.11,381.908947481004,0.02227,catalog,2596558970.5222044,18043664.15681852,Selsis,-0.3848825727345143,-0.7547051461614969,linear,0.3619747980401873,0.8237001046634705,2.5897938013621406e+23,2.5897938013621406e+23
0.388,0.788,catalog,0.09,285.34846497492697,1.11,306.15210181613094,0.02227,catalog,4911067831.049522,32656406.397117395,Selsis,-0.4946980128605037,-0.6458748710626114,log,0.13428734944404072,0.08266815416395856,3.6981157093084175e+23,3.6981157093084175e+23
0.388,0.788,catalog,0.09,285.34846497492697,1.11,159.09336276804055,0.02227,catalog,5059421377.196996,67923088.25464693,Jackson,-0.29009102473528375,-0.7331243280589683,GP,0.07763749835092319,0.9637769322863584,1.4637258745822794e+24,1.4637258745822794e+24
0.388,0.788,catalog,0.09,285.34846497492697,1.11,232.79954039069662,0.02227,catalog,3614519591.504794,22449729.294915546,Jackson,-0.4300077075572349,-0.7504123914666034,log,0.313395154328743,0.19064943284603086,4.618791783182631e+23,4.618791783182631e+23
0.388,0.788,catalog,0.09,285.34846497492697,1.11,383.3131766060001,0.02227,catalog,1123870639.6295912,88823858.46375671,Selsis,-0.32285060015265526,-0.6086046197106492,linear,0.1093845133243792,0.8791484160038071,1.847276997653544e+23,1.847276997653544e+23
0.388,0.788,catalog,0.09,285.34846497492697,1.11,381.908947481004,0.02227,catalog,2643137798.468082,95083608.30939963,Selsis,-0.4685796767612121,-0.6974081273760387,linear,0.05239951918182279,0.08604272050644624,1.8913851337787787e+23,1.8913851337787787e+23
0.388,0.788,catalog,0.09,285.34846497492697,1.11,381.908947481004,0.02227,catalog,1938832922.7429807,2128745.7898006137,Selsis,-0.3981906859531668,-0.7799478407955324,log,0.09654117986127873,0.7307803337173066,2.089460239374165e+23,2.089460239374165e+23
0.388,0.788,catalog,0.09,285.34846497492697,1.11,198.38960714536134,0.02227,catalog,6767643890.829388,79546710.54736607,Selsis,-0.4849602142611872,-0.696054619122432,GP,0.052559822843704654,0.6531027786653528,4.030680249884932e+23,4.030680249884932e+23
0.388,0.788,catalog,0.09,285.34846497492697,1.11,381.908947481004,0.02227,catalog,3120012185.5797644,12147868.925106838,Selsis,-0.41914652211976333,-0.7582005541501043,linear,0.14384193295627898,0.06715001256749775,2.4655772836791913e+23,2.4655772836791913e+23
0.388,0.788,catalog,0.09,285.34846497492697,1.11,137.76787677106933,0.02227,catalog,5759585161.792695,51769503.01624548,Jackson,-0.4376391366993996,-0.7478148139106008,log,0.20656478830717273,0.48906681417601794,6.666647584953999e+23,6.666647584953999e+23
0.388,0.788,catalog,0.09,285.34846497492697,1.11,192.98374811843902,0.02227,catalog,4261066309.2127714,96611426.58070797,Jackson,-0.31852478135410245,-0.7669458858824713,linear,0.24572678646250712,0.8811347781288524,1.097698401428672e+24,1.097698401428672e+24
0.388,0.788,catalog,0.09,285.34846497492697,1.11,68.53636176832657,0.02227,catalog,11048517698.494307,85632490.79702619,Jackson,-0.3283792418309061,-0.6337898339850553,linear,0.09598492405648203,0.5991938131861707,1.2021751253336938e+24,1.2021751253336938e+24
0.388,0.788,catalog,0.09,285.34846497492697,1.11,381.908947481004,0.02227,catalog,3017124306.3459015,98925019.63572823,Selsis,-0.4727173324694575,-0.6577397193620613,GP,0.3443705314051759,0.7862365332406733,2.286119208010949e+23,2.286119208010949e+23
0.388,0.788,catalog,0.09,285.34846497492697,1.11,381.908947481004,0.02227,catalog,3770997261.579786,68531049.85423024,Selsis,-0.4336728662937185,-0.7870888642613476,log,0.06686566614416209,0.3920709623649943,2.6911584928273356e+23,2.6911584928273356e+23
0.388,0.788,catalog,0.09,285.34846497492697,1.11,381.908947481004,0.02227,catalog,3023395862.240909,47278660.47147025,Selsis,-0.3951166452187033,-0.7693490125780306,log,0.13245286481202606,0.3517845281266486,2.5909872995240854e+23,2.5909872995240854e+23
0.388,0.788,catalog,0.09,285.34846497492697,1.11,320.7637022135701,0.02227,catalog,4747232068.004224,59670125.75380926,Selsis,-0.2807199641228533,-0.7287773573961294,linear,0.2954642708417001,0.3438090840443008,7.995006006922563e+23,7.995006006922563e+23
0.388,0.788,catalog,0.09,285.34846497492697,1.11,381.908947481004,0.02227,catalog,3532895401.351737,73710308.31710212,Selsis,-0.43093176003861333,-0.7214663439405481,linear,0.19730320602083165,0.7723371008995937,2.650934530419417e+23,2.650934530419417e+23
0.388,0.788,catalog,0.09,285.34846497492697,1.11,206.70464772068476,0.02227,catalog,6562715301.174994,98368833.09824108,Selsis,-0.33478819961575407,-0.7930315465144971,GP,0.28430660730194096,0.7146238394726651,6.230759996091903e+23,6.230759996091903e+23
0.388,0.788,catalog,0.09,285.34846497492697,1.11,719.5278470573554,0.02227,catalog,1396538496.133403,32634031.89061549,Jackson,-0.4289414797451705,-0.6733370795212087,linear,0.17839980453197743,0.8377097071717565,6.604488271651144e+23,6.604488271651144e+23
0.388,0.788,catalog,0.09,285.34846497492697,1.11,1192.3350526854538,0.02227,catalog,936774190.8281549,27249775.709368482,Jackson,-0.40545368233403667,-0.6244788839083847,linear,0.21531588819871983,0.8057274100852365,6.031867695700493e+23,6.031867695700493e+23
0.388,0.788,catalog,0.09,285.34846497492697,1.11,225.15514614101218,0.02227,catalog,3721385833.662958,84815852.30213134,Jackson,-0.3086698892219401,-0.6360510383477855,linear,0.16630692509992853,0.6319442850000545,1.0034801184251698e+24,1.0034801184251698e+24
0.388,0.788,catalog,0.09,285.34846497492697,1.11,381.908947481004,0.02227,catalog,3885309589.6355667,17271009.181212366,Selsis,-0.46889655424051113,-0.7826491208252241,linear,0.0500305170777274,0.27558197845931065,2.7338353040988913e+23,2.7338353040988913e+23
0.388,0.788,catalog,0.09,285.34846497492697,1.11,112.8104812702431,0.02227,catalog,6912474211.597611,36416685.09418406,Jackson,-0.3895228621999635,-0.6544838920520917,GP,0.3306042830855345,0.9019467913844195,1.0501310776234159e+24,1.0501310776234159e+24
0.388,0.788,catalog,0.09,285.34846497492697,1.11,381.908947481004,0.02227,catalog,2255813523.4194884,99547290.00040731,Selsis,-0.40572341281905716,-0.6780340950540399,linear,0.36836541323805866,0.6351422217060168,1.941333422042978e+23,1.941333422042978e+23
0.388,0.788,catalog,0.09,285.34846497492697,1.11,381.908947481004,0.02227,catalog,2195417892.8753815,79807955.32535183,Selsis,-0.44950091041125706,-0.7778547350113265,linear,0.4370215410065205,0.8122026017067672,1.5853766610955643e+23,1.5853766610955643e+23
0.388,0.788,catalog,0.09,285.34846497492697,1.11,224.36008878895447,0.02227,catalog,3732906012.883525,13582525.050802233,Jackson,-0.371738621866949,-0.6472134073885557,linear,0.08140145453499262,0.594630285149024,8.199676816649358e+23,8.199676816649358e+23
0.388,0.788,catalog,0.09,285.34846497492697,1.11,86.26581461691629,0.02227,catalog,12899290590.011526,80258362.09486419,Selsis,-0.49060889634809207,-0.6837329074073966,GP,0.327150247738367,0.5099682216933854,5.389415307654353e+23,5.389415307654353e+23
0.388,0.788,catalog,0.09,285.34846497492697,1.11,381.90894748100374,0.02227,catalog,1790044952.8369427,42795236.18206936,Selsis,-0.33073035284799507,-0.7449503830014224,GP,0.09858380404781543,0.5107824513384233,2.412976753320581e+23,2.412976753320581e+23
0.388,0.788,catalog,0.09,285.34846497492697,1.11,381.908947481004,0.02227,catalog,3695992215.230942,76673103.3538561,Selsis,-0.43636712019622226,-0.7005870573589227,GP,0.055973279248445876,0.028102342867250885,2.744677636337236e+23,2.744677636337236e+23
0.388,0.788,catalog,0.09,285.34846497492697,1.11,172.32889790436926,0.02227,catalog,7525557228.180683,19899623.077553507,Selsis,-0.3163827843006018,-0.641110182106769,log,0.4622944387134531,0.6590068791648691,9.158713329435918e+23,9.158713329435918e+23
0.388,0.788,catalog,0.09,285.34846497492697,1.11,527.28794797702,0.02227,catalog,1804070634.416221,29466254.883820593,Jackson,-0.45583213330181044,-0.6052212023209919,linear,0.07591476826927844,0.04685490350455157,3.0128376926998597e+23,3.0128376926998597e+23
0.388,0.788,catalog,0.09,285.34846497492697,1.11,381.908947481004,0.02227,catalog,3390951393.8184724,52944807.99631516,Selsis,-0.33587561822837875,-0.7921579540697719,GP,0.14293518541973876,0.04046402239915581,3.6405342817592865e+23,3.6405342817592865e+23
0.388,0.788,catalog,0.09,285.34846497492697,1.11,349.87783781012223,0.02227,catalog,2545805272.2707596,30375424.66917513,Jackson,-0.3745443829866609,-0.7790674225159859,GP,0.42049435913367705,0.17471510195790396,4.331532435488911e+23,4.331532435488911e+23
0.388,0.788,catalog,0.09,285.34846497492697,1.11,200.14569612576068,0.02227,catalog,4126304395.1757846,50074545.45390533,Jackson,-0.3705775194666491,-0.7857659364482434,linear,0.42542754553425477,0.6167939144170959,7.845442258525978e+23,7.845442258525978e+23
0.388,0.788,catalog,0.09,285.34846497492697,1.11,180.3130107406024,0.02227,catalog,4525083975.3077545,75008989.70569538,Jackson,-0.44260015135596215,-0.7882943845396128,linear,0.15344060643351715,0.579905418200031,6.619095398815798e+23,6.619095398815798e+23
0.388,0.788,catalog,0.09,285.34846497492697,1.11,258.68617546906796,0.02227,catalog,5556240922.984225,38669450.33365254,Selsis,-0.3084125219147685,-0.7421076475849778,log,0.34020238464778857,0.5935002963234067,7.290979855981618e+23,7.290979855981618e+23
0.388,0.788,catalog,0.09,285.34846497492697,1.11,139.52120091336397,0.02227,catalog,5694030093.529701,63463405.13183724,Jackson,-0.3521355738585612,-0.6164474404567202,linear,0.18182193564844884,0.258758583433773,7.410124732692014e+23,7.410124732692014e+23
0.388,0.788,catalog,0.09,285.34846497492697,1.11,705.0014079692074,0.02227,catalog,1420026915.6797135,47405337.83891232,Jackson,-0.4033045827865553,-0.606162066732843,GP,0.14318664647812346,0.37669381374965083,4.360689830760881e+23,4.360689830760881e+23
0.388,0.788,catalog,0.09,285.34846497492697,1.11,292.3311563551281,0.02227,catalog,2968153654.1928644,94402963.10800862,Jackson,-0.46471368339601743,-0.6775603333185771,GP,0.2837818371313311,0.4514326729034456,5.400485453655436e+23,5.400485453655436e+23
0.388,0.788,catalog,0.09,285.34846497492697,1.11,381.908947481004,0.02227,catalog,3383284318.619403,72083576.74479741,Selsis,-0.4842472159790971,-0.6203006487011535,log,0.4240282416810255,0.5214272538517589,2.8961113267922964e+23,2.8961113267922964e+23
0.388,0.788,catalog,0.09,285.34846497492697,1.11,311.58242576697205,0.02227,catalog,4848574607.883415,19461138.15172718,Selsis,-0.3278123802003889,-0.7897529938460822,log,0.29845230076373336,0.001231836557712862,5.323643741969301e+23,5.323643741969301e+23
0.388,0.788,catalog,0.09,285.34846497492697,1.11,322.27011559285324,0.02227,catalog,4731098054.8541,67331526.51819259,Selsis,-0.29446927785438254,-0.6217307801519965,GP,0.18441948216330345,0.25613624211846453,7.726097161266447e+23,7.726097161266447e+23
0.388,0.788,catalog,0.09,285.34846497492697,1.11,375.24810137678986,0.02227,catalog,4047210731.7897797,78244398.48201258,Selsis,-0.3559798281284843,-0.7705714824260423,GP,0.3803446481349669,0.5475642422250139,3.8997467656575705e+23,3.8997467656575705e+23
0.388,0.788,catalog,0.09,285.34846497492697,1.11,178.03657846862998,0.02227,catalog,4576414397.957867,91961415.97186516,Jackson,-0.32613661359254315,-0.6502494560837321,GP,0.49052507140196655,0.27384520746446117,7.176622114971126e+23,7.176622114971126e+23
0.388,0.788,catalog,0.09,285.34846497492697,1.11,211.1858794625842,0.02227,catalog,3936051160.4520965,86860666.58005036,Jackson,-0.40089085374367045,-0.7949689495827358,GP,0.2828678649461385,0.6081454054088672,6.930476615254309e+23,6.930476615254309e+23
0.388,0.788,catalog,0.09,285.34846497492697,1.11,381.908947481004,0.02227,catalog,2792468863.3941693,74065013.9790477,Selsis,-0.45406726675219294,-0.641536494340661,log,0.2122026413872774,0.8397138130556508,2.35734850163957e+23,2.35734850163957e+23
0.388,0.788,catalog,0.09,285.34846497492697,1.11,381.908947481004,0.02227,catalog,2649793375.9502687,11692976.41946176,Selsis,-0.2820697803107398,-0.6784842571938716,linear,0.12816072744405765,0.7211255144893941,5.3841537785725206e+23,5.3841537785725206e+23
0.388,0.788,catalog,0.09,285.34846497492697,1.11,242.77329552382568,0.02227,catalog,3484909228.2334614,32838010.557561148,Jackson,-0.4936378856809182,-0.7445549004916325,GP,0.32440440905180123,0.07234188168089184,3.788379316248131e+23,3.788379316248131e+23
0.388,0.788,catalog,0.09,285.34846497492697,1.11,118.1502759355131,0.02227,catalog,10058676143.498247,92310148.3743481,Selsis,-0.36805247135897806,-0.7747059570246673,log,0.2863561147607524,0.18304291260604,6.301012192221629e+23,6.301012192221629e+23
0.388,0.788,catalog,0.09,285.34846497492697,1.11,107.1145312646481,0.02227,catalog,7250870018.032077,35559704.170412,Jackson,-0.34178341404321444,-0.6367717332532096,log,0.338445369944078,0.04746602501617714,6.756794495924369e+23,6.756794495924369e+23
0.388,0.788,catalog,0.09,285.34846497492697,1.11,344.71015413838023,0.02227,catalog,4505743907.125871,4437236.098533163,Selsis,-0.35767667618387483,-0.6176855825567904,GP,0.10301767631575495,0.24114366536474086,5.325374699582368e+23,5.325374699582368e+23
0.388,0.788,catalog,0.09,285.34846497492697,1.11,2232.1830118448083,0.02227,catalog,598573499.4648079,38389920.03116849,Jackson,-0.4311268852669226,-0.7768643680720774,log,0.4414159634143958,0.657022874553852,3.7459579206332934e+23,3.7459579206332934e+23
0.388,0.788,catalog,0.09,285.34846497492697,1.11,128.811083355393,0.02227,catalog,6122113242.120592,29834182.212694738,Jackson,-0.35706261581536203,-0.6656414686123896,log,0.09675558062030541,0.28926432357439313,7.267986883089879e+23,7.267986883089879e+23
0.388,0.788,catalog,0.09,285.34846497492697,1.11,364.2512367191268,0.02227,catalog,2460305097.3463016,96733423.1178933,Jackson,-0.30151489866497394,-0.6825078521110012,GP,0.05440426658808687,0.8089390137271207,1.0185211796496769e+24,1.0185211796496769e+24
0.388,0.788,catalog,0.09,285.34846497492697,1.11,652.5488379408076,0.02227,catalog,1512936424.6432383,67208876.68089607,Jackson,-0.29868231754383556,-0.6895028772959512,linear,0.19801123261076817,0.8572321444537363,9.361381949610692e+23,9.361381949610692e+23
0.388,0.788,catalog,0.09,285.34846497492697,1.11,105.28990842942306,0.02227,catalog,7367047403.369721,12480487.4609811,Jackson,-0.40597119402756193,-0.6118287371853202,GP,0.3621297759416685,0.2324254000068876,7.159327174061685e+23,7.159327174061685e+23
0.388,0.788,catalog,0.09,285.34846497492697,1.11,251.80874513306412,0.02227,catalog,3376081711.5543838,31165484.343295403,Jackson,-0.4062133576012892,-0.6144337545398364,GP,0.09307429286459173,0.6735310316954223,8.21013156659822e+23,8.21013156659822e+23
0.388,0.788,catalog,0.09,285.34846497492697,1.11,75.29974209118224,0.02227,catalog,10095303505.131765,22555273.423707526,Jackson,-0.4752615354549037,-0.6726059173435144,linear,0.061896783443049504,0.8431879197087555,9.48942017381498e+23,9.48942017381498e+23
0.388,0.788,catalog,0.09,285.34846497492697,1.11,305.1257443870149,0.02227,catalog,2861071388.6707335,71361841.30620106,Jackson,-0.31505590091955443,-0.7704947592807557,GP,0.05847017742441578,0.6573381824814198,8.836804701887258e+23,8.836804701887258e+23
0.388,0.788,catalog,0.09,285.34846497492697,1.11,134.32361348359981,0.02227,catalog,9105282383.81907,32598289.38964126,Selsis,-0.2977412180981888,-0.7235954906353431,log,0.05624484295728841,0.28317707146972493,1.0241050015816294e+24,1.0241050015816294e+24
0.388,0.788,catalog,0.09,285.34846497492697,1.11,186.87749706806468,0.02227,catalog,4383927703.851889,40746912.96089382,Jackson,-0.4190191211910619,-0.7918627575375476,GP,0.34881434945694556,0.348457918823485,5.6723320213530357e+23,5.6723320213530357e+23
0.388,0.788,catalog,0.09,285.34846497492697,1.11,309.63773889252354,0.02227,catalog,2825336332.7325397,52555888.67939247,Jackson,-0.3933841858192818,-0.688865235127503,log,0.34397474870745415,0.11732553764738884,4.1400294407031194e+23,4.1400294407031194e+23
0.388,0.788,catalog,0.09,285.34846497492697,1.11,74.44373279008107,0.02227,catalog,10206120893.348688,58143789.96771245,Jackson,-0.44147422349279075,-0.7001049711627351,linear,0.11434193912314111,0.8174243770444817,9.093962232341645e+23,9.093962232341645e+23
0.388,0.788,catalog,0.09,285.34846497492697,1.11,381.90894748100425,0.02227,catalog,2768963017.4398737,52390575.22075236,Selsis,-0.3522300652019793,-0.6734385987898983,GP,0.09966932491250781,0.14104843066811612,3.031218003665066e+23,3.031218003665066e+23
0.388,0.788,catalog,0.09,285.34846497492697,1.11,176.00357535518705,0.02227,catalog,7406305703.755708,97086754.07087786,Selsis,-0.4788992068077136,-0.609583689030585,log,0.09617321855471908,0.7861336330352667,5.415831272528938e+23,5.415831272528938e+23
0.388,0.788,catalog,0.09,285.34846497492697,1.11,268.23873191362674,0.02227,catalog,3196372554.9842944,85202411.65639198,Jackson,-0.34241836275148524,-0.7570636313635895,log,0.26813365232158737,0.7820690226112894,8.83625029678683e+23,8.83625029678683e+23
0.388,0.788,catalog,0.09,285.34846497492697,1.11,381.908947481004,0.02227,catalog,2505539731.422553,98692451.85519318,Selsis,-0.332563901095722,-0.7914034407833661,linear,0.3112438751682308,0.6990616635560619,2.8266946454676738e+23,2.8266946454676738e+23
0.388,0.788,catalog,0.09,285.34846497492697,1.11,381.908947481004,0.02227,catalog,2780430870.3842034,54332978.17256025,Selsis,-0.4214180581862284,-0.7884271278266132,linear,0.08952591295257355,0.9888625618043915,2.1671785491978825e+23,2.1671785491978825e+23
0.388,0.788,catalog,0.09,285.34846497492697,1.11,309.27121796317795,0.02227,catalog,2828201865.023793,95393052.10924812,Jackson,-0.47785180752145245,-0.6682327629630367,log,0.2590700955060716,0.602405490832301,6.07440870970534e+23,6.07440870970534e+23
0.388,0.788,catalog,0.09,285.34846497492697,1.11,379.203389006293,0.02227,catalog,3985494952.615958,76030490.50091808,Selsis,-0.3323364794026536,-0.6268217308208809,GP,0.07773420920439456,0.4669695389606481,5.17099815767043e+23,5.17099815767043e+23
0.388,0.788,catalog,0.09,285.34846497492697,1.11,381.908947481004,0.02227,catalog,3106597399.5150137,2889577.919534516,Selsis,-0.29682803696052357,-0.6328981397863404,linear,0.3344932142615773,0.5649612678340636,5.639109763680584e+23,5.639109763680584e+23
0.388,0.788,catalog,0.09,285.34846497492697,1.11,528.0685360077838,0.02227,catalog,1801856324.1904154,41083850.016798384,Jackson,-0.28111427768991293,-0.7274645700588791,GP,0.22296555531618792,0.25300687134979327,4.991005658181889e+23,4.991005658181889e+23
0.388,0.788,catalog,0.09,285.34846497492697,1.11,192.69465015489743,0.02227,catalog,4266711437.952899,59533211.75132628,Jackson,-0.29808562120375315,-0.7100094617694049,GP,0.11400275035841263,0.9059269271360014,1.3186057511118792e+24,1.3186057511118792e+24
0.388,0.788,catalog,0.09,285.34846497492697,1.11,381.90894748100374,0.02227,catalog,1319957489.098138,69584144.2747593,Selsis,-0.3057865178593115,-0.7751926230504401,GP,0.1862635487338972,0.30213827202599675,2.047458721185038e+23,2.047458721185038e+23
0.388,0.788,catalog,0.09,285.34846497492697,1.11,322.94537723666326,0.02227,catalog,4723909536.008559,1946206.661435486,Selsis,-0.3926083315937146,-0.7894586172977295,GP,0.1713033316703367,0.6357246592485277,4.1120906396386434e+23,4.1120906396386434e+23
0.388,0.788,catalog,0.09,285.34846497492697,1.11,381.908947481004,0.02227,catalog,3071761593.6373086,33501028.089394964,Selsis,-0.3628777137393967,-0.7292631901741019,linear,0.26641475396305037,0.971800127254665,3.2006487800805303e+23,3.2006487800805303e+23
0.388,0.788,catalog,0.09,285.34846497492697,1.11,156.68806721166416,0.02227,catalog,8090143552.523713,67273142.65651003,Selsis,-0.44312213220937335,-0.6471970347002326,log,0.10671142322423013,0.43297481325640097,5.311683213987933e+23,5.311683213987933e+23
0.388,0.788,catalog,0.09,285.34846497492697,1.11,195.99907023336624,0.02227,catalog,4203156968.400699,55952394.62539929,Jackson,-0.39672263857926426,-0.6555139115986323,log,0.09414142806261606,0.10348382574728465,4.887497832199333e+23,4.887497832199333e+23
0.388,0.788,catalog,0.09,285.34846497492697,1.11,288.7807492743986,0.02227,catalog,5125053274.537017,37634405.00130863,Selsis,-0.32909127982550523,-0.6770714574946982,GP,0.18493720391875657,0.8570308400906776,6.235267635818458e+23,6.235267635818458e+23
0.388,0.788,catalog,0.09,285.34846497492697,1.11,306.61004074842293,0.02227,catalog,4905721317.31952,57955786.86801351,Selsis,-0.49493867538930514,-0.6941447387319079,log,0.1368596593504692,0.33634879575859,3.321527387852327e+23,3.321527387852327e+23
0.388,0.788,catalog,0.09,285.34846497492697,1.11,130.55648512103923,0.02227,catalog,6047588686.923844,73159922.98140346,Jackson,-0.43747909130234985,-0.713351941936954,GP,0.11648109349481649,0.01524633375085993,4.4657921712118924e+23,4.4657921712118924e+23
0.388,0.788,catalog,0.09,285.34846497492697,1.11,96.79313600679748,0.02227,catalog,11767250741.463093,54669030.906081155,Selsis,-0.3217388230182296,-0.7777698140515548,log,0.07524005183408332,0.9048848394571511,9.222043905265041e+23,9.222043905265041e+23
0.388,0.788,catalog,0.09,285.34846497492697,1.11,186.558459954912,0.02227,catalog,7087755456.230457,15880841.719972864,Selsis,-0.2924048492446948,-0.6316079536494863,log,0.18873523928201255,0.708380767018199,1.0816981205973555e+24,1.0816981205973555e+24
0.388,0.788,catalog,0.09,285.34846497492697,1.11,381.908947481004,0.02227,catalog,3480687982.9658523,94987097.91998535,Selsis,-0.29946263933571204,-0.6002764524934746,log,0.0757965004099158,0.9990650425617763,5.924936786101944e+23,5.924936786101944e+23
0.388,0.788,catalog,0.09,285.34846497492697,1.11,381.908947481004,0.02227,catalog,3429486217.7972274,75359669.07340367,Selsis,-0.47049695006927655,-0.721701449551749,linear,0.06792599364016115,0.4106487817695278,2.3795959331438383e+23,2.3795959331438383e+23
0.388,0.788,catalog,0.09,285.34846497492697,1.11,381.90894748100425,0.02227,catalog,2772092662.8160567,82618651.12304276,Selsis,-0.3799300710980463,-0.6947835463770263,GP,0.052038612538983425,0.5470288536388321,2.5717801602459864e+23,2.5717801602459864e+23
0.388,0.788,catalog,0.09,285.34846497492697,1.11,158.72557232994484,0.02227,catalog,5069920976.644202,93702271.02120394,Jackson,-0.4137963466490457,-0.7501069950777509,log,0.0617064062333696,0.14273066365421183,4.8211589388047884e+23,4.8211589388047884e+23
0.388,0.788,catalog,0.09,285.34846497492697,1.11,381.908947481004,0.02227,catalog,1371015913.625939,36644871.27873474,Selsis,-0.37107956188712,-0.7999964941067892,GP,0.293182829042195,0.12771358835104285,1.4419320403047824e+23,1.4419320403047824e+23
0.388,0.788,catalog,0.09,285.34846497492697,1.11,212.1930253730018,0.02227,catalog,6435471294.167794,49283038.991005555,Selsis,-0.46397644454662235,-0.6788205693426398,log,0.06305039396829111,0.052985353194992535,4.1982628247676514e+23,4.1982628247676514e+23
0.388,0.788,catalog,0.09,285.34846497492697,1.11,322.1479475264497,0.02227,catalog,2731279676.3403153,90095375.7843825,Jackson,-0.3136231458391507,-0.7964733623446286,GP,0.4488668355423423,0.5455897842095248,7.742971693538435e+23,7.742971693538435e+23
0.388,0.788,catalog,0.09,285.34846497492697,1.11,185.80664042505225,0.02227,catalog,7109350694.933279,29708401.938462954,Selsis,-0.4347926388850677,-0.6959159809792052,GP,0.06440230904295416,0.98526228548011,4.732037076285603e+23,4.732037076285603e+23
0.388,0.788,catalog,0.09,285.34846497492697,1.11,304.12341306913004,0.02227,catalog,2869147883.2184587,90123357.99805106,Jackson,-0.417938767814337,-0.6476474881954822,GP,0.10365019317048416,0.3330741417698091,5.1393498597519425e+23,5.1393498597519425e+23
0.388,0.788,catalog,0.09,285.34846497492697,1.11,72.83560348885163,0.02227,catalog,10421534855.892368,16559222.860790627,Jackson,-0.2909528759918112,-0.6638237563290809,GP,0.2932216986851366,0.08087643376927767,9.590066888692631e+23,9.590066888692631e+23
0.388,0.788,catalog,0.09,285.34846497492697,1.11,237.40059898291983,0.02227,catalog,5920091254.457426,65503795.33827732,Selsis,-0.3393123935329587,-0.6232403371798939,GP,0.0832240280317651,0.17101290079207687,6.769641458823806e+23,6.769641458823806e+23
0.388,0.788,catalog,0.09,285.34846497492697,1.11,595.8749919108429,0.02227,catalog,1630423365.2475066,56739558.46972417,Jackson,-0.38926202793613424,-0.7383766673990964,GP,0.08069040724459361,0.716280370173763,6.376418841436865e+23,6.376418841436865e+23
0.388,0.788,catalog,0.09,285.34846497492697,1.11,520.0698029042499,0.02227,catalog,1824842847.513521,74902063.44471891,Jackson,-0.42830323629675365,-0.7520291775078798,log,0.16649593477577537,0.6489615720531138,5.756356106830631e+23,5.756356106830631e+23
0.388,0.788,catalog,0.09,285.34846497492697,1.11,149.014925246584,0.02227,catalog,8406721409.848252,6797905.7630417105,Selsis,-0.46772838809013584,-0.6852339070363492,linear,0.18312733967489855,0.017861987158372505,4.781019102823458e+23,4.781019102823458e+23
0.388,0.788,catalog,0.09,285.34846497492697,1.11,398.4213882707246,0.02227,catalog,2280715050.3929853,64953438.85428681,Jackson,-0.49212130557731687,-0.7252220615734942,log,0.14878352670800676,0.44267928717472593,4.895713767227213e+23,4.895713767227213e+23
0.388,0.788,catalog,0.09,285.34846497492697,1.11,197.1356915045395,0.02227,catalog,4181777183.8823285,48221870.73744759,Jackson,-0.45318882571324715,-0.6176366323411429,log,0.23733957064077546,0.13912081828348144,5.004597908276362e+23,5.004597908276362e+23
0.388,0.788,catalog,0.09,285.34846497492697,1.11,414.42628739456615,0.02227,catalog,2206305993.2942066,3089706.5714967377,Jackson,-0.494179702428528,-0.7971058632796972,GP,0.2066613248811755,0.3250861166216239,4.4080515622037294e+23,4.4080515622037294e+23
0.388,0.788,catalog,0.09,285.34846497492697,1.11,119.05945024295966,0.02227,catalog,6578545513.302913,13457428.855096746,Jackson,-0.4712170001696872,-0.7423760887009946,linear,0.20675675553739187,0.7724264024807705,8.30605051152402e+23,8.30605051152402e+23
0.388,0.788,catalog,0.09,285.34846497492697,1.11,349.1088614445094,0.02227,catalog,2550568690.4745317,63972400.68949104,Jackson,-0.4027175387346012,-0.7833693164543949,linear,0.12460558975144755,0.05315613618587989,3.474979731599453e+23,3.474979731599453e+23
0.388,0.788,catalog,0.09,285.34846497492697,1.11,158.68615412081505,0.02227,catalog,5071049124.865518,34456279.055185735,Jackson,-0.37873018133049086,-0.7034152734567677,log,0.22101969615446276,0.5709150812863758,8.021715566087723e+23,8.021715566087723e+23
0.388,0.788,catalog,0.09,285.34846497492697,1.11,323.5656217982828,0.02227,catalog,4717330333.238079,47582865.63817924,Selsis,-0.3385369263406695,-0.6749827489024404,log,0.08553456573089636,0.19634416773707863,5.323129996824154e+23,5.323129996824154e+23
0.388,0.788,catalog,0.09,285.34846497492697,1.11,192.48146935876264,0.02227,catalog,6923015272.203235,59981485.02948117,Selsis,-0.3149946995054491,-0.7321933951127226,log,0.20542681752359218,0.7851233372646563,7.790241881916007e+23,7.790241881916007e+23
0.388,0.788,catalog,0.09,285.34846497492697,1.11,381.908947481004,0.02227,catalog,2417305642.785389,78380542.83237539,Selsis,-0.4603080935622184,-0.7789688225940868,GP,0.47563307085573703,0.19450074864506306,1.691267975061227e+23,1.691267975061227e+23
0.388,0.788,catalog,0.09,285.34846497492697,1.11,501.1984214259209,0.02227,catalog,397112774.5674519,6168864.595767309,Selsis,-0.34123783093170024,-0.7462822905974694,GP,0.20681563551660778,0.9196025652997548,1.2081852134725612e+23,1.2081852134725612e+23
0.388,0.788,catalog,0.09,285.34846497492697,1.11,323.7176481314973,0.02227,catalog,2719970013.37712,27651805.31441569,Jackson,-0.3971796041817622,-0.6777387652011665,GP,0.072189651854479,0.9157619100820834,8.594223505565103e+23,8.594223505565103e+23
0.388,0.788,catalog,0.09,285.34846497492697,1.11,381.908947481004,0.02227,catalog,1745313097.1299515,75933458.76742877,Selsis,-0.3957963875299919,-0.745308238336516,linear,0.1857492513401402,0.895531950966804,1.5589114036777462e+23,1.5589114036777462e+23
0.388,0.788,catalog,0.09,285.34846497492697,1.11,195.56956632334285,0.02227,catalog,4211299075.548233,94766535.7557475,Jackson,-0.28657737476610123,-0.7562430447405384,log,0.43158190315038486,0.25642310996251705,7.766947535721743e+23,7.766947535721743e+23
0.388,0.788,catalog,0.09,285.34846497492697,1.11,413.147517260286,0.02227,catalog,2212049890.7849655,30235376.40415297,Jackson,-0.4129766217517618,-0.7203466758963202,log,0.10841756154898727,0.019282718357482298,3.140499666695863e+23,3.140499666695863e+23
0.388,0.788,catalog,0.09,285.34846497492697,1.11,381.908947481004,0.02227,catalog,1469991390.6246207,78795171.23601411,Selsis,-0.40798003223279045,-0.7100699697985019,linear,0.057746639972063654,0.20538933109844337,1.3210357082149446e+23,1.3210357082149446e+23
0.388,0.788,catalog,0.09,285.34846497492697,1.11,190.8111724199712,0.02227,catalog,6968527707.420613,12885511.891727043,Selsis,-0.48352463997529416,-0.6551262907774217,linear,0.052368756130295256,0.578554104172048,4.7849109215858055e+23,4.7849109215858055e+23
0.388,0.788,catalog,0.09,285.34846497492697,1.11,90.9763038316289,0.02227,catalog,8441548688.673798,58487885.00013834,Jackson,-0.3589269017119526,-0.6620433943963803,log,0.11574642188666923,0.7018420413142916,1.0545787355786448e+24,1.0545787355786448e+24
0.388,0.788,catalog,0.09,285.34846497492697,1.11,252.01228393900402,0.02227,catalog,5664349118.720805,48012067.409046635,Selsis,-0.35914800772342353,-0.7096195209360312,GP,0.21745182436209418,0.5898069336792884,5.321136117464094e+23,5.321136117464094e+23
0.388,0.788,catalog,0.09,285.34846497492697,1.11,361.70657308292175,0.02227,catalog,4271504804.3612843,92904577.68134186,Selsis,-0.41754532947799816,-0.6816373061930308,GP,0.08851363089361053,0.03687012492768904,3.347375801114334e+23,3.347375801114334e+23
0.388,0.788,catalog,0.09,285.34846497492697,1.11,381.908947481004,0.02227,catalog,2180628091.651308,84750722.10342951,Selsis,-0.32346409971010387,-0.7381798094727641,log,0.0984012306165328,0.9161622060224753,2.765367309162085e+23,2.765367309162085e+23
0.388,0.788,catalog,0.09,285.34846497492697,1.11,133.01939485052029,0.02227,catalog,5945737899.4148,7732081.1955433125,Jackson,-0.3581641719079899,-0.731956529519786,linear,0.060933055104355746,0.30120859113426046,7.016859664436762e+23,7.016859664436762e+23
0.388,0.788,catalog,0.09,285.34846497492697,1.11,326.4995566243716,0.02227,catalog,2700182186.991024,21593864.74592758,Jackson,-0.4089388192819584,-0.7389511177759065,linear,0.47491220981187976,0.9855775729187425,8.533619665172524e+23,8.533619665172524e+23
0.388,0.788,catalog,0.09,285.34846497492697,1.11,335.07682178925376,0.02227,catalog,2641152134.65174,18306841.638710983,Jackson,-0.33737198684504555,-0.7707961830512026,GP,0.0807834991971728,0.5530503226139685,7.46872464722054e+23,7.46872464722054e+23
0.388,0.788,catalog,0.09,285.34846497492697,1.11,381.908947481004,0.02227,catalog,2985845206.847664,72043121.11991437,Selsis,-0.32552561783765144,-0.6778308309363837,GP,0.38283475403213874,0.4727222482042447,3.8406282710327545e+23,3.8406282710327545e+23
0.388,0.788,catalog,0.09,285.34846497492697,1.11,381.908947481004,0.02227,catalog,3524287498.684954,71345604.85633531,Selsis,-0.45656725555843114,-0.7998791191885458,linear,0.2580255814698442,0.6894990076743894,2.385821882285786e+23,2.385821882285786e+23
0.388,0.788,catalog,0.09,285.34846497492697,1.11,398.6564685309225,0.02227,catalog,758505223.5714592,27569193.366445936,Selsis,-0.2988551305538247,-0.6268389151085862,GP,0.39751508696231364,0.027001708741254626,1.2483763381738544e+23,1.2483763381738544e+23
0.388,0.788,catalog,0.09,285.34846497492697,1.11,1557.9384452343174,0.02227,catalog,770341370.0742176,39246322.80437721,Jackson,-0.4410082108713118,-0.6207521587047531,linear,0.06925289979028577,0.7535113586834734,5.011479544436428e+23,5.011479544436428e+23
0.388,0.788,catalog,0.09,285.34846497492697,1.11,112.22655825155644,0.02227,catalog,6945579917.204806,28655378.129244074,Jackson,-0.4015222287869983,-0.6027746208877138,GP,0.19890369663425891,0.18937645443744378,6.954135142872686e+23,6.954135142872686e+23
0.388,0.788,catalog,0.09,285.34846497492697,1.11,184.91251316054803,0.02227,catalog,7135242142.506919,77123984.95054,Selsis,-0.324269156534428,-0.774108340051239,GP,0.12300643850590132,0.9667370052616386,7.166798020866857e+23,7.166798020866857e+23
0.388,0.788,catalog,0.09,285.34846497492697,1.11,167.9722522385733,0.02227,catalog,4819696693.596965,88720231.77767175,Jackson,-0.4300139046269289,-0.6471395629106907,linear,0.08016001306597187,0.568682465018007,7.248024151936454e+23,7.248024151936454e+23
0.388,0.788,catalog,0.09,285.34846497492697,1.11,381.908947481004,0.02227,catalog,1985282231.8090823,72271530.1132659,Selsis,-0.3033299163336351,-0.6102794026163197,log,0.3039312600158013,0.14848387134652408,3.2105272608897726e+23,3.2105272608897726e+23
0.388,0.788,catalog,0.09,285.34846497492697,1.11,361.1937656992689,0.02227,catalog,2477948866.4298205,32926844.454892516,Jackson,-0.30951611856047,-0.7024905449101468,linear,0.19115103969653938,0.6203982743346543,8.69753631211e+23,8.69753631211e+23
0.388,0.788,catalog,0.09,285.34846497492697,1.11,125.1208581576621,0.02227,catalog,6286492257.543673,32570076.074176256,Jackson,-0.4217242910850985,-0.6086288744605465,linear,0.2020120682460348,0.13241538946097342,6.106936758981557e+23,6.106936758981557e+23
0.388,0.788,catalog,0.09,285.34846497492697,1.11,104.5957991330798,0.02227,catalog,11067350873.138247,89751451.59304059,Selsis,-0.4815945059079131,-0.7254197151705994,linear,0.11593020402255604,0.9260923347448903,4.785701004583068e+23,4.785701004583068e+23
0.388,0.788,catalog,0.09,285.34846497492697,1.11,131.14514127472492,0.02227,catalog,6022899537.016958,80299957.87756148,Jackson,-0.44964834686046473,-0.6708089324750856,log,0.15920244161149272,0.1268261241882267,5.058928940035678e+23,5.058928940035678e+23
0.388,0.788,catalog,0.09,285.34846497492697,1.11,207.9873691487517,0.02227,catalog,6532430366.232606,48214772.23887965,Selsis,-0.4313661637094941,-0.7346007724795942,linear,0.10430830048383653,0.38617188114819334,4.2750006076207103e+23,4.2750006076207103e+23
0.388,0.788,catalog,0.09,285.34846497492697,1.11,292.1895117992329,0.02227,catalog,2969389497.9952025,4896825.502212181,Jackson,-0.36844541983863677,-0.6556746289515551,GP,0.3707341717664929,0.1994746378801372,5.118753890480709e+23,5.118753890480709e+23
0.388,0.788,catalog,0.09,285.34846497492697,1.11,155.98626190442752,0.02227,catalog,5149657560.129829,57942063.02301945,Jackson,-0.38615778708054804,-0.7957032530042382,log,0.267683854425784,0.8440831368998142,8.893146294134878e+23,8.893146294134878e+23
0.388,0.788,catalog,0.09,285.34846497492697,1.11,880.3754269602179,0.02227,catalog,1186614788.327222,81000124.89908247,Jackson,-0.373039257644247,-0.689877381553441,GP,0.18869346946332988,0.5511187677850189,4.801512633345945e+23,4.801512633345945e+23
0.388,0.788,catalog,0.09,285.34846497492697,1.11,381.908947481004,0.02227,catalog,3643753840.4182625,63380905.8692806,Selsis,-0.39259984091001454,-0.6939960135748623,linear,0.08021306462992342,0.1375496552731027,3.161746362810776e+23,3.161746362810776e+23
0.388,0.788,catalog,0.09,285.34846497492697,1.11,338.74451854777794,0.02227,catalog,2616783518.05927,6519340.69434061,Jackson,-0.4252649113574641,-0.66869049926211,linear,0.40275122743545866,0.3097826587409759,4.997748070598394e+23,4.997748070598394e+23
0.388,0.788,catalog,0.09,285.34846497492697,1.11,298.03125782255347,0.02227,catalog,2919357351.5242515,10534869.35532532,Jackson,-0.3147424495430709,-0.6401376169359891,log,0.33875982589662984,0.03981231161721366,4.714051818776596e+23,4.714051818776596e+23
0.388,0.788,catalog,0.09,285.34846497492697,1.11,157.14950423702987,0.02227,catalog,5115462755.891365,29265267.459430505,Jackson,-0.4349208962441789,-0.658462722032828,GP,0.18467190728706537,0.061897338683450265,4.778761805833832e+23,4.778761805833832e+23
0.388,0.788,catalog,0.09,285.34846497492697,1.11,381.908947481004,0.02227,catalog,1398852279.1376143,43606190.23103234,Selsis,-0.37440761865456285,-0.6303194589914012,linear,0.08177733156604074,0.7600179705243008,1.8197129569756805e+23,1.8197129569756805e+23
0.388,0.788,catalog,0.09,285.34846497492697,1.11,2149.921333618609,0.02227,catalog,614429074.7439044,10399059.018589262,Jackson,-0.3349445745462178,-0.7208293844253089,GP,0.057526775909297126,0.6252675471297551,4.1161858358059116e+23,4.1161858358059116e+23
0.388,0.788,catalog,0.09,285.34846497492697,1.11,277.91763581797784,0.02227,catalog,3100111955.14341,48434969.53939746,Jackson,-0.31245320732205456,-0.7809926767285552,GP,0.15704111866548043,0.7284215690425536,9.942634579308645e+23,9.942634579308645e+23
0.388,0.788,catalog,0.09,285.34846497492697,1.11,811.4234789636432,0.02227,catalog,1266212767.6656396,21522167.96465177,Jackson,-0.3831711908695334,-0.6741626118133629,GP,0.06511600705764295,0.3090127627429514,3.70514174459419e+23,3.70514174459419e+23
0.388,0.788,catalog,0.09,285.34846497492697,1.11,175.63862136758408,0.02227,catalog,4631895664.5986,31637480.01592682,Jackson,-0.38735984844881344,-0.7990731299749606,GP,0.1301474531101092,0.6339563565999755,7.915744961432943e+23,7.915744961432943e+23
0.388,0.788,catalog,0.09,285.34846497492697,1.11,131.13405415462825,0.02227,catalog,6023362510.810066,84712295.6731121,Jackson,-0.4686152888055623,-0.71630052306575,log,0.44090399027408267,0.301477672590331,5.5114187061180066e+23,5.5114187061180066e+23
0.388,0.788,catalog,0.09,285.34846497492697,1.11,381.908947481004,0.02227,catalog,1767415092.568253,37761441.10030934,Selsis,-0.39796739141727466,-0.7042205910010703,linear,0.13201200625856976,0.5748351612882315,1.779371295897104e+23,1.779371295897104e+23
0.388,0.788,catalog,0.09,285.34846497492697,1.11,286.95715408686675,0.02227,catalog,5148860861.736263,83626985.17200631,Selsis,-0.4535016699955628,-0.694422566247241,log,0.24845569829202307,0.2651043165793119,3.56964900700768e+23,3.56964900700768e+23
0.388,0.788,catalog,0.09,285.34846497492697,1.11,204.35433562056448,0.02227,catalog,4051415243.8099566,53493709.67681923,Jackson,-0.35297855479866547,-0.6828265458741113,log,0.0713434558946395,0.9869211889003915,1.0458374318259088e+24,1.0458374318259088e+24
0.388,0.788,catalog,0.09,285.34846497492697,1.11,636.9474745047966,0.02227,catalog,1543323899.487671,40489396.70160629,Jackson,-0.43526886909259926,-0.6561416113689861,log,0.2034862028531473,0.9849744919230902,7.25195448845907e+23,7.25195448845907e+23
0.388,0.788,catalog,0.09,285.34846497492697,1.11,366.58224929043416,0.02227,catalog,4188333437.5988455,14358696.434193498,Selsis,-0.4742660201114507,-0.6066752527665151,log,0.08456746657346732,0.9901964716162295,4.1029218908130385e+23,4.1029218908130385e+23
0.388,0.788,catalog,0.09,285.34846497492697,1.11,182.2596001534267,0.02227,catalog,7213426773.714453,65027320.63937401,Selsis,-0.2915596757602499,-0.7365046251121979,log,0.3694610663115817,0.6557846568625243,9.625816901240565e+23,9.625816901240565e+23
0.388,0.788,catalog,0.09,285.34846497492697,1.11,417.0898184164324,0.02227,catalog,2194449442.433427,37896326.500872545,Jackson,-0.3193217857493582,-0.6947806494247231,GP,0.13102434198376786,0.3575636593919467,5.935257237054891e+23,5.935257237054891e+23
0.388,0.788,catalog,0.09,285.34846497492697,1.11,254.09831682091382,0.02227,catalog,3349693858.9498377,59364263.53270933,Jackson,-0.2944264414374404,-0.6002249959475416,log,0.10294015361899754,0.7263247762161731,1.1867523944704884e+24,1.1867523944704884e+24
0.388,0.788,catalog,0.09,285.34846497492697,1.11,199.2527138690414,0.02227,catalog,6745649188.618443,15861205.275778748,Selsis,-0.4645664029523842,-0.7222732405908512,GP,0.42796637781571023,0.6101309632233706,4.277333899999998e+23,4.277333899999998e+23
0.388,0.788,catalog,0.09,285.34846497492697,1.11,195.47352168022712,0.02227,catalog,6843261582.189193,17463041.991838228,Selsis,-0.48542212507047555,-0.7663938737024519,log,0.10128816876498883,0.060035374216525716,3.858844914144274e+23,3.858844914144274e+23
0.388,0.788,catalog,0.09,285.34846497492697,1.11,126.94125725907891,0.02227,catalog,6204213734.712235,3137775.083577808,Jackson,-0.3036622704693675,-0.7341488707726086,linear,0.42671297557476917,0.3362345676798052,9.204447242868637e+23,9.204447242868637e+23
0.388,0.788,catalog,0.09,285.34846497492697,1.11,195.17872678161578,0.02227,catalog,6851020432.454337,73081123.38960096,Selsis,-0.3207425044119776,-0.6321301259504416,GP,0.0762464047105417,0.35417227888817815,8.20024227414956e+23,8.20024227414956e+23
0.388,0.788,catalog,0.09,285.34846497492697,1.11,101.1149693675763,0.02227,catalog,11367049545.332438,18067528.672306735,Selsis,-0.4428078086755177,-0.6048709010224546,log,0.059369708087896766,0.3606849991763347,7.446218156354439e+23,7.446218156354439e+23
0.388,0.788,catalog,0.09,285.34846497492697,1.11,96.92888275471174,0.02227,catalog,7955767187.37335,22007465.01804191,Jackson,-0.31259467509952227,-0.7307746740382077,log,0.43436858142445506,0.6943512837561191,1.2410997255417254e+24,1.2410997255417254e+24
0.388,0.788,catalog,0.09,285.34846497492697,1.11,373.51379757269166,0.02227,catalog,4074792804.5628967,25798926.24844525,Selsis,-0.3640318416762337,-0.6036197323311241,linear,0.3206330185423504,0.19678779919334533,4.8637389971394514e+23,4.8637389971394514e+23
0.388,0.788,catalog,0.09,285.34846497492697,1.11,380.46793947491767,0.02227,catalog,3966104746.276444,11192908.917655718,Selsis,-0.49174871614569476,-0.6481645240440116,GP,0.12632548458371368,0.8933498383343906,3.371082375628531e+23,3.371082375628531e+23
0.388,0.788,catalog,0.09,285.34846497492697,1.11,381.908947481004,0.02227,catalog,2301734446.497254,58291113.673094384,Selsis,-0.3565422321885007,-0.6591542323246838,log,0.07864324639022753,0.1464283706289634,2.558989022419007e+23,2.558989022419007e+23
0.388,0.788,catalog,0.09,285.34846497492697,1.11,381.908947481004,0.02227,catalog,2986213051.0688906,63388521.05617906,Selsis,-0.31567315541758584,-0.6422239241683542,linear,0.09979096545989413,0.24274527062240459,4.23033185449086e+23,4.23033185449086e+23
0.388,0.788,catalog,0.09,285.34846497492697,1.11,548.8741871950015,0.02227,catalog,1745024139.8141608,14914242.312251829,Jackson,-0.3412241210324034,-0.7059438405367809,linear,0.4027146711571803,0.831796345577207,8.569076678259488e+23,8.569076678259488e+23
0.388,0.788,catalog,0.09,285.34846497492697,1.11,83.34707836315353,0.02227,catalog,13260852172.038137,86247922.9173441,Selsis,-0.4621913693231308,-0.7755058144971853,log,0.3245114757885075,0.5244799379510753,5.01728292573598e+23,5.01728292573598e+23
0.388,0.788,catalog,0.09,285.34846497492697,1.11,280.20409222984586,0.02227,catalog,5239441851.340101,73078267.84572238,Selsis,-0.3338087223188256,-0.726889060421997,linear,0.10270564820737117,0.37918929858061723,5.6688774533245606e+23,5.6688774533245606e+23
0.388,0.788,catalog,0.09,285.34846497492697,1.11,196.22521444011923,0.02227,catalog,4198883938.891119,87359029.61522473,Jackson,-0.3960577315417476,-0.7306142908529982,GP,0.09851257528978721,0.71607417155741,7.707393197291731e+23,7.707393197291731e+23
0.388,0.788,catalog,0.09,285.34846497492697,1.11,649.3841265929602,0.02227,catalog,1518989990.450387,81012881.6063003,Jackson,-0.41790734755109343,-0.7815009176087073,log,0.124890989683028,0.7253665846100945,5.749680669732883e+23,5.749680669732883e+23
0.388,0.788,catalog,0.09,285.34846497492697,1.11,89.7344517924083,0.02227,catalog,8551127602.182886,88234859.450363,Jackson,-0.3495741759275599,-0.6331031614975245,GP,0.10531767100948508,0.4478411847057461,9.386040370295399e+23,9.386040370295399e+23
0.388,0.788,catalog,0.09,285.34846497492697,1.11,736.2981202604687,0.02227,catalog,1370498516.6892388,44840509.07122303,Jackson,-0.3615613087758744,-0.6459131940338537,linear,0.09865961553804474,0.026106041193062257,2.302347108603325e+23,2.302347108603325e+23
0.388,0.788,catalog,0.09,285.34846497492697,1.11,711.8014304732279,0.02227,catalog,233919537.23938718,84949849.90067945,Selsis,-0.2934820388502885,-0.6872545041539809,GP,0.2793745264523638,0.3699393967667456,5.125574322034223e+22,5.125574322034223e+22
0.388,0.788,catalog,0.09,285.34846497492697,1.11,381.908947481004,0.02227,catalog,3785801981.446292,35405318.97341452,Selsis,-0.2939680051458086,-0.625070505392123,log,0.38801917147164067,0.5502122363196107,6.690643793427177e+23,6.690643793427177e+23
0.388,0.788,catalog,0.09,285.34846497492697,1.11,381.90894748100425,0.02227,catalog,3710777190.955678,4146045.0929793185,Selsis,-0.48424808159423255,-0.658411306740224,linear,0.1233005289560887,0.3647520998487943,3.052907299689315e+23,3.052907299689315e+23
0.388,0.788,catalog,0.09,285.34846497492697,1.11,379.96211443964023,0.02227,catalog,3973841366.913302,14213258.098911557,Selsis,-0.3646097574824904,-0.7465470903402446,GP,0.3115292712285372,0.5891608213327464,4.036953687287203e+23,4.036953687287203e+23
0.388,0.788,catalog,0.09,285.34846497492697,1.11,381.908947481004,0.02227,catalog,3507182984.1781273,35769130.64767711,Selsis,-0.32413079224468144,-0.7459460414492193,GP,0.059974799010663604,0.258994905656859,4.326522461135919e+23,4.326522461135919e+23
0.388,0.788,catalog,0.09,285.34846497492697,1.11,299.18786376337056,0.02227,catalog,4994179880.07898,82518308.36046754,Selsis,-0.3123421065619618,-0.7128929352959368,log,0.35993828526950655,0.3945761043364371,6.397100459095557e+23,6.397100459095557e+23
0.388,0.788,catalog,0.09,285.34846497492697,1.11,197.12606645173244,0.02227,catalog,6800158954.861957,22902293.895675153,Selsis,-0.3679611244280983,-0.7907955798359005,log,0.05317995015660926,0.527026933140687,5.530590144856728e+23,5.530590144856728e+23
0.388,0.788,catalog,0.09,285.34846497492697,1.11,282.68666340139754,0.02227,catalog,3055018212.5376034,69306302.14928964,Jackson,-0.41938794323520817,-0.6370327138999141,GP,0.473598531968431,0.7596289456892301,7.699984692655487e+23,7.699984692655487e+23
0.388,0.788,catalog,0.09,285.34846497492697,1.11,161.22059283060784,0.02227,catalog,4999619846.930596,78049929.72620894,Jackson,-0.3746476412448827,-0.6197871028383979,linear,0.48867566413995844,0.5444455484382883,8.336627956071861e+23,8.336627956071861e+23
0.388,0.788,catalog,0.09,285.34846497492697,1.11,370.3128726299447,0.02227,catalog,4126557884.3090625,41761786.51512558,Selsis,-0.4943734681521891,-0.7247731880131486,GP,0.07896782236448442,0.7316820120648289,2.8318822391752025e+23,2.8318822391752025e+23
0.388,0.788,catalog,0.09,285.34846497492697,1.11,381.908947481004,0.02227,catalog,3148500889.7832966,85716363.31438854,Selsis,-0.43850616146414595,-0.6484963462606648,log,0.12210133940611025,0.7952897622747732,2.6139646145732622e+23,2.6139646145732622e+23
0.388,0.788,catalog,0.09,285.34846497492697,1.11,381.908947481004,0.02227,catalog,1647796870.9324968,46915777.609458536,Selsis,-0.33406535167539325,-0.7537199898592756,linear,0.09626867319730585,0.4260075894082579,2.164707052170652e+23,2.164707052170652e+23
0.388,0.788,catalog,0.09,285.34846497492697,1.11,98.72829666931536,0.02227,catalog,7820573438.675118,37038562.948057495,Jackson,-0.44472686544916845,-0.7185124411240228,linear,0.12153212489450325,0.26507126719756213,5.956131222859864e+23,5.956131222859864e+23
0.388,0.788,catalog,0.09,285.34846497492697,1.11,361.67941156416936,0.02227,catalog,4271976084.0622215,63023704.77315066,Selsis,-0.354830595520512,-0.6963126247235648,linear,0.3510958395185798,0.10286115589532341,4.283003676968113e+23,4.283003676968113e+23
0.388,0.788,catalog,0.09,285.34846497492697,1.11,381.908947481004,0.02227,catalog,3056170781.4303384,94984363.4926691,Selsis,-0.45653936965657593,-0.7025879630876758,log,0.257509318093592,0.8841011140660172,2.1935168193269438e+23,2.1935168193269438e+23
0.388,0.788,catalog,0.09,285.34846497492697,1.11,381.908947481004,0.02227,catalog,2267126607.2493067,75225098.02191056,Selsis,-0.4555701983473156,-0.6211289954547137,log,0.22380070235173166,0.8277581728325645,2.0849193109011894e+23,2.0849193109011894e+23
0.388,0.788,catalog,0.09,285.34846497492697,1.11,385.06790291175037,0.02227,catalog,2347286305.6479254,75590138.03024016,Jackson,-0.4480470772371625,-0.7500709405005432,linear,0.23805702629330974,0.9538971558184058,6.951328489259664e+23,6.951328489259664e+23
0.388,0.788,catalog,0.09,285.34846497492697,1.11,381.908947481004,0.02227,catalog,1478840095.0335166,87625972.36046033,Selsis,-0.4296853852270646,-0.7196646688755263,log,0.10733726595991365,0.3357734680088117,1.2155499765647599e+23,1.2155499765647599e+23
0.388,0.788,catalog,0.09,285.34846497492697,1.11,108.5728655418799,0.02227,catalog,7160836286.248251,71694201.32208124,Jackson,-0.3820456039184704,-0.754001420800199,log,0.22669406433295228,0.1859079465278789,5.977183984182682e+23,5.977183984182682e+23
0.388,0.788,catalog,0.09,285.34846497492697,1.11,304.19624046611915,0.02227,catalog,4934064997.419384,73246078.23301204,Selsis,-0.39473880431605424,-0.7968851143299426,linear,0.06509937395474968,0.38655140507107266,3.8051937315597774e+23,3.8051937315597774e+23
0.388,0.788,catalog,0.09,285.34846497492697,1.11,238.77533471654488,0.02227,catalog,3535603832.807278,49338475.904700905,Jackson,-0.3453983932261744,-0.6603954839679059,GP,0.4328059967886768,0.09242201010850137,5.0419837492692245e+23,5.0419837492692245e+23
0.388,0.788,catalog,0.09,285.34846497492697,1.11,168.50699008981184,0.02227,catalog,7654629443.407658,5192032.4915062785,Selsis,-0.2828732994331826,-0.604063525953623,GP,0.13173251121628024,0.29213468334191306,1.22728808016806e+24,1.22728808016806e+24
0.388,0.788,catalog,0.09,285.34846497492697,1.11,94.5827004778079,0.02227,catalog,8139848867.776769,79145599.72549564,Jackson,-0.28812124761872915,-0.7411681729862881,log,0.24671101368452214,0.3287220058236583,1.0483573512815924e+24,1.0483573512815924e+24
0.388,0.788,catalog,0.09,285.34846497492697,1.11,266.99053387102475,0.02227,catalog,5428539048.306395,91569138.54838115,Selsis,-0.3629975473148888,-0.788116649875567,log,0.06394932544823523,0.7562210181741251,4.6745378024058235e+23,4.6745378024058235e+23
0.388,0.788,catalog,0.09,285.34846497492697,1.11,133.34056302726233,0.02227,catalog,9157090056.75354,65720197.003882706,Selsis,-0.4812439181602617,-0.6445465554125438,log,0.1772479006580266,0.8867236448475054,5.347245916085232e+23,5.347245916085232e+23
0.388,0.788,catalog,0.09,285.34846497492697,1.11,199.71251850333772,0.02227,catalog,4134187110.218103,41416349.95382212,Jackson,-0.2868641523850857,-0.6719806573275393,GP,0.2633172637995556,0.11394140949646869,6.788588103517855e+23,6.788588103517855e+23
0.388,0.788,catalog,0.09,285.34846497492697,1.11,124.62070625279918,0.02227,catalog,6309517712.124551,55261417.859755255,Jackson,-0.2995501775387239,-0.7990945940533936,log,0.23903362334783934,0.15014537624399038,7.707905211082975e+23,7.707905211082975e+23
0.388,0.788,catalog,0.09,285.34846497492697,1.11,175.1839595791306,0.02227,catalog,7432507258.859847,85319295.50230832,Selsis,-0.369929543679273,-0.747329862065476,GP,0.3640844082444262,0.7986670730737369,5.549516228723167e+23,5.549516228723167e+23
0.388,0.788,catalog,0.09,285.34846497492697,1.11,381.908947481004,0.02227,catalog,3415389300.437673,61029891.03345221,Selsis,-0.28627696692236115,-0.7637957904094087,linear,0.2715462219803486,0.5979472260451764,5.738500222571584e+23,5.738500222571584e+23
0.388,0.788,catalog,0.09,285.34846497492697,1.11,154.32234695931172,0.02227,catalog,8184657473.753156,1619360.1134979269,Selsis,-0.3924251001198577,-0.7974912985631056,linear,0.05083300186139807,0.6418370387736889,5.548164109300322e+23,5.548164109300322e+23
0.388,0.788,catalog,0.09,285.34846497492697,1.11,279.58740327392024,0.02227,catalog,3084154974.4217877,12248311.956767568,Jackson,-0.41940649371292,-0.7835789890947751,log,0.21476423155188568,0.1563347151308001,4.274060005376453e+23,4.274060005376453e+23
0.388,0.788,catalog,0.09,285.34846497492697,1.11,381.908947481004,0.02227,catalog,2545273793.6603456,39838980.97670318,Selsis,-0.31707874757363136,-0.7943238350687621,linear,0.33991971492190415,0.7706619843400059,3.5322304031839824e+23,3.5322304031839824e+23
0.388,0.788,catalog,0.09,285.34846497492697,1.11,86.17226618157133,0.02227,catalog,8883244755.718899,73431017.08055747,Jackson,-0.4580630593408221,-0.6930645837494227,log,0.1806739217375687,0.41633485251959,6.801744771822751e+23,6.801744771822751e+23
0.388,0.788,catalog,0.09,285.34846497492697,1.11,381.908947481004,0.02227,catalog,1890190766.4013643,90073381.43092257,Selsis,-0.29007201485715994,-0.6458299363246826,linear,0.21620110045922053,0.44565748466036426,3.372048831815548e+23,3.372048831815548e+23
0.388,0.788,catalog,0.09,285.34846497492697,1.11,381.908947481004,0.02227,catalog,2132861914.0980015,29357793.339625873,Selsis,-0.3296813769763336,-0.7716176607158924,log,0.30864212808859487,0.38117899038397607,2.778252439399689e+23,2.778252439399689e+23
0.388,0.788,catalog,0.09,285.34846497492697,1.11,130.87420692528522,0.02227,catalog,6034235502.472644,85817242.45512247,Jackson,-0.43695373210361915,-0.7460664684901768,GP,0.28208568764676045,0.24299072234777364,5.347647565751696e+23,5.347647565751696e+23
0.388,0.788,catalog,0.09,285.34846497492697,1.11,358.75622925366514,0.02227,catalog,4323224287.209331,69116046.0794273,Selsis,-0.4201481188725751,-0.6691663654222361,GP,0.47841315748708607,0.8773273557468493,3.539775692758374e+23,3.539775692758374e+23
0.388,0.788,catalog,0.09,285.34846497492697,1.11,327.8166659719217,0.02227,catalog,2690925662.4268527,70850185.06336151,Jackson,-0.3390707318734176,-0.781136272656358,log,0.23917509258419614,0.8132670299190756,8.846998312581063e+23,8.846998312581063e+23
0.388,0.788,catalog,0.09,285.34846497492697,1.11,281.7743838737487,0.02227,catalog,5218031328.446749,33233641.40033428,Selsis,-0.35221751371760107,-0.6034044372368689,GP,0.11628909793207591,0.511065369317579,6.442450798816029e+23,6.442450798816029e+23
0.388,0.788,catalog,0.09,285.34846497492697,1.11,192.53894390793286,0.02227,catalog,6921462011.855444,63786478.09563909,Selsis,-0.3818580688388075,-0.607218966579588,log,0.05266986086594382,0.6441959403552062,6.593984326329622e+23,6.593984326329622e+23
0.388,0.788,catalog,0.09,285.34846497492697,1.11,199.14478105927643,0.02227,catalog,4144569124.532048,55078913.08263793,Jackson,-0.3215341291309146,-0.6227393281710332,GP,0.1269340042527755,0.3301812292951576,7.765675789541005e+23,7.765675789541005e+23
0.388,0.788,catalog,0.09,285.34846497492697,1.11,325.7770568014772,0.02227,catalog,2705290264.7265477,31433243.848564807,Jackson,-0.4937758845271002,-0.7848273045727817,log,0.18266112009766006,0.06125348596749303,3.383022328826361e+23,3.383022328826361e+23
0.388,0.788,catalog,0.09,285.34846497492697,1.11,323.97830564784704,0.02227,catalog,2718102138.209997,33461432.14964549,Jackson,-0.37627024713793195,-0.76331306976496,log,0.14346145484746772,0.46149560731364425,6.098508736259283e+23,6.098508736259283e+23
0.388,0.788,catalog,0.09,285.34846497492697,1.11,390.84110336166185,0.02227,catalog,832558040.6148368,66900969.335455105,Selsis,-0.30597098956704954,-0.6810367274971996,log,0.2342663794300943,0.6821723331036215,1.5845827170026613e+23,1.5845827170026613e+23
0.388,0.788,catalog,0.09,285.34846497492697,1.11,381.908947481004,0.02227,catalog,1849637731.7744386,66702297.48292097,Selsis,-0.4725800106316367,-0.7369922676728126,log,0.08588056503019391,0.35501832118920107,1.385911423090413e+23,1.385911423090413e+23
0.388,0.788,catalog,0.09,285.34846497492697,1.11,116.97551541036941,0.02227,catalog,6685938089.033961,80365219.87799339,Jackson,-0.37883490127047054,-0.7273991858096288,log,0.260591481906787,0.48378872252108274,7.596156998506654e+23,7.596156998506654e+23
0.388,0.788,catalog,0.09,285.34846497492697,1.11,381.908947481004,0.02227,catalog,2180834470.3555703,98048793.16977812,Selsis,-0.2855803568332403,-0.6205500778275651,log,0.1620862334556239,0.9376892091218655,4.100441597871154e+23,4.100441597871154e+23
0.388,0.788,catalog,0.09,285.34846497492697,1.11,1481.528556992743,0.02227,catalog,798202305.3673723,36559294.26885033,Jackson,-0.45089321459238185,-0.6560327803632483,GP,0.27064771308535057,0.9590496720026749,5.757830357592162e+23,5.757830357592162e+23
0.388,0.788,catalog,0.09,285.34846497492697,1.11,184.99249177769718,0.02227,catalog,4423457035.925441,29171550.123692013,Jackson,-0.4374013284205508,-0.6182914347259659,GP,0.35490623436893,0.6511401002583896,8.244469475930094e+23,8.244469475930094e+23
0.388,0.788,catalog,0.09,285.34846497492697,1.11,215.30285940269152,0.02227,catalog,6365990619.965844,93366302.2012937,Selsis,-0.49182532250522354,-0.7834184203208121,GP,0.05253444797584559,0.6294155036097236,3.513953074274023e+23,3.513953074274023e+23
0.388,0.788,catalog,0.09,285.34846497492697,1.11,218.62149507923945,0.02227,catalog,6293825548.720943,36052511.06683916,Selsis,-0.31887911790095574,-0.708463857389295,linear,0.37627869865290725,0.6742529765156293,7.437845332275275e+23,7.437845332275275e+23
0.388,0.788,catalog,0.09,285.34846497492697,1.11,145.8820787547685,0.02227,catalog,8544772730.041558,67168349.87546235,Selsis,-0.47489481624495933,-0.6285777370395597,GP,0.32619090016615626,0.34238631638613515,5.51250379029518e+23,5.51250379029518e+23
0.388,0.788,catalog,0.09,285.34846497492697,1.11,393.3489550644952,0.02227,catalog,2305496515.0997,2300677.1326425024,Jackson,-0.29664868860356397,-0.6279223100283974,linear,0.1324212658654868,0.2202354469668829,5.654606843573992e+23,5.654606843573992e+23
0.388,0.788,catalog,0.09,285.34846497492697,1.11,192.0511072484781,0.02227,catalog,4279337332.570676,9360454.472189756,Jackson,-0.44836962513315975,-0.6995138479291775,log,0.38899042581002624,0.09915336921735618,4.4651304734657986e+23,4.4651304734657986e+23
0.388,0.788,catalog,0.09,285.34846497492697,1.11,331.20004385526124,0.02227,catalog,2667470546.2878146,18274296.96275664,Jackson,-0.3754609166701663,-0.6720818106539399,log,0.0685730535645053,0.2874572149272513,5.242323946231328e+23,5.242323946231328e+23
0.388,0.788,catalog,0.09,285.34846497492697,1.11,201.2107033821792,0.02227,catalog,6696390452.594188,17312466.459276937,Selsis,-0.4947547731071341,-0.6515853420936071,GP,0.25864587864875943,0.19475171622369236,4.527961198535175e+23,4.527961198535175e+23
0.388,0.788,catalog,0.09,285.34846497492697,1.11,197.81437511719773,0.02227,catalog,4169125556.4368095,26238287.857188173,Jackson,-0.4182675104070395,-0.667202705719334,GP,0.13412304903270722,0.6836394102272162,8.016701420191276e+23,8.016701420191276e+23
0.388,0.788,catalog,0.09,285.34846497492697,1.11,123.985420413507,0.02227,catalog,6339031377.030546,98947241.60883228,Jackson,-0.3389331416877357,-0.726199349243212,log,0.11287314508373406,0.6178417644347938,9.400045968537747e+23,9.400045968537747e+23
0.388,0.788,catalog,0.09,285.34846497492697,1.11,483.8179500819204,0.02227,catalog,1937974181.614354,95819333.22519213,Jackson,-0.43856519155655704,-0.7869018576336072,log,0.24889117342249087,0.09483268869312633,3.0210114069852503e+23,3.0210114069852503e+23
0.388,0.788,catalog,0.09,285.34846497492697,1.11,109.8048641335382,0.02227,catalog,7086647199.436753,31272114.80820252,Jackson,-0.3095076944208046,-0.6596690083930303,linear,0.13484085122724795,0.32926335403074847,9.531141607164475e+23,9.531141607164475e+23
0.388,0.788,catalog,0.09,285.34846497492697,1.11,849.6270957737934,0.02227,catalog,1220195591.4522643,64225567.77920758,Jackson,-0.4733198371674432,-0.7881460791841798,GP,0.16615839367793736,0.03806162131437252,2.0328842053697183e+23,2.0328842053697183e+23
0.388,0.788,catalog,0.09,285.34846497492697,1.11,132.79548846130888,0.02227,catalog,5954842068.353654,23839573.551674146,Jackson,-0.4328668535654502,-0.6168140218168517,linear,0.19622479657086517,0.11607738119991351,5.728989406442913e+23,5.728989406442913e+23
0.388,0.788,catalog,0.09,285.34846497492697,1.11,287.2434678093421,0.02227,catalog,5145105001.35421,5034811.387914963,Selsis,-0.31607346155825955,-0.6364060733702654,linear,0.324411142949756,0.2300346779032577,7.068873456120959e+23,7.068873456120959e+23
0.388,0.788,catalog,0.09,285.34846497492697,1.11,141.5919399075452,0.02227,catalog,8742943819.629038,70639552.29710382,Selsis,-0.34249789127621305,-0.6862403125995229,linear,0.3714673491363144,0.6010418501450652,7.465948769061453e+23,7.465948769061453e+23
0.388,0.788,catalog,0.09,285.34846497492697,1.11,381.908947481004,0.02227,catalog,2294821627.152292,74470509.10600616,Selsis,-0.48437333822607154,-0.6355059814114975,GP,0.06067965657748044,0.49900242236389025,1.9375864905607795e+23,1.9375864905607795e+23
0.388,0.788,catalog,0.09,285.34846497492697,1.11,270.22792663859235,0.02227,catalog,3176046960.8683825,95813005.68521713,Jackson,-0.395933426072438,-0.7088891277973114,GP,0.09497225696595293,0.48270561948102564,6.045693855797996e+23,6.045693855797996e+23
0.388,0.788,catalog,0.09,285.34846497492697,1.11,268.2411300667815,0.02227,catalog,3196347875.724101,89313862.49693222,Jackson,-0.35418319491676664,-0.760518621412601,GP,0.11062344084902702,0.9004029856152098,8.84621348033536e+23,8.84621348033536e+23
0.388,0.788,catalog,0.09,285.34846497492697,1.11,381.908947481004,0.02227,catalog,3040741303.863221,99143120.27066492,Selsis,-0.3246910371666984,-0.7860931791277376,log,0.3620716665249026,0.38458511980177046,3.574970089351035e+23,3.574970089351035e+23
0.388,0.788,catalog,0.09,285.34846497492697,1.11,384.9090596535344,0.02227,catalog,1012061954.2020907,14309153.564633675,Selsis,-0.43079052116885935,-0.722409893406284,linear,0.06370656641691534,0.765062797624662,1.2308177126491564e+23,1.2308177126491564e+23
0.388,0.788,catalog,0.09,285.34846497492697,1.11,216.63338195825312,0.02227,catalog,6336817067.93965,17847941.0028812,Selsis,-0.3062282493951686,-0.6920238798189704,log,0.1817405553961666,0.37412042725781913,8.245689964321237e+23,8.245689964321237e+23
0.388,0.788,catalog,0.09,285.34846497492697,1.11,381.90894748100374,0.02227,catalog,1451791056.5409036,87249642.09106155,Selsis,-0.47974471211471026,-0.6697405975971539,linear,0.16764039755498786,0.8309995191554447,1.1772422946416729e+23,1.1772422946416729e+23
0.388,0.788,catalog,0.09,285.34846497492697,1.11,79.5462433067235,0.02227,catalog,9581635508.823334,34520413.49162675,Jackson,-0.4884505648572332,-0.6627520991579432,GP,0.4044282689034763,0.8789657716308446,9.441040913643226e+23,9.441040913643226e+23
0.388,0.788,catalog,0.09,285.34846497492697,1.11,237.07095519382705,0.02227,catalog,5926188601.868573,16737570.854849014,Selsis,-0.3866209547577858,-0.7286129107249175,linear,0.1609178807792217,0.3333406601541915,4.819362913868895e+23,4.819362913868895e+23
0.388,0.788,catalog,0.09,285.34846497492697,1.11,274.0332664625843,0.02227,catalog,3137956619.831172,79680305.01033841,Jackson,-0.41970732882389,-0.7607230363882066,GP,0.11934352593074746,0.8888997607311186,7.465727582940352e+23,7.465727582940352e+23
0.388,0.788,catalog,0.09,285.34846497492697,1.11,757.191397163044,0.02227,catalog,1339563255.660003,57123654.38666769,Jackson,-0.38067747883005326,-0.7813781042959266,log,0.26686508714971885,0.06367430552610465,2.4004959518154344e+23,2.4004959518154344e+23
0.388,0.788,catalog,0.09,285.34846497492697,1.11,381.908947481004,0.02227,catalog,3898509463.811712,7700087.769200838,Selsis,-0.3887766837447822,-0.6082989040440043,linear,0.2627358948381446,0.5837870107947732,4.5256738597895365e+23,4.5256738597895365e+23
0.388,0.788,catalog,0.09,285.34846497492697,1.11,397.2301910670134,0.02227,catalog,2286480622.062997,92667741.96799909,Jackson,-0.3255158055476578,-0.691238558753256,linear,0.19312323292273303,0.09876038367123152,4.060649418025041e+23,4.060649418025041e+23
0.388,0.788,catalog,0.09,285.34846497492697,1.11,333.3466552936372,0.02227,catalog,4616476844.2682,79410654.50244117,Selsis,-0.37584576176294837,-0.6879945086510786,linear,0.371748173251564,0.6162577549766481,4.2026813853676444e+23,4.2026813853676444e+23
0.388,0.788,catalog,0.09,285.34846497492697,1.11,211.57558528733787,0.02227,catalog,6449486725.182549,45073293.13900855,Selsis,-0.3570962998792538,-0.7999504178783449,linear,0.05160809012479323,0.5104377316145471,5.5631123390966645e+23,5.5631123390966645e+23
0.388,0.788,catalog,0.09,285.34846497492697,1.11,202.9506475216804,0.02227,catalog,4076056058.2948833,98819927.45303522,Jackson,-0.4686471117507199,-0.7627028405073151,GP,0.25048699764789123,0.779788951562057,6.893592249205519e+23,6.893592249205519e+23
0.388,0.788,catalog,0.09,285.34846497492697,1.11,381.908947481004,0.02227,catalog,2073585697.0206537,20652683.05243465,Selsis,-0.3491429510580575,-0.6342588570672016,GP,0.24722408769156645,0.13869498635064104,2.6011479933328254e+23,2.6011479933328254e+23
0.388,0.788,catalog,0.09,285.34846497492697,1.11,225.0242939174205,0.02227,catalog,3723276415.994792,1790344.229866474,Jackson,-0.4291411585537184,-0.6669373500142304,GP,0.14544370111894211,0.8035029303781797,8.549213243348481e+23,8.549213243348481e+23
0.388,0.788,catalog,0.09,285.34846497492697,1.11,381.908947481004,0.02227,catalog,1542301423.6548889,22114803.15599018,Selsis,-0.36238162979560395,-0.6854433422805711,linear,0.11995408256350265,0.8587934446955696,2.0319944538804948e+23,2.0319944538804948e+23
0.388,0.788,catalog,0.09,285.34846497492697,1.11,381.908947481004,0.02227,catalog,1629373831.2026126,72865092.12176487,Selsis,-0.30901816575123037,-0.7123657896396495,log,0.1372248234274699,0.1025530432092514,2.2728506978158708e+23,2.2728506978158708e+23
0.388,0.788,catalog,0.09,285.34846497492697,1.11,98.24841507002424,0.02227,catalog,11628797703.957066,57242112.17613227,Selsis,-0.2884112725237768,-0.6482606608004491,log,0.26185293795922704,0.7548550299921262,1.3271911805576822e+24,1.3271911805576822e+24
0.388,0.788,catalog,0.09,285.34846497492697,1.11,381.90894748100374,0.02227,catalog,2632777705.667655,4773439.677168649,Selsis,-0.49853095978053735,-0.6329089090781078,linear,0.49339201391685555,0.5183110149197606,2.499877095111437e+23,2.499877095111437e+23
0.388,0.788,catalog,0.09,285.34846497492697,1.11,97.1537203536443,0.02227,catalog,7938598172.203494,77026730.9882098,Jackson,-0.30253892053630127,-0.6846587804886649,GP,0.1239207704703023,0.23245654014659778,9.110201155506915e+23,9.110201155506915e+23
0.388,0.788,catalog,0.09,285.34846497492697,1.11,209.38752582872556,0.02227,catalog,3965708873.4217005,35337526.248668656,Jackson,-0.3961356282056242,-0.6613847110441269,log,0.10021460578839336,0.537058769004007,7.289491625319009e+23,7.289491625319009e+23
0.388,0.788,catalog,0.09,285.34846497492697,1.11,381.908947481004,0.02227,catalog,1612497647.9665215,4116750.357096742,Selsis,-0.4476472140716545,-0.7924750974969522,linear,0.157224313952366,0.9774665234740737,1.652841426337223e+23,1.652841426337223e+23
0.388,0.788,catalog,0.09,285.34846497492697,1.11,204.6536076651942,0.02227,catalog,6611856451.566808,82694108.98856187,Selsis,-0.2921063781361531,-0.6527930447179792,GP,0.2212876454667111,0.2839211904927087,9.486357126498886e+23,9.486357126498886e+23
0.388,0.788,catalog,0.09,285.34846497492697,1.11,381.908947481004,0.02227,catalog,3768230268.9564624,61061845.315687746,Selsis,-0.458066345507059,-0.6848053735853916,linear,0.14010730147575268,0.209653619237113,2.818878136020348e+23,2.818878136020348e+23
0.388,0.788,catalog,0.09,285.34846497492697,1.11,381.908947481004,0.02227,catalog,3923715922.6160274,2264810.737187552,Selsis,-0.3429174560708323,-0.6749675257807051,log,0.053798822576719835,0.7047269924030533,4.9081108319356424e+23,4.9081108319356424e+23
0.388,0.788,catalog,0.09,285.34846497492697,1.11,195.02165856610796,0.02227,catalog,4221736595.0938783,99046957.7303771,Jackson,-0.3925229337197127,-0.653129637301618,GP,0.38059258606270774,0.25711902098996464,5.628252124886694e+23,5.628252124886694e+23
0.388,0.788,catalog,0.09,285.34846497492697,1.11,381.908947481004,0.02227,catalog,3557289481.9141703,32725624.359733716,Selsis,-0.3880882502749692,-0.789990171157046,GP,0.1041293963608524,0.3166252833581168,3.089008379187556e+23,3.089008379187556e+23
0.388,0.788,catalog,0.09,285.34846497492697,1.11,115.41060672255654,0.02227,catalog,6769133667.755585,48828474.193841405,Jackson,-0.3042056450344221,-0.759299417487908,linear,0.05514954955205512,0.16687434701515358,7.911216689102513e+23,7.911216689102513e+23
0.388,0.788,catalog,0.09,285.34846497492697,1.11,99.32848754350958,0.02227,catalog,7776579431.33011,32092273.475384332,Jackson,-0.30352928781502475,-0.7309548572142258,linear,0.3048598676212605,0.7360509830258563,1.327276446980137e+24,1.327276446980137e+24
0.388,0.788,catalog,0.09,285.34846497492697,1.11,1655.6874010547963,0.02227,catalog,737984712.5187235,19507568.65666708,Jackson,-0.3454079897414847,-0.6973103488437288,log,0.3849903256566757,0.5843373299628227,4.296931896467339e+23,4.296931896467339e+23
0.388,0.788,catalog,0.09,285.34846497492697,1.11,381.908947481004,0.02227,catalog,2359493602.173179,92030844.71597481,Selsis,-0.3604979369011813,-0.6338769945790832,linear,0.4776391203161426,0.6055089241723,2.6622044142439306e+23,2.6622044142439306e+23
0.388,0.788,catalog,0.09,285.34846497492697,1.11,381.908947481004,0.02227,catalog,2897688140.7903996,64611109.65739787,Selsis,-0.391498929015018,-0.6148192471041882,GP,0.07381925201569413,0.5098565031057947,3.1081772852764686e+23,3.1081772852764686e+23
0.388,0.788,catalog,0.09,285.34846497492697,1.11,76.7835043081231,0.02227,catalog,9909213971.217007,21388262.92853275,Jackson,-0.49316215764115734,-0.7746268510155069,GP,0.3369981324445379,0.912261399504279,8.967722056969465e+23,8.967722056969465e+23
0.388,0.788,catalog,0.09,285.34846497492697,1.11,75.76530218358089,0.02227,catalog,10036110325.529835,36128757.244998574,Jackson,-0.3852231085499982,-0.7946191001173688,GP,0.08638087848207555,0.37088865633984514,7.443744594879729e+23,7.443744594879729e+23
0.388,0.788,catalog,0.09,285.34846497492697,1.11,98.46638018879757,0.02227,catalog,7839941562.554589,97884157.48148154,Jackson,-0.35643959086974186,-0.7885859964191911,linear,0.051004542212882004,0.7709990214631702,9.827114443904364e+23,9.827114443904364e+23
0.388,0.788,catalog,0.09,285.34846497492697,1.11,1319.9711266630097,0.02227,catalog,866246656.533566,91059415.28577678,Jackson,-0.29195200008556904,-0.7773770031853159,GP,0.10648826984250959,0.35490074080495493,2.8703880672180027e+23,2.8703880672180027e+23
0.388,0.788,catalog,0.09,285.34846497492697,1.11,339.5202759202426,0.02227,catalog,4555496785.001899,85716610.91749251,Selsis,-0.3581922577768609,-0.613890715004559,GP,0.08492173377251667,0.48677595720635947,5.216224091125307e+23,5.216224091125307e+23
0.388,0.788,catalog,0.09,285.34846497492697,1.11,381.908947481004,0.02227,catalog,3894929314.324878,18747895.832077783,Selsis,-0.29042643782918415,-0.7681167320782972,GP,0.10607609562706295,0.07252858083468605,5.882420288544882e+23,5.882420288544882e+23
0.388,0.788,catalog,0.09,285.34846497492697,1.11,381.908947481004,0.02227,catalog,3073994427.09885,80668742.87321146,Selsis,-0.30632092071761896,-0.7171637328199917,GP,0.08079701133211796,0.46163487072044773,4.3592349993709626e+23,4.3592349993709626e+23
0.388,0.788,catalog,0.09,285.34846497492697,1.11,189.84529892098857,0.02227,catalog,6995178907.072009,21274961.315179933,Selsis,-0.3304336161502561,-0.6760641434646006,GP,0.148001348150424,0.7713206488614455,7.646259506593575e+23,7.646259506593575e+23
0.388,0.788,catalog,0.09,285.34846497492697,1.11,381.908947481004,0.02227,catalog,2286781545.0796776,33415420.392736215,Selsis,-0.2978865330937236,-0.6194833939040203,linear,0.18403939180577317,0.8427198493856729,4.3749682323314836e+23,4.3749682323314836e+23
0.388,0.788,catalog,0.09,285.34846497492697,1.11,187.3057072223941,0.02227,catalog,7066448362.426259,71848777.92411843,Selsis,-0.4243714460939137,-0.7214099218423726,linear,0.1272306583030493,0.7031517881909154,4.513031240951394e+23,4.513031240951394e+23
0.388,0.788,catalog,0.09,285.34846497492697,1.11,381.908947481004,0.02227,catalog,2593593339.1329947,46124066.14300152,Selsis,-0.45857730608246244,-0.7548584638031344,GP,0.22559023632065667,0.25143332720471445,1.9234443586682655e+23,1.9234443586682655e+23
0.388,0.788,catalog,0.09,285.34846497492697,1.11,272.3313157162224,0.02227,catalog,5350122081.382952,18260388.904632054,Selsis,-0.39844099199793653,-0.6687903405075174,GP,0.44924106189657137,0.5005868424710517,4.7114504634271404e+23,4.7114504634271404e+23
0.388,0.788,catalog,0.09,285.34846497492697,1.11,270.00389762456047,0.02227,catalog,5383951746.6202965,43797690.650738016,Selsis,-0.3677099301255298,-0.6892552120343667,GP,0.4804075207537098,0.3794095280254278,5.03520088773942e+23,5.03520088773942e+23
0.388,0.788,catalog,0.09,285.34846497492697,1.11,720.7334531517067,0.02227,catalog,1394628815.4181976,11785105.862339113,Jackson,-0.4749345832104278,-0.6666999535252768,linear,0.3012016971800925,0.29873542689847277,3.6656847230118887e+23,3.6656847230118887e+23
0.388,0.788,catalog,0.09,285.34846497492697,1.11,132.64750516410177,0.02227,catalog,5960875926.102721,55619430.51685994,Jackson,-0.4213102662699179,-0.6496858928211651,linear,0.09739828430390585,0.9640987213889128,9.581814337457454e+23,9.581814337457454e+23
0.388,0.788,catalog,0.09,285.34846497492697,1.11,425.5431185347277,0.02227,catalog,2157753249.752773,51078625.06148239,Jackson,-0.45751600255181346,-0.6158142264832346,log,0.17070214930590513,0.3507495671076858,4.8531368165543666e+23,4.8531368165543666e+23
0.388,0.788,catalog,0.09,285.34846497492697,1.11,285.8154623959773,0.02227,catalog,3026220630.9544063,66326351.32768054,Jackson,-0.4965448244256757,-0.6638166982090771,linear,0.11075483912738258,0.2543676853951189,4.53105265369107e+23,4.53105265369107e+23
0.388,0.788,catalog,0.09,285.34846497492697,1.11,59.11987498266579,0.02227,catalog,12752134401.92613,4233450.929731126,Jackson,-0.38112509973467784,-0.7901830905439677,log,0.09971299034687608,0.06523182376156722,6.317048414776931e+23,6.317048414776931e+23
0.388,0.788,catalog,0.09,285.34846497492697,1.11,367.7203818770666,0.02227,catalog,4169319169.030203,73095519.29630573,Selsis,-0.4669334793955803,-0.7787823309909162,log,0.10398122476406038,0.02483418816150329,2.7183942368379006e+23,2.7183942368379006e+23
0.388,0.788,catalog,0.09,285.34846497492697,1.11,381.908947481004,0.02227,catalog,2731770915.1291595,70391567.11536865,Selsis,-0.3067824967209105,-0.7738207973941283,log,0.4358510571142436,0.7579250987061236,3.8762133198183425e+23,3.8762133198183425e+23
0.388,0.788,catalog,0.09,285.34846497492697,1.11,75.82400056536378,0.02227,catalog,10028700046.632612,8009640.195872351,Jackson,-0.36342460736371063,-0.7986512191623661,GP,0.309699087858743,0.6919032988576305,1.031879818433407e+24,1.031879818433407e+24
0.388,0.788,catalog,0.09,285.34846497492697,1.11,381.908947481004,0.02227,catalog,2140479132.1351237,81470305.55095893,Selsis,-0.46162925384357295,-0.7127413744242986,linear,0.23272775950776178,0.5996390087012763,1.5894685780849926e+23,1.5894685780849926e+23
0.388,0.788,catalog,0.09,285.34846497492697,1.11,229.91700128702027,0.02227,catalog,6062400137.454111,43801330.62972439,Selsis,-0.3106068221192965,-0.7263791647939857,GP,0.16408264844419965,0.173422554327202,7.339016616440509e+23,7.339016616440509e+23
0.388,0.788,catalog,0.09,285.34846497492697,1.11,167.78129605506172,0.02227,catalog,4824589653.387984,90485840.51176846,Jackson,-0.46951256109830586,-0.6867201994582878,GP,0.29860175688013424,0.12406197654082685,4.5308437941612576e+23,4.5308437941612576e+23
0.388,0.788,catalog,0.09,285.34846497492697,1.11,72.2499821112022,0.02227,catalog,10502426895.089811,77667556.62460746,Jackson,-0.29848248114458087,-0.6692541228392561,log,0.09997815129714792,0.12714625882545516,9.447878016504758e+23,9.447878016504758e+23
0.388,0.788,catalog,0.09,285.34846497492697,1.11,516.0140080123201,0.02227,catalog,1836754546.3081036,34200558.13213626,Jackson,-0.4559472884184929,-0.641574362579975,GP,0.10471343078391541,0.19855111820189375,3.680161751477584e+23,3.680161751477584e+23
0.388,0.788,catalog,0.09,285.34846497492697,1.11,215.7703111946949,0.02227,catalog,3862624023.150484,95551098.10439116,Jackson,-0.47127578340512316,-0.7983668542567297,linear,0.34257708039511103,0.18206267094318862,4.2477091908595054e+23,4.2477091908595054e+23
0.388,0.788,catalog,0.09,285.34846497492697,1.11,451.2503932323027,0.02227,catalog,2054181307.0405989,64847763.433676004,Jackson,-0.41326429035864726,-0.7697987138647548,GP,0.06334408239348638,0.5716475404344995,5.728081166651284e+23,5.728081166651284e+23
0.388,0.788,catalog,0.09,285.34846497492697,1.11,570.4809930579991,0.02227,catalog,1690138753.5475593,26265420.83689665,Jackson,-0.301420366479635,-0.6915423965793359,GP,0.21211102160110437,0.7121352896045727,8.702999091272307e+23,8.702999091272307e+23
0.388,0.788,catalog,0.09,285.34846497492697,1.11,381.908947481004,0.02227,catalog,2017084530.6952474,76360083.49812856,Selsis,-0.4668372536158083,-0.7554314382255913,GP,0.06700431886467223,0.71276504471758,1.4544226087292815e+23,1.4544226087292815e+23
0.388,0.788,catalog,0.09,285.34846497492697,1.11,381.908947481004,0.02227,catalog,2972839666.5563846,20291446.48712493,Selsis,-0.2962146230527707,-0.7949393152433435,GP,0.09311025508288044,0.7547433239557212,4.962633564276292e+23,4.962633564276292e+23
0.388,0.788,catalog,0.09,285.34846497492697,1.11,359.0119926178004,0.02227,catalog,4318698189.824094,35599846.60216462,Selsis,-0.4840268657758944,-0.7712338683185442,log,0.2702996825962568,0.03986054609724943,2.816100094518498e+23,2.816100094518498e+23
0.388,0.788,catalog,0.09,285.34846497492697,1.11,287.43882244394257,0.02227,catalog,5142546195.245807,94911812.70357963,Selsis,-0.3023215175266166,-0.601027481779728,linear,0.19587151810269524,0.7150670059830857,8.187795342927529e+23,8.187795342927529e+23
0.388,0.788,catalog,0.09,285.34846497492697,1.11,381.908947481004,0.02227,catalog,1682280744.0237136,87439231.35748318,Selsis,-0.4240396590277313,-0.760933808593487,GP,0.1403957250322083,0.3716857630614595,1.3339281375236724e+23,1.3339281375236724e+23
0.388,0.788,catalog,0.09,285.34846497492697,1.11,91.43368155057071,0.02227,catalog,8401950864.951572,2226938.374510799,Jackson,-0.35962493368028153,-0.7949385499407428,linear,0.27407342920652383,0.46041838934932333,8.52433009333507e+23,8.52433009333507e+23
0.388,0.788,catalog,0.09,285.34846497492697,1.11,381.908947481004,0.02227,catalog,2099344549.4541402,96941545.0284328,Selsis,-0.3266924919809146,-0.714696833667333,linear,0.056266997323046374,0.5761070160818977,2.5983361550689383e+23,2.5983361550689383e+23
0.388,0.788,catalog,0.09,285.34846497492697,1.11,591.6145603487483,0.02227,catalog,1640105971.7231643,72242625.205712,Jackson,-0.4198117290804707,-0.7392540020410863,GP,0.135915174171767,0.32704430335684465,3.947265308146911e+23,3.947265308146911e+23
0.388,0.788,catalog,0.09,285.34846497492697,1.11,123.32927311553088,0.02227,catalog,6369832559.6227665,54950298.558820195,Jackson,-0.4057182017698309,-0.6601182812894171,GP,0.3409296277670068,0.1614606596776086,5.8053847492648165e+23,5.8053847492648165e+23
0.388,0.788,catalog,0.09,285.34846497492697,1.11,117.07275373692391,0.02227,catalog,6680842018.067603,8893079.267554233,Jackson,-0.4052522792294163,-0.6380842209649575,linear,0.116371467934894,0.019517746955660997,5.4672457096471874e+23,5.4672457096471874e+23
0.388,0.788,catalog,0.09,285.34846497492697,1.11,301.9351243587721,0.02227,catalog,4960983655.425546,74479131.11678597,Selsis,-0.2828289383221136,-0.7524675242763931,log,0.09951460089030725,0.08723365612455347,7.71214319224792e+23,7.71214319224792e+23
0.388,0.788,catalog,0.09,285.34846497492697,1.11,310.85977052563123,0.02227,catalog,4856778296.089588,31556273.846035834,Selsis,-0.4535343100316986,-0.7190980007403851,linear,0.07524183317522233,0.17949265464262287,3.4376463742140856e+23,3.4376463742140856e+23
0.388,0.788,catalog,0.09,285.34846497492697,1.11,291.0091620764076,0.02227,catalog,2979732956.588494,63043215.30111057,Jackson,-0.34335757053696225,-0.6423010543732753,log,0.24948023729704918,0.8906286516731609,9.905074759895236e+23,9.905074759895236e+23
0.388,0.788,catalog,0.09,285.34846497492697,1.11,381.908947481004,0.02227,catalog,2887681267.213271,30705394.99292559,Selsis,-0.40595782093644156,-0.7951285781948638,GP,0.16905416460126535,0.8183062955895296,2.4606940046937695e+23,2.4606940046937695e+23
0.388,0.788,catalog,0.09,285.34846497492697,1.11,1452.597549386275,0.02227,catalog,809414644.7934283,23844028.923046958,Jackson,-0.44691760337656417,-0.6530346603513603,GP,0.06795466473584721,0.7960287605404579,5.3382642389245226e+23,5.3382642389245226e+23
0.388,0.788,catalog,0.09,285.34846497492697,1.11,387.79152359913365,0.02227,catalog,863818459.9963027,36674660.0779396,Selsis,-0.37751227292313055,-0.6353777364647146,linear,0.15133544811205493,0.7827960822846358,1.3128977720210545e+23,1.3128977720210545e+23
0.388,0.788,catalog,0.09,285.34846497492697,1.11,381.908947481004,0.02227,catalog,3468104239.386809,32044180.99691344,Selsis,-0.37978596590342417,-0.7559116285400646,linear,0.09491606938568788,0.6568191207659595,3.2267933358911164e+23,3.2267933358911164e+23
0.388,0.788,catalog,0.09,285.34846497492697,1.11,101.74102531207541,0.02227,catalog,7605021028.328713,27777818.89528852,Jackson,-0.31572106643922665,-0.6406870020843408,log,0.11421568811427298,0.7401899068371045,1.3196166670480528e+24,1.3196166670480528e+24
0.388,0.788,catalog,0.09,285.34846497492697,1.11,161.6938904282617,0.02227,catalog,7898551546.416912,11184661.931873111,Selsis,-0.3383558048806387,-0.6904280475797073,log,0.08711120606145165,0.1819543185238056,7.329274568928334e+23,7.329274568928334e+23
0.388,0.788,catalog,0.09,285.34846497492697,1.11,381.908947481004,0.02227,catalog,1923245928.5174382,18751009.667239215,Selsis,-0.33870381111834236,-0.7441308875939306,log,0.08208732423659096,0.4032019024722714,2.4978937651354568e+23,2.4978937651354568e+23
0.388,0.788,catalog,0.09,285.34846497492697,1.11,381.908947481004,0.02227,catalog,3170941362.5743117,37079054.54695808,Selsis,-0.29605840610889184,-0.7723212271709247,linear,0.14581255672910345,0.7296283280201966,5.1053312542199445e+23,5.1053312542199445e+23
0.388,0.788,catalog,0.09,285.34846497492697,1.11,381.908947481004,0.02227,catalog,2536845982.0726132,87568063.72575048,Selsis,-0.3619536841768961,-0.6684556266022954,GP,0.06192615231120532,0.23359976826800755,2.644035658125602e+23,2.644035658125602e+23
0.388,0.788,catalog,0.09,285.34846497492697,1.11,201.03727830891168,0.02227,catalog,4110184203.7134852,25368589.50492279,Jackson,-0.28063419929384664,-0.648324689181924,GP,0.08974233782884271,0.5343790574975839,1.118896308040628e+24,1.118896308040628e+24
0.388,0.788,catalog,0.09,285.34846497492697,1.11,378.9661527409215,0.02227,catalog,3989150849.279693,19632526.746976014,Selsis,-0.45597248282411124,-0.7070606913793261,GP,0.44468971542044883,0.50844822394363,3.080737910341634e+23,3.080737910341634e+23
0.388,0.788,catalog,0.09,285.34846497492697,1.11,364.1154407742391,0.02227,catalog,2461082741.379516,53508006.521039754,Jackson,-0.4313567026066818,-0.7024604630664698,GP,0.10449612592833148,0.34362433670530446,4.789012947135492e+23,4.789012947135492e+23
0.388,0.788,catalog,0.09,285.34846497492697,1.11,162.88760937198137,0.02227,catalog,4953831399.278902,68292643.97032216,Jackson,-0.2831785267308646,-0.7133759320996903,log,0.14429603645569522,0.024600899189710312,6.607051970800215e+23,6.607051970800215e+23
0.388,0.788,catalog,0.09,285.34846497492697,1.11,381.908947481004,0.02227,catalog,2669316782.1862516,70080079.99750873,Selsis,-0.34143673600221497,-0.7158540588726561,log,0.07864506422975591,0.32578279733094573,3.020067181792601e+23,3.020067181792601e+23
0.388,0.788,catalog,0.09,285.34846497492697,1.11,120.45377874455944,0.02227,catalog,6508764671.492035,38248140.90334937,Jackson,-0.4737805878761091,-0.7839636531369107,log,0.24672066071517976,0.14523063313416162,4.82758697321458e+23,4.82758697321458e+23
0.388,0.788,catalog,0.09,285.34846497492697,1.11,278.37030739524437,0.02227,catalog,5264719486.967751,5088437.13665259,Selsis,-0.3658429048713576,-0.6749963107746779,log,0.44170275209924315,0.7984662629460113,5.459074115829481e+23,5.459074115829481e+23
0.388,0.788,catalog,0.09,285.34846497492697,1.11,528.5769796886271,0.02227,catalog,1800417322.9512653,39215870.996439815,Jackson,-0.4689805104790392,-0.6348123977827154,log,0.08837494659835722,0.5220588560278964,5.4086711689555244e+23,5.4086711689555244e+23
0.388,0.788,catalog,0.09,285.34846497492697,1.11,133.89918025814376,0.02227,catalog,9127564000.06498,46422253.40913581,Selsis,-0.38187439974121234,-0.6949364028091899,GP,0.124022871384927,0.871165087813133,6.235195710326789e+23,6.235195710326789e+23
0.388,0.788,catalog,0.09,285.34846497492697,1.11,208.4580779112492,0.02227,catalog,3981232204.2056293,18272447.983303178,Jackson,-0.44843115196276145,-0.6870430655311313,GP,0.0681614954631697,0.9235538994197999,8.668340748431171e+23,8.668340748431171e+23
0.388,0.788,catalog,0.09,285.34846497492697,1.11,164.6998857152455,0.02227,catalog,7788649401.112082,88032799.85674971,Selsis,-0.42175349914924654,-0.6061414703294054,log,0.23325374935242443,0.06490219490004345,6.16025762771199e+23,6.16025762771199e+23
0.388,0.788,catalog,0.09,285.34846497492697,1.11,78.24769234123087,0.02227,catalog,9732658702.75867,24656495.933326207,Jackson,-0.2963048599816681,-0.6146125766020164,log,0.21759296429706954,0.10752307072485834,9.897963167539446e+23,9.897963167539446e+23
0.388,0.788,catalog,0.09,285.34846497492697,1.11,287.2399067327651,0.02227,catalog,3013309914.0529904,42844660.00582499,Jackson,-0.33092418060833084,-0.7833914342900776,GP,0.08784378963838867,0.40604795508398894,6.725034641457497e+23,6.725034641457497e+23
0.388,0.788,catalog,0.09,285.34846497492697,1.11,285.86279267607097,0.02227,catalog,5163278889.747482,64610699.857685365,Selsis,-0.3397686034325482,-0.6177155846934698,linear,0.17729419811968028,0.698843806066946,6.35898973873019e+23,6.35898973873019e+23
0.388,0.788,catalog,0.09,285.34846497492697,1.11,381.908947481004,0.02227,catalog,2801451332.7819,63304012.8045982,Selsis,-0.37637607711067167,-0.7008240223979375,log,0.10007201182616035,0.7375838339515745,2.6915664448539344e+23,2.6915664448539344e+23
0.388,0.788,catalog,0.09,285.34846497492697,1.11,270.9057353968316,0.02227,catalog,3169186832.920979,95920605.45098728,Jackson,-0.30751030231838944,-0.6368518263387006,linear,0.28421228385480307,0.905727986074175,1.1577389586740802e+24,1.1577389586740802e+24
0.388,0.788,catalog,0.09,285.34846497492697,1.11,190.29118201850815,0.02227,catalog,4314292088.479224,48954540.09665434,Jackson,-0.47232097083984415,-0.6741100654781408,log,0.10195803853066333,0.04011445430061844,4.139990545237773e+23,4.139990545237773e+23
0.388,0.788,catalog,0.09,285.34846497492697,1.11,86.85981281249693,0.02227,catalog,12828529078.506199,30731419.973294426,Selsis,-0.3956171263356105,-0.679150151940119,log,0.4667155006566165,0.5362903796144107,7.000062959758618e+23,7.000062959758618e+23
0.388,0.788,catalog,0.09,285.34846497492697,1.11,380.5140198286537,0.02227,catalog,3965401234.1385818,41243205.00544866,Selsis,-0.4274043461543999,-0.7904662622689927,GP,0.05926144294311484,0.6500166376939108,2.96273175815269e+23,2.96273175815269e+23
0.388,0.788,catalog,0.09,285.34846497492697,1.11,381.908947481004,0.02227,catalog,2501818791.698728,57515263.46979677,Selsis,-0.4714343421404045,-0.7832068961480441,linear,0.15522122959875487,0.31973472550513216,1.7687366703371947e+23,1.7687366703371947e+23
0.388,0.788,catalog,0.09,285.34846497492697,1.11,254.11703664199354,0.02227,catalog,5629702543.610942,42494375.49771144,Selsis,-0.38223053251323735,-0.6340443294420941,linear,0.33524283277690703,0.9639134524375118,5.434267388528105e+23,5.434267388528105e+23
0.388,0.788,catalog,0.09,285.34846497492697,1.11,381.908947481004,0.02227,catalog,2670994686.8475184,24440587.578262925,Selsis,-0.28997387318757306,-0.7177215833188788,linear,0.2518591833444217,0.22894373776763932,4.401387370229614e+23,4.401387370229614e+23
0.388,0.788,catalog,0.09,285.34846497492697,1.11,388.3784584531563,0.02227,catalog,857692613.6188989,1128744.6672709358,Selsis,-0.33215173896256445,-0.7039281832508857,log,0.422197594245007,0.8437495947767149,1.8767458826764495e+23,1.8767458826764495e+23
0.388,0.788,catalog,0.09,285.34846497492697,1.11,295.34542221331316,0.02227,catalog,5041536774.3671465,76646001.90573129,Selsis,-0.30107866132429134,-0.7826440757339204,linear,0.3675109126987187,0.5391439956818482,6.915050072039655e+23,6.915050072039655e+23
0.388,0.788,catalog,0.09,285.34846497492697,1.11,78.59432745455928,0.02227,catalog,9691845460.734232,33679299.31328552,Jackson,-0.33516876763469844,-0.6440789331436375,GP,0.1183733521052851,0.48745258052200957,1.0624744261970948e+24,1.0624744261970948e+24
0.388,0.788,catalog,0.09,285.34846497492697,1.11,381.908947481004,0.02227,catalog,2836934356.3072195,22576642.10841282,Selsis,-0.3831102813847081,-0.7210102830175427,GP,0.42805058722674383,0.09878835765632665,2.6119628337221292e+23,2.6119628337221292e+23
0.388,0.788,catalog,0.09,285.34846497492697,1.11,158.92667595983266,0.02227,catalog,5064173980.647174,68165428.04835744,Jackson,-0.4217606534204824,-0.6211522799311144,GP,0.33691330816082626,0.07586366452260873,5.1463353024708755e+23,5.1463353024708755e+23
0.388,0.788,catalog,0.09,285.34846497492697,1.11,195.50244549972376,0.02227,catalog,4212574641.3704343,72735586.91067494,Jackson,-0.369206016447864,-0.7061978100144647,linear,0.4075198849957208,0.625694216782584,7.987460679927413e+23,7.987460679927413e+23
0.388,0.788,catalog,0.09,285.34846497492697,1.11,273.0593175114811,0.02227,catalog,5339646891.771699,53930554.54625129,Selsis,-0.28795964070016145,-0.7345228277014798,GP,0.3338510168625764,0.33538698350709706,8.194983290429456e+23,8.194983290429456e+23
0.388,0.788,catalog,0.09,285.34846497492697,1.11,116.28943488299403,0.02227,catalog,10184127396.842276,90701544.26582463,Selsis,-0.3423588190135142,-0.7525656778956514,log,0.4214842533983264,0.901575608006203,7.469757773209183e+23,7.469757773209183e+23
0.388,0.788,catalog,0.09,285.34846497492697,1.11,154.3177805087662,0.02227,catalog,5199592124.633476,99147413.56022811,Jackson,-0.2983731199060271,-0.7218941160260135,log,0.24436696899938398,0.8075878605951861,1.2525010504952646e+24,1.2525010504952646e+24
0.388,0.788,catalog,0.09,285.34846497492697,1.11,177.24085002700843,0.02227,catalog,4594661843.981631,46468440.33880141,Jackson,-0.334838862317391,-0.6982439112602319,linear,0.4290509438530317,0.36111100107411775,7.437952677981395e+23,7.437952677981395e+23
0.388,0.788,catalog,0.09,285.34846497492697,1.11,1615.6116032529344,0.02227,catalog,750838619.7068329,82722129.42391779,Jackson,-0.28333130210597013,-0.748500776332494,log,0.08674489217536471,0.39827739500370374,2.733775487482949e+23,2.733775487482949e+23
0.388,0.788,catalog,0.09,285.34846497492697,1.11,381.908947481004,0.02227,catalog,3052176324.495082,86268983.74112664,Selsis,-0.4118826545900518,-0.6345540381661885,log,0.41167393436437044,0.33084745302908924,2.806879792658124e+23,2.806879792658124e+23
0.388,0.788,catalog,0.09,285.34846497492697,1.11,338.70463760542407,0.02227,catalog,4563439492.072462,5669034.617052283,Selsis,-0.4534595147853429,-0.7231122125260925,log,0.15792045586930803,0.15389159582706424,3.3156444130953804e+23,3.3156444130953804e+23
0.388,0.788,catalog,0.09,285.34846497492697,1.11,184.15133828263075,0.02227,catalog,4441351923.454765,94548376.49455866,Jackson,-0.40949928928267365,-0.6510492950062128,log,0.12947464036162978,0.033261634021025,4.4983868001371545e+23,4.4983868001371545e+23
0.388,0.788,catalog,0.09,285.34846497492697,1.11,164.70427778237632,0.02227,catalog,4904971577.237402,54580351.521639794,Jackson,-0.2865449502685591,-0.6698643014227238,log,0.297171339103824,0.3415643012440882,9.385548393676823e+23,9.385548393676823e+23
0.388,0.788,catalog,0.09,285.34846497492697,1.11,141.47862304383852,0.02227,catalog,5622747602.946211,34663054.8578177,Jackson,-0.48644017489716074,-0.795280799071952,GP,0.457763683961899,0.6633607022774248,7.249664522108796e+23,7.249664522108796e+23
0.388,0.788,catalog,0.09,285.34846497492697,1.11,268.936675993013,0.02227,catalog,3189207958.874093,61918774.14723961,Jackson,-0.39222729328296274,-0.6790187599582616,log,0.14724775379895766,0.014526258390695435,3.8751500250931454e+23,3.8751500250931454e+23
0.388,0.788,catalog,0.09,285.34846497492697,1.11,488.8891781455313,0.02227,catalog,1921197278.6892884,50788619.32015233,Jackson,-0.32776363802307545,-0.6212811618763486,GP,0.37862557135518665,0.2543904359240382,4.8215352605257e+23,4.8215352605257e+23
0.388,0.788,catalog,0.09,285.34846497492697,1.11,239.21100877750132,0.02227,catalog,3529999795.0755324,95032491.06538525,Jackson,-0.3267049030064245,-0.6078384268646171,linear,0.34675367260212664,0.16482882729224335,5.9910460391894945e+23,5.9910460391894945e+23
0.388,0.788,catalog,0.09,285.34846497492697,1.11,381.908947481004,0.02227,catalog,2026464938.0598364,24747262.63252086,Selsis,-0.4584585142759881,-0.6373691283484081,GP,0.057056363632972965,0.981834163593718,2.02267770547809e+23,2.02267770547809e+23
0.388,0.788,catalog,0.09,285.34846497492697,1.11,169.05230188798492,0.02227,catalog,7635886492.418938,60575896.25021903,Selsis,-0.3910833273432642,-0.6679868923482456,linear,0.13523220517211976,0.412265861714429,5.7097103309502135e+23,5.7097103309502135e+23
0.388,0.788,catalog,0.09,285.34846497492697,1.11,381.908947481004,0.02227,catalog,2227822786.7173376,13097670.669866804,Selsis,-0.3136077612811339,-0.7790550641962968,log,0.35212178317816484,0.042256470865497664,2.920096395091766e+23,2.920096395091766e+23
0.388,0.788,catalog,0.09,285.34846497492697,1.11,305.8248761009223,0.02227,catalog,2855468057.030217,16516248.272531066,Jackson,-0.3297337276855781,-0.7292654723604767,linear,0.10180046549881971,0.8129562517884592,1.0006514124368937e+24,1.0006514124368937e+24
0.388,0.788,catalog,0.09,285.34846497492697,1.11,193.64591574730278,0.02227,catalog,6891709881.574916,8699505.844069388,Selsis,-0.42652106173253856,-0.6811870670576814,log,0.1346008342253199,0.4053344059567914,4.937314401010319e+23,4.937314401010319e+23
0.388,0.788,catalog,0.09,285.34846497492697,1.11,458.3833637581189,0.02227,catalog,2027395443.7859695,49439478.05622987,Jackson,-0.44876124661981887,-0.7613383987308509,GP,0.332466025383446,0.20071648481159055,3.6504334883096776e+23,3.6504334883096776e+23
0.388,0.788,catalog,0.09,285.34846497492697,1.11,167.8653521281832,0.02227,catalog,7676826098.1938925,74066229.57923803,Selsis,-0.3898223394455626,-0.7298966555328734,linear,0.06685365572828114,0.9295137360784891,5.250021136834635e+23,5.250021136834635e+23
0.388,0.788,catalog,0.09,285.34846497492697,1.11,202.40044012287214,0.02227,catalog,4085805474.701049,68585976.89259678,Jackson,-0.3345987882704558,-0.7681831531527409,log,0.2118572788187843,0.6529098114477968,8.974651298073194e+23,8.974651298073194e+23
0.388,0.788,catalog,0.09,285.34846497492697,1.11,550.6533753381774,0.02227,catalog,1740351814.974277,9804746.734985279,Jackson,-0.3781225043673967,-0.6124784677791276,linear,0.08841675441241291,0.7221613696101343,7.596856443779884e+23,7.596856443779884e+23
0.388,0.788,catalog,0.09,285.34846497492697,1.11,383.7084436843211,0.02227,catalog,2354310586.0852804,72295783.35355154,Jackson,-0.4731149828221512,-0.6516518583325196,linear,0.1791545149537459,0.23040476395768394,4.100720757069535e+23,4.100720757069535e+23
0.388,0.788,catalog,0.09,285.34846497492697,1.11,629.9828646888446,0.02227,catalog,1557343491.5234263,32502115.545174185,Jackson,-0.4282143965322807,-0.7598440245274961,log,0.16216471956799888,0.9443990314856712,7.031370958165752e+23,7.031370958165752e+23
0.388,0.788,catalog,0.09,285.34846497492697,1.11,381.908947481004,0.02227,catalog,3322020305.620338,44956887.11327344,Selsis,-0.31023922439198137,-0.7317821318421923,linear,0.4169338078515849,0.9728597741385692,4.72345646648482e+23,4.72345646648482e+23
0.388,0.788,catalog,0.09,285.34846497492697,1.11,509.3335976795519,0.02227,catalog,387008079.65681577,78385979.84068853,Selsis,-0.3521524607975261,-0.6344135095159764,linear,0.24259347852844415,0.41365279304089553,6.77908808349622e+22,6.77908808349622e+22
0.388,0.788,catalog,0.09,285.34846497492697,1.11,186.79827290870264,0.02227,catalog,4385573349.512415,59345264.50398188,Jackson,-0.4123251796740992,-0.6516796989618199,GP,0.12121192248494565,0.45370033550734035,6.711938162219554e+23,6.711938162219554e+23
0.388,0.788,catalog,0.09,285.34846497492697,1.11,306.293637739402,0.02227,catalog,4909413847.192067,46741973.75569877,Selsis,-0.28478608473099914,-0.7179853587145372,linear,0.1492344714192009,0.5369992649000651,8.160304027157615e+23,8.160304027157615e+23
0.388,0.788,catalog,0.09,285.34846497492697,1.11,140.86015786923502,0.02227,catalog,5645057735.679332,74815315.42030594,Jackson,-0.41538956198516086,-0.677195534222353,log,0.23442311825384363,0.6333634875836274,7.854172347015409e+23,7.854172347015409e+23
0.388,0.788,catalog,0.09,285.34846497492697,1.11,180.5404155820963,0.02227,catalog,4520026015.410838,53225523.935811095,Jackson,-0.2849064993830785,-0.6220634883369646,log,0.06463752371904093,0.40026488288907425,1.0062347916309293e+24,1.0062347916309293e+24
0.388,0.788,catalog,0.09,285.34846497492697,1.11,381.908947481004,0.02227,catalog,2527204949.4228063,23576679.014388725,Selsis,-0.3115264825370948,-0.7591731170644939,linear,0.05819499375578411,0.46984475145455784,3.719306223879904e+23,3.719306223879904e+23
0.388,0.788,catalog,0.09,285.34846497492697,1.11,279.0023690961447,0.02227,catalog,5255973183.326583,76194305.90446728,Selsis,-0.4134066565427011,-0.6583860556946992,GP,0.08819536923405805,0.15532825086000013,4.2553659956746636e+23,4.2553659956746636e+23
0.388,0.788,catalog,0.09,285.34846497492697,1.11,179.44264945629422,0.02227,catalog,4544558686.674832,55494853.21514685,Jackson,-0.4302027993522429,-0.6670956535897536,linear,0.09883547564694832,0.3073867382754243,5.7141864565352376e+23,5.7141864565352376e+23
0.388,0.788,catalog,0.09,285.34846497492697,1.11,381.908947481004,0.02227,catalog,3719117394.258086,63261072.15378939,Selsis,-0.4854708190222247,-0.7916540929111651,GP,0.12654900765152322,0.49686493423536027,2.4218225330120024e+23,2.4218225330120024e+23
0.388,0.788,catalog,0.09,285.34846497492697,1.11,220.4759240404987,0.02227,catalog,6254359043.400943,13478973.976713514,Selsis,-0.29415315565884964,-0.722366925938209,linear,0.1685143844502252,0.44805599715621247,8.930939117552772e+23,8.930939117552772e+23
0.388,0.788,catalog,0.09,285.34846497492697,1.11,381.908947481004,0.02227,catalog,2008398420.1565382,56081099.12435006,Selsis,-0.4082640368170072,-0.7107688385391414,log,0.2669874422214151,0.6486136693861826,1.8003781842697256e+23,1.8003781842697256e+23
0.388,0.788,catalog,0.09,285.34846497492697,1.11,392.3903047126603,0.02227,catalog,817204265.0827366,46248934.617759705,Selsis,-0.3630316076631994,-0.6131986893324778,linear,0.06792813145499373,0.518051247944824,1.354174935831776e+23,1.354174935831776e+23
0.388,0.788,catalog,0.09,285.34846497492697,1.11,289.59174007296883,0.02227,catalog,2992260945.913285,37520112.734677576,Jackson,-0.4844017959832744,-0.6872408133252125,GP,0.2516188147699727,0.5470279949615321,6.124401284319128e+23,6.124401284319128e+23
0.388,0.788,catalog,0.09,285.34846497492697,1.11,493.72122529917897,0.02227,catalog,1905514418.846986,82262416.83531132,Jackson,-0.3022621554824333,-0.6033269986968766,log,0.3911696932759901,0.033780233290613415,3.222999153401022e+23,3.222999153401022e+23
0.388,0.788,catalog,0.09,285.34846497492697,1.11,525.6201599586358,0.02227,catalog,1808822427.6057653,70376332.21610853,Jackson,-0.47645051197886923,-0.7866932529002647,linear,0.3696481097783991,0.10110151902334419,2.9248020504930443e+23,2.9248020504930443e+23
0.388,0.788,catalog,0.09,285.34846497492697,1.11,383.39406566636825,0.02227,catalog,1117906088.807751,57318775.49459891,Selsis,-0.41468806446084655,-0.6926970019803727,log,0.18169309266324812,0.7603633869395645,1.1408156018292056e+23,1.1408156018292056e+23
0.388,0.788,catalog,0.09,285.34846497492697,1.11,381.908947481004,0.02227,catalog,1694353329.2800224,89179476.89194722,Selsis,-0.47567332249017286,-0.6187612523103205,log,0.28782774879642586,0.439737044212664,1.5522384027088268e+23,1.5522384027088268e+23
0.388,0.788,catalog,0.09,285.34846497492697,1.11,210.0422111339214,0.02227,catalog,3954854841.156578,97350352.88475917,Jackson,-0.36887347517691865,-0.6478490510881991,linear,0.1457058556320233,0.5609155644643615,7.62548839112402e+23,7.62548839112402e+23
0.388,0.788,catalog,0.09,285.34846497492697,1.11,381.908947481004,0.02227,catalog,3253246033.9257174,46441173.83837324,Selsis,-0.47323602253682295,-0.7955554055138133,linear,0.11917741098337631,0.5302509688286078,2.2411715394199784e+23,2.2411715394199784e+23
0.388,0.788,catalog,0.09,285.34846497492697,1.11,482.86764571711825,0.02227,catalog,1941155025.8902113,55106494.72442168,Jackson,-0.35747405522774084,-0.6430725842462787,linear,0.12056870410436345,0.1087912950194092,3.624931405496895e+23,3.624931405496895e+23
0.388,0.788,catalog,0.09,285.34846497492697,1.11,87.2920006917959,0.02227,catalog,12777616531.211884,40743247.592597894,Selsis,-0.45767798042303537,-0.644168786074401,GP,0.28383671697873164,0.9856585162115017,6.448786256945804e+23,6.448786256945804e+23
0.388,0.788,catalog,0.09,285.34846497492697,1.11,381.908947481004,0.02227,catalog,3754989402.6106696,43785451.28820113,Selsis,-0.48351204138445847,-0.7574284093476953,log,0.3504305985484613,0.5215043734245088,2.56255236035256e+23,2.56255236035256e+23
0.388,0.788,catalog,0.09,285.34846497492697,1.11,326.72972916848533,0.02227,catalog,4684114883.14421,98868359.72429964,Selsis,-0.46869919196783616,-0.7359019199727753,GP,0.2575326625464254,0.28035588718445537,3.043839733038478e+23,3.043839733038478e+23
0.388,0.788,catalog,0.09,285.34846497492697,1.11,381.908947481004,0.02227,catalog,3486872646.8380675,81505835.82017747,Selsis,-0.29166249407199946,-0.6918357564642296,linear,0.20701712371941583,0.6459511723892808,5.6192330427430336e+23,5.6192330427430336e+23
0.388,0.788,catalog,0.09,285.34846497492697,1.11,549.0976375807089,0.02227,catalog,1744435773.780662,27779680.59738133,Jackson,-0.3428542069650258,-0.6524896438467105,GP,0.2528795552550492,0.5581049708970078,6.54660645123511e+23,6.54660645123511e+23
0.388,0.788,catalog,0.09,285.34846497492697,1.11,145.98286033467804,0.02227,catalog,5465913333.28934,15491161.483764628,Jackson,-0.3040298026255839,-0.6062774079146878,linear,0.2903259867714202,0.2922991456602023,9.260983316617988e+23,9.260983316617988e+23
0.388,0.788,catalog,0.09,285.34846497492697,1.11,576.3367772598059,0.02227,catalog,1675930590.2365541,42879857.38736863,Jackson,-0.32019467743399377,-0.7596663858805531,GP,0.24523858221430717,0.8927090663444937,9.162573128419039e+23,9.162573128419039e+23
0.388,0.788,catalog,0.09,285.34846497492697,1.11,667.908039854536,0.02227,catalog,1484319673.052017,32060592.635936745,Jackson,-0.4164107329029271,-0.7361317072510181,log,0.1100363433138111,0.8139249304730163,6.58456960812375e+23,6.58456960812375e+23
0.388,0.788,catalog,0.09,285.34846497492697,1.11,417.47433152607607,0.02227,catalog,611874592.6846014,6233711.730753875,Selsis,-0.42774017130939296,-0.7722526048884074,linear,0.41254649831580353,0.6618248453353781,9.79183090648793e+22,9.79183090648793e+22
0.388,0.788,catalog,0.09,285.34846497492697,1.11,381.908947481004,0.02227,catalog,3909686550.600362,6807478.012770016,Selsis,-0.47311549555975735,-0.7669343972865769,GP,0.060900124980973816,0.7361690314822591,2.919082154096837e+23,2.919082154096837e+23
0.388,0.788,catalog,0.09,285.34846497492697,1.11,89.34886562239473,0.02227,catalog,12541703219.942886,18306577.36825083,Selsis,-0.30727839729453627,-0.752891096713809,linear,0.12693815634097314,0.24269341433167035,1.0627696885560646e+24,1.0627696885560646e+24
0.388,0.788,catalog,0.09,285.34846497492697,1.11,168.9913070346665,0.02227,catalog,4793768774.04588,41882314.07838273,Jackson,-0.35843756584405373,-0.7319434163881945,linear,0.11410104679777873,0.6470739461375986,8.778560455490721e+23,8.778560455490721e+23
0.388,0.788,catalog,0.09,285.34846497492697,1.11,919.136024702328,0.02227,catalog,1147218486.5242355,73478924.3655374,Jackson,-0.3627015605267616,-0.7615265421944309,log,0.22868536146689677,0.9349178502321436,6.690518615529102e+23,6.690518615529102e+23
0.388,0.788,catalog,0.09,285.34846497492697,1.11,101.21186663242494,0.02227,catalog,7641944239.126687,57411397.667516306,Jackson,-0.2926289213253032,-0.7674137624134325,GP,0.13680875020744324,0.17822155252982297,8.807945443683536e+23,8.807945443683536e+23
0.388,0.788,catalog,0.09,285.34846497492697,1.11,414.5131465211005,0.02227,catalog,2205917064.8231483,28327877.50352305,Jackson,-0.44152229292776934,-0.6328500950404354,linear,0.09238245180563442,0.4585452261442957,5.562926705298322e+23,5.562926705298322e+23
0.388,0.788,catalog,0.09,285.34846497492697,1.11,118.76686421671783,0.02227,catalog,6593396152.720753,51710120.9043337,Jackson,-0.40621349074848767,-0.6710177486933485,linear,0.34895648080617836,0.23873674779226928,6.17924696444151e+23,6.17924696444151e+23
0.388,0.788,catalog,0.09,285.34846497492697,1.11,340.08130321803526,0.02227,catalog,2608026702.5317535,51045031.61494723,Jackson,-0.47613413299605695,-0.7428285902620545,linear,0.05701302551661908,0.7298338633916694,6.582659021037319e+23,6.582659021037319e+23
0.388,0.788,catalog,0.09,285.34846497492697,1.11,179.76416272723836,0.02227,catalog,7288891930.835707,3490512.0779247642,Selsis,-0.3249165025660417,-0.6873232934612122,GP,0.2857546437882799,0.44917573431230085,7.94918133920311e+23,7.94918133920311e+23
0.388,0.788,catalog,0.09,285.34846497492697,1.11,184.46037806701264,0.02227,catalog,7148421922.754051,47538461.38430418,Selsis,-0.4871360208977471,-0.706166052781817,GP,0.2601934258587527,0.780759492413675,4.174368342926894e+23,4.174368342926894e+23
0.388,0.788,catalog,0.09,285.34846497492697,1.11,179.484894955977,0.02227,catalog,4543609150.92757,34860259.061209925,Jackson,-0.42336798002550513,-0.6483635707856781,GP,0.11183729982715018,0.3413055022566853,6.153435560044052e+23,6.153435560044052e+23
0.388,0.788,catalog,0.09,285.34846497492697,1.11,362.3183063695901,0.02227,catalog,4260914265.7012057,60751997.826412015,Selsis,-0.37738184329172114,-0.6102926898549277,log,0.4195211642262291,0.8169200958543722,4.706871203727944e+23,4.706871203727944e+23
0.388,0.788,catalog,0.09,285.34846497492697,1.11,446.9163315524413,0.02227,catalog,2070851503.5622325,59732566.425197564,Jackson,-0.4496560644813882,-0.7094935567669322,GP,0.4754736475371839,0.9522489773171018,7.063014126907869e+23,7.063014126907869e+23
0.388,0.788,catalog,0.09,285.34846497492697,1.11,160.2414801169264,0.02227,catalog,5026950752.930021,91457718.25165735,Jackson,-0.4481435329889115,-0.714005216648699,log,0.08908001137385872,0.7586099113839636,7.469998833296997e+23,7.469998833296997e+23
0.388,0.788,catalog,0.09,285.34846497492697,1.11,166.30063947909466,0.02227,catalog,4862904135.107216,60996511.49865382,Jackson,-0.30690793384028064,-0.6112775429085291,linear,0.08302309463861834,0.733806303985278,1.2397587544351828e+24,1.2397587544351828e+24
0.388,0.788,catalog,0.09,285.34846497492697,1.11,381.908947481004,0.02227,catalog,2032084911.9864502,73860082.29902413,Selsis,-0.3497984431514803,-0.6643191678459439,linear,0.4494272962267279,0.9259712655744085,2.393463575581287e+23,2.393463575581287e+23
0.388,0.788,catalog,0.09,285.34846497492697,1.11,152.25579945789426,0.02227,catalog,5262795407.074006,4194783.970339916,Jackson,-0.4010132185208162,-0.6485498712181812,GP,0.24915735434930675,0.27367216029352115,6.353079004003232e+23,6.353079004003232e+23
0.388,0.788,catalog,0.09,285.34846497492697,1.11,351.0555618285587,0.02227,catalog,4446698982.878878,21291215.395667274,Selsis,-0.48919207212986804,-0.6149940653952742,log,0.19292211420873573,0.5111831912552777,4.0026606037860945e+23,4.0026606037860945e+23
0.388,0.788,catalog,0.09,285.34846497492697,1.11,427.6437204692588,0.02227,catalog,573648554.2223508,78677043.32684223,Selsis,-0.34483655230049587,-0.6843089828678901,linear,0.056736198606728364,0.06250181838669455,7.600121308221255e+22,7.600121308221255e+22
0.388,0.788,catalog,0.09,285.34846497492697,1.11,134.46129063314007,0.02227,catalog,5887831369.48107,84624265.5688176,Jackson,-0.42928810806688944,-0.656421308984503,GP,0.0560023783752329,0.9695286428275851,8.927006385166182e+23,8.927006385166182e+23
0.388,0.788,catalog,0.09,285.34846497492697,1.11,198.2483719754065,0.02227,catalog,4161079560.236045,6938179.90563675,Jackson,-0.30921789363767965,-0.6854936268271242,linear,0.07385731094060545,0.8008619538656218,1.220774678626475e+24,1.220774678626475e+24
0.388,0.788,catalog,0.09,285.34846497492697,1.11,180.35868443453987,0.02227,catalog,4524067093.637613,84438187.72429791,Jackson,-0.38541260818365675,-0.7131173544937166,log,0.1404207718394156,0.5848875263129769,7.440802477300143e+23,7.440802477300143e+23
0.388,0.788,catalog,0.09,285.34846497492697,1.11,167.32820768808082,0.02227,catalog,7695527884.955939,38314220.50240484,Selsis,-0.4402053263290557,-0.6438643621588557,log,0.0827344366605768,0.14558260072867912,5.2982418749205636e+23,5.2982418749205636e+23
0.388,0.788,catalog,0.09,285.34846497492697,1.11,526.4899711782543,0.02227,catalog,1806340660.7787132,98615678.08554274,Jackson,-0.37253961656301005,-0.7851575277908653,log,0.15016872442176613,0.4118620846107971,4.749085760430615e+23,4.749085760430615e+23
0.388,0.788,catalog,0.09,285.34846497492697,1.11,228.02634011765699,0.02227,catalog,6099688145.871971,57504660.25621445,Selsis,-0.3226765671844381,-0.6366842260000917,GP,0.2385904149406134,0.45122581718178756,7.582206567124109e+23,7.582206567124109e+23
0.388,0.788,catalog,0.09,285.34846497492697,1.11,343.7339702672899,0.02227,catalog,2584431286.228083,21000753.236062914,Jackson,-0.41976035523857824,-0.7103123766141721,GP,0.10422829409995214,0.7907421449765025,7.586735913963585e+23,7.586735913963585e+23
0.388,0.788,catalog,0.09,285.34846497492697,1.11,110.92491148106843,0.02227,catalog,10567700127.853994,36452487.32905998,Selsis,-0.3684050629321055,-0.6922979265963584,log,0.28970366544459547,0.7736464434957654,7.13886039456535e+23,7.13886039456535e+23
0.388,0.788,catalog,0.09,285.34846497492697,1.11,126.95918298087014,0.02227,catalog,9511425809.816204,90044684.94704486,Selsis,-0.2829992674150759,-0.7884974051377356,log,0.2529738112741387,0.7748291508974823,1.1533610307393113e+24,1.1533610307393113e+24
0.388,0.788,catalog,0.09,285.34846497492697,1.11,183.90974844780357,0.02227,catalog,7164552708.337078,5746873.437377679,Selsis,-0.480556467792458,-0.7232036881700229,log,0.1453882654640363,0.23579266878996907,4.228349277597844e+23,4.228349277597844e+23
0.388,0.788,catalog,0.09,285.34846497492697,1.11,115.98103804176867,0.02227,catalog,6738547501.714807,42216013.093023874,Jackson,-0.4237448412663104,-0.6814724780809726,GP,0.19503173678798272,0.3646200905154716,6.64683258571853e+23,6.64683258571853e+23
0.388,0.788,catalog,0.09,285.34846497492697,1.11,327.38084358298426,0.02227,catalog,4677350956.966664,37263892.26838843,Selsis,-0.4094628869389632,-0.7671428156715885,GP,0.07632765785118473,0.5375601013177989,3.6456009256565253e+23,3.6456009256565253e+23
0.388,0.788,catalog,0.09,285.34846497492697,1.11,381.908947481004,0.02227,catalog,2223003417.72578,82744088.46722016,Selsis,-0.2803215428320709,-0.7773628481506918,GP,0.10919783831369133,0.2863467110812242,3.861324762468267e+23,3.861324762468267e+23
0.388,0.788,catalog,0.09,285.34846497492697,1.11,384.1943795966401,0.02227,catalog,1060633169.6502358,37816689.73208372,Selsis,-0.3608212553293461,-0.7772802779995799,GP,0.10533371591400383,0.8023032841017924,1.389431445394914e+23,1.389431445394914e+23
0.388,0.788,catalog,0.09,285.34846497492697,1.11,381.908947481004,0.02227,catalog,3353753122.5962725,13103393.38830021,Selsis,-0.30017820368174386,-0.7649372496269166,log,0.27507115522453335,0.9749170266726922,5.492213914793091e+23,5.492213914793091e+23
0.388,0.788,catalog,0.09,285.34846497492697,1.11,209.71237823674738,0.02227,catalog,6492234074.45739,2024668.0751213888,Selsis,-0.3123112902461636,-0.6555359484072468,log,0.0985890158203697,0.5548839461723309,8.552649235059116e+23,8.552649235059116e+23
0.388,0.788,catalog,0.09,285.34846497492697,1.11,149.32182101202835,0.02227,catalog,5355697862.268713,32661121.35762197,Jackson,-0.3629761080413161,-0.6516209507363875,log,0.06867337167141156,0.8592250799575352,1.0674656675088306e+24,1.0674656675088306e+24
0.388,0.788,catalog,0.09,285.34846497492697,1.11,381.90894748100374,0.02227,catalog,2763902123.613804,96845681.8198477,Selsis,-0.3568632152073696,-0.6149391651268754,log,0.14335386627766283,0.5366483915212434,3.267501096280813e+23,3.267501096280813e+23
0.388,0.788,catalog,0.09,285.34846497492697,1.11,58.689095282320324,0.02227,catalog,12843663723.469835,68635667.40809976,Jackson,-0.3410550236241395,-0.6520598874617214,log,0.13144138242911185,0.8015163332483092,1.295860537829641e+24,1.295860537829641e+24
0.388,0.788,catalog,0.09,285.34846497492697,1.11,190.36861594565792,0.02227,catalog,4312740848.344647,84380502.05470204,Jackson,-0.309406495971542,-0.7956102877885198,linear,0.15694004779361903,0.9368076798328578,1.2005393660023481e+24,1.2005393660023481e+24
0.388,0.788,catalog,0.09,285.34846497492697,1.11,80.59136016392893,0.02227,catalog,9463697210.263968,26230315.581323847,Jackson,-0.37799966837887516,-0.7403954071345942,log,0.263433572074552,0.42633714603192663,8.037089638828347e+23,8.037089638828347e+23
0.388,0.788,catalog,0.09,285.34846497492697,1.11,408.72142671504764,0.02227,catalog,674561427.826713,11661253.91864141,Selsis,-0.4904278275697612,-0.7281119919002242,linear,0.07266631421297916,0.2958374520220385,8.203596511021579e+22,8.203596511021579e+22
0.388,0.788,catalog,0.09,285.34846497492697,1.11,249.42645405847273,0.02227,catalog,5707635891.121188,27544597.742729288,Selsis,-0.4720740189776274,-0.7807846788944199,GP,0.24564642359461264,0.5372871988359099,3.61905066424447e+23,3.61905066424447e+23
0.388,0.788,catalog,0.09,285.34846497492697,1.11,118.45772520052864,0.02227,catalog,6609166629.356331,58512781.99364554,Jackson,-0.29174052509173287,-0.6536702000617642,GP,0.11707344791038557,0.7478590427482359,1.406253088644695e+24,1.406253088644695e+24
0.388,0.788,catalog,0.09,285.34846497492697,1.11,110.79644418209023,0.02227,catalog,7028138375.735943,82252434.6371865,Jackson,-0.2915941345181315,-0.7199360537526012,linear,0.14344822929793866,0.2779002317762048,9.46507387175626e+23,9.46507387175626e+23
0.388,0.788,catalog,0.09,285.34846497492697,1.11,748.506418983371,0.02227,catalog,1352227083.4294493,58535398.31082714,Jackson,-0.4368870599042384,-0.605986259778483,linear,0.302384918125714,0.5459045552327322,5.116534835905727e+23,5.116534835905727e+23
0.388,0.788,catalog,0.09,285.34846497492697,1.11,375.4260810615278,0.02227,catalog,2398150347.140087,82584002.91223341,Jackson,-0.38895089899475155,-0.7044957704375174,GP,0.1974886629789155,0.6821237313666618,6.813188188384188e+23,6.813188188384188e+23
0.388,0.788,catalog,0.09,285.34846497492697,1.11,192.62392924028887,0.02227,catalog,4268094904.4183903,18227397.039716255,Jackson,-0.34664297960636986,-0.682986110421491,log,0.10320125300583363,0.34485618660423856,7.024893245000851e+23,7.024893245000851e+23
0.388,0.788,catalog,0.09,285.34846497492697,1.11,368.5916925925829,0.02227,catalog,4154862745.3737617,20026308.054132756,Selsis,-0.45664665687314965,-0.6990610645337527,log,0.05727385503553925,0.06981430966199698,3.065461046786706e+23,3.065461046786706e+23
0.388,0.788,catalog,0.09,285.34846497492697,1.11,212.5433462559619,0.02227,catalog,6427552144.9262905,68851999.34709881,Selsis,-0.47350079085628677,-0.7650760344806445,log,0.2815618962189003,0.3398463760951129,3.728463223631211e+23,3.728463223631211e+23
0.388,0.788,catalog,0.09,285.34846497492697,1.11,187.90179855604902,0.02227,catalog,4362773156.325548,10812853.037489828,Jackson,-0.419185156400151,-0.7948636047718406,linear,0.13902871496028285,0.30842417885902673,5.5493755562106875e+23,5.5493755562106875e+23
0.388,0.788,catalog,0.09,285.34846497492697,1.11,335.2154395987685,0.02227,catalog,4597806397.752215,12960864.9306956,Selsis,-0.38511524565396493,-0.7077762644007967,GP,0.20315795164357045,0.8346614544795069,4.317138142174247e+23,4.317138142174247e+23
0.388,0.788,catalog,0.09,285.34846497492697,1.11,381.908947481004,0.02227,catalog,1972801517.0641189,10322406.093693696,Selsis,-0.28932442262334773,-0.7391356480446534,log,0.31304529288121785,0.41875798631394423,3.635700847658471e+23,3.635700847658471e+23
0.388,0.788,catalog,0.09,285.34846497492697,1.11,365.2627674905011,0.02227,catalog,2454529846.0710993,14443917.218181087,Jackson,-0.3366484801768944,-0.7630013079252624,log,0.07671496413422248,0.34575562200229226,5.828510090235356e+23,5.828510090235356e+23
0.388,0.788,catalog,0.09,285.34846497492697,1.11,385.34550637237345,0.02227,catalog,983540549.6069194,45391667.18389908,Selsis,-0.49064391186167466,-0.6129908094247917,GP,0.05090943016189465,0.8525103547640237,1.1623376957322897e+23,1.1623376957322897e+23
0.388,0.788,catalog,0.09,285.34846497492697,1.11,381.908947481004,0.02227,catalog,1566818864.8346546,28498527.99923437,Selsis,-0.3268848275753883,-0.7756304906050463,GP,0.09234935678576972,0.13923198903726342,2.043668562712235e+23,2.043668562712235e+23
0.388,0.788,catalog,0.09,285.34846497492697,1.11,241.00717456162835,0.02227,catalog,5854366748.552054,34154920.95709056,Selsis,-0.4170209555531211,-0.7356119726951044,linear,0.3293162223722284,0.7402536240764238,4.2447142163246225e+23,4.2447142163246225e+23
0.388,0.788,catalog,0.09,285.34846497492697,1.11,252.30773650685416,0.02227,catalog,5659454201.619375,76578137.05259748,Selsis,-0.4334687676885774,-0.6091978104183249,log,0.06952506891778851,0.2524780622578884,4.977569672373925e+23,4.977569672373925e+23
0.388,0.788,catalog,0.09,285.34846497492697,1.11,224.58693831712088,0.02227,catalog,6168976298.670095,28467965.989558637,Selsis,-0.4487055385311415,-0.775978794989302,log,0.09023838478648612,0.7574985256369834,3.95573287186529e+23,3.95573287186529e+23
0.388,0.788,catalog,0.09,285.34846497492697,1.11,359.0049717252679,0.02227,catalog,2490755674.229632,95994301.88788384,Jackson,-0.4060324432648903,-0.6282085007112962,GP,0.4123343934682828,0.2723009930531367,4.717502730969405e+23,4.717502730969405e+23
0.388,0.788,catalog,0.09,285.34846497492697,1.11,381.908947481004,0.02227,catalog,3555571819.652576,8339703.412070843,Selsis,-0.43002744601221543,-0.7215738951230123,log,0.05115913428215961,0.37523753553562944,2.9169558947207118e+23,2.9169558947207118e+23
0.388,0.788,catalog,0.09,285.34846497492697,1.11,372.00020331591907,0.02227,catalog,4099130348.617238,44068791.287127405,Selsis,-0.44624417407152395,-0.6778082287121735,GP,0.34711452515105856,0.4556859441836538,3.22545855770721e+23,3.22545855770721e+23
0.388,0.788,catalog,0.09,285.34846497492697,1.11,381.908947481004,0.02227,catalog,2426569692.091922,76009170.53170596,Selsis,-0.4812285900426621,-0.7783767579390023,log,0.40863912893779586,0.027112330233236226,1.627099302232186e+23,1.627099302232186e+23
0.388,0.788,catalog,0.09,285.34846497492697,1.11,292.2374252815141,0.02227,catalog,2968971325.7075534,75205265.07852748,Jackson,-0.38253564637237025,-0.6463527797540624,log,0.07378993082712022,0.9993587955732177,8.856710834149825e+23,8.856710834149825e+23
0.388,0.788,catalog,0.09,285.34846497492697,1.11,164.94144538695147,0.02227,catalog,7779977393.72402,37158927.22395826,Selsis,-0.30152782032789455,-0.7218981864982285,log,0.07222159786088281,0.6072495871574286,9.430426294745182e+23,9.430426294745182e+23
0.388,0.788,catalog,0.09,285.34846497492697,1.11,395.06324121954964,0.02227,catalog,791513663.3451686,38974234.910590604,Selsis,-0.3140110553816549,-0.749524567590587,log,0.28481253410512397,0.2516733673033458,1.3695947245152732e+23,1.3695947245152732e+23
0.388,0.788,catalog,0.09,285.34846497492697,1.11,346.3584456402038,0.02227,catalog,2567771340.403525,38305042.40907205,Jackson,-0.2837308536093869,-0.7490377289977721,log,0.18168364716624447,0.14058302247497556,5.2955503302073704e+23,5.2955503302073704e+23
0.388,0.788,catalog,0.09,285.34846497492697,1.11,196.84612327821614,0.02227,catalog,4187201064.1302238,77345367.86857814,Jackson,-0.30000491528072754,-0.7280912631176231,GP,0.11703710913379543,0.5723440507309397,9.903229101358956e+23,9.903229101358956e+23
0.388,0.788,catalog,0.09,285.34846497492697,1.11,381.908947481004,0.02227,catalog,2536751958.413167,30736748.877662838,Selsis,-0.3416326764408992,-0.7193025559737805,GP,0.06657992715630705,0.8412655494677621,3.1259247530229714e+23,3.1259247530229714e+23
0.388,0.788,catalog,0.09,285.34846497492697,1.11,271.57645478167734,0.02227,catalog,5361037055.437503,15437200.837111637,Selsis,-0.4415220153835888,-0.6649664722674433,linear,0.1662674157570569,0.46699056496134805,4.2508835207587665e+23,4.2508835207587665e+23
0.388,0.788,catalog,0.09,285.34846497492697,1.11,290.55268354206646,0.02227,catalog,5102177139.266487,5382528.357491065,Selsis,-0.3170892344382878,-0.6139053301234829,log,0.4688282408320022,0.4887207182761987,7.577384647946898e+23,7.577384647946898e+23
0.388,0.788,catalog,0.09,285.34846497492697,1.11,381.908947481004,0.02227,catalog,1256203797.5309143,77100526.59462714,Selsis,-0.342365628606549,-0.7301324472039806,GP,0.08552067952063412,0.35761587809124584,1.5593592381055397e+23,1.5593592381055397e+23
0.388,0.788,catalog,0.09,285.34846497492697,1.11,381.908947481004,0.02227,catalog,2174502915.426439,36685882.30831439,Selsis,-0.46600466433584165,-0.6258609223231012,GP,0.21800960326105265,0.30936652812795307,2.077079935681338e+23,2.077079935681338e+23
0.388,0.788,catalog,0.09,285.34846497492697,1.11,372.1029655596491,0.02227,catalog,4097470091.5062466,3169793.559598581,Selsis,-0.4394272521163135,-0.6965732824051624,linear,0.057211560121045515,0.9137840724781902,3.510920900650627e+23,3.510920900650627e+23
0.388,0.788,catalog,0.09,285.34846497492697,1.11,381.908947481004,0.02227,catalog,2443039079.842639,64069221.409843765,Selsis,-0.32988781950456975,-0.6668063533814694,log,0.47348981640277893,0.9568982801561641,3.2050955908722825e+23,3.2050955908722825e+23
0.388,0.788,catalog,0.09,285.34846497492697,1.11,381.90894748100425,0.02227,catalog,1342955075.8735838,74443597.62351431,Selsis,-0.2998980869035957,-0.6050790441388242,log,0.14286928835732426,0.872138701174533,2.6078917335686105e+23,2.6078917335686105e+23
0.388,0.788,catalog,0.09,285.34846497492697,1.11,381.90894748100425,0.02227,catalog,1831957255.8282084,90153154.1997233,Selsis,-0.4852161117723329,-0.6859179362656173,log,0.05799360330618403,0.4441938434301904,1.3739865067651377e+23,1.3739865067651377e+23
0.388,0.788,catalog,0.09,285.34846497492697,1.11,125.75129384036465,0.02227,catalog,9582244482.028576,69401398.8579869,Selsis,-0.3367730785719305,-0.776249107993645,GP,0.3493151996267407,0.9401316751568325,7.56798579299948e+23,7.56798579299948e+23
0.388,0.788,catalog,0.09,285.34846497492697,1.11,162.49907813169185,0.02227,catalog,4964420629.957342,82305560.64155926,Jackson,-0.3507512688058375,-0.7459721061559276,log,0.3138598096408993,0.1599854415757357,5.763596716274594e+23,5.763596716274594e+23
0.388,0.788,catalog,0.09,285.34846497492697,1.11,90.73074247957625,0.02227,catalog,12388889971.073454,55562412.34645626,Selsis,-0.33859141297714435,-0.6975344963852286,linear,0.05630660411040001,0.4772525333463278,8.793656042851781e+23,8.793656042851781e+23
0.388,0.788,catalog,0.09,285.34846497492697,1.11,258.11291400029523,0.02227,catalog,3304516777.120001,50116363.33137573,Jackson,-0.3355177478318657,-0.7219136340893284,log,0.40036857112741975,0.20658352765113874,5.575947364724676e+23,5.575947364724676e+23
0.388,0.788,catalog,0.09,285.34846497492697,1.11,145.2902223003135,0.02227,catalog,5489404051.602507,70514864.58398649,Jackson,-0.3061219519909971,-0.7581071498748937,log,0.131277977934022,0.174479381814323,7.27960455237215e+23,7.27960455237215e+23
0.388,0.788,catalog,0.09,285.34846497492697,1.11,193.1588886352592,0.02227,catalog,6904761447.255794,20434568.683245026,Selsis,-0.37278266668716903,-0.7627604927010213,linear,0.2732302852411574,0.35989560952056265,5.457103100193823e+23,5.457103100193823e+23
0.388,0.788,catalog,0.09,285.34846497492697,1.11,344.3335048678477,0.02227,catalog,2580604119.43696,69079653.36065628,Jackson,-0.41822901976797994,-0.7890562084501517,GP,0.4130919949422796,0.15432056584661846,3.862557230275817e+23,3.862557230275817e+23
0.388,0.788,catalog,0.09,285.34846497492697,1.11,675.464119716486,0.02227,catalog,1470688355.942417,53811703.96619776,Jackson,-0.4658617826848631,-0.7224510016376843,log,0.11961036812140981,0.6249279254773413,5.288671562998503e+23,5.288671562998503e+23
0.388,0.788,catalog,0.09,285.34846497492697,1.11,124.14496136761406,0.02227,catalog,9678405010.578083,72686940.38310273,Selsis,-0.35230546164284493,-0.7569837889500477,GP,0.3062374353154215,0.47318689388430957,6.92347340662354e+23,6.92347340662354e+23
0.388,0.788,catalog,0.09,285.34846497492697,1.11,503.1549070152068,0.02227,catalog,1875716157.1597254,9961923.040460711,Jackson,-0.4239025835711505,-0.6510495722307773,GP,0.060750195567340265,0.670680402350411,6.6944932020325e+23,6.6944932020325e+23
0.388,0.788,catalog,0.09,285.34846497492697,1.11,233.7789140753443,0.02227,catalog,5987932694.219187,71113015.28910235,Selsis,-0.389470719822608,-0.7537267585852774,log,0.05339248112335974,0.312968576715823,4.5219810750361134e+23,4.5219810750361134e+23
0.388,0.788,catalog,0.09,285.34846497492697,1.11,242.54380882636045,0.02227,catalog,5826900760.773432,99337487.64087978,Selsis,-0.3248815471882568,-0.6117718422707031,log,0.13464586059261102,0.13234214897134855,7.353918810189292e+23,7.353918810189292e+23
0.388,0.788,catalog,0.09,285.34846497492697,1.11,85.01230740467048,0.02227,catalog,8997500318.5547,53354269.65634348,Jackson,-0.4907278841819215,-0.641788816046491,GP,0.212440275598199,0.9131287310991492,9.531585455087712e+23,9.531585455087712e+23
0.388,0.788,catalog,0.09,285.34846497492697,1.11,381.908947481004,0.02227,catalog,1865176596.8327804,6187886.114195211,Selsis,-0.33451213222848086,-0.7915531289225778,GP,0.08399194398003723,0.2683545995345109,2.414161955157964e+23,2.414161955157964e+23
0.388,0.788,catalog,0.09,285.34846497492697,1.11,271.27237312870716,0.02227,catalog,3165489846.9155145,19112409.293223664,Jackson,-0.4957381732634696,-0.7983204800646702,GP,0.07296949786422371,0.08111978312806234,3.680800796906687e+23,3.680800796906687e+23
0.388,0.788,catalog,0.09,285.34846497492697,1.11,171.19216296965556,0.02227,catalog,4738807353.967707,91509376.44974443,Jackson,-0.4426040504018639,-0.7468442860104003,linear,0.050933026444796914,0.65179654629013,6.958643017500553e+23,6.958643017500553e+23
0.388,0.788,catalog,0.09,285.34846497492697,1.11,420.0548408385738,0.02227,catalog,2181418657.6384587,66506014.799639575,Jackson,-0.4762720809479789,-0.7365578179136787,linear,0.11442278338430892,0.015563200781561481,2.8888147148912067e+23,2.8888147148912067e+23
0.388,0.788,catalog,0.09,285.34846497492697,1.11,117.3834391112348,0.02227,catalog,10109924563.185059,94577857.88140172,Selsis,-0.3149195385945886,-0.6454048072992484,log,0.06757316000568953,0.43623897537108836,1.0043980031118644e+24,1.0043980031118644e+24
0.388,0.788,catalog,0.09,285.34846497492697,1.11,357.6540560986345,0.02227,catalog,4342822508.308024,56804708.48229993,Selsis,-0.33902059562389986,-0.7441192252341979,linear,0.13637747262662125,0.0325548664817672,4.5560651888914475e+23,4.5560651888914475e+23
0.388,0.788,catalog,0.09,285.34846497492697,1.11,346.81199487775996,0.02227,catalog,4485972708.588135,65304390.57528269,Selsis,-0.37677075496105433,-0.7266360328084607,linear,0.412831578580832,0.6783227405465122,3.9805169347291913e+23,3.9805169347291913e+23
0.388,0.788,catalog,0.09,285.34846497492697,1.11,190.30657046877974,0.02227,catalog,4313983712.147558,82499308.9174076,Jackson,-0.3004645514116434,-0.7860668864015491,GP,0.24626431686268122,0.5200258672309015,9.407341081084063e+23,9.407341081084063e+23
0.388,0.788,catalog,0.09,285.34846497492697,1.11,381.908947481004,0.02227,catalog,2526316401.681673,6827541.12547485,Selsis,-0.37871848334940744,-0.676588334350796,linear,0.18969457353809197,0.4277820161698669,2.7578688142790937e+23,2.7578688142790937e+23
0.388,0.788,catalog,0.09,285.34846497492697,1.11,381.908947481004,0.02227,catalog,3169586390.5685244,71539097.12274823,Selsis,-0.3934362414818042,-0.7814414685426253,GP,0.17532670329784347,0.0716688223927755,2.5701053765469215e+23,2.5701053765469215e+23
0.388,0.788,catalog,0.09,285.34846497492697,1.11,238.2970939778712,0.02227,catalog,3541778248.2614374,35893361.836429,Jackson,-0.3851001689917848,-0.7121595847212224,GP,0.33871492594907804,0.6780989552921911,7.907246317345863e+23,7.907246317345863e+23
0.388,0.788,catalog,0.09,285.34846497492697,1.11,117.78471311085498,0.02227,catalog,10083029508.648605,95008147.75650665,Selsis,-0.4233134925145856,-0.6952303415580933,linear,0.2437043708274923,0.718600444895251,5.443057420811918e+23,5.443057420811918e+23
0.388,0.788,catalog,0.09,285.34846497492697,1.11,153.42340761299073,0.02227,catalog,5226800240.350473,21337724.472395986,Jackson,-0.43570042140859755,-0.7159744893898349,GP,0.10916615861030347,0.8038924507975673,8.502894918245285e+23,8.502894918245285e+23
0.388,0.788,catalog,0.09,285.34846497492697,1.11,90.39348644078841,0.02227,catalog,8492595255.63133,24805659.062185798,Jackson,-0.42673753353859406,-0.6674918484475564,GP,0.07267101812107558,0.9487263381793383,1.0255523606592002e+24,1.0255523606592002e+24
0.388,0.788,catalog,0.09,285.34846497492697,1.11,1254.0823405298252,0.02227,catalog,900876770.1269308,13800115.316960555,Jackson,-0.4836547367553608,-0.7804278860354802,GP,0.20984802382196197,0.4084195661664908,3.349679924446947e+23,3.349679924446947e+23
0.388,0.788,catalog,0.09,285.34846497492697,1.11,381.908947481004,0.02227,catalog,3900090708.4733706,45825905.50831845,Selsis,-0.3166209402131437,-0.6487085639337569,log,0.0685747294753464,0.46450790923992125,5.530714834633096e+23,5.530714834633096e+23
0.388,0.788,catalog,0.09,285.34846497492697,1.11,381.908947481004,0.02227,catalog,2526561401.0744357,73479013.02257907,Selsis,-0.4835133963492148,-0.6201337020078606,linear,0.14723196276042913,0.5322256107671782,2.2285466704983552e+23,2.2285466704983552e+23
0.388,0.788,catalog,0.09,285.34846497492697,1.11,381.908947481004,0.02227,catalog,3215315335.831978,74859679.58674645,Selsis,-0.2971332545874739,-0.7063804627491949,log,0.47743024555555813,0.11313377717537887,4.6969314426646574e+23,4.6969314426646574e+23
0.388,0.788,catalog,0.09,285.34846497492697,1.11,93.30596798838785,0.02227,catalog,8243956100.827921,84263417.62581791,Jackson,-0.3256990402081973,-0.6714904627380202,GP,0.23100456900961894,0.47249626181821536,9.959417402457364e+23,9.959417402457364e+23
0.388,0.788,catalog,0.09,285.34846497492697,1.11,230.3689510605023,0.02227,catalog,3647752424.3535533,12971497.178152736,Jackson,-0.399626956919497,-0.7016069353991131,log,0.10258338667379484,0.23910953105475274,5.232890902317819e+23,5.232890902317819e+23
0.388,0.788,catalog,0.09,285.34846497492697,1.11,318.69053245890336,0.02227,catalog,4769658957.275035,57941443.97149296,Selsis,-0.36070411316991313,-0.7050602535513432,log,0.2640890037125608,0.6797415904344727,4.646039940218818e+23,4.646039940218818e+23
0.388,0.788,catalog,0.09,285.34846497492697,1.11,352.8145771824542,0.02227,catalog,4430666517.4954,78269882.62830453,Selsis,-0.468635634065539,-0.6063575457184802,linear,0.4342611611617651,0.5136429565894028,3.957165773915468e+23,3.957165773915468e+23
0.388,0.788,catalog,0.09,285.34846497492697,1.11,147.76962908311083,0.02227,catalog,8460950120.172479,16387955.126771491,Selsis,-0.28895205453157935,-0.6027534571744577,linear,0.051035852482199204,0.4317563077655575,1.2548397862441597e+24,1.2548397862441597e+24
0.388,0.788,catalog,0.09,285.34846497492697,1.11,386.3927780957505,0.02227,catalog,918452500.7030227,33722716.112457834,Selsis,-0.45567430999769354,-0.6082179681065449,GP,0.06967618162957749,0.7502326575928201,1.2431832185769821e+23,1.2431832185769821e+23
0.388,0.788,catalog,0.09,285.34846497492697,1.11,79.88997769300784,0.02227,catalog,9542498325.91019,26999567.655562863,Jackson,-0.33652591485257044,-0.7689241187223498,GP,0.3879672363056795,0.45356013207211443,9.465826544632593e+23,9.465826544632593e+23
0.388,0.788,catalog,0.09,285.34846497492697,1.11,383.8865446808519,0.02227,catalog,1082293733.9610703,84941960.04332346,Selsis,-0.4946013986298787,-0.7357710954794789,GP,0.3651443078382505,0.5018854101714104,8.380710169273755e+22,8.380710169273755e+22
0.388,0.788,catalog,0.09,285.34846497492697,1.11,244.92031116628326,0.02227,catalog,5785036221.7717905,43584045.38498028,Selsis,-0.4723912047064327,-0.7213813736987158,GP,0.2544682816785664,0.23611174544089242,3.71907521327787e+23,3.71907521327787e+23
0.388,0.788,catalog,0.09,285.34846497492697,1.11,412.7074797626492,0.02227,catalog,2214034233.8047934,74572627.3685838,Jackson,-0.4492455791383817,-0.7540429953330416,linear,0.11251981419476166,0.9169420056517352,6.790720967836561e+23,6.790720967836561e+23
0.388,0.788,catalog,0.09,285.34846497492697,1.11,692.8013283925312,0.02227,catalog,1440463052.220879,12153601.168324657,Jackson,-0.4033347893363684,-0.7227093317578077,GP,0.05471845652720334,0.8491698147329959,7.057074895662238e+23,7.057074895662238e+23
0.388,0.788,catalog,0.09,285.34846497492697,1.11,239.86931665658574,0.02227,catalog,3521569437.45297,80766168.73329476,Jackson,-0.3238255938389806,-0.7911832211650656,log,0.13304186733242065,0.45083936763528887,7.434848475006772e+23,7.434848475006772e+23
0.388,0.788,catalog,0.09,285.34846497492697,1.11,381.908947481004,0.02227,catalog,1874862996.888064,82301431.58152647,Selsis,-0.3224868924558054,-0.7522927454338966,linear,0.2269881407812517,0.5906104477230796,2.436984685078099e+23,2.436984685078099e+23
0.388,0.788,catalog,0.09,285.34846497492697,1.11,228.7077183966756,0.02227,catalog,3670860033.848899,41047223.27207163,Jackson,-0.4031031798338733,-0.7557552240728093,GP,0.08002448409683491,0.9285730697356565,8.594422393972632e+23,8.594422393972632e+23
0.388,0.788,catalog,0.09,285.34846497492697,1.11,168.0853293504632,0.02227,catalog,7669198767.648657,2910842.5632080813,Selsis,-0.3815462234650894,-0.7241831359701401,log,0.1902077923186655,0.31574656016633285,5.7055953712815954e+23,5.7055953712815954e+23
0.388,0.788,catalog,0.09,285.34846497492697,1.11,191.50083287844018,0.02227,catalog,4290199126.426466,45829245.24860832,Jackson,-0.49078000334340866,-0.7224268952021087,log,0.08738863722052412,0.25467268884734306,4.885050809282543e+23,4.885050809282543e+23
0.388,0.788,catalog,0.09,285.34846497492697,1.11,315.54419397908424,0.02227,catalog,4804197950.397085,29833854.616383318,Selsis,-0.29552094965558046,-0.6585117207511398,log,0.22392935463227137,0.9723201336007191,7.888435605339209e+23,7.888435605339209e+23
0.388,0.788,catalog,0.09,285.34846497492697,1.11,110.07745631872315,0.02227,catalog,7070457309.173773,30607208.722369086,Jackson,-0.4520540094111053,-0.6694230025182004,log,0.06684622756159878,0.7841834809006334,8.893466013332891e+23,8.893466013332891e+23
0.388,0.788,catalog,0.09,285.34846497492697,1.11,406.85016667536974,0.02227,catalog,2240835561.8492985,55143725.73858144,Jackson,-0.4936132286303598,-0.7019455571261792,linear,0.1476341782443,0.8699643545500032,6.832742214269295e+23,6.832742214269295e+23
0.388,0.788,catalog,0.09,285.34846497492697,1.11,88.83179429278445,0.02227,catalog,12600037043.407997,30676621.220470298,Selsis,-0.2865258171423462,-0.6559626899020542,GP,0.36847557310131057,0.4381588650958378,1.3772741733026503e+24,1.3772741733026503e+24
0.388,0.788,catalog,0.09,285.34846497492697,1.11,171.9565825457634,0.02227,catalog,4720041116.673302,89564566.6594464,Jackson,-0.3012280494530995,-0.6008274292448416,log,0.3177767949812136,0.4410790577099527,9.938984410467006e+23,9.938984410467006e+23
0.388,0.788,catalog,0.09,285.34846497492697,1.11,381.908947481004,0.02227,catalog,2048913920.364321,65766671.86184359,Selsis,-0.32500695952780184,-0.6347249175158994,linear,0.29719393207286704,0.31399948499325503,2.9188006911515765e+23,2.9188006911515765e+23
0.388,0.788,catalog,0.09,285.34846497492697,1.11,281.86122593167727,0.02227,catalog,5216853512.395151,78802610.70551081,Selsis,-0.3605142600935269,-0.7819485931469826,log,0.055008713862292745,0.9949873511995936,4.6610293871622424e+23,4.6610293871622424e+23
0.388,0.788,catalog,0.09,285.34846497492697,1.11,317.0680609078031,0.02227,catalog,2768614728.771702,14029048.25719124,Jackson,-0.422437788243425,-0.6062768105357267,linear,0.12243474535032456,0.2702014089345455,5.23972033297427e+23,5.23972033297427e+23
0.388,0.788,catalog,0.09,285.34846497492697,1.11,374.11748222823013,0.02227,catalog,4065155278.7502637,17233468.82066707,Selsis,-0.3467105182370932,-0.7819589577513351,GP,0.36696659158042605,0.5513698990317416,4.441841932436259e+23,4.441841932436259e+23
0.388,0.788,catalog,0.09,285.34846497492697,1.11,83.81794937086458,0.02227,catalog,9118507897.383364,84178948.83675465,Jackson,-0.4938245540774496,-0.6709383260201186,linear,0.09331048465419811,0.7370896408453487,8.234189888570137e+23,8.234189888570137e+23
0.388,0.788,catalog,0.09,285.34846497492697,1.11,166.5083532642708,0.02227,catalog,7724285993.094727,91546444.7426335,Selsis,-0.37155315217155593,-0.7873191923129647,log,0.05917671983318121,0.8321790088938491,5.4841154443710684e+23,5.4841154443710684e+23
