,pl_mass,st_mass,pl_teff,pl_insol,pl_XUV_flux,pl_orbsmax,st_age,pl_form_yr,x-ray-model,euv_gamma1,euv_gamma2,co2_fit,ch4_eta,C_loss,N2O2_frac,CH4_epsilon
0,1.755692699724518,0.29,1072.0,211.2642294708618,7653.977963330773,0.0071,4625756048.447876,53982354.17289864,Selsis,-0.38213276740543656,-0.7547144108300934,linear,0.12184808443600197,2.675336033461163e+24,0.6330143751754228,0.12184808443600197
1,1.755692699724518,0.29,1072.0,211.2642294708618,4987.791800391363,0.0071,3554479428.2128882,37373308.81804485,Jackson,-0.36105509377533795,-0.7446934310001339,GP,0.4580748028513109,5.686220643807134e+24,0.9046668788300519,0.4580748028513109
2,1.755692699724518,0.29,1072.0,211.2642294708618,8628.372038307023,0.0071,2129519082.2240086,29421742.344002876,Jackson,-0.4063821351811516,-0.6886388548770357,log,0.3625526793042346,3.428532615267479e+24,0.9865371964091719,0.3625526793042346
3,1.755692699724518,0.29,1072.0,211.2642294708618,17592.761722235547,0.0071,2466280917.873996,74559699.69936167,Selsis,-0.28411960898112876,-0.6709127684022624,linear,0.06149272604216388,2.079886482826245e+24,0.7386094108686966,0.06149272604216388
4,1.755692699724518,0.29,1072.0,211.2642294708618,15536.640527473002,0.0071,2700333097.5318937,49902325.728819385,Selsis,-0.37695235208683875,-0.649734092732019,log,0.3056244718027276,6.338938287152721e+24,0.5964331705221531,0.3056244718027276
5,1.755692699724518,0.29,1072.0,211.2642294708618,4987.02013588467,0.0071,6527086524.04981,50143514.271756604,Selsis,-0.33324374079669933,-0.7786007461466798,log,0.3723046380258537,1.1529552307178894e+25,0.6463388414990683,0.3723046380258537
6,1.755692699724518,0.29,1072.0,211.2642294708618,13226.098548966766,0.0071,1453063554.4849174,38746369.83340022,Jackson,-0.35519676830373637,-0.6309380179675242,linear,0.05714693335614211,6.138757633398663e+23,0.44794849198366304,0.05714693335614211
7,1.755692699724518,0.29,1072.0,211.2642294708618,8370.13166818314,0.0071,2189342756.348726,7083678.633252712,Jackson,-0.3573542340422378,-0.7819527198214468,log,0.0834696676485031,9.926661722897438e+23,0.0007076935407978047,0.0834696676485031
8,1.755692699724518,0.29,1072.0,211.2642294708618,3355.471269782126,0.0071,5252355887.905409,98883613.9810354,Jackson,-0.48334511748176656,-0.6183101495207626,log,0.15406697385980175,1.8229315500414033e+24,0.2591300569420246,0.15406697385980175
9,1.755692699724518,0.29,1072.0,211.2642294708618,10229.24997444033,0.0071,3688316094.9701657,91173838.41927569,Selsis,-0.39000908889867725,-0.6485012626668678,GP,0.05298452289616712,1.1446349448764481e+24,0.2054115515330468,0.05298452289616712
10,1.755692699724518,0.29,1072.0,211.2642294708618,54756.94774954701,0.0071,999961625.4744155,68099472.14217389,Selsis,-0.34401377701222957,-0.6881964107027738,log,0.17845705237767037,2.0468735989901873e+24,0.4778984951682671,0.17845705237767037
11,1.755692699724518,0.29,1072.0,211.2642294708618,9826.791497922059,0.0071,3804494614.1388206,24367669.430578414,Selsis,-0.32285430251711583,-0.671018866201531,log,0.2470498955217181,7.72238156753222e+24,0.3744724648653559,0.2470498955217181
12,1.755692699724518,0.29,1072.0,211.2642294708618,16517.64088652791,0.0071,1196735613.5278175,16068412.666063836,Jackson,-0.39795642241152135,-0.6779427216967959,log,0.08546979656264396,7.102553083425055e+23,0.3291466815236056,0.08546979656264396
13,1.755692699724518,0.29,1072.0,211.2642294708618,5533.849353029575,0.0071,3218618696.860023,52964626.11590339,Jackson,-0.29624244287987417,-0.689247355122829,log,0.10094919305087606,1.9201612566661047e+24,0.7986904102023346,0.10094919305087606
14,1.755692699724518,0.29,1072.0,211.2642294708618,3477.652599758317,0.0071,8822753257.33475,74840444.61888996,Selsis,-0.44974803178150274,-0.7344279297007468,linear,0.16095910075463168,3.3501189987967904e+24,0.20164208247263382,0.16095910075463168
15,1.755692699724518,0.29,1072.0,211.2642294708618,19560.702706095693,0.0071,2282821521.821984,42460096.078368165,Selsis,-0.3125545059802861,-0.6947529177448338,linear,0.14628470614903777,3.857985565885334e+24,0.4739537604895555,0.14628470614903777
16,1.755692699724518,0.29,1072.0,211.2642294708618,2755.731307815988,0.0071,6421262871.648395,86370478.58349,Jackson,-0.28070187078305286,-0.7901518263436599,GP,0.3181855381207061,7.722982490165339e+24,0.37351718363223163,0.3181855381207061
17,1.755692699724518,0.29,1072.0,211.2642294708618,10696.240763658696,0.0071,3563691567.2594543,33229754.692481343,Selsis,-0.36852374809943816,-0.7769057292463357,GP,0.3831086234943974,8.383434225458785e+24,0.03955219030703683,0.3831086234943974
18,1.755692699724518,0.29,1072.0,211.2642294708618,2858.5964314645416,0.0071,6183222697.109011,93855882.98095736,Jackson,-0.48539810804066275,-0.6846536831011721,GP,0.2175678066752104,2.1722807855022562e+24,0.01791572889646964,0.2175678066752104
19,1.755692699724518,0.29,1072.0,211.2642294708618,25190.777304863313,0.0071,1902332351.536568,28655343.960338578,Selsis,-0.28333647595653966,-0.6179696784287155,linear,0.170801578183253,5.672998538223838e+24,0.8514124536255523,0.170801578183253
20,1.755692699724518,0.29,1072.0,211.2642294708618,8460.745139054237,0.0071,4274855256.777638,49706437.74448884,Selsis,-0.3621844684887038,-0.6358151062348613,linear,0.49613041330928337,1.3280867844040893e+25,0.22862183976124806,0.49613041330928337
21,1.755692699724518,0.29,1072.0,211.2642294708618,4603.698592667438,0.0071,6971440142.06836,40294179.782020494,Selsis,-0.4881814792601967,-0.7288294842082911,GP,0.19614274144768476,3.790022464626107e+24,0.7473439300303448,0.19614274144768476
22,1.755692699724518,0.29,1072.0,211.2642294708618,18280.37925349185,0.0071,2398154463.556686,29482912.250876084,Selsis,-0.48880394655018766,-0.7842579844558768,log,0.05303143291188876,7.544117416202858e+23,0.7547119783714118,0.05303143291188876
23,1.755692699724518,0.29,1072.0,211.2642294708618,21423.869452853098,0.0071,2137213667.1458967,16156211.942549912,Selsis,-0.3610472934951856,-0.7081125140899018,linear,0.10695642980618685,2.118718688357973e+24,0.7256774539653177,0.10695642980618685
24,1.755692699724518,0.29,1072.0,211.2642294708618,2966.092101918244,0.0071,5953430950.147252,86304252.40934414,Jackson,-0.3145459359386622,-0.6469734721158158,GP,0.1206260354866214,2.43779593941754e+24,0.4364595217736632,0.1206260354866214
25,1.755692699724518,0.29,1072.0,211.2642294708618,34763.749682354704,0.0071,1515924732.3792965,81311036.02280489,Selsis,-0.4706424090506942,-0.6189207461573499,log,0.1517159344753373,1.9536249985262628e+24,0.49068771559520363,0.1517159344753373
26,1.755692699724518,0.29,1072.0,211.2642294708618,16810.76410764198,0.0071,2549278766.120456,90353446.70252973,Selsis,-0.44797912617192215,-0.6398714871904586,GP,0.0721298220704191,1.1997760299667837e+24,0.9791744426582949,0.0721298220704191
27,1.755692699724518,0.29,1072.0,211.2642294708618,9322.670792424844,0.0071,1985048254.0336177,84735111.45118901,Jackson,-0.3913691877753591,-0.7375062728381192,linear,0.1239480250451662,1.0394010312660086e+24,0.8000215316513597,0.1239480250451662
28,1.755692699724518,0.29,1072.0,211.2642294708618,2427.4752886610745,0.0071,7328377956.961377,76936803.1759382,Jackson,-0.43046108025813223,-0.6070708244125043,GP,0.09560669244157072,1.4639679821888492e+24,0.46858236170198975,0.09560669244157072
29,1.755692699724518,0.29,1072.0,211.2642294708618,11643.911875716809,0.0071,3342755139.039108,61899261.439873785,Selsis,-0.40460827305762753,-0.6577028252449765,GP,0.3333653699854325,6.683442100018178e+24,0.46969836827628364,0.3333653699854325
30,1.755692699724518,0.29,1072.0,211.2642294708618,15609.874548150574,0.0071,2691051053.4138594,9792111.931321751,Selsis,-0.49884821433673066,-0.6822875965217757,log,0.06545265784344964,1.0782283454926241e+24,0.4449928422391136,0.06545265784344964
31,1.755692699724518,0.29,1072.0,211.2642294708618,13130.879081675901,0.0071,3056641544.0407515,10830279.685604336,Selsis,-0.3619884539920224,-0.7248494935036034,log,0.150699198492321,3.436692582008285e+24,0.8350783891972758,0.150699198492321
32,1.755692699724518,0.29,1072.0,211.2642294708618,5990.147856141497,0.0071,2986093768.6006713,83741976.91456342,Jackson,-0.3431357793400276,-0.7774482366196027,linear,0.12102307057880665,1.455988635810538e+24,0.9924989521120126,0.12102307057880665
33,1.755692699724518,0.29,1072.0,211.2642294708618,5202.368783298921,0.0071,6305161280.559133,11930214.178010713,Selsis,-0.3804221491198479,-0.6678930506421499,log,0.2802763403011934,7.671009752765956e+24,0.2102432254803278,0.2802763403011934
34,1.755692699724518,0.29,1072.0,211.2642294708618,2277.1925370682084,0.0071,7839673239.556909,90191235.14853895,Jackson,-0.44971366380801925,-0.6796609377217769,GP,0.28677847656740346,3.28658092199617e+24,0.9836203051648315,0.28677847656740346
35,1.755692699724518,0.29,1072.0,211.2642294708618,20238.143907672576,0.0071,2227108569.6900253,69781107.03374086,Selsis,-0.296023186855684,-0.7302473711995261,log,0.08083107887462833,2.2941691634650527e+24,0.4242441537690026,0.08083107887462833
36,1.755692699724518,0.29,1072.0,211.2642294708618,13465.593832127548,0.0071,1430311788.6253405,94715038.2915783,Jackson,-0.3978532421987035,-0.7314933829218335,log,0.41470104418140064,2.946725631491814e+24,0.5505172896524481,0.41470104418140064
37,1.755692699724518,0.29,1072.0,211.2642294708618,2336.3778494742533,0.0071,7629698567.464919,88461770.25268124,Jackson,-0.4310795614223763,-0.7068723320788475,GP,0.09680533177396261,1.0884703551183898e+24,0.2991694244597124,0.09680533177396261
38,1.755692699724518,0.29,1072.0,211.2642294708618,8638.456015889537,0.0071,4205834652.5454073,78378301.0195813,Selsis,-0.43982873384365184,-0.7644740610122647,log,0.0590866367662263,1.036659245429745e+24,0.8868066985294305,0.0590866367662263
39,1.755692699724518,0.29,1072.0,211.2642294708618,7146.8975336655285,0.0071,4884221688.590028,27914223.276649095,Selsis,-0.3795117488602544,-0.6448740013572185,linear,0.27249128348861634,7.108699060185143e+24,0.8508750198452117,0.27249128348861634
40,1.755692699724518,0.29,1072.0,211.2642294708618,3948.3477383888035,0.0071,7923529642.505294,75886354.7268256,Selsis,-0.3978297984156684,-0.6242086982745745,linear,0.050294321288808556,1.4327720274239488e+24,0.664547874453306,0.050294321288808556
41,1.755692699724518,0.29,1072.0,211.2642294708618,13984.212738465527,0.0071,2917584744.436415,14798098.792214284,Selsis,-0.29404313366631535,-0.7010902014158116,linear,0.19935384016490967,7.025026165939188e+24,0.3084949772590386,0.19935384016490967
42,1.755692699724518,0.29,1072.0,211.2642294708618,6669.953509925532,0.0071,5160118214.420131,82372004.17393382,Selsis,-0.410471443821099,-0.7481540153011501,GP,0.36809377747038974,7.388533802826145e+24,0.9279765933655455,0.36809377747038974
43,1.755692699724518,0.29,1072.0,211.2642294708618,7071.912687865594,0.0071,2556521086.6933775,38163687.33827702,Jackson,-0.4843006672353207,-0.6131290270536558,log,0.05618395611746383,5.7787810108606064e+23,0.7303803925229654,0.05618395611746383
44,1.755692699724518,0.29,1072.0,211.2642294708618,7988.697968876916,0.0071,4472105610.39217,29549361.627495777,Selsis,-0.3711936291224532,-0.6425003994488095,GP,0.0748523507154475,1.9701051887036e+24,0.8813610568295417,0.0748523507154475
45,1.755692699724518,0.29,1072.0,211.2642294708618,7303.987843407734,0.0071,2481120444.579346,54619241.20263902,Jackson,-0.4538240748579096,-0.6441598677492678,log,0.16389199179253627,1.5188363080849033e+24,0.29363036161831857,0.16389199179253627
46,1.755692699724518,0.29,1072.0,211.2642294708618,8652.341631115665,0.0071,4200553319.5127826,64866067.11768593,Selsis,-0.3426116690814047,-0.7148079984906001,GP,0.16411444546095283,4.3257579034154695e+24,0.9353963017769551,0.16411444546095283
47,1.755692699724518,0.29,1072.0,211.2642294708618,7782.633814714127,0.0071,4565229361.86753,95198189.45294005,Selsis,-0.3073498969845949,-0.7464415929272287,linear,0.29236007526902447,9.730935046925216e+24,0.17684431832190162,0.29236007526902447
48,1.755692699724518,0.29,1072.0,211.2642294708618,3626.033774668276,0.0071,4859204801.571635,64224014.908070885,Jackson,-0.3614690259401704,-0.6493197231057635,linear,0.1090020175295246,1.6070303346369051e+24,0.4461277006459695,0.1090020175295246
49,1.755692699724518,0.29,1072.0,211.2642294708618,12631.276901450201,0.0071,3145929615.502448,2239055.0844413918,Selsis,-0.4561390006814845,-0.7956481858728893,linear,0.07799768609575089,1.3599559750382385e+24,0.12326180132369036,0.07799768609575089
50,1.755692699724518,0.29,1072.0,211.2642294708618,8876.448211783014,0.0071,4117451806.74423,13335936.399025174,Selsis,-0.44598093409572587,-0.7182619962310169,GP,0.07538837243163704,1.4404440084162235e+24,0.9372238565150549,0.07538837243163704
51,1.755692699724518,0.29,1072.0,211.2642294708618,19070.568947256106,0.0071,2325332699.778778,21943796.765868135,Selsis,-0.3504268154223299,-0.7420659225810883,GP,0.48802511716039715,1.0285982926680442e+25,0.6677094717608374,0.48802511716039715
52,1.755692699724518,0.29,1072.0,211.2642294708618,3105.3287652882555,0.0071,5681116865.5121565,89432838.63888387,Jackson,-0.30358366442599877,-0.6706088674013679,log,0.45019064558821364,9.340383146953851e+24,0.9660149769398793,0.45019064558821364
53,1.755692699724518,0.29,1072.0,211.2642294708618,1883.7698423091997,0.0071,9611743127.95527,84796177.28473362,Jackson,-0.32058816730615514,-0.6562130645329021,log,0.08415940396295253,1.8376277067857735e+24,0.3175744434634662,0.08415940396295253
54,1.755692699724518,0.29,1072.0,211.2642294708618,6477.156513892818,0.0071,2774692878.2684793,21043702.118127685,Jackson,-0.31249481632621534,-0.7205414574273031,linear,0.05663046369495253,9.42379328656278e+23,0.0036011701931027984,0.05663046369495253
55,1.755692699724518,0.29,1072.0,211.2642294708618,7265.92224172631,0.0071,4820502451.151101,18908590.000428293,Selsis,-0.2817521720407886,-0.7944509756830748,log,0.36703291871025673,1.6391363007409274e+25,0.12756574127343612,0.36703291871025673
56,1.755692699724518,0.29,1072.0,211.2642294708618,7347.429759122975,0.0071,4777991550.759214,73963678.32545575,Selsis,-0.30989542332883485,-0.7140778888091809,GP,0.12614209340973165,4.2907072182757114e+24,0.31169980373237194,0.12614209340973165
57,1.755692699724518,0.29,1072.0,211.2642294708618,7102.147119054293,0.0071,4908699505.395329,13289101.0568425,Selsis,-0.4482300394708383,-0.6760704797098123,log,0.06747252677680145,1.416693605906468e+24,0.4568158742756637,0.06747252677680145
58,1.755692699724518,0.29,1072.0,211.2642294708618,3396.2898367690627,0.0071,5188765499.663306,12801044.969405627,Jackson,-0.4093226801146282,-0.7477884663900058,GP,0.05368316367259038,6.300317900366661e+23,0.3073788451597883,0.05368316367259038
59,1.755692699724518,0.29,1072.0,211.2642294708618,12383.581981015055,0.0071,1539921037.9456234,12403687.194980102,Jackson,-0.3081801285474188,-0.7884813408895711,log,0.24981003893107712,3.565324371700484e+24,0.5356315139569305,0.24981003893107712
60,1.755692699724518,0.29,1072.0,211.2642294708618,46857.81781941793,0.0071,1233299262.1836524,40290795.04065429,Selsis,-0.4887239783774584,-0.7349370207910242,linear,0.149253262155061,1.458826844789037e+24,0.253862691546374,0.149253262155061
61,1.755692699724518,0.29,1072.0,211.2642294708618,3071.5977786651956,0.0071,9816308333.448912,97080457.67262399,Selsis,-0.31882358727386206,-0.6584919521040014,log,0.354778405051571,1.421936015582193e+25,0.11896588502158167,0.354778405051571
62,1.755692699724518,0.29,1072.0,211.2642294708618,32612.601976832764,0.0071,672025658.383566,84407676.65667693,Jackson,-0.3728638834118501,-0.7333169725512828,log,0.31254625969859867,1.6031537896568016e+24,0.8333757194954845,0.31254625969859867
63,1.755692699724518,0.29,1072.0,211.2642294708618,1971.3506222659933,0.0071,9149005548.541098,91485024.14090759,Jackson,-0.4814459382482526,-0.7527680111805184,linear,0.1493829910764062,1.4652482913606915e+24,0.6463254093683509,0.1493829910764062
64,1.755692699724518,0.29,1072.0,211.2642294708618,4754.850424369125,0.0071,3722595220.7411146,75757276.76843028,Jackson,-0.49046411959131336,-0.693016193446422,linear,0.15127083477881662,1.3137964997840004e+24,0.4669354553580861,0.15127083477881662
65,1.755692699724518,0.29,1072.0,211.2642294708618,1727.075834728933,0.0071,10572153701.917086,12001193.137438485,Jackson,-0.46340934197863864,-0.7816504485342114,linear,0.12387322637351926,1.41483637791565e+24,0.9654676956145442,0.12387322637351926
66,1.755692699724518,0.29,1072.0,211.2642294708618,6687.8544245123785,0.0071,2692911923.7485332,95071190.15883563,Jackson,-0.3155728398806949,-0.7739799363055565,GP,0.08692936006222206,1.2101305686247638e+24,0.15119723465959056,0.08692936006222206
67,1.755692699724518,0.29,1072.0,211.2642294708618,5661.363952168472,0.0071,5886309468.6271925,76894693.56969203,Selsis,-0.3179213066104997,-0.7488007750109462,linear,0.17208267845820133,5.734437236604081e+24,0.6549877552558304,0.17208267845820133
68,1.755692699724518,0.29,1072.0,211.2642294708618,14041.537433772764,0.0071,2908793170.8847647,40541341.56887506,Selsis,-0.3982849178473024,-0.6221749289580403,log,0.09513642795394975,2.0299351217528504e+24,0.9198949016359024,0.09513642795394975
69,1.755692699724518,0.29,1072.0,211.2642294708618,12109.644190577423,0.0071,3246273279.3983245,72479456.67355624,Selsis,-0.297277853415806,-0.7267217439261013,GP,0.16984482387970068,5.597300378660126e+24,0.45045527882846825,0.16984482387970068
70,1.755692699724518,0.29,1072.0,211.2642294708618,15110.723149402475,0.0071,2755919926.989555,91521338.40801786,Selsis,-0.47042859558691313,-0.6966411510565608,log,0.4609014933002308,6.991568512851519e+24,0.7535685743888508,0.4609014933002308
71,1.755692699724518,0.29,1072.0,211.2642294708618,17554.178018766957,0.0071,1135329849.5185058,39197045.932054915,Jackson,-0.31697500013047053,-0.7097003507632346,GP,0.09798987840492951,1.0780254314653009e+24,0.4238616514600969,0.09798987840492951
72,1.755692699724518,0.29,1072.0,211.2642294708618,25941.058747371855,0.0071,1862847075.2181573,53631828.45907382,Selsis,-0.35470221695263715,-0.6609227184143515,GP,0.12573571007968123,2.3516261224844193e+24,0.6751789210716402,0.12573571007968123
73,1.755692699724518,0.29,1072.0,211.2642294708618,8125.323900707883,0.0071,2249559131.593838,73785866.32843593,Jackson,-0.28906152781412925,-0.7013526171002588,linear,0.46405399068178077,7.9979663257281e+24,0.0501560157595925,0.46405399068178077
74,1.755692699724518,0.29,1072.0,211.2642294708618,10107.04418350663,0.0071,3722686171.3652077,8837617.706158215,Selsis,-0.46447968253131433,-0.7366600939870029,log,0.24523437807093035,4.409394794097869e+24,0.38133908827834995,0.24523437807093035
75,1.755692699724518,0.29,1072.0,211.2642294708618,7840.141966431733,0.0071,2324447583.463042,23052568.051565956,Jackson,-0.3500567175471899,-0.6701224990222946,GP,0.05852871114486109,7.508872507701232e+23,0.8180872169524934,0.05852871114486109
76,1.755692699724518,0.29,1072.0,211.2642294708618,16428.953646221926,0.0071,1202337029.1701422,33498628.82003972,Jackson,-0.3706126132763709,-0.7509414453316822,log,0.3805524376599695,3.1282386509716314e+24,0.8444918148264946,0.3805524376599695
77,1.755692699724518,0.29,1072.0,211.2642294708618,7228.006973581216,0.0071,4840585336.504418,54274907.333357036,Selsis,-0.30071196332571726,-0.6528264872263874,GP,0.06202348013416974,2.428737971468563e+24,0.7228230741485363,0.06202348013416974
78,1.755692699724518,0.29,1072.0,211.2642294708618,3244.037115150533,0.0071,9364287636.530334,40374573.90424437,Selsis,-0.4339581886011847,-0.6183042660609191,log,0.43999338050465,1.2549260828008479e+25,0.28573956419831914,0.43999338050465
79,1.755692699724518,0.29,1072.0,211.2642294708618,54748.44604738705,0.0071,991615853.5131719,43643857.9404481,Selsis,-0.3300179623333268,-0.7973143461107609,GP,0.22837035109649403,2.8510478613804075e+24,0.9880632680536503,0.22837035109649403
80,1.755692699724518,0.29,1072.0,211.2642294708618,44741.23596084251,0.0071,1273076565.7223601,60967337.30238726,Selsis,-0.41020172551275697,-0.6913036257637162,log,0.12220459647362265,1.3854839744784476e+24,0.007612499733341771,0.12220459647362265
81,1.755692699724518,0.29,1072.0,211.2642294708618,6445.981905235504,0.0071,2787253415.3491592,19353282.26373917,Jackson,-0.4412174712995801,-0.6280127275578522,log,0.07114367941498739,7.907553282956098e+23,0.27753990010426566,0.07114367941498739
82,1.755692699724518,0.29,1072.0,211.2642294708618,7759.220123149554,0.0071,4576104017.555953,85226099.45522127,Selsis,-0.3811086652567712,-0.7989826976797993,linear,0.11051015677942037,2.3369421973624837e+24,0.23702532059037518,0.11051015677942037
83,1.755692699724518,0.29,1072.0,211.2642294708618,2388.556550308369,0.0071,7454029664.671979,31898052.840722244,Jackson,-0.34330062246697973,-0.7744474913629847,log,0.10886397650886322,1.7915229069861415e+24,0.19833891572479778,0.10886397650886322
84,1.755692699724518,0.29,1072.0,211.2642294708618,15421.66292418766,0.0071,1270299781.559033,91743171.02633044,Jackson,-0.4742548558165341,-0.7957204163564633,log,0.3021697316384556,1.6752937679185463e+24,0.2410352870237279,0.3021697316384556
85,1.755692699724518,0.29,1072.0,211.2642294708618,9816.052579482486,0.0071,3807715564.718139,85778451.85609396,Selsis,-0.4896559031012415,-0.7815185125886659,GP,0.42089039985268684,6.572163545116608e+24,0.3492729305892316,0.42089039985268684
86,1.755692699724518,0.29,1072.0,211.2642294708618,6361.165828227088,0.0071,2822058931.5618153,52555131.86787773,Jackson,-0.30544192695527655,-0.615301680174426,GP,0.051793929467114044,9.74241257634971e+23,0.8370207055655001,0.051793929467114044
87,1.755692699724518,0.29,1072.0,211.2642294708618,9160.222297506754,0.0071,4017677867.250095,23203964.686143015,Selsis,-0.36558481579421037,-0.7612980093571422,linear,0.24753223163479338,5.804456286397684e+24,0.946990846769539,0.24753223163479338
88,1.755692699724518,0.29,1072.0,211.2642294708618,2694.5401488279467,0.0071,6572204553.622133,69159151.99260771,Jackson,-0.3099099476588819,-0.7002601802033844,GP,0.2766093743071767,5.613134162820424e+24,0.145967627750063,0.2766093743071767
89,1.755692699724518,0.29,1072.0,211.2642294708618,10476.749238191134,0.0071,3620986025.066385,66870552.90105232,Selsis,-0.34475717090770064,-0.6175414908588964,GP,0.13993425138454793,3.9423303661363097e+24,0.31561637211568416,0.13993425138454793
90,1.755692699724518,0.29,1072.0,211.2642294708618,5736.200895837754,0.0071,3110839695.557314,92064952.13901566,Jackson,-0.41182797185076236,-0.757515609648151,log,0.05157080964473482,4.557754221248007e+23,0.8691114508304731,0.05157080964473482
91,1.755692699724518,0.29,1072.0,211.2642294708618,9523.897428066284,0.0071,3897926736.39289,43478097.26077515,Selsis,-0.4077233444652597,-0.6770515942729151,linear,0.1788089123777948,3.6907728588043165e+24,0.38724818605223355,0.1788089123777948
92,1.755692699724518,0.29,1072.0,211.2642294708618,18952.645729418025,0.0071,2335854210.241423,12000803.952186957,Selsis,-0.3138136538530301,-0.6061160892650465,log,0.3850104913601309,1.1927720286501627e+25,0.9441552714624665,0.3850104913601309
93,1.755692699724518,0.29,1072.0,211.2642294708618,8029.3197844016495,0.0071,4454277581.127463,71783328.54989018,Selsis,-0.29450663356067325,-0.732116675981163,GP,0.13853234356786082,5.192512192157497e+24,0.7629110773372971,0.13853234356786082
94,1.755692699724518,0.29,1072.0,211.2642294708618,1722.5026515601771,0.0071,10603151325.486712,59383573.48123037,Jackson,-0.4745258591494361,-0.6713034973219006,GP,0.1599795035244203,2.0028281476536926e+24,0.8223124428592399,0.1599795035244203
95,1.755692699724518,0.29,1072.0,211.2642294708618,19274.874153220637,0.0071,2307377204.237127,14112219.825776566,Selsis,-0.34479278968592997,-0.7007597790358787,linear,0.2291586939306195,5.157602044096959e+24,0.5533914068241392,0.2291586939306195
96,1.755692699724518,0.29,1072.0,211.2642294708618,8782.492022981784,0.0071,2095486999.0639975,87666942.01081023,Jackson,-0.3999664090320432,-0.7936466407653859,log,0.2090525744245142,1.6793829462162155e+24,0.6069469745131608,0.2090525744245142
97,1.755692699724518,0.29,1072.0,211.2642294708618,17182.877710382196,0.0071,2508977330.836026,58654438.819718,Selsis,-0.3774365801273429,-0.7815297755662693,linear,0.4653674982957686,8.380381507575673e+24,0.6466556224041011,0.4653674982957686
98,1.755692699724518,0.29,1072.0,211.2642294708618,20707.717341279673,0.0071,985097019.8788742,91341435.56766042,Jackson,-0.4406592058449401,-0.7093428006737342,log,0.22234605875702382,1.2029673750786008e+24,0.8657893023174501,0.22234605875702382
99,1.755692699724518,0.29,1072.0,211.2642294708618,6372.341781192087,0.0071,2817418921.4468217,70939317.7215835,Jackson,-0.487567348451224,-0.6361325448677139,GP,0.4526649026974703,4.191077719283136e+24,0.4866746209738013,0.4526649026974703
100,1.755692699724518,0.29,1072.0,211.2642294708618,10041.963757210215,0.0071,1856305613.044247,2960771.0693352544,Jackson,-0.48150735525018873,-0.7932786184406196,linear,0.0669920188185397,5.424969082314927e+23,0.8390732598176002,0.0669920188185397
101,1.755692699724518,0.29,1072.0,211.2642294708618,3320.5221740911757,0.0071,5308125297.502351,67617295.27037653,Jackson,-0.4566943892600188,-0.6049768599984748,GP,0.1392616675921686,1.8749601012837734e+24,0.1580576577954691,0.1392616675921686
102,1.755692699724518,0.29,1072.0,211.2642294708618,10810.138048305163,0.0071,1737556817.3709083,70351055.9510027,Jackson,-0.4427970714549135,-0.7279501936867173,GP,0.08610146176406783,6.120038674367171e+23,0.3919542162667946,0.08610146176406783
103,1.755692699724518,0.29,1072.0,211.2642294708618,4220.4741557079915,0.0071,4181386609.7585893,22958414.307893157,Jackson,-0.48269033848096227,-0.7475778121806989,log,0.08495904959394765,7.815898556199174e+23,0.8457440810213477,0.08495904959394765
104,1.755692699724518,0.29,1072.0,211.2642294708618,2954.841413181778,0.0071,5976639174.601118,51781028.86114459,Jackson,-0.33990752241447203,-0.609855461548966,GP,0.05394070068492469,1.0673482161933856e+24,0.00950772856522375,0.05394070068492469
105,1.755692699724518,0.29,1072.0,211.2642294708618,2809.11872592129,0.0071,10610376643.00097,72362293.36011098,Selsis,-0.36978309397449627,-0.640357883912427,GP,0.06337890624451868,2.0575539098633413e+24,0.23922347051185866,0.06337890624451868
106,1.755692699724518,0.29,1072.0,211.2642294708618,2555.711642067885,0.0071,6943823790.361339,77820702.1485305,Jackson,-0.4915569609930032,-0.6476723865033168,linear,0.4759565257473574,5.513212138950523e+24,0.5295686894935471,0.4759565257473574
107,1.755692699724518,0.29,1072.0,211.2642294708618,3475.7611173768423,0.0071,8826849166.012476,80242200.1954278,Selsis,-0.4367199211058018,-0.6289122034226768,GP,0.48246672128293344,1.2651277152013625e+25,0.19887137476689642,0.48246672128293344
108,1.755692699724518,0.29,1072.0,211.2642294708618,3954.990634917702,0.0071,4457650008.473906,90239808.2972251,Jackson,-0.3245618413149035,-0.7006895796987577,GP,0.36507680489292255,5.83978617677962e+24,0.7163772753508018,0.36507680489292255
109,1.755692699724518,0.29,1072.0,211.2642294708618,2248.017635167945,0.0071,7947657917.949152,6057396.984350017,Jackson,-0.35683985606463964,-0.7328823433316659,linear,0.13939232625615744,2.360542012300526e+24,0.5278279524064529,0.13939232625615744
110,1.755692699724518,0.29,1072.0,211.2642294708618,6449.684722489588,0.0071,5300286864.774004,21216002.09583904,Selsis,-0.4963768639385093,-0.6554928752851245,linear,0.3335408886157845,6.901969559948888e+24,0.8429341851200909,0.3335408886157845
111,1.755692699724518,0.29,1072.0,211.2642294708618,10936.546014296106,0.0071,3503565361.4849744,59394666.8889527,Selsis,-0.2832714857559472,-0.6512278502093913,GP,0.11263058872058676,4.562141803999076e+24,0.29238288130643264,0.11263058872058676
112,1.755692699724518,0.29,1072.0,211.2642294708618,2614.763771772496,0.0071,6780513533.272256,95304551.589796,Jackson,-0.31971948720342824,-0.7791647977187832,GP,0.21875926980013632,3.8422268990507905e+24,0.07986943639254429,0.21875926980013632
113,1.755692699724518,0.29,1072.0,211.2642294708618,1808.3599644015658,0.0071,10050588492.97189,8090117.864346242,Jackson,-0.32061841190022905,-0.6253837196599973,linear,0.3705635138987491,9.776683001168379e+24,0.32497091049713156,0.3705635138987491
114,1.755692699724518,0.29,1072.0,211.2642294708618,3722.3405572788806,0.0071,8327453866.755683,62104267.11298293,Selsis,-0.2830396357774487,-0.6190123295433081,log,0.09100343263851339,4.989397805845846e+24,0.008361480194122084,0.09100343263851339
115,1.755692699724518,0.29,1072.0,211.2642294708618,6524.321844478763,0.0071,2755920917.643243,78345326.28128134,Jackson,-0.38648287917392804,-0.7095229581569454,log,0.45311208936079417,4.4755425068170234e+24,0.05590206321960034,0.45311208936079417
116,1.755692699724518,0.29,1072.0,211.2642294708618,2583.8977884397113,0.0071,6864861842.520113,58093526.75586316,Jackson,-0.4967635396280564,-0.7924183875880112,linear,0.17247120383434544,1.5624046831603676e+24,0.36252170752725577,0.17247120383434544
117,1.755692699724518,0.29,1072.0,211.2642294708618,5305.382942943638,0.0071,6205122164.535412,20779311.741993546,Selsis,-0.2832524920656601,-0.633335968406084,log,0.24924835722165437,1.281425682551864e+25,0.24387900965612763,0.24924835722165437
118,1.755692699724518,0.29,1072.0,211.2642294708618,8660.565788331181,0.0071,4197432757.559154,75182475.23849423,Selsis,-0.3246382127229915,-0.7252374251853543,GP,0.0547966223527361,1.5979988558931769e+24,0.32511852472332026,0.0547966223527361
119,1.755692699724518,0.29,1072.0,211.2642294708618,10119.357090049321,0.0071,1843533585.881624,76191744.55875944,Jackson,-0.3173821044289457,-0.7265231438778873,log,0.3993156008650945,4.986021989796035e+24,0.9637602292649199,0.3993156008650945
120,1.755692699724518,0.29,1072.0,211.2642294708618,5495.762439788246,0.0071,6029707047.766795,14486789.343649505,Selsis,-0.467517242883468,-0.7987574248903384,linear,0.12593337944890245,2.4085878569838941e+24,0.9506603704652551,0.12593337944890245
121,1.755692699724518,0.29,1072.0,211.2642294708618,4423.448447496833,0.0071,7206003525.627373,36861797.50775516,Selsis,-0.29060142618523244,-0.6016329979423312,linear,0.3396825296588975,1.783409563007379e+25,0.6512126007742659,0.3396825296588975
122,1.755692699724518,0.29,1072.0,211.2642294708618,7363.062881576042,0.0071,2462726162.256337,83305735.75912192,Jackson,-0.28698906007948743,-0.617642814684498,GP,0.10893645137755074,2.1392374971814935e+24,0.7958140116937003,0.10893645137755074
123,1.755692699724518,0.29,1072.0,211.2642294708618,6915.0327521943445,0.0071,5014101772.355258,68291889.24092092,Selsis,-0.44205490517068896,-0.6679470906262897,log,0.06664355685361478,1.358551638270235e+24,0.9163971691232357,0.06664355685361478
124,1.755692699724518,0.29,1072.0,211.2642294708618,4347.98589334517,0.0071,4061225871.5970783,80385737.87045737,Jackson,-0.4933027996871193,-0.6956654311654974,GP,0.07530552469127888,6.605877804761006e+23,0.7178055457648627,0.07530552469127888
125,1.755692699724518,0.29,1072.0,211.2642294708618,4440.644946972953,0.0071,3978422686.788092,36626162.910011455,Jackson,-0.4464450491909065,-0.6099491054480177,GP,0.12931898384324134,1.6424009660967688e+24,0.44777577759518694,0.12931898384324134
126,1.755692699724518,0.29,1072.0,211.2642294708618,2208.880648683877,0.0071,8097455712.509161,39535024.15520382,Jackson,-0.29514886554102104,-0.7506019887360075,GP,0.2069041370092577,4.985128175671483e+24,0.9704189485833221,0.2069041370092577
127,1.755692699724518,0.29,1072.0,211.2642294708618,4375.7461923520505,0.0071,7271201355.443795,72138804.7014664,Selsis,-0.4016825037047711,-0.6054351008227087,GP,0.12996581043967065,3.824923873046699e+24,0.027128492383334257,0.12996581043967065
128,1.755692699724518,0.29,1072.0,211.2642294708618,12762.814319730995,0.0071,1499438296.5221496,75246467.56149592,Jackson,-0.4734047508412305,-0.7593241988865526,linear,0.14106737842840483,8.752935862042062e+23,0.4321281667788258,0.14106737842840483
129,1.755692699724518,0.29,1072.0,211.2642294708618,2946.3870742635518,0.0071,5994204424.805929,26860503.3715627,Jackson,-0.30543816319307654,-0.6806975523686195,log,0.12775988337008065,2.834759283577186e+24,0.9029625126767656,0.12775988337008065
130,1.755692699724518,0.29,1072.0,211.2642294708618,4402.957923336806,0.0071,4011662618.5592585,73174898.01538831,Jackson,-0.31230191103959826,-0.6514913648158713,GP,0.23716806651837538,4.3439322497612396e+24,0.2291261732747214,0.23716806651837538
131,1.755692699724518,0.29,1072.0,211.2642294708618,2694.588745107608,0.0071,6572081733.348728,80791982.15528151,Jackson,-0.29229877564681583,-0.6699282609683905,log,0.13106241173338545,3.127545671462971e+24,0.5140854355423865,0.13106241173338545
132,1.755692699724518,0.29,1072.0,211.2642294708618,2008.788029842034,0.0071,8964894161.479988,39840328.40976074,Jackson,-0.3260150515928549,-0.6613441531886203,linear,0.14396841497913435,3.088236586174593e+24,0.1985279345919052,0.14396841497913435
133,1.755692699724518,0.29,1072.0,211.2642294708618,38565.39578561072,0.0071,1410498420.945736,35923882.21657963,Selsis,-0.39790275167062095,-0.7608257164631063,linear,0.06165280141944886,7.846468137487184e+23,0.6356750682078922,0.06165280141944886
134,1.755692699724518,0.29,1072.0,211.2642294708618,5795.799694047184,0.0071,3080561176.7627196,81267021.2986698,Jackson,-0.30191910559907054,-0.6338349071981431,GP,0.05811701153231937,1.0736354935689222e+24,0.6600415417494804,0.05811701153231937
135,1.755692699724518,0.29,1072.0,211.2642294708618,13063.560427178089,0.0071,3068310867.536169,33000175.10105334,Selsis,-0.2934590495029868,-0.7618558605970528,log,0.08607425428454382,2.953619093167529e+24,0.5082595183600852,0.08607425428454382
136,1.755692699724518,0.29,1072.0,211.2642294708618,2486.0747693310195,0.0071,7147281132.031908,60469704.93674773,Jackson,-0.3149476406699658,-0.6681220615337887,linear,0.3185521052159398,6.690669983105415e+24,0.48704029286475603,0.3185521052159398
137,1.755692699724518,0.29,1072.0,211.2642294708618,14844.650173738268,0.0071,2792102202.1416173,62713245.71456055,Selsis,-0.38189101231279804,-0.7407451932064234,log,0.1700353024760652,3.171769810165108e+24,0.5279776445930087,0.1700353024760652
138,1.755692699724518,0.29,1072.0,211.2642294708618,2561.3117091744257,0.0071,6927984979.512365,93891236.39134929,Jackson,-0.4631095536434159,-0.6169029796458756,linear,0.25217085794475946,3.378517935376801e+24,0.4573154121405403,0.25217085794475946
139,1.755692699724518,0.29,1072.0,211.2642294708618,10003.87938265201,0.0071,1862662334.2707796,4088387.465749239,Jackson,-0.3326152300764507,-0.7559613986289307,linear,0.3482009061177712,4.7089993295516265e+24,0.5937844496221044,0.3482009061177712
140,1.755692699724518,0.29,1072.0,211.2642294708618,1802.081531680323,0.0071,10088989126.580086,6104194.473051096,Jackson,-0.3875360627907905,-0.7939713806163712,GP,0.2721794297023839,3.970962026666597e+24,0.8568819329522398,0.2721794297023839
141,1.755692699724518,0.29,1072.0,211.2642294708618,7392.158589607437,0.0071,2453779911.243873,42902305.244128354,Jackson,-0.47290670816708785,-0.6627891825026573,log,0.08233145508726027,7.21303859536996e+23,0.2952313610859457,0.08233145508726027
142,1.755692699724518,0.29,1072.0,211.2642294708618,6702.884111103594,0.0071,5139912076.233724,25918853.302104548,Selsis,-0.4361449873499788,-0.7768457486827889,GP,0.30861119372400636,5.995869463424919e+24,0.16177115416184995,0.30861119372400636
143,1.755692699724518,0.29,1072.0,211.2642294708618,14789.968308827265,0.0071,2799683606.874144,78015258.92281851,Selsis,-0.3226149907550997,-0.7055903093071361,GP,0.13178455844539771,3.39752712575888e+24,0.3161504863634709,0.13178455844539771
144,1.755692699724518,0.29,1072.0,211.2642294708618,10456.054686561789,0.0071,1790144770.2983737,42066801.89703417,Jackson,-0.3247605506518472,-0.7652586357239336,GP,0.10269458223593923,1.2580841820769341e+24,0.7643729486657225,0.10269458223593923
145,1.755692699724518,0.29,1072.0,211.2642294708618,15059.684591355948,0.0071,2762771022.2788143,63670138.48527497,Selsis,-0.4579038286911753,-0.798361753990874,GP,0.16392469453701813,2.443370083936563e+24,0.8899020527058423,0.16392469453701813
146,1.755692699724518,0.29,1072.0,211.2642294708618,20247.341496266617,0.0071,2226375130.3688493,25783910.643557794,Selsis,-0.47401845685446103,-0.6739779066256905,log,0.25536739755863835,3.904392993995099e+24,0.986808403721627,0.25536739755863835
147,1.755692699724518,0.29,1072.0,211.2642294708618,3783.903687594825,0.0071,4657310482.426158,84917249.68524116,Jackson,-0.46328004659437055,-0.605358074690566,linear,0.23008853448748376,2.8823667053851577e+24,0.29747196548848476,0.23008853448748376
148,1.755692699724518,0.29,1072.0,211.2642294708618,12324.21359047374,0.0071,3204062395.689666,90281391.99098454,Selsis,-0.49326807196045974,-0.6637238354015451,log,0.05068269297111193,8.328724144689491e+23,0.03129364477064078,0.05068269297111193
149,1.755692699724518,0.29,1072.0,211.2642294708618,4334.129087850526,0.0071,4073926345.629861,76245796.00298469,Jackson,-0.31487953043044314,-0.738267420356581,GP,0.06742625029196406,1.1137754237795496e+24,0.5497167854197516,0.06742625029196406
150,1.755692699724518,0.29,1072.0,211.2642294708618,24237.017841265915,0.0071,1955644853.6178496,61303005.94305213,Selsis,-0.38706236542302286,-0.6377089748992351,GP,0.26233506387156763,4.5478126159360414e+24,0.03518439838945342,0.26233506387156763
151,1.755692699724518,0.29,1072.0,211.2642294708618,7544.2272565306785,0.0071,2408150079.8155684,63440982.51409958,Jackson,-0.46290137230830103,-0.6736616602333101,linear,0.4930113543464896,4.10894148053259e+24,0.9398971214996907,0.4930113543464896
152,1.755692699724518,0.29,1072.0,211.2642294708618,39952.92087594042,0.0071,1376413227.6322997,92030245.19270769,Selsis,-0.49236842363557853,-0.7568215794752686,GP,0.18411108871600398,1.8043104120231786e+24,0.712421784988238,0.18411108871600398
153,1.755692699724518,0.29,1072.0,211.2642294708618,11759.142062553388,0.0071,1612142794.4905195,40368913.97588978,Jackson,-0.4263841591920586,-0.7437421704505935,GP,0.33764191305411984,2.5404397184560147e+24,0.2376085392840065,0.33764191305411984
154,1.755692699724518,0.29,1072.0,211.2642294708618,2099.6604272619434,0.0071,8548240631.24579,52607178.25785092,Jackson,-0.439727999283578,-0.6754036358705836,log,0.25512169758760866,3.2124259711797696e+24,0.8475275460250601,0.25512169758760866
155,1.755692699724518,0.29,1072.0,211.2642294708618,3129.5481776762563,0.0071,5636397149.759183,19114933.33666079,Jackson,-0.31262059513101814,-0.6270719679970187,linear,0.28169434025334134,6.478286854439281e+24,0.6083856353559242,0.28169434025334134
156,1.755692699724518,0.29,1072.0,211.2642294708618,5276.168045157014,0.0071,6233112849.76427,40192216.086094804,Selsis,-0.3449603699805205,-0.7195083628692346,log,0.3982684906232165,1.1755640309118774e+25,0.8824541885522972,0.3982684906232165
157,1.755692699724518,0.29,1072.0,211.2642294708618,13389.65075189259,0.0071,1437440347.7918293,97654392.5441609,Jackson,-0.44706407135128295,-0.6299198111150682,log,0.33984212925802587,2.4924990384627646e+24,0.01867594677779949,0.33984212925802587
158,1.755692699724518,0.29,1072.0,211.2642294708618,2894.065010874379,0.0071,6105370095.071688,70300144.04637942,Jackson,-0.3508786916548539,-0.6604775588474014,GP,0.4071029511080112,6.565536838481536e+24,0.4963989846622753,0.4071029511080112
159,1.755692699724518,0.29,1072.0,211.2642294708618,9043.217054416478,0.0071,4058109228.511432,17637877.007444754,Selsis,-0.38653293383027665,-0.7859295445003152,linear,0.4047412390683191,8.694043311855493e+24,0.7993674057471433,0.4047412390683191
160,1.755692699724518,0.29,1072.0,211.2642294708618,3261.6652493316114,0.0071,5404925474.63297,83281779.90473731,Jackson,-0.3002687684004919,-0.7085829979394083,linear,0.06824097585895339,1.387393656548101e+24,0.4093562254160159,0.06824097585895339
161,1.755692699724518,0.29,1072.0,211.2642294708618,5909.633214716992,0.0071,5685719326.006916,68689613.45412472,Selsis,-0.4284217515593901,-0.6656564079945527,linear,0.25199536905616426,5.489976487951783e+24,0.3454144549045607,0.25199536905616426
162,1.755692699724518,0.29,1072.0,211.2642294708618,6389.7090304214,0.0071,5340035846.021638,91433813.1297845,Selsis,-0.4990275916416356,-0.609937878707862,log,0.21431759907268705,4.811447455505993e+24,0.35413615713669244,0.21431759907268705
163,1.755692699724518,0.29,1072.0,211.2642294708618,10017.317523977958,0.0071,3748416078.9239783,3750777.42054606,Selsis,-0.44116324611729296,-0.7280032521147809,log,0.08802154316268983,1.6917457030184556e+24,0.04596738968591085,0.08802154316268983
164,1.755692699724518,0.29,1072.0,211.2642294708618,1649.8160819671418,0.0071,11122041214.531496,83849717.01590426,Jackson,-0.41746035982668706,-0.642044532093199,GP,0.3610228436481035,5.55102013164042e+24,0.44481437039964455,0.3610228436481035
165,1.755692699724518,0.29,1072.0,211.2642294708618,2717.582058880305,0.0071,10923381939.121855,50023840.50890171,Selsis,-0.4593428143391619,-0.78784880221374,log,0.05486908074014317,1.137790769919194e+24,0.8962155295769012,0.05486908074014317
166,1.755692699724518,0.29,1072.0,211.2642294708618,3290.3712948420985,0.0071,9250839995.953588,96860463.98121482,Selsis,-0.41206407095338754,-0.6055020336335885,GP,0.22819323518934612,6.907897526660733e+24,0.11829313845765166,0.22819323518934612
167,1.755692699724518,0.29,1072.0,211.2642294708618,3364.0535586931737,0.0071,5238849411.416767,79817338.27643593,Jackson,-0.3291892181079971,-0.6183740489189988,log,0.22018746944924245,4.1918220309999536e+24,0.638682698547763,0.22018746944924245
168,1.755692699724518,0.29,1072.0,211.2642294708618,44765.157669356166,0.0071,1272608795.0970757,93947325.83637373,Selsis,-0.4316222926644795,-0.692814148492185,linear,0.26465114213100954,2.737245357278717e+24,0.6051596475451451,0.26465114213100954
169,1.755692699724518,0.29,1072.0,211.2642294708618,16022.16556770736,0.0071,2640223966.5095863,52563419.27588281,Selsis,-0.4515795454758265,-0.685611443105397,log,0.10492642329358165,1.6850353252069875e+24,0.7537345780043624,0.10492642329358165
170,1.755692699724518,0.29,1072.0,211.2642294708618,2235.5508003597065,0.0071,7994748031.306028,16648398.21693407,Jackson,-0.3374757861075471,-0.7860096877925474,linear,0.28500397437032676,5.079057201170542e+24,0.7939715985119111,0.28500397437032676
171,1.755692699724518,0.29,1072.0,211.2642294708618,1855.6940222268584,0.0071,9770456252.030493,6909431.344685051,Jackson,-0.32045208379795076,-0.6948427538344413,linear,0.13702140270874985,3.1715919180884295e+24,0.7762437478940394,0.13702140270874985
172,1.755692699724518,0.29,1072.0,211.2642294708618,19020.719800755345,0.0071,2329766144.5735865,56776821.24807248,Selsis,-0.4607955238793541,-0.6971931875995037,GP,0.29716558878658117,4.394146785508417e+24,0.7331774974420302,0.29716558878658117
173,1.755692699724518,0.29,1072.0,211.2642294708618,2981.176369746246,0.0071,10074103826.969292,14347438.872436931,Selsis,-0.4920292419068019,-0.7596477471107019,linear,0.10350884613153578,2.1373692458225842e+24,0.08722097330395306,0.10350884613153578
174,1.755692699724518,0.29,1072.0,211.2642294708618,5481.397780483458,0.0071,6042535746.202894,69077549.84249017,Selsis,-0.47814461259937463,-0.7773070937328016,log,0.15344511959562093,2.7500037876133203e+24,0.7512042094480378,0.15344511959562093
175,1.755692699724518,0.29,1072.0,211.2642294708618,10225.959540225447,0.0071,3689231547.090197,73831775.59776443,Selsis,-0.4669120831089372,-0.6436206727477294,GP,0.27319036663566537,5.1184341674104e+24,0.010009413365760667,0.27319036663566537
176,1.755692699724518,0.29,1072.0,211.2642294708618,2958.4636143864377,0.0071,5969146490.260224,25448466.18846256,Jackson,-0.46643444055360017,-0.6499790574716521,linear,0.1264020338746793,1.545502295886611e+24,0.20644791622884506,0.1264020338746793
177,1.755692699724518,0.29,1072.0,211.2642294708618,25544.065830834577,0.0071,824369004.9968193,31301967.701583996,Jackson,-0.3667679924866833,-0.629624158456489,linear,0.08789249404402498,6.923172278669596e+23,0.3801820785352136,0.08789249404402498
178,1.755692699724518,0.29,1072.0,211.2642294708618,2884.6972086922615,0.0071,6125731773.832711,9794758.100898346,Jackson,-0.30689374816426657,-0.7493001208545562,log,0.19246481751052763,4.2043604650123964e+24,0.7843321721202349,0.19246481751052763
179,1.755692699724518,0.29,1072.0,211.2642294708618,21993.063531087457,0.0071,935771330.3249881,94109798.4371512,Jackson,-0.35439116886208355,-0.6700661295035595,linear,0.2060760474391022,1.4871278614052562e+24,0.10377775499279285,0.2060760474391022
180,1.755692699724518,0.29,1072.0,211.2642294708618,10188.858408728995,0.0071,1832227475.938601,14363584.51251618,Jackson,-0.3686704588929959,-0.7924122768645714,GP,0.058227111806507054,5.95522805397981e+23,0.13251272429317495,0.058227111806507054
181,1.755692699724518,0.29,1072.0,211.2642294708618,2968.6230991466737,0.0071,5948235987.7256565,7338259.785043315,Jackson,-0.4483399134296046,-0.7705791678610099,linear,0.20149969570471857,2.193195064623568e+24,0.10374763828998423,0.20149969570471857
182,1.755692699724518,0.29,1072.0,211.2642294708618,5958.453168640108,0.0071,5648150372.867115,12477738.809942838,Selsis,-0.4257713891365103,-0.778225068590059,GP,0.05678332940836693,1.1805434501942769e+24,0.8217276272175152,0.05678332940836693
183,1.755692699724518,0.29,1072.0,211.2642294708618,3885.6883404464584,0.0071,4536297818.512292,19206910.230657455,Jackson,-0.30261452884426476,-0.6707129216508425,GP,0.4469665257684039,9.684956989624028e+24,0.8652221983547337,0.4469665257684039
184,1.755692699724518,0.29,1072.0,211.2642294708618,3606.9108008591757,0.0071,4884929501.255015,61951298.895769365,Jackson,-0.393135209562275,-0.6092728034360084,GP,0.11149716235620546,1.652647301770539e+24,0.660682463747072,0.11149716235620546
185,1.755692699724518,0.29,1072.0,211.2642294708618,9258.663164763646,0.0071,1997465568.336051,6013588.945951212,Jackson,-0.4293321506809744,-0.6003625260131569,linear,0.4146626844663379,4.911963705453273e+24,0.9054909802351642,0.4146626844663379
186,1.755692699724518,0.29,1072.0,211.2642294708618,2432.6616544940216,0.0071,12049491542.68732,19582745.922019843,Selsis,-0.3792728671204155,-0.7468509349270298,GP,0.18952773003923787,5.403626090978839e+24,0.1627804199316215,0.18952773003923787
187,1.755692699724518,0.29,1072.0,211.2642294708618,4251.244307206643,0.0071,4151700758.5447407,47337175.44340772,Jackson,-0.35131871207986265,-0.6678798902735887,linear,0.24802343826684936,3.62073308695836e+24,0.2050658101334044,0.24802343826684936
188,1.755692699724518,0.29,1072.0,211.2642294708618,4737.335566302361,0.0071,6808651974.404101,52832271.767027296,Selsis,-0.38988197416786313,-0.728756517882344,log,0.49972550974927965,1.1916355526261286e+25,0.06806298707116276,0.49972550974927965
189,1.755692699724518,0.29,1072.0,211.2642294708618,1946.0779998387738,0.0071,9277763627.309427,30234403.00713866,Jackson,-0.48343724902086704,-0.6899408998681761,log,0.15970351302535635,1.8880276447738907e+24,0.8913358314603615,0.15970351302535635
190,1.755692699724518,0.29,1072.0,211.2642294708618,4536.752037374679,0.0071,3896258633.2457533,57707174.89572442,Jackson,-0.2986704639666216,-0.6415976482781641,GP,0.3191131726863683,6.637412159142487e+24,0.8640487807313666,0.3191131726863683
191,1.755692699724518,0.29,1072.0,211.2642294708618,12625.617867924175,0.0071,1513809380.308615,35328050.141551115,Jackson,-0.39541324187676297,-0.7900805651476474,GP,0.15142214278244742,1.2130493337934526e+24,0.49128096803796295,0.15142214278244742
192,1.755692699724518,0.29,1072.0,211.2642294708618,10179.29034713148,0.0071,3702274700.0896087,63957562.167570725,Selsis,-0.4398155307692042,-0.6532764788439656,log,0.10313082837610187,1.9882016651885624e+24,0.5665099897492533,0.10313082837610187
193,1.755692699724518,0.29,1072.0,211.2642294708618,5196.7450955786535,0.0071,3417288939.503597,46993998.74617277,Jackson,-0.4967334065422341,-0.7697052763738271,linear,0.31883433701987307,2.570965059357864e+24,0.17041832120798261,0.31883433701987307
194,1.755692699724518,0.29,1072.0,211.2642294708618,1516.2682125154527,0.0071,12224291927.430386,77757933.88894628,Jackson,-0.4750457348208258,-0.7711091299575785,log,0.05347655635093529,5.583841267453795e+23,0.20065596438505284,0.05347655635093529
195,1.755692699724518,0.29,1072.0,211.2642294708618,48199.77635627909,0.0071,1207726988.2396805,4969357.952503338,Selsis,-0.4195423240817072,-0.7514783876223801,linear,0.428170296616079,5.06156658758415e+24,0.8271608210531997,0.428170296616079
196,1.755692699724518,0.29,1072.0,211.2642294708618,7849.5721233939075,0.0071,4534475630.779372,6938563.756895601,Selsis,-0.4028430175192696,-0.7923848619957662,GP,0.32197203868492846,6.868106016849129e+24,0.46342379452838145,0.32197203868492846
197,1.755692699724518,0.29,1072.0,211.2642294708618,18717.234058909085,0.0071,2357213458.7259116,44335358.55864752,Selsis,-0.38304456694684474,-0.6081468530230328,GP,0.07902568258388074,1.6655790860086799e+24,0.05436588233280415,0.07902568258388074
198,1.755692699724518,0.29,1072.0,211.2642294708618,7622.2719715273715,0.0071,4640967083.483888,85096265.15909499,Selsis,-0.4680451878216321,-0.7182290415897682,linear,0.13568516759801946,2.3921059368431753e+24,0.6309604121182323,0.13568516759801946
199,1.755692699724518,0.29,1072.0,211.2642294708618,13806.282595938523,0.0071,1399273277.743595,12843528.44515756,Jackson,-0.4512089676678167,-0.6244789196866302,GP,0.060669401685169363,5.391088296222292e+23,0.5775945618502318,0.060669401685169363
200,1.755692699724518,0.29,1072.0,211.2642294708618,5691.272636763198,0.0071,3134093293.531925,21228725.99666578,Jackson,-0.367449313423996,-0.6795037256351285,log,0.19494290889295912,2.4966998841338247e+24,0.1746418415147415,0.19494290889295912
201,1.755692699724518,0.29,1072.0,211.2642294708618,6964.870359888666,0.0071,4985596870.392913,4232594.764852167,Selsis,-0.36035422936900735,-0.7341642805029582,log,0.129497057944783,3.493981510306461e+24,0.8099555894090968,0.129497057944783
202,1.755692699724518,0.29,1072.0,211.2642294708618,2373.485471125376,0.0071,7503900165.717948,54546651.727809615,Jackson,-0.3548113700628611,-0.7722598859384386,GP,0.05344138063657913,7.952308450117011e+23,0.7822991869818507,0.05344138063657913
203,1.755692699724518,0.29,1072.0,211.2642294708618,9401.892786614866,0.0071,3937139378.5707335,66546508.6593623,Selsis,-0.4595957578861339,-0.7101027162923826,GP,0.28361794836623283,4.944255152403813e+24,0.7389109798892118,0.28361794836623283
204,1.755692699724518,0.29,1072.0,211.2642294708618,4160.407401184697,0.0071,7583563268.519679,51204919.93402336,Selsis,-0.494701079879161,-0.7924784150506367,GP,0.07697398369797022,1.4201704065250257e+24,0.3338888151848739,0.07697398369797022
205,1.755692699724518,0.29,1072.0,211.2642294708618,3556.6298819334047,0.0071,4953966038.436565,62934445.935368896,Jackson,-0.4073238978216277,-0.7972545309127282,linear,0.05271361975126134,5.428432017084625e+23,0.012486313751240763,0.05271361975126134
206,1.755692699724518,0.29,1072.0,211.2642294708618,23648.10355820701,0.0071,1990464737.970262,69289591.86670254,Selsis,-0.29141486158750934,-0.6461799294992453,GP,0.06422767375200635,1.8784910543986367e+24,0.3437025940850187,0.06422767375200635
207,1.755692699724518,0.29,1072.0,211.2642294708618,8427.189515838607,0.0071,2175810026.510363,35483070.64576303,Jackson,-0.35561305757742373,-0.7495090749822511,log,0.0668156923978741,7.37617472692992e+23,0.8646860826247876,0.0668156923978741
208,1.755692699724518,0.29,1072.0,211.2642294708618,2719.1916464629603,0.0071,6510511582.918416,77505108.27149382,Jackson,-0.29056026440083976,-0.672501881831751,linear,0.07437055493285029,1.795953572326039e+24,0.7826283783117846,0.07437055493285029
209,1.755692699724518,0.29,1072.0,211.2642294708618,2919.3739488805354,0.0071,6051062238.409714,80458385.94623612,Jackson,-0.36116989614843803,-0.7621402471381781,GP,0.40837537702558735,5.435628950686008e+24,0.28278640678966616,0.40837537702558735
210,1.755692699724518,0.29,1072.0,211.2642294708618,21552.470364853758,0.0071,2127996023.7135866,34691790.278775625,Selsis,-0.42729252132254103,-0.6677072934362238,log,0.08379131853140451,1.3419138288743905e+24,0.0012157714094801486,0.08379131853140451
211,1.755692699724518,0.29,1072.0,211.2642294708618,29729.60187006945,0.0071,725880271.1650789,58905761.437072456,Jackson,-0.3510348378813637,-0.6694143494079169,log,0.23026272375390042,1.5530945945662887e+24,0.4195119085326823,0.23026272375390042
212,1.755692699724518,0.29,1072.0,211.2642294708618,1920.9382649897366,0.0071,9409602022.35784,10910415.209961977,Jackson,-0.4625336049184791,-0.7943941458397068,log,0.312736589039188,3.4845243333445423e+24,0.02332807175905438,0.312736589039188
213,1.755692699724518,0.29,1072.0,211.2642294708618,4304.750507115881,0.0071,4101135707.907101,1481672.846453718,Jackson,-0.35573515447110204,-0.6903004693849577,log,0.13447410988011094,2.1311638851598897e+24,0.6985390522079251,0.13447410988011094
214,1.755692699724518,0.29,1072.0,211.2642294708618,7772.093629561518,0.0071,4570117208.674978,15831805.581812225,Selsis,-0.39092508953629085,-0.7470811283569476,log,0.17013943067097645,3.780872363528516e+24,0.8862739754859916,0.17013943067097645
215,1.755692699724518,0.29,1072.0,211.2642294708618,54598.33415520843,0.0071,580885778.7076579,19886009.990220692,Selsis,-0.38277589843576965,-0.6428337518859517,GP,0.14472043969347395,1.0095127276948647e+24,0.2837448630672995,0.14472043969347395
216,1.755692699724518,0.29,1072.0,211.2642294708618,4675.182021945047,0.0071,3784081452.0021386,38905635.59831066,Jackson,-0.4016019557496555,-0.6995078033646563,GP,0.1075935035868625,1.1862844286387035e+24,0.12557336699756294,0.1075935035868625
217,1.755692699724518,0.29,1072.0,211.2642294708618,7191.668230549324,0.0071,4860020532.566016,11217491.124705825,Selsis,-0.4831489618551341,-0.6379890842712083,linear,0.06949382832480916,1.5149286125620772e+24,0.3995822741864068,0.06949382832480916
218,1.755692699724518,0.29,1072.0,211.2642294708618,4478.03748895161,0.0071,3946018484.6879244,93918381.63517207,Jackson,-0.291281359753079,-0.7251889500956615,linear,0.050671332275031365,9.93772780970174e+23,0.16124584726612656,0.050671332275031365
219,1.755692699724518,0.29,1072.0,211.2642294708618,21104.847196174844,0.0071,969242978.5161712,95301174.88697462,Jackson,-0.4398010421958589,-0.6615559409473376,GP,0.05429102177626819,3.072384196012201e+23,0.1324447839581171,0.05429102177626819
220,1.755692699724518,0.29,1072.0,211.2642294708618,13409.371493945928,0.0071,1435581651.125459,87160130.97552493,Jackson,-0.41719836593534143,-0.7583975919962717,log,0.11766470583154288,7.866012685905813e+23,0.45227625015053674,0.11766470583154288
221,1.755692699724518,0.29,1072.0,211.2642294708618,10318.716743537918,0.0071,1811506232.1826031,1777295.0123360965,Jackson,-0.41108639407477315,-0.6448151281572069,log,0.42010402724336515,4.57135840056715e+24,0.30797574112454085,0.42010402724336515
222,1.755692699724518,0.29,1072.0,211.2642294708618,14717.4014090354,0.0071,2809823194.9041004,16050198.884825025,Selsis,-0.3791307528453879,-0.6779968301688671,log,0.4582207006062095,9.662053717261801e+24,0.9523735445499112,0.4582207006062095
223,1.755692699724518,0.29,1072.0,211.2642294708618,4142.496000883668,0.0071,4258684182.031966,25024281.02041699,Jackson,-0.32477239334644037,-0.7778760628010178,GP,0.08030424281114754,1.3268107583405852e+24,0.5815487113554768,0.08030424281114754
224,1.755692699724518,0.29,1072.0,211.2642294708618,9840.455858026195,0.0071,1890492251.0937524,72124852.50518563,Jackson,-0.2809865901435909,-0.7590754276219133,linear,0.17188223106880002,2.9269848577339587e+24,0.8966259915185539,0.17188223106880002
225,1.755692699724518,0.29,1072.0,211.2642294708618,4096.509641259045,0.0071,4305714319.726924,59006497.94043188,Jackson,-0.38524129984473143,-0.793242306745977,linear,0.29406720634278316,3.218607895368765e+24,0.47665975359627366,0.29406720634278316
226,1.755692699724518,0.29,1072.0,211.2642294708618,6267.902800887674,0.0071,2861434988.4540696,80801904.29072358,Jackson,-0.3354587320548458,-0.7687107489377134,GP,0.07943393380181604,9.975390750389385e+23,0.4571577240063919,0.07943393380181604
227,1.755692699724518,0.29,1072.0,211.2642294708618,12505.577451188832,0.0071,3169413001.4592957,84378183.54161412,Selsis,-0.46544134823024197,-0.6333186813084904,linear,0.07093981702796666,1.2846349152576066e+24,0.2511075951954742,0.07093981702796666
228,1.755692699724518,0.29,1072.0,211.2642294708618,12681.670872778217,0.0071,1507901209.5829341,38255804.27609707,Jackson,-0.3782537846790876,-0.7755854848505813,linear,0.07060972058746415,6.025359212232822e+23,0.09076957593979518,0.07060972058746415
229,1.755692699724518,0.29,1072.0,211.2642294708618,8657.59339045386,0.0071,4198559960.6973867,18218570.108764295,Selsis,-0.2826420522779271,-0.6412806527309515,log,0.187234760707623,8.584961571403445e+24,0.5877476053596122,0.187234760707623
230,1.755692699724518,0.29,1072.0,211.2642294708618,6164.452324697121,0.0071,2906528912.8598013,93310735.3790844,Jackson,-0.289699190792356,-0.7456566608707759,log,0.1247980417955128,2.2349807511249624e+24,0.4061233839706009,0.1247980417955128
231,1.755692699724518,0.29,1072.0,211.2642294708618,4573.742265734423,0.0071,3865592219.1220937,45412366.68148571,Jackson,-0.36966141592313406,-0.7930863230980937,GP,0.24166992072850546,2.827285117546498e+24,0.09597716754771646,0.24166992072850546
232,1.755692699724518,0.29,1072.0,211.2642294708618,24424.502070206214,0.0071,1944873316.96839,32157499.576188378,Selsis,-0.28232024239886166,-0.6050476726833466,log,0.17605835850464727,6.049554537849197e+24,0.7146268665173969,0.17605835850464727
233,1.755692699724518,0.29,1072.0,211.2642294708618,6152.597741662491,0.0071,5504366052.600416,16039485.459870828,Selsis,-0.419713236597606,-0.6175683618200273,linear,0.10925477408432607,2.8667265789965646e+24,0.333846374810729,0.10925477408432607
234,1.755692699724518,0.29,1072.0,211.2642294708618,2915.09018121872,0.0071,10272601192.236048,78193905.41582766,Selsis,-0.3083656153950135,-0.6793253956479263,log,0.1580163925354953,6.778259374441505e+24,0.3484784191989825,0.1580163925354953
235,1.755692699724518,0.29,1072.0,211.2642294708618,12827.147069092907,0.0071,3110171487.52574,9444835.57971669,Selsis,-0.4573223738531476,-0.6542991341806994,GP,0.38637049146241437,7.338028685633641e+24,0.6351132431475771,0.38637049146241437
236,1.755692699724518,0.29,1072.0,211.2642294708618,1699.6280495722433,0.0071,10761032374.46453,20226587.227826808,Jackson,-0.45243673066955203,-0.6083876100731772,linear,0.15707373604040742,2.7706717960115327e+24,0.3346513977952644,0.15707373604040742
237,1.755692699724518,0.29,1072.0,211.2642294708618,13556.594477386489,0.0071,2985285368.862276,25460823.088863466,Selsis,-0.30762296091931685,-0.7008963021583015,linear,0.1262882794235405,3.946615303517039e+24,0.05215072851751423,0.1262882794235405
238,1.755692699724518,0.29,1072.0,211.2642294708618,6435.3513157366515,0.0071,2791564804.013525,1315118.8268770122,Jackson,-0.39602739840873924,-0.6865369685838225,linear,0.13644421871653095,1.6551646802809482e+24,0.36918168234470794,0.13644421871653095
239,1.755692699724518,0.29,1072.0,211.2642294708618,14040.072099659104,0.0071,2909017092.0548058,68873789.22474186,Selsis,-0.4481304331261427,-0.7889732486409683,linear,0.3329176647667638,5.125782229263424e+24,0.46292046870013925,0.3329176647667638
240,1.755692699724518,0.29,1072.0,211.2642294708618,16987.261773472896,0.0071,1168017863.9076674,60807675.58051215,Jackson,-0.37190823341271645,-0.7240943719465762,GP,0.12594785244524923,9.633467472680846e+23,0.8213162716855824,0.12594785244524923
241,1.755692699724518,0.29,1072.0,211.2642294708618,7338.793751062141,0.0071,2470242884.4927864,83163676.63736202,Jackson,-0.44244685252696575,-0.6481522367727751,GP,0.10363239442010268,9.282937244126116e+23,0.05668802240760751,0.10363239442010268
242,1.755692699724518,0.29,1072.0,211.2642294708618,1663.3356561393712,0.0071,11021634089.94522,99149913.23155203,Jackson,-0.3858816447472494,-0.6939341957432402,log,0.324146127142464,4.738461048960662e+24,0.781522802846317,0.324146127142464
243,1.755692699724518,0.29,1072.0,211.2642294708618,6216.772599259373,0.0071,2883531885.84025,89898292.58742064,Jackson,-0.4643973989243794,-0.6748589940848796,linear,0.0746558950462975,6.331081344760456e+23,0.9682435819298266,0.0746558950462975
244,1.755692699724518,0.29,1072.0,211.2642294708618,12527.835157306556,0.0071,3165223573.449303,64012416.38019653,Selsis,-0.4142331851404705,-0.6028410537672323,log,0.07679675656338195,1.6871806030424114e+24,0.778411474479507,0.07679675656338195
245,1.755692699724518,0.29,1072.0,211.2642294708618,10504.619680612872,0.0071,1782723002.8262913,20398260.251579575,Jackson,-0.31227315798561256,-0.7328615895448803,log,0.08950849392879477,1.2847292806264578e+24,0.6289805371782569,0.08950849392879477
246,1.755692699724518,0.29,1072.0,211.2642294708618,6399.046039832683,0.0071,5333801335.877083,42943190.94434689,Selsis,-0.2934992666050426,-0.6671359017674344,log,0.09666796509103492,4.1043329464067573e+24,0.1872907466857432,0.09666796509103492
247,1.755692699724518,0.29,1072.0,211.2642294708618,5866.5078295627545,0.0071,3045453014.814123,7312448.49769211,Jackson,-0.3654543069961956,-0.7481369466926268,log,0.08333261957950361,1.0548244344400037e+24,0.03171693611178239,0.08333261957950361
248,1.755692699724518,0.29,1072.0,211.2642294708618,1809.2906427798666,0.0071,10044921705.262192,13856161.573702818,Jackson,-0.4739858924122768,-0.616109223580685,log,0.3361880610407721,5.508406276710008e+24,0.15101477549750042,0.3361880610407721
249,1.755692699724518,0.29,1072.0,211.2642294708618,8047.760078909458,0.0071,4446240249.335861,96567263.06154889,Selsis,-0.3675423343639397,-0.7433800400888129,linear,0.1318062653271781,2.9782728792065364e+24,0.46635165171715676,0.1318062653271781
250,1.755692699724518,0.29,1072.0,211.2642294708618,7151.807477844214,0.0071,4881553623.340691,48773930.26148398,Selsis,-0.31229644970138204,-0.6264835033995739,linear,0.06971351950556669,2.626927265357403e+24,0.9375849096000862,0.06971351950556669
251,1.755692699724518,0.29,1072.0,211.2642294708618,2842.3862978094417,0.0071,6219501163.08524,27977466.30703264,Jackson,-0.28107463502361263,-0.6558036501499395,log,0.13959708166912055,3.927091213546848e+24,0.6384469447658947,0.13959708166912055
252,1.755692699724518,0.29,1072.0,211.2642294708618,7085.73831462908,0.0071,4917747987.114605,43626515.373594694,Selsis,-0.47968237795081076,-0.7082304201524182,linear,0.10506952588984095,1.9338726164717618e+24,0.43048293609890353,0.10506952588984095
253,1.755692699724518,0.29,1072.0,211.2642294708618,7206.173593309116,0.0071,4852240401.597757,76550778.13373856,Selsis,-0.46099862438048167,-0.608653186612022,GP,0.21814534908946753,5.004164679617193e+24,0.18214349059566637,0.21814534908946753
254,1.755692699724518,0.29,1072.0,211.2642294708618,21436.201403257422,0.0071,956445735.1868078,72329475.62753034,Jackson,-0.3101750525921624,-0.7962952186930442,GP,0.373507454825588,3.563685856189729e+24,0.2798089500188131,0.373507454825588
255,1.755692699724518,0.29,1072.0,211.2642294708618,6068.776948559721,0.0071,2949625863.1724706,48910333.14180949,Jackson,-0.3275413520745317,-0.6185401288420883,GP,0.25800225863531895,4.2597432772706463e+24,0.14765360263128424,0.25800225863531895
256,1.755692699724518,0.29,1072.0,211.2642294708618,5011.35420752679,0.0071,6501091171.31317,56422406.68550366,Selsis,-0.34250076458260714,-0.7218370726876353,linear,0.33514848110803475,9.991914411470618e+24,0.18258601080350767,0.33514848110803475
257,1.755692699724518,0.29,1072.0,211.2642294708618,7769.2281140751575,0.0071,4571448200.632202,1741819.520777654,Selsis,-0.43867384323784425,-0.7708545876593467,linear,0.1934107134107825,3.886806366543156e+24,0.6019051207842713,0.1934107134107825
258,1.755692699724518,0.29,1072.0,211.2642294708618,2552.5351380849124,0.0071,11544791868.85793,3722492.322716483,Selsis,-0.3913330520746568,-0.7373939094283144,linear,0.05522132310275493,1.5487541489003576e+24,0.22832108411770613,0.05522132310275493
259,1.755692699724518,0.29,1072.0,211.2642294708618,31122.21512562975,0.0071,1637746392.6211152,86509608.97510472,Selsis,-0.3329510458946779,-0.7129390062719322,linear,0.14794472777795292,2.670502642546891e+24,0.7827194789221816,0.14794472777795292
260,1.755692699724518,0.29,1072.0,211.2642294708618,2156.407267801328,0.0071,8307730746.391401,32368576.436328724,Jackson,-0.41163336852745014,-0.635537546249129,GP,0.49101839520076596,7.633643821535194e+24,0.6020375011626844,0.49101839520076596
261,1.755692699724518,0.29,1072.0,211.2642294708618,9017.905989385381,0.0071,2045739692.8565075,23860927.129368156,Jackson,-0.3833797148721577,-0.7549773208542313,GP,0.08467967948943303,8.242393032685381e+23,0.8344607660406396,0.08467967948943303
262,1.755692699724518,0.29,1072.0,211.2642294708618,5016.562640882465,0.0071,3534835514.8974485,2691314.8798300633,Jackson,-0.4771944853698311,-0.6900393492946114,linear,0.2689776829790237,2.8145667143429315e+24,0.885608397537962,0.2689776829790237
263,1.755692699724518,0.29,1072.0,211.2642294708618,6998.808309531088,0.0071,2581317383.0377984,85531884.97471143,Jackson,-0.3973264978550069,-0.6658719260920389,GP,0.07394552368712866,7.23671311275191e+23,0.5328717300879687,0.07394552368712866
264,1.755692699724518,0.29,1072.0,211.2642294708618,3756.8871773629576,0.0071,8262631435.934528,77139946.64785008,Selsis,-0.3345756164403344,-0.7114784740242157,GP,0.38884858031481395,1.2823861531840727e+25,0.03308283061116701,0.38884858031481395
265,1.755692699724518,0.29,1072.0,211.2642294708618,3273.8141673948744,0.0071,5384640590.241006,98177563.4525603,Jackson,-0.29402993302635005,-0.6300158863214168,GP,0.07206360028274099,1.6776691563012277e+24,0.2163234792504939,0.07206360028274099
266,1.755692699724518,0.29,1072.0,211.2642294708618,13787.080109879034,0.0071,2948322360.022643,23310046.258896723,Selsis,-0.284242788665674,-0.7423214364568124,GP,0.3415292452106747,1.2766960428525062e+25,0.47370461876698755,0.3415292452106747
267,1.755692699724518,0.29,1072.0,211.2642294708618,3320.072743999169,0.0071,9179765479.96819,11131807.896381235,Selsis,-0.4566650369868314,-0.6254817734206042,linear,0.2958944812346593,8.151927251080117e+24,0.3965283625477287,0.2958944812346593
268,1.755692699724518,0.29,1072.0,211.2642294708618,7993.0775314074945,0.0071,4470175342.451722,80692410.59015854,Selsis,-0.32999759208198604,-0.6504333041813265,GP,0.1521207719058619,4.662034549815511e+24,0.5880609803210597,0.1521207719058619
269,1.755692699724518,0.29,1072.0,211.2642294708618,6726.054932713304,0.0071,2678640281.247622,79284232.8822963,Jackson,-0.3130428296332921,-0.695738898382144,GP,0.19039100996328592,2.8627286586530507e+24,0.26214849768367987,0.19039100996328592
270,1.755692699724518,0.29,1072.0,211.2642294708618,2717.479014537835,0.0071,6514758458.050658,27223855.95529298,Jackson,-0.34849497820894304,-0.6982341128248819,GP,0.36311027772971993,6.023669949671406e+24,0.30493838287597297,0.36311027772971993
271,1.755692699724518,0.29,1072.0,211.2642294708618,7137.33307745322,0.0071,2534765702.614066,34174471.85173046,Jackson,-0.48052865729711564,-0.7019498525130276,linear,0.08817101290033852,7.341710284743004e+23,0.4802385530264599,0.08817101290033852
272,1.755692699724518,0.29,1072.0,211.2642294708618,14041.498715839163,0.0071,2908799086.9198656,73785132.75272098,Selsis,-0.29459257587930415,-0.7785300996831875,GP,0.19924573212916935,6.349206614342878e+24,0.33668406182869703,0.19924573212916935
273,1.755692699724518,0.29,1072.0,211.2642294708618,5064.167044044929,0.0071,6445499456.646662,34534355.72463832,Selsis,-0.3187051339779246,-0.6038123450346367,GP,0.18320626708394655,7.663282886962322e+24,0.35156783574184247,0.18320626708394655
274,1.755692699724518,0.29,1072.0,211.2642294708618,2849.399384395444,0.0071,10479024394.221903,66293578.18647422,Selsis,-0.481766265109086,-0.7827460178326369,log,0.05297224498495817,1.0422166374492831e+24,0.672341297911321,0.05297224498495817
275,1.755692699724518,0.29,1072.0,211.2642294708618,5096.5551740114015,0.0071,6411955043.717837,4198879.21009063,Selsis,-0.32055500357348127,-0.6041214761127344,GP,0.34310242338969243,1.4879781769609996e+25,0.17718481317699508,0.34310242338969243
276,1.755692699724518,0.29,1072.0,211.2642294708618,12360.77271041473,0.0071,1542433345.9658499,97272915.8751038,Jackson,-0.3309558012109236,-0.6964654118050527,log,0.06461210033929031,6.725126525282821e+23,0.4675887447931225,0.06461210033929031
277,1.755692699724518,0.29,1072.0,211.2642294708618,30749.089068904836,0.0071,1651649859.1168563,47117876.195574574,Selsis,-0.4895716842027297,-0.7585837262924325,linear,0.12078776767319793,1.4151839155287534e+24,0.026377232619717472,0.12078776767319793
278,1.755692699724518,0.29,1072.0,211.2642294708618,23841.83215628159,0.0071,1978841727.160996,58113976.06836825,Selsis,-0.3316910224601793,-0.7803711123627031,linear,0.3283742078547518,6.733182845723626e+24,0.5889437777295871,0.3283742078547518
279,1.755692699724518,0.29,1072.0,211.2642294708618,8333.239408101668,0.0071,2198191164.006573,99199041.37316541,Jackson,-0.3122471367625155,-0.6840304432832243,GP,0.0895398033089536,1.240980171406193e+24,0.049563146897713684,0.0895398033089536
280,1.755692699724518,0.29,1072.0,211.2642294708618,6202.617591805508,0.0071,5468707877.713161,84172716.20794971,Selsis,-0.28771574382870696,-0.7506648688255865,linear,0.4862964207681995,2.0244026577437317e+25,0.03762877130607034,0.4862964207681995
281,1.755692699724518,0.29,1072.0,211.2642294708618,7199.604796934941,0.0071,4855759993.351594,20828839.490054045,Selsis,-0.34555422588785845,-0.6100455296579188,GP,0.07315930930639306,2.421215071401401e+24,0.34723943314464023,0.07315930930639306
282,1.755692699724518,0.29,1072.0,211.2642294708618,8438.245397675772,0.0071,4283787598.4436502,72218926.56401868,Selsis,-0.4154887145198645,-0.6080389693154058,log,0.3801956051268527,9.087341818447825e+24,0.4369855377652413,0.3801956051268527
283,1.755692699724518,0.29,1072.0,211.2642294708618,4860.753967180868,0.0071,6665991671.942736,12692274.176849144,Selsis,-0.30938966413429686,-0.6595915431337639,log,0.3365483666547508,1.4023542844406996e+25,0.2042202355704228,0.3365483666547508
284,1.755692699724518,0.29,1072.0,211.2642294708618,17655.95845917651,0.0071,1129675874.5451038,39633361.582186885,Jackson,-0.40773924190147204,-0.6961234278845578,linear,0.20595212568106425,1.4651006386409222e+24,0.9445676897442749,0.20595212568106425
285,1.755692699724518,0.29,1072.0,211.2642294708618,7104.994730596131,0.0071,2545469220.8393836,45364577.74433069,Jackson,-0.4765000436577244,-0.7235382253964059,log,0.19263452433490455,1.5371657280881788e+24,0.9220724622011995,0.19263452433490455
286,1.755692699724518,0.29,1072.0,211.2642294708618,2837.432787932125,0.0071,10517656788.402084,49424907.76987365,Selsis,-0.4437572953233833,-0.6149343945146755,GP,0.08313899529588746,2.415160636912116e+24,0.8473226063306035,0.08313899529588746
287,1.755692699724518,0.29,1072.0,211.2642294708618,21814.128206346846,0.0071,2109540959.3880432,68945003.9125818,Selsis,-0.4823253545423942,-0.6366683710766197,linear,0.3822227647783087,5.731922397014687e+24,0.6775944527636362,0.3822227647783087
288,1.755692699724518,0.29,1072.0,211.2642294708618,7959.956492383681,0.0071,4484822693.736414,33649838.27688413,Selsis,-0.4811379356459971,-0.6680173480146845,log,0.2918502885568124,5.619045686595455e+24,0.3605227484609048,0.2918502885568124
289,1.755692699724518,0.29,1072.0,211.2642294708618,7102.176232034299,0.0071,4908683486.392565,20751700.1967013,Selsis,-0.38430825345408237,-0.6424905409184098,GP,0.054946839581804394,1.4315529972576305e+24,0.9551638374302778,0.054946839581804394
290,1.755692699724518,0.29,1072.0,211.2642294708618,9024.297360336419,0.0071,4064738689.1865373,16176153.925622825,Selsis,-0.44149695496839253,-0.6424898769093215,linear,0.10477601534809795,2.2450379386384316e+24,0.49753060516501635,0.10477601534809795
291,1.755692699724518,0.29,1072.0,211.2642294708618,10110.521840810357,0.0071,3721697447.3424025,92000035.83982551,Selsis,-0.4764158757116882,-0.7341598537418157,log,0.29388469938927736,4.7303110242572776e+24,0.40946928771255753,0.29388469938927736
292,1.755692699724518,0.29,1072.0,211.2642294708618,14797.727430308712,0.0071,2798604758.9825673,64755908.55242811,Selsis,-0.4440446418009555,-0.7927457175005747,log,0.08942272867105479,1.3720001561340672e+24,0.1377247501387382,0.08942272867105479
293,1.755692699724518,0.29,1072.0,211.2642294708618,4096.3969531111925,0.0071,7682566932.913228,84653016.8149395,Selsis,-0.3375166491744453,-0.6434307589950424,GP,0.11932613102841116,4.132131365025703e+24,0.47633483987421277,0.11932613102841116
294,1.755692699724518,0.29,1072.0,211.2642294708618,53540.81797647828,0.0071,1117276020.8977065,18827312.42539851,Selsis,-0.4107459738474477,-0.7983073061469856,GP,0.355262866351032,3.733752586371841e+24,0.03598388792340035,0.355262866351032
295,1.755692699724518,0.29,1072.0,211.2642294708618,3187.2435571561737,0.0071,5532791885.785352,5608850.571303801,Jackson,-0.35478422654514946,-0.7038622109288526,log,0.34265734039353757,5.57467658512657e+24,0.7255661439667627,0.34265734039353757
296,1.755692699724518,0.29,1072.0,211.2642294708618,2726.0986138198864,0.0071,10893370099.525795,21534833.60697306,Selsis,-0.37561951078832256,-0.7140609985596952,log,0.4272954255908799,1.2480212541759278e+25,0.7665600539174996,0.4272954255908799
297,1.755692699724518,0.29,1072.0,211.2642294708618,3803.882341234424,0.0071,8176303748.215981,18155824.340430222,Selsis,-0.4621645636418887,-0.769685383560545,GP,0.14730154139421012,3.027601816739422e+24,0.11906894664693823,0.14730154139421012
298,1.755692699724518,0.29,1072.0,211.2642294708618,2438.1129289218165,0.0071,7294796474.956201,39592425.51509523,Jackson,-0.4681116190645276,-0.7277004801168113,linear,0.13570981349925793,1.4277489808571412e+24,0.41532928761564636,0.13570981349925793
299,1.755692699724518,0.29,1072.0,211.2642294708618,3487.942486454179,0.0071,5051737211.0543785,26025153.971494842,Jackson,-0.37990856280853214,-0.7213433560352883,GP,0.09155957433951935,1.1849110772421736e+24,0.9712864487066417,0.09155957433951935
300,1.755692699724518,0.29,1072.0,211.2642294708618,20906.380106295168,0.0071,2175326398.9860797,71850924.92887993,Selsis,-0.4818820579983947,-0.7117904332452973,log,0.07160474348768837,9.729769281725212e+23,0.555016552622707,0.07160474348768837
301,1.755692699724518,0.29,1072.0,211.2642294708618,9091.53258049511,0.0071,2030707149.1141887,79710971.86930606,Jackson,-0.48719064287190156,-0.7896715571986989,log,0.19743080721690667,1.3106168093274707e+24,0.0036507812526209715,0.19743080721690667
302,1.755692699724518,0.29,1072.0,211.2642294708618,9760.515021406582,0.0071,3824478054.3156223,23306233.45346652,Selsis,-0.4014475117534257,-0.663493579849673,GP,0.23623849728010943,5.166503907202784e+24,0.06460716403262823,0.23623849728010943
303,1.755692699724518,0.29,1072.0,211.2642294708618,4438.438130662911,0.0071,3980352882.3231325,99931434.8497136,Jackson,-0.34151587716036824,-0.6012921761545389,log,0.12276757747921392,2.0617730077696364e+24,0.43304265420266297,0.12276757747921392
304,1.755692699724518,0.29,1072.0,211.2642294708618,5810.174452126184,0.0071,3073353161.560689,27914396.938756153,Jackson,-0.3867485008418076,-0.6097390312505742,linear,0.08259609183891062,1.1284498631372948e+24,0.6476845739981315,0.08259609183891062
305,1.755692699724518,0.29,1072.0,211.2642294708618,4673.696108266019,0.0071,6885052083.103477,32315459.92651349,Selsis,-0.30980670517866304,-0.7601435161423431,log,0.3843746645010294,1.4611129170716384e+25,0.374678299782625,0.3843746645010294
306,1.755692699724518,0.29,1072.0,211.2642294708618,8917.259971190899,0.0071,4102738205.613493,84780648.84791183,Selsis,-0.372492102589339,-0.6997478082422164,GP,0.14442347179226275,3.235598165505023e+24,0.6924412168381173,0.14442347179226275
307,1.755692699724518,0.29,1072.0,211.2642294708618,16569.21054605691,0.0071,2576308670.4997582,6702468.360952197,Selsis,-0.37841259413284944,-0.7143836413218422,log,0.4389604820837536,8.924340713726716e+24,0.7062435694702393,0.4389604820837536
308,1.755692699724518,0.29,1072.0,211.2642294708618,2950.4982174614815,0.0071,10165145711.114086,75801316.23461804,Selsis,-0.43675184435189945,-0.63484846982743,GP,0.10717911605561724,2.861919710585409e+24,0.41904652559630884,0.10717911605561724
309,1.755692699724518,0.29,1072.0,211.2642294708618,6997.903547185197,0.0071,4966864599.507995,80110732.05121283,Selsis,-0.3535884560109074,-0.6606527285562116,log,0.11960608029158992,3.268929131421155e+24,0.4075714545356809,0.11960608029158992
310,1.755692699724518,0.29,1072.0,211.2642294708618,16288.132685991512,0.0071,1211352372.8684607,39917535.12242146,Jackson,-0.41337725132291736,-0.6330047450405506,linear,0.07172406484526897,5.7493531169917185e+23,0.65648911898653,0.07172406484526897
311,1.755692699724518,0.29,1072.0,211.2642294708618,5448.107562899625,0.0071,6072515013.205422,11739479.249042032,Selsis,-0.3427983148085447,-0.7496401358941247,GP,0.26275035323899215,7.96715969157644e+24,0.5542957598531715,0.26275035323899215
312,1.755692699724518,0.29,1072.0,211.2642294708618,3161.9025087328027,0.0071,9573486087.30531,99246782.49166597,Selsis,-0.29179332300561117,-0.7235612130078639,log,0.24361002183994782,1.1242988662693558e+25,0.058603930675881655,0.24361002183994782
313,1.755692699724518,0.29,1072.0,211.2642294708618,19240.422622125454,0.0071,1049106013.3289148,42220108.09713333,Jackson,-0.43240947773637906,-0.7238326296965227,log,0.15952636118426886,9.993902586453747e+23,0.20856562246302057,0.15952636118426886
314,1.755692699724518,0.29,1072.0,211.2642294708618,16336.609007595267,0.0071,1208231951.4021437,13343388.016355803,Jackson,-0.39188207090252186,-0.6565152692833726,linear,0.30988988209557355,2.7553351768806034e+24,0.6105279085983102,0.30988988209557355
315,1.755692699724518,0.29,1072.0,211.2642294708618,54748.972507457285,0.0071,1099014510.992057,66818836.91523949,Selsis,-0.4905689497263576,-0.726305858928614,linear,0.0708447919148892,5.9628196817775655e+23,0.14895156305240553,0.0708447919148892
316,1.755692699724518,0.29,1072.0,211.2642294708618,22603.605943764625,0.0071,2056173284.9074109,76418632.27912498,Selsis,-0.30432297490381377,-0.6191676746942484,linear,0.37978420828301435,1.051876577703692e+25,0.24479975518020003,0.37978420828301435
317,1.755692699724518,0.29,1072.0,211.2642294708618,33364.581946245366,0.0071,1559972099.8396719,93665553.37332147,Selsis,-0.32444938089484354,-0.7370007796696139,log,0.08921365033540118,1.6186243091866237e+24,0.5471073761005775,0.08921365033540118
318,1.755692699724518,0.29,1072.0,211.2642294708618,3212.252878710849,0.0071,9443984584.154154,50753440.65030579,Selsis,-0.3495865228663113,-0.7440606486694449,log,0.12332390720668208,3.7974557220619025e+24,0.26978941444352034,0.12332390720668208
319,1.755692699724518,0.29,1072.0,211.2642294708618,3960.536777962209,0.0071,4451480935.182977,34360295.48307459,Jackson,-0.34507830583645815,-0.7263836567845066,log,0.26186191857193175,3.854557063625186e+24,0.47326445026000963,0.26186191857193175
320,1.755692699724518,0.29,1072.0,211.2642294708618,3081.3115419705923,0.0071,5726206960.694967,8093535.211917457,Jackson,-0.317140040009653,-0.7589716507842684,log,0.25470555039849263,5.066923158785929e+24,0.2718875871151051,0.25470555039849263
321,1.755692699724518,0.29,1072.0,211.2642294708618,11052.704441722615,0.0071,3475869320.571696,62809772.10036745,Selsis,-0.3916206548114174,-0.7037063488410291,linear,0.23091993452828732,4.6062052093050046e+24,0.3009653202576056,0.23091993452828732
322,1.755692699724518,0.29,1072.0,211.2642294708618,1792.094899936762,0.0071,10150694084.14773,69663940.08181939,Jackson,-0.3498572192632678,-0.7879913498531879,log,0.1568208508491482,2.5104695049473916e+24,0.4963944480536988,0.1568208508491482
323,1.755692699724518,0.29,1072.0,211.2642294708618,2308.0142417863217,0.0071,7728849755.544815,77439187.45845169,Jackson,-0.41725493255815355,-0.6410105944709156,log,0.3696449780270762,5.162725196830263e+24,0.8998684536472521,0.3696449780270762
324,1.755692699724518,0.29,1072.0,211.2642294708618,6951.354616495503,0.0071,4993289173.45527,22991371.4899792,Selsis,-0.4300445928494186,-0.6204561422181953,GP,0.3253307377805721,7.96130863344206e+24,0.4294480803449131,0.3253307377805721
325,1.755692699724518,0.29,1072.0,211.2642294708618,4692.459974927504,0.0071,6862317799.0592165,19298889.936133757,Selsis,-0.3360425937199891,-0.6789996550496625,linear,0.06538043438839777,2.2164823580102824e+24,0.1329877621483907,0.06538043438839777
326,1.755692699724518,0.29,1072.0,211.2642294708618,27871.221301820693,0.0071,1769978667.1943717,85551076.43073697,Selsis,-0.40705140590091343,-0.7112055062803863,GP,0.2482369074856172,3.419073723078093e+24,0.5166989584474739,0.2482369074856172
327,1.755692699724518,0.29,1072.0,211.2642294708618,5323.033629246073,0.0071,3339837260.2344995,42129107.391966015,Jackson,-0.46365498235432906,-0.7652392211455604,linear,0.05435472567294078,4.623788893218473e+23,0.9528178548490503,0.05435472567294078
328,1.755692699724518,0.29,1072.0,211.2642294708618,3198.808199744669,0.0071,5512505256.701159,77874612.4671746,Jackson,-0.28441911575500245,-0.774562127753512,GP,0.2138232098515587,4.884728303483685e+24,0.6696118290257356,0.2138232098515587
329,1.755692699724518,0.29,1072.0,211.2642294708618,3383.714469769757,0.0071,5208182496.906833,43566540.8863109,Jackson,-0.4928896549950718,-0.7777483006727639,linear,0.10922503222839956,9.71932557041423e+23,0.000730068921853344,0.10922503222839956
330,1.755692699724518,0.29,1072.0,211.2642294708618,9758.121505201645,0.0071,3825204452.8510237,1192432.0103239669,Selsis,-0.28456900670042085,-0.6504201675590444,linear,0.05345747357469144,2.4547576799762156e+24,0.6210571696603967,0.05345747357469144
331,1.755692699724518,0.29,1072.0,211.2642294708618,16649.009409335642,0.0071,2567301225.208038,78618649.89498456,Selsis,-0.3504703266912239,-0.7676819297681211,GP,0.14663177773883632,2.9909071566917484e+24,0.572253799201844,0.14663177773883632
332,1.755692699724518,0.29,1072.0,211.2642294708618,6757.3010160997965,0.0071,5106930051.868197,13501453.36825995,Selsis,-0.49930530342438434,-0.7451008029401776,GP,0.1598442877822011,2.926208046180344e+24,0.8504700153030759,0.1598442877822011
333,1.755692699724518,0.29,1072.0,211.2642294708618,7131.774312764429,0.0071,4892461433.390185,63548174.39191162,Selsis,-0.4154086877345199,-0.7105546203111215,linear,0.06351560174407588,1.293591924029792e+24,0.014479324144794692,0.06351560174407588
334,1.755692699724518,0.29,1072.0,211.2642294708618,4345.145332883862,0.0071,4063822502.4659986,12231209.271822844,Jackson,-0.4225117433392825,-0.7727566458095826,GP,0.2992357087913892,3.1421118594030065e+24,0.9768575203012057,0.2992357087913892
335,1.755692699724518,0.29,1072.0,211.2642294708618,7909.181789549147,0.0071,4507500540.331123,56009939.08939777,Selsis,-0.4936248500425482,-0.6934451438304591,log,0.07786634501109534,1.3905577401430687e+24,0.14876477348079686,0.07786634501109534
336,1.755692699724518,0.29,1072.0,211.2642294708618,54609.933078497204,0.0071,775810849.9893212,71249597.3314158,Selsis,-0.4652757074121873,-0.7480076321784724,GP,0.16875558049764122,9.943002001979477e+23,0.8213565905227399,0.16875558049764122
337,1.755692699724518,0.29,1072.0,211.2642294708618,2225.2491479685427,0.0071,8034098491.671669,98682117.53682458,Jackson,-0.3433269918744447,-0.7348449694826856,log,0.40780670518622203,6.498250180875317e+24,0.3430256316842737,0.40780670518622203
338,1.755692699724518,0.29,1072.0,211.2642294708618,54602.0755521352,0.0071,661818177.0596217,79259177.2507221,Selsis,-0.3601230916455209,-0.7410805201145952,GP,0.3720915957110008,2.4139291676580304e+24,0.9210313488870127,0.3720915957110008
339,1.755692699724518,0.29,1072.0,211.2642294708618,4462.02666571142,0.0071,3959824128.713148,42558265.30424478,Jackson,-0.2819730190709583,-0.7013866067820107,log,0.2392033550375804,5.521439516610082e+24,0.5671440758693277,0.2392033550375804
340,1.755692699724518,0.29,1072.0,211.2642294708618,8063.009751965392,0.0071,2265470240.420247,89937488.86120635,Jackson,-0.3384180275126277,-0.7729822541235204,GP,0.07295464501847838,8.193910424368341e+23,0.17930299540393335,0.07295464501847838
341,1.755692699724518,0.29,1072.0,211.2642294708618,5772.170879601469,0.0071,5794750320.444531,49988836.36573568,Selsis,-0.2866585593217013,-0.6265951438577637,GP,0.06967788850853622,3.349680262633025e+24,0.6135419575254529,0.06967788850853622
342,1.755692699724518,0.29,1072.0,211.2642294708618,7802.232352445767,0.0071,2334815283.2408338,48191247.78560741,Jackson,-0.4090967112125406,-0.7394991762732405,linear,0.43457294859689793,3.834178756537875e+24,0.6307784593527566,0.43457294859689793
343,1.755692699724518,0.29,1072.0,211.2642294708618,7828.946489210939,0.0071,2327498910.02047,66287646.2817433,Jackson,-0.4087740124423671,-0.7480625550623481,linear,0.38019033727801255,3.234837432821433e+24,0.7180672667388512,0.38019033727801255
344,1.755692699724518,0.29,1072.0,211.2642294708618,7932.001698096664,0.0071,4497274625.784446,86839542.52753814,Selsis,-0.4789391977820883,-0.6873683083153727,log,0.115337689092906,2.061695571304046e+24,0.9539664199936586,0.115337689092906
345,1.755692699724518,0.29,1072.0,211.2642294708618,13098.4071898531,0.0071,3062256782.162983,13362178.532826666,Selsis,-0.3703745676794946,-0.7849260109010566,log,0.23956394912403528,5.10370918261656e+24,0.7060551589182215,0.23956394912403528
346,1.755692699724518,0.29,1072.0,211.2642294708618,2946.9041712334288,0.0071,5993126961.176571,93054770.4856756,Jackson,-0.3994545221750443,-0.6643636417522506,log,0.16325990984525401,2.0574239823165813e+24,0.6984716200042054,0.16325990984525401
347,1.755692699724518,0.29,1072.0,211.2642294708618,2303.7502951442943,0.0071,7743987201.954564,98494986.14345631,Jackson,-0.4532083855424943,-0.7076502740909391,GP,0.15732016016669878,1.6662956578237513e+24,0.6349021400524556,0.15732016016669878
348,1.755692699724518,0.29,1072.0,211.2642294708618,11284.784527715528,0.0071,3422096851.0332475,58130632.89302979,Selsis,-0.4246040303819158,-0.721701979815462,linear,0.07925736065100006,1.4123554133915035e+24,0.9112566005084641,0.07925736065100006
349,1.755692699724518,0.29,1072.0,211.2642294708618,4564.779428940317,0.0071,3872975324.949751,90984499.01818818,Jackson,-0.3212085736799764,-0.630521725982175,GP,0.3415567406936441,5.938718258167882e+24,0.08803128139778194,0.3415567406936441
350,1.755692699724518,0.29,1072.0,211.2642294708618,19291.32274739807,0.0071,2305946433.8981934,28704431.79706666,Selsis,-0.39346140995693957,-0.7210978182766755,GP,0.06145344912994996,1.0701718838723897e+24,0.7095424862052575,0.06145344912994996
351,1.755692699724518,0.29,1072.0,211.2642294708618,12151.574160184164,0.0071,1565905821.3501065,85568014.04310496,Jackson,-0.43525618549763395,-0.6115295762942361,linear,0.07812424416477663,6.563607714481327e+23,0.7766780508353558,0.07812424416477663
352,1.755692699724518,0.29,1072.0,211.2642294708618,1931.3582150563461,0.0071,9354492283.678846,39212641.033409566,Jackson,-0.4877383000915816,-0.708643816776278,GP,0.2859235019655957,3.1839363909243625e+24,0.7524005198883681,0.2859235019655957
353,1.755692699724518,0.29,1072.0,211.2642294708618,10768.773157216197,0.0071,1743517410.287846,65243557.991549894,Jackson,-0.34028218528025267,-0.7185651482154454,linear,0.056945101652505,6.092379365246571e+23,0.36311928664078996,0.056945101652505
354,1.755692699724518,0.29,1072.0,211.2642294708618,7203.82953180473,0.0071,4853495665.9372425,79476488.18168628,Selsis,-0.47927507681392717,-0.775124946325225,GP,0.32598200204481553,5.522273964205784e+24,0.6570519682062165,0.32598200204481553
355,1.755692699724518,0.29,1072.0,211.2642294708618,3900.5554471595865,0.0071,4519178249.635908,45606242.68165887,Jackson,-0.4744069909631127,-0.7418823842351867,linear,0.10331619233023781,9.403563069761686e+23,0.2708254455796647,0.10331619233023781
356,1.755692699724518,0.29,1072.0,211.2642294708618,4025.6599294114294,0.0071,4380377917.874928,51613734.37750731,Jackson,-0.38355883930367474,-0.6587976137763027,linear,0.08217560786847349,1.0623637172425392e+24,0.8009891054874376,0.08217560786847349
357,1.755692699724518,0.29,1072.0,211.2642294708618,1364.6894310972957,0.0071,13779573167.176273,9875450.31335929,Jackson,-0.4190348844839104,-0.7678648893624983,linear,0.06740322451210021,9.27340297387964e+23,0.2065376315209646,0.06740322451210021
358,1.755692699724518,0.29,1072.0,211.2642294708618,5225.237616596264,0.0071,3399478766.085142,59312323.25943524,Jackson,-0.4970363428320663,-0.7644658259334037,GP,0.10512822107599777,8.32311946932233e+23,0.9830386774002333,0.10512822107599777
359,1.755692699724518,0.29,1072.0,211.2642294708618,27419.038828334444,0.0071,1790695543.6346307,56469271.14550858,Selsis,-0.3437443873008332,-0.6526360369511589,GP,0.2266574515299023,4.410382126103349e+24,0.1613000314892874,0.2266574515299023
360,1.755692699724518,0.29,1072.0,211.2642294708618,16820.306596202532,0.0071,2548225286.501604,32214072.133685205,Selsis,-0.32221980767279906,-0.6011342711920831,GP,0.3545450939614623,1.055164894007685e+25,0.8576124759371876,0.3545450939614623
361,1.755692699724518,0.29,1072.0,211.2642294708618,7472.125675423909,0.0071,2429552426.8131223,35988988.104224525,Jackson,-0.3542695283215449,-0.731481861797592,GP,0.10015526262467166,1.1646354307000791e+24,0.3275566513845243,0.10015526262467166
362,1.755692699724518,0.29,1072.0,211.2642294708618,5499.577877243349,0.0071,6026310352.295862,55104423.643645346,Selsis,-0.3512853498076217,-0.6308711290239171,GP,0.18458675025521254,5.812744918979062e+24,0.7990572271365305,0.18458675025521254
363,1.755692699724518,0.29,1072.0,211.2642294708618,3831.061187537104,0.0071,4600402664.309564,52298524.10453488,Jackson,-0.35374159230039354,-0.6812416074267988,linear,0.06872652122589071,9.920745614735532e+23,0.29393119943028223,0.06872652122589071
364,1.755692699724518,0.29,1072.0,211.2642294708618,7539.58790271692,0.0071,4681200702.315978,68262266.84029688,Selsis,-0.3838881814488952,-0.6745581375270977,log,0.06800124613526466,1.5774466046898934e+24,0.046954099502686475,0.06800124613526466
365,1.755692699724518,0.29,1072.0,211.2642294708618,27273.001078932302,0.0071,1797515995.6381798,94677143.27115797,Selsis,-0.3238128803374175,-0.6487404745511518,log,0.055191893598809556,1.1686885795243392e+24,0.546676944677614,0.055191893598809556
366,1.755692699724518,0.29,1072.0,211.2642294708618,6579.724164993149,0.0071,5216462025.537705,71791525.00044946,Selsis,-0.28710322562364393,-0.6299471294411297,linear,0.24847951086343378,1.1300799873422276e+25,0.7462611201776348,0.24847951086343378
367,1.755692699724518,0.29,1072.0,211.2642294708618,54603.27428524408,0.0071,678058730.2687144,27068399.0101871,Selsis,-0.4296149698185694,-0.6470293135282265,linear,0.2754735497737394,1.8795323889495222e+24,0.8225805635428305,0.2754735497737394
368,1.755692699724518,0.29,1072.0,211.2642294708618,5924.91002944703,0.0071,3017099526.352435,43972736.456401035,Jackson,-0.3165564233260882,-0.6357231451503677,log,0.12707479800453386,2.2037463217637915e+24,0.3290298962508482,0.12707479800453386
369,1.755692699724518,0.29,1072.0,211.2642294708618,21353.210682229543,0.0071,2142320377.8882844,62079001.48732663,Selsis,-0.4447374616371493,-0.7598585968222351,GP,0.07386959611018523,1.0295989266242806e+24,0.06762006277473764,0.07386959611018523
370,1.755692699724518,0.29,1072.0,211.2642294708618,2349.954149567692,0.0071,7583168285.372499,32769111.222113807,Jackson,-0.280484503318489,-0.6399332313538091,GP,0.13524816686112498,4.0856750476071364e+24,0.8481851956223322,0.13524816686112498
371,1.755692699724518,0.29,1072.0,211.2642294708618,14575.245270234569,0.0071,2829950350.9991727,21111180.036334336,Selsis,-0.3661745319434029,-0.6976762606382203,log,0.0867460792975334,1.8806797635571585e+24,0.2399583242616109,0.0867460792975334
372,1.755692699724518,0.29,1072.0,211.2642294708618,4962.2448659793545,0.0071,3572119585.6317687,75573315.95873,Jackson,-0.46538372739892836,-0.6166171313324254,linear,0.11167931249790274,1.226680417287226e+24,0.2756952370062372,0.11167931249790274
373,1.755692699724518,0.29,1072.0,211.2642294708618,6509.09703723987,0.0071,5261595666.498507,82460933.83947149,Selsis,-0.4192353690442446,-0.6211619130773983,linear,0.13693887066609797,3.2998705751077623e+24,0.8389626689522954,0.13693887066609797
374,1.755692699724518,0.29,1072.0,211.2642294708618,9049.526956760856,0.0071,4055903984.589004,8943956.728198485,Selsis,-0.4599703726083964,-0.7754174284669508,log,0.21348801958815403,3.869881521211307e+24,0.9637407312667937,0.21348801958815403
375,1.755692699724518,0.29,1072.0,211.2642294708618,7307.899375355238,0.0071,2479890956.8505907,58232964.28660109,Jackson,-0.4722718495299733,-0.6346811284119196,GP,0.05622242936126238,5.187855159385002e+23,0.9537446258371051,0.05622242936126238
376,1.755692699724518,0.29,1072.0,211.2642294708618,5999.989252133696,0.0071,2981476059.334363,42203586.93318465,Jackson,-0.4671577146528427,-0.7588815027717508,log,0.2533482026728637,2.0901219113239003e+24,0.662463457453958,0.2533482026728637
377,1.755692699724518,0.29,1072.0,211.2642294708618,3090.8783915612817,0.0071,5708156154.156948,32874159.67548054,Jackson,-0.30291256632632796,-0.7681849754751968,log,0.05360321388640176,1.116689539710407e+24,0.8109816586396758,0.05360321388640176
378,1.755692699724518,0.29,1072.0,211.2642294708618,2744.885293679628,0.0071,10827828069.863344,25879790.64961178,Selsis,-0.36399471106608566,-0.6457177383685997,linear,0.15128984330572107,5.168548132529116e+24,0.8412808152458323,0.15128984330572107
379,1.755692699724518,0.29,1072.0,211.2642294708618,6266.710882421275,0.0071,2861945927.3574233,84723141.50319463,Jackson,-0.3919218694226504,-0.6246274268613877,GP,0.10963537579738285,1.253619872725495e+24,0.6108727442560875,0.10963537579738285
380,1.755692699724518,0.29,1072.0,211.2642294708618,5937.980458719574,0.0071,3010831880.5144095,90709607.46421137,Jackson,-0.497469200655745,-0.708101628215715,GP,0.190802384547985,1.4827737888718711e+24,0.47161866616736126,0.190802384547985
381,1.755692699724518,0.29,1072.0,211.2642294708618,7442.221576325182,0.0071,4729656358.8047495,33264525.040535673,Selsis,-0.3236004551229517,-0.7457949036773907,GP,0.2518036547019547,7.875458474282788e+24,0.8444151519186053,0.2518036547019547
382,1.755692699724518,0.29,1072.0,211.2642294708618,4137.787796379625,0.0071,7618207800.488937,83915334.88025783,Selsis,-0.3467971445923525,-0.648606283670339,linear,0.3337962537716836,1.0852666745756296e+25,0.9444380993383644,0.3337962537716836
383,1.755692699724518,0.29,1072.0,211.2642294708618,6560.609538121008,0.0071,2741664526.8388906,23995835.831485644,Jackson,-0.4850165085046679,-0.6262957772770885,log,0.38003725631210844,3.930804385923301e+24,0.022799899545399627,0.38003725631210844
384,1.755692699724518,0.29,1072.0,211.2642294708618,8729.980040549643,0.0071,2106948021.9014194,29318009.709497306,Jackson,-0.4756984488804362,-0.7558362908589543,linear,0.17159857768594808,1.3103903896551404e+24,0.7570209949854829,0.17159857768594808
385,1.755692699724518,0.29,1072.0,211.2642294708618,15279.060059449763,0.0071,1280618807.9713852,58229242.481687345,Jackson,-0.3911994810058771,-0.6390827443181002,linear,0.19706315565191254,1.6326006333394012e+24,0.7920391504883946,0.19706315565191254
386,1.755692699724518,0.29,1072.0,211.2642294708618,8239.32245380173,0.0071,4364743133.621102,87979884.6867158,Selsis,-0.3438919981958072,-0.6517321229496361,GP,0.28619976999166374,7.973668436537122e+24,0.3351825127057393,0.28619976999166374
387,1.755692699724518,0.29,1072.0,211.2642294708618,7792.036994002395,0.0071,4560879267.96107,91510699.00790541,Selsis,-0.41627839625551516,-0.7145831453564335,log,0.33416932264085647,6.506540596839288e+24,0.025701572925384664,0.33416932264085647
388,1.755692699724518,0.29,1072.0,211.2642294708618,2928.967092697848,0.0071,6030741188.483269,28561852.86982705,Jackson,-0.3597233602098122,-0.6714014400846602,GP,0.1261390682953495,2.0064719816859688e+24,0.39279274853486923,0.1261390682953495
389,1.755692699724518,0.29,1072.0,211.2642294708618,8124.058841455318,0.0071,4413348639.545509,65687676.36713625,Selsis,-0.40305808904828333,-0.7883557593819714,linear,0.1706106661559113,3.3456474769669234e+24,0.606838504607802,0.1706106661559113
390,1.755692699724518,0.29,1072.0,211.2642294708618,36959.76134729295,0.0071,1452713005.811026,33481040.535986878,Selsis,-0.3537565008486885,-0.7581544154966575,linear,0.399908898864951,6.245692076031277e+24,0.27440621208349325,0.399908898864951
391,1.755692699724518,0.29,1072.0,211.2642294708618,54612.04130616119,0.0071,809608463.5731524,72073223.08202745,Selsis,-0.323678310376974,-0.7369606298603487,log,0.18182670713843416,1.83310230741009e+24,0.4040815679034775,0.18182670713843416
392,1.755692699724518,0.29,1072.0,211.2642294708618,5786.0703372664575,0.0071,3085460570.869585,37044821.73010861,Jackson,-0.3785910130672978,-0.707686907800639,linear,0.4108639885787792,4.642079481331581e+24,0.8149690467430567,0.4108639885787792
393,1.755692699724518,0.29,1072.0,211.2642294708618,2834.4418777638507,0.0071,6237444306.8809185,28974156.27422967,Jackson,-0.4564320378540537,-0.6591897242094945,log,0.4347976072623285,5.279976261217259e+24,0.7369729774150247,0.4347976072623285
394,1.755692699724518,0.29,1072.0,211.2642294708618,5257.4559160298295,0.0071,6251197490.722342,27019113.76036669,Selsis,-0.33467918839486593,-0.6326122412669132,log,0.06658222315586734,2.365494088485251e+24,0.48925512869354226,0.06658222315586734
395,1.755692699724518,0.29,1072.0,211.2642294708618,6360.57217284007,0.0071,2822305867.253319,68952551.63994583,Jackson,-0.43618951434281583,-0.6740866146515565,GP,0.11230542990282276,1.0255375120760168e+24,0.678672351876739,0.11230542990282276
396,1.755692699724518,0.29,1072.0,211.2642294708618,18907.47274281137,0.0071,1064957080.8345337,4143063.144850533,Jackson,-0.41870339375205107,-0.7458818341901211,log,0.05565461780856705,4.2407532409213694e+23,0.4849899612262868,0.05565461780856705
397,1.755692699724518,0.29,1072.0,211.2642294708618,2549.638421694481,0.0071,6961086438.288021,18163679.338405564,Jackson,-0.4868760218698583,-0.6964638876512947,GP,0.3578848185844293,3.986251197111583e+24,0.01296343306492631,0.3578848185844293
398,1.755692699724518,0.29,1072.0,211.2642294708618,54599.05175580721,0.0071,622559947.169207,23095970.91809082,Selsis,-0.4194821477641552,-0.6121732594976091,GP,0.08054197560069987,5.692658583826854e+23,0.9245398529039344,0.08054197560069987
399,1.755692699724518,0.29,1072.0,211.2642294708618,10572.026471755069,0.0071,1772533343.737456,58809717.7730873,Jackson,-0.4797815658490712,-0.6085934773633367,linear,0.18131433532702015,1.5989117417479273e+24,0.410619212555566,0.18131433532702015
400,1.755692699724518,0.29,1072.0,211.2642294708618,2375.7393637559157,0.0071,7496397915.856338,94953228.69895662,Jackson,-0.4937238326722205,-0.639857299232659,linear,0.19152085204030678,2.2929564143480467e+24,0.15228801519300084,0.19152085204030678
401,1.755692699724518,0.29,1072.0,211.2642294708618,14824.405131729955,0.0071,2794903203.6849174,20298051.778022733,Selsis,-0.3362664604756029,-0.6549950679909496,GP,0.07066161229986163,1.8633377360562874e+24,0.7090439104771948,0.07066161229986163
402,1.755692699724518,0.29,1072.0,211.2642294708618,5574.97418888294,0.0071,3196066234.6305037,15606499.019072378,Jackson,-0.30596108089895957,-0.69678717106882,log,0.2277220874552238,4.2922452770658786e+24,0.4152309250439187,0.2277220874552238
403,1.755692699724518,0.29,1072.0,211.2642294708618,13444.066127183332,0.0071,3003748248.250562,12271048.605278015,Selsis,-0.2922374213743361,-0.6639091171298904,log,0.0644414147638137,2.4023542973956095e+24,0.7753816419841729,0.0644414147638137
404,1.755692699724518,0.29,1072.0,211.2642294708618,4505.1438267309395,0.0071,3922878417.955782,13986618.371860415,Jackson,-0.2966078802204041,-0.7478417633018501,GP,0.22479440333995288,4.7301593782556875e+24,0.2058835773110267,0.22479440333995288
405,1.755692699724518,0.29,1072.0,211.2642294708618,6729.4045900216715,0.0071,5123775081.344418,40450279.490129046,Selsis,-0.38554284511627684,-0.7753393146755179,GP,0.09373031946788579,2.0924136810369818e+24,0.19932325005025908,0.09373031946788579
406,1.755692699724518,0.29,1072.0,211.2642294708618,5404.623217932162,0.0071,3291773526.3983717,25980068.910350174,Jackson,-0.31835907576861366,-0.7257068632953233,GP,0.19865977347646155,3.27598573152099e+24,0.5915780385680935,0.19865977347646155
407,1.755692699724518,0.29,1072.0,211.2642294708618,2042.73356772029,0.0071,8804433979.94842,1588874.4775784728,Jackson,-0.3229483695527654,-0.7879411263503818,log,0.11016110952985439,2.385872621854693e+24,0.161453350150085,0.11016110952985439
408,1.755692699724518,0.29,1072.0,211.2642294708618,5956.828446535004,0.0071,3001843093.5179057,87029662.07371543,Jackson,-0.454954864010781,-0.7448034097132262,GP,0.29067723808134227,2.3165705672286387e+24,0.0970880845837907,0.29067723808134227
409,1.755692699724518,0.29,1072.0,211.2642294708618,1460.5894476914682,0.0071,12752458096.302954,68591928.81565714,Jackson,-0.3610208614791375,-0.6796171096317533,log,0.2303903006969326,4.1417719120767783e+24,0.15905593611889157,0.2303903006969326
410,1.755692699724518,0.29,1072.0,211.2642294708618,4080.0624426656805,0.0071,4322804601.479975,7999311.2653533,Jackson,-0.32670649666159923,-0.639441462741805,GP,0.36108806787795694,7.090096993349587e+24,0.4521443773994396,0.36108806787795694
411,1.755692699724518,0.29,1072.0,211.2642294708618,3556.712306532937,0.0071,4953851176.878691,41997722.59873184,Jackson,-0.46427636322526894,-0.658004143750482,log,0.054739004760132645,6.051107931963534e+23,0.707033893309563,0.054739004760132645
412,1.755692699724518,0.29,1072.0,211.2642294708618,2909.071193879095,0.0071,6073047111.378092,38530486.75944143,Jackson,-0.39201921296003406,-0.7578405417422899,log,0.3740566714706396,4.544409916401532e+24,0.43467828102466877,0.3740566714706396
413,1.755692699724518,0.29,1072.0,211.2642294708618,27658.150886239953,0.0071,1779665905.5752363,83092786.81085728,Selsis,-0.3286921730270632,-0.7874903724700766,linear,0.12187058272664159,2.3372087637353854e+24,0.6947960023988344,0.12187058272664159
414,1.755692699724518,0.29,1072.0,211.2642294708618,16280.868289492715,0.0071,2609516439.9478064,33241095.36575461,Selsis,-0.38046570048595263,-0.6465019262942207,log,0.05006684587455988,1.0365600545233595e+24,0.011729105981731047,0.05006684587455988
415,1.755692699724518,0.29,1072.0,211.2642294708618,39868.636736664994,0.0071,1378424644.0404267,88465777.53860688,Selsis,-0.29901910864538217,-0.7837342920640887,log,0.05769505813007743,1.1493401555841131e+24,0.1353956364945309,0.05769505813007743
416,1.755692699724518,0.29,1072.0,211.2642294708618,3662.0583755299904,0.0071,8443438112.172449,55446865.797993764,Selsis,-0.30639976370107247,-0.7084598538114565,log,0.1546515336674705,6.367132087998447e+24,0.33395172339839296,0.1546515336674705
417,1.755692699724518,0.29,1072.0,211.2642294708618,9164.720897969406,0.0071,2016002044.0860267,10158348.440759359,Jackson,-0.41532409889237165,-0.6845860564751294,log,0.11643904411583043,1.1313622008190016e+24,0.6964432073179919,0.11643904411583043
418,1.755692699724518,0.29,1072.0,211.2642294708618,12924.509354745389,0.0071,3092763627.0915713,39079230.03207661,Selsis,-0.4731917034512604,-0.6930893249652385,linear,0.12934304591200738,2.147779991445625e+24,0.5951779145736558,0.12934304591200738
419,1.755692699724518,0.29,1072.0,211.2642294708618,4491.019817298077,0.0071,3934899473.441872,76048937.36450928,Jackson,-0.28915546401630415,-0.7183321111073024,linear,0.10559488258737987,2.1583958165164675e+24,0.7626792899532134,0.10559488258737987
420,1.755692699724518,0.29,1072.0,211.2642294708618,6362.928132876268,0.0071,2821326162.449203,31296693.99655468,Jackson,-0.4528092167930227,-0.6909612921668954,log,0.0950714028936313,8.71044613824244e+23,0.7199755327524975,0.0950714028936313
421,1.755692699724518,0.29,1072.0,211.2642294708618,4778.577749837433,0.0071,3704693956.455142,60477556.754069515,Jackson,-0.28974972858755577,-0.6467252502900745,GP,0.05580849269550249,1.2130832792048956e+24,0.481618767460253,0.05580849269550249
422,1.755692699724518,0.29,1072.0,211.2642294708618,3437.0734944237856,0.0071,5126832025.395234,64163554.21901875,Jackson,-0.4570336589941403,-0.743158647070499,GP,0.10347500915089157,9.723461620743892e+23,0.543511025072188,0.10347500915089157
423,1.755692699724518,0.29,1072.0,211.2642294708618,9941.1706010103,0.0071,3770589543.148541,33710902.563602455,Selsis,-0.37491940467901547,-0.7137459370544542,log,0.05515709262047887,1.230370940313136e+24,0.5862629517816018,0.05515709262047887
424,1.755692699724518,0.29,1072.0,211.2642294708618,6551.722482882702,0.0071,5234246071.432849,81527223.05955431,Selsis,-0.3886135589266982,-0.6467007970377177,linear,0.05175204849523691,1.2699241025853887e+24,0.6014950513949052,0.05175204849523691
425,1.755692699724518,0.29,1072.0,211.2642294708618,5674.811565278171,0.0071,5875015951.702224,84395454.671708,Selsis,-0.45303178477944345,-0.6015312844659491,GP,0.05131587297442178,1.2933114284791116e+24,0.8122672136629122,0.05131587297442178
426,1.755692699724518,0.29,1072.0,211.2642294708618,9486.059747841764,0.0071,3909987525.770671,72947643.91889185,Selsis,-0.4635474989081402,-0.7076219817573354,log,0.3812976325422042,6.578493304010398e+24,0.9254707355335063,0.3812976325422042
427,1.755692699724518,0.29,1072.0,211.2642294708618,1653.5305298890432,0.0071,11094269119.899498,76482781.97929797,Jackson,-0.287126775113533,-0.6094385483853861,GP,0.24439585281064494,7.876790178524237e+24,0.5058857189959391,0.24439585281064494
428,1.755692699724518,0.29,1072.0,211.2642294708618,4811.398493484524,0.0071,3680233758.6342583,22797626.448168,Jackson,-0.3598815189404948,-0.7220586466142699,GP,0.32564065752429805,4.306732001733717e+24,0.6001605049888551,0.32564065752429805
429,1.755692699724518,0.29,1072.0,211.2642294708618,9459.201469431917,0.0071,3918603053.453916,75405722.07718568,Selsis,-0.49658394422838137,-0.7275753016232993,GP,0.056205350366425634,9.137051110921032e+23,0.23522103106517445,0.056205350366425634
430,1.755692699724518,0.29,1072.0,211.2642294708618,4262.020703609777,0.0071,4141410030.244158,61729700.40895791,Jackson,-0.37201645555143636,-0.7938894744700975,log,0.26923653015476456,3.092503834710792e+24,0.5998716421357002,0.26923653015476456
431,1.755692699724518,0.29,1072.0,211.2642294708618,4256.095237088274,0.0071,4147061708.9472466,54505252.584161855,Jackson,-0.31688668584539853,-0.6455413816678034,linear,0.4873531288534359,9.0295080534917e+24,0.4852578160522564,0.4873531288534359
432,1.755692699724518,0.29,1072.0,211.2642294708618,1847.083131425305,0.0071,9820218687.5174,73576092.53059958,Jackson,-0.3331525734994574,-0.6712243984746088,GP,0.11596239054110252,2.3051019743001897e+24,0.5244582440912672,0.11596239054110252
433,1.755692699724518,0.29,1072.0,211.2642294708618,3932.627210986574,0.0071,7950155649.07223,3198970.4951173044,Selsis,-0.29909446867522843,-0.6997669967742933,GP,0.10046286509249475,4.671065500944579e+24,0.6938981349845788,0.10046286509249475
434,1.755692699724518,0.29,1072.0,211.2642294708618,4855.072046566211,0.0071,6672405868.412828,71768493.08332206,Selsis,-0.3017636181928523,-0.7444926726651648,GP,0.15247064335058255,5.981653494686374e+24,0.2357117068453144,0.15247064335058255
435,1.755692699724518,0.29,1072.0,211.2642294708618,3723.7854635712656,0.0071,8324719051.160273,4948734.925316017,Selsis,-0.4421183861989885,-0.7209016281779482,log,0.33910842787333445,7.791110232802512e+24,0.8485599202798416,0.33910842787333445
436,1.755692699724518,0.29,1072.0,211.2642294708618,7264.56153251227,0.0071,4821219769.126756,18718760.75338735,Selsis,-0.44940534397210063,-0.6273910097800024,log,0.28326911085783035,6.535238737150496e+24,0.785161680027202,0.28326911085783035
437,1.755692699724518,0.29,1072.0,211.2642294708618,12439.822649846725,0.0071,1533764973.5458066,10829633.494625363,Jackson,-0.30026437033327846,-0.6373966213002296,linear,0.2336049864605142,3.9031795916928884e+24,0.04617212039260321,0.2336049864605142
438,1.755692699724518,0.29,1072.0,211.2642294708618,6636.772930238441,0.0071,5180669417.750527,32007338.160606615,Selsis,-0.3536340655334453,-0.7708249107594418,log,0.44901969484831095,1.1829082045411757e+25,0.5755099334296814,0.44901969484831095
439,1.755692699724518,0.29,1072.0,211.2642294708618,1883.7798038846693,0.0071,9611687755.001469,32428679.834194895,Jackson,-0.4096230814133376,-0.7326153441597694,linear,0.36445730688794614,4.754939245137342e+24,0.9197440023536366,0.36445730688794614
440,1.755692699724518,0.29,1072.0,211.2642294708618,9646.402251663647,0.0071,1924750619.3527036,3243165.7174761207,Jackson,-0.4190700588041554,-0.788570861887838,GP,0.2546503374494651,2.3439534552092318e+24,0.6582991729440799,0.2546503374494651
441,1.755692699724518,0.29,1072.0,211.2642294708618,11335.13413534886,0.0071,3410696724.129666,31139258.763543684,Selsis,-0.4058844383437539,-0.6922248083982803,GP,0.4134165252918442,8.182822614045912e+24,0.0067171122370661696,0.4134165252918442
442,1.755692699724518,0.29,1072.0,211.2642294708618,2900.9542193063694,0.0071,10316232272.307264,81864716.47918333,Selsis,-0.39356334907353285,-0.6401529797234417,GP,0.22336133286358778,6.561565186034348e+24,0.5641276343838555,0.22336133286358778
443,1.755692699724518,0.29,1072.0,211.2642294708618,3482.969987490707,0.0071,8811262211.93952,34096565.856066965,Selsis,-0.4756405257816364,-0.7422346810375687,log,0.058253351557560264,1.18820851780771e+24,0.8480832013522273,0.058253351557560264
444,1.755692699724518,0.29,1072.0,211.2642294708618,2944.7491058263513,0.0071,5997620109.62742,85176918.91272889,Jackson,-0.2800218488736061,-0.6291569448114183,GP,0.10622257478732872,2.8961820739350565e+24,0.2309292507213132,0.10622257478732872
445,1.755692699724518,0.29,1072.0,211.2642294708618,54598.33415520843,0.0071,609630590.5947474,27520888.945877865,Selsis,-0.31854074710174346,-0.682723083984494,GP,0.08753761810390868,8.092281525279824e+23,0.8919193669180645,0.08753761810390868
446,1.755692699724518,0.29,1072.0,211.2642294708618,18351.71772371397,0.0071,2391349387.4218063,94487258.17663354,Selsis,-0.35391762668538096,-0.6371208458362153,linear,0.2439069149589084,5.191620971683109e+24,0.9194891061615745,0.2439069149589084
447,1.755692699724518,0.29,1072.0,211.2642294708618,3640.763437090348,0.0071,8485311040.317402,85050987.42208506,Selsis,-0.3746023144118991,-0.6545317695880739,log,0.2519744416478134,7.29540373034783e+24,0.09040948068678878,0.2519744416478134
448,1.755692699724518,0.29,1072.0,211.2642294708618,6283.328222012975,0.0071,5412307817.578878,50983749.302242145,Selsis,-0.3783345503276514,-0.7733664463475899,GP,0.22621886359939164,5.230056314540672e+24,0.1890209016415908,0.22621886359939164
449,1.755692699724518,0.29,1072.0,211.2642294708618,21793.610680598405,0.0071,2110973801.684925,33836909.79084915,Selsis,-0.45946501633928166,-0.74773176964334,linear,0.06404445892123012,9.017935786928562e+23,0.07760423471107514,0.06404445892123012
450,1.755692699724518,0.29,1072.0,211.2642294708618,6284.94143620315,0.0071,2854152574.177303,57453080.389278136,Jackson,-0.35203660133979875,-0.7819476825212608,linear,0.17032764878269016,1.9823199646463355e+24,0.9722411501986639,0.17032764878269016
451,1.755692699724518,0.29,1072.0,211.2642294708618,4083.4832083132655,0.0071,4319238198.996686,55019006.5984787,Jackson,-0.4329429221971274,-0.7214110880549013,GP,0.21636853984056875,2.1346144982403555e+24,0.46777681204339694,0.21636853984056875
452,1.755692699724518,0.29,1072.0,211.2642294708618,4736.02515731174,0.0071,3736930464.5353622,33318844.01658172,Jackson,-0.40138293620347815,-0.6777415732014606,log,0.19482769774595582,2.239323802938033e+24,0.5996852035850306,0.19482769774595582
453,1.755692699724518,0.29,1072.0,211.2642294708618,4320.103482594329,0.0071,4086868148.4918914,22983495.732350126,Jackson,-0.40470201612353485,-0.7340255243816186,linear,0.25613168230807776,2.836892064439358e+24,0.6739844791163224,0.25613168230807776
454,1.755692699724518,0.29,1072.0,211.2642294708618,17313.270330611038,0.0071,2495223632.9075303,26397858.262320187,Selsis,-0.3183702507106125,-0.793365153488874,GP,0.06598690953140188,1.7187910019117005e+24,0.9029009382447151,0.06598690953140188
455,1.755692699724518,0.29,1072.0,211.2642294708618,30605.20854681437,0.0071,1657090603.506767,3102559.842306558,Selsis,-0.307910659029034,-0.7946894352122257,GP,0.07670908632621043,1.902949518895131e+24,0.25831182528013874,0.07670908632621043
456,1.755692699724518,0.29,1072.0,211.2642294708618,4896.157527628658,0.0071,3618636674.6192403,69805791.48890573,Jackson,-0.401325943139308,-0.7837371766309928,linear,0.1782752229942476,1.7286587963205648e+24,0.21500952645157,0.1782752229942476
457,1.755692699724518,0.29,1072.0,211.2642294708618,54613.48284080086,0.0071,833562521.973624,18808882.716065668,Selsis,-0.30361427948274905,-0.708268696230216,GP,0.10534555040845713,1.4829252181849974e+24,0.8798185714124888,0.10534555040845713
458,1.755692699724518,0.29,1072.0,211.2642294708618,30666.22243262812,0.0071,1654777929.9474306,42296782.25913037,Selsis,-0.35255745055894855,-0.653396006655642,GP,0.2555018454485974,4.6140370555031745e+24,0.47500899921752626,0.2555018454485974
459,1.755692699724518,0.29,1072.0,211.2642294708618,4010.3300791583956,0.0071,4396897284.149868,44563690.29587493,Jackson,-0.3888891863727032,-0.7716817696846627,linear,0.17619302952624838,1.9698446882376333e+24,0.5525302021243872,0.17619302952624838
460,1.755692699724518,0.29,1072.0,211.2642294708618,3492.0729949212973,0.0071,5045741484.001325,60650257.644265085,Jackson,-0.4861554494165424,-0.7757284252546246,GP,0.11971309379245659,1.042014602263114e+24,0.4912803499045051,0.11971309379245659
461,1.755692699724518,0.29,1072.0,211.2642294708618,18486.429778182453,0.0071,2378627619.9472785,3206426.9445986995,Selsis,-0.48932071760814494,-0.7727503179904389,linear,0.18866260459887899,2.8812752774583975e+24,0.24330351886285861,0.18866260459887899
462,1.755692699724518,0.29,1072.0,211.2642294708618,54609.370954666425,0.0071,767040183.6944774,78378475.61329097,Selsis,-0.4977996866432745,-0.6158574574430938,log,0.059313607940384275,3.911672696849889e+23,0.11908506954932974,0.059313607940384275
463,1.755692699724518,0.29,1072.0,211.2642294708618,27917.41446949315,0.0071,1767895751.0460792,49426408.72209897,Selsis,-0.34484688956298926,-0.6135073249370072,log,0.3486169708001467,7.209544763561956e+24,0.5659382387497529,0.3486169708001467
464,1.755692699724518,0.29,1072.0,211.2642294708618,2944.6122977508658,0.0071,5997905582.849931,51290744.58396552,Jackson,-0.32035195346251777,-0.7578730828188392,GP,0.18264247337438286,3.2783838933218585e+24,0.24864087651002498,0.18264247337438286
465,1.755692699724518,0.29,1072.0,211.2642294708618,54775.54863296123,0.0071,1018462940.7311652,98651328.66651312,Selsis,-0.29953235562805675,-0.6135813086934805,GP,0.31873810872050445,5.138406133202879e+24,0.29754738217801124,0.31873810872050445
466,1.755692699724518,0.29,1072.0,211.2642294708618,3491.7951172368726,0.0071,5046144371.09574,96188634.33337837,Jackson,-0.39370585582464707,-0.738958078401941,log,0.3038993933830237,3.3110257686828155e+24,0.8960642614792265,0.3038993933830237
467,1.755692699724518,0.29,1072.0,211.2642294708618,3221.8240293810904,0.0071,9419821561.477566,52264315.556225106,Selsis,-0.43694586772803573,-0.6759362119348579,GP,0.2444790655954779,5.851138304480131e+24,0.984944018375581,0.2444790655954779
468,1.755692699724518,0.29,1072.0,211.2642294708618,21646.04116391377,0.0071,2121350652.3960617,74640432.95320377,Selsis,-0.4795243690266415,-0.62584790917595,linear,0.05409630127361339,8.334070492471613e+23,0.09859138843174442,0.05409630127361339
469,1.755692699724518,0.29,1072.0,211.2642294708618,4509.793746014434,0.0071,7091390562.787635,39615327.1802069,Selsis,-0.291799260450817,-0.7107651765003633,log,0.05040704298327679,2.2715487413711077e+24,0.9780964192562127,0.05040704298327679
470,1.755692699724518,0.29,1072.0,211.2642294708618,3768.9366258793393,0.0071,4675685992.9942465,6192741.369025158,Jackson,-0.4066906943848062,-0.702657452430934,GP,0.25985785456718324,3.2398965495458153e+24,0.23248334690279615,0.25985785456718324
471,1.755692699724518,0.29,1072.0,211.2642294708618,12871.275692770385,0.0071,3102251892.608892,76402975.02825922,Selsis,-0.4501982000480348,-0.7405285227802768,GP,0.09181629533487967,1.460992159197396e+24,0.9381580325515303,0.09181629533487967
472,1.755692699724518,0.29,1072.0,211.2642294708618,17559.443978604297,0.0071,2469703489.8767567,77523125.08306651,Selsis,-0.3617990952935467,-0.6348114174755342,log,0.1595412055684683,3.386668872260948e+24,0.415065323601039,0.1595412055684683
473,1.755692699724518,0.29,1072.0,211.2642294708618,6810.862210705074,0.0071,5074953089.391118,17852658.16448331,Selsis,-0.297245480400272,-0.7617614450940065,GP,0.16183685254922078,6.433084890939773e+24,0.46559977742183556,0.16183685254922078
474,1.755692699724518,0.29,1072.0,211.2642294708618,3920.4733471160966,0.0071,7970883734.039603,72236219.95873776,Selsis,-0.3934218852747204,-0.6008733065944506,linear,0.4504781359167763,1.4172517658862389e+25,0.8354955238977981,0.4504781359167763
475,1.755692699724518,0.29,1072.0,211.2642294708618,6143.748204616881,0.0071,2915739287.3629165,27680693.78065686,Jackson,-0.31358835216989506,-0.7147020480209647,GP,0.14389671798368814,2.3787833814124127e+24,0.5679485526710967,0.14389671798368814
476,1.755692699724518,0.29,1072.0,211.2642294708618,6148.411037389325,0.0071,2913659487.9529257,77628565.0029227,Jackson,-0.4753233586646121,-0.7051590153900765,log,0.05945222732983438,4.802852684691955e+23,0.3628411822635149,0.05945222732983438
477,1.755692699724518,0.29,1072.0,211.2642294708618,28921.192997113845,0.0071,742796180.0689013,11404245.698134843,Jackson,-0.3628717616077514,-0.6613226443513703,linear,0.16747475332528863,1.3202078120422146e+24,0.5817960111941162,0.16747475332528863
478,1.755692699724518,0.29,1072.0,211.2642294708618,2444.7280158884073,0.0071,7274074618.807515,28446076.291860342,Jackson,-0.36738053526260883,-0.74241268183461,linear,0.08563617295450215,1.253208102139089e+24,0.625580868147135,0.08563617295450215
479,1.755692699724518,0.29,1072.0,211.2642294708618,24285.048821525514,0.0071,860267207.5716497,62753296.37607679,Jackson,-0.457604700830161,-0.6057146872648072,linear,0.1141015813976306,7.205804154272599e+23,0.9064080934318993,0.1141015813976306
480,1.755692699724518,0.29,1072.0,211.2642294708618,4694.88047869587,0.0071,6859397898.687975,98397616.68952185,Selsis,-0.42827532813981783,-0.6721751277912429,linear,0.1138714473027633,2.5264773564186456e+24,0.2175820089586582,0.1138714473027633
481,1.755692699724518,0.29,1072.0,211.2642294708618,39370.36258700433,0.0071,1390468942.9802816,66306378.740777105,Selsis,-0.3427875569527352,-0.6053770570397289,log,0.19846649068788394,3.5051698863357185e+24,0.4798492127029923,0.19846649068788394
482,1.755692699724518,0.29,1072.0,211.2642294708618,10061.749877103495,0.0071,3735621533.2822413,55314626.217287876,Selsis,-0.2886851126887413,-0.6357617220918527,GP,0.05769105927352045,2.3315409127740923e+24,0.28492116511487564,0.05769105927352045
483,1.755692699724518,0.29,1072.0,211.2642294708618,41654.800909892925,0.0071,1337320547.4131894,46136978.9364479,Selsis,-0.41030195323935253,-0.7438462858586568,linear,0.07135899232094896,8.330968317517313e+23,0.9957155086866428,0.07135899232094896
484,1.755692699724518,0.29,1072.0,211.2642294708618,20727.97601486943,0.0071,984274173.5427928,56134752.26639787,Jackson,-0.4112349869602741,-0.7548719890241719,GP,0.2533327293698772,1.536780491613581e+24,0.9598707447557019,0.2533327293698772
485,1.755692699724518,0.29,1072.0,211.2642294708618,2244.825089047882,0.0071,7959662047.998025,37820150.687498,Jackson,-0.337465119578569,-0.6543049638417122,linear,0.2632175572812195,5.186346382745669e+24,0.17562836736774434,0.2632175572812195
486,1.755692699724518,0.29,1072.0,211.2642294708618,8964.629934145927,0.0071,2056770318.9545977,78017816.92585611,Jackson,-0.3375694775958972,-0.6085041821495136,log,0.30121044054489365,4.030826911826217e+24,0.7429149754551228,0.30121044054489365
487,1.755692699724518,0.29,1072.0,211.2642294708618,6591.869981083376,0.0071,5208792598.198486,64510293.05007796,Selsis,-0.4844764996531911,-0.6361400623284825,log,0.41129085997146003,8.632461780217607e+24,0.7367535299542048,0.41129085997146003
488,1.755692699724518,0.29,1072.0,211.2642294708618,16373.702844935395,0.0071,2598710133.5069537,27085690.072975885,Selsis,-0.49005055214296706,-0.7547187832864811,GP,0.10091991551928194,1.5000402338599327e+24,0.41334050127119804,0.10091991551928194
489,1.755692699724518,0.29,1072.0,211.2642294708618,5403.933677527726,0.0071,3292173493.109985,40230611.52052366,Jackson,-0.4530344411183853,-0.7778284201930966,GP,0.05109349991545939,4.400825779752316e+23,0.630181932931686,0.05109349991545939
490,1.755692699724518,0.29,1072.0,211.2642294708618,1545.1841538359577,0.0071,11967148053.082344,81148485.40346627,Jackson,-0.33845278223083686,-0.7486543320438531,log,0.059954389224773405,1.0883981785155816e+24,0.8012736283071256,0.059954389224773405
491,1.755692699724518,0.29,1072.0,211.2642294708618,4874.687794472414,0.0071,3634029634.5880075,57320443.976906426,Jackson,-0.35622461731218924,-0.682900257656656,GP,0.15023498420345616,1.97797656212105e+24,0.8897865535767345,0.15023498420345616
492,1.755692699724518,0.29,1072.0,211.2642294708618,7543.004544847998,0.0071,2408509601.264741,87665223.36765471,Jackson,-0.3473162389920164,-0.7722528784375259,GP,0.3060637976292613,3.333691069700292e+24,0.8453534795970052,0.3060637976292613
493,1.755692699724518,0.29,1072.0,211.2642294708618,3962.728891277808,0.0071,4449047610.523409,70698242.68317688,Jackson,-0.33287940702709057,-0.6220226907092102,log,0.14433004243385178,2.5521105342827686e+24,0.1349981097217574,0.14433004243385178
494,1.755692699724518,0.29,1072.0,211.2642294708618,4485.4198112811855,0.0071,7123311061.641381,20944616.839450266,Selsis,-0.45839954876165284,-0.6381968366959833,GP,0.2831296396701349,6.908566599208151e+24,0.8457740786371992,0.2831296396701349
495,1.755692699724518,0.29,1072.0,211.2642294708618,3128.5466244028066,0.0071,9661555344.892267,39997764.23726866,Selsis,-0.325680530412705,-0.7554184871455562,linear,0.39084031089323756,1.413539963442197e+25,0.3801511380593592,0.39084031089323756
496,1.755692699724518,0.29,1072.0,211.2642294708618,25105.685773888406,0.0071,1906942472.7850013,84911321.21432023,Selsis,-0.3815163692110927,-0.7706537369993212,log,0.15276569395899245,2.3243206895092393e+24,0.525452155494247,0.15276569395899245
497,1.755692699724518,0.29,1072.0,211.2642294708618,10484.21652617047,0.0071,1785832772.8118775,67756070.52445929,Jackson,-0.4595585495634151,-0.7709634643799943,log,0.132810515302931,9.034395192517907e+23,0.0921765252984229,0.132810515302931
498,1.755692699724518,0.29,1072.0,211.2642294708618,6708.348198966252,0.0071,5136577464.601904,61878873.3353729,Selsis,-0.3855114644835417,-0.6618658819761314,log,0.11317677818268072,2.748492784356427e+24,0.24020675218236232,0.11317677818268072
499,1.755692699724518,0.29,1072.0,211.2642294708618,1358.0475270154895,0.0071,13856946530.071661,3332748.4238346713,Jackson,-0.38640464642708083,-0.7697397738870217,linear,0.057594727211429574,9.292652082089944e+23,0.5128247407708826,0.057594727211429574
500,1.755692699724518,0.29,1072.0,211.2642294708618,2979.3428528644563,0.0071,5926338439.319337,48072097.01937805,Jackson,-0.32664331977042,-0.610311607921104,log,0.06338178390834735,1.3489921780333175e+24,0.5326732052586871,0.06338178390834735
501,1.755692699724518,0.29,1072.0,211.2642294708618,6634.330784141221,0.0071,2713188169.064064,22954899.119224112,Jackson,-0.39642689207926546,-0.7866905127882438,GP,0.43221762552204274,4.29780501745985e+24,0.28931303214190085,0.43221762552204274
502,1.755692699724518,0.29,1072.0,211.2642294708618,4000.2624522713,0.0071,4407818407.008971,53032323.38104681,Jackson,-0.46808813713243763,-0.6802815103669912,log,0.28375097883830375,2.8126945907624987e+24,0.5824975707425618,0.28375097883830375
503,1.755692699724518,0.29,1072.0,211.2642294708618,20489.014877056692,0.0071,2207314598.253284,72598851.52448334,Selsis,-0.29050244847145257,-0.674980998624014,GP,0.08127439165113236,2.4628301384895514e+24,0.6724998993183914,0.08127439165113236
504,1.755692699724518,0.29,1072.0,211.2642294708618,2987.132391855534,0.0071,10056644633.171251,3334121.38940822,Selsis,-0.31310910728234703,-0.7327798760819212,GP,0.05484268939014081,2.3474897504607182e+24,0.2751285250214355,0.05484268939014081
505,1.755692699724518,0.29,1072.0,211.2642294708618,11349.697730222915,0.0071,1663724684.5818415,30142193.393137425,Jackson,-0.3662168829883728,-0.734346155024797,GP,0.06863710948260264,6.674681144530089e+23,0.7651421984817275,0.06863710948260264
506,1.755692699724518,0.29,1072.0,211.2642294708618,54654.719667751604,0.0071,904028271.5123008,19476660.12300252,Selsis,-0.4048605220850589,-0.6699489767074134,log,0.30858626415486845,2.8945896313141544e+24,0.8551765197393632,0.30858626415486845
507,1.755692699724518,0.29,1072.0,211.2642294708618,4766.653458157297,0.0071,3713667229.378188,75383102.25280061,Jackson,-0.4932311223094405,-0.6276057663765149,log,0.3544897358454763,3.6628277154088007e+24,0.2819380309131655,0.3544897358454763
508,1.755692699724518,0.29,1072.0,211.2642294708618,8683.468387198664,0.0071,4188771730.173263,53405123.95898068,Selsis,-0.40063567104245945,-0.6523705252553277,log,0.1298518892349324,2.889360119992811e+24,0.14085566092242907,0.1298518892349324
509,1.755692699724518,0.29,1072.0,211.2642294708618,2622.2288637023535,0.0071,11272782446.415215,72804253.3606693,Selsis,-0.31294567596968276,-0.6191101240188939,GP,0.13032778766090866,6.136068280902333e+24,0.9299339339866495,0.13032778766090866
510,1.755692699724518,0.29,1072.0,211.2642294708618,7660.160526217958,0.0071,4622803742.320881,64305867.94882726,Selsis,-0.4351268918512334,-0.7526961018856727,linear,0.07629862747562038,1.4100793194484948e+24,0.22537027922058395,0.07629862747562038
511,1.755692699724518,0.29,1072.0,211.2642294708618,34810.14306850955,0.0071,1514517390.9852633,26461633.616562735,Selsis,-0.3768892673704533,-0.7004528791860316,log,0.07637138750866784,1.1514998650658535e+24,0.004968084811702855,0.07637138750866784
512,1.755692699724518,0.29,1072.0,211.2642294708618,7541.577262809564,0.0071,2408929421.800618,94008712.31481445,Jackson,-0.3049246556314476,-0.7593407852711823,GP,0.4519222693767266,6.623150674516158e+24,0.5098135498393347,0.4519222693767266
513,1.755692699724518,0.29,1072.0,211.2642294708618,4953.445610503283,0.0071,6563356418.753723,73241078.11017203,Selsis,-0.4357083348907947,-0.7607229297022055,log,0.4086727959149014,8.098625053378816e+24,0.9892187660063902,0.4086727959149014
514,1.755692699724518,0.29,1072.0,211.2642294708618,4547.679719983172,0.0071,7042427621.699163,23744859.951457605,Selsis,-0.3542476960338369,-0.7070341981164368,linear,0.18947181828478704,5.621355690095066e+24,0.2472582421346845,0.18947181828478704
515,1.755692699724518,0.29,1072.0,211.2642294708618,4110.2843360189945,0.0071,4291511309.0980153,49613008.32054273,Jackson,-0.42437565045476894,-0.6011415678268421,GP,0.1657060062799073,2.2876421466826315e+24,0.8829644017677242,0.1657060062799073
516,1.755692699724518,0.29,1072.0,211.2642294708618,11232.95611052356,0.0071,1679108063.2377107,10589546.002670404,Jackson,-0.42535626476198146,-0.6036526353265892,GP,0.06267000147274643,6.76011680990678e+23,0.4944192935330324,0.06267000147274643
517,1.755692699724518,0.29,1072.0,211.2642294708618,2293.9608731527833,0.0071,7778974609.580378,94826900.72547314,Jackson,-0.3470133262191151,-0.6461949718959369,linear,0.29798937842236084,5.310220285287676e+24,0.6732828766368159,0.29798937842236084
518,1.755692699724518,0.29,1072.0,211.2642294708618,27916.956384993544,0.0071,1767916376.8101354,59055960.87029869,Selsis,-0.32072288364790835,-0.6732140095305106,linear,0.09593111703905732,2.076618875832141e+24,0.14381192957069855,0.09593111703905732
519,1.755692699724518,0.29,1072.0,211.2642294708618,54696.40210742228,0.0071,941999112.4284424,1118240.3051992352,Selsis,-0.3984184856399856,-0.698978592158022,linear,0.051744009397431574,5.6827763902753494e+23,0.9663617829594392,0.051744009397431574
520,1.755692699724518,0.29,1072.0,211.2642294708618,2498.6533124968287,0.0071,7109615661.9785795,43529486.945002235,Jackson,-0.46327500932487237,-0.6753524265229381,linear,0.08625515417408108,1.0010594587488231e+24,0.24261154964787446,0.08625515417408108
521,1.755692699724518,0.29,1072.0,211.2642294708618,5385.676625317355,0.0071,6129692369.21753,54109561.30144565,Selsis,-0.4690776723219984,-0.7846217060135161,GP,0.3057351952818143,5.613439078638865e+24,0.8026839862030185,0.3057351952818143
522,1.755692699724518,0.29,1072.0,211.2642294708618,27566.734671837316,0.0071,1783862719.2448132,89429391.04181759,Selsis,-0.34544237819635754,-0.6718201091821451,log,0.07407602229554204,1.34792866203368e+24,0.887653703839322,0.07407602229554204
523,1.755692699724518,0.29,1072.0,211.2642294708618,3472.813833341819,0.0071,5073826776.343627,90887669.55986759,Jackson,-0.3150304283797316,-0.7905792482846601,log,0.08430215725430332,1.424730625614391e+24,0.9398562077385042,0.08430215725430332
524,1.755692699724518,0.29,1072.0,211.2642294708618,6138.5788351002775,0.0071,5514458843.8950405,79848772.77883984,Selsis,-0.3406785971976168,-0.668891442688684,GP,0.09805461842772042,2.9304884705005344e+24,0.7272257959253159,0.09805461842772042
525,1.755692699724518,0.29,1072.0,211.2642294708618,4415.957234211708,0.0071,4000130417.353695,30077534.680999402,Jackson,-0.3262477130448993,-0.6873479251112429,linear,0.22690573713529763,3.82665480804246e+24,0.4168013391924642,0.22690573713529763
526,1.755692699724518,0.29,1072.0,211.2642294708618,7920.149041005042,0.0071,4502579062.345388,35010299.12537198,Selsis,-0.41060948825884735,-0.679439174335542,log,0.09851488883881133,2.1175683927694207e+24,0.9030308428641391,0.09851488883881133
527,1.755692699724518,0.29,1072.0,211.2642294708618,11114.255481301449,0.0071,3461408170.5863657,47178310.76791882,Selsis,-0.2837174901841237,-0.692930888519109,linear,0.3926111472829295,1.5463694118927757e+25,0.8748605408417175,0.3926111472829295
528,1.755692699724518,0.29,1072.0,211.2642294708618,4211.219657525182,0.0071,4190403736.701176,77237453.83227584,Jackson,-0.3897449657085128,-0.6121323947656787,log,0.12162765796195509,1.683476024674555e+24,0.7527050670876974,0.12162765796195509
529,1.755692699724518,0.29,1072.0,211.2642294708618,3495.1925275070416,0.0071,5041223224.620456,17145328.935902227,Jackson,-0.38372711164754897,-0.7903888631604793,GP,0.3163548734839563,3.9206071892570984e+24,0.25955157138669815,0.3163548734839563
530,1.755692699724518,0.29,1072.0,211.2642294708618,2401.4694526803423,0.0071,7411845465.768431,93231926.51080722,Jackson,-0.2844407881498793,-0.7177825770517338,log,0.38980824851532775,9.710087154994922e+24,0.5017088909060914,0.38980824851532775
531,1.755692699724518,0.29,1072.0,211.2642294708618,6186.258209480666,0.0071,5480309907.020787,15975412.264913755,Selsis,-0.37937958089106216,-0.6038581086249171,linear,0.2971774636316467,9.114671422544765e+24,0.8572269195875986,0.2971774636316467
532,1.755692699724518,0.29,1072.0,211.2642294708618,19973.700391178336,0.0071,2248454074.125589,2739827.844918546,Selsis,-0.40797751541593164,-0.7871098394988368,linear,0.34040198696401736,5.874851776866225e+24,0.5209509867214278,0.34040198696401736
533,1.755692699724518,0.29,1072.0,211.2642294708618,9979.619429654362,0.0071,1866736625.049542,27202464.525639508,Jackson,-0.46587226689076694,-0.7423556975638567,linear,0.1889608323955591,1.4317536271466428e+24,0.43283168991923515,0.1889608323955591
534,1.755692699724518,0.29,1072.0,211.2642294708618,6696.884527751745,0.0071,2689523418.908743,72143950.83607274,Jackson,-0.3427407419479833,-0.7366631199479184,log,0.09047622001307018,1.0911665295952882e+24,0.5782370371300711,0.09047622001307018
535,1.755692699724518,0.29,1072.0,211.2642294708618,10084.742539526296,0.0071,3729041718.523279,58205078.47640153,Selsis,-0.4090860327325485,-0.6191630520885595,log,0.07102033404532505,1.6021845942239402e+24,0.6683904525853049,0.07102033404532505
536,1.755692699724518,0.29,1072.0,211.2642294708618,4642.850839974641,0.0071,3809659045.1063232,95209880.76488274,Jackson,-0.3466581350598407,-0.7811553265058968,log,0.11438329163879678,1.4275637146872263e+24,0.6024448564354337,0.11438329163879678
537,1.755692699724518,0.29,1072.0,211.2642294708618,4501.211489828139,0.0071,3926217371.5582867,41762668.09415813,Jackson,-0.2897935819796115,-0.6149240812802773,log,0.2053456763531296,4.928431014608303e+24,0.1246581460076881,0.2053456763531296
538,1.755692699724518,0.29,1072.0,211.2642294708618,54742.0623253041,0.0071,985394271.3691218,26887364.040428262,Selsis,-0.3851989493889732,-0.6489889210381604,log,0.12707557617218815,1.373274377555353e+24,0.35913433294274066,0.12707557617218815
539,1.755692699724518,0.29,1072.0,211.2642294708618,54698.5683250114,0.0071,944014735.7641201,2864807.2292499063,Selsis,-0.37786654191830965,-0.7854150606667248,GP,0.1697088962846434,1.873405664955825e+24,0.8658612349100216,0.1697088962846434
540,1.755692699724518,0.29,1072.0,211.2642294708618,5070.270210565126,0.0071,6439146918.578619,82011649.29422262,Selsis,-0.42645709717405017,-0.6978609740094689,GP,0.29372438211470925,6.244209739192022e+24,0.7974111290978148,0.29372438211470925
541,1.755692699724518,0.29,1072.0,211.2642294708618,3777.0824945430377,0.0071,4665666026.37599,23348445.999426838,Jackson,-0.39924766343384643,-0.7819404759840495,log,0.06407993297097316,7.227770544511149e+23,0.12345752313537006,0.06407993297097316
542,1.755692699724518,0.29,1072.0,211.2642294708618,2827.2124567212672,0.0071,6253867117.957246,10053385.439477824,Jackson,-0.34955366893471357,-0.7858420349975223,log,0.30357274769469117,4.84272389330095e+24,0.7826885406289094,0.30357274769469117
543,1.755692699724518,0.29,1072.0,211.2642294708618,4324.6524427989425,0.0071,4082661098.526862,15273348.890385065,Jackson,-0.3059358423729145,-0.6178579970289031,GP,0.05137858510375209,1.1624970970513537e+24,0.8305947357635888,0.05137858510375209
544,1.755692699724518,0.29,1072.0,211.2642294708618,3458.1752145875057,0.0071,5095396154.330478,14109848.328219777,Jackson,-0.32109718908796225,-0.670421558098759,linear,0.19108139229996127,3.7834391345298777e+24,0.9798068672976248,0.19108139229996127
545,1.755692699724518,0.29,1072.0,211.2642294708618,1659.4012036628703,0.0071,11050663002.538996,80927458.28618036,Jackson,-0.3906225897972486,-0.7768207410067176,linear,0.15795799668542082,2.067016545712684e+24,0.8847975174882382,0.15795799668542082
546,1.755692699724518,0.29,1072.0,211.2642294708618,6849.031227490401,0.0071,5052453827.980816,14916562.8077009,Selsis,-0.34392145910610156,-0.6299865822496539,linear,0.22444829130221958,7.296559168816752e+24,0.2409235792061981,0.22444829130221958
547,1.755692699724518,0.29,1072.0,211.2642294708618,5391.458606052881,0.0071,3299427752.922678,82176051.80442852,Jackson,-0.29567753444657147,-0.7040153052289472,linear,0.07005568529533869,1.2842027873296331e+24,0.6140310870909034,0.07005568529533869
548,1.755692699724518,0.29,1072.0,211.2642294708618,15857.404949717247,0.0071,2660250091.18033,53053204.66994971,Selsis,-0.43078452382567534,-0.68245991539833,GP,0.0640573137140433,1.0750845309095013e+24,0.9088039177714122,0.0640573137140433
549,1.755692699724518,0.29,1072.0,211.2642294708618,4217.646884427309,0.0071,7497510031.52372,53849311.4452336,Selsis,-0.3503347140873781,-0.7454900368135806,linear,0.3065450256895056,8.913161150889716e+24,0.8742338902720278,0.3065450256895056
550,1.755692699724518,0.29,1072.0,211.2642294708618,17329.834406352842,0.0071,2493489766.147231,75367655.22569662,Selsis,-0.477762061017854,-0.6504601233276807,log,0.11583904945589701,1.8188415152931399e+24,0.3715488814993507,0.11583904945589701
551,1.755692699724518,0.29,1072.0,211.2642294708618,13703.116903501372,0.0071,2961657126.9345517,70645835.32694848,Selsis,-0.487664540570237,-0.7855808671810784,linear,0.10052816609054656,1.473010539302555e+24,0.08182672362982013,0.10052816609054656
552,1.755692699724518,0.29,1072.0,211.2642294708618,4727.097729261985,0.0071,6820808596.824366,50717561.93939055,Selsis,-0.3333423577967555,-0.6509314832353179,GP,0.24550507810806868,8.511507399366452e+24,0.7986680345284423,0.24550507810806868
553,1.755692699724518,0.29,1072.0,211.2642294708618,3310.6278391499795,0.0071,5324141815.734438,94038397.13732721,Jackson,-0.41231786112102475,-0.6774449545106471,GP,0.19655818049025034,2.228346839651349e+24,0.5642367547515655,0.19655818049025034
554,1.755692699724518,0.29,1072.0,211.2642294708618,6060.183346063711,0.0071,5571716331.062331,56136261.274562135,Selsis,-0.3391335245296698,-0.6122840265308747,log,0.22187783811792605,7.595396647566671e+24,0.786751909180375,0.22187783811792605
555,1.755692699724518,0.29,1072.0,211.2642294708618,13626.07268467465,0.0071,2974023910.85176,90444744.78082399,Selsis,-0.39590373730424944,-0.7831745256924246,log,0.2277548000948797,3.974881232169899e+24,0.45487652612401097,0.2277548000948797
556,1.755692699724518,0.29,1072.0,211.2642294708618,3663.2360951110445,0.0071,4809972453.393546,82691150.56455939,Jackson,-0.4178563167273905,-0.7326435334765824,log,0.12301370391587306,1.2408831598291695e+24,0.37840712767166274,0.12301370391587306
557,1.755692699724518,0.29,1072.0,211.2642294708618,3194.662748592454,0.0071,5519759141.988897,37155119.62337631,Jackson,-0.39889566714854297,-0.7692561052291071,GP,0.0692170229881641,7.957968097719309e+23,0.23960944804298423,0.0692170229881641
558,1.755692699724518,0.29,1072.0,211.2642294708618,5173.360837405304,0.0071,3432056685.9828205,50698141.46264299,Jackson,-0.4190779061353931,-0.7807767602535576,GP,0.060030178388324314,5.571009095036577e+23,0.46307739900785405,0.060030178388324314
559,1.755692699724518,0.29,1072.0,211.2642294708618,5815.230769030343,0.0071,5760068343.625378,12813444.448507959,Selsis,-0.4058317690960401,-0.6944462217146704,linear,0.11334720036828297,2.668128682817099e+24,0.22667558752051842,0.11334720036828297
560,1.755692699724518,0.29,1072.0,211.2642294708618,7505.721174233294,0.0071,2419528712.1313906,39567097.266182326,Jackson,-0.38235541760498387,-0.6293354810066509,linear,0.2697734273258237,3.166730393103738e+24,0.14751891907573678,0.2697734273258237
561,1.755692699724518,0.29,1072.0,211.2642294708618,4471.631968918691,0.0071,3951529411.7921996,49179849.34670639,Jackson,-0.42693763539479374,-0.6732705216948506,GP,0.19522087855631937,2.078677681345776e+24,0.7502226917927893,0.19522087855631937
562,1.755692699724518,0.29,1072.0,211.2642294708618,9965.869464564312,0.0071,3763362966.442688,75959229.68680227,Selsis,-0.4015988878457124,-0.6863612023615427,log,0.09616768802374467,1.9205924474361988e+24,0.49882561423365857,0.09616768802374467
563,1.755692699724518,0.29,1072.0,211.2642294708618,3000.2067579419677,0.0071,10018561391.864851,27455683.002065837,Selsis,-0.3996879577697649,-0.7986200289686562,GP,0.4261781410978127,1.04132844733365e+25,0.753222930545026,0.4261781410978127
564,1.755692699724518,0.29,1072.0,211.2642294708618,2219.99023585472,0.0071,8054341784.203709,12732696.562147696,Jackson,-0.3589270533332438,-0.7775060293757632,log,0.05350441889133926,8.487916121709422e+23,0.6410202599797642,0.05350441889133926
565,1.755692699724518,0.29,1072.0,211.2642294708618,1840.2115315912813,0.0071,9860304761.520279,49150677.56097441,Jackson,-0.4958519075666551,-0.7291241933888266,log,0.24852845574157945,2.629639457313584e+24,0.17846490898284206,0.24852845574157945
566,1.755692699724518,0.29,1072.0,211.2642294708618,7302.106897961721,0.0071,2481712142.996612,17600722.25740261,Jackson,-0.34981669971508994,-0.6500673164052297,GP,0.09675788691470093,1.3319272612834784e+24,0.2619994563581477,0.09675788691470093
567,1.755692699724518,0.29,1072.0,211.2642294708618,25448.151011536305,0.0071,1888554886.6178224,83967427.8452011,Selsis,-0.3597687506553618,-0.6323813739665889,GP,0.09127745548953903,1.6991803258788842e+24,0.9831279422454516,0.09127745548953903
568,1.755692699724518,0.29,1072.0,211.2642294708618,2968.4270514173536,0.0071,10111711365.00339,99808781.429659,Selsis,-0.49938869356017945,-0.7804134379363504,log,0.354906933055937,6.662166759641562e+24,0.7475099083338455,0.354906933055937
569,1.755692699724518,0.29,1072.0,211.2642294708618,1921.8822242907668,0.0071,9404582037.36541,63866030.80330492,Jackson,-0.2838380604484159,-0.6167044336319982,linear,0.3039358812871628,9.535874357774832e+24,0.16684944940181579,0.3039358812871628
570,1.755692699724518,0.29,1072.0,211.2642294708618,10510.456186793435,0.0071,1781835617.1607282,77729509.81623802,Jackson,-0.47778759402510557,-0.6440904516219748,log,0.05947109371901806,4.555737692873822e+23,0.030171094155401423,0.05947109371901806
571,1.755692699724518,0.29,1072.0,211.2642294708618,6770.81400687357,0.0071,2662125693.867412,31340457.9893299,Jackson,-0.3948818181540615,-0.6650536378557613,log,0.16153804534714783,1.7604719794012228e+24,0.26227419628312754,0.16153804534714783
572,1.755692699724518,0.29,1072.0,211.2642294708618,4528.706484148298,0.0071,3902997744.8222313,73431942.09545368,Jackson,-0.4925196658331438,-0.7830405373653792,log,0.28865705779451906,2.3000265662282288e+24,0.671381741021553,0.28865705779451906
573,1.755692699724518,0.29,1072.0,211.2642294708618,2415.7237607553443,0.0071,7365851876.293276,65842959.84189106,Jackson,-0.3715376609393751,-0.716290117531838,log,0.33728102299882934,4.728947823956336e+24,0.24580976598936632,0.33728102299882934
574,1.755692699724518,0.29,1072.0,211.2642294708618,6161.637332476063,0.0071,2907777483.901801,31544738.51317113,Jackson,-0.373305728600272,-0.7956520472682147,log,0.1576643052445908,1.7209214319650364e+24,0.2863041371566475,0.1576643052445908
575,1.755692699724518,0.29,1072.0,211.2642294708618,7616.174278580964,0.0071,2387198994.5278025,11189906.62410113,Jackson,-0.48914234075808494,-0.7825210887821845,log,0.11577441374426402,9.420820328981514e+23,0.14212520953630947,0.11577441374426402
576,1.755692699724518,0.29,1072.0,211.2642294708618,5080.111011782185,0.0071,6428934920.190428,39017099.86859894,Selsis,-0.48650907107966085,-0.7485468893950616,log,0.2230481867424838,4.181245839540331e+24,0.884516279845099,0.2230481867424838
577,1.755692699724518,0.29,1072.0,211.2642294708618,11556.610701895806,0.0071,3361628313.0603237,93451813.9217783,Selsis,-0.43143742061158497,-0.6033126423083592,GP,0.05125946153931126,1.0888907721544933e+24,0.9539232515748539,0.05125946153931126
578,1.755692699724518,0.29,1072.0,211.2642294708618,11641.311168957714,0.0071,1626622193.2820423,41490495.14404377,Jackson,-0.42859139317141326,-0.6332139806038072,GP,0.30774570519598005,2.696666119510203e+24,0.9382005262487677,0.30774570519598005
579,1.755692699724518,0.29,1072.0,211.2642294708618,8457.81568473454,0.0071,4276015726.014918,4633929.823493331,Selsis,-0.3187877332207021,-0.6703176643230079,linear,0.1499594050322581,5.223163811371297e+24,0.5744833935626262,0.1499594050322581
580,1.755692699724518,0.29,1072.0,211.2642294708618,33568.75813750279,0.0071,1553344325.816908,18917214.25791815,Selsis,-0.3222048051739209,-0.7810272166608443,GP,0.07888588901422586,1.5972430566931423e+24,0.2948840835588471,0.07888588901422586
581,1.755692699724518,0.29,1072.0,211.2642294708618,18661.962573341552,0.0071,2362298311.6081915,68877762.20731921,Selsis,-0.35784348734356075,-0.7347480063014241,log,0.11848732438480421,2.2876894689509387e+24,0.3547795969939658,0.11848732438480421
582,1.755692699724518,0.29,1072.0,211.2642294708618,3854.710553473306,0.0071,8085255750.170184,18024447.497797456,Selsis,-0.2984254612818381,-0.693305874688405,GP,0.4409104988965916,2.008303348439001e+25,0.19023741334077426,0.4409104988965916
583,1.755692699724518,0.29,1072.0,211.2642294708618,4097.443969102583,0.0071,4304747775.844183,74908338.48130576,Jackson,-0.32719726836562274,-0.6311064274389051,GP,0.0939164976745246,1.6540940214836508e+24,0.8348638891277107,0.0939164976745246
584,1.755692699724518,0.29,1072.0,211.2642294708618,3380.1419873370387,0.0071,5213726614.711317,95805742.20456241,Jackson,-0.4052062577587511,-0.6605515489682487,linear,0.41599877386259865,4.970888428403399e+24,0.9688371804773417,0.41599877386259865
585,1.755692699724518,0.29,1072.0,211.2642294708618,3956.533064560447,0.0071,7909747897.876718,5451318.780695819,Selsis,-0.4713694682688582,-0.6214934197816238,log,0.08990745122572792,2.4100158970419515e+24,0.6285808773221725,0.08990745122572792
586,1.755692699724518,0.29,1072.0,211.2642294708618,11344.756044809614,0.0071,3408528656.20673,71739954.1197478,Selsis,-0.32248178876923045,-0.7820700958734994,linear,0.11116276002901217,3.021666080296368e+24,0.06086314644395485,0.11116276002901217
587,1.755692699724518,0.29,1072.0,211.2642294708618,2607.864176216132,0.0071,6799179999.894641,97918240.19433841,Jackson,-0.40530798740455404,-0.720326179715619,GP,0.3520419191542868,4.04237359656211e+24,0.955546517667043,0.3520419191542868
588,1.755692699724518,0.29,1072.0,211.2642294708618,5962.496769584259,0.0071,2999151144.250205,54323436.24508619,Jackson,-0.4988986418403018,-0.7608567395605524,log,0.1738328852006726,1.3449444004346604e+24,0.8103186632336112,0.1738328852006726
589,1.755692699724518,0.29,1072.0,211.2642294708618,3843.164928132301,0.0071,8105730400.391758,46518301.72107836,Selsis,-0.439536160158332,-0.7528066130834659,log,0.09651533437106827,2.0292966996177503e+24,0.3025934855341843,0.09651533437106827
590,1.755692699724518,0.29,1072.0,211.2642294708618,6957.214374627503,0.0071,4989950709.832497,98399810.72203736,Selsis,-0.43231314883866534,-0.6174648371658654,linear,0.17648705222447886,4.08210422753408e+24,0.29522106077224186,0.17648705222447886
591,1.755692699724518,0.29,1072.0,211.2642294708618,6803.636229224619,0.0071,2650155093.97751,14330112.732825339,Jackson,-0.4873318124751627,-0.7219730526281768,GP,0.3397097915120608,2.932475372463011e+24,0.5149703803305238,0.3397097915120608
592,1.755692699724518,0.29,1072.0,211.2642294708618,38900.68636525217,0.0071,1402067791.9338899,70525401.92024899,Selsis,-0.33726905868639545,-0.6618611823799475,log,0.05396457086581839,8.981941192976371e+23,0.6158324627596009,0.05396457086581839
593,1.755692699724518,0.29,1072.0,211.2642294708618,2854.9692839991335,0.0071,6191301723.87835,86177940.06512313,Jackson,-0.421370062596482,-0.7712995966751325,log,0.1303934904400162,1.3327567176572063e+24,0.2638017004884454,0.1303934904400162
594,1.755692699724518,0.29,1072.0,211.2642294708618,5512.848855093729,0.0071,6014530867.908434,59068581.414636664,Selsis,-0.38638800735826717,-0.6042681050594865,GP,0.07310079849333252,2.153614599843592e+24,0.25221912826344683,0.07310079849333252
595,1.755692699724518,0.29,1072.0,211.2642294708618,23257.153767718406,0.0071,2014443856.274418,36873115.8758152,Selsis,-0.49105582134150183,-0.7968919762188315,linear,0.06401616765500937,8.322890561271427e+23,0.6542738484819249,0.06401616765500937
596,1.755692699724518,0.29,1072.0,211.2642294708618,9203.437091136011,0.0071,2008317116.2763143,81696304.00932202,Jackson,-0.4237123871672569,-0.7732462568323656,log,0.1019501008193675,7.620163186654944e+23,0.541620100685689,0.1019501008193675
597,1.755692699724518,0.29,1072.0,211.2642294708618,6178.490306348127,0.0071,2900319733.094329,75789561.51395185,Jackson,-0.2899030946789623,-0.7612832272120892,log,0.07196151568373257,1.3069326064149174e+24,0.9977871161280665,0.07196151568373257
598,1.755692699724518,0.29,1072.0,211.2642294708618,9456.299447577208,0.0071,3919536680.503696,2542178.4574144688,Selsis,-0.4088016419207346,-0.6220633613480447,log,0.3423563875493129,8.539320954668301e+24,0.946175069314081,0.3423563875493129
599,1.755692699724518,0.29,1072.0,211.2642294708618,2222.206233384308,0.0071,8045798803.934506,32130009.065817304,Jackson,-0.49363714246736057,-0.642704755948653,GP,0.18102300524088247,2.347862937258284e+24,0.4148635188117187,0.18102300524088247
600,1.755692699724518,0.29,1072.0,211.2642294708618,3404.6564391970605,0.0071,5175931513.146047,7179852.438798779,Jackson,-0.4340220523400099,-0.645505795791624,GP,0.49597001956356757,6.610061382848843e+24,0.014160990190410394,0.49597001956356757
601,1.755692699724518,0.29,1072.0,211.2642294708618,1416.0004985454173,0.0071,13210044342.610632,31875589.038587797,Jackson,-0.35764794669756717,-0.6481355285377316,linear,0.05947633886985432,1.232555490695464e+24,0.5638350339293979,0.05947633886985432
602,1.755692699724518,0.29,1072.0,211.2642294708618,13708.791471324457,0.0071,1408001696.7609525,42992039.17998133,Jackson,-0.3799380446936082,-0.6809329705199119,log,0.06733224696083835,5.8495382337462674e+23,0.7408405246891193,0.06733224696083835
603,1.755692699724518,0.29,1072.0,211.2642294708618,7863.941763043662,0.0071,4527937841.285945,90477456.40447283,Selsis,-0.28424347893218177,-0.6723978507635636,log,0.23924835339760236,1.0064557050188655e+25,0.7113143992076225,0.23924835339760236
604,1.755692699724518,0.29,1072.0,211.2642294708618,4352.870459587197,0.0071,7302958654.797679,18720168.886397284,Selsis,-0.3933479717553729,-0.6160730489569011,GP,0.15859481138305806,4.8230445618362845e+24,0.4713179408777578,0.15859481138305806
605,1.755692699724518,0.29,1072.0,211.2642294708618,36201.034955541974,0.0071,1473794389.6583521,40709958.55265051,Selsis,-0.41091078989178126,-0.7823473236113802,GP,0.06099538617586631,7.598124490736454e+23,0.3120540364364601,0.06099538617586631
606,1.755692699724518,0.29,1072.0,211.2642294708618,10550.074301150351,0.0071,3601600554.868244,41206643.794007525,Selsis,-0.47894319065170554,-0.6603470395261515,linear,0.09865262058700838,1.7951137383941988e+24,0.5833401440630926,0.09865262058700838
607,1.755692699724518,0.29,1072.0,211.2642294708618,13422.521075209845,0.0071,1434345251.3464859,72642381.76051946,Jackson,-0.35830692484285837,-0.6399884564318485,GP,0.14535438098125766,1.404096010524901e+24,0.8211377296145428,0.14535438098125766
608,1.755692699724518,0.29,1072.0,211.2642294708618,4173.298234572663,0.0071,4227789562.9492264,89807690.65698491,Jackson,-0.35277928254461693,-0.7387321436815307,log,0.2421380017012811,3.087268534900476e+24,0.07111371154564405,0.2421380017012811
609,1.755692699724518,0.29,1072.0,211.2642294708618,11524.152068825386,0.0071,3368711872.164441,25854868.782286495,Selsis,-0.4304092084548067,-0.634703596646279,linear,0.06616166019290877,1.36521547408745e+24,0.13803961189977776,0.06616166019290877
610,1.755692699724518,0.29,1072.0,211.2642294708618,26404.6075443272,0.0071,1839448327.027471,37531197.45974741,Selsis,-0.3283159219494366,-0.6414474037283644,GP,0.07113389575865238,1.5972822834528295e+24,0.8564283624847485,0.07113389575865238
611,1.755692699724518,0.29,1072.0,211.2642294708618,5921.742170919423,0.0071,3018622852.1792827,35988990.99158701,Jackson,-0.45732794174085656,-0.6362643282570013,log,0.10263404989101793,1.0672770302308378e+24,0.41955711751752844,0.10263404989101793
612,1.755692699724518,0.29,1072.0,211.2642294708618,7247.216821494078,0.0071,4830385538.508086,22118228.459168937,Selsis,-0.493458372515111,-0.69616925046107,linear,0.10370781559390405,1.950320245318145e+24,0.5388299319551494,0.10370781559390405
613,1.755692699724518,0.29,1072.0,211.2642294708618,5064.687194840185,0.0071,6444957479.324141,35830907.09560269,Selsis,-0.4769904006819407,-0.7007445252897583,log,0.1433700547625431,2.869924340552683e+24,0.5395058732104249,0.1433700547625431
614,1.755692699724518,0.29,1072.0,211.2642294708618,10244.823962776698,0.0071,3683990550.8539433,69900696.1786059,Selsis,-0.49930978902808787,-0.6701840088593256,linear,0.097296754615845,1.6722378175375574e+24,0.6731185038711166,0.097296754615845
615,1.755692699724518,0.29,1072.0,211.2642294708618,4165.0310037184,0.0071,4236034627.836207,3941742.7836544034,Jackson,-0.37452975702547314,-0.7993910378308835,log,0.15059878210463098,1.9738424141816355e+24,0.19782790749002,0.15059878210463098
616,1.755692699724518,0.29,1072.0,211.2642294708618,3721.6692271835295,0.0071,4734741497.800025,66204937.27801814,Jackson,-0.37457269009211996,-0.6441648441008542,GP,0.09040813229812264,1.2605684913801095e+24,0.6507449348335693,0.09040813229812264
617,1.755692699724518,0.29,1072.0,211.2642294708618,3454.8631101742085,0.0071,5100303320.217889,96706418.87330352,Jackson,-0.40125157181230964,-0.6808495300816196,linear,0.1674013950922204,1.9243663415056203e+24,0.14188693917306916,0.1674013950922204
618,1.755692699724518,0.29,1072.0,211.2642294708618,2814.986840938811,0.0071,6281846770.310551,58178215.96884028,Jackson,-0.35652477206886457,-0.7568614090906424,GP,0.1971106874188689,2.797137229606418e+24,0.04215816668818173,0.1971106874188689
619,1.755692699724518,0.29,1072.0,211.2642294708618,2718.460296469471,0.0071,6512324429.200601,89718195.20836928,Jackson,-0.449533506634439,-0.7561909487961336,GP,0.06398440142290697,6.187844057374373e+23,0.8342910973678344,0.06398440142290697
620,1.755692699724518,0.29,1072.0,211.2642294708618,54773.942296868096,0.0071,1016852014.6073463,63276932.006882705,Selsis,-0.36520772910427174,-0.663708654309754,GP,0.23351304791714267,2.5374976798233216e+24,0.5789980226902036,0.23351304791714267
621,1.755692699724518,0.29,1072.0,211.2642294708618,10061.86798471655,0.0071,1853002307.8445227,51464248.65061114,Jackson,-0.46491390361436835,-0.6787633159051147,log,0.23138451236621002,1.778028164419141e+24,0.9601743497494639,0.23138451236621002
622,1.755692699724518,0.29,1072.0,211.2642294708618,4350.221978654652,0.0071,4059184296.596211,87403230.58722037,Jackson,-0.38366218442635863,-0.6168632976715258,GP,0.48764727605773894,6.626562481026971e+24,0.8206648640047026,0.48764727605773894
623,1.755692699724518,0.29,1072.0,211.2642294708618,4925.742828538844,0.0071,3597652704.3394527,71478052.62972493,Jackson,-0.3758056942400724,-0.7942856288516847,GP,0.060892034702500764,6.524697442599575e+23,0.058427390184963346,0.060892034702500764
624,1.755692699724518,0.29,1072.0,211.2642294708618,11562.595583427112,0.0071,3360326174.3378224,59573073.858256005,Selsis,-0.38516216757544547,-0.7660591644660564,log,0.22738203131742374,4.4390550312174356e+24,0.6776158367653459,0.22738203131742374
625,1.755692699724518,0.29,1072.0,211.2642294708618,54599.67254551015,0.0071,630424919.229078,22824633.036059998,Selsis,-0.4047026187221409,-0.6576762293770866,GP,0.3400626794341103,2.3007676117387306e+24,0.8559200065109595,0.3400626794341103
626,1.755692699724518,0.29,1072.0,211.2642294708618,3307.0206909870126,0.0071,9210843034.441647,92682654.22240831,Selsis,-0.4292365196836891,-0.7648989095024048,linear,0.15024934302971052,3.192182093593199e+24,0.28023341117963996,0.15024934302971052
627,1.755692699724518,0.29,1072.0,211.2642294708618,26258.857548068776,0.0071,1846726497.2600598,74909931.59664671,Selsis,-0.36120894730948944,-0.7627061620890366,GP,0.1392668473025841,2.299885991547101e+24,0.624708137798899,0.1392668473025841
628,1.755692699724518,0.29,1072.0,211.2642294708618,3975.5858729500137,0.0071,7877883062.078075,27427402.849865675,Selsis,-0.41558807313815066,-0.6769655531340611,linear,0.3868971152738442,9.567454342720547e+24,0.8594765619558082,0.3868971152738442
629,1.755692699724518,0.29,1072.0,211.2642294708618,6003.966579132805,0.0071,5613649772.050601,55203854.19337992,Selsis,-0.3967142086005625,-0.782045829949001,log,0.31749425870230924,6.834706482396954e+24,0.6727524438885133,0.31749425870230924
630,1.755692699724518,0.29,1072.0,211.2642294708618,17904.4602096415,0.0071,2434816762.7431717,53981758.64095217,Selsis,-0.36818680664693737,-0.6223481795743969,log,0.054060874825167506,1.1642817764690615e+24,0.44662643083086384,0.054060874825167506
631,1.755692699724518,0.29,1072.0,211.2642294708618,12342.356528783026,0.0071,3200554525.947089,11524211.299049284,Selsis,-0.39394073776813315,-0.7750603139558239,log,0.07102734817316232,1.4066713249958003e+24,0.16519196459416208,0.07102734817316232
632,1.755692699724518,0.29,1072.0,211.2642294708618,7681.387666846466,0.0071,2368548905.769154,3464589.0881315223,Jackson,-0.3213357233537743,-0.7269764063136481,GP,0.13875956241022297,2.2227616130000514e+24,0.08482356373575739,0.13875956241022297
633,1.755692699724518,0.29,1072.0,211.2642294708618,17122.773263845575,0.0071,2515380354.7872543,65342569.21534721,Selsis,-0.33252339827195015,-0.6256206370754093,log,0.09540466340357387,2.4333308110678193e+24,0.7685898584513393,0.09540466340357387
634,1.755692699724518,0.29,1072.0,211.2642294708618,2269.2202007984492,0.0071,12824841071.807436,42160536.94609111,Selsis,-0.30985112651635544,-0.6473526132321843,GP,0.05499153564307124,2.6193865092898477e+24,0.28499785572833913,0.05499153564307124
635,1.755692699724518,0.29,1072.0,211.2642294708618,1904.3567635034844,0.0071,9498690406.115694,48716551.41076247,Jackson,-0.2845954199194075,-0.6861280591018635,linear,0.06366441055434616,1.8079021059938276e+24,0.30451481873039843,0.06366441055434616
636,1.755692699724518,0.29,1072.0,211.2642294708618,28801.642656437692,0.0071,1729322639.57757,45161747.19114244,Selsis,-0.4750852715115346,-0.6211516596058044,GP,0.08605245953871758,1.2470777451895123e+24,0.3233566499587577,0.08605245953871758
637,1.755692699724518,0.29,1072.0,211.2642294708618,3246.1683143293644,0.0071,5431035595.213073,34359964.3847031,Jackson,-0.3139974798068567,-0.678181747917539,linear,0.07769231071669021,1.558622785782241e+24,0.27443074692655545,0.07769231071669021
638,1.755692699724518,0.29,1072.0,211.2642294708618,4496.676457023243,0.0071,3930075624.312443,11000779.72426584,Jackson,-0.41872042812324856,-0.7163273651005561,linear,0.06574079388475818,7.286254130086293e+23,0.07420106883768396,0.06574079388475818
639,1.755692699724518,0.29,1072.0,211.2642294708618,5981.743435069526,0.0071,2990049486.351545,7675529.779361162,Jackson,-0.30263167277598657,-0.6528168812086642,log,0.12672868153724373,2.5929208717558127e+24,0.3478656358131781,0.12672868153724373
640,1.755692699724518,0.29,1072.0,211.2642294708618,4268.037204933598,0.0071,7423611919.247731,72230764.70365953,Selsis,-0.36505749579297614,-0.7460570511450654,log,0.05021254997330976,1.3285145926932904e+24,0.864329659297157,0.05021254997330976
641,1.755692699724518,0.29,1072.0,211.2642294708618,5954.42908557457,0.0071,3002984150.0723743,38102722.728492446,Jackson,-0.2975406781060054,-0.7402895944319723,linear,0.1015297532556113,1.860669915064464e+24,0.8523157970716048,0.1015297532556113
642,1.755692699724518,0.29,1072.0,211.2642294708618,2688.0344946115833,0.0071,6588690122.281886,19622769.29644063,Jackson,-0.31243163889600567,-0.6541024396004949,linear,0.17093619083869208,3.889531066390982e+24,0.6329793927952906,0.17093619083869208
643,1.755692699724518,0.29,1072.0,211.2642294708618,54598.33415520843,0.0071,574272857.9599096,20303425.549029,Selsis,-0.3794579504140343,-0.7946941216279628,GP,0.267238997943727,1.6870172203721684e+24,0.564178756850812,0.267238997943727
644,1.755692699724518,0.29,1072.0,211.2642294708618,4723.852794112267,0.0071,3746262699.380622,63970802.64744103,Jackson,-0.3005511653470407,-0.6926626932876926,linear,0.17829532582930116,3.368620296464817e+24,0.9273253179493788,0.17829532582930116
645,1.755692699724518,0.29,1072.0,211.2642294708618,4394.669094313925,0.0071,4019053107.8758187,70154048.68513633,Jackson,-0.31744127472477507,-0.650885937389498,linear,0.16291348375517578,2.8929688857293776e+24,0.7411568853450514,0.16291348375517578
646,1.755692699724518,0.29,1072.0,211.2642294708618,27875.688529837425,0.0071,1769776966.885685,61025852.82273698,Selsis,-0.31073509174586567,-0.686228388781575,linear,0.16574319576357022,3.806840494737466e+24,0.20911383254237592,0.16574319576357022
647,1.755692699724518,0.29,1072.0,211.2642294708618,1970.2908971871057,0.0071,9154330640.086988,61014303.37779194,Jackson,-0.47448233864836553,-0.7717429284650079,log,0.1122012700669098,1.127630558427292e+24,0.992889111431216,0.1122012700669098
648,1.755692699724518,0.29,1072.0,211.2642294708618,3011.85263506442,0.0071,9984916534.793303,32405908.16743313,Selsis,-0.2944768742818369,-0.7115038744800922,log,0.16004739312868688,7.657286893372441e+24,0.5463339988168602,0.16004739312868688
649,1.755692699724518,0.29,1072.0,211.2642294708618,7674.813216565364,0.0071,4615824627.5752535,29562184.7140233,Selsis,-0.29583371085603977,-0.7865290675477721,log,0.06614812432078894,2.53686589905245e+24,0.987748323931982,0.06614812432078894
650,1.755692699724518,0.29,1072.0,211.2642294708618,10302.308091044726,0.0071,3668129724.3174734,64502250.93825765,Selsis,-0.3022529391636446,-0.6654803714930975,log,0.07825720648539956,2.705565309995595e+24,0.6618120284797072,0.07825720648539956
651,1.755692699724518,0.29,1072.0,211.2642294708618,7094.136114048504,0.0071,4913112162.510643,1516967.9356109768,Selsis,-0.2858734692028744,-0.6044103047794617,GP,0.127608395277847,6.652369196386408e+24,0.9521261716338746,0.127608395277847
652,1.755692699724518,0.29,1072.0,211.2642294708618,1818.9196761076232,0.0071,9986674133.042995,26922157.953245204,Jackson,-0.4048932851026718,-0.6989002385210481,GP,0.2291364986486514,3.261043480268281e+24,0.020291785193947698,0.2291364986486514
653,1.755692699724518,0.29,1072.0,211.2642294708618,4378.069190931815,0.0071,7267994452.039694,36108093.1852876,Selsis,-0.3437308913055253,-0.7995362436130529,log,0.06556700658617669,1.9583734327077381e+24,0.9897216189474792,0.06556700658617669
654,1.755692699724518,0.29,1072.0,211.2642294708618,3591.1977482690036,0.0071,4906284035.848875,41909322.63930344,Jackson,-0.4729335217863111,-0.7695782147836374,linear,0.26070239510494264,2.379986487517515e+24,0.6252332125628032,0.26070239510494264
655,1.755692699724518,0.29,1072.0,211.2642294708618,6998.665748765355,0.0071,4966433374.16336,84209117.02190079,Selsis,-0.4636781022270605,-0.6882160712104758,linear,0.08175044968722725,1.5328568482144078e+24,0.9477617965021142,0.08175044968722725
656,1.755692699724518,0.29,1072.0,211.2642294708618,17665.68496106886,0.0071,2458830367.0582047,10461870.044731729,Selsis,-0.43043413181378865,-0.6289644620669479,linear,0.09725971591326486,1.8629627865227722e+24,0.4384167216088565,0.09725971591326486
657,1.755692699724518,0.29,1072.0,211.2642294708618,11538.122650702782,0.0071,1639540567.6336293,86078023.72280727,Jackson,-0.3806163826725189,-0.6701528619502454,linear,0.4248641772232467,3.6806950360982185e+24,0.15520785151666905,0.4248641772232467
658,1.755692699724518,0.29,1072.0,211.2642294708618,6902.218611527345,0.0071,2614893132.305223,42924070.22512753,Jackson,-0.45283051613156583,-0.6767494606576163,linear,0.4385220307860211,3.927679163986914e+24,0.23996146594614964,0.4385220307860211
659,1.755692699724518,0.29,1072.0,211.2642294708618,8115.727829463844,0.0071,2251993449.6748266,50284772.73022919,Jackson,-0.4968225110664462,-0.7547446153632006,log,0.05191852787341511,3.764880569359106e+23,0.3379361424216435,0.05191852787341511
660,1.755692699724518,0.29,1072.0,211.2642294708618,15014.390659652632,0.0071,2768886175.1915646,55335452.21432748,Selsis,-0.40696523594687994,-0.664323080695745,GP,0.2457984173846135,4.539225641689224e+24,0.6184441423099934,0.2457984173846135
661,1.755692699724518,0.29,1072.0,211.2642294708618,2545.244778190505,0.0071,6973630934.068719,39139938.531710826,Jackson,-0.4413118067736836,-0.7865358618068421,GP,0.0885947674995913,9.231824350877366e+23,0.6291885700959347,0.0885947674995913
662,1.755692699724518,0.29,1072.0,211.2642294708618,5623.924946831952,0.0071,5918022820.754247,96392618.84930564,Selsis,-0.36729285943319684,-0.6629647470752766,log,0.2314304991186818,6.151615630723466e+24,0.8440181880527057,0.2314304991186818
663,1.755692699724518,0.29,1072.0,211.2642294708618,8513.175085920539,0.0071,4254212074.4944105,76709804.82934996,Selsis,-0.39578033673571394,-0.7129825008061813,log,0.07624546178008873,1.567517724065078e+24,0.926516742649648,0.07624546178008873
664,1.755692699724518,0.29,1072.0,211.2642294708618,4970.780003965975,0.0071,6544571555.655491,45827781.05051113,Selsis,-0.4105276560653174,-0.6711423656854217,log,0.07470479716700407,1.7789501434197907e+24,0.2200476936236171,0.07470479716700407
665,1.755692699724518,0.29,1072.0,211.2642294708618,3598.0963563875057,0.0071,4896884310.473861,48801762.80757036,Jackson,-0.3858200052226226,-0.7470835383405261,log,0.0762764233248068,8.960269397921611e+23,0.13002455004381996,0.0762764233248068
666,1.755692699724518,0.29,1072.0,211.2642294708618,15844.772593352785,0.0071,2661800980.779136,36344387.461257026,Selsis,-0.46681409888372255,-0.6344198525048993,log,0.2309355896049417,4.0706621424105156e+24,0.18579065227413893,0.2309355896049417
667,1.755692699724518,0.29,1072.0,211.2642294708618,4103.251480527572,0.0071,4298750362.37487,68511180.84487034,Jackson,-0.3136944438179358,-0.7828342946397439,linear,0.3822133972322827,6.411521145013492e+24,0.9880891020682917,0.3822133972322827
668,1.755692699724518,0.29,1072.0,211.2642294708618,27067.016741862284,0.0071,1807246780.693977,32510592.125728734,Selsis,-0.3194145039963022,-0.7807911943972687,log,0.09344577199181746,2.0516169806190235e+24,0.6069809637103406,0.09344577199181746
669,1.755692699724518,0.29,1072.0,211.2642294708618,3605.8897805848287,0.0071,8554933386.615663,19074126.76396569,Selsis,-0.47495983871536995,-0.7194818142592522,linear,0.09891397865486269,2.0956534800370774e+24,0.023319769031845405,0.09891397865486269
670,1.755692699724518,0.29,1072.0,211.2642294708618,2223.488951334068,0.0071,8040862321.769481,70139789.49217577,Jackson,-0.3934280985394377,-0.7168088577961679,GP,0.3752145837765773,4.854031163400064e+24,0.06975075608354486,0.3752145837765773
671,1.755692699724518,0.29,1072.0,211.2642294708618,3549.543143559081,0.0071,8670266099.658869,47678345.42062041,Selsis,-0.320634417598431,-0.7062168591062409,GP,0.3054799131292493,1.145967950589372e+25,0.770390473997804,0.3054799131292493
672,1.755692699724518,0.29,1072.0,211.2642294708618,3780.7417516948035,0.0071,4661179708.877529,41103319.29208171,Jackson,-0.4362568297561059,-0.6517211032134737,log,0.11603972707529531,1.352581234000802e+24,0.9233819294473592,0.11603972707529531
673,1.755692699724518,0.29,1072.0,211.2642294708618,6634.886411762612,0.0071,5181843717.938965,94907686.32655162,Selsis,-0.37444839323574836,-0.6964575214496401,GP,0.09253394501610908,2.1966246623346644e+24,0.4335919254337308,0.09253394501610908
674,1.755692699724518,0.29,1072.0,211.2642294708618,2552.6410101822094,0.0071,6952540644.106208,12859118.746472117,Jackson,-0.38508351705628746,-0.6447795369618017,linear,0.3125436502697309,5.092047193948032e+24,0.7989418702051497,0.3125436502697309
675,1.755692699724518,0.29,1072.0,211.2642294708618,4629.255638621537,0.0071,6939606078.508047,75760725.75717425,Selsis,-0.31252546069664006,-0.6421101713523376,linear,0.07449114925229007,2.964683279870814e+24,0.4540177264688666,0.07449114925229007
676,1.755692699724518,0.29,1072.0,211.2642294708618,15401.914421211486,0.0071,2717616546.919373,16947635.97571864,Selsis,-0.3146389026706024,-0.7928539738329737,linear,0.08654309446029576,2.4400246832848773e+24,0.6857575819327869,0.08654309446029576
677,1.755692699724518,0.29,1072.0,211.2642294708618,3935.222421436681,0.0071,7945745795.756385,45531284.73797994,Selsis,-0.3926651999614504,-0.7255164187103581,linear,0.09424618664250912,2.3212557316377875e+24,0.47182765464205734,0.09424618664250912
678,1.755692699724518,0.29,1072.0,211.2642294708618,4099.450041786687,0.0071,4302674092.716768,96776201.60014807,Jackson,-0.29008300198989284,-0.7727958388386164,GP,0.07623887030271517,1.516753733593235e+24,0.4220906651179407,0.07623887030271517
679,1.755692699724518,0.29,1072.0,211.2642294708618,3390.3025611815824,0.0071,5197991051.813057,47266716.57742278,Jackson,-0.39488540757684104,-0.6854696832252938,linear,0.17806536854716445,2.210794137769511e+24,0.534882449883864,0.17806536854716445
680,1.755692699724518,0.29,1072.0,211.2642294708618,2989.810303374485,0.0071,5905119016.574331,95329705.290234,Jackson,-0.45451492380300695,-0.6202569274333519,GP,0.06425277584032701,8.154538724174327e+23,0.9034201418222051,0.06425277584032701
681,1.755692699724518,0.29,1072.0,211.2642294708618,48065.287123230926,0.0071,380548312.2801527,42793216.818355516,Jackson,-0.34137267107488894,-0.7854349705715652,GP,0.39945413158001236,1.6110909210092736e+24,0.6659137650990152,0.39945413158001236
682,1.755692699724518,0.29,1072.0,211.2642294708618,13095.001084480073,0.0071,3062847250.872225,6973839.322323542,Selsis,-0.4240517611442435,-0.698996386426519,log,0.09728294684955426,1.846899786076299e+24,0.8931391519727279,0.09728294684955426
683,1.755692699724518,0.29,1072.0,211.2642294708618,4706.352313341413,0.0071,6845598648.357648,50882761.98821804,Selsis,-0.41930815638161417,-0.6161743125927731,linear,0.36716087951785237,9.923560426273788e+24,0.4484071647239918,0.36716087951785237
684,1.755692699724518,0.29,1072.0,211.2642294708618,4901.214360853966,0.0071,3615031435.0522184,11441087.159956459,Jackson,-0.40080811686375334,-0.7269360567196522,linear,0.3987214201671114,4.5251999495615835e+24,0.7722469611114386,0.3987214201671114
685,1.755692699724518,0.29,1072.0,211.2642294708618,4271.350209241735,0.0071,4132544804.9494815,45858229.844075866,Jackson,-0.305089145535193,-0.777310466302993,GP,0.48302286194901284,8.875052803912147e+24,0.6979947113975229,0.48302286194901284
686,1.755692699724518,0.29,1072.0,211.2642294708618,5671.236921775139,0.0071,3144584615.492777,67056286.79706679,Jackson,-0.34069372708858486,-0.6781583861993337,log,0.13427001286738224,1.8301748750121343e+24,0.22466006800777483,0.13427001286738224
687,1.755692699724518,0.29,1072.0,211.2642294708618,3725.9977175864983,0.0071,4729267757.299068,63470407.20102596,Jackson,-0.4459583352187492,-0.7016958377973554,GP,0.23298450653478817,2.3203943856974038e+24,0.27071160451893606,0.23298450653478817
688,1.755692699724518,0.29,1072.0,211.2642294708618,12697.228391918576,0.0071,3133777577.0874147,65768630.538605094,Selsis,-0.30944725347698276,-0.7952132843203946,GP,0.1303221416675859,3.797469196183348e+24,0.8301487556467619,0.1303221416675859
689,1.755692699724518,0.29,1072.0,211.2642294708618,3096.8191701919263,0.0071,5697007159.890858,5592449.390100103,Jackson,-0.3503920809843555,-0.7214120416393187,linear,0.1863862861658845,3.074949435494332e+24,0.37171052111110603,0.1863862861658845
690,1.755692699724518,0.29,1072.0,211.2642294708618,2057.8033408805704,0.0071,8735082591.115002,42409094.299724504,Jackson,-0.38827759895717656,-0.7036538539814032,GP,0.10610677619225944,1.5076536577306955e+24,0.9976692252876649,0.10610677619225944
691,1.755692699724518,0.29,1072.0,211.2642294708618,15690.868146042234,0.0071,1251315288.3480778,4100067.1945534376,Jackson,-0.4334628758462545,-0.7062138425891211,log,0.43842667541096675,3.5300296057962046e+24,0.1794456153985251,0.43842667541096675
692,1.755692699724518,0.29,1072.0,211.2642294708618,17381.456720242888,0.0071,2488105152.2359715,32568106.74144812,Selsis,-0.2848779268179869,-0.7473618142730992,GP,0.08411695962731293,2.875034925812602e+24,0.16448715615548237,0.08411695962731293
693,1.755692699724518,0.29,1072.0,211.2642294708618,7523.708516717747,0.0071,4689022723.725823,15983484.201652784,Selsis,-0.3129660909730347,-0.6415742182036458,log,0.12392880599165906,4.6537758036475974e+24,0.9217011214885228,0.12392880599165906
694,1.755692699724518,0.29,1072.0,211.2642294708618,2625.0314567418213,0.0071,6752932141.481647,28736705.81649794,Jackson,-0.48981757391519465,-0.7536338590402715,linear,0.39555463255130957,3.909206279701492e+24,0.9016054033202693,0.39555463255130957
695,1.755692699724518,0.29,1072.0,211.2642294708618,5092.196372109753,0.0071,6416445583.8657,45082326.15046555,Selsis,-0.40558749603721933,-0.7358187171154803,linear,0.14892766955966288,3.317080416275978e+24,0.6454209879789751,0.14892766955966288
696,1.755692699724518,0.29,1072.0,211.2642294708618,5749.457880545816,0.0071,5813243632.02032,29365612.302493524,Selsis,-0.2902067756030313,-0.7600284924402176,GP,0.3320661141964618,1.4317549249342911e+25,0.913697240744872,0.3320661141964618
697,1.755692699724518,0.29,1072.0,211.2642294708618,3105.8532868371153,0.0071,9722546260.720304,29670380.513471678,Selsis,-0.43155651878946955,-0.658971404444561,log,0.14201650311491887,3.6654321962159705e+24,0.4197314901063204,0.14201650311491887
698,1.755692699724518,0.29,1072.0,211.2642294708618,8399.768447384095,0.0071,4299166547.2016,74800168.91318351,Selsis,-0.3243531673682375,-0.699722356861289,GP,0.2625586765078066,7.853674966795346e+24,0.0609807999919697,0.2625586765078066
699,1.755692699724518,0.29,1072.0,211.2642294708618,5664.000377697644,0.0071,5884091323.739116,28815726.33560216,Selsis,-0.45949533125479025,-0.7838823702260881,GP,0.12335020865261974,2.3407338521241898e+24,0.32215669360927734,0.12335020865261974
700,1.755692699724518,0.29,1072.0,211.2642294708618,9254.614990771734,0.0071,3985754853.236858,86454707.9390857,Selsis,-0.4332035675883924,-0.7479983876825922,GP,0.1063060675297957,1.869312173578486e+24,0.6418086925938918,0.1063060675297957
701,1.755692699724518,0.29,1072.0,211.2642294708618,2429.666224516113,0.0071,7321435206.3664055,66755002.61783343,Jackson,-0.3445965909642881,-0.7998690182010234,linear,0.05484864582072242,8.411761236619768e+23,0.6548670794161198,0.05484864582072242
702,1.755692699724518,0.29,1072.0,211.2642294708618,6761.24863816331,0.0071,2665636405.4004793,39774005.97067369,Jackson,-0.3550744492237156,-0.7701576578334046,GP,0.13302343623984514,1.5430274807785707e+24,0.2650691418589358,0.13302343623984514
703,1.755692699724518,0.29,1072.0,211.2642294708618,5754.785498386245,0.0071,5808893300.262876,56054361.29675608,Selsis,-0.4996123888312394,-0.6335961092306126,log,0.35850427741613833,7.759451820508851e+24,0.4936638850632664,0.35850427741613833
704,1.755692699724518,0.29,1072.0,211.2642294708618,4490.1695198584275,0.0071,3935625681.194053,38610046.02785884,Jackson,-0.47326758447474954,-0.7972243795464244,linear,0.2943443840071007,2.5329022646218925e+24,0.246217313991954,0.2943443840071007
705,1.755692699724518,0.29,1072.0,211.2642294708618,3847.41726230477,0.0071,8098175457.981627,74683747.02700266,Selsis,-0.29689268053303514,-0.604815412790868,GP,0.4189587256238793,2.0946673189766068e+25,0.04309546213194182,0.4189587256238793
706,1.755692699724518,0.29,1072.0,211.2642294708618,4024.6100149344425,0.0071,4381505087.8992,55156570.70411629,Jackson,-0.32343583755889427,-0.7466695318844395,linear,0.08327783040986822,1.3468007054940444e+24,0.7740109005514718,0.08327783040986822
707,1.755692699724518,0.29,1072.0,211.2642294708618,54815.50358977732,0.0071,1059349397.7392774,53988933.52401648,Selsis,-0.4009830847691551,-0.7576519531703853,linear,0.38805057353879413,3.6987795479034535e+24,0.5791905753162279,0.38805057353879413
708,1.755692699724518,0.29,1072.0,211.2642294708618,2142.2909341139043,0.0071,8366243422.6978245,4906595.32261493,Jackson,-0.31026220040649666,-0.7097468443782996,log,0.3887663709869807,9.308838577278835e+24,0.3809981558953831,0.3887663709869807
709,1.755692699724518,0.29,1072.0,211.2642294708618,44233.87478309755,0.0071,1283101003.1587155,77534652.86899905,Selsis,-0.38489148870104645,-0.6717500144911985,GP,0.09453855555821764,1.1595740871122723e+24,0.32675113916578524,0.09453855555821764
710,1.755692699724518,0.29,1072.0,211.2642294708618,4676.404075197987,0.0071,6881760233.720499,82909647.87542282,Selsis,-0.4304411731786806,-0.7614346579344337,log,0.18518492455482854,3.7296527786558354e+24,0.32824906480297,0.18518492455482854
711,1.755692699724518,0.29,1072.0,211.2642294708618,2232.936263592845,0.0071,8004697218.250651,26471436.75765851,Jackson,-0.40167586849109277,-0.6434881734235773,GP,0.35693818606446415,5.560807052868775e+24,0.6171041468705599,0.35693818606446415
712,1.755692699724518,0.29,1072.0,211.2642294708618,8527.612254376301,0.0071,4248569427.7663565,89461770.59505847,Selsis,-0.46742729364319363,-0.7789789800240101,log,0.08027349047354546,1.3257953627173163e+24,0.37195798252639467,0.08027349047354546
713,1.755692699724518,0.29,1072.0,211.2642294708618,3912.7796909776775,0.0071,4505204436.448839,9586122.837710934,Jackson,-0.42684474800089683,-0.7764987037162169,log,0.39091952432880683,4.182548661041208e+24,0.213723929094767,0.39091952432880683
714,1.755692699724518,0.29,1072.0,211.2642294708618,1921.9780280841017,0.0071,9404072859.844475,38140266.26383199,Jackson,-0.3821885714997518,-0.6510622190881952,log,0.416418407549881,6.96682207549468e+24,0.4854886294438243,0.416418407549881
715,1.755692699724518,0.29,1072.0,211.2642294708618,12025.8658238428,0.0071,3263126336.054548,42576713.72943598,Selsis,-0.4890438053237683,-0.6728998553663936,GP,0.08409869997110388,1.432085064318324e+24,0.21077969702480748,0.08409869997110388
716,1.755692699724518,0.29,1072.0,211.2642294708618,4791.144984268614,0.0071,3695286975.41227,43671353.33118238,Jackson,-0.4563239962001141,-0.6376684725399527,linear,0.09974806170399318,1.0865057499711642e+24,0.9283531734982321,0.09974806170399318
717,1.755692699724518,0.29,1072.0,211.2642294708618,6331.830454959701,0.0071,5379071257.7947,58125293.92105876,Selsis,-0.48226152298117253,-0.6791080577744075,log,0.37278017694830196,7.202241798695946e+24,0.443267472481099,0.37278017694830196
718,1.755692699724518,0.29,1072.0,211.2642294708618,24835.32850010465,0.0071,1921775851.9728634,13563509.666232143,Selsis,-0.3730507840863603,-0.752038211111171,GP,0.35414113874717285,6.229780781514309e+24,0.29085355782980704,0.35414113874717285
719,1.755692699724518,0.29,1072.0,211.2642294708618,3890.5171630596765,0.0071,4530722307.200573,68076836.05026188,Jackson,-0.49420296561476784,-0.683286394215862,log,0.053852116902615405,5.057170640850036e+23,0.9195658873866199,0.053852116902615405
720,1.755692699724518,0.29,1072.0,211.2642294708618,3278.6645164612173,0.0071,5376586793.501511,29962722.5693316,Jackson,-0.3998845103298989,-0.693825378231985,log,0.05138798378471101,6.415945502916967e+23,0.25615244457454134,0.05138798378471101
721,1.755692699724518,0.29,1072.0,211.2642294708618,3146.276984614409,0.0071,9614511185.808477,82848922.77979414,Selsis,-0.33554691802813047,-0.7482430507671054,linear,0.18422438546204492,6.071356857163618e+24,0.935614697562625,0.18422438546204492
722,1.755692699724518,0.29,1072.0,211.2642294708618,4082.7539428609766,0.0071,4319997987.047566,84910475.08736181,Jackson,-0.31000056619101923,-0.6087422209830984,linear,0.08847293137908266,1.8206770752125172e+24,0.7377443807158647,0.08847293137908266
723,1.755692699724518,0.29,1072.0,211.2642294708618,54654.51430061335,0.0071,903844968.4506024,74219629.97187121,Selsis,-0.47052446937265385,-0.7629840373481356,GP,0.12158470422135766,8.26594115488319e+23,0.9678759691580056,0.12158470422135766
724,1.755692699724518,0.29,1072.0,211.2642294708618,20030.441764902203,0.0071,2243831527.3424444,3829014.268108194,Selsis,-0.37844192908161806,-0.7228907612838829,log,0.21342723339636635,4.140722099250949e+24,0.9011001866497119,0.21342723339636635
725,1.755692699724518,0.29,1072.0,211.2642294708618,12945.037173461858,0.0071,1480811111.6853547,41583679.97555157,Jackson,-0.3895137153441007,-0.660928875001414,linear,0.11663631940698461,1.0308991066118125e+24,0.6588746221327776,0.11663631940698461
726,1.755692699724518,0.29,1072.0,211.2642294708618,27720.455610135672,0.0071,1776819600.5100088,27039170.832571287,Selsis,-0.48557195836047795,-0.7133353681331223,GP,0.11636323262119179,1.5103151258699478e+24,0.8699076724177774,0.11636323262119179
727,1.755692699724518,0.29,1072.0,211.2642294708618,2006.0953375156791,0.0071,8977881203.514359,39147796.17461912,Jackson,-0.3298659797600641,-0.7720135952138126,linear,0.17025360739976939,3.165947921391354e+24,0.7764513951798221,0.17025360739976939
728,1.755692699724518,0.29,1072.0,211.2642294708618,11529.749744979948,0.0071,3367487675.435632,50340170.63604279,Selsis,-0.39683581181472566,-0.7699037918920939,log,0.13873760132855067,2.615880992375914e+24,0.3910104736411253,0.13873760132855067
729,1.755692699724518,0.29,1072.0,211.2642294708618,10356.767099438985,0.0071,1805531871.3054264,3875872.278496295,Jackson,-0.49036778788279317,-0.6164429144042654,linear,0.08785550758323285,8.892250350126824e+23,0.9378303326012577,0.08785550758323285
730,1.755692699724518,0.29,1072.0,211.2642294708618,16200.5368717551,0.0071,2618957169.946052,46665996.55257195,Selsis,-0.376909240008623,-0.6143000838551911,linear,0.07676295980516055,1.6995369518461305e+24,0.33502373337516955,0.07676295980516055
731,1.755692699724518,0.29,1072.0,211.2642294708618,3392.180872476388,0.0071,5195093109.950208,98071606.13940087,Jackson,-0.4098766328277385,-0.6921501015177699,linear,0.07969375330870128,8.754454075057797e+23,0.05811215018029081,0.07969375330870128
732,1.755692699724518,0.29,1072.0,211.2642294708618,11293.293465458642,0.0071,3420163744.463253,2886695.0004580026,Selsis,-0.3773641491471574,-0.6058891122017479,GP,0.085945677615929,2.3512074216295396e+24,0.3184067472126012,0.085945677615929
733,1.755692699724518,0.29,1072.0,211.2642294708618,3892.8282301515087,0.0071,4528059023.999166,32766531.021498103,Jackson,-0.29529151969384504,-0.6176892437042195,log,0.22938345739223612,5.564853767324175e+24,0.8004858883900463,0.22938345739223612
734,1.755692699724518,0.29,1072.0,211.2642294708618,2413.5226143141094,0.0071,12134772318.218641,46567690.95068791,Selsis,-0.46045234129514095,-0.6325878506262337,linear,0.19007421668022811,5.219223448219618e+24,0.6798668051920892,0.19007421668022811
735,1.755692699724518,0.29,1072.0,211.2642294708618,54611.9433821663,0.0071,808006469.0685153,45320766.46384619,Selsis,-0.3617506702552783,-0.7577100414477247,GP,0.06092998607747849,5.23068017521083e+23,0.4222043547083707,0.06092998607747849
736,1.755692699724518,0.29,1072.0,211.2642294708618,4174.709289047219,0.0071,7561846842.543666,70201644.5461499,Selsis,-0.4918286461132842,-0.6096292285110672,log,0.05019767350267341,1.2712717353233696e+24,0.8739234434996345,0.05019767350267341
737,1.755692699724518,0.29,1072.0,211.2642294708618,4134.19330119278,0.0071,7623747163.465583,30844509.868513063,Selsis,-0.45853767467157924,-0.7893759366010605,log,0.34584991472589915,6.876507879504763e+24,0.47941954152854016,0.34584991472589915
738,1.755692699724518,0.29,1072.0,211.2642294708618,10928.664101012173,0.0071,3505464171.925373,86576124.17499365,Selsis,-0.31678485304005627,-0.7308068057383627,linear,0.12917738699862585,3.7116508744871185e+24,0.9400864591815593,0.12917738699862585
739,1.755692699724518,0.29,1072.0,211.2642294708618,13271.803498192317,0.0071,3032561082.7360334,6750045.4416111,Selsis,-0.41247768002308527,-0.7692118627298243,linear,0.3730994908669589,6.96427518154837e+24,0.9194050394635734,0.3730994908669589
740,1.755692699724518,0.29,1072.0,211.2642294708618,1541.5694429951209,0.0071,11998689822.520464,15571301.91721636,Jackson,-0.48162009690007396,-0.7483197403318823,GP,0.48200223363559525,5.591319787842565e+24,0.5222866629108897,0.48200223363559525
741,1.755692699724518,0.29,1072.0,211.2642294708618,5553.5475109374065,0.0071,5978741886.4073925,13106741.533388844,Selsis,-0.3555456562799323,-0.7036819124831177,GP,0.24638575049181705,7.11684463438319e+24,0.8412951612783672,0.24638575049181705
742,1.755692699724518,0.29,1072.0,211.2642294708618,4023.180590255534,0.0071,4383040685.872261,18196978.730366256,Jackson,-0.3915899689674798,-0.6578274623567677,GP,0.498186607256572,6.668878840022789e+24,0.2654414381502894,0.498186607256572
743,1.755692699724518,0.29,1072.0,211.2642294708618,8966.594336488979,0.0071,2056361281.2545164,10514107.430770624,Jackson,-0.3561273353958374,-0.7988023795854134,GP,0.32935106670217784,3.783950288317123e+24,0.6258542881543689,0.32935106670217784
744,1.755692699724518,0.29,1072.0,211.2642294708618,3330.8398916911624,0.0071,5291531343.857326,72739646.92708758,Jackson,-0.2861779552664598,-0.705776643978708,log,0.15307866323418642,3.535605022772995e+24,0.9765772092049138,0.15307866323418642
745,1.755692699724518,0.29,1072.0,211.2642294708618,2092.3614755536323,0.0071,8580225368.088472,85845082.79814404,Jackson,-0.3419746172239151,-0.6159954710865746,log,0.2504607273973812,5.188334855349183e+24,0.2897050808583642,0.2504607273973812
746,1.755692699724518,0.29,1072.0,211.2642294708618,13027.855494903111,0.0071,1472513501.1048505,59199840.3849682,Jackson,-0.3429573241521646,-0.7192402222321463,GP,0.37673510449901054,3.7385474979536546e+24,0.4738390705031639,0.37673510449901054
747,1.755692699724518,0.29,1072.0,211.2642294708618,3378.3443644179633,0.0071,5216521053.234632,61417848.23090587,Jackson,-0.3560314724320349,-0.6947742915098175,linear,0.0883656050185121,1.2657173303824478e+24,0.7698810186685943,0.0883656050185121
748,1.755692699724518,0.29,1072.0,211.2642294708618,2801.7919140515723,0.0071,6312340632.558153,69515071.27065693,Jackson,-0.2973412399607633,-0.7152188387777347,log,0.26696036110390964,5.851034871236801e+24,0.24485043502874237,0.26696036110390964
749,1.755692699724518,0.29,1072.0,211.2642294708618,2109.7793513175266,0.0071,8504303884.605852,60760836.44842189,Jackson,-0.36191889168346536,-0.7055061708516901,log,0.11627933575170789,1.8098864868906533e+24,0.5850304843302371,0.11627933575170789
750,1.755692699724518,0.29,1072.0,211.2642294708618,10723.112169510428,0.0071,3556826367.8249326,87120191.03335425,Selsis,-0.43556583266550664,-0.6761906702106543,linear,0.16311290744190876,2.952556056290623e+24,0.5557036128267782,0.16311290744190876
751,1.755692699724518,0.29,1072.0,211.2642294708618,3347.1666500716146,0.0071,5265495558.063274,78028667.3059409,Jackson,-0.3608033949266975,-0.783676221692658,GP,0.06117055586881903,7.808049797613523e+23,0.8887184762686067,0.06117055586881903
752,1.755692699724518,0.29,1072.0,211.2642294708618,7595.681875676205,0.0071,4653815798.063738,65889622.859124914,Selsis,-0.4349383853465876,-0.7435174568805692,linear,0.0830085166599283,1.5441965168442253e+24,0.7895770757275266,0.0830085166599283
753,1.755692699724518,0.29,1072.0,211.2642294708618,3720.162549621856,0.0071,4736649972.323507,83725141.74510258,Jackson,-0.46529963024137777,-0.6790951136247331,GP,0.11485416898523912,1.1251284929845129e+24,0.12170312825224083,0.11485416898523912
754,1.755692699724518,0.29,1072.0,211.2642294708618,6732.8898882237645,0.0071,5121663303.412214,51370121.63739549,Selsis,-0.42735550199261974,-0.7939026619570247,linear,0.23169227807701495,4.4400339422792043e+24,0.7667398362344555,0.23169227807701495
755,1.755692699724518,0.29,1072.0,211.2642294708618,3019.3636006580264,0.0071,5846061322.888149,89261853.84396213,Jackson,-0.32727279019747973,-0.6891743643084578,linear,0.2927944871130125,5.039080559333005e+24,0.4605107908733551,0.2927944871130125
756,1.755692699724518,0.29,1072.0,211.2642294708618,2930.8222317040186,0.0071,10224537959.196016,18402072.866646186,Selsis,-0.46442587322590473,-0.6315142240010228,log,0.07250904121864775,1.9617384047361365e+24,0.9038765006295825,0.07250904121864775
757,1.755692699724518,0.29,1072.0,211.2642294708618,2833.10458286553,0.0071,6240475375.04978,53623459.378225796,Jackson,-0.3911367532876925,-0.6883070667232709,log,0.16952264255784144,2.211186748323312e+24,0.46662912506448484,0.16952264255784144
758,1.755692699724518,0.29,1072.0,211.2642294708618,9843.904191345891,0.0071,3799375442.125869,57823916.537679926,Selsis,-0.37922486404408967,-0.682498678998111,linear,0.23106525103460085,5.104212105409131e+24,0.07766376357209204,0.23106525103460085
759,1.755692699724518,0.29,1072.0,211.2642294708618,6673.163942019544,0.0071,2698444297.2059855,93092922.73233442,Jackson,-0.47966728720380186,-0.6975552038065418,linear,0.10058437078912762,7.820254697426415e+23,0.5439262223889451,0.10058437078912762
760,1.755692699724518,0.29,1072.0,211.2642294708618,21380.913388470788,0.0071,2140314635.0969582,15621272.60870315,Selsis,-0.38648602213076466,-0.615413162558365,linear,0.211777806021504,4.334141341123745e+24,0.1823186218202354,0.211777806021504
761,1.755692699724518,0.29,1072.0,211.2642294708618,5475.589790421502,0.0071,3251161504.6392126,62090611.30294509,Jackson,-0.461377922086304,-0.6053099615165506,linear,0.09423340334832979,1.0748697388499329e+24,0.3541087079978238,0.09423340334832979
762,1.755692699724518,0.29,1072.0,211.2642294708618,16688.301183496787,0.0071,1186118880.7692537,23802252.267831337,Jackson,-0.36187365403049143,-0.6140006877524672,GP,0.2181184801634123,2.2542889985265683e+24,0.20464127842937718,0.2181184801634123
763,1.755692699724518,0.29,1072.0,211.2642294708618,10888.557357105254,0.0071,1726379151.0777326,95442765.5512255,Jackson,-0.40799261274991416,-0.7528510258711513,log,0.07860858155872093,5.760591823984938e+23,0.43757000549587566,0.07860858155872093
764,1.755692699724518,0.29,1072.0,211.2642294708618,3073.6673767043367,0.0071,5740716571.923547,62710924.26381452,Jackson,-0.3763376305270587,-0.785913697421372,log,0.054448011106450284,6.657096247165317e+23,0.07407138214210063,0.054448011106450284
765,1.755692699724518,0.29,1072.0,211.2642294708618,4953.183640794373,0.0071,3578421575.9351068,65136650.620995514,Jackson,-0.28468506276021943,-0.6892826918711751,GP,0.119467838472483,2.5502883166950867e+24,0.6888836453492955,0.119467838472483
766,1.755692699724518,0.29,1072.0,211.2642294708618,5167.762150294899,0.0071,3435612782.882614,23866033.259212438,Jackson,-0.46027539153422364,-0.7545641107536482,linear,0.07525643403718181,6.800237649105923e+23,0.7248438678173623,0.07525643403718181
767,1.755692699724518,0.29,1072.0,211.2642294708618,18880.735837695294,0.0071,2342328042.991058,70572517.08454384,Selsis,-0.465970380583256,-0.7218528083893865,log,0.09172373413157606,1.303254894047137e+24,0.6656779367207292,0.09172373413157606
768,1.755692699724518,0.29,1072.0,211.2642294708618,6525.29040876487,0.0071,2755538308.8059344,89240705.45759296,Jackson,-0.49185869496708795,-0.7852726338415051,linear,0.17387511307224263,1.241567107765834e+24,0.05081351540144119,0.17387511307224263
769,1.755692699724518,0.29,1072.0,211.2642294708618,6154.27881129011,0.0071,2911046794.984524,4275342.177961385,Jackson,-0.35925905853706014,-0.6933943503883805,log,0.16510049228196555,2.2683047107824527e+24,0.4501869929744322,0.16510049228196555
770,1.755692699724518,0.29,1072.0,211.2642294708618,12230.195890041972,0.0071,3222391972.0080657,78219369.11420238,Selsis,-0.307125482818005,-0.6936820532185466,GP,0.3239744814393148,9.955263228286047e+24,0.7361839302695427,0.3239744814393148
771,1.755692699724518,0.29,1072.0,211.2642294708618,6849.068426679667,0.0071,5052432015.888065,1183874.7977382862,Selsis,-0.38804769110736625,-0.6206712665596303,log,0.09824170783362716,2.8540593138450087e+24,0.5541338337889297,0.09824170783362716
772,1.755692699724518,0.29,1072.0,211.2642294708618,19578.207769188222,0.0071,1033554701.1121693,85461869.48874632,Jackson,-0.4274970707821843,-0.7276173226306898,GP,0.07111003159985717,4.047618218347941e+23,0.41293181166626347,0.07111003159985717
773,1.755692699724518,0.29,1072.0,211.2642294708618,4603.161186301814,0.0071,3841568554.5618596,89217703.76643358,Jackson,-0.3745701827957944,-0.6149761321008849,GP,0.19361650326806262,2.6804396995472596e+24,0.5818897234055864,0.19361650326806262
774,1.755692699724518,0.29,1072.0,211.2642294708618,3944.7582617985067,0.0071,4469079494.824651,29099618.35938118,Jackson,-0.31779535566226763,-0.6874197873231461,linear,0.2079288475403369,3.8441919207454924e+24,0.7771588127701748,0.2079288475403369
775,1.755692699724518,0.29,1072.0,211.2642294708618,19484.081836302183,0.0071,2289340758.599313,79828561.83928287,Selsis,-0.28530209889064945,-0.6494896341028539,linear,0.11325262102571325,3.704562529446347e+24,0.308555343645053,0.11325262102571325
776,1.755692699724518,0.29,1072.0,211.2642294708618,2431.328159349886,0.0071,7316177903.932882,19957711.18722162,Jackson,-0.2889632513987106,-0.7869104303832097,log,0.20801456145319486,5.283661340658671e+24,0.17606499963759514,0.20801456145319486
777,1.755692699724518,0.29,1072.0,211.2642294708618,5935.7900703356945,0.0071,5665517409.056698,10469609.562112046,Selsis,-0.36632000055862773,-0.7562660577801559,log,0.3324840973498047,8.71718655099896e+24,0.9389780902733896,0.3324840973498047
778,1.755692699724518,0.29,1072.0,211.2642294708618,4377.43066518477,0.0071,4034516728.456788,71735311.11509265,Jackson,-0.46019198815291756,-0.7068373259749162,linear,0.18602052531908853,1.695645137838023e+24,0.865779157303524,0.18602052531908853
779,1.755692699724518,0.29,1072.0,211.2642294708618,26611.37697493292,0.0071,1829244346.4551303,80890033.63472179,Selsis,-0.4359544442709635,-0.7693202527129416,linear,0.07769187854526668,9.94617529858899e+23,0.7053786561326691,0.07769187854526668
780,1.755692699724518,0.29,1072.0,211.2642294708618,2457.128741029835,0.0071,7235557464.611111,65490789.91056955,Jackson,-0.38204970005496797,-0.6596247730301581,linear,0.052795643256581745,7.783385108539288e+23,0.6748905859402694,0.052795643256581745
781,1.755692699724518,0.29,1072.0,211.2642294708618,7813.930049241066,0.0071,4550789218.910784,95784723.25815308,Selsis,-0.42340692856984335,-0.6743576748665729,log,0.09277915397357656,1.858402898942501e+24,0.624825443711334,0.09277915397357656
782,1.755692699724518,0.29,1072.0,211.2642294708618,3211.258096249461,0.0071,5490840127.178715,34237130.95633823,Jackson,-0.4872867704400441,-0.777375105416784,log,0.24243639057798058,2.235331078384653e+24,0.6226030827027085,0.24243639057798058
783,1.755692699724518,0.29,1072.0,211.2642294708618,2435.853514852088,0.0071,12035401253.372574,11646435.566752888,Selsis,-0.45535355728917265,-0.7932755083530374,log,0.4444932609062328,9.82889888102413e+24,0.939054110946339,0.4444932609062328
784,1.755692699724518,0.29,1072.0,211.2642294708618,3527.7518654239752,0.0071,4994570673.507248,5120784.972004449,Jackson,-0.3997354072005748,-0.6532388448833235,linear,0.11146766149813,1.5947732423156746e+24,0.8164747542589379,0.11146766149813
785,1.755692699724518,0.29,1072.0,211.2642294708618,3086.5502681828943,0.0071,5716307643.5517025,56027342.127465874,Jackson,-0.374455864030093,-0.6409138073211349,GP,0.46181448821095444,6.961540561343966e+24,0.7511543543359873,0.46181448821095444
786,1.755692699724518,0.29,1072.0,211.2642294708618,10319.480453271995,0.0071,3663423337.81005,57775970.98134668,Selsis,-0.4744354790555045,-0.7025287674919208,GP,0.08224098477841207,1.3963352298492473e+24,0.4397661423994327,0.08224098477841207
787,1.755692699724518,0.29,1072.0,211.2642294708618,19214.089746557416,0.0071,2312683528.5697527,21783986.019052725,Selsis,-0.4797811307945545,-0.7968366012887557,GP,0.12148932717707234,1.7378482548815586e+24,0.06733875542258094,0.12148932717707234
788,1.755692699724518,0.29,1072.0,211.2642294708618,6514.032766360363,0.0071,2759992500.3425193,88290480.89887117,Jackson,-0.43732493419522683,-0.7800370682450889,log,0.1578334582431005,1.2446823556513908e+24,0.1129400623814445,0.1578334582431005
789,1.755692699724518,0.29,1072.0,211.2642294708618,1847.094989794386,0.0071,9820149799.917648,13355724.498601425,Jackson,-0.4942385297574835,-0.735049080693341,GP,0.28094063775027367,3.1558069536472146e+24,0.8095044988603277,0.28094063775027367
790,1.755692699724518,0.29,1072.0,211.2642294708618,2642.4773446434947,0.0071,6706601775.3145,98682458.9837368,Jackson,-0.4204661436194111,-0.7491374532074316,linear,0.058776309425997014,6.177798449340437e+23,0.762430182580117,0.058776309425997014
791,1.755692699724518,0.29,1072.0,211.2642294708618,2837.616545963281,0.0071,6230261050.468798,48283951.99569714,Jackson,-0.3988825717470205,-0.6790778588370137,GP,0.244246564048967,3.1714334458562097e+24,0.47187627373182084,0.244246564048967
792,1.755692699724518,0.29,1072.0,211.2642294708618,4447.599427116486,0.0071,7173511809.348225,86771638.00651023,Selsis,-0.2891920155548499,-0.6849598752976358,linear,0.17845310225084088,8.125856412510192e+24,0.4365393431021337,0.17845310225084088
793,1.755692699724518,0.29,1072.0,211.2642294708618,15408.682407688322,0.0071,2716741814.2121124,2898388.4144224655,Selsis,-0.29658346958978465,-0.7976019844070982,log,0.12085546321484186,4.118752081805498e+24,0.5430965970422669,0.12085546321484186
794,1.755692699724518,0.29,1072.0,211.2642294708618,11276.270436719537,0.0071,1673363892.9550672,36803730.01623199,Jackson,-0.49055594166789196,-0.6519692727896865,linear,0.17500268612949968,1.3680019837603436e+24,0.7713736466079547,0.17500268612949968
795,1.755692699724518,0.29,1072.0,211.2642294708618,6636.3021170669435,0.0071,5180962425.462474,95727465.26981927,Selsis,-0.49361209327220995,-0.6848594360141699,linear,0.4707273641346369,8.587957556463487e+24,0.7055268706535954,0.4707273641346369
796,1.755692699724518,0.29,1072.0,211.2642294708618,2783.920815679908,0.0071,10694480785.146282,28225193.565237653,Selsis,-0.43914532166781495,-0.6113374583665728,log,0.3890462173464232,1.1811083791726223e+25,0.17800869547104126,0.3890462173464232
797,1.755692699724518,0.29,1072.0,211.2642294708618,13293.510763529035,0.0071,3028893029.4601283,99479986.44656213,Selsis,-0.3267578000900191,-0.6190758936203078,GP,0.08629360912123285,2.4364467408179444e+24,0.11783030674030748,0.08629360912123285
798,1.755692699724518,0.29,1072.0,211.2642294708618,9376.849788047795,0.0071,3945305617.088096,74831153.61368954,Selsis,-0.38723722685671874,-0.7897505383440546,linear,0.10453157878419098,2.0867613835726197e+24,0.664995266067763,0.10453157878419098
799,1.755692699724518,0.29,1072.0,211.2642294708618,33252.94305130023,0.0071,1563626144.6963105,29796743.725178067,Selsis,-0.3972068885005817,-0.7561333952001726,GP,0.2765688250307529,3.825970779394972e+24,0.9112213775213033,0.2765688250307529
800,1.755692699724518,0.29,1072.0,211.2642294708618,17793.49182182632,0.0071,2445904824.0513344,11905676.266115362,Selsis,-0.28267589235269636,-0.7684137536925252,linear,0.2553049217532895,9.153945704896635e+24,0.04295362201271602,0.2553049217532895
801,1.755692699724518,0.29,1072.0,211.2642294708618,11760.503079552094,0.0071,3317948769.7803235,92822917.4070021,Selsis,-0.47256181609542103,-0.6146168927535173,log,0.13603068878012664,2.612954722797661e+24,0.71419463932918,0.13603068878012664
802,1.755692699724518,0.29,1072.0,211.2642294708618,9020.319719234067,0.0071,4066135752.165166,71285774.17132263,Selsis,-0.47362267116553164,-0.7324062401623112,GP,0.09992389384182138,1.6828056082759133e+24,0.3675890244620966,0.09992389384182138
803,1.755692699724518,0.29,1072.0,211.2642294708618,4909.691172237211,0.0071,3609005184.5326085,30541749.679702096,Jackson,-0.41219609824636677,-0.6361691774203962,log,0.06223503249261786,7.588108892018635e+23,0.5163941405740431,0.06223503249261786
804,1.755692699724518,0.29,1072.0,211.2642294708618,2079.742048571535,0.0071,8636112331.676104,39982153.22724234,Jackson,-0.37630330528594713,-0.7304043612205282,log,0.2944372036133488,4.2587571567632763e+24,0.21875974094550044,0.2944372036133488
805,1.755692699724518,0.29,1072.0,211.2642294708618,8093.334260129973,0.0071,2257696668.7180552,58144664.91685666,Jackson,-0.3683679038940454,-0.6051737010802145,GP,0.08114223758951747,1.01771512474437e+24,0.9575236721849146,0.08114223758951747
806,1.755692699724518,0.29,1072.0,211.2642294708618,22687.67148409332,0.0071,2050685797.8304467,28467886.065015458,Selsis,-0.43246736676234965,-0.669593248077813,linear,0.21442050794313947,3.3638628583071016e+24,0.26549351046127023,0.21442050794313947
807,1.755692699724518,0.29,1072.0,211.2642294708618,8784.268384068258,0.0071,4151153974.2551093,46019487.17352249,Selsis,-0.4397951840530183,-0.7305717105862632,GP,0.14351482569977206,2.631145261462976e+24,0.1449252471858421,0.14351482569977206
808,1.755692699724518,0.29,1072.0,211.2642294708618,21202.034686900086,0.0071,965449800.7674623,41105056.065777935,Jackson,-0.48193603086306597,-0.6890292595940866,linear,0.40885183327800345,2.3630337833777905e+24,0.5175272292961126,0.40885183327800345
809,1.755692699724518,0.29,1072.0,211.2642294708618,4738.724561686205,0.0071,3734867639.650833,8794198.843980992,Jackson,-0.44596039949163846,-0.7631987622558112,log,0.48437029125042297,4.7999400903680254e+24,0.35727333225710156,0.48437029125042297
810,1.755692699724518,0.29,1072.0,211.2642294708618,2132.7483948299287,0.0071,8406283025.107028,97874181.77806178,Jackson,-0.44481858569594873,-0.6328701130059151,GP,0.12421485835705544,1.6933824040802865e+24,0.050194666849848746,0.12421485835705544
811,1.755692699724518,0.29,1072.0,211.2642294708618,10177.523891920746,0.0071,3702770567.4730988,42359629.4166411,Selsis,-0.3330736371296409,-0.6631739143647376,GP,0.2028441573433499,5.809037839988432e+24,0.04607207840246874,0.2028441573433499
812,1.755692699724518,0.29,1072.0,211.2642294708618,3370.28326062122,0.0071,9062430689.391718,83358197.1418819,Selsis,-0.3652424706913235,-0.6617621245716259,log,0.09620086507776575,2.9094436280074523e+24,0.9928860061218453,0.09620086507776575
813,1.755692699724518,0.29,1072.0,211.2642294708618,8276.186689722781,0.0071,4349465627.986477,1390266.7657030704,Selsis,-0.3609991544336291,-0.7640622090782796,log,0.171403543454893,4.476736073753496e+24,0.7307783776949514,0.171403543454893
814,1.755692699724518,0.29,1072.0,211.2642294708618,11648.617881196287,0.0071,1625715966.6466558,59605239.442962304,Jackson,-0.3303401905302868,-0.6599823019274613,linear,0.1795471016619668,2.1169429403002403e+24,0.24343310290950038,0.1795471016619668
815,1.755692699724518,0.29,1072.0,211.2642294708618,2666.3590085645383,0.0071,11107952764.741547,85397121.21967544,Selsis,-0.45326200028850205,-0.6450851189125976,log,0.19074097833885686,4.863929261676633e+24,0.7554535120803556,0.19074097833885686
816,1.755692699724518,0.29,1072.0,211.2642294708618,7374.393894874643,0.0071,4764123191.923189,51566889.28130544,Selsis,-0.4776303989678215,-0.6443030889550454,linear,0.4364880888385627,8.885126363669651e+24,0.9849704538227914,0.4364880888385627
817,1.755692699724518,0.29,1072.0,211.2642294708618,3944.6972635639195,0.0071,7929694006.9421,15426055.935911652,Selsis,-0.4830684827375468,-0.6798982163009367,GP,0.0633527788651679,1.3984364376667054e+24,0.998576467287085,0.0633527788651679
818,1.755692699724518,0.29,1072.0,211.2642294708618,21839.254842979244,0.0071,2107789510.156427,12184995.680019684,Selsis,-0.3471202574576381,-0.6986075322751824,log,0.27712083987944514,5.951018557051917e+24,0.29647525181193934,0.27712083987944514
819,1.755692699724518,0.29,1072.0,211.2642294708618,5894.936044490451,0.0071,3031579928.4224877,74756255.5361993,Jackson,-0.46204186184549206,-0.696219498905591,linear,0.0736659329733185,6.251095337580489e+23,0.5369086207153692,0.0736659329733185
820,1.755692699724518,0.29,1072.0,211.2642294708618,3412.799657148775,0.0071,8965743061.72783,23182178.199656926,Selsis,-0.43785358419896725,-0.7989196408479092,linear,0.11134709942299134,2.3910943884011833e+24,0.34618372168047706,0.11134709942299134
821,1.755692699724518,0.29,1072.0,211.2642294708618,12383.507961880548,0.0071,3192632714.341672,37962651.1707318,Selsis,-0.39573158229085664,-0.7082018932397643,GP,0.0894740765203134,1.745778558425468e+24,0.6010508120388408,0.0894740765203134
822,1.755692699724518,0.29,1072.0,211.2642294708618,31011.18410164877,0.0071,700774052.1816201,26798045.97497193,Jackson,-0.33410515434775423,-0.6362969498721847,log,0.10814259966822114,9.097666135440176e+23,0.13554076001527549,0.10814259966822114
823,1.755692699724518,0.29,1072.0,211.2642294708618,7464.859542638554,0.0071,4718284126.487971,26508267.24554713,Selsis,-0.3281216493884656,-0.611950518180403,linear,0.12474643057074801,4.436766888902148e+24,0.37801732509678987,0.12474643057074801
824,1.755692699724518,0.29,1072.0,211.2642294708618,8626.021658370137,0.0071,4210577485.6683106,89469494.87541729,Selsis,-0.4891643402869846,-0.6551230316305341,log,0.09908577976899419,1.8201716719659648e+24,0.5959391202790505,0.09908577976899419
825,1.755692699724518,0.29,1072.0,211.2642294708618,21077.42969224867,0.0071,2162543925.310571,78179374.65471648,Selsis,-0.2934570189671335,-0.7891233011031824,linear,0.2921600630765199,8.188908412414576e+24,0.13765488298781703,0.2921600630765199
826,1.755692699724518,0.29,1072.0,211.2642294708618,2331.861475773811,0.0071,7645309388.45803,14700111.57976145,Jackson,-0.4635733701312231,-0.6268296539011012,log,0.490648300162682,7.182342668085246e+24,0.5063266477650756,0.490648300162682
827,1.755692699724518,0.29,1072.0,211.2642294708618,8435.42552728999,0.0071,2173871734.2490854,41632037.35086464,Jackson,-0.33946503252790966,-0.7273439106568599,linear,0.2578153670646671,3.1226964118795036e+24,0.061515026141358176,0.2578153670646671
828,1.755692699724518,0.29,1072.0,211.2642294708618,3488.159896569696,0.0071,5051421249.178358,14436221.794695418,Jackson,-0.2971708017643461,-0.6938345819093921,GP,0.3040549537273787,7.008517225849511e+24,0.5305282716145514,0.3040549537273787
829,1.755692699724518,0.29,1072.0,211.2642294708618,7701.248594269266,0.0071,4603296544.349148,37406996.114323,Selsis,-0.2840669605689346,-0.7047699203206048,linear,0.20623509758756847,8.913883202509152e+24,0.34224162922428913,0.20623509758756847
830,1.755692699724518,0.29,1072.0,211.2642294708618,3474.636165952621,0.0071,8829287275.176218,40991275.04589716,Selsis,-0.4836333557405501,-0.6914648074409092,linear,0.13958320904796886,2.989481412828578e+24,0.3072870971135244,0.13958320904796886
831,1.755692699724518,0.29,1072.0,211.2642294708618,12019.418593981592,0.0071,1581146169.431543,39050384.972658195,Jackson,-0.29404426745847606,-0.7682847566269138,linear,0.16450013114484055,2.462269199651898e+24,0.44314263190265235,0.16450013114484055
832,1.755692699724518,0.29,1072.0,211.2642294708618,10138.89280734407,0.0071,1840340134.7287953,22049531.33396088,Jackson,-0.28223516563214346,-0.7240744515298239,linear,0.14757874427704035,2.7556166147077663e+24,0.9258440238787988,0.14757874427704035
833,1.755692699724518,0.29,1072.0,211.2642294708618,7972.442317386332,0.0071,2289038994.577061,23541013.121279307,Jackson,-0.4932516741153191,-0.7360590268524235,linear,0.2805007119833228,2.2132841226970578e+24,0.5987539145662524,0.2805007119833228
834,1.755692699724518,0.29,1072.0,211.2642294708618,2787.9023534854523,0.0071,6344776667.577656,27181923.745684486,Jackson,-0.37153764983559484,-0.7777255747615248,linear,0.06648199743241331,9.03553620256457e+23,0.44004746760680113,0.06648199743241331
835,1.755692699724518,0.29,1072.0,211.2642294708618,4558.600962842147,0.0071,3878082397.85653,1690488.1731852845,Jackson,-0.29829990600449224,-0.7931392042837414,linear,0.05228367909080248,1.1441098343134643e+24,0.29834955323045675,0.05228367909080248
836,1.755692699724518,0.29,1072.0,211.2642294708618,16801.158887960857,0.0071,2550340256.556293,93824565.43290122,Selsis,-0.44237012702422446,-0.7339105648561253,log,0.22205619432276325,3.2997782651029383e+24,0.08157064360941846,0.22205619432276325
837,1.755692699724518,0.29,1072.0,211.2642294708618,4055.639766335974,0.0071,4348450364.163415,95674433.17792334,Jackson,-0.40876491396568004,-0.782107910405176,linear,0.09349499306171685,8.986360842736021e+23,0.5061035727454488,0.09349499306171685
838,1.755692699724518,0.29,1072.0,211.2642294708618,11564.271009487122,0.0071,3359961869.9420905,22258767.326397303,Selsis,-0.32887427573185113,-0.7297789151471749,log,0.07097260835397953,1.9686810623026105e+24,0.9321486278428394,0.07097260835397953
839,1.755692699724518,0.29,1072.0,211.2642294708618,13762.880099644162,0.0071,2952150614.217976,94404843.70661746,Selsis,-0.3243039759762638,-0.7421221792194866,log,0.2794362225103074,7.066418134571525e+24,0.1574338956774759,0.2794362225103074
840,1.755692699724518,0.29,1072.0,211.2642294708618,38110.72264819244,0.0071,1422137214.2359123,30194819.112038914,Selsis,-0.3633299084892565,-0.6530179125892871,GP,0.05720838613255362,9.088598442115925e+23,0.47568332888550613,0.05720838613255362
841,1.755692699724518,0.29,1072.0,211.2642294708618,8772.461445739093,0.0071,4155518489.009781,95157513.7140999,Selsis,-0.3692284528022276,-0.7680901098149937,log,0.0839853738379379,1.8270191147324705e+24,0.8087828842358991,0.0839853738379379
842,1.755692699724518,0.29,1072.0,211.2642294708618,7938.018064004178,0.0071,4494587800.809577,72879045.61624528,Selsis,-0.30071722552599833,-0.6484781982249644,log,0.08893845968872119,3.373657450054791e+24,0.858987470719445,0.08893845968872119
843,1.755692699724518,0.29,1072.0,211.2642294708618,12004.217629477058,0.0071,3267515957.7036777,87465026.90266961,Selsis,-0.3618040996668818,-0.6263076211821804,log,0.06024163938000928,1.454695106548873e+24,0.18091372602572897,0.06024163938000928
844,1.755692699724518,0.29,1072.0,211.2642294708618,7068.122285788441,0.0071,2557794028.991652,83950456.37936293,Jackson,-0.3521427841591931,-0.7945392344283381,GP,0.2550886699991416,2.749943278188102e+24,0.9685374347265902,0.2550886699991416
845,1.755692699724518,0.29,1072.0,211.2642294708618,3692.0490783806845,0.0071,4772562319.461677,75349999.9352556,Jackson,-0.48340195522812246,-0.7156104129052747,log,0.13690213611129634,1.234655747408483e+24,0.857306112826152,0.13690213611129634
846,1.755692699724518,0.29,1072.0,211.2642294708618,19363.356868313356,0.0071,2299706244.1785164,92274852.66065322,Selsis,-0.35480717877892093,-0.7622558953020069,GP,0.1330881909340142,2.500949395721383e+24,0.48541092583984236,0.1330881909340142
847,1.755692699724518,0.29,1072.0,211.2642294708618,4269.035671613816,0.0071,7422164784.337291,14374087.001977975,Selsis,-0.3694064273100311,-0.7808323776443634,linear,0.20895030154788877,5.626829527871506e+24,0.7918268235458429,0.20895030154788877
848,1.755692699724518,0.29,1072.0,211.2642294708618,8212.204654755664,0.0071,4376063437.702202,14660849.459490985,Selsis,-0.4321162029449298,-0.7180438077111987,GP,0.30024112531114777,5.981337877976522e+24,0.10759064067758728,0.30024112531114777
849,1.755692699724518,0.29,1072.0,211.2642294708618,3240.8858463881147,0.0071,5439996688.23779,98798626.53462778,Jackson,-0.2978328710180032,-0.619011333597444,linear,0.13137027850373748,3.049894845944367e+24,0.276460923084344,0.13137027850373748
850,1.755692699724518,0.29,1072.0,211.2642294708618,5303.695202017239,0.0071,3351451821.612496,74332537.63145873,Jackson,-0.2863162908350037,-0.75756769063359,linear,0.15190073334108117,2.9912850963319947e+24,0.26337297008409044,0.15190073334108117
851,1.755692699724518,0.29,1072.0,211.2642294708618,3766.611539604023,0.0071,4678554388.386735,1969024.2316925346,Jackson,-0.29959059133877897,-0.7494035703061258,GP,0.06142569445939924,1.4030883341996495e+24,0.8336678552182638,0.06142569445939924
852,1.755692699724518,0.29,1072.0,211.2642294708618,3727.0483047644357,0.0071,4727941224.682943,78374056.8439612,Jackson,-0.38579560554420206,-0.638590409549394,linear,0.29618867598725107,3.9582482787849323e+24,0.3136182803641133,0.29618867598725107
853,1.755692699724518,0.29,1072.0,211.2642294708618,10170.372050155578,0.0071,3704779815.472386,8767732.487487465,Selsis,-0.34667874810821386,-0.7468119838142026,linear,0.12684198635429295,3.320730415782025e+24,0.7061833720203516,0.12684198635429295
854,1.755692699724518,0.29,1072.0,211.2642294708618,3185.6990115750355,0.0071,9511775276.233513,77661576.62595813,Selsis,-0.47627794102308585,-0.6018751171407242,GP,0.08456685854135834,2.3851403344528387e+24,0.9887957380385606,0.08456685854135834
855,1.755692699724518,0.29,1072.0,211.2642294708618,21453.563231566026,0.0071,2135076572.266297,13743308.39323413,Selsis,-0.3771227331653675,-0.6364570270589642,linear,0.4990886962840695,1.0101173640226879e+25,0.17312560124378185,0.4990886962840695
856,1.755692699724518,0.29,1072.0,211.2642294708618,5455.558409403942,0.0071,6065774810.828634,8501543.711279254,Selsis,-0.3876722696115572,-0.7337441968161106,GP,0.26733887263805906,6.600109561994534e+24,0.39133482662990593,0.26733887263805906
857,1.755692699724518,0.29,1072.0,211.2642294708618,54618.645078574635,0.0071,872383718.9861645,4076927.3710020073,Selsis,-0.35095894920936876,-0.6660618736075462,log,0.19565348008812813,2.3884491666874077e+24,0.6691564072231992,0.19565348008812813
858,1.755692699724518,0.29,1072.0,211.2642294708618,24674.21405990399,0.0071,1930752614.2120652,45764296.49172092,Selsis,-0.2922446830956759,-0.6929135490342794,log,0.3364196415967687,9.54030352945288e+24,0.09328677629524273,0.3364196415967687
859,1.755692699724518,0.29,1072.0,211.2642294708618,54615.24035112854,0.0071,863728765.8784523,38851827.867467076,Selsis,-0.3310009824506182,-0.7326640373080844,GP,0.0578827985229988,6.434287820543401e+23,0.9717205083488033,0.0578827985229988
860,1.755692699724518,0.29,1072.0,211.2642294708618,13243.84271251367,0.0071,3037301910.6154733,91405419.02759103,Selsis,-0.33484447032715126,-0.7628576020552531,GP,0.07991156089391667,1.8970072896975248e+24,0.3217939027388538,0.07991156089391667
861,1.755692699724518,0.29,1072.0,211.2642294708618,4656.738676620374,0.0071,6905749897.173662,87305444.63433748,Selsis,-0.39551471743626504,-0.7226327931245086,GP,0.1474777577876272,3.3937133480809065e+24,0.06268209048327733,0.1474777577876272
862,1.755692699724518,0.29,1072.0,211.2642294708618,20766.863359939915,0.0071,2185891569.4004183,75604266.21923564,Selsis,-0.38666463260631695,-0.7788331360454331,GP,0.3209768520052659,5.164733174124842e+24,0.7320160065997127,0.3209768520052659
863,1.755692699724518,0.29,1072.0,211.2642294708618,17639.69252283029,0.0071,2461479658.6398096,24755928.53208022,Selsis,-0.4514979439431359,-0.7616362784745817,linear,0.08911380082310774,1.3653483267466933e+24,0.44688364434977446,0.08911380082310774
864,1.755692699724518,0.29,1072.0,211.2642294708618,8353.756680275377,0.0071,4317731063.507264,17906374.237267815,Selsis,-0.39485955169496495,-0.716789923562191,log,0.05200946568606176,1.1408085667890152e+24,0.8611668060313277,0.05200946568606176
865,1.755692699724518,0.29,1072.0,211.2642294708618,12602.013517454869,0.0071,3151358616.9284782,19838667.46261684,Selsis,-0.3382630331719706,-0.6851185212153718,log,0.3854530896342638,1.0186121446488738e+25,0.7441411471898042,0.3854530896342638
866,1.755692699724518,0.29,1072.0,211.2642294708618,28453.092506748333,0.0071,1744207327.3356562,55163425.48118779,Selsis,-0.28038663765677524,-0.6121989864271059,GP,0.05471492600453518,1.7190434820508892e+24,0.29285435216541056,0.05471492600453518
867,1.755692699724518,0.29,1072.0,211.2642294708618,12930.399545894512,0.0071,1482288455.6078255,59761172.05294819,Jackson,-0.37066270366776877,-0.683210018723428,log,0.36600842039259096,3.2530276159952576e+24,0.614277703925094,0.36600842039259096
868,1.755692699724518,0.29,1072.0,211.2642294708618,1989.0844792277858,0.0071,9060831002.463596,24361535.814981755,Jackson,-0.49145675463688115,-0.6218210210693056,linear,0.061206342645313556,9.097518486060413e+23,0.47072264572685685,0.061206342645313556
869,1.755692699724518,0.29,1072.0,211.2642294708618,2349.8325082539454,0.0071,7583582571.408511,59852156.4832481,Jackson,-0.31489255385112797,-0.6418606428477273,linear,0.4995328529884868,1.1193882395251701e+25,0.22808613122268273,0.4995328529884868
870,1.755692699724518,0.29,1072.0,211.2642294708618,3412.846005962996,0.0071,5163433860.155086,2471365.956818029,Jackson,-0.3300030683824941,-0.7148851830316759,linear,0.12373115006608223,2.3309944732776957e+24,0.5240847005564759,0.12373115006608223
871,1.755692699724518,0.29,1072.0,211.2642294708618,20649.957585614906,0.0071,987451543.119243,68431175.47489503,Jackson,-0.3933560460623934,-0.7650758198599705,log,0.13014630791121953,8.104752919551381e+23,0.3700282521402496,0.13014630791121953
872,1.755692699724518,0.29,1072.0,211.2642294708618,5354.6607931671,0.0071,6158572561.9734745,78910581.96450691,Selsis,-0.33473671341404454,-0.6446876527689448,log,0.2509980957606115,8.323616198640176e+24,0.12869604947775415,0.2509980957606115
873,1.755692699724518,0.29,1072.0,211.2642294708618,9041.370443780554,0.0071,4058755141.963193,16108625.366018683,Selsis,-0.4262969296889555,-0.7494630997346966,linear,0.15613881475419453,3.0144371274290536e+24,0.8315231405757879,0.15613881475419453
874,1.755692699724518,0.29,1072.0,211.2642294708618,6196.858582839466,0.0071,2892238414.1645975,31877178.577050526,Jackson,-0.36475010763706933,-0.7133567342808897,GP,0.07749104178310087,9.206740898929102e+23,0.3174405875526941,0.07749104178310087
875,1.755692699724518,0.29,1072.0,211.2642294708618,11228.223908493785,0.0071,3435014594.843038,89813908.92381085,Selsis,-0.2960036021780244,-0.6566542660420721,linear,0.09362427609440326,3.288646101264448e+24,0.2537152396042137,0.09362427609440326
876,1.755692699724518,0.29,1072.0,211.2642294708618,54702.41867806591,0.0071,947607887.0118239,43036412.37538489,Selsis,-0.41131071403521774,-0.6131206429683725,linear,0.146407382647489,1.4610572995981703e+24,0.5944554591759372,0.146407382647489
877,1.755692699724518,0.29,1072.0,211.2642294708618,7730.970075514774,0.0071,4589307311.529282,4183104.554359818,Selsis,-0.3645063028792712,-0.7562196678430129,GP,0.4915825091793707,1.2583807338884496e+25,0.8305646393504363,0.4915825091793707
878,1.755692699724518,0.29,1072.0,211.2642294708618,27321.763066281568,0.0071,1795231473.8482993,1051140.1565007325,Selsis,-0.4163575749530283,-0.614614998012108,GP,0.19000228056777727,3.5470391816502524e+24,0.22262994916126366,0.19000228056777727
879,1.755692699724518,0.29,1072.0,211.2642294708618,12214.766222965643,0.0071,3225424641.4967866,92407855.60267307,Selsis,-0.4918432007279299,-0.7407806444557716,GP,0.12432429349897367,1.8727347664484894e+24,0.3620858158000072,0.12432429349897367
880,1.755692699724518,0.29,1072.0,211.2642294708618,6092.503352760184,0.0071,5547941227.689967,62700852.41969125,Selsis,-0.3181377654314085,-0.7170968125700601,log,0.19672515225511777,6.605694370418307e+24,0.18309899192979728,0.19672515225511777
881,1.755692699724518,0.29,1072.0,211.2642294708618,15950.829418368845,0.0071,2648848935.9018145,96026020.29130147,Selsis,-0.3698491140064995,-0.7499461482802728,linear,0.34601912339650714,6.443477501605566e+24,0.8206717448578256,0.34601912339650714
882,1.755692699724518,0.29,1072.0,211.2642294708618,22043.887590078215,0.0071,2093658252.2495546,99076823.7612817,Selsis,-0.48251983325088676,-0.7175774099894613,linear,0.29661850881468876,3.843874840677845e+24,0.18682829433961234,0.29661850881468876
883,1.755692699724518,0.29,1072.0,211.2642294708618,4257.509692271158,0.0071,4145711115.162406,64879938.04808569,Jackson,-0.4751219838478385,-0.6007715126777304,GP,0.3773691493671323,4.6844129057091313e+24,0.9092699395629747,0.3773691493671323
884,1.755692699724518,0.29,1072.0,211.2642294708618,7287.65456881488,0.0071,4809080162.111063,92579703.24209376,Selsis,-0.325973995660521,-0.7277757595463319,log,0.171229500845145,5.092231253752321e+24,0.11186455268013773,0.171229500845145
885,1.755692699724518,0.29,1072.0,211.2642294708618,7335.34363965522,0.0071,2471315523.943378,65080096.91136113,Jackson,-0.4390650572682073,-0.7666628143635827,linear,0.08233166239779716,6.513638010540089e+23,0.6899901268290677,0.08233166239779716
886,1.755692699724518,0.29,1072.0,211.2642294708618,5184.62601249346,0.0071,3424925351.6135716,91246162.17561392,Jackson,-0.2940160298859407,-0.6336473953849235,GP,0.055020611856135604,1.1080010236689494e+24,0.1381942496767974,0.055020611856135604
887,1.755692699724518,0.29,1072.0,211.2642294708618,12781.990959599412,0.0071,3118326876.6031446,25095203.291529063,Selsis,-0.3165675626502191,-0.7342466154643498,log,0.06206921271898141,1.8159094823306817e+24,0.3161160823287703,0.06206921271898141
888,1.755692699724518,0.29,1072.0,211.2642294708618,12948.827979867006,0.0071,3088452697.8735685,74412741.16943166,Selsis,-0.44181893758420454,-0.6971693909522124,GP,0.11298983456789005,1.891872139436079e+24,0.9420959634191007,0.11298983456789005
889,1.755692699724518,0.29,1072.0,211.2642294708618,13667.200992865815,0.0071,2967406469.9297695,34537641.89901146,Selsis,-0.4118924740627422,-0.6387467600726683,log,0.06796275357539441,1.3654193690087928e+24,0.8402896009012447,0.06796275357539441
890,1.755692699724518,0.29,1072.0,211.2642294708618,3177.826441505228,0.0071,5549427897.145915,89657937.25817268,Jackson,-0.44845579394768775,-0.7593240817941888,GP,0.24529655763312047,2.2853104122744946e+24,0.974198548354838,0.24529655763312047
891,1.755692699724518,0.29,1072.0,211.2642294708618,3666.542198654012,0.0071,4805648334.743335,30039997.02986798,Jackson,-0.3764024148125543,-0.7491168534031427,GP,0.22306382756347357,2.805655390926862e+24,0.060540247385098556,0.22306382756347357
892,1.755692699724518,0.29,1072.0,211.2642294708618,37928.966711642,0.0071,1426857869.8212352,33734699.05381464,Selsis,-0.30148909998210066,-0.7594048325264416,GP,0.40916262260277936,8.883682198586554e+24,0.1401905495319482,0.40916262260277936
893,1.755692699724518,0.29,1072.0,211.2642294708618,4237.257906733042,0.0071,7468547151.275184,68263543.23736808,Selsis,-0.3712597679154677,-0.7181248962710348,GP,0.1678803510791925,4.4168773927958653e+24,0.08914841582939825,0.1678803510791925
894,1.755692699724518,0.29,1072.0,211.2642294708618,12581.808064142453,0.0071,3155120566.367125,93827943.82642317,Selsis,-0.2989030318863502,-0.7697041983775245,log,0.2933235672073899,9.177346843523501e+24,0.2626521634566936,0.2933235672073899
895,1.755692699724518,0.29,1072.0,211.2642294708618,7223.021119079212,0.0071,2506871543.5326357,81732078.038029,Jackson,-0.4737456734001855,-0.6217388107407207,GP,0.13962060508137844,1.3039722611080434e+24,0.8168590549393253,0.13962060508137844
896,1.755692699724518,0.29,1072.0,211.2642294708618,4374.534310698838,0.0071,7272875671.253004,53549679.18196798,Selsis,-0.39309095659195903,-0.6650507847517658,linear,0.11420398400007067,2.9637832925226615e+24,0.1488009555654618,0.11420398400007067
897,1.755692699724518,0.29,1072.0,211.2642294708618,8308.282124522855,0.0071,4336267832.477638,26273606.760494273,Selsis,-0.41931532804180127,-0.6642621963139175,GP,0.3268583994121601,7.035607286379398e+24,0.8399563106897041,0.3268583994121601
898,1.755692699724518,0.29,1072.0,211.2642294708618,3826.640008187939,0.0071,4605675213.402459,27451525.962552384,Jackson,-0.38787696685327905,-0.604327487640032,linear,0.09991773441895792,1.5845251439062177e+24,0.35103365337832604,0.09991773441895792
899,1.755692699724518,0.29,1072.0,211.2642294708618,6302.322961560352,0.0071,2846764825.9118977,91973447.21151902,Jackson,-0.38506590009848857,-0.6389638572724232,linear,0.0858617956018561,9.55516452731045e+23,0.1436692208965219,0.0858617956018561
900,1.755692699724518,0.29,1072.0,211.2642294708618,3596.45684760604,0.0071,4899114773.342641,75042234.09269544,Jackson,-0.48153540109892745,-0.76353539301833,linear,0.20992868615596497,1.810472246764696e+24,0.461518228532224,0.20992868615596497
901,1.755692699724518,0.29,1072.0,211.2642294708618,54690.958335214375,0.0071,936952448.0973039,60565736.3392108,Selsis,-0.47197016612912185,-0.6181675419569413,linear,0.24866265530890147,2.1278032779203455e+24,0.4839022563934313,0.24866265530890147
902,1.755692699724518,0.29,1072.0,211.2642294708618,3126.0522486415452,0.0071,9668216225.773018,97517545.23911572,Selsis,-0.31740092713235946,-0.7778692013123412,GP,0.06177473016322927,2.2700607249597006e+24,0.4661807931541324,0.06177473016322927
903,1.755692699724518,0.29,1072.0,211.2642294708618,7831.627495313182,0.0071,4542671565.436091,82945106.94333531,Selsis,-0.4910894375904542,-0.6655306412572901,log,0.48530075855047555,8.941572758471944e+24,0.10031704344116399,0.48530075855047555
904,1.755692699724518,0.29,1072.0,211.2642294708618,8821.289516577517,0.0071,2087106516.893476,16623020.596238874,Jackson,-0.28269206848547174,-0.6322365621267836,linear,0.2892199352201477,6.142168143016663e+24,0.08131473526892286,0.2892199352201477
905,1.755692699724518,0.29,1072.0,211.2642294708618,11783.539445453278,0.0071,3313100442.89928,85512356.95537573,Selsis,-0.41214329017615775,-0.7348435577430225,linear,0.0763678461429155,1.3481454229064756e+24,0.8627181365496237,0.0763678461429155
906,1.755692699724518,0.29,1072.0,211.2642294708618,2733.180513943677,0.0071,10868556908.070597,90049587.94411902,Selsis,-0.4174874721722543,-0.6413174216839576,GP,0.08209372421798011,2.2625249720242924e+24,0.11122149663997782,0.08209372421798011
907,1.755692699724518,0.29,1072.0,211.2642294708618,12849.217718118885,0.0071,3106204377.7349405,3016419.6988477204,Selsis,-0.4792384900859399,-0.6187219890284036,linear,0.16129388031067998,3.3472929057796275e+24,0.9036909227067127,0.16129388031067998
908,1.755692699724518,0.29,1072.0,211.2642294708618,22102.3737459826,0.0071,2089662275.6885285,69543973.68500462,Selsis,-0.4668878902263683,-0.6072268720404279,log,0.09636440037403142,1.584339792181403e+24,0.7408254598133284,0.09636440037403142
909,1.755692699724518,0.29,1072.0,211.2642294708618,54786.899434897714,0.0071,1029917909.2732899,3313599.584989933,Selsis,-0.4582344398419799,-0.7152040608728453,linear,0.1770795531002183,1.7658336110188803e+24,0.3292803894423634,0.1770795531002183
910,1.755692699724518,0.29,1072.0,211.2642294708618,3296.925286515617,0.0071,9235047597.265974,61223456.36635494,Selsis,-0.4969364870811938,-0.6071304563197832,log,0.4757132394885423,1.2869311772921225e+25,0.4135877211414136,0.4757132394885423
911,1.755692699724518,0.29,1072.0,211.2642294708618,1997.1320211931693,0.0071,9021392813.715227,42711120.197428755,Jackson,-0.3456228102173512,-0.6019984080842243,log,0.05379965460861139,1.218743172048221e+24,0.29457577831473236,0.05379965460861139
912,1.755692699724518,0.29,1072.0,211.2642294708618,12223.716663915306,0.0071,3223664601.995582,67733707.11615507,Selsis,-0.41003173102664364,-0.6561356215367191,linear,0.08618861600581945,1.6767531582869304e+24,0.5042606246559795,0.08618861600581945
913,1.755692699724518,0.29,1072.0,211.2642294708618,17668.56907014791,0.0071,2458536834.649064,33740804.16878112,Selsis,-0.3531727103040204,-0.6297935759069135,log,0.05390533756693983,1.255202384127339e+24,0.45674212437486006,0.05390533756693983
914,1.755692699724518,0.29,1072.0,211.2642294708618,2171.2777040601477,0.0071,8247001052.81792,9748401.98491741,Jackson,-0.2987789194059349,-0.6647716115448022,log,0.20079151149762278,5.402643664512069e+24,0.4033088680233873,0.20079151149762278
915,1.755692699724518,0.29,1072.0,211.2642294708618,4357.669848092333,0.0071,7296269079.346668,26534006.382650066,Selsis,-0.3049109492351606,-0.7520910005441399,linear,0.4368067195420897,1.7659932907889254e+25,0.05615822726967068,0.4368067195420897
916,1.755692699724518,0.29,1072.0,211.2642294708618,2573.5479769518397,0.0071,11461215727.015026,29242869.17182392,Selsis,-0.3506424009155126,-0.6927492565608407,log,0.09532075459610083,3.2380132954079473e+24,0.994611476617841,0.09532075459610083
917,1.755692699724518,0.29,1072.0,211.2642294708618,5647.931092379805,0.0071,3156884009.269122,37849144.44786791,Jackson,-0.47623837163724075,-0.7313115373349112,GP,0.13973603790323347,1.1909428181954772e+24,0.45887952972899815,0.13973603790323347
918,1.755692699724518,0.29,1072.0,211.2642294708618,6721.017995810395,0.0071,5128865085.86895,87115918.2062324,Selsis,-0.28693498150340085,-0.6579639409088663,linear,0.12156887933299812,5.270689599227165e+24,0.48491417338971154,0.12156887933299812
919,1.755692699724518,0.29,1072.0,211.2642294708618,54645.99748730662,0.0071,896275275.8453506,93440819.03472906,Selsis,-0.4520515492229398,-0.7049410078908988,log,0.19046645931443662,1.3110422518363049e+24,0.6826057072739553,0.19046645931443662
920,1.755692699724518,0.29,1072.0,211.2642294708618,6915.2106438109795,0.0071,5013999337.061671,57558026.29304414,Selsis,-0.47907632636696573,-0.7449896680034749,log,0.07114464734602033,1.2570473794583106e+24,0.06420106788533797,0.07114464734602033
921,1.755692699724518,0.29,1072.0,211.2642294708618,13170.722708061994,0.0071,1458439051.5853581,66625936.47582683,Jackson,-0.29402981946898243,-0.7228164454919072,log,0.08121349266116618,1.1267376014171602e+24,0.29500121315716266,0.08121349266116618
922,1.755692699724518,0.29,1072.0,211.2642294708618,21665.343883457776,0.0071,2119986150.6933305,90068673.54658657,Selsis,-0.42509628814357614,-0.764535649359119,log,0.46076716334864243,6.46650128270143e+24,0.3514784532593922,0.46076716334864243
923,1.755692699724518,0.29,1072.0,211.2642294708618,4700.9068127666515,0.0071,3763991186.301469,84178474.21169299,Jackson,-0.4185338653629461,-0.7636543403278644,log,0.06074305453076369,5.576335718427762e+23,0.6745445426943213,0.06074305453076369
924,1.755692699724518,0.29,1072.0,211.2642294708618,2886.3429347546735,0.0071,6122144346.623029,47357901.618636236,Jackson,-0.37687222627497274,-0.7897745460014756,linear,0.15092454696034374,1.9036208492587223e+24,0.8302257731284185,0.15092454696034374
925,1.755692699724518,0.29,1072.0,211.2642294708618,2711.9620171273546,0.0071,6528478643.589391,91418006.27464439,Jackson,-0.44075730595486823,-0.6744052703717519,log,0.18661278022653716,2.0997144551299203e+24,0.38037453698459633,0.18661278022653716
926,1.755692699724518,0.29,1072.0,211.2642294708618,13503.325787058046,0.0071,2993990570.7693663,95779287.14617437,Selsis,-0.4348457941270093,-0.7901264807703766,linear,0.22845171408960355,3.5688246138230803e+24,0.11764825268548051,0.22845171408960355
927,1.755692699724518,0.29,1072.0,211.2642294708618,30992.42641757797,0.0071,1642549253.592455,54828217.72486571,Selsis,-0.32277961402646466,-0.7765318017744749,log,0.07250546399423874,1.4238220472284068e+24,0.28182277581682114,0.07250546399423874
928,1.755692699724518,0.29,1072.0,211.2642294708618,26854.21315204593,0.0071,1817438345.7872727,14630134.012856403,Selsis,-0.3275462816465176,-0.6968128886964154,log,0.2600096902288046,5.78872568005904e+24,0.7124777460560433,0.2600096902288046
929,1.755692699724518,0.29,1072.0,211.2642294708618,6202.753142572092,0.0071,2889655354.730062,42072310.309910126,Jackson,-0.43273063650022725,-0.6074374619680565,log,0.32306896308980004,3.779454535592147e+24,0.8149456218571536,0.32306896308980004
930,1.755692699724518,0.29,1072.0,211.2642294708618,6532.76970711503,0.0071,5246364956.237016,76073983.37752385,Selsis,-0.43682493252780735,-0.7586426740162303,linear,0.2264199823050707,4.250755043654471e+24,0.2140747380282665,0.2264199823050707
931,1.755692699724518,0.29,1072.0,211.2642294708618,3100.569860901833,0.0071,5689991839.686371,57436551.800395824,Jackson,-0.42834254704876484,-0.773236250223844,linear,0.14495801450946766,1.4705070183823865e+24,0.3190148753663825,0.14495801450946766
932,1.755692699724518,0.29,1072.0,211.2642294708618,2622.089884422709,0.0071,6760809915.9295,71620540.16399963,Jackson,-0.332355807967391,-0.743412198201366,GP,0.06320461799937814,1.056444487595765e+24,0.6880729565012564,0.06320461799937814
933,1.755692699724518,0.29,1072.0,211.2642294708618,19713.873322294185,0.0071,2269925178.2704287,79729287.79591122,Selsis,-0.2991147995227127,-0.7673878020757464,GP,0.437142006800505,1.19861167383307e+25,0.25727936140363383,0.437142006800505
934,1.755692699724518,0.29,1072.0,211.2642294708618,7932.613656549236,0.0071,4497001158.978121,69024015.5002611,Selsis,-0.4097991710472596,-0.628211863693578,log,0.05207410724551839,1.2073732933249429e+24,0.7420896564039624,0.05207410724551839
935,1.755692699724518,0.29,1072.0,211.2642294708618,3951.577932882501,0.0071,7918084259.856855,27678739.006971262,Selsis,-0.43559738102264345,-0.6384444478037632,log,0.40440470572543746,1.0437073651991353e+25,0.14018450205413102,0.40440470572543746
936,1.755692699724518,0.29,1072.0,211.2642294708618,2280.304114690928,0.0071,7828335672.473988,77616085.08967629,Jackson,-0.4572708594057316,-0.6800733212558621,GP,0.4413053712071887,5.036816179295325e+24,0.03291398285827274,0.4413053712071887
937,1.755692699724518,0.29,1072.0,211.2642294708618,3666.3974891932694,0.0071,4805837430.709133,14736445.018448982,Jackson,-0.40166729594876993,-0.6818263264721546,log,0.42439044362835354,5.413580770304409e+24,0.7016969981237478,0.42439044362835354
938,1.755692699724518,0.29,1072.0,211.2642294708618,2286.607010699888,0.0071,7805473919.018662,33400147.609731108,Jackson,-0.4855976552343839,-0.6782621238671965,GP,0.34511151434825216,3.9977469114213403e+24,0.2098702785907669,0.34511151434825216
939,1.755692699724518,0.29,1072.0,211.2642294708618,7073.695164711426,0.0071,4924414284.702196,71574789.35241911,Selsis,-0.38464490663329803,-0.720212872588704,linear,0.08569019752647647,1.9093566815041632e+24,0.027312750282707743,0.08569019752647647
940,1.755692699724518,0.29,1072.0,211.2642294708618,2899.865939769526,0.0071,10319608897.653912,23127096.22208465,Selsis,-0.33161787695167877,-0.7686820054671489,GP,0.47300743424722136,1.682238875119125e+25,0.3392761603490061,0.47300743424722136
941,1.755692699724518,0.29,1072.0,211.2642294708618,2848.4859344299075,0.0071,10481961882.440287,3824034.864389212,Selsis,-0.35971284258715036,-0.6677673820907074,linear,0.2049466992992848,7.061393377301733e+24,0.874060442723642,0.2049466992992848
942,1.755692699724518,0.29,1072.0,211.2642294708618,2325.1355816852943,0.0071,7668680772.0110035,32068558.25175647,Jackson,-0.35321550341663643,-0.6964338148336159,GP,0.06371204599145006,1.0653239768307553e+24,0.5284298477805254,0.06371204599145006
943,1.755692699724518,0.29,1072.0,211.2642294708618,14549.1145242022,0.0071,2833688705.309321,83004509.11862484,Selsis,-0.28774605763502126,-0.6104452413607799,GP,0.16087214719224163,5.967677074516294e+24,0.03569010729030653,0.16087214719224163
944,1.755692699724518,0.29,1072.0,211.2642294708618,3576.507918557173,0.0071,4926427594.851955,74099964.57298124,Jackson,-0.4696284561105997,-0.727694604009978,linear,0.05229808585923361,4.7818057477165835e+23,0.6597251966172303,0.05229808585923361
945,1.755692699724518,0.29,1072.0,211.2642294708618,26115.39577552954,0.0071,1853960649.306543,97178013.6041676,Selsis,-0.4778781161794243,-0.6865629091623763,GP,0.06150959673457074,7.756939959006987e+23,0.1739289875906488,0.06150959673457074
946,1.755692699724518,0.29,1072.0,211.2642294708618,27228.169076666687,0.0071,781293200.9277699,95518072.34370928,Jackson,-0.44365927510032616,-0.6904324075426336,GP,0.12710546091995742,5.9858381909847425e+23,0.13184575427191592,0.12710546091995742
947,1.755692699724518,0.29,1072.0,211.2642294708618,33625.42765908181,0.0071,1551517275.5540705,34794975.68402643,Selsis,-0.4887798303490478,-0.7207313230902831,log,0.10194478177955014,1.1974051139653934e+24,0.8805853674516624,0.10194478177955014
948,1.755692699724518,0.29,1072.0,211.2642294708618,3312.375330130775,0.0071,5321305642.3333,2539694.6559101716,Jackson,-0.36969938084804993,-0.6549450418752681,GP,0.4058699904159123,6.717047014910172e+24,0.5575785353526053,0.4058699904159123
949,1.755692699724518,0.29,1072.0,211.2642294708618,48295.530096601644,0.0071,285589906.80042887,48307242.15493676,Jackson,-0.3472630546258022,-0.7469080168753707,log,0.10393087947296953,2.9791592743003208e+23,0.8738372762919683,0.10393087947296953
950,1.755692699724518,0.29,1072.0,211.2642294708618,2784.8824334936817,0.0071,6351875291.258821,13231071.000653783,Jackson,-0.3069666207509657,-0.7090492460001523,log,0.2636468349038459,5.889469683474093e+24,0.5958411707630177,0.2636468349038459
951,1.755692699724518,0.29,1072.0,211.2642294708618,17209.184113431806,0.0071,2506187498.2087603,62830745.18293497,Selsis,-0.37860865890219736,-0.6578796234126517,log,0.27883624828603426,5.425597299033967e+24,0.23486412807571622,0.27883624828603426
952,1.755692699724518,0.29,1072.0,211.2642294708618,26797.703817534184,0.0071,1820168750.995065,14946471.665192604,Selsis,-0.42201102306832333,-0.610695620238096,GP,0.41587442445809114,7.277461184142544e+24,0.08543173738710763,0.41587442445809114
953,1.755692699724518,0.29,1072.0,211.2642294708618,3122.8448502123556,0.0071,9676796668.009125,77514834.99771237,Selsis,-0.4341106806725465,-0.7659391142679881,log,0.09840194694867978,2.1005371961991176e+24,0.6901511395692023,0.09840194694867978
954,1.755692699724518,0.29,1072.0,211.2642294708618,2544.8538586440195,0.0071,6974749351.213004,5681359.117357403,Jackson,-0.42491053403717455,-0.7673220698757075,log,0.14783098623363364,1.7830420831887826e+24,0.6000113060148811,0.14783098623363364
955,1.755692699724518,0.29,1072.0,211.2642294708618,6101.909009615552,0.0071,5541067249.720544,91562753.13689308,Selsis,-0.3730495251309871,-0.6028446223618649,GP,0.06704845127247737,1.9838802964573892e+24,0.8201008331035269,0.06704845127247737
956,1.755692699724518,0.29,1072.0,211.2642294708618,4872.763708006708,0.0071,3635415986.976605,60845949.433460884,Jackson,-0.417400389824325,-0.7109539652433146,linear,0.1105865282843715,1.0913373608292345e+24,0.07406449929880454,0.1105865282843715
957,1.755692699724518,0.29,1072.0,211.2642294708618,8603.197397645898,0.0071,2135193461.0420687,52770455.98067916,Jackson,-0.4035313248866836,-0.7106632403193056,log,0.10226438177849352,9.064734638869155e+23,0.6364891651986945,0.10226438177849352
958,1.755692699724518,0.29,1072.0,211.2642294708618,2435.7989702095156,0.0071,7302074024.417553,48775059.378062636,Jackson,-0.43436698497055487,-0.7014511070114592,log,0.19789560091350414,2.3036973557114804e+24,0.5803195619356881,0.19789560091350414
959,1.755692699724518,0.29,1072.0,211.2642294708618,7292.046744987203,0.0071,2484882036.1038027,47462984.759024724,Jackson,-0.3595085658628678,-0.6939433587051851,log,0.0995947423571099,1.144988545730783e+24,0.911619361142142,0.0995947423571099
960,1.755692699724518,0.29,1072.0,211.2642294708618,4083.4077745972563,0.0071,4319316776.716879,57834520.188132174,Jackson,-0.4398818835997171,-0.6019017374363728,GP,0.16072745217734596,2.1296731204066205e+24,0.5218967801977039,0.16072745217734596
961,1.755692699724518,0.29,1072.0,211.2642294708618,2486.88835401914,0.0071,11815085836.805517,72904981.1280969,Selsis,-0.3325258315693039,-0.6915200698686108,GP,0.17385744254373844,6.42672696051668e+24,0.32733600426091347,0.17385744254373844
962,1.755692699724518,0.29,1072.0,211.2642294708618,3458.398849511045,0.0071,5095065179.707312,19258574.712904148,Jackson,-0.4090480302966075,-0.6882460208656722,linear,0.07022843138092348,8.669293649134005e+23,0.6357722682039989,0.07022843138092348
963,1.755692699724518,0.29,1072.0,211.2642294708618,7947.419934022664,0.0071,2295645439.251074,21178953.96620068,Jackson,-0.3721439481770814,-0.6607566954358348,GP,0.42706677663729353,5.003719778179566e+24,0.4873415842056903,0.42706677663729353
964,1.755692699724518,0.29,1072.0,211.2642294708618,6662.776222546872,0.0071,5164547238.283151,86789841.4357788,Selsis,-0.4764007695632493,-0.7903737437817111,linear,0.1080669131314997,1.8430959669863213e+24,0.5373702782628205,0.1080669131314997
965,1.755692699724518,0.29,1072.0,211.2642294708618,54794.490792473836,0.0071,1037649525.9374181,19221818.056943204,Selsis,-0.4944014510277955,-0.6141717481648709,GP,0.4293751587966323,4.466554079186527e+24,0.9032803759604144,0.4293751587966323
966,1.755692699724518,0.29,1072.0,211.2642294708618,4647.1670831478605,0.0071,6917497168.209335,50623229.1112409,Selsis,-0.46498967586012635,-0.6348565650327201,linear,0.11975290137273906,2.8174992688850966e+24,0.738283959181335,0.11975290137273906
967,1.755692699724518,0.29,1072.0,211.2642294708618,2148.09524423902,0.0071,8342081438.255908,30617578.514588278,Jackson,-0.3783307343795242,-0.6098564995040024,linear,0.18059170761303228,3.44631406318444e+24,0.1113224868355176,0.18059170761303228
968,1.755692699724518,0.29,1072.0,211.2642294708618,4453.192731585781,0.0071,3967485632.5443444,75821316.2340151,Jackson,-0.4427983211888319,-0.670243311666127,GP,0.05476156166414164,5.469274634193142e+23,0.5576097576119795,0.05476156166414164
969,1.755692699724518,0.29,1072.0,211.2642294708618,9201.08796804497,0.0071,2008781571.9142709,17068974.715419132,Jackson,-0.31942210358406187,-0.6938984339030502,log,0.3844808743739975,5.647154711637539e+24,0.6667986954054823,0.3844808743739975
970,1.755692699724518,0.29,1072.0,211.2642294708618,16357.12196701587,0.0071,2600632121.2669635,52141253.955190375,Selsis,-0.48500367328290367,-0.6525326611523782,GP,0.0684446444524651,1.1055204861064404e+24,0.6422893954125732,0.0684446444524651
971,1.755692699724518,0.29,1072.0,211.2642294708618,9372.469191103473,0.0071,1975503957.2599006,45324283.25984287,Jackson,-0.4071489632856855,-0.7740549667010586,log,0.11539143108134649,9.581409917823634e+23,0.6200243719449748,0.11539143108134649
972,1.755692699724518,0.29,1072.0,211.2642294708618,30106.13308589393,0.0071,1676316269.6081173,78173977.75836176,Selsis,-0.4099001848736832,-0.6611765790097278,GP,0.059951920417886585,8.409689900029841e+23,0.8720959258810367,0.059951920417886585
973,1.755692699724518,0.29,1072.0,211.2642294708618,21456.658490835194,0.0071,955668068.1015304,61252080.15163373,Jackson,-0.466146716611694,-0.6604216559324798,linear,0.08791528527108954,5.100732132614206e+23,0.15242694797817913,0.08791528527108954
974,1.755692699724518,0.29,1072.0,211.2642294708618,13184.64301040385,0.0071,1457083621.0121708,51771763.91425998,Jackson,-0.2820618501406084,-0.7694028452126025,log,0.05395430513011671,8.458648676188963e+23,0.47288645602122203,0.05395430513011671
975,1.755692699724518,0.29,1072.0,211.2642294708618,2680.662114885118,0.0071,11055701177.222849,27188671.45502429,Selsis,-0.3517021645594126,-0.6100348878053239,linear,0.06114717940424692,2.4460805079138364e+24,0.5105194708363908,0.06114717940424692
976,1.755692699724518,0.29,1072.0,211.2642294708618,7310.795856500027,0.0071,4796987722.47003,76174645.25465034,Selsis,-0.48522034848153917,-0.7866329380661682,GP,0.08689545240023183,1.453353743875314e+24,0.2289079396263135,0.08689545240023183
977,1.755692699724518,0.29,1072.0,211.2642294708618,3069.7758470069707,0.0071,5748132944.055646,6460945.214262214,Jackson,-0.36684042224363694,-0.7147636819295627,linear,0.31932278792326585,4.842064172299852e+24,0.6432032969538977,0.31932278792326585
978,1.755692699724518,0.29,1072.0,211.2642294708618,5930.744939884517,0.0071,5669400748.613445,35236006.769756466,Selsis,-0.3188002620217433,-0.7496070429776,GP,0.18190985629494935,6.161543700315055e+24,0.17035294381617205,0.18190985629494935
979,1.755692699724518,0.29,1072.0,211.2642294708618,6248.804591129697,0.0071,2869645645.8115344,60497690.65547615,Jackson,-0.4206281384335564,-0.6885016620436963,log,0.23754134699127294,2.2359326872884628e+24,0.3042094198182137,0.23754134699127294
980,1.755692699724518,0.29,1072.0,211.2642294708618,4655.751741963993,0.0071,6906959009.791507,20536764.322611623,Selsis,-0.45608938863460396,-0.6670299910859049,linear,0.15189237599780012,3.437222774654265e+24,0.9275990849568143,0.15189237599780012
981,1.755692699724518,0.29,1072.0,211.2642294708618,5808.981619766446,0.0071,3073949904.693073,92443314.61882636,Jackson,-0.460288055642449,-0.6361802515463888,log,0.08376813911374369,8.042180483515613e+23,0.2238184516554118,0.08376813911374369
982,1.755692699724518,0.29,1072.0,211.2642294708618,6941.819415669204,0.0071,4998732999.440815,33270716.461774774,Selsis,-0.3804206898495382,-0.7436089328017802,linear,0.10870692642515095,2.518568371307293e+24,0.5774507148661375,0.10870692642515095
983,1.755692699724518,0.29,1072.0,211.2642294708618,54598.33415520843,0.0071,440623651.71915334,45328180.312450126,Selsis,-0.3565992382271998,-0.721005161712817,log,0.34637133684786914,1.696721915094212e+24,0.5674689349074874,0.34637133684786914
984,1.755692699724518,0.29,1072.0,211.2642294708618,2411.190697016126,0.0071,7380413955.570719,19716734.99831641,Jackson,-0.43774567437692113,-0.6921318028226962,GP,0.23519937913999628,2.9142496185213234e+24,0.6577583345451635,0.23519937913999628
985,1.755692699724518,0.29,1072.0,211.2642294708618,3388.026802229263,0.0071,9021788340.095087,54528920.06511486,Selsis,-0.4670768013105734,-0.7882158684467256,GP,0.28134639690244595,5.555552804210704e+24,0.7632624358206189,0.28134639690244595
986,1.755692699724518,0.29,1072.0,211.2642294708618,8546.583384816056,0.0071,2148076022.121599,97896967.15617128,Jackson,-0.3583580127467182,-0.7385108712465667,log,0.0743803975844117,7.321030449510842e+23,0.3466738043341676,0.0743803975844117
987,1.755692699724518,0.29,1072.0,211.2642294708618,6805.532954972095,0.0071,2649466907.9909077,53662250.31754906,Jackson,-0.3186789068536538,-0.6549856988653419,GP,0.4298583203527127,6.705150256353375e+24,0.6955846382720697,0.4298583203527127
988,1.755692699724518,0.29,1072.0,211.2642294708618,12657.660488816226,0.0071,1510425720.3439162,69786562.49344806,Jackson,-0.42595862753427155,-0.6194979002134885,log,0.44318769921887863,3.72600958534822e+24,0.005768703950512433,0.44318769921887863
989,1.755692699724518,0.29,1072.0,211.2642294708618,54601.99081806467,0.0071,660685033.0735682,17244961.739662122,Selsis,-0.38480324141702826,-0.6637819999733733,GP,0.26587783403775544,2.0332507261481891e+24,0.6584412031428867,0.26587783403775544
990,1.755692699724518,0.29,1072.0,211.2642294708618,22993.53262755047,0.0071,2031022101.6061037,28773722.68928593,Selsis,-0.4183748661618322,-0.7394590611386973,GP,0.19372768175330746,2.9346749956136295e+24,0.3364965318728653,0.19372768175330746
991,1.755692699724518,0.29,1072.0,211.2642294708618,2253.5036359991914,0.0071,7927117718.891666,93623152.89813304,Jackson,-0.30789819960005405,-0.6684847245642707,GP,0.08406163139519231,1.8504352046977532e+24,0.551886042257634,0.08406163139519231
992,1.755692699724518,0.29,1072.0,211.2642294708618,2838.017798516224,0.0071,6229354378.472683,99578759.6769045,Jackson,-0.4606787695449624,-0.6777145550032883,linear,0.09749183939602071,1.024478591348753e+24,0.4496794340010912,0.09749183939602071
993,1.755692699724518,0.29,1072.0,211.2642294708618,6504.9779258166645,0.0071,2763586475.024842,76921589.11667262,Jackson,-0.323892328853863,-0.7393309109477653,GP,0.1336222968362197,1.828779365335794e+24,0.7287137420832236,0.1336222968362197
994,1.755692699724518,0.29,1072.0,211.2642294708618,6473.210420118414,0.0071,2776276012.6030416,55581111.36995013,Jackson,-0.45118088499222053,-0.7305867749901288,GP,0.19467231193183135,1.6190861667862313e+24,0.3971837477899195,0.19467231193183135
995,1.755692699724518,0.29,1072.0,211.2642294708618,6151.275360569278,0.0071,2912383482.067654,49847617.261132464,Jackson,-0.43220631910926627,-0.7012910624396409,linear,0.10454179961564122,9.586030413610422e+23,0.7049464897174151,0.10454179961564122
996,1.755692699724518,0.29,1072.0,211.2642294708618,5380.21936539757,0.0071,3305992916.202602,50949823.7286519,Jackson,-0.48300547930970145,-0.7174467291935807,log,0.07624095359228326,6.462995018898553e+23,0.8944435807359387,0.07624095359228326
997,1.755692699724518,0.29,1072.0,211.2642294708618,5064.623882512846,0.0071,6445023442.640206,84676016.17502692,Selsis,-0.28010285215372455,-0.6295279007411475,GP,0.17629998384893045,8.978203630744515e+24,0.8746137048557024,0.17629998384893045
998,1.755692699724518,0.29,1072.0,211.2642294708618,52460.92624690003,0.0071,1134233055.8187563,25087042.83354051,Selsis,-0.3396880330459766,-0.7002199275670288,log,0.18473631773170185,2.668446848537551e+24,0.9490859964601743,0.18473631773170185
999,1.755692699724518,0.29,1072.0,211.2642294708618,11530.365374952173,0.0071,3367353105.0165734,39159895.49990003,Selsis,-0.3432191678292344,-0.7481013558553603,linear,0.4604009686465373,1.1333563249015364e+25,0.1149405022044131,0.4604009686465373
