,pl_mass,st_mass,pl_teff,pl_insol,pl_XUV_flux,pl_orbsmax,st_age,pl_form_yr,x-ray-model,euv_gamma1,euv_gamma2,co2_fit,ch4_eta,C_loss,N2O2_frac,CH4_epsilon
0,1.42,0.74,1614.6573038187862,1138.0,7216.627836003042,0.01189,3213831006.973444,25059739.987495963,Jackson,-0.43844862702614207,-0.692852725684409,log,0.1061504506688999,8.298923142014039e+23,0.9291554775305321,0.1061504506688999
1,1.42,0.74,1614.6573038187862,1138.0,3843.083487826515,0.01189,5048587054.731726,84534282.80015597,Selsis,-0.39543664846791926,-0.7729720921602696,GP,0.17619718985366925,5.2365226162687044e+23,0.43254321065633916,0.17619718985366925
2,1.42,0.74,1614.6573038187862,1138.0,7129.399548798674,0.01189,3259455586.650567,55482701.986517064,Jackson,-0.43441466038220655,-0.7673189698126422,log,0.12377382487874872,6.194163753293813e+23,0.7507894286225492,0.12377382487874872
3,1.42,0.74,1614.6573038187862,1138.0,4340.9095433697785,0.01189,4532127292.911429,40625195.86988249,Selsis,-0.4330310478595409,-0.753909140142841,linear,0.13631170367722034,6.655047388045913e+23,0.662053272240922,0.13631170367722034
4,1.42,0.74,1614.6573038187862,1138.0,7059.228941812185,0.01189,3297089727.6543717,43197055.75089503,Jackson,-0.3692887063189751,-0.6542576191830507,linear,0.11960504108392002,1.0207450951788366e+24,0.9333835636756964,0.11960504108392002
5,1.42,0.74,1614.6573038187862,1138.0,12593.398980398732,0.01189,1881114057.9107873,8521132.88045999,Selsis,-0.3821434128087547,-0.6163692175352428,GP,0.07372692391260896,1.1550267677402078e+23,0.17099701405270595,0.07372692391260896
6,1.42,0.74,1614.6573038187862,1138.0,6039.017097415884,0.01189,3968031773.362538,68100011.97200231,Jackson,-0.2840883049060102,-0.7024321731250711,GP,0.05652701807545657,5.4371754452917825e+23,0.5251646819985124,0.05652701807545657
7,1.42,0.74,1614.6573038187862,1138.0,4712.170442609066,0.01189,4221465190.6121955,91422333.11173032,Selsis,-0.48243279556488233,-0.6172900758093867,linear,0.16661678273020375,2.1490580951056827e+23,0.09714194064729387,0.16661678273020375
8,1.42,0.74,1614.6573038187862,1138.0,6129.811034307043,0.01189,3380660732.5422626,43456032.075445615,Selsis,-0.4782624798472476,-0.6490961503555739,GP,0.4333925932642661,1.5813282139245537e+23,0.05648751618145165,0.4333925932642661
9,1.42,0.74,1614.6573038187862,1138.0,2176.1980996157413,0.01189,8712949273.483757,46026446.06661968,Selsis,-0.32150728883608637,-0.7821340030744841,GP,0.12119222515099287,7.89322993018526e+23,0.368451701135422,0.12119222515099287
10,1.42,0.74,1614.6573038187862,1138.0,5229.2763868888715,0.01189,4727621117.7003355,89473189.81854579,Jackson,-0.4993436513619452,-0.6691657471757836,GP,0.057785159488709714,2.8247918127795027e+23,0.16549019317382507,0.057785159488709714
11,1.42,0.74,1614.6573038187862,1138.0,5208.029053777241,0.01189,4751320132.549688,57090543.738431975,Jackson,-0.3649189378439194,-0.7671909160079895,log,0.2597749884932215,3.0279782900161676e+23,0.19043677361285738,0.2597749884932215
12,1.42,0.74,1614.6573038187862,1138.0,3902.717162091518,0.01189,7079642985.12867,92955550.40675016,Jackson,-0.4346644469439763,-0.7703004683470199,GP,0.2309768272232462,3.687791205764556e+23,0.10334335293323749,0.2309768272232462
13,1.42,0.74,1614.6573038187862,1138.0,47060.27632442403,0.01189,459275541.11620396,98542515.61129388,Jackson,-0.47677202503763305,-0.7099477093223618,linear,0.1414583375111609,3.361624855265458e+22,0.3502116850455108,0.1414583375111609
14,1.42,0.74,1614.6573038187862,1138.0,12639.614123763906,0.01189,1711669256.7742634,57496631.4363087,Jackson,-0.4439346692500083,-0.7792585427829379,log,0.06987168344273824,1.2721263826496756e+23,0.2667977732293406,0.06987168344273824
15,1.42,0.74,1614.6573038187862,1138.0,4605.781598702427,0.01189,4305375896.517804,50706654.62982405,Selsis,-0.44234296173105675,-0.6770852495234873,log,0.1321441425125965,2.793868370077043e+23,0.1981884804537266,0.1321441425125965
16,1.42,0.74,1614.6573038187862,1138.0,91126.01480878961,0.01189,245652284.96773788,79370020.89955801,Jackson,-0.33485603154272653,-0.6373289786588304,linear,0.1747618467524342,5.956044541132654e+22,0.9349603508831902,0.1747618467524342
17,1.42,0.74,1614.6573038187862,1138.0,8037.886779590047,0.01189,2838746721.075573,65179955.04750841,Jackson,-0.28494810677079185,-0.6319074953338009,log,0.06771185173556164,3.4741179591818554e+23,0.4786542786272735,0.06771185173556164
18,1.42,0.74,1614.6573038187862,1138.0,6292.177849453478,0.01189,3776826733.342112,53307070.38161434,Jackson,-0.39219909351953114,-0.7898659953409172,linear,0.36903480246443826,1.5839806648597197e+23,0.009644567559239037,0.36903480246443826
19,1.42,0.74,1614.6573038187862,1138.0,8988.310775444757,0.01189,2499785333.94612,84339396.9343538,Jackson,-0.41207710185635443,-0.637880755860302,linear,0.0868019767242273,4.896410816616861e+23,0.6877288703441732,0.0868019767242273
20,1.42,0.74,1614.6573038187862,1138.0,2780.8191892646496,0.01189,6880445410.881821,53808209.51282114,Selsis,-0.43390534926749175,-0.7634793468246596,GP,0.08314848601969356,6.248489125308343e+23,0.46326837235431384,0.08314848601969356
21,1.42,0.74,1614.6573038187862,1138.0,3767.3909593316757,0.01189,7448208488.433998,67920013.96435581,Jackson,-0.3215737681148531,-0.7363182778106786,linear,0.37456103538878605,8.015855775622241e+23,0.4167249002592214,0.37456103538878605
22,1.42,0.74,1614.6573038187862,1138.0,14661.99040906546,0.01189,1669387532.7661717,69723544.87087357,Selsis,-0.4997424114034147,-0.7879763023035393,log,0.09942816740318676,5.6422230161490365e+23,0.9808755655921853,0.09942816740318676
23,1.42,0.74,1614.6573038187862,1138.0,5124.213215240632,0.01189,3929180291.383295,59958985.99710552,Selsis,-0.4628522896179189,-0.6845612971111262,GP,0.1942562174338043,6.586752039601792e+23,0.6767216380251122,0.1942562174338043
24,1.42,0.74,1614.6573038187862,1138.0,22088.193551792254,0.01189,959233989.4452223,93528034.07552782,Jackson,-0.29295075043042185,-0.6285612036889969,linear,0.05165765694710236,2.440299076189892e+23,0.8309209935317823,0.05165765694710236
25,1.42,0.74,1614.6573038187862,1138.0,5838.327970489019,0.01189,3519289530.411462,74704789.54466188,Selsis,-0.4587814219564343,-0.7679392456746926,GP,0.1117481227859916,5.7435468804999536e+23,0.6916912374688319,0.1117481227859916
26,1.42,0.74,1614.6573038187862,1138.0,15699.918588464301,0.01189,1361043880.7724774,61820413.14229618,Jackson,-0.3145350356304875,-0.6536982571052867,log,0.43930021281214265,5.294797740002596e+23,0.9910138614180151,0.43930021281214265
27,1.42,0.74,1614.6573038187862,1138.0,9202.066831889726,0.01189,2434274258.237888,61587510.742811665,Jackson,-0.4594988509931133,-0.7145783523147174,linear,0.10640234184926652,3.155688214613044e+23,0.5047020265046672,0.10640234184926652
28,1.42,0.74,1614.6573038187862,1138.0,2728.7993690970466,0.01189,7004100499.806817,95539430.8199018,Selsis,-0.43927529635383566,-0.6039379100677187,linear,0.39559243124839366,1.156718174986341e+24,0.6738723270156299,0.39559243124839366
29,1.42,0.74,1614.6573038187862,1138.0,3793.6146305236744,0.01189,7374110850.405105,63492738.229558274,Jackson,-0.3249212010541894,-0.6344168343887886,log,0.08404210827599307,1.7527185954181858e+24,0.8238877593859292,0.08404210827599307
30,1.42,0.74,1614.6573038187862,1138.0,12191.208545174575,0.01189,1930425640.7868147,9093153.704651885,Selsis,-0.28360434515642213,-0.725363567096136,GP,0.41332178044700696,3.0147120781754193e+23,0.5764916579232255,0.41332178044700696
31,1.42,0.74,1614.6573038187862,1138.0,7293.9252461255555,0.01189,2933638553.9985166,57198765.57515359,Selsis,-0.417132792929695,-0.679575283679621,linear,0.10292996590329544,8.076591070923994e+23,0.8989804063499087,0.10292996590329544
32,1.42,0.74,1614.6573038187862,1138.0,13189.507310679164,0.01189,1813255497.2935383,52404797.91354146,Selsis,-0.3336912137127819,-0.6697334895851085,linear,0.45431661693736763,2.2010923379803392e+23,0.47776407099414553,0.45431661693736763
33,1.42,0.74,1614.6573038187862,1138.0,5632.993528257898,0.01189,4316941008.045401,27387826.63655288,Jackson,-0.3651640237448182,-0.7471464439963015,log,0.3284804909177855,1.8607412293721878e+23,0.018122267235177958,0.3284804909177855
34,1.42,0.74,1614.6573038187862,1138.0,4937.963012552402,0.01189,5085093750.612898,35320346.522503085,Jackson,-0.3380960454152298,-0.7078382046013444,log,0.2673852797253999,3.6511057859519725e+23,0.24000086870833426,0.2673852797253999
35,1.42,0.74,1614.6573038187862,1138.0,11000.40721795457,0.01189,1993645404.2894552,6167157.891202001,Jackson,-0.3752231810049961,-0.6477379207880224,GP,0.21940674084694822,4.7306699905684986e+23,0.7574686122067674,0.21940674084694822
36,1.42,0.74,1614.6573038187862,1138.0,5912.18580753108,0.01189,4071022505.814228,40913105.35731771,Jackson,-0.38387627983008715,-0.7894758644690925,linear,0.24760964136070224,6.22019965446061e+23,0.5915759200846948,0.24760964136070224
37,1.42,0.74,1614.6573038187862,1138.0,13404.649884495077,0.01189,1607875255.6250012,79808023.87095714,Jackson,-0.38382014445172585,-0.7682867667909921,linear,0.32770953699448974,4.835247996590019e+23,0.8856187932145579,0.32770953699448974
38,1.42,0.74,1614.6573038187862,1138.0,23614.995703140852,0.01189,1164559422.053142,42819542.509728014,Selsis,-0.38399064890599116,-0.6573621544074317,linear,0.35031913187438124,1.10655329297181e+23,0.37492851810330385,0.35031913187438124
39,1.42,0.74,1614.6573038187862,1138.0,4769.323250218499,0.01189,5335857058.390846,95395108.24643026,Jackson,-0.4852110230191936,-0.7274506976014709,log,0.16131851888113866,8.012836235668433e+23,0.7854762178230146,0.16131851888113866
40,1.42,0.74,1614.6573038187862,1138.0,4302.626994082448,0.01189,4567212096.821261,98993069.08964312,Selsis,-0.36977560673972815,-0.7085873120462155,GP,0.11998615522011304,3.219689297725981e+23,0.23852785348937167,0.11998615522011304
41,1.42,0.74,1614.6573038187862,1138.0,10601.860442403186,0.01189,2077072680.6224542,81200467.60948119,Jackson,-0.3819629672100614,-0.7618953215916564,log,0.11720726513508653,2.0569887998669578e+23,0.39394753829260865,0.11720726513508653
42,1.42,0.74,1614.6573038187862,1138.0,4462.39600555538,0.01189,4424782947.948629,90204165.06171666,Selsis,-0.41202234726366493,-0.6148981061155492,GP,0.4917665222801114,1.0260684541012283e+24,0.807664147279468,0.4917665222801114
43,1.42,0.74,1614.6573038187862,1138.0,3630.157855099412,0.01189,5332264174.662871,2865495.4366106624,Selsis,-0.36391335514793716,-0.6542151064601432,GP,0.08301863058857901,1.3991441084197494e+24,0.9636073772723492,0.08301863058857901
44,1.42,0.74,1614.6573038187862,1138.0,10962.596769910095,0.01189,2102170058.2752595,36783040.6816858,Selsis,-0.2909923377558809,-0.7981320089857832,log,0.057973322182811884,3.4439846769607397e+23,0.6029081108170613,0.057973322182811884
45,1.42,0.74,1614.6573038187862,1138.0,4818.125159694608,0.01189,5261001772.260342,27417651.441293754,Jackson,-0.46974976639759813,-0.7002261744276833,linear,0.2575051742627726,6.644401650268789e+23,0.5374392385081546,0.2575051742627726
46,1.42,0.74,1614.6573038187862,1138.0,8657.425871774314,0.01189,2548533797.0560374,88177879.58276592,Selsis,-0.3528692329088852,-0.6433974818782451,linear,0.06904606055533997,1.9640180760812687e+23,0.28299588659290154,0.06904606055533997
47,1.42,0.74,1614.6573038187862,1138.0,4216.442558035691,0.01189,4648537812.518642,57291173.593572795,Selsis,-0.3361436020882303,-0.6926813106135573,GP,0.06007307067291095,2.4123508777723126e+23,0.10135819616244146,0.06007307067291095
48,1.42,0.74,1614.6573038187862,1138.0,4172.602142648438,0.01189,6436317185.92478,19778994.947179183,Jackson,-0.3153868105291559,-0.756641819340951,linear,0.18301740051217216,1.4420567427520873e+24,0.8241978297601853,0.18301740051217216
49,1.42,0.74,1614.6573038187862,1138.0,3354.47939634111,0.01189,8819886685.460152,47808534.233386785,Jackson,-0.29773702541022967,-0.7980050177641652,linear,0.08389325700774779,2.0229187294999882e+24,0.9293500861621,0.08389325700774779
50,1.42,0.74,1614.6573038187862,1138.0,11325.706151672657,0.01189,2047737191.6084425,24041795.797003433,Selsis,-0.3231216685180422,-0.7158238164649229,linear,0.05146888553773961,7.111149028875422e+23,0.9266429798215209,0.05146888553773961
51,1.42,0.74,1614.6573038187862,1138.0,10423.121540461763,0.01189,2189685265.2597003,29308123.34814144,Selsis,-0.47953456856269067,-0.7192098472848769,GP,0.4944072448546206,2.5381567968887964e+23,0.4508372171276389,0.4944072448546206
52,1.42,0.74,1614.6573038187862,1138.0,8076.091135379231,0.01189,2699549610.66665,47361802.67443718,Selsis,-0.41621779179107204,-0.6510104510371483,log,0.2859112685845627,6.015155869219636e+23,0.7396457945757907,0.2859112685845627
53,1.42,0.74,1614.6573038187862,1138.0,8764.132536285513,0.01189,2522917896.6284337,33302633.741531536,Selsis,-0.2852768653278436,-0.607408301678555,log,0.14629802898626532,1.904892515221511e+23,0.26458658069659025,0.14629802898626532
54,1.42,0.74,1614.6573038187862,1138.0,2683.8510178517063,0.01189,7115083574.2285,66941416.08885853,Selsis,-0.4850318877732947,-0.6742540380857119,GP,0.19581615767143676,1.1795553555599636e+24,0.9592895324078199,0.19581615767143676
55,1.42,0.74,1614.6573038187862,1138.0,4756.742759195201,0.01189,5355469873.728526,48504649.90645853,Jackson,-0.3524934535356854,-0.7416573544310655,GP,0.2490334329680078,1.168786117485525e+24,0.8490897234072897,0.2490334329680078
56,1.42,0.74,1614.6573038187862,1138.0,20275.26495028905,0.01189,1304443487.8102062,37251350.68481696,Selsis,-0.44376151486618803,-0.7847858598957304,GP,0.31170568524107456,4.8716113828349785e+23,0.9696487852055098,0.31170568524107456
57,1.42,0.74,1614.6573038187862,1138.0,8299.055927540185,0.01189,2736900090.015653,61049886.17832169,Jackson,-0.4927065744403684,-0.6407361606373211,GP,0.15205709222752084,2.216251994025618e+23,0.29900568487091195,0.15205709222752084
58,1.42,0.74,1614.6573038187862,1138.0,13503.677307885917,0.01189,1595363357.4622746,65609253.201739304,Jackson,-0.4889451408026086,-0.6435331513513842,log,0.1111353608055269,3.3231434004010245e+23,0.7177757984613181,0.1111353608055269
59,1.42,0.74,1614.6573038187862,1138.0,6586.997659236895,0.01189,3187365257.9674945,89137171.06095654,Selsis,-0.45398978927579925,-0.6561380940406065,log,0.44930104764842677,2.3701844469373175e+23,0.26451710041348697,0.44930104764842677
60,1.42,0.74,1614.6573038187862,1138.0,4673.123893406562,0.01189,4251819565.6946983,40058647.354572855,Selsis,-0.4767753628539337,-0.7472683522100827,GP,0.0501956980331941,3.2242562444226174e+23,0.26701262916246393,0.0501956980331941
61,1.42,0.74,1614.6573038187862,1138.0,5338.847584055302,0.01189,4608926263.5930395,1561638.1032907248,Jackson,-0.4511976083705634,-0.6506222457141867,log,0.20082894657610156,8.985668430630946e+23,0.7392247251438677,0.20082894657610156
62,1.42,0.74,1614.6573038187862,1138.0,9321.43917743049,0.01189,2398305128.6704473,5437986.54310541,Selsis,-0.3699020866219699,-0.7006603653234376,log,0.16847007772754022,2.0325105574313174e+23,0.3099625670852628,0.16847007772754022
63,1.42,0.74,1614.6573038187862,1138.0,19963.70865180991,0.01189,1062604156.4681989,78659126.17518012,Jackson,-0.2970918162933696,-0.6226901742792005,log,0.3734961694532766,1.43445953540107e+23,0.5445658083792881,0.3734961694532766
64,1.42,0.74,1614.6573038187862,1138.0,5900.304496174361,0.01189,3488616815.603726,68032069.51536816,Selsis,-0.4304575259562766,-0.7780775334585801,linear,0.2177980521573893,2.4740166891669853e+23,0.240150613427629,0.2177980521573893
65,1.42,0.74,1614.6573038187862,1138.0,4001.3005998128256,0.01189,4866934872.532013,95501419.21902576,Selsis,-0.298720446283497,-0.7374269682975279,linear,0.26716695151338304,2.209069359132807e+23,0.04640882382722511,0.26716695151338304
66,1.42,0.74,1614.6573038187862,1138.0,11788.813293786938,0.01189,1846809459.2644634,53893612.529079825,Jackson,-0.40452939140236077,-0.7055686138828501,linear,0.46658050647151195,2.6455421246203017e+23,0.54980311852658,0.46658050647151195
67,1.42,0.74,1614.6573038187862,1138.0,8566.282611518716,0.01189,2639888847.54997,45235976.43228724,Jackson,-0.39976654105311393,-0.6000567457936334,log,0.2508924483572035,5.322778715967053e+23,0.6929074913211608,0.2508924483572035
68,1.42,0.74,1614.6573038187862,1138.0,4589.7310808180855,0.01189,4318371945.814782,51340604.00388598,Selsis,-0.31631836740013863,-0.7011154582356146,log,0.10108182804115518,2.121060222006826e+23,0.07727550969628172,0.10108182804115518
69,1.42,0.74,1614.6573038187862,1138.0,7160.344351725848,0.01189,3243125386.675626,31067495.01283261,Jackson,-0.348935934252126,-0.6507093776672124,linear,0.12600081112216413,6.865668884592171e+23,0.7107478336543946,0.12600081112216413
70,1.42,0.74,1614.6573038187862,1138.0,1565.5632821085408,0.01189,12183411946.523264,88239176.92997074,Selsis,-0.44040645982710064,-0.686941487356351,linear,0.22943292311251823,1.4785101514416e+24,0.9872043261594154,0.22943292311251823
71,1.42,0.74,1614.6573038187862,1138.0,7250.677176949676,0.01189,3196359605.3484907,46901595.76339254,Jackson,-0.4681626264203687,-0.6554541738589039,linear,0.3652859435375644,2.5216687008929292e+23,0.28430054867776455,0.3652859435375644
72,1.42,0.74,1614.6573038187862,1138.0,9875.38241509817,0.01189,2248426774.310701,51304285.93502297,Jackson,-0.43315993133209274,-0.7062752271217074,linear,0.05797806562090453,1.8116394160689667e+23,0.29706583498896566,0.05797806562090453
73,1.42,0.74,1614.6573038187862,1138.0,11972.869728385725,0.01189,1815579628.4933867,67194459.40471199,Jackson,-0.3061727754515637,-0.7659948060920488,log,0.15768220206121675,1.6205217828930817e+23,0.34786610242869864,0.15768220206121675
74,1.42,0.74,1614.6573038187862,1138.0,20569.186255515197,0.01189,1290422662.3418078,33361759.26616609,Selsis,-0.38422786203759896,-0.7388746228325597,log,0.07171328944641303,2.4797182436702127e+23,0.6758943611225351,0.07171328944641303
75,1.42,0.74,1614.6573038187862,1138.0,3810.914405784569,0.01189,7325954009.974215,43315868.63420107,Jackson,-0.4924628890971698,-0.6975245528932417,GP,0.1174639354774338,6.135781189795076e+23,0.32416274809869794,0.1174639354774338
76,1.42,0.74,1614.6573038187862,1138.0,2122.1502091004313,0.01189,8932014844.889858,63601685.45603654,Selsis,-0.3388839495504142,-0.613711592461117,log,0.2633809269894347,6.400533003164662e+23,0.23921856671253205,0.2633809269894347
77,1.42,0.74,1614.6573038187862,1138.0,10992.93485696954,0.01189,2097491439.7803493,31176078.55452404,Selsis,-0.3423797251005197,-0.6454514448612657,GP,0.1044058710431621,2.4413551101971433e+23,0.45328269367704865,0.1044058710431621
78,1.42,0.74,1614.6573038187862,1138.0,13935.66261578249,0.01189,1543012919.9737418,20383956.315345686,Jackson,-0.4107231183500183,-0.7657734240462252,GP,0.23991064659996422,4.279921727888468e+23,0.8321964210603949,0.23991064659996422
79,1.42,0.74,1614.6573038187862,1138.0,7233.751641465881,0.01189,3205021094.0382223,13935930.631459318,Jackson,-0.4807702315419905,-0.7292267227558302,GP,0.22165682326381278,7.04327944818697e+23,0.8778813798837072,0.22165682326381278
80,1.42,0.74,1614.6573038187862,1138.0,5372.493220837655,0.01189,4573620726.218109,49841803.25617436,Jackson,-0.354162837994227,-0.7998850625915581,log,0.4675145219710348,1.010462779010028e+24,0.8373205467258076,0.4675145219710348
81,1.42,0.74,1614.6573038187862,1138.0,7277.788026147209,0.01189,3182581132.5842624,13632117.629799409,Jackson,-0.40053833379032316,-0.7005170542873289,log,0.3279997590058772,6.718963541978315e+23,0.7319817284291867,0.3279997590058772
82,1.42,0.74,1614.6573038187862,1138.0,5767.68771814089,0.01189,3555387085.160141,24967649.266560238,Selsis,-0.4907243305034887,-0.7197245035517311,log,0.06857171271419851,1.4754006983924543e+23,0.0019320224973087274,0.06857171271419851
83,1.42,0.74,1614.6573038187862,1138.0,15838.199378806583,0.01189,1573243306.5507257,52877979.69521279,Selsis,-0.39420234672180166,-0.7529698608960332,GP,0.42890407912974066,6.072527980914757e+23,0.9917556358945557,0.42890407912974066
84,1.42,0.74,1614.6573038187862,1138.0,2704.2757087796117,0.01189,7064149477.051724,72437121.60190202,Selsis,-0.48298783778775406,-0.6569309854873802,log,0.06071124237308656,1.1707881519826723e+24,0.8917885329929108,0.06071124237308656
85,1.42,0.74,1614.6573038187862,1138.0,9102.935736039031,0.01189,2445417062.541217,42582985.513144545,Selsis,-0.4936741591874917,-0.6997812269677482,linear,0.056699189895538314,2.2785792345699775e+23,0.35778869585582096,0.056699189895538314
86,1.42,0.74,1614.6573038187862,1138.0,3380.2531464214217,0.01189,5712462176.654204,40437979.36654733,Selsis,-0.373199431338256,-0.7549350517231201,GP,0.06493585592244681,9.00066834377086e+23,0.7100463344795089,0.06493585592244681
87,1.42,0.74,1614.6573038187862,1138.0,7788.157018608224,0.01189,2943359423.4110513,53110537.08262625,Jackson,-0.30018431505859433,-0.6759964331511257,linear,0.2674676896465086,4.1061231152383085e+23,0.5333450674578828,0.2674676896465086
88,1.42,0.74,1614.6573038187862,1138.0,2297.9978961903203,0.01189,8260146067.347737,2579023.1106196586,Selsis,-0.3758628743177536,-0.7000639653599771,log,0.15510164499218884,1.2613829192137414e+24,0.800540878972659,0.15510164499218884
89,1.42,0.74,1614.6573038187862,1138.0,4235.37365877055,0.01189,6301703220.905284,93002230.18631557,Jackson,-0.3246233538411303,-0.6980135886660547,log,0.10901808305422186,1.408069054128268e+24,0.8133614000462616,0.10901808305422186
90,1.42,0.74,1614.6573038187862,1138.0,6652.15694024638,0.01189,3161908077.632492,1518555.088206524,Selsis,-0.29732428781892783,-0.7944334637292326,GP,0.09717253094863869,3.207967030527575e+23,0.3873376260433665,0.09717253094863869
91,1.42,0.74,1614.6573038187862,1138.0,5358.545411962329,0.01189,3782820846.5170965,52793659.3376321,Selsis,-0.4937553580298274,-0.6783084865181827,log,0.16436121527947029,6.511701451464171e+23,0.691809209809509,0.16436121527947029
92,1.42,0.74,1614.6573038187862,1138.0,10243.830289266522,0.01189,2158157622.050961,73537454.02773418,Jackson,-0.4735972046459872,-0.6622684871988244,GP,0.22437158198173174,2.925373874010449e+23,0.5280027865084072,0.22437158198173174
93,1.42,0.74,1614.6573038187862,1138.0,39856.95327250494,0.01189,793728039.422846,51945785.17599279,Selsis,-0.3219182794179292,-0.6127530802316756,log,0.05312061016303108,1.5439775102728873e+23,0.6992128737863897,0.05312061016303108
94,1.42,0.74,1614.6573038187862,1138.0,4393.012244441036,0.01189,4485361619.804499,64434497.15991659,Selsis,-0.29691338940391876,-0.6752267760412575,linear,0.4578484104499296,6.174791729537388e+23,0.5259573011657128,0.4578484104499296
95,1.42,0.74,1614.6573038187862,1138.0,3255.1941009936554,0.01189,9219312051.817694,92707743.83340992,Jackson,-0.3575806989367314,-0.6053856847693848,linear,0.10007455507868196,1.0676695304876325e+24,0.4489759702920272,0.10007455507868196
96,1.42,0.74,1614.6573038187862,1138.0,5787.855155103457,0.01189,3544993359.2324233,17875622.186128058,Selsis,-0.3925252387077388,-0.6254353125407183,log,0.05805411559468223,1.578173105028326e+23,0.03158302419478587,0.05805411559468223
97,1.42,0.74,1614.6573038187862,1138.0,3847.0492505641337,0.01189,7227179245.598319,50721373.89008567,Jackson,-0.4198424424399821,-0.783132716148383,GP,0.3613632732355677,3.7560013793984325e+23,0.09966394650277988,0.3613632732355677
98,1.42,0.74,1614.6573038187862,1138.0,6499.486829483248,0.01189,3633057089.237526,63078926.6642878,Jackson,-0.2980569031646203,-0.6981212575562032,GP,0.24563101807129453,6.162302654117211e+23,0.6179258079515401,0.24563101807129453
99,1.42,0.74,1614.6573038187862,1138.0,13551.920289743606,0.01189,1589339119.472115,62663861.3598019,Jackson,-0.42182550258511387,-0.7132655629651341,linear,0.44062205723175785,2.7077612013016706e+23,0.629712036916768,0.44062205723175785
100,1.42,0.74,1614.6573038187862,1138.0,7496.850263810996,0.01189,3075382690.6473866,8127101.472036687,Jackson,-0.36465369542278053,-0.6478680616078485,GP,0.2613832216231769,4.416824984890979e+23,0.5392085674773565,0.2613832216231769
101,1.42,0.74,1614.6573038187862,1138.0,2022.2235735848847,0.01189,9370832362.803497,57241825.87734486,Selsis,-0.4221015606600576,-0.6605373411199783,linear,0.08523658693075363,1.2204918413499556e+24,0.726692653924371,0.08523658693075363
102,1.42,0.74,1614.6573038187862,1138.0,4986.338775883412,0.01189,5017100300.33791,91307159.61907595,Jackson,-0.44856484748884523,-0.7188584824657652,GP,0.3446178792768528,9.958051535274185e+23,0.9901882777389842,0.3446178792768528
103,1.42,0.74,1614.6573038187862,1138.0,23943.36226946531,0.01189,884545203.1241647,80947359.99785224,Jackson,-0.32528250107040224,-0.6693875869627594,GP,0.16195273677869762,2.864971004408252e+23,0.9329298116772691,0.16195273677869762
104,1.42,0.74,1614.6573038187862,1138.0,11155.69277118303,0.01189,1962915618.4973354,93468387.99507521,Jackson,-0.3714045407158621,-0.7519114022051943,GP,0.09276272157127823,2.399628183800682e+23,0.4892790865734018,0.09276272157127823
105,1.42,0.74,1614.6573038187862,1138.0,7765.759248037607,0.01189,2953113549.26916,26635990.67771882,Jackson,-0.4954004433164218,-0.7968024221129895,log,0.3296493686880659,3.8527047992752165e+23,0.5216456313112164,0.3296493686880659
106,1.42,0.74,1614.6573038187862,1138.0,6140.562851540947,0.01189,3375795334.124354,16562938.973355269,Selsis,-0.49545962583569103,-0.7328077923528743,GP,0.057652363469842094,1.5630405005405805e+23,0.048578524665754075,0.057652363469842094
107,1.42,0.74,1614.6573038187862,1138.0,3773.433677120142,0.01189,5137663471.391589,50480664.3065787,Selsis,-0.2999796078808893,-0.7150696467634988,linear,0.1550236773130754,9.626669233010391e+23,0.6698392475036774,0.1550236773130754
108,1.42,0.74,1614.6573038187862,1138.0,6080.062426483981,0.01189,3935771803.1093507,13694798.535740824,Jackson,-0.3408837851591455,-0.7573038386428391,GP,0.07783692028564711,3.0221162002493264e+23,0.2676433858911056,0.07783692028564711
109,1.42,0.74,1614.6573038187862,1138.0,2627.8635361973943,0.01189,7259015650.0211315,57935330.21878154,Selsis,-0.43593419196929084,-0.6186701908637122,linear,0.1891834904513728,9.726575392020918e+23,0.5554616174262557,0.1891834904513728
110,1.42,0.74,1614.6573038187862,1138.0,17734.575151033852,0.01189,1443234246.8049595,39578291.91176926,Selsis,-0.49794476765240153,-0.6019366329860086,linear,0.171739996067037,2.1598806204001117e+23,0.5680174184403368,0.171739996067037
111,1.42,0.74,1614.6573038187862,1138.0,6861.538811296895,0.01189,3407840886.8459907,86744432.8313127,Jackson,-0.42104543559778923,-0.6626670905852258,GP,0.06725273336943222,5.198382761383024e+23,0.5754351080485893,0.06725273336943222
112,1.42,0.74,1614.6573038187862,1138.0,2667.79039698645,0.01189,7155716015.700766,49397336.246441945,Selsis,-0.29455720552890363,-0.7304067185910604,GP,0.08755470030411328,3.913122929985456e+23,0.12172715522269573,0.08755470030411328
113,1.42,0.74,1614.6573038187862,1138.0,9768.55242353926,0.01189,2308212192.1013994,23386568.350387532,Selsis,-0.3460390210130181,-0.7818887594238985,log,0.05545225909294568,5.7615433303829426e+23,0.782536320737974,0.05545225909294568
114,1.42,0.74,1614.6573038187862,1138.0,2205.00009997071,0.01189,8600974300.816795,91613468.03714728,Selsis,-0.36790356662420126,-0.736522209812555,log,0.17804552254750047,6.183168039430815e+23,0.26209301105574545,0.17804552254750047
115,1.42,0.74,1614.6573038187862,1138.0,3052.374519380663,0.01189,6306763885.838952,15510163.619596971,Selsis,-0.39771702547392734,-0.6722190779809654,log,0.10409342820260682,4.8884026271472805e+23,0.2712781116220888,0.10409342820260682
116,1.42,0.74,1614.6573038187862,1138.0,5087.670085525423,0.01189,4889990194.844519,28215956.802462887,Jackson,-0.45702635133470687,-0.6921252436862091,GP,0.06544874244573254,7.396562316953626e+23,0.6356896882775414,0.06544874244573254
117,1.42,0.74,1614.6573038187862,1138.0,4742.364484560603,0.01189,4198333956.402842,91350323.60217737,Selsis,-0.3701045099925567,-0.7602361368789318,GP,0.2991451692331533,6.049651333202517e+23,0.5702967197034475,0.2991451692331533
118,1.42,0.74,1614.6573038187862,1138.0,7914.58627436174,0.01189,2889467117.400868,19391001.642377157,Jackson,-0.41720211219216186,-0.7274139077929379,GP,0.4769346689232379,6.088651387633369e+23,0.7441360552897635,0.4769346689232379
119,1.42,0.74,1614.6573038187862,1138.0,5666.512921654464,0.01189,4285916227.922588,57238905.40672642,Jackson,-0.29676436249813853,-0.7566489818579082,log,0.10293284312781027,3.833676941743546e+23,0.33825930916128377,0.10293284312781027
120,1.42,0.74,1614.6573038187862,1138.0,8611.99322437529,0.01189,2623970094.29163,65202530.0504804,Jackson,-0.4813028373700728,-0.7303803654269292,linear,0.053498660240851176,5.261578512388536e+23,0.753192607384819,0.053498660240851176
121,1.42,0.74,1614.6573038187862,1138.0,19328.4645903492,0.01189,1352251160.2535186,51801294.20109051,Selsis,-0.4837364528606239,-0.73604912300983,log,0.05199170032838798,7.288328284713034e+22,0.12938265500958013,0.05199170032838798
122,1.42,0.74,1614.6573038187862,1138.0,3618.2035154512096,0.01189,5349238079.713486,18261473.19262316,Selsis,-0.46354974554517425,-0.6204232102110765,linear,0.21295735272240818,3.4859205408356975e+23,0.19635904984145047,0.21295735272240818
123,1.42,0.74,1614.6573038187862,1138.0,6396.2076441854415,0.01189,3264781330.2000475,16519448.982715847,Selsis,-0.37216518423119177,-0.7549659038002696,linear,0.11135892341607088,6.026921768074873e+23,0.6620054879407218,0.11135892341607088
124,1.42,0.74,1614.6573038187862,1138.0,3427.9529910691645,0.01189,8543830352.554259,88180842.62012105,Jackson,-0.3750516310350276,-0.7340786460265487,linear,0.41510608983767194,4.06076870096619e+23,0.062309623190459185,0.41510608983767194
125,1.42,0.74,1614.6573038187862,1138.0,14707.248154936433,0.01189,1665424913.1872401,18770907.5570898,Selsis,-0.34306542277977436,-0.7155197896940462,log,0.10501733115748618,9.755957160461208e+22,0.15351587280921875,0.10501733115748618
126,1.42,0.74,1614.6573038187862,1138.0,2886.9784637396187,0.01189,11029946875.376902,18682504.225316443,Jackson,-0.47214828977641243,-0.7321135173560249,GP,0.10242348933299471,1.2871972671418542e+24,0.9484218751770235,0.10242348933299471
127,1.42,0.74,1614.6573038187862,1138.0,8669.725839772664,0.01189,2604133411.4914618,65109510.29880472,Jackson,-0.33348788808104296,-0.6919351124750439,log,0.10158971335357499,2.395765313855141e+23,0.35562582687218613,0.10158971335357499
128,1.42,0.74,1614.6573038187862,1138.0,20202.365593150345,0.01189,1049858113.7246907,53142389.75626051,Jackson,-0.2871595280689425,-0.7145401510083629,log,0.13766495289117503,1.4272557969479288e+23,0.53677884911517,0.13766495289117503
129,1.42,0.74,1614.6573038187862,1138.0,5916.3466447079545,0.01189,4067562020.8280244,66541961.593623586,Jackson,-0.29780148341573787,-0.6109688220447015,log,0.22403672235488128,5.613008105340845e+23,0.5278732837706349,0.22403672235488128
130,1.42,0.74,1614.6573038187862,1138.0,8054.826568118266,0.01189,2831915060.5333867,30657920.869607046,Jackson,-0.37975409824663736,-0.7009580065936805,linear,0.06459920013588859,2.3046102978470624e+23,0.29609286484443886,0.06459920013588859
131,1.42,0.74,1614.6573038187862,1138.0,8731.338632924473,0.01189,2583287510.7825885,75149047.92128888,Jackson,-0.346518648476389,-0.7761270010778162,GP,0.07861769374315723,5.789200342577937e+23,0.7442968273329006,0.07861769374315723
132,1.42,0.74,1614.6573038187862,1138.0,6583.55084474519,0.01189,3188725430.259821,34299795.953670055,Selsis,-0.38705158064101225,-0.7039159574723938,GP,0.07195051023728304,1.6518600182964678e+23,0.09990129141283899,0.07195051023728304
133,1.42,0.74,1614.6573038187862,1138.0,3318.777635237395,0.01189,8959878192.185135,63233294.13431461,Jackson,-0.423796889655748,-0.6792574625446005,log,0.060235440386430514,4.331403555360138e+23,0.06825073540799764,0.060235440386430514
134,1.42,0.74,1614.6573038187862,1138.0,9564.733898890072,0.01189,2348280451.509384,18949831.62097062,Selsis,-0.29862012337621624,-0.690127097048125,log,0.3793719512270955,6.150675517902777e+23,0.8025400236655789,0.3793719512270955
135,1.42,0.74,1614.6573038187862,1138.0,6828.9647852571425,0.01189,3426792023.290353,73077881.20757958,Jackson,-0.3712254277491527,-0.6467116435205065,log,0.16438023975509142,8.31767259711845e+23,0.7843614168142771,0.16438023975509142
136,1.42,0.74,1614.6573038187862,1138.0,6667.327251383705,0.01189,3524208354.022502,65164133.087491,Jackson,-0.41133786033341263,-0.7264028830152295,log,0.22601974327276336,5.9736614583665204e+23,0.6428735968771656,0.22601974327276336
137,1.42,0.74,1614.6573038187862,1138.0,3128.115451912701,0.01189,9780211874.806778,67090455.99576231,Jackson,-0.4916063987336153,-0.7525327021406351,linear,0.3082708270683834,4.2730130358442096e+23,0.02422374322294807,0.3082708270683834
138,1.42,0.74,1614.6573038187862,1138.0,3374.6427741833345,0.01189,5721622508.18659,60358522.88915781,Selsis,-0.371434526329126,-0.6956899269001712,log,0.052637412496561085,3.8516226854682564e+23,0.21357867256810292,0.052637412496561085
139,1.42,0.74,1614.6573038187862,1138.0,5838.204399958537,0.01189,3519351928.4032946,68755147.71799073,Selsis,-0.4761920493358159,-0.6639194704271446,GP,0.11228029181392266,9.553163058602322e+23,0.9917224917517948,0.11228029181392266
140,1.42,0.74,1614.6573038187862,1138.0,34618.44149296083,0.01189,879162441.6319405,64120085.66736028,Selsis,-0.29985514191861296,-0.6531642408791338,linear,0.2203696002376983,2.9654398554397013e+23,0.9417572846612596,0.2203696002376983
141,1.42,0.74,1614.6573038187862,1138.0,42558.007764494505,0.01189,505757258.9833689,9261448.180961479,Jackson,-0.4237466812996824,-0.6905865151560029,GP,0.20448803586224867,7.226207428764545e+22,0.5438431785381662,0.20448803586224867
142,1.42,0.74,1614.6573038187862,1138.0,8306.361417021255,0.01189,2637287452.7285266,23511589.612687547,Selsis,-0.4479435961580828,-0.7113752857501006,log,0.42130930459196936,1.876369407273564e+23,0.2368983434948695,0.42130930459196936
143,1.42,0.74,1614.6573038187862,1138.0,12716.781310088503,0.01189,1866576984.2186031,25804323.136473086,Selsis,-0.3696119241424411,-0.7684888720814003,log,0.08851166274695307,3.753762122106561e+23,0.6903149352131239,0.08851166274695307
144,1.42,0.74,1614.6573038187862,1138.0,2672.2841458633084,0.01189,7144294866.249709,48975049.254235,Selsis,-0.4758229414326168,-0.6659479307726183,linear,0.19105204865799338,1.149654770000467e+24,0.8839711496352985,0.19105204865799338
145,1.42,0.74,1614.6573038187862,1138.0,2474.805071680199,0.01189,7688002014.494074,54850186.93661138,Selsis,-0.32749846413358746,-0.6601582767016335,GP,0.09670583443285646,5.8688545672886614e+23,0.2666977899731571,0.09670583443285646
146,1.42,0.74,1614.6573038187862,1138.0,2618.059825981432,0.01189,7284892353.984103,40340427.58505777,Selsis,-0.49307391947097534,-0.6636941526398039,linear,0.19109494247603878,1.1031764046873589e+24,0.8397575562651762,0.19109494247603878
147,1.42,0.74,1614.6573038187862,1138.0,2339.533133401489,0.01189,8117367492.24263,28240782.733094055,Selsis,-0.4634978955888941,-0.7539327027306357,log,0.12436754203465637,8.196136975763789e+23,0.6730054483910789,0.12436754203465637
148,1.42,0.74,1614.6573038187862,1138.0,2972.9518404423525,0.01189,6463171275.950806,53499215.77409737,Selsis,-0.3038997638311753,-0.6151669557701386,GP,0.4796058877138854,1.078654012549178e+24,0.6074453866455013,0.4796058877138854
149,1.42,0.74,1614.6573038187862,1138.0,7832.908100988507,0.01189,2769150237.8968997,98886012.79922679,Selsis,-0.3392242817880589,-0.7691288910750967,GP,0.05309539717899321,1.800514335408924e+23,0.20969068932597468,0.05309539717899321
150,1.42,0.74,1614.6573038187862,1138.0,5898.962787127475,0.01189,3489271911.3888564,33245399.998296555,Selsis,-0.49408710891532226,-0.687571559399311,linear,0.27006991845726086,8.759912320546834e+23,0.9619691372815178,0.27006991845726086
151,1.42,0.74,1614.6573038187862,1138.0,3393.000429686014,0.01189,5691768552.766924,41486889.80183008,Selsis,-0.3606648336790428,-0.6120271479463477,linear,0.08544018929611728,1.544923577080586e+24,0.9376768772566639,0.08544018929611728
152,1.42,0.74,1614.6573038187862,1138.0,7474.904375284572,0.01189,3085801318.294623,70780026.24272448,Jackson,-0.3488627485596548,-0.6641108450088987,linear,0.05383412353065089,7.809848569932066e+23,0.7963836921487882,0.05383412353065089
153,1.42,0.74,1614.6573038187862,1138.0,4521.746808207417,0.01189,4374439790.944872,91222642.74029112,Selsis,-0.3170056490475148,-0.6409752068200508,GP,0.2339414537496696,3.512454955335689e+23,0.2946890140107148,0.2339414537496696
154,1.42,0.74,1614.6573038187862,1138.0,5741.854543635451,0.01189,4217726509.170142,20824579.217603363,Jackson,-0.3773215630265691,-0.7316773383306474,linear,0.3095283531657407,7.319105263585425e+23,0.6476496398794355,0.3095283531657407
155,1.42,0.74,1614.6573038187862,1138.0,11714.918687941155,0.01189,1859650811.1429636,93044170.02480787,Jackson,-0.4690242821162351,-0.6728815710635907,linear,0.3566146178913646,1.0939277653388004e+23,0.1726971298670379,0.3566146178913646
156,1.42,0.74,1614.6573038187862,1138.0,5493.785598571532,0.01189,4450551975.687737,7401144.8435803605,Jackson,-0.43470235114559935,-0.7106678119073143,log,0.14967741560593545,6.82751058083034e+23,0.6193596923895709,0.14967741560593545
157,1.42,0.74,1614.6573038187862,1138.0,7357.115352770045,0.01189,2913219832.5930886,11684948.535299014,Selsis,-0.3644262124111022,-0.7225217139917409,linear,0.12312957041286555,3.302574123069334e+23,0.4370731205734827,0.12312957041286555
158,1.42,0.74,1614.6573038187862,1138.0,4379.235447385938,0.01189,4497618783.798099,90276407.7263886,Selsis,-0.4243274792233738,-0.6338337152326828,GP,0.2335461686764583,3.822341183518769e+23,0.3190010037101568,0.2335461686764583
159,1.42,0.74,1614.6573038187862,1138.0,2701.422072690665,0.01189,12201244734.633488,6614239.526465305,Jackson,-0.4630043027110089,-0.7335900291622834,GP,0.2038050492508166,1.2703669233812464e+24,0.8281751693345325,0.2038050492508166
160,1.42,0.74,1614.6573038187862,1138.0,2242.268312231764,0.01189,8460712579.843467,10189924.053809004,Selsis,-0.4898690474894949,-0.7126009906449449,linear,0.13434953723995308,1.0826890822025145e+24,0.8993552734028682,0.13434953723995308
161,1.42,0.74,1614.6573038187862,1138.0,7149.919921664112,0.01189,3248608627.1443143,5269463.959385844,Jackson,-0.47080682435557497,-0.7014577810586196,log,0.18332321518915384,7.253812280431775e+23,0.847547955988566,0.18332321518915384
162,1.42,0.74,1614.6573038187862,1138.0,5137.719475801521,0.01189,4831394456.542121,92857568.94144009,Jackson,-0.3612391951851374,-0.6647540300699383,linear,0.06235945385233667,7.924818228738264e+23,0.6050432535584299,0.06235945385233667
163,1.42,0.74,1614.6573038187862,1138.0,5463.024042159025,0.01189,4481156758.799358,52042172.18119209,Jackson,-0.3669836816431807,-0.6610160016413247,log,0.07650242125525888,8.37709062163451e+23,0.6633985862450952,0.07650242125525888
164,1.42,0.74,1614.6573038187862,1138.0,3851.5388086725047,0.01189,5038004269.697809,60696794.176015034,Selsis,-0.4721027598237907,-0.7389429657488493,linear,0.05643149011081031,5.548253733240166e+23,0.5168803025673709,0.05643149011081031
165,1.42,0.74,1614.6573038187862,1138.0,5867.73549984601,0.01189,4108348597.68116,37149470.62974109,Jackson,-0.36096790541879004,-0.7307352630934432,linear,0.42461664770420615,8.214013300480785e+23,0.7165660479741993,0.42461664770420615
166,1.42,0.74,1614.6573038187862,1138.0,4173.3373161491645,0.01189,4690479175.943531,50465754.35501676,Selsis,-0.3416129834340547,-0.7130884728210997,linear,0.3190166553236598,4.878249319158758e+23,0.40259309897289675,0.3190166553236598
167,1.42,0.74,1614.6573038187862,1138.0,8242.212330851897,0.01189,2758449243.5862374,4135775.519531183,Jackson,-0.2881411474549362,-0.7577565953346127,GP,0.3942169357449455,6.689765481783854e+23,0.7662458707069539,0.3942169357449455
168,1.42,0.74,1614.6573038187862,1138.0,6756.853687815726,0.01189,3469487613.3819046,94014509.35770233,Jackson,-0.39182054144461526,-0.677775273407224,GP,0.06920887433784981,3.849556937392076e+23,0.43792443880002774,0.06920887433784981
169,1.42,0.74,1614.6573038187862,1138.0,5535.332738630188,0.01189,3680493330.9089794,68927699.42915751,Selsis,-0.4479605047723206,-0.732800327782691,log,0.10073984849745067,4.26580097960248e+23,0.46483336549031096,0.10073984849745067
170,1.42,0.74,1614.6573038187862,1138.0,9159.84692837549,0.01189,2446944566.5755196,90950657.95623042,Jackson,-0.4266318049568452,-0.644679247686851,log,0.39590084317549296,7.462689210766686e+23,0.9233253653955983,0.39590084317549296
171,1.42,0.74,1614.6573038187862,1138.0,3410.9900378622783,0.01189,8606173290.819908,40289914.42067974,Jackson,-0.4562170805588715,-0.6966948326139117,log,0.37954884661277183,1.2149701322401552e+24,0.849500427321393,0.37954884661277183
172,1.42,0.74,1614.6573038187862,1138.0,6174.95880921445,0.01189,3360340833.1753883,90127870.40401396,Selsis,-0.4300092198208136,-0.7399140562474447,GP,0.27516271974311796,7.314890387873679e+23,0.8453365671711128,0.27516271974311796
173,1.42,0.74,1614.6573038187862,1138.0,16894.820886926984,0.01189,1260691255.2508328,26303888.695253745,Jackson,-0.2912833912503604,-0.7001433127095502,linear,0.18728764219851474,7.171319072327575e+22,0.14499592082168655,0.18728764219851474
174,1.42,0.74,1614.6573038187862,1138.0,5421.693687475874,0.01189,3745515266.378653,9959948.176610183,Selsis,-0.30875336036123574,-0.7683577595911767,linear,0.09840918944052136,5.493181381666761e+23,0.5483171104908389,0.09840918944052136
175,1.42,0.74,1614.6573038187862,1138.0,4996.083173809221,0.01189,5003605202.659593,55944609.13232244,Jackson,-0.37476031463760184,-0.7467298709340312,linear,0.21864839898355443,9.34122826300486e+23,0.7528445806037153,0.21864839898355443
176,1.42,0.74,1614.6573038187862,1138.0,1991.6936555543477,0.01189,9514549293.428637,15807223.226852259,Selsis,-0.4667901242496996,-0.6995799400525212,linear,0.10785615977523515,8.152233236673024e+23,0.49031059863463955,0.10785615977523515
177,1.42,0.74,1614.6573038187862,1138.0,8701.61404300366,0.01189,2593303155.820881,10148976.39992514,Jackson,-0.4741645950934609,-0.7040897667882675,log,0.08091144731352534,4.288757634053288e+23,0.6049788615227318,0.08091144731352534
178,1.42,0.74,1614.6573038187862,1138.0,6341.698104980245,0.01189,3287725503.562278,18636637.2719458,Selsis,-0.41320280005690224,-0.6123349711528205,linear,0.20837968887020153,7.040164376435985e+23,0.7144686800847998,0.20837968887020153
179,1.42,0.74,1614.6573038187862,1138.0,5484.309340581371,0.01189,4459936980.089632,64255864.22855464,Jackson,-0.3168093044924267,-0.7011361760119242,linear,0.3850061729758306,4.5234694659235335e+23,0.39329382720663897,0.3850061729758306
180,1.42,0.74,1614.6573038187862,1138.0,10595.301267970757,0.01189,2078503743.9347534,56926502.85209954,Jackson,-0.4988458372328469,-0.6119300719333349,log,0.14679297310041772,4.3357953377408825e+23,0.7122267775386651,0.14679297310041772
181,1.42,0.74,1614.6573038187862,1138.0,4160.446969050747,0.01189,4703191253.685285,5584770.46858083,Selsis,-0.4289564011829352,-0.7127745707610187,linear,0.2919999341777803,5.1063187592079897e+23,0.4353068178655921,0.2919999341777803
182,1.42,0.74,1614.6573038187862,1138.0,10759.72307416159,0.01189,2043211410.5711854,80942642.31024763,Jackson,-0.33041245442957096,-0.6292007726210478,linear,0.43182878254934115,5.005056562659536e+23,0.7874988413836965,0.43182878254934115
183,1.42,0.74,1614.6573038187862,1138.0,8191.051214829435,0.01189,2778132034.299497,64969751.317306235,Jackson,-0.456487204881508,-0.6803682333126819,linear,0.0820113569961215,1.7411096622773214e+23,0.18819869769748376,0.0820113569961215
184,1.42,0.74,1614.6573038187862,1138.0,3060.1047367389915,0.01189,6291994249.353197,94745222.0563819,Selsis,-0.4954343879603648,-0.6946807287655129,log,0.07295159447724238,1.0473746542724731e+24,0.9603136320751338,0.07295159447724238
185,1.42,0.74,1614.6573038187862,1138.0,7022.431131461158,0.01189,3025379027.1390986,92067589.49358544,Selsis,-0.28584880947969626,-0.6429302502902232,linear,0.4124464945525347,5.172520235236541e+23,0.6271923658257313,0.4124464945525347
186,1.42,0.74,1614.6573038187862,1138.0,5311.466507279995,0.01189,4638047051.161401,58162004.769211605,Jackson,-0.3124793232335043,-0.7684048572887885,GP,0.24928374990247992,3.640169603522843e+23,0.28111538451528895,0.24928374990247992
187,1.42,0.74,1614.6573038187862,1138.0,4267.91553476918,0.01189,4599570001.172446,67374043.84194762,Selsis,-0.3096977232088371,-0.7496758656735382,log,0.173969686161693,6.140470836386659e+23,0.5127413371434657,0.173969686161693
188,1.42,0.74,1614.6573038187862,1138.0,5960.622825251753,0.01189,3459462244.8384185,49768047.8468563,Selsis,-0.4794451919651122,-0.692471341283475,log,0.05209200144704926,6.671122760145895e+23,0.7543327940315135,0.05209200144704926
189,1.42,0.74,1614.6573038187862,1138.0,4497.555167811213,0.01189,4394799513.671339,83780069.41025056,Selsis,-0.3312293321490395,-0.7395899903909762,GP,0.140883197833621,1.0862848238975448e+24,0.8660148795299863,0.140883197833621
190,1.42,0.74,1614.6573038187862,1138.0,10290.982487872394,0.01189,2147121557.2726555,11232129.742425147,Jackson,-0.49622341782796225,-0.7038994832881622,GP,0.1305492572082495,6.513012219401018e+23,0.9749266565681723,0.1305492572082495
191,1.42,0.74,1614.6573038187862,1138.0,4505.628560239178,0.01189,5776365676.989804,44205148.0486222,Jackson,-0.3940331687239822,-0.7217479836100175,linear,0.10874080789314804,1.0207684296521597e+24,0.7783601483527686,0.10874080789314804
192,1.42,0.74,1614.6573038187862,1138.0,15032.489564225827,0.01189,1424519673.4567025,69869815.74626483,Jackson,-0.3285814784553201,-0.685895925972176,GP,0.2717454864641448,5.804324380568869e+22,0.01277296286661378,0.2717454864641448
193,1.42,0.74,1614.6573038187862,1138.0,6703.69822944567,0.01189,3142109342.5340557,88977919.60654569,Selsis,-0.34792969251845646,-0.690136087617609,log,0.4494406192001096,5.3761621643495654e+23,0.626575204240971,0.4494406192001096
194,1.42,0.74,1614.6573038187862,1138.0,211426.31851183763,0.01189,247530618.6298134,5454670.972704166,Selsis,-0.4564237592321947,-0.602202124077257,GP,0.17072357187123613,5.815781466081542e+22,0.76150478158409,0.17072357187123613
195,1.42,0.74,1614.6573038187862,1138.0,4073.322717012081,0.01189,6660189052.351925,82487605.53685312,Jackson,-0.32461418395792185,-0.6416744640686413,log,0.05905842148370318,1.1024045997533187e+24,0.6051152022585211,0.05905842148370318
196,1.42,0.74,1614.6573038187862,1138.0,2513.730424768663,0.01189,13631350532.26929,10399980.428182196,Jackson,-0.4560325821121818,-0.6505585082630551,log,0.355941817370703,1.7517935676605936e+24,0.7815127559166979,0.355941817370703
197,1.42,0.74,1614.6573038187862,1138.0,3701.9170638185387,0.01189,5232809587.388199,40856563.739933126,Selsis,-0.4382906873941336,-0.7084430797550338,linear,0.05704295589702177,2.5644604598001793e+23,0.07451359607237484,0.05704295589702177
198,1.42,0.74,1614.6573038187862,1138.0,9223.188965451585,0.01189,2419223828.193322,31401823.402832847,Selsis,-0.4411031130045165,-0.6860684852723177,log,0.13069703798140447,6.520886510698656e+23,0.8523444312891462,0.13069703798140447
199,1.42,0.74,1614.6573038187862,1138.0,7675.174190712419,0.01189,2993219739.530054,62142825.07524408,Jackson,-0.28061978979636654,-0.6876410674771773,linear,0.10941836375437686,5.544193337705543e+23,0.6576594948624918,0.10941836375437686
200,1.42,0.74,1614.6573038187862,1138.0,16121.838146712662,0.01189,1323801394.9471893,18013813.37797733,Jackson,-0.3395158119475414,-0.7832570510557881,log,0.24205808926159814,7.814574872898194e+22,0.15788116571973043,0.24205808926159814
201,1.42,0.74,1614.6573038187862,1138.0,21600.39297120022,0.01189,981093342.6867192,42619773.75704785,Jackson,-0.45928633743554637,-0.7413483594594804,linear,0.16326486533096723,1.0447108570341696e+23,0.4274224055274316,0.16326486533096723
202,1.42,0.74,1614.6573038187862,1138.0,6112.123236849808,0.01189,3388700894.3200126,79447880.37769403,Selsis,-0.4745642590147264,-0.6005673529548788,linear,0.060976613418814406,1.0249816248952391e+24,0.931964447946901,0.060976613418814406
203,1.42,0.74,1614.6573038187862,1138.0,2711.097302315637,0.01189,12134768594.950518,79734219.03008246,Jackson,-0.3267121782400774,-0.6784194647604368,log,0.05302046851891811,1.9043761079350426e+24,0.6824870530689333,0.05302046851891811
204,1.42,0.74,1614.6573038187862,1138.0,9853.796446110076,0.01189,2253947843.222177,41111210.05622746,Jackson,-0.4233579686600844,-0.7397453173151812,linear,0.347354927091161,2.0127871810497583e+23,0.3396968485061769,0.347354927091161
205,1.42,0.74,1614.6573038187862,1138.0,8025.492140241045,0.01189,2843765954.453336,6747166.333024468,Jackson,-0.46166414874832146,-0.6894584427471991,log,0.2414810161847985,1.4941281395494223e+23,0.10237397631336242,0.2414810161847985
206,1.42,0.74,1614.6573038187862,1138.0,2218.8335932199516,0.01189,8548314472.606914,18451116.019778196,Selsis,-0.4898749417788833,-0.7116567582034269,linear,0.48794024530967406,7.505801840598717e+23,0.5166109115566722,0.48794024530967406
207,1.42,0.74,1614.6573038187862,1138.0,3757.1952738432833,0.01189,7477381531.825793,11458654.042592254,Jackson,-0.3733712814074542,-0.7690921854038603,linear,0.07693213606169239,9.613148373922094e+23,0.57357351163875,0.07693213606169239
208,1.42,0.74,1614.6573038187862,1138.0,9861.563791325154,0.01189,2251958089.6329403,31468759.84924333,Jackson,-0.32646226220378116,-0.7406264165887116,log,0.3058088469292607,9.886092034805243e+22,0.029424301788158247,0.3058088469292607
209,1.42,0.74,1614.6573038187862,1138.0,2734.6548101561107,0.01189,6989933102.98409,79919505.4101208,Selsis,-0.3334228584149948,-0.648386160132335,linear,0.06437793208069442,6.391609496136849e+23,0.34697967448603484,0.06437793208069442
210,1.42,0.74,1614.6573038187862,1138.0,7198.1960849308125,0.01189,3223367050.0875,99739143.74402423,Jackson,-0.3547998948061637,-0.7919908308252002,GP,0.38981987179422595,1.828345383704017e+23,0.1482472885846955,0.38981987179422595
211,1.42,0.74,1614.6573038187862,1138.0,4535.461775166381,0.01189,5723244775.5891075,5296801.327659433,Jackson,-0.3976407992738625,-0.6563850112479113,GP,0.2204626561581554,2.9175572406991077e+23,0.08862752900819382,0.2204626561581554
212,1.42,0.74,1614.6573038187862,1138.0,11105.23459087086,0.01189,1972797055.9528084,89634502.47303735,Jackson,-0.464923582289777,-0.6993880877508426,log,0.12893160705661336,6.176207806101301e+23,0.9846298692843567,0.12893160705661336
213,1.42,0.74,1614.6573038187862,1138.0,24672.022689525522,0.01189,1127647015.981467,51133805.79494089,Selsis,-0.4966877667813544,-0.7162816267641106,log,0.306875663810281,4.495824674608812e+22,0.0016383461555773415,0.306875663810281
214,1.42,0.74,1614.6573038187862,1138.0,3977.879013532708,0.01189,6889096043.29071,24778792.481420875,Jackson,-0.32751272649089525,-0.7772351803294915,linear,0.1740371230084939,1.5595371065688306e+24,0.9230082191374701,0.1740371230084939
215,1.42,0.74,1614.6573038187862,1138.0,6494.145471838215,0.01189,3224492892.8043466,39595879.36748022,Selsis,-0.47836861614031234,-0.647268256705072,GP,0.34127920369629927,6.128956568861105e+23,0.6816575097711716,0.34127920369629927
216,1.42,0.74,1614.6573038187862,1138.0,4106.181053729971,0.01189,6584549268.629813,57543577.712890916,Jackson,-0.37321453975820795,-0.7829770945401962,linear,0.091939029912456,6.721719100793591e+23,0.4032183237259459,0.091939029912456
217,1.42,0.74,1614.6573038187862,1138.0,44873.62213102661,0.01189,728896239.7992585,45019297.403301686,Selsis,-0.3316416739854102,-0.7613345505851358,log,0.16485103971464649,6.693283601375269e+22,0.371509608750098,0.16485103971464649
218,1.42,0.74,1614.6573038187862,1138.0,2416.729966872975,0.01189,7866015033.052652,3116267.511606233,Selsis,-0.4631199991868491,-0.7476181544052614,linear,0.06486257039233678,9.911873032805439e+23,0.8595227302102508,0.06486257039233678
219,1.42,0.74,1614.6573038187862,1138.0,4355.381720279183,0.01189,6058117828.899797,55166654.447029784,Jackson,-0.3183791396769141,-0.6066866009601132,GP,0.06491433122508031,2.0135091054481475e+24,0.9868469222439556,0.06491433122508031
220,1.42,0.74,1614.6573038187862,1138.0,16585.88436628389,0.01189,1285164566.6230366,42447188.89749148,Jackson,-0.3876557170487553,-0.7532902376961099,log,0.1997621997192119,4.746043920320485e+23,0.9656463559436396,0.1997621997192119
221,1.42,0.74,1614.6573038187862,1138.0,4537.43721778269,0.01189,5719758729.95035,13833559.339939758,Jackson,-0.32298083592658616,-0.6038533407779948,GP,0.07990341614886717,3.086613002913599e+23,0.11400445267127157,0.07990341614886717
222,1.42,0.74,1614.6573038187862,1138.0,4285.612130182804,0.01189,4583007558.722612,59194645.41559975,Selsis,-0.3283962987513138,-0.633418008048828,log,0.0784207120741313,4.7907742959396446e+23,0.4057494179554826,0.0784207120741313
223,1.42,0.74,1614.6573038187862,1138.0,3055.1641640931693,0.01189,6301424876.7942705,78311827.22017898,Selsis,-0.3257673130187042,-0.7890198017325251,GP,0.3496611123595041,3.628267777531791e+23,0.14653998452986516,0.3496611123595041
224,1.42,0.74,1614.6573038187862,1138.0,9736.093311715686,0.01189,2314485724.5466833,69742745.94363718,Selsis,-0.30842044581837735,-0.6124109920845009,GP,0.489596465471598,2.2980084748792878e+23,0.39103334735837847,0.489596465471598
225,1.42,0.74,1614.6573038187862,1138.0,3821.0390646978262,0.01189,7298033180.904488,13726581.193160716,Jackson,-0.46051201702998934,-0.7743993163805407,GP,0.17742342025862565,4.0511170020375965e+23,0.1261208429874563,0.17742342025862565
226,1.42,0.74,1614.6573038187862,1138.0,7457.954650588274,0.01189,3093895608.6013207,9149883.461025985,Jackson,-0.2923561856178439,-0.6921432403246436,linear,0.35994602618040883,1.9843187361866625e+23,0.18924040516133545,0.35994602618040883
227,1.42,0.74,1614.6573038187862,1138.0,15756.71973428249,0.01189,1355906299.9158096,75618496.1168771,Jackson,-0.41254397100339013,-0.6052141730510102,log,0.35302359784196774,2.693993270342206e+23,0.7039372413003606,0.35302359784196774
228,1.42,0.74,1614.6573038187862,1138.0,3452.260249355744,0.01189,5597693995.334747,55849623.078321315,Selsis,-0.28563409339601076,-0.6570747299553956,linear,0.29870842998644204,2.536304746346817e+23,0.041395451945804185,0.29870842998644204
229,1.42,0.74,1614.6573038187862,1138.0,4753.48572989042,0.01189,4189887835.8041916,24715158.954548296,Selsis,-0.45138937984641375,-0.7703193121338813,GP,0.09252839300357307,7.955845279213816e+23,0.8648386007993696,0.09252839300357307
230,1.42,0.74,1614.6573038187862,1138.0,2157.146691556543,0.01189,8788804215.60694,76049478.96489291,Selsis,-0.4267400188136205,-0.629335548678891,GP,0.10683971225921716,1.0631122637688886e+24,0.5464974940445542,0.10683971225921716
231,1.42,0.74,1614.6573038187862,1138.0,9174.50968136283,0.01189,2429747564.2361193,70721526.32080334,Selsis,-0.42206917396744326,-0.651983887705764,linear,0.0734123184934315,5.622147491320007e+23,0.7594121997665946,0.0734123184934315
232,1.42,0.74,1614.6573038187862,1138.0,5815.385133060923,0.01189,3530919233.696888,22483746.019877885,Selsis,-0.38276219851296245,-0.6321833008830912,log,0.29966655248719176,3.6583100703263435e+23,0.3990153604679013,0.29966655248719176
233,1.42,0.74,1614.6573038187862,1138.0,4542.958823457257,0.01189,5710035294.160266,71811380.60800159,Jackson,-0.46276775299586476,-0.6541626464600734,linear,0.2699835146007724,7.864957742172249e+23,0.5530489559597507,0.2699835146007724
234,1.42,0.74,1614.6573038187862,1138.0,4825.2982539068735,0.01189,4136281727.661509,47053238.87083606,Selsis,-0.3239641609456927,-0.6110548357537338,GP,0.28277990515341067,6.175728986622604e+23,0.5598951947085931,0.28277990515341067
235,1.42,0.74,1614.6573038187862,1138.0,9458.492820561101,0.01189,2369821564.491173,24462364.64853118,Selsis,-0.3887513024188903,-0.713475399748268,linear,0.24330920438751835,4.4315897807832965e+23,0.657198529528244,0.24330920438751835
236,1.42,0.74,1614.6573038187862,1138.0,4634.7305231544915,0.01189,4282163085.048101,97589740.04265332,Selsis,-0.31501653156720366,-0.7423043866183889,linear,0.4138864007779188,3.65156310501633e+23,0.3216759691682556,0.4138864007779188
237,1.42,0.74,1614.6573038187862,1138.0,4606.653166517945,0.01189,5600012217.176123,73957141.43910292,Jackson,-0.4925390387561467,-0.6410898926823096,log,0.07083492954098627,4.496937687132299e+23,0.29135000383439413,0.07083492954098627
238,1.42,0.74,1614.6573038187862,1138.0,5368.581101345845,0.01189,3776834352.6146603,88202176.21012278,Selsis,-0.38293956223334197,-0.6954196369701798,log,0.10119735956703718,2.9642766676189168e+23,0.2859017284225075,0.10119735956703718
239,1.42,0.74,1614.6573038187862,1138.0,6444.401883137946,0.01189,3670213967.1508894,68368051.99795242,Jackson,-0.3083168780795542,-0.796623647472757,linear,0.05891873204617061,2.4460786410944166e+23,0.2127936285643227,0.05891873204617061
240,1.42,0.74,1614.6573038187862,1138.0,2253.323729191274,0.01189,8420071095.894505,5230926.699539644,Selsis,-0.49100246932958364,-0.7416832217282049,linear,0.1662084966731947,5.885642730339422e+23,0.36550253544330613,0.1662084966731947
241,1.42,0.74,1614.6573038187862,1138.0,4466.830698109202,0.01189,4420975066.274492,24306078.703421306,Selsis,-0.3901098987248068,-0.7717000437272807,linear,0.0718918592660087,7.381706156574589e+23,0.6942870326910713,0.0718918592660087
242,1.42,0.74,1614.6573038187862,1138.0,4075.4706994701423,0.01189,4789018413.568963,7651155.802950794,Selsis,-0.4882097509743553,-0.7687790101242657,log,0.12346856202713795,7.894899694041508e+23,0.8541930606413366,0.12346856202713795
243,1.42,0.74,1614.6573038187862,1138.0,14315.733090714486,0.01189,1700473529.3729794,41691741.145533524,Selsis,-0.4320398383234968,-0.7422489634989653,linear,0.07014654397309861,8.307967460786896e+22,0.0805538714496149,0.07014654397309861
244,1.42,0.74,1614.6573038187862,1138.0,5107.952317711582,0.01189,4866081099.600634,52251582.1099887,Jackson,-0.31474715414597443,-0.7906297210923298,GP,0.1464824241222468,2.976162448881777e+23,0.1720142703076757,0.1464824241222468
245,1.42,0.74,1614.6573038187862,1138.0,20629.240316514606,0.01189,1287602857.7576365,33271227.56314467,Selsis,-0.42288432103400236,-0.7358897730985965,GP,0.05556899287068528,2.4565873259494803e+23,0.6727681761380994,0.05556899287068528
246,1.42,0.74,1614.6573038187862,1138.0,9372.295576834063,0.01189,2384477189.0101724,15315126.681650326,Jackson,-0.4005320387169777,-0.7150774791245343,log,0.10862100975891474,3.1655913298143044e+23,0.5067084213118195,0.10862100975891474
247,1.42,0.74,1614.6573038187862,1138.0,4516.075167531705,0.01189,5757662639.698429,27801833.833068628,Jackson,-0.49621147616897215,-0.6919729260059371,linear,0.06867160048012823,9.875978670195663e+23,0.884052282372311,0.06867160048012823
248,1.42,0.74,1614.6573038187862,1138.0,3340.968962691754,0.01189,5777290218.491034,65003211.72675638,Selsis,-0.4396695391690064,-0.7600726703733388,log,0.41943301486112927,5.748643496336005e+23,0.4759779853026732,0.41943301486112927
249,1.42,0.74,1614.6573038187862,1138.0,8010.83864301,0.01189,2849722498.1621804,29355321.419577606,Jackson,-0.37074823295205406,-0.7900786633576882,GP,0.20079557858860078,8.882751815973884e+23,0.9909618569315585,0.20079557858860078
250,1.42,0.74,1614.6573038187862,1138.0,5436.637727749658,0.01189,3736811826.3445325,40670049.8778733,Selsis,-0.3012852737506776,-0.6791441025987237,log,0.0639696798862551,3.583692133555316e+23,0.3674304150204619,0.0639696798862551
251,1.42,0.74,1614.6573038187862,1138.0,21615.65496050988,0.01189,980393832.9135591,30552099.920289185,Jackson,-0.37180427874116734,-0.6020609793259128,log,0.08150748260437142,4.447654888854327e+22,0.05132817723460814,0.08150748260437142
252,1.42,0.74,1614.6573038187862,1138.0,4510.669124066537,0.01189,4383735699.115723,38119836.42229418,Selsis,-0.38327627796403985,-0.6563181843328878,GP,0.05606893924792529,3.50686653467358e+23,0.2877162472812045,0.05606893924792529
253,1.42,0.74,1614.6573038187862,1138.0,2769.154568436845,0.01189,6907746044.061763,5387040.087288929,Selsis,-0.4175407278346872,-0.621558174104353,GP,0.08254348538574498,1.3243955047072493e+24,0.8105264406800148,0.08254348538574498
254,1.42,0.74,1614.6573038187862,1138.0,1832.6031847107781,0.01189,10349459804.10288,21143777.53157368,Selsis,-0.29500091783073656,-0.7645407744943201,linear,0.11984663178564892,1.1103643886385235e+24,0.4679594944584846,0.11984663178564892
255,1.42,0.74,1614.6573038187862,1138.0,8590.694713638006,0.01189,2631363680.693597,92367989.13773184,Jackson,-0.2811989342711942,-0.6255212983543287,log,0.08396535194171903,1.6454824628637786e+23,0.19247963728803075,0.08396535194171903
256,1.42,0.74,1614.6573038187862,1138.0,8152.394860104058,0.01189,2793188440.921633,90333921.3660636,Jackson,-0.30871682295524333,-0.7691528222786225,linear,0.410657232569828,1.6291270501686784e+23,0.1609806274132547,0.410657232569828
257,1.42,0.74,1614.6573038187862,1138.0,6644.834483424273,0.01189,3538426992.8132243,25876514.890709974,Jackson,-0.4459027065859142,-0.6228091413547591,GP,0.4175390353155557,7.072680600301292e+23,0.6869840438938015,0.4175390353155557
258,1.42,0.74,1614.6573038187862,1138.0,1650.1302365385282,0.01189,11530220984.006018,50235463.831523865,Selsis,-0.4299198026822553,-0.7219888214408958,linear,0.07094196177193336,8.700864858851169e+23,0.4665426278892931,0.07094196177193336
259,1.42,0.74,1614.6573038187862,1138.0,19245.892071417642,0.01189,1102938581.9267814,8123603.659652083,Jackson,-0.4485609736096143,-0.6984521724342505,log,0.2031252497495478,4.1277149702923616e+23,0.9586067859264681,0.2031252497495478
260,1.42,0.74,1614.6573038187862,1138.0,3144.5885724412306,0.01189,6127292943.237067,29148489.713995464,Selsis,-0.44855564054980174,-0.6041818183570646,linear,0.09785796673533041,2.9348989485156444e+23,0.06324378803379471,0.09785796673533041
261,1.42,0.74,1614.6573038187862,1138.0,7622.941996304217,0.01189,3016835622.647584,19978032.02679372,Jackson,-0.4670208685988209,-0.7879242404352949,log,0.30345826829803413,5.479589991260097e+23,0.7274493928090835,0.30345826829803413
262,1.42,0.74,1614.6573038187862,1138.0,10813.396011797464,0.01189,2031947118.322723,71282742.2580353,Jackson,-0.3488162386940654,-0.6063821806116059,log,0.16217825853105067,5.560725751714073e+23,0.8335765618003501,0.16217825853105067
263,1.42,0.74,1614.6573038187862,1138.0,4493.564542374868,0.01189,5798102565.899659,68909090.26758836,Jackson,-0.39639056842632364,-0.7216358785393897,log,0.1715942102065363,7.499419076505867e+23,0.5310574744400623,0.1715942102065363
264,1.42,0.74,1614.6573038187862,1138.0,7374.941229840567,0.01189,3134147961.0817156,76418641.80946535,Jackson,-0.46334355980915354,-0.7516430558871763,log,0.10528319776319833,7.314433356937409e+23,0.9571694631203586,0.10528319776319833
265,1.42,0.74,1614.6573038187862,1138.0,4745.755029095828,0.01189,4195754805.2665176,39666599.40018054,Selsis,-0.4488876280217333,-0.7373392374567652,GP,0.06632471163221823,4.386934091309269e+23,0.4222432956933463,0.06632471163221823
266,1.42,0.74,1614.6573038187862,1138.0,22588.728592472762,0.01189,1203375780.3910608,15163478.51194757,Selsis,-0.28948764578992525,-0.6081243849145179,log,0.44021019675956047,1.8161966957591464e+23,0.5651171799401898,0.44021019675956047
267,1.42,0.74,1614.6573038187862,1138.0,4095.0191888835407,0.01189,4768956417.7710495,58175184.67636173,Selsis,-0.29276199943570036,-0.6251548456956919,log,0.11809289441926861,1.1262848606223187e+24,0.761055939726295,0.11809289441926861
268,1.42,0.74,1614.6573038187862,1138.0,6900.838150771148,0.01189,3068715984.1587744,18399275.765982144,Selsis,-0.3558786817516924,-0.7666070036459219,GP,0.0791563174511614,2.8335506773758748e+23,0.3488343938189662,0.0791563174511614
269,1.42,0.74,1614.6573038187862,1138.0,31065.975515513874,0.01189,952421756.1579275,91483136.44390915,Selsis,-0.30393269194374706,-0.6143815319843944,log,0.15964069318050242,1.7106951574865236e+23,0.6790487794627593,0.15964069318050242
270,1.42,0.74,1614.6573038187862,1138.0,1889.0485067092386,0.01189,10035415870.308697,73360799.28691125,Selsis,-0.3545639724328462,-0.7088266016922264,log,0.07129244967765891,4.937282252008243e+23,0.07598736038549014,0.07129244967765891
271,1.42,0.74,1614.6573038187862,1138.0,6204.753546517449,0.01189,3347087928.9960823,56435851.30259322,Selsis,-0.43532394983287964,-0.6060094304884004,linear,0.44088999176918026,5.3366097777423224e+23,0.5908318241943971,0.44088999176918026
272,1.42,0.74,1614.6573038187862,1138.0,6173.00041253846,0.01189,3361216282.423335,45406546.66447909,Selsis,-0.4751334517585422,-0.658831734799074,linear,0.30175673028241967,3.5129137130985854e+23,0.40592622322376926,0.30175673028241967
273,1.42,0.74,1614.6573038187862,1138.0,1930.7349015755574,0.01189,9816508089.03006,50424923.13094299,Selsis,-0.42209609912947355,-0.601033390853133,linear,0.2859982387152407,1.4657705361895453e+24,0.6746508816354622,0.2859982387152407
274,1.42,0.74,1614.6573038187862,1138.0,9115.976691621383,0.01189,2460248927.3440075,78341531.89982225,Jackson,-0.3253181934648242,-0.7580549900912436,GP,0.23492419754620011,3.128841243357883e+23,0.49930699802356404,0.23492419754620011
275,1.42,0.74,1614.6573038187862,1138.0,6827.027932697957,0.01189,3095747792.3835664,67005560.30125591,Selsis,-0.30907213808366496,-0.7955295558907748,linear,0.10601039375092526,3.424068892383458e+23,0.4341285239656647,0.10601039375092526
276,1.42,0.74,1614.6573038187862,1138.0,19121.441213878927,0.01189,1363280904.5511866,56477912.85766203,Selsis,-0.36562462525680706,-0.6045270336920855,log,0.06818701539762063,1.6019358662494944e+23,0.4692833481547545,0.06818701539762063
277,1.42,0.74,1614.6573038187862,1138.0,4385.879375924289,0.01189,5998926711.141469,75529935.94344863,Jackson,-0.3836662481569256,-0.6019598213685964,GP,0.4723242197186612,1.6238941531440967e+24,0.9146312374725469,0.4723242197186612
278,1.42,0.74,1614.6573038187862,1138.0,1723.637617533505,0.01189,11020859804.015713,47958420.333482996,Selsis,-0.34163663777251224,-0.6660386154121966,linear,0.09057738891722611,4.695831298839023e+23,0.012239353224292926,0.09057738891722611
279,1.42,0.74,1614.6573038187862,1138.0,7779.633796469386,0.01189,2947063771.3103023,97855300.15833217,Jackson,-0.3932011547907585,-0.7562354379973429,linear,0.2815604403874388,4.3499595074636436e+23,0.5646093304982838,0.2815604403874388
280,1.42,0.74,1614.6573038187862,1138.0,3244.5185272665785,0.01189,5943547067.173582,16401186.962022614,Selsis,-0.31444505864119,-0.7439898981512559,log,0.07972778416017787,4.133102151580642e+23,0.22427886603715574,0.07972778416017787
281,1.42,0.74,1614.6573038187862,1138.0,3932.9905980620847,0.01189,4941320253.606178,7613787.564044125,Selsis,-0.4900060350636168,-0.7702108004556855,GP,0.2773763903397612,6.669475483660443e+23,0.7026411320894081,0.2773763903397612
282,1.42,0.74,1614.6573038187862,1138.0,24342.505611017146,0.01189,1138843038.3513794,52875479.764400624,Selsis,-0.47936062370124555,-0.7905903782022865,linear,0.12145685740191797,2.532457771559263e+23,0.7485737037864896,0.12145685740191797
283,1.42,0.74,1614.6573038187862,1138.0,2855.614453780942,0.01189,6710977328.997983,3293460.4707580437,Selsis,-0.3540355025471699,-0.7972239072432155,GP,0.18441901792545196,1.1869472246598761e+24,0.8542497249237281,0.18441901792545196
284,1.42,0.74,1614.6573038187862,1138.0,26201.607522357044,0.01189,1078964358.0644314,55293253.78857445,Selsis,-0.2834293283614897,-0.7009584025108333,GP,0.40364318062709276,1.9035434684424153e+23,0.6502506973705947,0.40364318062709276
285,1.42,0.74,1614.6573038187862,1138.0,2604.944079081917,0.01189,7319835241.287316,77834275.50405288,Selsis,-0.4122135028107311,-0.6577300439281655,GP,0.3347707839859682,8.114693054744554e+23,0.47646609439579124,0.3347707839859682
286,1.42,0.74,1614.6573038187862,1138.0,8873.12264494888,0.01189,2497367083.719345,93336082.9614912,Selsis,-0.3550188007904669,-0.6279410551774116,GP,0.17809118450768816,1.0931869021830603e+23,0.03860269904798175,0.17809118450768816
287,1.42,0.74,1614.6573038187862,1138.0,6833.909054727457,0.01189,3093203899.9880877,31733966.053984296,Selsis,-0.3962211015786487,-0.7928172056219416,GP,0.3672030846471522,4.518014027362333e+23,0.554299291047672,0.3672030846471522
288,1.42,0.74,1614.6573038187862,1138.0,8440.08839863445,0.01189,2602638760.6313047,73147394.4183006,Selsis,-0.2851262846060918,-0.7590238251162248,log,0.34964649231493933,8.441782062831265e+23,0.9042492777633041,0.34964649231493933
289,1.42,0.74,1614.6573038187862,1138.0,3125.7582779704367,0.01189,9791191638.138975,19083397.96748147,Jackson,-0.48783360249583657,-0.6176060224250723,log,0.0787352059759292,1.2687189243095607e+24,0.5311417590784804,0.0787352059759292
290,1.42,0.74,1614.6573038187862,1138.0,7420.607980198314,0.01189,2893039538.1613827,20316893.27132809,Selsis,-0.3437518970350991,-0.7873022555560952,log,0.16390274532754714,2.328666892825927e+23,0.2896620140801901,0.16390274532754714
291,1.42,0.74,1614.6573038187862,1138.0,8003.2619471604075,0.01189,2852812013.9731627,91708116.30194771,Jackson,-0.4534566369356237,-0.7078041216745188,log,0.37435318308834437,4.5449342999287544e+23,0.6040563912094273,0.37435318308834437
292,1.42,0.74,1614.6573038187862,1138.0,6960.366713126531,0.01189,3351579383.827648,56375701.82476583,Jackson,-0.2832793303398683,-0.6424117742434726,linear,0.17535039974850308,6.56957818621083e+23,0.6805035645791411,0.17535039974850308
293,1.42,0.74,1614.6573038187862,1138.0,4674.379923421545,0.01189,4250835277.010655,33317552.20964301,Selsis,-0.49556569583328774,-0.6015231152454757,GP,0.424671484356113,3.806302762771103e+23,0.33629475687837107,0.424671484356113
294,1.42,0.74,1614.6573038187862,1138.0,9265.498931876906,0.01189,2415480009.9289474,47659176.39484181,Jackson,-0.3464992253313871,-0.7454090244980369,GP,0.3710062535629056,2.8757433791296615e+23,0.4652496343018033,0.3710062535629056
295,1.42,0.74,1614.6573038187862,1138.0,6097.130659215357,0.01189,3922505587.2073474,58580741.481747285,Jackson,-0.44575322657430605,-0.7291310500643439,GP,0.12736412582163442,6.228196469697816e+23,0.6522015329647121,0.12736412582163442
296,1.42,0.74,1614.6573038187862,1138.0,8932.908459897342,0.01189,2517333958.0300374,82631370.40499082,Jackson,-0.28341264617534934,-0.7247459168298963,linear,0.19043090996789985,3.441733922083837e+23,0.5311797181327678,0.19043090996789985
297,1.42,0.74,1614.6573038187862,1138.0,4037.1643428506763,0.01189,6745265631.489433,67170936.08519445,Jackson,-0.35299474003966025,-0.7637391629581411,log,0.33423717578684986,1.2655269376160927e+24,0.8269806140735785,0.33423717578684986
298,1.42,0.74,1614.6573038187862,1138.0,5472.899303141685,0.01189,4471287792.871146,53548180.90424208,Jackson,-0.43669890085806673,-0.7010450807406496,log,0.31701423448852756,5.3427753185779025e+23,0.4681434925300769,0.31701423448852756
299,1.42,0.74,1614.6573038187862,1138.0,5366.035700145081,0.01189,4580356445.4837055,83696709.98536885,Jackson,-0.36864160586767464,-0.7895581612138273,GP,0.06312059063293377,7.190137543872483e+23,0.6156535220220944,0.06312059063293377
300,1.42,0.74,1614.6573038187862,1138.0,7945.5979088983095,0.01189,2736383976.2253566,66742455.53342223,Selsis,-0.2882369697632088,-0.6540653612935842,linear,0.3870314333199448,2.1798113527411997e+23,0.29281430502258154,0.3870314333199448
301,1.42,0.74,1614.6573038187862,1138.0,4150.511917333248,0.01189,4713043122.634765,4873717.3509830795,Selsis,-0.35661824738898623,-0.689296568922324,linear,0.3622065200351814,6.392020915558145e+23,0.5159553187358062,0.3622065200351814
302,1.42,0.74,1614.6573038187862,1138.0,10706.57797143329,0.01189,2142655514.978605,68965421.13176014,Selsis,-0.32344580212112684,-0.6596227323119473,linear,0.06628044466061452,3.47732338960479e+23,0.6053495718918995,0.06628044466061452
303,1.42,0.74,1614.6573038187862,1138.0,21169.282064464787,0.01189,1262902805.7852223,15399941.112437915,Selsis,-0.31691940920841616,-0.6312550123528089,linear,0.11446708490185396,1.1810107607333254e+23,0.3570606462606225,0.11446708490185396
304,1.42,0.74,1614.6573038187862,1138.0,2769.4283214067373,0.01189,6907102550.476682,40653009.47904626,Selsis,-0.2831468507686331,-0.6663630275865171,GP,0.06780470703868464,6.777499082710389e+23,0.37518557768837124,0.06780470703868464
305,1.42,0.74,1614.6573038187862,1138.0,3432.3888058328325,0.01189,8527661454.035446,3333724.3535202183,Jackson,-0.4544640878484335,-0.728270788529092,log,0.29923755375102357,7.394791317285874e+23,0.3839772124530815,0.29923755375102357
306,1.42,0.74,1614.6573038187862,1138.0,2535.8792181775643,0.01189,7510197743.467445,23584841.622452434,Selsis,-0.39759191332418536,-0.7960973513687514,GP,0.43352569233955673,1.1112090040866341e+24,0.89849828627235,0.43352569233955673
307,1.42,0.74,1614.6573038187862,1138.0,9900.390510133253,0.01189,2242063830.6922383,80246702.60782503,Jackson,-0.32358584113669275,-0.7154417224723676,linear,0.1781222779555412,1.2570150342904529e+23,0.14536986172751953,0.1781222779555412
308,1.42,0.74,1614.6573038187862,1138.0,3702.260510697762,0.01189,5232343385.11547,77140130.39982887,Selsis,-0.30322363699526317,-0.6417648796778871,GP,0.48048024138628265,2.6780643135016372e+23,0.09642355256952684,0.48048024138628265
309,1.42,0.74,1614.6573038187862,1138.0,15806.11431172177,0.01189,1575689896.2393477,85958609.94296448,Selsis,-0.490173659399833,-0.6692416908738127,linear,0.3092105865900646,6.349961330884362e+22,0.010511485132122411,0.3092105865900646
310,1.42,0.74,1614.6573038187862,1138.0,4414.464845631981,0.01189,4466427871.144045,39751457.06731502,Selsis,-0.4442261217949711,-0.7117839223327279,log,0.2608085816498771,3.94583632134893e+23,0.33230932316823114,0.2608085816498771
311,1.42,0.74,1614.6573038187862,1138.0,7828.964972626472,0.01189,2770313334.9193373,71090581.37900254,Selsis,-0.2803502838638816,-0.6948533051463122,GP,0.053779740811684136,1.2840340216471367e+23,0.05818614784492837,0.053779740811684136
312,1.42,0.74,1614.6573038187862,1138.0,13341.8018638921,0.01189,1615919573.8651338,32199441.364782713,Jackson,-0.4850816425178887,-0.6706413256759333,GP,0.21465155601566668,4.507595911725118e+23,0.8405308256222632,0.21465155601566668
313,1.42,0.74,1614.6573038187862,1138.0,5783.562239182591,0.01189,4180870158.9434447,93361781.71763988,Jackson,-0.3905980797678587,-0.6964965895602884,GP,0.18962965950250157,1.0730550280725933e+24,0.9758882598981784,0.18962965950250157
314,1.42,0.74,1614.6573038187862,1138.0,60241.45307464918,0.01189,361830521.6569605,11671083.238407714,Jackson,-0.48880117331999895,-0.757817136314433,log,0.06948313630159139,2.3400211308625755e+22,0.20580228525518873,0.06948313630159139
315,1.42,0.74,1614.6573038187862,1138.0,4916.015275896976,0.01189,4070789088.2039576,3873231.3982229414,Selsis,-0.3747647405417545,-0.6961201693026837,linear,0.12218958776315111,1.0704424256591561e+24,0.9240044713424234,0.12218958776315111
316,1.42,0.74,1614.6573038187862,1138.0,9317.68116699943,0.01189,2399097467.5750804,75705965.54903089,Selsis,-0.42667657967166356,-0.6675364953972447,GP,0.07385814682158182,1.9560857961668603e+23,0.3061138461132408,0.07385814682158182
317,1.42,0.74,1614.6573038187862,1138.0,7750.922681970028,0.01189,2793171336.358362,78630850.97678454,Selsis,-0.47166913771729335,-0.686989923705085,log,0.06548623603152999,3.145686707878378e+23,0.4448674871597528,0.06548623603152999
318,1.42,0.74,1614.6573038187862,1138.0,2647.793813023926,0.01189,12581750242.251036,26267399.37749826,Jackson,-0.40746207828569553,-0.7125249544274296,linear,0.3045298141425077,1.0207002299584454e+24,0.3385404179218171,0.3045298141425077
319,1.42,0.74,1614.6573038187862,1138.0,4228.312844306149,0.01189,4637138989.355469,54257014.92692244,Selsis,-0.4933912920760212,-0.7120327962077321,linear,0.40821087713682097,4.754355928510797e+23,0.4334179081698424,0.40821087713682097
320,1.42,0.74,1614.6573038187862,1138.0,35251.850864740845,0.01189,867532124.6716894,86466179.9635383,Selsis,-0.33287634645922926,-0.7055715589709385,GP,0.09745625373577943,3.1137652941415434e+23,0.9814465143354039,0.09745625373577943
321,1.42,0.74,1614.6573038187862,1138.0,2534.2630918182645,0.01189,7514784841.892914,9812044.049105518,Selsis,-0.42646802632620945,-0.7616969123397713,log,0.173183210370148,5.8901890424396944e+23,0.36385397237739514,0.173183210370148
322,1.42,0.74,1614.6573038187862,1138.0,6415.081838276135,0.01189,3690293095.801421,69656449.36843346,Jackson,-0.4495262536710298,-0.7114601791003013,GP,0.11043958620989265,7.896431292035242e+23,0.8742444453545687,0.11043958620989265
323,1.42,0.74,1614.6573038187862,1138.0,1459.6567796511586,0.01189,13123931188.855143,35468305.58914796,Selsis,-0.4585710650815945,-0.7529920993502006,log,0.06416158280092422,8.554840131273195e+23,0.5208552881224768,0.06416158280092422
324,1.42,0.74,1614.6573038187862,1138.0,3965.4987745659555,0.01189,6919834550.09407,8566595.842013992,Jackson,-0.3578389658975804,-0.7534469874260442,log,0.11837281238182572,9.064028544115316e+23,0.5306153803799945,0.11837281238182572
325,1.42,0.74,1614.6573038187862,1138.0,7660.257212734676,0.01189,2999927049.0132713,6036681.195372276,Jackson,-0.3688608602483391,-0.6838709560645722,linear,0.15052779395613494,4.548434470281039e+23,0.5624743922942583,0.15052779395613494
326,1.42,0.74,1614.6573038187862,1138.0,9365.136618556615,0.01189,2386530792.059017,53528388.221367955,Jackson,-0.44312679789787124,-0.6096768330208103,log,0.09726535939918425,5.061863430553738e+23,0.7172435805587455,0.09726535939918425
327,1.42,0.74,1614.6573038187862,1138.0,3923.4410186627956,0.01189,4951927745.129521,33775452.029419675,Selsis,-0.39364229364882325,-0.6428881279432193,linear,0.2333417226484009,6.068158279572066e+23,0.4721194150726542,0.2333417226484009
328,1.42,0.74,1614.6573038187862,1138.0,25172.960241316585,0.01189,1111134607.460132,67916211.69989507,Selsis,-0.38467269777382035,-0.6904879629132753,log,0.3870421812028018,1.5990019962944428e+23,0.5663221124397563,0.3870421812028018
329,1.42,0.74,1614.6573038187862,1138.0,9550.176631522849,0.01189,2351204881.1575675,50671071.578847945,Selsis,-0.41335200929323707,-0.6755619985202088,log,0.1327391094423795,1.8880510953696705e+23,0.2950334661467967,0.1327391094423795
330,1.42,0.74,1614.6573038187862,1138.0,6300.803476959937,0.01189,3305190876.503356,85221286.29464872,Selsis,-0.28064014679434485,-0.6389841007874685,log,0.07668972571047793,1.373449838657905e+23,0.010809375643324182,0.07668972571047793
331,1.42,0.74,1614.6573038187862,1138.0,12685.441012244077,0.01189,1705071555.991634,6043483.8331019655,Jackson,-0.48302679996740366,-0.6533986811604853,GP,0.3042412605177433,2.0315335079089724e+23,0.45847177853042664,0.3042412605177433
332,1.42,0.74,1614.6573038187862,1138.0,5525.965664354058,0.01189,3685753471.6632338,88034534.50463757,Selsis,-0.30024505988878336,-0.7745713985035001,log,0.2519671414121665,1.885212451353639e+23,0.10018141049401219,0.2519671414121665
333,1.42,0.74,1614.6573038187862,1138.0,8016.416461964308,0.01189,2847452261.227905,26555935.067519005,Jackson,-0.41232885798598373,-0.6224640988975457,GP,0.06158985045390089,8.346613266241865e+23,0.870018146501086,0.06158985045390089
334,1.42,0.74,1614.6573038187862,1138.0,5020.325787631276,0.01189,3998386211.4471226,46267597.921657585,Selsis,-0.34756860031634274,-0.6760600010168717,linear,0.4044256151967715,8.524405831873632e+23,0.7342275099960521,0.4044256151967715
335,1.42,0.74,1614.6573038187862,1138.0,8108.319421413653,0.01189,2810552828.5513186,29417760.21535293,Jackson,-0.43121136330563203,-0.6926754498354033,log,0.06401776572695995,1.4874378070986547e+23,0.10906507788500697,0.06401776572695995
336,1.42,0.74,1614.6573038187862,1138.0,24777.705906190964,0.01189,1124113222.9509995,46253251.10826011,Selsis,-0.30564788806489074,-0.720285671946941,linear,0.37680584618353613,3.571916982816927e+23,0.9011873558089583,0.37680584618353613
337,1.42,0.74,1614.6573038187862,1138.0,4734.290420144235,0.01189,5390801676.037909,19089901.78374869,Jackson,-0.30091749297604997,-0.6037157324582106,GP,0.05536710308063431,6.172050124837126e+23,0.44116508555300715,0.05536710308063431
338,1.42,0.74,1614.6573038187862,1138.0,5132.692847155173,0.01189,4837218474.280375,73908206.53201635,Jackson,-0.32918184229221115,-0.735847760119319,GP,0.12340225296987568,3.618941954552363e+23,0.26152108944306907,0.12340225296987568
339,1.42,0.74,1614.6573038187862,1138.0,9995.634741986949,0.01189,2218153594.3918386,19823226.49711229,Jackson,-0.47122002772495575,-0.6136363352957792,linear,0.19951567648784874,3.0871115024330715e+23,0.5283076997431263,0.19951567648784874
340,1.42,0.74,1614.6573038187862,1138.0,4310.023095046039,0.01189,4560385070.681574,68890893.81417528,Selsis,-0.35503399945547925,-0.6747615766960166,linear,0.05501801225688023,3.633044576544312e+23,0.28872822876633497,0.05501801225688023
341,1.42,0.74,1614.6573038187862,1138.0,5822.95789287953,0.01189,3527070684.2503247,23669100.07816786,Selsis,-0.28363388323436156,-0.6167405374822628,log,0.0658253246472062,1.3422569511601887e+24,0.9683729155076444,0.0658253246472062
342,1.42,0.74,1614.6573038187862,1138.0,11030.16682718715,0.01189,1987682333.6698287,56068249.805357166,Jackson,-0.3883222046596671,-0.7221318379598151,log,0.45007239040208447,1.851834197720233e+23,0.3625300797919313,0.45007239040208447
343,1.42,0.74,1614.6573038187862,1138.0,9054.815330664786,0.01189,2456085713.2965603,80316836.24704196,Selsis,-0.48431555483975697,-0.7301073400069535,GP,0.35570709685227114,2.5024636447420602e+23,0.40341193130329756,0.35570709685227114
344,1.42,0.74,1614.6573038187862,1138.0,7219.276448140971,0.01189,2958201935.616796,26581930.750746414,Selsis,-0.28536388218014325,-0.6191777233762629,linear,0.07578287252360433,3.6211005818716286e+23,0.47258125477844937,0.07578287252360433
345,1.42,0.74,1614.6573038187862,1138.0,4617.16874260038,0.01189,5582219108.677486,81893180.48336081,Jackson,-0.47644973650189726,-0.613142775603294,log,0.33693786070583664,4.8907790275558595e+23,0.3298379594839336,0.33693786070583664
346,1.42,0.74,1614.6573038187862,1138.0,9305.901376595328,0.01189,2401585097.5766964,35345375.67346011,Selsis,-0.3904283289275351,-0.7321392759456499,linear,0.21780630060124756,2.0022930034647286e+23,0.3083172324186564,0.21780630060124756
347,1.42,0.74,1614.6573038187862,1138.0,1956.671975954678,0.01189,9685494732.149603,36546187.5924647,Selsis,-0.4833429818105454,-0.684543620393139,GP,0.06144284314382054,4.680666230972192e+23,0.0698416922345142,0.06144284314382054
348,1.42,0.74,1614.6573038187862,1138.0,2896.751033676636,0.01189,10973827132.536392,38990218.95679166,Jackson,-0.4901556805091041,-0.7905679267709605,log,0.13492832164688717,8.72717374136842e+23,0.5985058274548366,0.13492832164688717
349,1.42,0.74,1614.6573038187862,1138.0,8271.985800629229,0.01189,2646369128.8194704,31064994.624420896,Selsis,-0.473678000097223,-0.7022729238705672,GP,0.09882055617704988,1.2640539602286558e+23,0.06509175643103171,0.09882055617704988
350,1.42,0.74,1614.6573038187862,1138.0,10079.45455692587,0.01189,2197525603.886925,93674489.52609372,Jackson,-0.4780416720274384,-0.6260729076294571,log,0.18516703423525055,2.3928299386070015e+23,0.4367451746578943,0.18516703423525055
351,1.42,0.74,1614.6573038187862,1138.0,4154.119593303547,0.01189,4709460168.983295,7843245.1384248,Selsis,-0.47991740655230064,-0.7734258951030286,linear,0.25027192375385565,7.408323646688781e+23,0.7991204585993941,0.25027192375385565
352,1.42,0.74,1614.6573038187862,1138.0,6403.225918230204,0.01189,3698472856.504928,36477201.08544308,Jackson,-0.30847859751567736,-0.6156371243008972,GP,0.3001655588513106,1.1180591788467252e+24,0.8655953097854515,0.3001655588513106
353,1.42,0.74,1614.6573038187862,1138.0,8448.470092793415,0.01189,2600502369.639056,89486831.14607361,Selsis,-0.3259744317602747,-0.6368031367230864,log,0.21586249376852534,6.798587154276349e+23,0.8134176123030475,0.21586249376852534
354,1.42,0.74,1614.6573038187862,1138.0,7750.357294547771,0.01189,2959857989.1573496,13525379.456700625,Jackson,-0.32679220298610523,-0.7412387432056987,linear,0.4688448959841047,7.441774890283158e+23,0.783963390080264,0.4688448959841047
355,1.42,0.74,1614.6573038187862,1138.0,7151.644291482921,0.01189,3247700356.249233,89798760.31220843,Jackson,-0.3343148924936677,-0.7059230329984381,GP,0.0616679144871911,6.143071239041339e+23,0.6698353021217879,0.0616679144871911
356,1.42,0.74,1614.6573038187862,1138.0,11422.37859011884,0.01189,1912283166.1350524,99089000.86628929,Jackson,-0.3514763100085399,-0.7813873715061879,log,0.1241073803025834,8.71702240800551e+22,0.06277219267608114,0.1241073803025834
357,1.42,0.74,1614.6573038187862,1138.0,4580.716725937715,0.01189,4325710692.147269,22519398.302382696,Selsis,-0.3373587332100693,-0.7725888138855227,linear,0.23486117245893953,1.011477215027675e+24,0.8333020403848105,0.23486117245893953
358,1.42,0.74,1614.6573038187862,1138.0,2907.9318064327185,0.01189,10910242445.828197,17737099.22578478,Jackson,-0.37776978415919493,-0.7635370648510472,log,0.49848072094244095,1.1694786179321954e+24,0.5506427414985404,0.49848072094244095
359,1.42,0.74,1614.6573038187862,1138.0,5910.026202037039,0.01189,3483878784.4048386,42036211.242657654,Selsis,-0.49861724475839053,-0.6850589314869585,GP,0.2098979608294858,4.506368777309024e+23,0.5071521862881093,0.2098979608294858
360,1.42,0.74,1614.6573038187862,1138.0,2553.587684623564,0.01189,7460341158.188293,11939295.620882723,Selsis,-0.4343285453795081,-0.7308312360880138,linear,0.13501839249446096,1.1581614020769817e+24,0.9586008440995317,0.13501839249446096
361,1.42,0.74,1614.6573038187862,1138.0,14840.203328927952,0.01189,1653913571.8602085,41846553.048961915,Selsis,-0.4381240922989406,-0.7622928161997196,GP,0.1514722564695896,2.5772633329665197e+23,0.5846240453267363,0.1514722564695896
362,1.42,0.74,1614.6573038187862,1138.0,3679.674787814556,0.01189,5263197627.062357,20908473.216725033,Selsis,-0.3776510661761788,-0.6293971707725727,GP,0.1992913746927421,5.582690810546356e+23,0.4081709468212168,0.1992913746927421
363,1.42,0.74,1614.6573038187862,1138.0,1912.5485364160133,0.01189,9910713019.146324,63164248.73557622,Selsis,-0.28868527441085434,-0.6153886258985576,log,0.44513730053348416,8.02167058382281e+23,0.29178502617053526,0.44513730053348416
364,1.42,0.74,1614.6573038187862,1138.0,3545.449481747287,0.01189,5455158694.362451,45734419.73418086,Selsis,-0.43550587430432736,-0.6989906803524518,linear,0.055073624027856934,4.2516207892381805e+23,0.27730860799429535,0.055073624027856934
365,1.42,0.74,1614.6573038187862,1138.0,4197.370164733361,0.01189,4666988398.34143,41652448.18291879,Selsis,-0.3201109810539735,-0.7448314753990155,linear,0.05942416205234622,9.84344362536629e+23,0.7509200089394837,0.05942416205234622
366,1.42,0.74,1614.6573038187862,1138.0,2017.7298512976308,0.01189,9391686501.652523,77423384.78411537,Selsis,-0.3561582792051552,-0.7465588496759357,linear,0.09536377440686652,1.5186361572569437e+24,0.9708493247341192,0.09536377440686652
367,1.42,0.74,1614.6573038187862,1138.0,3384.5882554758355,0.01189,5705406105.063017,30692750.379732214,Selsis,-0.3339919189291897,-0.7733010445907473,log,0.382746686965254,1.3186629365498353e+24,0.9339650423777164,0.382746686965254
368,1.42,0.74,1614.6573038187862,1138.0,3869.627246207312,0.01189,7166676465.718182,47995300.9415509,Jackson,-0.3105058110826997,-0.7022442152439368,GP,0.12581379175806462,1.1484036864281973e+24,0.5920410854232874,0.12581379175806462
369,1.42,0.74,1614.6573038187862,1138.0,5856.415975699697,0.01189,3510196935.9085627,57668711.839883216,Selsis,-0.42790616728402747,-0.6248642959502037,log,0.25992991147328576,2.4174260672708954e+23,0.2260643063958414,0.25992991147328576
370,1.42,0.74,1614.6573038187862,1138.0,6070.59591117499,0.01189,3407756073.462327,6002231.657434773,Selsis,-0.4378229522972586,-0.76061043951943,log,0.2657663188676162,4.896477986566852e+23,0.5676296211560888,0.2657663188676162
371,1.42,0.74,1614.6573038187862,1138.0,5562.52860743369,0.01189,4383592716.6135845,4031370.174902821,Jackson,-0.44392703467208094,-0.7851820365714438,log,0.12926076435362255,8.06621660238046e+23,0.8623492854822663,0.12926076435362255
372,1.42,0.74,1614.6573038187862,1138.0,4738.047696855911,0.01189,5384859483.366551,30705883.580775958,Jackson,-0.36169131403456306,-0.6288822674525298,log,0.06849574052457087,1.014414672612756e+24,0.6610357890155227,0.06849574052457087
373,1.42,0.74,1614.6573038187862,1138.0,5335.374834516683,0.01189,4612600184.64853,3293871.2225818792,Jackson,-0.3873103192018443,-0.7508015869818813,GP,0.06045416195659646,5.1086117976822354e+23,0.42551568308124244,0.06045416195659646
374,1.42,0.74,1614.6573038187862,1138.0,26879.223025539544,0.01189,789337987.0246955,93448815.15188687,Jackson,-0.4415064822208479,-0.7197764130915325,GP,0.48146986041976797,3.943502458632744e+22,0.1341903802109886,0.48146986041976797
375,1.42,0.74,1614.6573038187862,1138.0,5181.416112560375,0.01189,3892246193.8904505,92669416.19859101,Selsis,-0.46213215267172514,-0.6621084170675516,GP,0.3701128356097084,6.0442992877021314e+23,0.6078595660831445,0.3701128356097084
376,1.42,0.74,1614.6573038187862,1138.0,14112.624865259175,0.01189,1719366651.354656,92780406.17112261,Selsis,-0.285478994780168,-0.6860156716754942,GP,0.09155823644482514,2.773374293779694e+23,0.6125797334611685,0.09155823644482514
377,1.42,0.74,1614.6573038187862,1138.0,10953.130074194101,0.01189,2103635016.428072,11514382.366425628,Selsis,-0.4787473181537253,-0.7573827286734065,linear,0.22496303934245224,1.84568988102987e+23,0.3264203515299102,0.22496303934245224
378,1.42,0.74,1614.6573038187862,1138.0,5625.358141021884,0.01189,4324068732.596738,96422858.82650934,Jackson,-0.40267229816299804,-0.7795015891280808,log,0.3679591804253817,2.1167092965073466e+23,0.08041095861961345,0.3679591804253817
379,1.42,0.74,1614.6573038187862,1138.0,4271.421093124048,0.01189,4596278167.208105,63693377.94560414,Selsis,-0.4279505632117628,-0.7597972228435653,log,0.40387067106643104,9.017990387475522e+23,0.9125559179892466,0.40387067106643104
380,1.42,0.74,1614.6573038187862,1138.0,5891.310375745276,0.01189,4088470299.959894,87146036.85659002,Jackson,-0.29518830149950387,-0.78792690546537,linear,0.2772700427967431,1.807768927743596e+23,0.03578751296728655,0.2772700427967431
381,1.42,0.74,1614.6573038187862,1138.0,5191.007721252996,0.01189,3886131973.4668064,81733201.27803451,Selsis,-0.3569886200981085,-0.6049025792690799,log,0.06894255979823694,7.527192745740669e+23,0.6771953472868992,0.06894255979823694
382,1.42,0.74,1614.6573038187862,1138.0,23707.652968585757,0.01189,1161204858.922969,10216291.507869601,Selsis,-0.43119111911447494,-0.6097500559635127,GP,0.05404916060043829,1.6009622310391434e+23,0.5241584196960195,0.05404916060043829
383,1.42,0.74,1614.6573038187862,1138.0,3548.9252379365134,0.01189,5449993649.084323,73572707.34914283,Selsis,-0.35570038552288824,-0.6961999156601513,log,0.3736311433473993,9.580706337837396e+23,0.7040954093819922,0.3736311433473993
384,1.42,0.74,1614.6573038187862,1138.0,10665.725431330971,0.01189,2149286707.6025987,97752376.29503123,Selsis,-0.46643285914545907,-0.6887834054648316,GP,0.2789173648986213,6.438968508605428e+23,0.927460034926667,0.2789173648986213
385,1.42,0.74,1614.6573038187862,1138.0,33567.82580779542,0.01189,899368966.5243769,49450214.894523025,Selsis,-0.30175401553658815,-0.7718025502770454,linear,0.0675809272591314,7.070276958270397e+22,0.3009073584286581,0.0675809272591314
386,1.42,0.74,1614.6573038187862,1138.0,2043.368558704752,0.01189,9274053950.751085,95728919.0242195,Selsis,-0.4226412057966116,-0.7957512776019804,linear,0.29200761090244337,9.190124486652195e+23,0.7258399267646932,0.29200761090244337
387,1.42,0.74,1614.6573038187862,1138.0,6593.162611251654,0.01189,3571515986.7191834,77498628.78302841,Jackson,-0.31400028039565964,-0.7400245994733795,linear,0.09553708011715138,1.5273183092259657e+23,0.021452843000123067,0.09553708011715138
388,1.42,0.74,1614.6573038187862,1138.0,9133.165089803215,0.01189,2438770247.847941,64555016.14928874,Selsis,-0.36414788745430793,-0.7630683876468622,GP,0.10281861757735612,1.1147025712320034e+23,0.052487259185767354,0.10281861757735612
389,1.42,0.74,1614.6573038187862,1138.0,8334.52608725422,0.01189,2723620832.3207383,41872978.235352986,Jackson,-0.36378931532430425,-0.7587869597267499,log,0.05290737455789212,2.0720738711235565e+23,0.2688356356763356,0.05290737455789212
390,1.42,0.74,1614.6573038187862,1138.0,12968.847155006019,0.01189,1665384816.3482966,65316643.77593334,Jackson,-0.4153067253119989,-0.6913930121527179,GP,0.3944088736583948,2.9922667702081764e+23,0.6527101661993941,0.3944088736583948
391,1.42,0.74,1614.6573038187862,1138.0,20318.022872539404,0.01189,1043793812.4791474,73221023.72919938,Jackson,-0.488178903792223,-0.7127585743906314,GP,0.11582782884256518,4.780472986941567e+22,0.07329110046649434,0.11582782884256518
392,1.42,0.74,1614.6573038187862,1138.0,4423.944500443793,0.01189,5926509830.930949,51889797.61873184,Jackson,-0.49419570050487666,-0.663124098771804,linear,0.2213756091136502,6.051397208415929e+23,0.39657243861323566,0.2213756091136502
393,1.42,0.74,1614.6573038187862,1138.0,5346.729003094408,0.01189,3789897971.875464,95961049.13634065,Selsis,-0.30720743862230904,-0.7499466091954101,GP,0.18648032115312446,1.2361640211076094e+24,0.9721513812347174,0.18648032115312446
394,1.42,0.74,1614.6573038187862,1138.0,4383.755400969677,0.01189,4493588891.963812,34242511.968402795,Selsis,-0.35800743370563165,-0.7015505262645605,log,0.1198530653311632,6.401783380747084e+23,0.5431063781310222,0.1198530653311632
395,1.42,0.74,1614.6573038187862,1138.0,2130.6971517269103,0.01189,8896566254.586067,12847539.667230332,Selsis,-0.43882851916692767,-0.736397511773123,log,0.10881236568124765,1.0149133708664903e+24,0.7767658325901486,0.10881236568124765
396,1.42,0.74,1614.6573038187862,1138.0,5980.501286135276,0.01189,3449979283.0602508,43929763.236744404,Selsis,-0.35267238796402306,-0.703322175617527,GP,0.24525656450450234,2.826517418105575e+23,0.2998490514600073,0.24525656450450234
397,1.42,0.74,1614.6573038187862,1138.0,11915.253571631281,0.01189,1825241877.0510075,98618305.28949144,Jackson,-0.45187570443609715,-0.7844408587530955,log,0.2631235143298903,1.7372119831685745e+23,0.3835034940061116,0.2631235143298903
398,1.42,0.74,1614.6573038187862,1138.0,6362.936602161007,0.01189,3726533909.457519,16008546.934547538,Jackson,-0.3912443862151647,-0.6769811768307468,linear,0.4636410015438629,7.980526977529374e+23,0.7431158091566584,0.4636410015438629
399,1.42,0.74,1614.6573038187862,1138.0,3262.037463817119,0.01189,9190745408.009083,74915076.13804798,Jackson,-0.38692932311913225,-0.7164428938820874,GP,0.08433637590108882,1.3257539208758927e+24,0.7621451932894664,0.08433637590108882
400,1.42,0.74,1614.6573038187862,1138.0,2674.9088211660533,0.01189,7137642926.235237,59629956.15183504,Selsis,-0.3221371943610004,-0.6057770010464985,GP,0.3579888307689945,9.648258540842003e+23,0.5153859216079842,0.3579888307689945
401,1.42,0.74,1614.6573038187862,1138.0,7201.751940916822,0.01189,3221523038.8739147,22589062.96863972,Jackson,-0.4894929188012972,-0.7472534713773136,linear,0.4835471373005168,5.516474486736902e+23,0.6977598027412865,0.4835471373005168
402,1.42,0.74,1614.6573038187862,1138.0,10443.6706049932,0.01189,2112140577.8718083,92583745.2796695,Jackson,-0.38796405918798527,-0.6739733908217886,linear,0.23326223281840747,6.380273418943945e+23,0.8935739254962979,0.23326223281840747
403,1.42,0.74,1614.6573038187862,1138.0,7042.30773599179,0.01189,3306292701.946871,34527768.64178939,Jackson,-0.399625886783962,-0.7861396244265679,GP,0.1442153537107239,2.0393625510099887e+23,0.17556068986501538,0.1442153537107239
404,1.42,0.74,1614.6573038187862,1138.0,8467.760379521033,0.01189,2674855606.6595626,26692707.421082426,Jackson,-0.35926261888242544,-0.6908753548638199,log,0.13770538320898568,2.191091935433536e+23,0.2985642467336014,0.13770538320898568
405,1.42,0.74,1614.6573038187862,1138.0,2754.404058632224,0.01189,6942619051.747712,73830034.04517363,Selsis,-0.45679639586494014,-0.7486641156093602,GP,0.2226918576498073,7.477225412570847e+23,0.6346533259797746,0.2226918576498073
406,1.42,0.74,1614.6573038187862,1138.0,5684.183548628833,0.01189,4269733044.5985403,58966492.48732097,Jackson,-0.4464548210996041,-0.696743120914893,GP,0.12667449361429117,7.17048004834937e+23,0.683706177686831,0.12667449361429117
407,1.42,0.74,1614.6573038187862,1138.0,6907.640357046524,0.01189,3066252810.609288,35357840.20296311,Selsis,-0.4207976936208865,-0.6035386254070587,GP,0.3918085551915951,2.808224087243855e+23,0.3477092162693385,0.3918085551915951
408,1.42,0.74,1614.6573038187862,1138.0,8005.720969815058,0.01189,2719268424.262329,32273838.7321413,Selsis,-0.32344272512002337,-0.7873569310367032,GP,0.05344792293129036,4.810447185409426e+23,0.6337670026765548,0.05344792293129036
409,1.42,0.74,1614.6573038187862,1138.0,7610.252180717655,0.01189,3022628480.612042,11927681.029701909,Jackson,-0.47631509833311814,-0.7242458588009076,linear,0.12637445316318885,1.691264894678025e+23,0.13039237962073513,0.12637445316318885
410,1.42,0.74,1614.6573038187862,1138.0,4029.2987022135235,0.01189,6764033938.865991,5482613.748441853,Jackson,-0.3591601370515066,-0.65406049889879,linear,0.050647825854666276,1.61465049417552e+24,0.9171893668449846,0.050647825854666276
411,1.42,0.74,1614.6573038187862,1138.0,3865.6976434577246,0.01189,5020391983.856713,25388598.336038988,Selsis,-0.3553956347274882,-0.7607459646106322,GP,0.1305325072316829,1.0433776908784231e+24,0.83672756900198,0.1305325072316829
412,1.42,0.74,1614.6573038187862,1138.0,2504.5550573689143,0.01189,7600233149.625104,20324422.027942844,Selsis,-0.43739459893263827,-0.7679353892156854,log,0.3598821686494787,9.314683378266701e+23,0.7913023053009434,0.3598821686494787
413,1.42,0.74,1614.6573038187862,1138.0,6565.841993821818,0.01189,3195735366.2211185,95086705.94272567,Selsis,-0.4466228525671249,-0.7621914632432227,linear,0.08222756145700483,5.012445197306363e+23,0.6314458886708707,0.08222756145700483
414,1.42,0.74,1614.6573038187862,1138.0,7458.139856989098,0.01189,2881265528.7771726,74732489.4990753,Selsis,-0.3403824537843138,-0.6919391002165008,linear,0.4251685486164692,2.871546378969665e+23,0.3907940189886594,0.4251685486164692
415,1.42,0.74,1614.6573038187862,1138.0,7192.529167211839,0.01189,2967122351.7903056,87398157.4176744,Selsis,-0.2862618017126601,-0.6606070496643908,linear,0.0908492536916156,1.747819064228048e+23,0.16399392003676638,0.0908492536916156
416,1.42,0.74,1614.6573038187862,1138.0,4914.349077875659,0.01189,5118899014.630759,57296729.83138831,Jackson,-0.3990507661675481,-0.6861609657695494,log,0.2010704222223183,7.406343058159447e+23,0.5619759547418169,0.2010704222223183
417,1.42,0.74,1614.6573038187862,1138.0,2068.5984172834487,0.01189,9161413267.412216,61978499.42752993,Selsis,-0.44344965492708627,-0.7157881518218209,GP,0.22697908737144903,1.084686056208746e+24,0.8159074199804054,0.22697908737144903
418,1.42,0.74,1614.6573038187862,1138.0,3335.2660309566604,0.01189,5786836279.249807,54060992.6283201,Selsis,-0.40248829373560746,-0.6755887707711808,GP,0.3261023586264156,8.41375522330613e+23,0.6221350843288102,0.3261023586264156
419,1.42,0.74,1614.6573038187862,1138.0,1401.0470885742777,0.01189,13715019820.94883,92123257.10834497,Selsis,-0.2932948622233257,-0.6107310221848302,log,0.25835610806570686,1.0534028790550483e+24,0.26917338502854715,0.25835610806570686
420,1.42,0.74,1614.6573038187862,1138.0,10909.05885072105,0.01189,2110486788.9918334,46398622.5616213,Selsis,-0.3410644618099078,-0.6555272396317556,GP,0.05734850480470106,3.757479353038678e+23,0.6410167020025537,0.05734850480470106
421,1.42,0.74,1614.6573038187862,1138.0,7572.138365811401,0.01189,3040159434.5967836,1841922.2536003783,Jackson,-0.4403900070658247,-0.6596981855484948,linear,0.08668375540738259,1.5409362180613115e+23,0.08599984922373516,0.08668375540738259
422,1.42,0.74,1614.6573038187862,1138.0,2565.846622303083,0.01189,7426257133.051845,73255236.78560148,Selsis,-0.4405296382725995,-0.7004850205585305,linear,0.0829376065645414,1.1749899616006515e+24,0.9463187912919385,0.0829376065645414
423,1.42,0.74,1614.6573038187862,1138.0,3812.5378726438594,0.01189,7321463980.707718,75046456.34711854,Jackson,-0.36730422486395803,-0.7025637247230901,linear,0.4247440967395159,7.453772971225896e+23,0.3931057957926687,0.4247440967395159
424,1.42,0.74,1614.6573038187862,1138.0,17419.922807872852,0.01189,1462997101.5555298,70968708.98887472,Selsis,-0.3009391254904648,-0.7866783639030385,linear,0.1611195613686538,1.3927843299412156e+23,0.3810841216178831,0.1611195613686538
425,1.42,0.74,1614.6573038187862,1138.0,1906.4438288539343,0.01189,9942780752.409056,97931689.71199585,Selsis,-0.33061391508606625,-0.7946389741142333,linear,0.38653947861881016,8.277914904843844e+23,0.36482606616254487,0.38653947861881016
426,1.42,0.74,1614.6573038187862,1138.0,7097.523254874555,0.01189,3276446704.80846,1682686.0459919611,Jackson,-0.37710234980467733,-0.7803996771824,linear,0.08828619905462617,3.0177394429997483e+23,0.34535007248505534,0.08828619905462617
427,1.42,0.74,1614.6573038187862,1138.0,2587.3115632699487,0.01189,7367406173.722399,77926890.37822752,Selsis,-0.29443687469709234,-0.7369757879538751,log,0.2328548550452111,9.531927105192757e+23,0.5122767695281037,0.2328548550452111
428,1.42,0.74,1614.6573038187862,1138.0,16048.073723404379,0.01189,1330162178.442709,22789588.355720747,Jackson,-0.30795631770331805,-0.6571662301213448,GP,0.4343501273497077,1.3387982324187173e+23,0.3911640979878901,0.4343501273497077
429,1.42,0.74,1614.6573038187862,1138.0,6856.7697674895635,0.01189,3410602626.6390896,8933354.682409234,Jackson,-0.3258781773434532,-0.6715114770803763,log,0.11341669773148612,5.255473464370867e+23,0.5697681038122221,0.11341669773148612
430,1.42,0.74,1614.6573038187862,1138.0,27563.474832457792,0.01189,1039669860.9690818,88833174.64373855,Selsis,-0.4021638871941845,-0.618889115629915,GP,0.3178533416789374,1.2695484350057319e+23,0.506391687751356,0.3178533416789374
431,1.42,0.74,1614.6573038187862,1138.0,5440.071958660843,0.01189,4504256884.488886,21603300.836866595,Jackson,-0.49479593383589815,-0.7498508295914575,linear,0.05917650039106048,2.9850290534849992e+23,0.20426172746550986,0.05917650039106048
432,1.42,0.74,1614.6573038187862,1138.0,8657.683217046384,0.01189,2608246734.140064,94995820.01455571,Jackson,-0.34499376663582826,-0.6830536315863437,log,0.07732908461678731,1.5701133414392465e+23,0.17654349782502865,0.07732908461678731
433,1.42,0.74,1614.6573038187862,1138.0,6309.408205268421,0.01189,3301497756.2494392,3358877.387800501,Selsis,-0.35622992996933645,-0.73263841507344,log,0.24608860107167985,8.725077830634235e+23,0.8516981386022279,0.24608860107167985
434,1.42,0.74,1614.6573038187862,1138.0,14981.886625079429,0.01189,1641855260.3072388,54302712.4914045,Selsis,-0.37123191203739603,-0.6075382967298314,linear,0.24372724331103673,5.637026283654479e+23,0.931170293649678,0.24372724331103673
435,1.42,0.74,1614.6573038187862,1138.0,9588.693629823967,0.01189,2343485672.6603236,70561692.60548323,Selsis,-0.44263918446828393,-0.6316431476615613,log,0.07179917665499058,4.9021945993138975e+23,0.7146539797149579,0.07179917665499058
436,1.42,0.74,1614.6573038187862,1138.0,4622.081437614086,0.01189,4292270130.1711907,43839633.30634676,Selsis,-0.45140502356104234,-0.6611884046811521,linear,0.21330128441045038,2.4315448191713777e+23,0.1385021045003928,0.21330128441045038
437,1.42,0.74,1614.6573038187862,1138.0,25377.76277018608,0.01189,835089563.2558256,2376947.2346918155,Jackson,-0.36693560602082903,-0.6465579012968127,GP,0.11081443485041134,6.157776199794988e+22,0.24977709937405135,0.11081443485041134
438,1.42,0.74,1614.6573038187862,1138.0,5008.761919838462,0.01189,4986145438.333017,77983202.09033369,Jackson,-0.30839726008521445,-0.7639934496054582,log,0.1987437837424671,1.267392880052221e+24,0.8446725627528829,0.1987437837424671
439,1.42,0.74,1614.6573038187862,1138.0,5610.817936203147,0.01189,4337705059.5430355,87666778.48962203,Jackson,-0.3294621164091331,-0.6620704802347607,log,0.09304644717277313,1.954888910911085e+23,0.04357758438158543,0.09304644717277313
440,1.42,0.74,1614.6573038187862,1138.0,4985.986465693922,0.01189,4021889799.565149,32525762.63743132,Selsis,-0.2860556491843786,-0.7729267213800868,GP,0.125436712238381,7.737898540500777e+23,0.6685677057919558,0.125436712238381
441,1.42,0.74,1614.6573038187862,1138.0,8244.826645532134,0.01189,2757450836.719542,49837101.975494765,Jackson,-0.4299236869813786,-0.6174668960605598,GP,0.46696354092871717,2.7932368139780505e+23,0.39436939197122156,0.46696354092871717
442,1.42,0.74,1614.6573038187862,1138.0,6254.861842476182,0.01189,3325075237.803623,51963060.54878631,Selsis,-0.3466923430567566,-0.6140158681038437,log,0.21368469935417292,3.596067078756659e+23,0.4217152374841331,0.21368469935417292
443,1.42,0.74,1614.6573038187862,1138.0,13115.025463166094,0.01189,1821416404.8049917,59620685.42907306,Selsis,-0.3243918496687294,-0.7410840338892396,linear,0.27135702428682085,3.109997399023707e+23,0.6276528185157175,0.27135702428682085
444,1.42,0.74,1614.6573038187862,1138.0,8498.36427656963,0.01189,2587869200.029012,67964819.05673549,Selsis,-0.40514987345761383,-0.6472726627535439,GP,0.06259333474513631,2.145353419368863e+23,0.3109631284180818,0.06259333474513631
445,1.42,0.74,1614.6573038187862,1138.0,2920.947046419824,0.01189,10837048636.623064,14789406.094300201,Jackson,-0.41568398558884984,-0.6370178485415842,GP,0.10636646818769913,5.228717675676105e+23,0.06492560333036324,0.10636646818769913
446,1.42,0.74,1614.6573038187862,1138.0,5598.009707842488,0.01189,4349785868.20841,22411225.95136125,Jackson,-0.3938523832072361,-0.6948878489432644,log,0.48890305447370724,3.565245043208285e+23,0.2967132320497463,0.48890305447370724
447,1.42,0.74,1614.6573038187862,1138.0,4089.4505357047974,0.01189,6622867033.590392,2720337.8000493953,Jackson,-0.44923532523445325,-0.7438812555588421,linear,0.057438790593410574,6.66281150483144e+23,0.4495530765817748,0.057438790593410574
448,1.42,0.74,1614.6573038187862,1138.0,15356.324505434373,0.01189,1610981932.9247947,14816159.298753044,Selsis,-0.44275254356997784,-0.6739030898758541,log,0.06422929336566761,3.1798625148958436e+23,0.6801786922540051,0.06422929336566761
449,1.42,0.74,1614.6573038187862,1138.0,4941.86599580731,0.01189,5079545605.247976,22818402.890319023,Jackson,-0.340168576804712,-0.7238698250652043,GP,0.1580672386068815,1.0355569920798804e+24,0.7327219320274669,0.1580672386068815
450,1.42,0.74,1614.6573038187862,1138.0,7653.453138810905,0.01189,3002996269.292017,81315588.56788215,Jackson,-0.4744337297687331,-0.7700153548317134,log,0.0631677930069664,1.2312045596125952e+23,0.005545809491142473,0.0631677930069664
451,1.42,0.74,1614.6573038187862,1138.0,3013.141258994187,0.01189,10342700352.127024,95943591.19623849,Jackson,-0.41238526635596,-0.727386398985713,log,0.062371449511970684,1.444132934332589e+24,0.9599148309618176,0.062371449511970684
452,1.42,0.74,1614.6573038187862,1138.0,6375.6794138457135,0.01189,3273377554.3206363,96443930.68844835,Selsis,-0.4892460506021252,-0.6550639625116755,log,0.1386215833026492,7.275655610512689e+23,0.8081691635092476,0.1386215833026492
453,1.42,0.74,1614.6573038187862,1138.0,3607.3889403209914,0.01189,5364696295.436628,5537275.765673833,Selsis,-0.29513049386835494,-0.7305789973562974,linear,0.08340402838839797,6.751507111545543e+23,0.4811524287587382,0.08340402838839797
454,1.42,0.74,1614.6573038187862,1138.0,15940.14855722545,0.01189,1339581634.1705039,56884399.51943708,Jackson,-0.39000994023420543,-0.687239370209893,log,0.06578789269493494,5.6294971538553126e+22,0.023193788599265575,0.06578789269493494
455,1.42,0.74,1614.6573038187862,1138.0,7981.09434784195,0.01189,2861889177.197503,32472288.112615168,Jackson,-0.3182827798760979,-0.6548164501703663,linear,0.3079237058240112,5.42286640631089e+23,0.6633803072121693,0.3079237058240112
456,1.42,0.74,1614.6573038187862,1138.0,5312.691606108366,0.01189,3810457241.1634364,37994565.11116043,Selsis,-0.32654677615097294,-0.7858354998411502,log,0.15538811624723,8.499691849256646e+23,0.7599026665838503,0.15538811624723
457,1.42,0.74,1614.6573038187862,1138.0,3942.397231332685,0.01189,4930922342.725665,1426764.407330066,Selsis,-0.3444300618161739,-0.6118655170326909,log,0.09062388035426974,7.917756131461263e+23,0.5866479830169463,0.09062388035426974
458,1.42,0.74,1614.6573038187862,1138.0,4137.192952570811,0.01189,6514577180.672727,23045236.430609927,Jackson,-0.47275362576428015,-0.7896355681103566,log,0.414590621533441,9.6634774320756e+23,0.9668801483565417,0.414590621533441
459,1.42,0.74,1614.6573038187862,1138.0,4316.425539183876,0.01189,4554494199.372009,83804145.74092087,Selsis,-0.41921738044925777,-0.7906944162929364,linear,0.2691587653334624,7.482940346389685e+23,0.7659028500113331,0.2691587653334624
460,1.42,0.74,1614.6573038187862,1138.0,5629.316209576015,0.01189,4320371001.164876,73300445.51139636,Jackson,-0.3391081271991288,-0.771377433633729,GP,0.17684055319801137,2.3008578490837777e+23,0.11464865530501867,0.17684055319801137
461,1.42,0.74,1614.6573038187862,1138.0,7360.285769818302,0.01189,3141361208.5365458,42121299.69458669,Jackson,-0.4273840713978225,-0.7369388270213277,log,0.10839772980689892,8.159774339101641e+23,0.9698034911709509,0.10839772980689892
462,1.42,0.74,1614.6573038187862,1138.0,4217.411936975921,0.01189,6339696599.283042,61569126.72368137,Jackson,-0.4225757952186034,-0.6865705815911465,GP,0.2986031816434983,5.2130187536953176e+23,0.30010750097297045,0.2986031816434983
463,1.42,0.74,1614.6573038187862,1138.0,8096.471173559239,0.01189,2815256991.684641,52627704.6491505,Jackson,-0.4526439521768285,-0.7521721115587989,GP,0.14224701226359393,2.8212075184788548e+23,0.3899607641935732,0.14224701226359393
464,1.42,0.74,1614.6573038187862,1138.0,4872.6566503914955,0.01189,5179598404.213056,33892176.64685497,Jackson,-0.40174138584613533,-0.7472794673427791,linear,0.2541733805055308,7.874917370562112e+23,0.646137899170428,0.2541733805055308
465,1.42,0.74,1614.6573038187862,1138.0,1401.4788579745489,0.01189,13710456566.007265,50064081.702034734,Selsis,-0.4936561307346742,-0.7470087434726922,linear,0.2533939159871956,9.842941679307717e+23,0.7229688882171879,0.2533939159871956
466,1.42,0.74,1614.6573038187862,1138.0,1839.5363967960052,0.01189,10309732228.169115,90111656.0727782,Selsis,-0.3689229571297664,-0.6139564894156018,log,0.10324596963520295,1.9616174256367076e+24,0.9231733037317078,0.10324596963520295
467,1.42,0.74,1614.6573038187862,1138.0,14780.776970451572,0.01189,1450050916.4499242,55129617.4993046,Jackson,-0.3599650173082384,-0.6450070511521601,log,0.09186467665048768,7.1486118167088325e+22,0.0905203523017103,0.09186467665048768
468,1.42,0.74,1614.6573038187862,1138.0,5442.042735337498,0.01189,3733675529.0956173,86142527.14324199,Selsis,-0.43149751662029323,-0.7972703886804245,log,0.06783504240919647,1.77545669081207e+23,0.06815919608644017,0.06783504240919647
469,1.42,0.74,1614.6573038187862,1138.0,4354.505430955586,0.01189,6059834263.8544655,65397952.92369095,Jackson,-0.4521404783522987,-0.7138938496906087,GP,0.0641001614015214,1.0913565929817335e+24,0.9843159512952553,0.0641001614015214
470,1.42,0.74,1614.6573038187862,1138.0,4872.705127542008,0.01189,5179527063.5507345,97767283.8651183,Jackson,-0.3368969409480259,-0.6274478635327302,linear,0.09160091150906187,8.116149093790642e+23,0.5841842279544558,0.09160091150906187
471,1.42,0.74,1614.6573038187862,1138.0,3320.04956306488,0.01189,8954822348.795319,66646258.414306775,Jackson,-0.41512906685977546,-0.7187270229971345,linear,0.1097491726568984,1.2286902042846342e+24,0.7928013391419825,0.1097491726568984
472,1.42,0.74,1614.6573038187862,1138.0,11912.795902792028,0.01189,1825656309.0180771,47716200.558434114,Jackson,-0.3534357016892922,-0.6521509111077802,log,0.2559327415476892,5.430696397455719e+23,0.8657867401579332,0.2559327415476892
473,1.42,0.74,1614.6573038187862,1138.0,1576.4653968735036,0.01189,12094738599.26194,80282262.4951767,Selsis,-0.4885390440589028,-0.6606448218065881,log,0.1200500623996017,7.218119705347922e+23,0.1989248291501453,0.1200500623996017
474,1.42,0.74,1614.6573038187862,1138.0,2331.3459425176234,0.01189,8145077059.137268,37470907.82273393,Selsis,-0.41934482124403516,-0.7346012045263024,log,0.22692242492561826,4.605810406540021e+23,0.14609559897569402,0.22692242492561826
475,1.42,0.74,1614.6573038187862,1138.0,8859.736828996105,0.01189,2540887485.4313636,41909206.296809524,Jackson,-0.4850437361047173,-0.7647433278383755,GP,0.21285454176054883,2.2253824177800508e+23,0.3304905143185657,0.21285454176054883
476,1.42,0.74,1614.6573038187862,1138.0,7557.167555748641,0.01189,3047100210.4574018,25596688.856085513,Jackson,-0.3162552276187557,-0.7870562346715659,GP,0.09179442541574709,9.503279615256752e+23,0.8973515123009126,0.09179442541574709
477,1.42,0.74,1614.6573038187862,1138.0,2844.0622643617476,0.01189,6736538371.992589,31724547.377964478,Selsis,-0.46442690596461483,-0.6544097705295151,linear,0.29244806996590944,6.603667400003545e+23,0.39962643794757224,0.29244806996590944
478,1.42,0.74,1614.6573038187862,1138.0,9291.793432123357,0.01189,2404572346.9340634,60646046.26579971,Selsis,-0.40112228531645616,-0.6866584681697208,GP,0.06499269606371573,2.277552389135843e+23,0.368372766541635,0.06499269606371573
479,1.42,0.74,1614.6573038187862,1138.0,3963.2732072471813,0.01189,6925386696.869674,69691344.47401017,Jackson,-0.3569784187770089,-0.7638747191813768,GP,0.07409209389576578,8.490505730761505e+23,0.4969770315305426,0.07409209389576578
480,1.42,0.74,1614.6573038187862,1138.0,200834.203550221,0.01189,256156826.02805823,71239271.89467527,Selsis,-0.4112404064851467,-0.696839080361599,linear,0.07981172095128113,2.6668383110197856e+22,0.5398668881160985,0.07981172095128113
481,1.42,0.74,1614.6573038187862,1138.0,20579.78297562627,0.01189,1030331923.596371,79339060.14117123,Jackson,-0.49015157314899965,-0.692365050562733,log,0.09678008941664404,1.9751070759929097e+23,0.6982617301809603,0.09678008941664404
482,1.42,0.74,1614.6573038187862,1138.0,7724.273621020368,0.01189,2971349229.8980265,8729030.007558746,Jackson,-0.31572212514633896,-0.767689606902326,GP,0.22842125902147378,1.5925478694789334e+23,0.11126485892192572,0.22842125902147378
483,1.42,0.74,1614.6573038187862,1138.0,10103.509145301114,0.01189,2191675831.685251,47431969.85471525,Jackson,-0.4144249394201324,-0.74538628079049,linear,0.13472827012706082,2.8735298814273936e+23,0.5079898852810524,0.13472827012706082
484,1.42,0.74,1614.6573038187862,1138.0,7490.733833766706,0.01189,2871132353.9614267,11533083.807498435,Selsis,-0.3599987916442152,-0.7418135292702034,GP,0.05772598611962042,1.7658728449853735e+23,0.17150259377116783,0.05772598611962042
485,1.42,0.74,1614.6573038187862,1138.0,2303.3666405220924,0.01189,8241378007.60078,56457132.3331209,Selsis,-0.40873555384977317,-0.6955930706266873,GP,0.18482618046112315,8.889131979310115e+23,0.5484190676514438,0.18482618046112315
486,1.42,0.74,1614.6573038187862,1138.0,6931.472846125819,0.01189,3367839275.1373625,19395825.347441833,Jackson,-0.2840645170298472,-0.7629062154325543,log,0.19855889162925053,6.563796624146574e+23,0.673160490600177,0.19855889162925053
487,1.42,0.74,1614.6573038187862,1138.0,3210.6957066958626,0.01189,9409016556.379196,90244430.02321129,Jackson,-0.36913986267706306,-0.7483348552469142,GP,0.07545857675317334,8.699582642945653e+23,0.36892813033050265,0.07545857675317334
488,1.42,0.74,1614.6573038187862,1138.0,5089.459403588203,0.01189,4887871852.349365,60795546.41580709,Jackson,-0.37002808362407336,-0.6513640907511017,GP,0.09462923778031694,4.939173349243561e+23,0.39081844777512775,0.09462923778031694
489,1.42,0.74,1614.6573038187862,1138.0,8065.391984465103,0.01189,2827670491.8209286,70789290.22593512,Jackson,-0.30424948022911025,-0.6939290133377469,linear,0.07558852180877569,6.140702972186916e+23,0.7286483820064035,0.07558852180877569
490,1.42,0.74,1614.6573038187862,1138.0,4899.427986886922,0.01189,5140472334.798084,97863051.22826476,Jackson,-0.3245369657939207,-0.6663259068811258,log,0.17414590021161455,3.5916471877611154e+23,0.23348669289192236,0.17414590021161455
491,1.42,0.74,1614.6573038187862,1138.0,5293.518871163766,0.01189,3822152762.8144693,49311291.42047334,Selsis,-0.45939697341792995,-0.7882478839090516,log,0.14187901513378523,4.3608782007886454e+23,0.4819011629318253,0.14187901513378523
492,1.42,0.74,1614.6573038187862,1138.0,8114.543182895439,0.01189,2808087976.4223995,89273478.3885005,Jackson,-0.37190006373823076,-0.6104640980449783,linear,0.09197083740652202,7.741389915084945e+23,0.8352877083955402,0.09197083740652202
493,1.42,0.74,1614.6573038187862,1138.0,3468.612887656255,0.01189,8397654692.756742,81745370.0850857,Jackson,-0.3764075032399748,-0.6536256424051089,linear,0.09320130760774882,1.0130382905314042e+24,0.469853102571694,0.09320130760774882
494,1.42,0.74,1614.6573038187862,1138.0,4199.388868906303,0.01189,6378240001.517767,29568449.430028003,Jackson,-0.47882892451066716,-0.7354524395128559,linear,0.37398317702933065,8.386056004255471e+23,0.7231652874235884,0.37398317702933065
495,1.42,0.74,1614.6573038187862,1138.0,4079.5123356795298,0.01189,6645820408.500108,64726905.51192035,Jackson,-0.42670042407713726,-0.7521743912541503,log,0.12834292831934357,6.926755187135876e+23,0.46553063630180436,0.12834292831934357
496,1.42,0.74,1614.6573038187862,1138.0,7073.627661618497,0.01189,3007561342.0311,79717926.10177083,Selsis,-0.3946656090333791,-0.7630263327255032,GP,0.44321521629923566,6.070087587339668e+23,0.7308424461365304,0.44321521629923566
497,1.42,0.74,1614.6573038187862,1138.0,4091.5269578367165,0.01189,4772526210.608758,4838303.525929377,Selsis,-0.3121790074374804,-0.6686096696295194,GP,0.08720745864884694,3.573753994391175e+23,0.2556651781882995,0.08720745864884694
498,1.42,0.74,1614.6573038187862,1138.0,4595.003991953941,0.01189,5619844543.48675,73443676.53392145,Jackson,-0.44215279988098743,-0.624174276240236,GP,0.164658635840879,1.1972002139119304e+24,0.8145974629322995,0.164658635840879
499,1.42,0.74,1614.6573038187862,1138.0,4349.14701386572,0.01189,6070349353.8158045,38213198.00136758,Jackson,-0.3844210310591402,-0.6381788006770659,log,0.3705061398603941,9.647502972536438e+23,0.5907942763704592,0.3705061398603941
500,1.42,0.74,1614.6573038187862,1138.0,3881.329972025507,0.01189,5001103804.817528,65111444.58745518,Selsis,-0.37879385681709415,-0.6290074415776031,linear,0.05893476213515163,6.955772280486032e+23,0.5299401567685907,0.05893476213515163
501,1.42,0.74,1614.6573038187862,1138.0,5658.733719122879,0.01189,4293078132.2090707,72599938.8955347,Jackson,-0.33876421071233653,-0.6210245784948102,GP,0.28444009921177016,2.2053200859173987e+23,0.09895831549840706,0.28444009921177016
502,1.42,0.74,1614.6573038187862,1138.0,6094.087420257934,0.01189,3924864598.6230135,35123922.88684955,Jackson,-0.45815194230924355,-0.7447254139678332,linear,0.1121028137299253,7.403527204073084e+23,0.8263172157958804,0.1121028137299253
503,1.42,0.74,1614.6573038187862,1138.0,13926.573762052913,0.01189,1544078487.6492167,66188553.98297848,Jackson,-0.3687140176610027,-0.6319685325704556,linear,0.1825516538174139,7.545925796488225e+22,0.08891878232347394,0.1825516538174139
504,1.42,0.74,1614.6573038187862,1138.0,8616.339623115662,0.01189,2622466315.3547573,23892206.349456538,Jackson,-0.3616164971143102,-0.6618865424223961,log,0.24447363514177356,9.410290733488495e+23,0.9804005294802279,0.24447363514177356
505,1.42,0.74,1614.6573038187862,1138.0,2576.752635379726,0.01189,7396225268.697453,4990259.814394327,Selsis,-0.42721617840456894,-0.7888779746223905,log,0.0694318268894431,4.1216715038315054e+23,0.14996889357016419,0.0694318268894431
506,1.42,0.74,1614.6573038187862,1138.0,3684.08855114974,0.01189,7692755581.165885,25101884.55979874,Jackson,-0.3148346664887384,-0.6197574882560358,log,0.06159374124297729,5.921463852204461e+23,0.26861493551819937,0.06159374124297729
507,1.42,0.74,1614.6573038187862,1138.0,4661.720120578214,0.01189,5507965508.539739,65530509.42620754,Jackson,-0.36427041769202556,-0.7232132245320564,linear,0.40304718835743564,1.1651788546611525e+24,0.8549316029698779,0.40304718835743564
508,1.42,0.74,1614.6573038187862,1138.0,8281.577566392703,0.01189,2743490650.9573817,53232160.770527124,Jackson,-0.4049358447125422,-0.6768187571861569,linear,0.30710961919012636,2.965617886147548e+23,0.4231695248237597,0.30710961919012636
509,1.42,0.74,1614.6573038187862,1138.0,8325.19907793183,0.01189,2727100339.3770213,84914184.50056425,Jackson,-0.3345319714302147,-0.6548570414872081,linear,0.3714145712568888,1.0158189841841121e+24,0.9894184032824974,0.3714145712568888
510,1.42,0.74,1614.6573038187862,1138.0,4678.043537949447,0.01189,5481208756.200476,31257571.42598785,Jackson,-0.34810256569874654,-0.6608104524360223,GP,0.059428341195725654,3.3423225342348566e+23,0.16850408784411597,0.059428341195725654
511,1.42,0.74,1614.6573038187862,1138.0,8745.407003380773,0.01189,2578573781.180951,87640219.75477357,Jackson,-0.3910994425968833,-0.68191809310494,linear,0.48946482888015225,2.2666339609103777e+23,0.33986759053201776,0.48946482888015225
512,1.42,0.74,1614.6573038187862,1138.0,5115.616187461204,0.01189,3934801721.2395244,76422574.49081647,Selsis,-0.4985861739180913,-0.7130599091819763,log,0.10846938331809444,5.319702079324526e+23,0.5814092701866023,0.10846938331809444
513,1.42,0.74,1614.6573038187862,1138.0,3675.8702408234562,0.01189,7717667634.363565,65925114.209581666,Jackson,-0.3577670121338808,-0.629826789678453,linear,0.20991784177585432,1.4035490759126506e+24,0.6743618707473973,0.20991784177585432
514,1.42,0.74,1614.6573038187862,1138.0,6586.947723540118,0.01189,3575536248.1555514,38982236.65248692,Jackson,-0.44116365149455433,-0.7763196970750593,GP,0.41613049516799017,2.992554268353638e+23,0.30831008282752614,0.41613049516799017
515,1.42,0.74,1614.6573038187862,1138.0,4012.3786477887397,0.01189,4855112621.326174,77470727.0235818,Selsis,-0.32884577999642234,-0.7939503954848011,GP,0.0693018733359978,4.045514874333251e+23,0.3086085511386518,0.0693018733359978
516,1.42,0.74,1614.6573038187862,1138.0,2273.120637639407,0.01189,8348363112.03016,92251188.39454769,Selsis,-0.4103814318071258,-0.7999713868695817,GP,0.08582399759832143,6.040866941206843e+23,0.3551086388348551,0.08582399759832143
517,1.42,0.74,1614.6573038187862,1138.0,19919.66125862393,0.01189,1064991561.3559577,56133363.73663832,Jackson,-0.3063124282960288,-0.6035174931303304,linear,0.06057694637882107,2.3235948718232895e+23,0.7431786251984788,0.06057694637882107
518,1.42,0.74,1614.6573038187862,1138.0,7921.78337815482,0.01189,2886457594.65123,1083944.2045915413,Jackson,-0.3691789547072023,-0.6673308385001808,linear,0.27070107744055066,7.654970733771817e+23,0.8137101082583457,0.27070107744055066
519,1.42,0.74,1614.6573038187862,1138.0,14898.626380701831,0.01189,1648915564.9264507,16172128.616519647,Selsis,-0.36535973077392314,-0.7309822235963948,log,0.11433826580853323,5.5819008046092504e+23,0.914712511012058,0.11433826580853323
520,1.42,0.74,1614.6573038187862,1138.0,7034.988472624977,0.01189,3310289055.1882687,56006671.59779893,Jackson,-0.4146472709513187,-0.7611033156585112,log,0.3482603264168576,3.593263484106829e+23,0.42388217190254385,0.3482603264168576
521,1.42,0.74,1614.6573038187862,1138.0,3753.666922191057,0.01189,5163578680.318998,47059657.34869271,Selsis,-0.29828701213775255,-0.6319321417071548,log,0.11852683003122219,1.3198781649692554e+24,0.8136733758172141,0.11852683003122219
522,1.42,0.74,1614.6573038187862,1138.0,3961.080446194814,0.01189,6930864897.76644,4133401.172674452,Jackson,-0.342371183220593,-0.7446998186755226,log,0.3790059847760943,4.2428570933742315e+23,0.16797839413941795,0.3790059847760943
523,1.42,0.74,1614.6573038187862,1138.0,3099.51715095421,0.01189,6214317585.153657,68648784.23140834,Selsis,-0.42187457453835037,-0.7166075039465796,log,0.10433676827055816,7.685550392324448e+23,0.603885163025047,0.10433676827055816
524,1.42,0.74,1614.6573038187862,1138.0,1556.254526737759,0.01189,12260243727.440495,86766828.99493003,Selsis,-0.42760226024171794,-0.6405438010264496,log,0.07781408765944497,5.263942346522415e+23,0.016744831234032587,0.07781408765944497
525,1.42,0.74,1614.6573038187862,1138.0,6832.324927737325,0.01189,3093789100.461357,83414615.56227842,Selsis,-0.38046147114947976,-0.6237594438586898,log,0.41036206051517726,3.472107564145845e+23,0.4428209897198947,0.41036206051517726
526,1.42,0.74,1614.6573038187862,1138.0,5338.025345696591,0.01189,4609795624.757319,56248714.40427816,Jackson,-0.4354425169890639,-0.7294536337348324,log,0.06480775083697853,6.996620945657103e+23,0.6502231014028703,0.06480775083697853
527,1.42,0.74,1614.6573038187862,1138.0,5715.997453574686,0.01189,4240892083.7146215,56427780.30906704,Jackson,-0.32742325641760467,-0.76262017546817,linear,0.06340530841747237,8.60163885217632e+23,0.7035583657877995,0.06340530841747237
528,1.42,0.74,1614.6573038187862,1138.0,5628.606694516948,0.01189,4321033400.586759,77360186.91261476,Jackson,-0.2969552925797104,-0.688739791446746,linear,0.07621393070056613,7.351200101608022e+23,0.6194646542330066,0.07621393070056613
529,1.42,0.74,1614.6573038187862,1138.0,8210.557157835528,0.01189,2770595126.384553,12336270.595034739,Jackson,-0.389463147716657,-0.6692632134816738,GP,0.05415032046017234,3.561718292364106e+23,0.4918728886845032,0.05415032046017234
530,1.42,0.74,1614.6573038187862,1138.0,4067.904336674223,0.01189,4796835701.976324,73307554.12378196,Selsis,-0.4006600493697618,-0.7996042833096894,log,0.21284754128908862,9.860213874458737e+23,0.9512181048141068,0.21284754128908862
531,1.42,0.74,1614.6573038187862,1138.0,5072.696738072945,0.01189,4907786145.451352,66483248.28022908,Jackson,-0.3438669591615354,-0.7068203165676334,log,0.49783673414732094,4.263849693554374e+23,0.32568797475297473,0.49783673414732094
532,1.42,0.74,1614.6573038187862,1138.0,5040.7076472236,0.01189,3984585883.6573668,84582420.31221187,Selsis,-0.4509659418892342,-0.7859698564036355,GP,0.19350825040540623,2.6016963758156e+23,0.2050399624329089,0.19350825040540623
533,1.42,0.74,1614.6573038187862,1138.0,2960.4435970579334,0.01189,10620206937.258787,1003589.6640185609,Jackson,-0.377064907987551,-0.625253908670159,log,0.08839170444847401,1.842588503624463e+24,0.7240628003768053,0.08839170444847401
534,1.42,0.74,1614.6573038187862,1138.0,3708.770742851613,0.01189,5223523506.883243,61550584.968776256,Selsis,-0.4659555067446708,-0.6376863910323425,GP,0.18691317966601337,3.089517557477482e+23,0.15792328872627415,0.18691317966601337
535,1.42,0.74,1614.6573038187862,1138.0,3311.5850964985357,0.01189,8988564835.554075,72406929.39448,Jackson,-0.42127964370188387,-0.70309958917466,linear,0.05298714051836741,1.3712441355629797e+24,0.9218378581722266,0.05298714051836741
536,1.42,0.74,1614.6573038187862,1138.0,14803.95139784212,0.01189,1657033263.7802148,69005955.46081202,Selsis,-0.314443102088305,-0.6925261780036528,log,0.1113338956609162,5.692503526467511e+23,0.9352936850319992,0.1113338956609162
537,1.42,0.74,1614.6573038187862,1138.0,2757.366525585103,0.01189,6935583564.608056,89995891.37672552,Selsis,-0.3003767288622561,-0.6611812612687716,GP,0.1272017714185516,1.5384222217827624e+24,0.8190975062151261,0.1272017714185516
538,1.42,0.74,1614.6573038187862,1138.0,3833.5614111010145,0.01189,5060563848.297505,94210662.24754456,Selsis,-0.3104107192062139,-0.6184859806484475,log,0.4266746516319055,2.7081319404897233e+23,0.11748056104913596,0.4266746516319055
539,1.42,0.74,1614.6573038187862,1138.0,6769.988287174243,0.01189,3461633544.720444,73123770.41476478,Jackson,-0.47777031336957226,-0.617855742830583,GP,0.22594097684723746,7.451928458973347e+23,0.7339615813324799,0.22594097684723746
540,1.42,0.74,1614.6573038187862,1138.0,6083.754441242887,0.01189,3932894856.404386,6930028.257092,Jackson,-0.35416867870783697,-0.7022555004658773,GP,0.07209048308776056,1.1867462595710841e+24,0.9802695296610681,0.07209048308776056
541,1.42,0.74,1614.6573038187862,1138.0,3375.832957697681,0.01189,8738021088.701088,14339643.565785104,Jackson,-0.3370423082233652,-0.6502491932264819,GP,0.4807563423612475,4.764619601236363e+23,0.11817677775514912,0.4807563423612475
542,1.42,0.74,1614.6573038187862,1138.0,3557.7184515034464,0.01189,8092573508.595684,34582056.64600831,Jackson,-0.2932858927075354,-0.7028177819831813,linear,0.08196881110290478,6.593892660525754e+23,0.2937634139539248,0.08196881110290478
543,1.42,0.74,1614.6573038187862,1138.0,10497.030326055536,0.01189,2177189524.70823,41305618.502625026,Selsis,-0.3714881532638663,-0.755095932205873,GP,0.08624078669727098,9.889826815925175e+22,0.04645938637365987,0.08624078669727098
544,1.42,0.74,1614.6573038187862,1138.0,4440.935425427189,0.01189,5894697035.417056,72449173.23982868,Jackson,-0.3129858856657679,-0.7421360278336502,GP,0.19973434332546774,6.500433816159723e+23,0.4286999939607835,0.19973434332546774
545,1.42,0.74,1614.6573038187862,1138.0,5363.233931799025,0.01189,4583284853.557008,75230164.68796961,Jackson,-0.4780819453370233,-0.7479797178783066,linear,0.08939309162383151,7.546099576625052e+23,0.8185720056586857,0.08939309162383151
546,1.42,0.74,1614.6573038187862,1138.0,10882.62718456769,0.01189,2114621438.253354,33428562.688396838,Selsis,-0.39093643830269276,-0.6018509207960762,log,0.07368906787677981,7.926976988113054e+23,0.962090782950487,0.07368906787677981
547,1.42,0.74,1614.6573038187862,1138.0,6482.681506246063,0.01189,3229148027.2129416,31629991.911720276,Selsis,-0.3292349249251675,-0.7531255358747571,GP,0.3417847077231206,6.69446788592731e+23,0.7028329058649941,0.3417847077231206
548,1.42,0.74,1614.6573038187862,1138.0,4104.311758721368,0.01189,6588810524.47439,1802101.7669294777,Jackson,-0.3401211352430939,-0.6017020333637387,log,0.06730275441079302,5.067557736654397e+23,0.2669588298614256,0.06730275441079302
549,1.42,0.74,1614.6573038187862,1138.0,16748.347884204355,0.01189,1507458667.7309072,21108319.997197516,Selsis,-0.3583395400334105,-0.7182903689070135,log,0.35790239820884917,1.6702680441316978e+23,0.43151332627259686,0.35790239820884917
550,1.42,0.74,1614.6573038187862,1138.0,16163.847986138802,0.01189,1548920064.5530007,14824810.284795087,Selsis,-0.48895167410449153,-0.6359304185695852,log,0.08841840441005983,8.17871004386955e+22,0.10768082832283365,0.08841840441005983
551,1.42,0.74,1614.6573038187862,1138.0,9173.863564737076,0.01189,2429887966.216675,69061897.63852504,Selsis,-0.3175882959600785,-0.684017154466239,GP,0.2310639800019819,2.7767459934811765e+23,0.4513205049940948,0.2310639800019819
552,1.42,0.74,1614.6573038187862,1138.0,4500.708720779353,0.01189,4392133079.38361,61830348.00423769,Selsis,-0.4355685338661198,-0.7268771590602785,log,0.23117098224661864,6.998648472434293e+23,0.6976501070073664,0.23117098224661864
553,1.42,0.74,1614.6573038187862,1138.0,1899.5887779315763,0.01189,9979061776.68598,20948437.356806796,Selsis,-0.3272146665361317,-0.6356134224001779,log,0.12338046651159254,1.552953902736826e+24,0.6753198285814379,0.12338046651159254
554,1.42,0.74,1614.6573038187862,1138.0,3067.3590705645515,0.01189,6278084613.2020235,95982878.51085696,Selsis,-0.4226314539326662,-0.7823941815372673,linear,0.06686132435196265,7.502196061825017e+23,0.6567261271999174,0.06686132435196265
555,1.42,0.74,1614.6573038187862,1138.0,7503.11905622584,0.01189,3072419305.126489,65941022.27205562,Jackson,-0.4388687514226874,-0.7097244706020353,linear,0.1166631635085665,1.3557878412367516e+23,0.03498200688108133,0.1166631635085665
556,1.42,0.74,1614.6573038187862,1138.0,12383.595316941975,0.01189,1906460300.5873566,50966637.42923345,Selsis,-0.4213412024330225,-0.7373310913154285,log,0.07751730269714932,6.400520742953285e+23,0.952819442509666,0.07751730269714932
557,1.42,0.74,1614.6573038187862,1138.0,14577.39189471477,0.01189,1676855921.161586,32834101.621201027,Selsis,-0.30109795465404343,-0.698993321665507,GP,0.47406333755856206,1.620181147396866e+23,0.37450434029726265,0.47406333755856206
558,1.42,0.74,1614.6573038187862,1138.0,6392.47574502725,0.01189,3266340098.892497,16419757.86669639,Selsis,-0.4802572522428561,-0.6122317246473478,GP,0.3198604249798161,9.066959354173988e+23,0.8719287552306243,0.3198604249798161
559,1.42,0.74,1614.6573038187862,1138.0,5245.252666171251,0.01189,3851969043.2576146,75846285.57120816,Selsis,-0.2929271273148247,-0.6581341672548879,GP,0.22975874345687042,1.1298425171023878e+24,0.864125139653556,0.22975874345687042
560,1.42,0.74,1614.6573038187862,1138.0,12782.51814003903,0.01189,1858939860.8283126,24578167.98149811,Selsis,-0.4617742359213047,-0.7051400838067551,GP,0.14599892424631847,2.2427750778436454e+23,0.4681490922350827,0.14599892424631847
561,1.42,0.74,1614.6573038187862,1138.0,12985.359601256976,0.01189,1663130005.950774,15821590.917194396,Jackson,-0.4084553067337528,-0.7999264894486909,GP,0.08362319212217229,1.0237498754052762e+23,0.17426728809860104,0.08362319212217229
562,1.42,0.74,1614.6573038187862,1138.0,6659.939745110981,0.01189,3528866076.840312,49998323.54568451,Jackson,-0.49799512076778535,-0.6298755603884567,GP,0.0535120791103115,6.568364444681919e+23,0.6640121415650344,0.0535120791103115
563,1.42,0.74,1614.6573038187862,1138.0,6714.532574997884,0.01189,3495033033.6821327,77260660.95568645,Jackson,-0.3849146245197791,-0.7015720876369235,GP,0.30877899112605367,1.66829763604063e+23,0.06937874268285327,0.30877899112605367
564,1.42,0.74,1614.6573038187862,1138.0,2844.371928342629,0.01189,6735850338.427702,79116173.62952816,Selsis,-0.3197732847637514,-0.7348629144238888,log,0.17201965780554485,1.3949576573203967e+24,0.8637595092152021,0.17201965780554485
565,1.42,0.74,1614.6573038187862,1138.0,7838.075682746324,0.01189,2921846404.8793287,1099872.3246000882,Jackson,-0.46963845250791325,-0.7260962231991285,GP,0.18861999349182035,7.836164129860542e+23,0.999047535538585,0.18861999349182035
566,1.42,0.74,1614.6573038187862,1138.0,13543.485599780348,0.01189,1590389057.082971,17066202.45521695,Jackson,-0.3825444084658023,-0.7671947860225165,log,0.36019594009912365,3.0210091836403764e+23,0.6641825372286289,0.36019594009912365
567,1.42,0.74,1614.6573038187862,1138.0,4798.196389540104,0.01189,4156325069.7226896,30044631.545961827,Selsis,-0.46308708327326564,-0.713302574010318,linear,0.31360064949632765,6.299620732559098e+23,0.6470392902869897,0.31360064949632765
568,1.42,0.74,1614.6573038187862,1138.0,10871.565296352255,0.01189,2116357499.8433235,88215734.11244869,Selsis,-0.35073797288312925,-0.6735058535819989,linear,0.0818212258513354,6.692671402648446e+23,0.8994581673156833,0.0818212258513354
569,1.42,0.74,1614.6573038187862,1138.0,5814.366492009633,0.01189,4154045375.440476,55612075.91354901,Jackson,-0.34902544373869515,-0.6835560640049687,log,0.19774975717793708,3.864111683697635e+23,0.35528014190763424,0.19774975717793708
570,1.42,0.74,1614.6573038187862,1138.0,5484.918214109364,0.01189,3709012291.4192996,38689532.992663,Selsis,-0.3757816855321755,-0.7856871075132618,linear,0.22464078620247427,1.5951140300445025e+23,0.018935821463770264,0.22464078620247427
571,1.42,0.74,1614.6573038187862,1138.0,13504.809385041472,0.01189,1595221461.8560276,65050685.60865858,Jackson,-0.3323246836881606,-0.662908141196099,GP,0.4533612223034048,3.184570642623002e+23,0.6991593269418511,0.4533612223034048
572,1.42,0.74,1614.6573038187862,1138.0,12146.001359246453,0.01189,1936161054.499331,89542226.3399692,Selsis,-0.44700044149340856,-0.7473432421229618,linear,0.09794687993632308,5.782846756653045e+23,0.9161314109894143,0.09794687993632308
573,1.42,0.74,1614.6573038187862,1138.0,5757.07653927943,0.01189,4204202743.4879737,71887714.6036738,Jackson,-0.41452247991177754,-0.7553321160902099,linear,0.21929911535352312,5.428520923743162e+23,0.5167029196500832,0.21929911535352312
574,1.42,0.74,1614.6573038187862,1138.0,9063.175458563812,0.01189,2476452487.3008184,27312112.998692773,Jackson,-0.41836464709736737,-0.6049517305730522,GP,0.4336417506633009,5.1439254635354993e+23,0.7031293323522813,0.4336417506633009
575,1.42,0.74,1614.6573038187862,1138.0,5721.30307163785,0.01189,3579564989.517702,32357922.495754678,Selsis,-0.3620558341284943,-0.6879698585966699,log,0.09736165719694678,7.732681865970645e+23,0.7392895647118154,0.09736165719694678
576,1.42,0.74,1614.6573038187862,1138.0,2334.293882068143,0.01189,8135075608.778896,6668210.495467644,Selsis,-0.30207212542370576,-0.7171642502045601,linear,0.09423242557314716,1.086230020430701e+24,0.5437787296731527,0.09423242557314716
577,1.42,0.74,1614.6573038187862,1138.0,3861.660002315393,0.01189,7187921577.651096,36122246.32042252,Jackson,-0.4706969384604143,-0.691264359386525,log,0.4133599711586605,3.199297538326675e+23,0.031487654682759936,0.4133599711586605
578,1.42,0.74,1614.6573038187862,1138.0,4748.596883278699,0.01189,5368239525.178987,49360500.43868097,Jackson,-0.4489568126345779,-0.7661143328499996,GP,0.2212819334455507,5.592709820526631e+23,0.4498253266455913,0.2212819334455507
579,1.42,0.74,1614.6573038187862,1138.0,4185.746135319722,0.01189,6407699815.150805,33808373.051986486,Jackson,-0.3189450915690388,-0.6399519438627094,GP,0.11324626460447251,6.09976059359901e+23,0.3617564706438552,0.11324626460447251
580,1.42,0.74,1614.6573038187862,1138.0,3764.637821058031,0.01189,7456065793.746525,15319600.00979466,Jackson,-0.28014526412533564,-0.7783611576843593,log,0.10551937475868241,3.3892223433584096e+23,0.03933191310443229,0.10551937475868241
581,1.42,0.74,1614.6573038187862,1138.0,9905.527518576315,0.01189,2282171738.10343,97755146.17281292,Selsis,-0.38734985763119206,-0.6722604612823091,GP,0.299701556498208,4.430172161997977e+23,0.6879334803261127,0.299701556498208
582,1.42,0.74,1614.6573038187862,1138.0,6789.0455840711575,0.01189,3450299536.398734,84509042.56277245,Jackson,-0.4856178838114007,-0.6989086282475498,GP,0.4353302252378967,1.848598065577657e+23,0.12060375789948252,0.4353302252378967
583,1.42,0.74,1614.6573038187862,1138.0,4000.259624385455,0.01189,6834151508.444708,39501688.37944749,Jackson,-0.4464973429733833,-0.7646842407145081,GP,0.08847008537717135,3.360329013333714e+23,0.07506306569875432,0.08847008537717135
584,1.42,0.74,1614.6573038187862,1138.0,6703.331423866836,0.01189,3501855821.219799,45968348.548812196,Jackson,-0.3460293968417122,-0.6606888489195064,GP,0.05873452164776428,1.490410375823291e+23,0.015594615534147538,0.05873452164776428
585,1.42,0.74,1614.6573038187862,1138.0,8989.521613475137,0.01189,2470737326.7148314,53012062.61778713,Selsis,-0.29470184910247393,-0.6950969949102024,GP,0.13647356455152593,1.936793933758269e+23,0.2845248106404342,0.13647356455152593
586,1.42,0.74,1614.6573038187862,1138.0,4155.2511916125,0.01189,4708337615.12522,64044323.37485804,Selsis,-0.4737177801357687,-0.7339995857287489,log,0.26450933083470596,3.3511196971856824e+23,0.2412556409505361,0.26450933083470596
587,1.42,0.74,1614.6573038187862,1138.0,2787.7191113203507,0.01189,11630267614.212374,7423041.538094919,Jackson,-0.49888382999745307,-0.7158054520457492,GP,0.3557367006301039,7.33717779565899e+23,0.22264866550004447,0.3557367006301039
588,1.42,0.74,1614.6573038187862,1138.0,3268.278118543738,0.01189,5901621316.28168,76336308.03499424,Selsis,-0.29105677927779605,-0.6457662496833264,log,0.14413222828710257,3.3374844070830575e+23,0.13895040994291108,0.14413222828710257
589,1.42,0.74,1614.6573038187862,1138.0,18818.51442201078,0.01189,1379820514.4693327,10113475.240266249,Selsis,-0.37022309187525715,-0.799836569337115,linear,0.4764223946685751,4.329007504172323e+23,0.8806089940944563,0.4764223946685751
590,1.42,0.74,1614.6573038187862,1138.0,7962.978351225475,0.01189,2731410442.871246,11496357.258353602,Selsis,-0.4441692688179548,-0.6454994585679552,GP,0.2448369794878946,5.8419835396919725e+23,0.7163250389857954,0.2448369794878946
591,1.42,0.74,1614.6573038187862,1138.0,3985.635314036844,0.01189,6869963924.796323,38513159.459970735,Jackson,-0.425425170079056,-0.7086740846725269,linear,0.0801415110547425,5.07042895172817e+23,0.25138010209200046,0.0801415110547425
592,1.42,0.74,1614.6573038187862,1138.0,4356.0677171816615,0.01189,4518406175.251176,52399286.365590125,Selsis,-0.3203019702265061,-0.6249161522732515,GP,0.2054733319155479,4.059668485598363e+23,0.3394195248454175,0.2054733319155479
593,1.42,0.74,1614.6573038187862,1138.0,2228.3230298419703,0.01189,8512601107.296306,25659759.57963288,Selsis,-0.2852156662493326,-0.6093474961816372,GP,0.3306181146743713,9.55736647786004e+23,0.4324353817017563,0.3306181146743713
594,1.42,0.74,1614.6573038187862,1138.0,4507.393675387042,0.01189,5773197745.879735,97830795.00257143,Jackson,-0.36923179344791174,-0.6343728935828368,log,0.11890976246988756,5.310831697764898e+23,0.3520169349832972,0.11890976246988756
595,1.42,0.74,1614.6573038187862,1138.0,27158.24857255554,0.01189,781406721.9751751,61151974.6525543,Jackson,-0.3959714082651767,-0.6887497358275718,log,0.12132508575966137,7.1177969865049005e+22,0.3757078105948988,0.12132508575966137
596,1.42,0.74,1614.6573038187862,1138.0,8019.725690540386,0.01189,2846107048.723298,46198444.26921473,Jackson,-0.4762826112066409,-0.7843300074165456,linear,0.13026003387729723,6.445120548912432e+23,0.9080475104398865,0.13026003387729723
597,1.42,0.74,1614.6573038187862,1138.0,7143.137010938027,0.01189,3252186200.7441754,8473777.26707057,Jackson,-0.4126967883870964,-0.7884647319780718,GP,0.08853726799609084,2.6337133585669354e+23,0.29037450553083366,0.08853726799609084
598,1.42,0.74,1614.6573038187862,1138.0,9411.185731217485,0.01189,2373382021.9378214,81815786.52163988,Jackson,-0.43524270886855226,-0.6504553471545463,GP,0.41250026374233034,5.092423899045514e+23,0.7277386293013831,0.41250026374233034
599,1.42,0.74,1614.6573038187862,1138.0,9098.833070980167,0.01189,2465486924.576675,79923798.41009268,Jackson,-0.377843390106072,-0.6969427486288858,linear,0.07503130633085876,2.1518754886683652e+23,0.3360745685850418,0.07503130633085876
600,1.42,0.74,1614.6573038187862,1138.0,4302.468344047867,0.01189,4567358797.904898,87493164.44725055,Selsis,-0.2960015734040966,-0.6270443468624847,linear,0.2234788576399025,3.2188170280883975e+23,0.23727964509077903,0.2234788576399025
601,1.42,0.74,1614.6573038187862,1138.0,5558.5773500827745,0.01189,4387388852.876223,96458562.87930363,Jackson,-0.32173490247000713,-0.6812511098375973,log,0.12072879476114834,4.4550562224173286e+23,0.3971500732282115,0.12072879476114834
602,1.42,0.74,1614.6573038187862,1138.0,9053.175864348139,0.01189,2456451115.1451864,10136280.540572908,Selsis,-0.32748127136710753,-0.7595541076275656,GP,0.4395736010885642,1.1186595872069266e+23,0.041033943242847815,0.4395736010885642
603,1.42,0.74,1614.6573038187862,1138.0,8045.608528723182,0.01189,2835628591.2157755,71624018.91438979,Jackson,-0.4310244664467742,-0.6326172755826761,linear,0.05777242045544608,7.538753074366065e+23,0.8389047655408985,0.05777242045544608
604,1.42,0.74,1614.6573038187862,1138.0,3214.0096059262055,0.01189,5998352159.166962,99476939.60776594,Selsis,-0.3376591139995323,-0.7357378800565447,log,0.06719358864018701,9.664265451445266e+23,0.6703776232129308,0.06719358864018701
605,1.42,0.74,1614.6573038187862,1138.0,4116.5437559601305,0.01189,4747088500.501635,20001866.706643354,Selsis,-0.43534583262871945,-0.718165444053954,linear,0.061929282554808805,8.147020992517635e+23,0.7694406259903563,0.061929282554808805
606,1.42,0.74,1614.6573038187862,1138.0,5245.18922752177,0.01189,4710020300.823811,88568501.93785512,Jackson,-0.34497697882770806,-0.6037090255139006,log,0.055187881645872475,3.433057338569335e+23,0.2517509724141238,0.055187881645872475
607,1.42,0.74,1614.6573038187862,1138.0,2248.8143284484186,0.01189,8436596117.9175,93273489.80043757,Selsis,-0.41810864500296546,-0.6680767150587271,linear,0.25005809087597075,1.147874145751712e+24,0.7360810442731136,0.25005809087597075
608,1.42,0.74,1614.6573038187862,1138.0,3990.2826418332206,0.01189,4878758734.761836,44713468.51881752,Selsis,-0.3019855271117798,-0.7983264490695912,GP,0.1027910963871353,9.964119968424542e+23,0.7258699426777928,0.1027910963871353
609,1.42,0.74,1614.6573038187862,1138.0,1486.4341011609413,0.01189,12871638475.265095,96003841.44000645,Selsis,-0.3505818925095767,-0.7261585236627262,linear,0.46683683189255765,1.5812353817318172e+24,0.8452771682934548,0.46683683189255765
610,1.42,0.74,1614.6573038187862,1138.0,13641.4550938506,0.01189,1765535740.4549103,80999727.04582973,Selsis,-0.4826065534426292,-0.7378938234550716,linear,0.43473413193404886,2.4438262317259456e+23,0.5424383651831869,0.43473413193404886
611,1.42,0.74,1614.6573038187862,1138.0,8279.220238258222,0.01189,2744381922.4493623,81787448.3464729,Jackson,-0.3045874773341477,-0.7070728771750865,log,0.3281730179749425,9.082184433929772e+23,0.9150178957817672,0.3281730179749425
612,1.42,0.74,1614.6573038187862,1138.0,5481.71614212773,0.01189,3710841097.4195743,79055379.3553727,Selsis,-0.4068019978177468,-0.771681176659459,log,0.3309510825976839,1.5714892446672822e+23,0.017039539741821264,0.3309510825976839
613,1.42,0.74,1614.6573038187862,1138.0,4925.52815692733,0.01189,5102844194.146892,41247037.62385396,Jackson,-0.3909805307008415,-0.7497530828177391,log,0.23033707424078428,5.1204603909007596e+23,0.3858743504540657,0.23033707424078428
614,1.42,0.74,1614.6573038187862,1138.0,4315.908474595914,0.01189,6136323307.839815,38472456.38917221,Jackson,-0.37754589918309894,-0.7384442697717608,GP,0.08996340501232261,1.2740176220073514e+24,0.9546381969026011,0.08996340501232261
615,1.42,0.74,1614.6573038187862,1138.0,2967.9787368324573,0.01189,6473256721.060701,56900821.572172575,Selsis,-0.28532131328821103,-0.6833449426381556,log,0.051955250707128545,1.4110067097618523e+24,0.7721697632385811,0.051955250707128545
616,1.42,0.74,1614.6573038187862,1138.0,2292.7981504555164,0.01189,8278413857.294654,86351399.63956001,Selsis,-0.34062101853815907,-0.7805864055258426,linear,0.4435169999721663,3.641512083818908e+23,0.028736843806478785,0.4435169999721663
617,1.42,0.74,1614.6573038187862,1138.0,2379.1668341062104,0.01189,7986128793.9636,36757015.66413875,Selsis,-0.3039867083473519,-0.6912427442964669,linear,0.2693589767962928,1.7820624045005564e+24,0.9159567791000965,0.2693589767962928
618,1.42,0.74,1614.6573038187862,1138.0,5058.319656659844,0.01189,3972749706.802606,72635005.97157495,Selsis,-0.3261936377529357,-0.6419188781442441,GP,0.0789232510869309,1.3401826950073379e+24,0.9800076611059253,0.0789232510869309
619,1.42,0.74,1614.6573038187862,1138.0,18202.22511238395,0.01189,1415024744.3875844,18458634.53613417,Selsis,-0.47146278583037793,-0.6321412685853726,GP,0.28949032967294686,8.502715804512967e+22,0.16534450766535058,0.28949032967294686
620,1.42,0.74,1614.6573038187862,1138.0,6292.917426303444,0.01189,3776294278.5076475,7887784.561820492,Jackson,-0.3889535108545365,-0.6678736250040194,linear,0.3922923946957201,7.625637649824758e+23,0.7000235988764276,0.3922923946957201
621,1.42,0.74,1614.6573038187862,1138.0,3214.107586975387,0.01189,9394224037.31307,1623043.4301176588,Jackson,-0.41983163974577503,-0.7653287829971154,linear,0.3362650255106966,9.217285142314975e+23,0.5215330622377378,0.3362650255106966
622,1.42,0.74,1614.6573038187862,1138.0,4436.64225710365,0.01189,5902705914.393426,59394985.09222714,Jackson,-0.37712917227995973,-0.6222937034724696,log,0.06939548558749241,5.067279100825691e+23,0.31896417238451147,0.06939548558749241
623,1.42,0.74,1614.6573038187862,1138.0,5271.019322595068,0.01189,4681716712.589559,23363178.21648096,Jackson,-0.4719845152487278,-0.6337887505670365,log,0.12091319407610762,6.003314428781367e+23,0.49100698848115376,0.12091319407610762
624,1.42,0.74,1614.6573038187862,1138.0,4649.9508715267975,0.01189,4270074195.767985,78408835.33192463,Selsis,-0.40274340886022914,-0.6515344878286652,GP,0.050127682644251624,4.080217722452792e+23,0.36914507735737934,0.050127682644251624
625,1.42,0.74,1614.6573038187862,1138.0,4924.986035067666,0.01189,5103620636.8550825,37972455.006360196,Jackson,-0.34015572181732956,-0.7031895358685074,log,0.08554143015906678,1.0358571496605617e+24,0.7221406634926577,0.08554143015906678
626,1.42,0.74,1614.6573038187862,1138.0,4764.641701765023,0.01189,4181454761.051668,30052206.710757717,Selsis,-0.3979766717439546,-0.6621215120450157,GP,0.4945859555216396,2.0171830632186197e+23,0.06739880799881148,0.4945859555216396
627,1.42,0.74,1614.6573038187862,1138.0,12019.117463150626,0.01189,1807897338.4831407,63471282.77588489,Jackson,-0.49292043907874256,-0.6585043921951524,log,0.07083136557664381,3.274585334499892e+23,0.6543520907070217,0.07083136557664381
628,1.42,0.74,1614.6573038187862,1138.0,3561.813831175762,0.01189,8079031877.526069,8568861.289727755,Jackson,-0.49305467781019874,-0.7298737265159179,linear,0.05362492393410471,7.018170685218977e+23,0.41508141542498567,0.05362492393410471
629,1.42,0.74,1614.6573038187862,1138.0,2221.7071881665893,0.01189,8537464810.688764,84142263.89626084,Selsis,-0.4631718033625526,-0.6751031266320953,linear,0.3195754999664113,1.0577723865470703e+24,0.7385461941045418,0.3195754999664113
630,1.42,0.74,1614.6573038187862,1138.0,14517.281709894574,0.01189,1477792621.5521712,35926342.3190475,Jackson,-0.3501700508905386,-0.6709762699522005,linear,0.1114349322341273,1.870967237212497e+23,0.49398954056913236,0.1114349322341273
631,1.42,0.74,1614.6573038187862,1138.0,4098.218579267831,0.01189,4765691350.042679,38131575.288811766,Selsis,-0.35795261295246594,-0.6765337205209635,linear,0.4381635457487704,6.640909525121341e+23,0.5311197352863801,0.4381635457487704
632,1.42,0.74,1614.6573038187862,1138.0,1907.0497609312094,0.01189,9939587672.270046,64015393.320938006,Selsis,-0.41793833743526204,-0.6055547546381216,GP,0.08479932389222429,8.758579744151831e+23,0.3304120451613123,0.08479932389222429
633,1.42,0.74,1614.6573038187862,1138.0,5802.822887788911,0.01189,3537325188.353077,20608711.91249173,Selsis,-0.3317039639735216,-0.6969991012282925,log,0.32789952526542704,3.606400671388395e+23,0.391784962185437,0.32789952526542704
634,1.42,0.74,1614.6573038187862,1138.0,2805.762263344269,0.01189,6822871039.180283,62771846.30596003,Selsis,-0.398081827750983,-0.61396394860383,linear,0.446158882475803,4.9375933401859784e+23,0.24441059324223535,0.446158882475803
635,1.42,0.74,1614.6573038187862,1138.0,8576.462738270782,0.01189,2568379756.0893073,96930620.11170878,Selsis,-0.31170127503791734,-0.7009709990462303,GP,0.34230493141320634,8.910358053154648e+23,0.9414019717502173,0.34230493141320634
636,1.42,0.74,1614.6573038187862,1138.0,11075.119936398543,0.01189,2084939584.5886786,88650443.10116248,Selsis,-0.4443787560877335,-0.6243745957257444,log,0.08583613318034747,1.1910473328915184e+23,0.1565539195874367,0.08583613318034747
637,1.42,0.74,1614.6573038187862,1138.0,11184.02463641316,0.01189,1957410310.0584557,98773189.38743106,Jackson,-0.40209054920473547,-0.7356453812363971,linear,0.14143092528944354,8.920796675312387e+22,0.062057377477314324,0.14143092528944354
638,1.42,0.74,1614.6573038187862,1138.0,7834.384018666482,0.01189,2923426774.31315,32097137.984283406,Jackson,-0.3943846495844717,-0.6654256094123837,log,0.28139237568423303,1.8171615936689845e+23,0.17914428464545784,0.28139237568423303
639,1.42,0.74,1614.6573038187862,1138.0,3268.0205442212955,0.01189,9165899722.480265,91014474.50664707,Jackson,-0.340833093984085,-0.6213192368082725,linear,0.28734764516056327,4.2823401639847134e+23,0.054688363200721346,0.28734764516056327
640,1.42,0.74,1614.6573038187862,1138.0,4362.688577638015,0.01189,6043839854.2605,91834026.17222337,Jackson,-0.47741099556071204,-0.7194955990755264,linear,0.28878882032370434,5.607466552647866e+23,0.3832908336603148,0.28878882032370434
641,1.42,0.74,1614.6573038187862,1138.0,9460.083355571987,0.01189,2359575849.748593,72936814.90348296,Jackson,-0.4170028840016983,-0.691740202592248,GP,0.42751793859597864,4.695502686479409e+23,0.6938732518927188,0.42751793859597864
642,1.42,0.74,1614.6573038187862,1138.0,6130.383355678977,0.01189,3896906710.7151804,90263164.62182802,Jackson,-0.43921915440178344,-0.7376964427107958,linear,0.10990698789016672,2.510716084461361e+23,0.2001037365631706,0.10990698789016672
643,1.42,0.74,1614.6573038187862,1138.0,3294.31749454084,0.01189,5856412141.545259,69737589.23652281,Selsis,-0.40996227753121267,-0.6114987004729107,GP,0.0983975626381725,8.543130242385665e+23,0.5593036856622854,0.0983975626381725
644,1.42,0.74,1614.6573038187862,1138.0,5699.4602489884,0.01189,4255836897.0793605,86891066.76805606,Jackson,-0.3049793819783084,-0.7333043036401308,linear,0.4479141523496416,2.0374573750938036e+23,0.06991062283340077,0.4479141523496416
645,1.42,0.74,1614.6573038187862,1138.0,4329.611376043049,0.01189,6108967680.228244,90722038.99574085,Jackson,-0.3197728445233326,-0.6919132198899288,log,0.06120307030150691,3.914406750312003e+23,0.19404438486742415,0.06120307030150691
646,1.42,0.74,1614.6573038187862,1138.0,8114.363941996944,0.01189,2808158903.268305,46868136.34076291,Jackson,-0.40314801462053923,-0.6854992239812119,linear,0.24393758037797877,2.1610486231419676e+23,0.2744007409486361,0.24393758037797877
647,1.42,0.74,1614.6573038187862,1138.0,5439.627348973822,0.01189,3735076317.212109,6757378.878319452,Selsis,-0.35043379316293094,-0.6715939150165189,log,0.22879413313283625,1.2051109166117974e+24,0.9820174000832607,0.22879413313283625
648,1.42,0.74,1614.6573038187862,1138.0,13763.836020894005,0.01189,1563413388.2505486,81254953.61471805,Jackson,-0.4136902315344264,-0.7938146355937329,log,0.10873025839158347,1.4273204706820183e+23,0.36447520782315457,0.10873025839158347
649,1.42,0.74,1614.6573038187862,1138.0,4347.078483143244,0.01189,4526531618.087223,74365772.1021548,Selsis,-0.39913698348020327,-0.7432090052868908,linear,0.10889921913128886,7.604836619651864e+23,0.7156210482305077,0.10889921913128886
650,1.42,0.74,1614.6573038187862,1138.0,3139.848799987177,0.01189,9725884142.83761,99028978.24868609,Jackson,-0.4540081306169722,-0.6729678130045863,linear,0.05986378346354747,6.430740422065716e+23,0.20562488478370367,0.05986378346354747
651,1.42,0.74,1614.6573038187862,1138.0,6378.415587290364,0.01189,3715704356.883372,10971811.039241865,Jackson,-0.3068104446889929,-0.7680372955380244,log,0.053672799240889454,4.741093502575788e+23,0.48797000297971027,0.053672799240889454
652,1.42,0.74,1614.6573038187862,1138.0,4199.675219613777,0.01189,6377624298.0445795,57085515.310090035,Jackson,-0.3162464409207331,-0.60752604768533,GP,0.06391960538430991,1.6475954847567234e+24,0.812801564275941,0.06391960538430991
653,1.42,0.74,1614.6573038187862,1138.0,8926.239459102206,0.01189,2485132655.9269366,20980680.687940672,Selsis,-0.4443239549453104,-0.6407295239920864,log,0.053241050711961266,3.317815795226792e+23,0.5100331243296999,0.053241050711961266
654,1.42,0.74,1614.6573038187862,1138.0,36225.60149078436,0.01189,590960506.7617803,38074302.047663115,Jackson,-0.4814200277535767,-0.6713773809676453,GP,0.23580444056380406,1.5290390563783475e+23,0.8226311681081797,0.23580444056380406
655,1.42,0.74,1614.6573038187862,1138.0,6552.625969105271,0.01189,3597897083.04362,75307154.97127219,Jackson,-0.490814336650145,-0.7344328186988734,GP,0.33963154170597226,5.3183659654560885e+23,0.6221886418185348,0.33963154170597226
656,1.42,0.74,1614.6573038187862,1138.0,3157.184689254506,0.01189,6103447175.123636,63863883.69226696,Selsis,-0.45740981939090203,-0.7374507190933344,GP,0.16187129408151463,2.9444233452939634e+23,0.06884162062468502,0.16187129408151463
657,1.42,0.74,1614.6573038187862,1138.0,2261.757624033311,0.01189,8389355913.266632,73709672.4835196,Selsis,-0.4157291236212762,-0.7027596533212819,log,0.34820357539102986,1.2017464930189699e+24,0.8722236794823204,0.34820357539102986
658,1.42,0.74,1614.6573038187862,1138.0,3425.261015804981,0.01189,8553669720.782976,26396335.359023932,Jackson,-0.3033660601524032,-0.7324227982829801,log,0.4982741067481035,2.0468783955433137e+24,0.9396876420035888,0.4982741067481035
659,1.42,0.74,1614.6573038187862,1138.0,4616.734412008022,0.01189,4296559193.022929,21765800.02666707,Selsis,-0.3130568091406083,-0.7190865820075207,log,0.07335185088698894,5.3226283749221523e+23,0.4760593585234518,0.07335185088698894
660,1.42,0.74,1614.6573038187862,1138.0,13953.79145675264,0.01189,1540891960.1617372,76051962.66822639,Jackson,-0.45669628390956496,-0.6315030075033452,GP,0.3442729608798782,1.2686955456385274e+23,0.3184155683436697,0.3442729608798782
661,1.42,0.74,1614.6573038187862,1138.0,33230.429751762116,0.01189,642398691.2868861,63924797.6649058,Jackson,-0.45363937474780425,-0.6222384478270112,log,0.35943427944940304,1.2039895289577689e+23,0.6991872889171104,0.35943427944940304
662,1.42,0.74,1614.6573038187862,1138.0,4650.221443473652,0.01189,4269860005.450698,54807211.54594936,Selsis,-0.48465812934557634,-0.6404270199256471,GP,0.19789613258360722,4.937811798468265e+23,0.4496236519489286,0.19789613258360722
663,1.42,0.74,1614.6573038187862,1138.0,3206.0219084962364,0.01189,6012884815.533184,27397172.31620162,Selsis,-0.2828573621867743,-0.6949644841618604,GP,0.16216996807729006,3.032390314476915e+23,0.08553390541626049,0.16216996807729006
664,1.42,0.74,1614.6573038187862,1138.0,9478.733290165956,0.01189,2354351829.40203,29180006.388819713,Jackson,-0.44911942356765633,-0.7160015282303919,linear,0.1639353483375322,6.875290658628817e+23,0.9588645567412928,0.1639353483375322
665,1.42,0.74,1614.6573038187862,1138.0,8778.867486218855,0.01189,2519427817.1603956,25004399.005394038,Selsis,-0.33925811406316586,-0.7233569166340453,log,0.4575619037539754,3.0005272957464802e+23,0.46107574993078304,0.4575619037539754
666,1.42,0.74,1614.6573038187862,1138.0,6877.9250392060385,0.01189,3398384933.382248,73849016.59480202,Jackson,-0.2958820785716532,-0.7488513902746704,GP,0.12014362167225988,1.0667183030758517e+24,0.8956257877811814,0.12014362167225988
667,1.42,0.74,1614.6573038187862,1138.0,4928.036700073464,0.01189,4062289934.9234486,55803256.74286365,Selsis,-0.2998392243495198,-0.6734027827364847,linear,0.06446266847095393,5.874041223673472e+23,0.547021630177382,0.06446266847095393
668,1.42,0.74,1614.6573038187862,1138.0,4562.617445799814,0.01189,5675660120.072051,62902453.311792925,Jackson,-0.44821333430059734,-0.6452810792045419,linear,0.06758465644523093,7.312215710666307e+23,0.4996201857299617,0.06758465644523093
669,1.42,0.74,1614.6573038187862,1138.0,11788.4096771101,0.01189,1846879119.5421455,19842431.45367018,Jackson,-0.40779036370020494,-0.7404194892607816,GP,0.07025196367911786,3.112155299398905e+23,0.6121623353441052,0.07025196367911786
670,1.42,0.74,1614.6573038187862,1138.0,10272.94719268098,0.01189,2215602908.1354165,50969154.55286312,Selsis,-0.3378491073725462,-0.7449575350258899,GP,0.12291038768578448,2.3025947438051733e+23,0.4076814258940795,0.12291038768578448
671,1.42,0.74,1614.6573038187862,1138.0,4668.368786930382,0.01189,4255550689.063404,86298739.7648923,Selsis,-0.28585048062020746,-0.6861980976330704,linear,0.12676307783065527,5.945329186953346e+23,0.5349661087421931,0.12676307783065527
672,1.42,0.74,1614.6573038187862,1138.0,7195.275629497997,0.01189,2966203450.6903644,50310189.60137982,Selsis,-0.3226503754648569,-0.7147003474156658,log,0.15050383196332967,2.9291490077626676e+23,0.3828181860489225,0.15050383196332967
673,1.42,0.74,1614.6573038187862,1138.0,2586.7927805845325,0.01189,13040910164.214853,16149436.334639922,Jackson,-0.41224305570437714,-0.742764541901878,GP,0.19938995556730493,1.2415844164300837e+24,0.5926361310363822,0.19938995556730493
674,1.42,0.74,1614.6573038187862,1138.0,2704.0906927654783,0.01189,7064607200.218,6130543.63064241,Selsis,-0.3181935539925882,-0.7251993847783738,linear,0.24599070231458825,1.4572805940112785e+24,0.8576980640332503,0.24599070231458825
675,1.42,0.74,1614.6573038187862,1138.0,7421.279501570935,0.01189,3111553173.539611,4707409.219072076,Jackson,-0.4299281728151631,-0.7998453461061839,log,0.20355377808756914,2.0231040531108604e+23,0.1945468695510013,0.20355377808756914
676,1.42,0.74,1614.6573038187862,1138.0,3827.43401340906,0.01189,7280496712.786216,9642597.220967889,Jackson,-0.4683553849885939,-0.6188203581074317,linear,0.08331557870260384,7.447761662134828e+23,0.39128868244248716,0.08331557870260384
677,1.42,0.74,1614.6573038187862,1138.0,3162.892255642638,0.01189,9620747239.017435,23665049.12947719,Jackson,-0.3769283659924974,-0.7435476553968683,log,0.21990897241139967,1.4377804882185125e+24,0.8373365193911589,0.21990897241139967
678,1.42,0.74,1614.6573038187862,1138.0,2906.4542218645515,0.01189,10918607693.891565,2149287.653435187,Jackson,-0.36361575522605716,-0.7712504822604019,log,0.19047687159352802,1.7401803926745835e+24,0.9928721319781049,0.19047687159352802
679,1.42,0.74,1614.6573038187862,1138.0,2739.638873483855,0.01189,11942368610.192343,37010376.02559886,Jackson,-0.4306570039904715,-0.6176286351755322,log,0.07695049476840302,1.7957039266015448e+24,0.6796539801121098,0.07695049476840302
680,1.42,0.74,1614.6573038187862,1138.0,5019.5117912041405,0.01189,4972013353.894306,25453484.943723574,Jackson,-0.3566430730114373,-0.7056140020239892,log,0.07441558978431786,2.2653405884265707e+23,0.041678579746841304,0.07441558978431786
681,1.42,0.74,1614.6573038187862,1138.0,3997.455668880918,0.01189,6840991670.8408375,55300116.02548381,Jackson,-0.31927220965985637,-0.7800719641916944,log,0.16260376794623368,8.09846613588776e+23,0.4576569988569239,0.16260376794623368
682,1.42,0.74,1614.6573038187862,1138.0,7639.444311867225,0.01189,2825951417.97349,30164176.75483965,Selsis,-0.39165633156243707,-0.6068563815244858,GP,0.3622772678695307,5.407259878805497e+23,0.6673214672750174,0.3622772678695307
683,1.42,0.74,1614.6573038187862,1138.0,5672.568171353516,0.01189,3605385690.077524,47686835.89371146,Selsis,-0.4037004728477715,-0.6329006515242385,GP,0.4073295184655907,7.100778836054396e+23,0.6867803103214991,0.4073295184655907
684,1.42,0.74,1614.6573038187862,1138.0,4496.189018352446,0.01189,5793361129.107088,70831120.75728047,Jackson,-0.3808560825846048,-0.6254730850810285,log,0.051772773468003554,4.9938860179671604e+23,0.32169889005648744,0.051772773468003554
685,1.42,0.74,1614.6573038187862,1138.0,8742.279432204266,0.01189,2528114838.9390597,17922195.97047924,Selsis,-0.4690184595672222,-0.7604217353337803,GP,0.05742048890095432,4.9250281153180516e+23,0.7066460031683468,0.05742048890095432
686,1.42,0.74,1614.6573038187862,1138.0,4253.852102679973,0.01189,4612830790.375123,10169067.22908901,Selsis,-0.2932879541797869,-0.6656354551178337,linear,0.32366202134232047,1.4104220798976784e+24,0.9083409865800917,0.32366202134232047
687,1.42,0.74,1614.6573038187862,1138.0,9385.911414781463,0.01189,2380581007.796874,14000341.687639277,Jackson,-0.4367668886504075,-0.7005976863812227,GP,0.11768749030892489,6.838346187756386e+23,0.9157538184107149,0.11768749030892489
688,1.42,0.74,1614.6573038187862,1138.0,3432.1233284713294,0.01189,5629275012.316897,44876207.62895557,Selsis,-0.2925417474656716,-0.6066461679247932,GP,0.49465265659961816,3.156388922806185e+23,0.13306242826502868,0.49465265659961816
689,1.42,0.74,1614.6573038187862,1138.0,3971.912425904866,0.01189,4898619947.690972,15420011.20340122,Selsis,-0.45187544347018477,-0.726687040933114,GP,0.05218377494404479,6.84881570235222e+23,0.6466114225492453,0.05218377494404479
690,1.42,0.74,1614.6573038187862,1138.0,5971.211903439276,0.01189,3454403123.246171,6770718.104338486,Selsis,-0.31863836634107623,-0.7793842214679668,log,0.18653143745831163,5.4673621550161e+23,0.5811052313193364,0.18653143745831163
691,1.42,0.74,1614.6573038187862,1138.0,6260.8716805994445,0.01189,3799499433.1863337,36851505.87271634,Jackson,-0.29609335194043196,-0.7032249928910406,linear,0.4274807541684275,5.9069465476824635e+23,0.5767178009806931,0.4274807541684275
692,1.42,0.74,1614.6573038187862,1138.0,18234.56172847998,0.01189,1165431605.506101,32233571.12207777,Jackson,-0.43614118544715363,-0.6671984489113334,log,0.13393184937405725,3.1242353281912345e+23,0.8212862696140343,0.13393184937405725
693,1.42,0.74,1614.6573038187862,1138.0,2687.806227080776,0.01189,7105156170.421393,68359545.735424,Selsis,-0.3504277589007049,-0.6322617561362412,log,0.24906237612414348,9.825836199827403e+23,0.541020757699105,0.24906237612414348
694,1.42,0.74,1614.6573038187862,1138.0,7548.342738764714,0.01189,3051206177.1319385,82100845.21863969,Jackson,-0.49503470046867265,-0.6629573726375018,log,0.09270772201246054,1.8743247317854256e+23,0.1810675740134855,0.09270772201246054
695,1.42,0.74,1614.6573038187862,1138.0,12639.093917991919,0.01189,1711744447.0802875,31373781.086250555,Jackson,-0.29830736030213306,-0.6128244706333048,linear,0.1210493139880364,6.954956695636326e+23,0.9977376818825661,0.1210493139880364
696,1.42,0.74,1614.6573038187862,1138.0,4274.1760886808015,0.01189,4593694940.572265,79813177.04496032,Selsis,-0.2809907865252528,-0.6146298577720076,GP,0.05571162447289452,1.561115354792225e+24,0.9405186230945114,0.05571162447289452
697,1.42,0.74,1614.6573038187862,1138.0,7829.1852763088955,0.01189,2770248322.3684807,46407930.0441538,Selsis,-0.399353744307605,-0.7794368089510076,GP,0.1736162174177146,3.3265598578684646e+23,0.46766202984086847,0.1736162174177146
698,1.42,0.74,1614.6573038187862,1138.0,5858.658845666905,0.01189,4116051824.8059883,21277218.190879904,Jackson,-0.4822727117435756,-0.6277185965226371,GP,0.21092236470994433,9.10315281386134e+23,0.785413122087102,0.21092236470994433
699,1.42,0.74,1614.6573038187862,1138.0,11754.905241874538,0.01189,1852679970.245738,16248810.666265193,Jackson,-0.3366192620474044,-0.7251489703047922,log,0.10643091391186484,5.389214792538446e+23,0.8483991832988954,0.10643091391186484
700,1.42,0.74,1614.6573038187862,1138.0,5849.72937677124,0.01189,3513543401.3075666,80229698.24686608,Selsis,-0.33766011813233016,-0.6181232411748151,log,0.22159250308566766,2.3864074113426136e+23,0.22287944539636384,0.22159250308566766
701,1.42,0.74,1614.6573038187862,1138.0,10005.773285136991,0.01189,2263546152.1118712,58777208.46147227,Selsis,-0.28123993426859256,-0.7803154229269164,linear,0.05747633498724941,1.2265255002620082e+23,0.12616184224710925,0.05747633498724941
702,1.42,0.74,1614.6573038187862,1138.0,10208.209713527289,0.01189,2166569578.419995,73104786.98079394,Jackson,-0.3646513321815657,-0.6731814600132392,GP,0.20099375149576343,4.018547944222333e+23,0.6640518361112087,0.20099375149576343
703,1.42,0.74,1614.6573038187862,1138.0,5636.203195191302,0.01189,4313951498.492183,25288897.31561611,Jackson,-0.3745647690498974,-0.7228589670525627,log,0.05340170034423064,7.782447830705706e+23,0.6695575819543481,0.05340170034423064
704,1.42,0.74,1614.6573038187862,1138.0,6722.710399503613,0.01189,3134879990.8786864,60811345.52796141,Selsis,-0.36064384877459044,-0.6689471533156855,GP,0.14679844369850797,7.973208860393209e+23,0.8096592615106932,0.14679844369850797
705,1.42,0.74,1614.6573038187862,1138.0,29026.170008302666,0.01189,732324848.3476586,77601533.66889243,Jackson,-0.3482979816266381,-0.7090811230166718,linear,0.31243257289194976,2.669884104686757e+23,0.9912829464972046,0.31243257289194976
706,1.42,0.74,1614.6573038187862,1138.0,2847.1347159452735,0.01189,6729718758.287672,36364360.475125015,Selsis,-0.4448104714032732,-0.680727036288885,log,0.4111749279413873,1.1620888937607432e+24,0.9171324023827225,0.4111749279413873
707,1.42,0.74,1614.6573038187862,1138.0,22019.03245189798,0.01189,1226334560.0386374,14418042.730127316,Selsis,-0.487030405939541,-0.6102991716841982,log,0.20185193833288034,2.0015193518657012e+23,0.5987354320768562,0.20185193833288034
708,1.42,0.74,1614.6573038187862,1138.0,5706.58684304846,0.01189,4249384105.8728294,98036382.76108673,Jackson,-0.37063236448959214,-0.6167644191815257,GP,0.051696030005521115,2.3217275925207813e+23,0.1284704938640272,0.051696030005521115
709,1.42,0.74,1614.6573038187862,1138.0,13085.94801751264,0.01189,1649526739.7680643,7927300.778059127,Jackson,-0.40111910429647657,-0.6998049961334868,linear,0.2774048124177125,5.0226599934427144e+23,0.8687253588762159,0.2774048124177125
710,1.42,0.74,1614.6573038187862,1138.0,4022.1719136793226,0.01189,6781121166.001768,30662949.75353197,Jackson,-0.4463081731061133,-0.7197941547377711,log,0.06989558126981929,7.638615005435573e+23,0.5182148966017526,0.06989558126981929
711,1.42,0.74,1614.6573038187862,1138.0,5324.362223419903,0.01189,4624288057.201744,55894451.11801748,Jackson,-0.34537376118082047,-0.6869357706451351,linear,0.061127640595819606,2.0074624915197478e+23,0.023732267566495602,0.061127640595819606
712,1.42,0.74,1614.6573038187862,1138.0,3591.6880314473597,0.01189,7981473250.961299,30668207.358756997,Jackson,-0.34240038745608325,-0.6598415127733857,log,0.21507394096643945,6.261278148681323e+23,0.2771002357570741,0.21507394096643945
713,1.42,0.74,1614.6573038187862,1138.0,4212.379273218982,0.01189,4652454545.281024,39240070.94085521,Selsis,-0.36746097517109827,-0.7992923658074682,GP,0.21427193891846955,5.6784648960694834e+23,0.4899242185764908,0.21427193891846955
714,1.42,0.74,1614.6573038187862,1138.0,3038.967379212016,0.01189,10211387717.004656,11628549.225290325,Jackson,-0.35889116708638985,-0.6455027348100573,GP,0.4117093322448852,1.3680281932746428e+24,0.5242100800544929,0.4117093322448852
715,1.42,0.74,1614.6573038187862,1138.0,5272.666974841164,0.01189,4679922364.093921,7948254.897999279,Jackson,-0.4821820330709022,-0.61981533940633,linear,0.2620194896615047,2.8441797841894806e+23,0.16530496100745073,0.2620194896615047
716,1.42,0.74,1614.6573038187862,1138.0,5515.0675423748,0.01189,4429612879.738286,84629459.34016542,Jackson,-0.343555256169999,-0.7916781052418216,linear,0.06285491485553626,1.879066585791663e+23,0.01680238938929013,0.06285491485553626
717,1.42,0.74,1614.6573038187862,1138.0,17869.445309064206,0.01189,1434959417.3598745,47154378.25932071,Selsis,-0.3109543652360805,-0.7751373218884647,GP,0.2289285855763213,4.6457785627781945e+23,0.9055783887432799,0.2289285855763213
718,1.42,0.74,1614.6573038187862,1138.0,4065.3991805239925,0.01189,4799430401.593627,47721095.35841068,Selsis,-0.3890542294415094,-0.7650461098579967,log,0.49001605748215166,4.8835321377205065e+23,0.40376418761633903,0.49001605748215166
719,1.42,0.74,1614.6573038187862,1138.0,2174.3450902039117,0.01189,8720263736.87479,30977739.787789084,Selsis,-0.41855129777504474,-0.7811083767946586,log,0.3051661157631507,5.9074911003726606e+23,0.31175117780447814,0.3051661157631507
720,1.42,0.74,1614.6573038187862,1138.0,4390.150229297903,0.01189,5990721597.665574,19457153.309607144,Jackson,-0.4854623482669836,-0.648301734838643,linear,0.07924036846881961,7.382645147398458e+23,0.4844800919836393,0.07924036846881961
721,1.42,0.74,1614.6573038187862,1138.0,2186.538939101329,0.01189,8672377835.783754,54237988.89854666,Selsis,-0.3392985332557175,-0.7519462024744356,log,0.07598915482808002,1.5432614553596174e+24,0.9457175086920285,0.07598915482808002
722,1.42,0.74,1614.6573038187862,1138.0,2874.8995934177146,0.01189,6668787745.5121155,39692797.74795921,Selsis,-0.31066144280632735,-0.6233802063369628,GP,0.12560320493173466,1.1008164211348221e+24,0.6056219936993047,0.12560320493173466
723,1.42,0.74,1614.6573038187862,1138.0,29763.75540090666,0.01189,714675663.4146134,79363094.59106135,Jackson,-0.42497442055867646,-0.6391918959260987,log,0.17410492346421302,2.4322650978574107e+23,0.9638718036642483,0.17410492346421302
724,1.42,0.74,1614.6573038187862,1138.0,12924.105171586672,0.01189,1842739466.1791956,32783899.223899838,Selsis,-0.47819153532234143,-0.7504002053727524,linear,0.3948024290966564,3.49679568355988e+23,0.666851918180934,0.3948024290966564
725,1.42,0.74,1614.6573038187862,1138.0,13192.343476866288,0.01189,1635381016.1652598,63772920.50755674,Jackson,-0.46827971121098805,-0.6221068075029852,linear,0.46984812477439325,1.4299466281368039e+23,0.3398239138672565,0.46984812477439325
726,1.42,0.74,1614.6573038187862,1138.0,4031.5080182207557,0.01189,4834852554.926812,19099212.8065853,Selsis,-0.28895359088634953,-0.7161164433009353,GP,0.19133757720600378,4.644098700665818e+23,0.365085549633704,0.19133757720600378
727,1.42,0.74,1614.6573038187862,1138.0,4211.549176285081,0.01189,4653255637.252182,75328751.21984598,Selsis,-0.30982487379140317,-0.7471945235570064,GP,0.41052581872253835,4.192353202051632e+23,0.34263735530681627,0.41052581872253835
728,1.42,0.74,1614.6573038187862,1138.0,4203.119455759825,0.01189,6370227043.632013,90164412.98742212,Jackson,-0.3233073605728808,-0.6733443117523017,linear,0.3001285742191741,6.083654783105569e+23,0.3670489302480463,0.3001285742191741
729,1.42,0.74,1614.6573038187862,1138.0,5919.7826005518555,0.01189,3479139052.8121142,67780230.29457104,Selsis,-0.45211984107917774,-0.7103445804364924,linear,0.09477944182583588,5.727142712388592e+23,0.6520194575339318,0.09477944182583588
730,1.42,0.74,1614.6573038187862,1138.0,7626.898616466016,0.01189,2829697850.6118307,49883951.90655973,Selsis,-0.44173186007458115,-0.7781310384690764,linear,0.08340008509419214,2.46164478724074e+23,0.328058006020691,0.08340008509419214
731,1.42,0.74,1614.6573038187862,1138.0,6411.985648387457,0.01189,3692425870.1089077,57631865.16554452,Jackson,-0.3258391878339578,-0.7450596006095062,linear,0.2324159022026051,2.145513513258658e+23,0.1518997943024778,0.2324159022026051
732,1.42,0.74,1614.6573038187862,1138.0,5813.178205199819,0.01189,4155073994.718359,86305282.5889035,Jackson,-0.3300772148182317,-0.7734552796553906,log,0.40125863008829205,1.150191763449735e+24,0.9221538721315484,0.40125863008829205
733,1.42,0.74,1614.6573038187862,1138.0,5764.46683504666,0.01189,4197667046.064851,61100555.40900439,Jackson,-0.42548283194171377,-0.7649478587750849,GP,0.08699237581810224,3.6689356252261054e+23,0.3287484253706622,0.08699237581810224
734,1.42,0.74,1614.6573038187862,1138.0,3973.306139774919,0.01189,6900421031.485168,90453242.15334527,Jackson,-0.49535381517359944,-0.6806159485756953,log,0.06464625254018354,9.867712570923457e+23,0.7494880274393637,0.06464625254018354
735,1.42,0.74,1614.6573038187862,1138.0,3373.4544914873804,0.01189,5723566826.968179,61932580.489133835,Selsis,-0.44246186063264903,-0.7886317695270436,GP,0.42465760543643094,3.556178586076545e+23,0.19096275566402743,0.42465760543643094
736,1.42,0.74,1614.6573038187862,1138.0,2786.0835460839758,0.01189,6868203437.2172785,73711749.31499524,Selsis,-0.33959115618969243,-0.6197727431762906,linear,0.47785480170570144,4.247282323146862e+23,0.17680250161790667,0.47785480170570144
737,1.42,0.74,1614.6573038187862,1138.0,15682.995916168897,0.01189,1362582180.011985,36687901.76069121,Jackson,-0.333044457038404,-0.7969396316145474,GP,0.4292723234321177,3.562804014737217e+23,0.8101313797126466,0.4292723234321177
738,1.42,0.74,1614.6573038187862,1138.0,4804.193626321162,0.01189,5282174312.0624695,99001977.19236052,Jackson,-0.45903537339861333,-0.763248531479391,log,0.21020391516849987,5.529471100295341e+23,0.4650046335014262,0.21020391516849987
739,1.42,0.74,1614.6573038187862,1138.0,10141.782903671412,0.01189,2182431514.8274407,50504366.560351215,Jackson,-0.3962105301893548,-0.6523293533024392,GP,0.2216851841927942,6.882489034998878e+23,0.9034163804893535,0.2216851841927942
740,1.42,0.74,1614.6573038187862,1138.0,4374.56108209477,0.01189,4501795121.1474495,75772006.06631108,Selsis,-0.29504131466507105,-0.6479507730162288,linear,0.0878493750441091,6.969886713646234e+23,0.5780603847017209,0.0878493750441091
741,1.42,0.74,1614.6573038187862,1138.0,3150.475848618896,0.01189,6116122335.853789,41497679.27890644,Selsis,-0.45421673971178295,-0.7063953834147806,GP,0.0589725803959733,8.469800308653868e+23,0.7184472855742902,0.0589725803959733
742,1.42,0.74,1614.6573038187862,1138.0,3472.1704602816408,0.01189,5566611227.585769,74540078.01238714,Selsis,-0.39587163522000607,-0.7367163635034081,GP,0.15808477339624646,7.579350423686928e+23,0.620786147787219,0.15808477339624646
743,1.42,0.74,1614.6573038187862,1138.0,4449.990931283481,0.01189,4435474978.290787,37502858.480231985,Selsis,-0.3592173906161716,-0.7956921306958145,GP,0.16859060145217594,5.717739028827334e+23,0.5068021782215463,0.16859060145217594
744,1.42,0.74,1614.6573038187862,1138.0,3377.7226110770594,0.01189,8730842259.794395,45577733.95017154,Jackson,-0.3175577631830001,-0.7830954561611163,log,0.2357727410602683,1.9308442383274357e+24,0.9892260179275741,0.2357727410602683
745,1.42,0.74,1614.6573038187862,1138.0,2183.8741499729904,0.01189,8682792977.053787,95467900.97402605,Selsis,-0.38669031584222746,-0.6439537275121644,log,0.08175047244627527,5.6518669105437694e+23,0.1991823661610932,0.08175047244627527
746,1.42,0.74,1614.6573038187862,1138.0,5808.612868449518,0.01189,3534369290.0571733,75901062.24438924,Selsis,-0.4161428774758912,-0.7121229670271856,GP,0.3875818815568881,6.974908372772771e+23,0.7516060762642708,0.3875818815568881
747,1.42,0.74,1614.6573038187862,1138.0,3909.142093883821,0.01189,7062965429.5309305,97584091.13803469,Jackson,-0.438471033575558,-0.7456040523062875,GP,0.11123324357877393,7.630181419449197e+23,0.5301287302432298,0.11123324357877393
748,1.42,0.74,1614.6573038187862,1138.0,6911.630234442248,0.01189,3379095347.471838,22245199.615576316,Jackson,-0.40574698314969254,-0.7212285347513565,log,0.23058806551952882,2.0517101424156787e+23,0.16703239402699788,0.23058806551952882
749,1.42,0.74,1614.6573038187862,1138.0,5670.839568282965,0.01189,3606309534.279005,10494100.305029407,Selsis,-0.43324254344552676,-0.7282604794872691,linear,0.3533603003233365,2.6365224154733476e+23,0.24608241900060035,0.3533603003233365
750,1.42,0.74,1614.6573038187862,1138.0,8397.167073649214,0.01189,2700477051.854509,87568941.41881154,Jackson,-0.4326353790405518,-0.7024552205978133,log,0.0999201735668937,1.6837845825247905e+23,0.19001073483455955,0.0999201735668937
751,1.42,0.74,1614.6573038187862,1138.0,5622.07448133692,0.01189,4327141043.245705,31267597.37280867,Jackson,-0.38769542471342455,-0.657426073184313,GP,0.1738463801005828,5.536188236272251e+23,0.4910077125253074,0.1738463801005828
752,1.42,0.74,1614.6573038187862,1138.0,18795.600391922362,0.01189,1381091481.9000585,91566972.12558177,Selsis,-0.3734697963140457,-0.7739806624041886,GP,0.22341470827778354,2.3893763685897673e+23,0.6487033061546503,0.22341470827778354
753,1.42,0.74,1614.6573038187862,1138.0,7763.302928118961,0.01189,2789586506.723524,91343608.1557622,Selsis,-0.48308421172961913,-0.668015197997484,linear,0.10220660435337721,6.806019428368562e+23,0.8425848795313676,0.10220660435337721
754,1.42,0.74,1614.6573038187862,1138.0,12464.617895633632,0.01189,1737345416.5652728,79903599.14065729,Jackson,-0.28468751921747504,-0.6888143765901493,linear,0.4855068366015869,2.10337086589713e+23,0.4843259053576787,0.4855068366015869
755,1.42,0.74,1614.6573038187862,1138.0,11702.486950598442,0.01189,1994648534.1058638,92701510.20420058,Selsis,-0.39460697746027157,-0.7378997997557287,log,0.06887774019626816,5.398412434248191e+23,0.8398588408790234,0.06887774019626816
756,1.42,0.74,1614.6573038187862,1138.0,3776.351314015771,0.01189,7422739374.892266,3125818.1068644878,Jackson,-0.29402194232210616,-0.7577619853571725,GP,0.21036004244697074,3.665404107350845e+23,0.07458891925373534,0.21036004244697074
757,1.42,0.74,1614.6573038187862,1138.0,6581.292516049187,0.01189,3579202095.6821685,57117515.14098615,Jackson,-0.289201010344314,-0.6571072069173602,GP,0.38418770606639807,5.3383915326834824e+23,0.5614589850987832,0.38418770606639807
758,1.42,0.74,1614.6573038187862,1138.0,5548.110048063567,0.01189,4397475880.422924,1171305.2408422413,Jackson,-0.4637282923755486,-0.7658593703723091,GP,0.1049703812868978,5.380112454127704e+23,0.5225879202399297,0.1049703812868978
759,1.42,0.74,1614.6573038187862,1138.0,5892.4281320971895,0.01189,4087532417.7667594,63761793.449874595,Jackson,-0.3606509536854893,-0.6736729132159164,log,0.11527827186116138,7.9551512618767e+23,0.6819590779485607,0.11527827186116138
760,1.42,0.74,1614.6573038187862,1138.0,3543.510892179191,0.01189,8139870225.138062,18064812.831330996,Jackson,-0.4431058150729015,-0.7752030657233401,GP,0.10542294448681593,6.578299622757334e+23,0.35580012970358843,0.10542294448681593
761,1.42,0.74,1614.6573038187862,1138.0,4392.411582751108,0.01189,5986385375.713972,60545775.14496087,Jackson,-0.41842548786834866,-0.7993169934724578,log,0.05194377981472746,9.121899722304608e+23,0.8076095840500512,0.05194377981472746
762,1.42,0.74,1614.6573038187862,1138.0,3814.3780222638734,0.01189,5084883825.566536,51139499.95091387,Selsis,-0.3833089827339084,-0.7038498895034778,linear,0.27063838689007563,5.959317144067572e+23,0.46612256743739744,0.27063838689007563
763,1.42,0.74,1614.6573038187862,1138.0,4616.493337332084,0.01189,5583358843.650073,12620348.954135586,Jackson,-0.47189224717922096,-0.63724876274708,GP,0.10886874437575764,5.75209743750848e+23,0.3947618053094062,0.10886874437575764
764,1.42,0.74,1614.6573038187862,1138.0,6095.579675461301,0.01189,3923707512.5912867,23418302.201472092,Jackson,-0.4596928963555781,-0.7655898797874903,log,0.052215144739589624,4.9041592826138404e+23,0.5136660191461673,0.052215144739589624
765,1.42,0.74,1614.6573038187862,1138.0,16164.494576223118,0.01189,1320151272.2366593,53750857.268187046,Jackson,-0.3083511629381541,-0.7929433623474723,GP,0.06878943362368954,9.610095462656141e+22,0.26100500077714306,0.06878943362368954
766,1.42,0.74,1614.6573038187862,1138.0,7180.480476048562,0.01189,2971161539.461823,51783358.351630606,Selsis,-0.3738567436041557,-0.6886201909717953,linear,0.36875861364163987,1.325487988005285e+23,0.037933781659368004,0.36875861364163987
767,1.42,0.74,1614.6573038187862,1138.0,4411.385390109548,0.01189,5950226269.293165,87702479.55199322,Jackson,-0.4140214193120741,-0.778279878677392,linear,0.0794158376089261,8.652601587131251e+23,0.7285969896134805,0.0794158376089261
768,1.42,0.74,1614.6573038187862,1138.0,3691.0747946358356,0.01189,5247574254.717432,50595644.99652463,Selsis,-0.4325439495934844,-0.6797987109287285,linear,0.4104226786950812,4.3284885552918916e+23,0.30143368740076903,0.4104226786950812
769,1.42,0.74,1614.6573038187862,1138.0,3839.638153500406,0.01189,5052913348.608163,43006685.9900744,Selsis,-0.34123107164397715,-0.725131127750302,log,0.4018825666231345,1.1783023872248984e+24,0.8795203800093598,0.4018825666231345
770,1.42,0.74,1614.6573038187862,1138.0,5411.588617058952,0.01189,3751427306.7965803,82032783.07975192,Selsis,-0.28654883067750553,-0.7315485644735894,GP,0.26772440594440533,1.5879916083656863e+23,0.01710213777241565,0.26772440594440533
771,1.42,0.74,1614.6573038187862,1138.0,4669.1642353014895,0.01189,4254926008.1691694,63296440.208034016,Selsis,-0.43401624503046404,-0.7081265743892008,linear,0.2520552574673963,2.3731763930622005e+23,0.13379546750474236,0.2520552574673963
772,1.42,0.74,1614.6573038187862,1138.0,7144.90101674873,0.01189,2983165558.1568384,78131422.60563295,Selsis,-0.3718023932952951,-0.7898805484590963,log,0.09590759141738667,6.322550148024043e+23,0.74282365638672,0.09590759141738667
773,1.42,0.74,1614.6573038187862,1138.0,2575.897624166066,0.01189,7398569919.810877,69723867.72551364,Selsis,-0.4209137232085134,-0.778485338453649,GP,0.06390059186982305,5.311410874903473e+23,0.30825480186831355,0.06390059186982305
774,1.42,0.74,1614.6573038187862,1138.0,3611.52278723657,0.01189,7917865459.914747,99867655.859092,Jackson,-0.4817278051428252,-0.6799673920331248,linear,0.08936133503910572,1.1928320480326284e+24,0.8871191410811978,0.08936133503910572
775,1.42,0.74,1614.6573038187862,1138.0,3367.194859919313,0.01189,8770972879.929749,76094723.98308077,Jackson,-0.3448319165426881,-0.7920418916519444,log,0.28157848242055816,4.582272284952636e+23,0.102665734671886,0.28157848242055816
776,1.42,0.74,1614.6573038187862,1138.0,3983.0177967494224,0.01189,4886591102.794711,50091205.99434964,Selsis,-0.4654725398477391,-0.7089788701204753,log,0.3480708333025056,4.421421596996795e+23,0.35589300620618247,0.3480708333025056
777,1.42,0.74,1614.6573038187862,1138.0,3576.1826162422185,0.01189,8031841862.69759,2518097.354960372,Jackson,-0.3729830911197368,-0.7463811018186666,GP,0.37296817133321275,1.2657544057751065e+24,0.7742321398825007,0.37296817133321275
778,1.42,0.74,1614.6573038187862,1138.0,2225.1146745125648,0.01189,8524638748.870438,95450392.36177342,Selsis,-0.35140586159161874,-0.7406671655336116,log,0.20116278669093288,6.912225076484628e+23,0.31966782647966874,0.20116278669093288
779,1.42,0.74,1614.6573038187862,1138.0,14122.090328402976,0.01189,1718474953.8515399,56761408.599544466,Selsis,-0.2950554698825752,-0.6316701157403398,GP,0.24508462669057254,2.4551126576098406e+23,0.5503636085331353,0.24508462669057254
780,1.42,0.74,1614.6573038187862,1138.0,5214.340226787782,0.01189,3871351344.357035,5650751.755433341,Selsis,-0.40236586727507306,-0.7042782684905664,GP,0.07765300317478024,4.661269120823296e+23,0.4626036442301694,0.07765300317478024
781,1.42,0.74,1614.6573038187862,1138.0,13370.79269499389,0.01189,1793749911.7256713,46694389.113969594,Selsis,-0.3207621330038833,-0.6037417430065524,linear,0.38334797489708344,5.358140662808738e+23,0.8675557463675464,0.38334797489708344
782,1.42,0.74,1614.6573038187862,1138.0,13319.919412415982,0.01189,1799173264.1206706,66574918.80002724,Selsis,-0.3880916037749137,-0.7102220696837314,linear,0.06730300064983673,2.7702804215072824e+23,0.584674180578483,0.06730300064983673
783,1.42,0.74,1614.6573038187862,1138.0,7660.752526644061,0.01189,2819615211.669301,40089041.14887755,Selsis,-0.35452179247710464,-0.6798093989945161,linear,0.1285091803949518,2.5335262404821256e+23,0.34060298244005305,0.1285091803949518
784,1.42,0.74,1614.6573038187862,1138.0,4797.277990783977,0.01189,4157008220.941173,17359359.405387796,Selsis,-0.40104106717353066,-0.7692695741934763,GP,0.051318219707202066,5.466872944608087e+23,0.5322081559266867,0.051318219707202066
785,1.42,0.74,1614.6573038187862,1138.0,16077.927834080974,0.01189,1555249143.348122,88365738.9335948,Selsis,-0.4048719181969776,-0.7325016272469157,log,0.14281505990300639,3.539010561494122e+23,0.763334606645329,0.14281505990300639
786,1.42,0.74,1614.6573038187862,1138.0,4830.656176579522,0.01189,5242089729.225167,59311239.041155055,Jackson,-0.4145450537214869,-0.7069224362454414,linear,0.10731057154074396,5.4334023614650326e+23,0.40182086970435915,0.10731057154074396
787,1.42,0.74,1614.6573038187862,1138.0,15796.080850726412,0.01189,1576456866.082465,98491843.63430856,Selsis,-0.31879122339141364,-0.7810350213559957,GP,0.13505762589473103,1.1834685899504805e+23,0.2843409229435502,0.13505762589473103
788,1.42,0.74,1614.6573038187862,1138.0,5358.640533601953,0.01189,4588093668.433012,7903266.704819654,Jackson,-0.30175967770949436,-0.6699232855355051,log,0.055671428612698984,8.764394773983549e+23,0.6626867420679663,0.055671428612698984
789,1.42,0.74,1614.6573038187862,1138.0,12734.749561782322,0.01189,1864482101.6576037,52414810.69633187,Selsis,-0.37778742827412015,-0.6328067512953337,linear,0.09325531985550574,1.7215186971145175e+23,0.35858576588493407,0.09325531985550574
790,1.42,0.74,1614.6573038187862,1138.0,5430.292353456802,0.01189,4514169301.30866,16869172.387926687,Jackson,-0.44212563446170194,-0.7356571358740016,linear,0.1261972142774775,5.54089982305599e+23,0.4980336786329148,0.1261972142774775
791,1.42,0.74,1614.6573038187862,1138.0,4312.9230584420375,0.01189,4557714648.674777,8339420.082353556,Selsis,-0.47844609348633427,-0.7164299220285916,GP,0.05072340099685383,2.493175046506342e+23,0.11964935611333394,0.05072340099685383
792,1.42,0.74,1614.6573038187862,1138.0,8034.39180554146,0.01189,2840160251.2828197,33661716.31595291,Jackson,-0.3994442384505722,-0.7429904596061737,linear,0.42119207693955685,4.588474667293747e+23,0.5946201935887411,0.42119207693955685
793,1.42,0.74,1614.6573038187862,1138.0,7826.3090327518075,0.01189,2926889473.1481194,72722844.9568362,Jackson,-0.4576006638647884,-0.6777508078988368,log,0.3054284209822833,2.0370313204634225e+23,0.23436672578881845,0.3054284209822833
794,1.42,0.74,1614.6573038187862,1138.0,16054.06730002362,0.01189,1557017867.2381637,73478090.83895782,Selsis,-0.3183544784891885,-0.7508222273974374,linear,0.38968075135806857,5.190318176841651e+23,0.9247431298974658,0.38968075135806857
795,1.42,0.74,1614.6573038187862,1138.0,10190.775869608935,0.01189,2170710404.1518555,65379217.29706979,Jackson,-0.495196951172308,-0.6169161640972155,linear,0.1283313489920695,1.435685727987567e+23,0.21458730244049473,0.1283313489920695
796,1.42,0.74,1614.6573038187862,1138.0,2930.5379853732575,0.01189,10783670675.63141,90286603.1768187,Jackson,-0.43675981406611847,-0.6647222370753908,log,0.3447391045319259,4.711093914034676e+23,0.024854939400855924,0.3447391045319259
797,1.42,0.74,1614.6573038187862,1138.0,3354.6164564042765,0.01189,5754585857.954261,87054528.79697695,Selsis,-0.49281673162276834,-0.6793949924799566,linear,0.08166110712922285,5.095904188970918e+23,0.3559656454101192,0.08166110712922285
798,1.42,0.74,1614.6573038187862,1138.0,3199.8121402083175,0.01189,6024236251.374507,17567271.207280815,Selsis,-0.47523958353930623,-0.7995083346630786,linear,0.2618257835858758,2.7282180542910837e+23,0.04075518733710981,0.2618257835858758
799,1.42,0.74,1614.6573038187862,1138.0,5205.863450709398,0.01189,4753748434.881651,47378473.85873145,Jackson,-0.38034613321473826,-0.6902822961980272,GP,0.24694322167293653,9.943809138438733e+23,0.7864632140268341,0.24694322167293653
800,1.42,0.74,1614.6573038187862,1138.0,12322.74705152475,0.01189,1913963658.067349,52262857.20720945,Selsis,-0.304207535825931,-0.7566140307261693,log,0.10374750020967224,1.660948504981351e+23,0.331294625639893,0.10374750020967224
801,1.42,0.74,1614.6573038187862,1138.0,5917.404133454162,0.01189,4066683433.2894917,36069437.77142595,Jackson,-0.302704316086076,-0.7509916866693794,linear,0.15081379616585663,4.3436207217317686e+23,0.41332903089990314,0.15081379616585663
802,1.42,0.74,1614.6573038187862,1138.0,6333.837668726437,0.01189,3291065620.3763633,19715899.854713906,Selsis,-0.42952029523922025,-0.7496695385840212,GP,0.2222800435751046,6.40111595482904e+23,0.7430457789673792,0.2222800435751046
803,1.42,0.74,1614.6573038187862,1138.0,4265.701284496935,0.01189,4601652053.840696,8619428.744521054,Selsis,-0.3220712425298106,-0.7956787850379732,log,0.25024727682023085,1.2534752829049392e+24,0.9367112342074866,0.25024727682023085
804,1.42,0.74,1614.6573038187862,1138.0,8385.654212610232,0.01189,2616613768.0721374,1874464.2952245022,Selsis,-0.43164509140133617,-0.7904434134986728,log,0.46717765176095327,3.0511825708677505e+23,0.44788814297166724,0.46717765176095327
805,1.42,0.74,1614.6573038187862,1138.0,7770.249414877503,0.01189,2787579862.626406,76881165.43086284,Selsis,-0.41049017486259953,-0.6035621616071538,log,0.46880085532999877,2.1240279018115383e+23,0.27492731356149513,0.46880085532999877
806,1.42,0.74,1614.6573038187862,1138.0,4434.070149924542,0.01189,4449284930.706576,72575026.25310677,Selsis,-0.4360524521274327,-0.6225442102335271,linear,0.07219870261175092,7.186475794136054e+23,0.6046657558667057,0.07219870261175092
807,1.42,0.74,1614.6573038187862,1138.0,12099.494034949403,0.01189,1794698949.7323997,46920591.554552205,Jackson,-0.4516775698075301,-0.7350284906958323,linear,0.10811180107642866,1.5375095618799857e+23,0.3251798111098102,0.10811180107642866
808,1.42,0.74,1614.6573038187862,1138.0,7153.325781563997,0.01189,3246815150.4589887,95453859.50531158,Jackson,-0.41773508982586055,-0.7692011035013127,GP,0.4561328939127347,7.293150530857e+23,0.8780635086062933,0.4561328939127347
809,1.42,0.74,1614.6573038187862,1138.0,9087.01120770757,0.01189,2469111784.3770766,39030442.69449705,Jackson,-0.28191832743212336,-0.7565593403658173,GP,0.20065838009920606,2.0809803486108604e+23,0.3134955112899317,0.20065838009920606
810,1.42,0.74,1614.6573038187862,1138.0,2130.7160671988117,0.01189,8896488146.192389,88675230.38651061,Selsis,-0.3874755714586696,-0.7869834736512437,linear,0.13221651700284637,1.2682099971629548e+24,0.9637450446100809,0.13221651700284637
811,1.42,0.74,1614.6573038187862,1138.0,5349.785851870723,0.01189,3788064198.046052,95738935.68734571,Selsis,-0.4467363719603248,-0.7686090126436486,GP,0.16286894275455702,6.672420252418459e+23,0.7703148294088508,0.16286894275455702
812,1.42,0.74,1614.6573038187862,1138.0,5000.652142160094,0.01189,4997300449.60303,84929437.90857625,Jackson,-0.28775643586407673,-0.794207273893358,linear,0.134905536961367,3.3190839054203484e+23,0.21057541463488394,0.134905536961367
813,1.42,0.74,1614.6573038187862,1138.0,4797.543549832469,0.01189,5292335770.979693,81318671.926578,Jackson,-0.39229206784887133,-0.6704944100533549,GP,0.38423692489251804,1.0945452163757308e+24,0.8119197130801632,0.38423692489251804
814,1.42,0.74,1614.6573038187862,1138.0,15910.00145612672,0.01189,1342237119.0193677,14018690.582784425,Jackson,-0.4028005862673531,-0.6953726378753493,GP,0.131951201395891,1.0711126850750327e+23,0.2874140042087677,0.131951201395891
815,1.42,0.74,1614.6573038187862,1138.0,5037.312183121344,0.01189,4950338596.822554,94275525.88214159,Jackson,-0.3402961282379249,-0.6642772141328447,log,0.43131723318737414,4.357429934471594e+23,0.3337944369710413,0.43131723318737414
816,1.42,0.74,1614.6573038187862,1138.0,8609.281999772513,0.01189,2624908993.3763914,68382338.64748287,Jackson,-0.4339895145095943,-0.6884752138149166,GP,0.3805178792444055,1.4654039060535481e+23,0.13915536286692887,0.3805178792444055
817,1.42,0.74,1614.6573038187862,1138.0,1812.3100531545656,0.01189,10467684692.327986,36636769.40530686,Selsis,-0.40569002706699137,-0.7914753571306523,log,0.2759504389314331,1.0619736499365874e+24,0.7678016617912022,0.2759504389314331
818,1.42,0.74,1614.6573038187862,1138.0,6367.581167937666,0.01189,3723278024.3857007,33928787.75755994,Jackson,-0.47955594013320285,-0.7098305163424685,GP,0.20552678264341434,7.543434301743789e+23,0.848810565045581,0.20552678264341434
819,1.42,0.74,1614.6573038187862,1138.0,2992.1165957333037,0.01189,10451846481.694765,41489545.29571612,Jackson,-0.4264804696220999,-0.6196797463731565,log,0.08539871943096623,9.706055649027926e+23,0.35042549986078686,0.08539871943096623
820,1.42,0.74,1614.6573038187862,1138.0,5090.771138624585,0.01189,4886320030.05364,9604988.133388652,Jackson,-0.2893676100305788,-0.7385467758297487,GP,0.07981893553653571,7.58933764206707e+23,0.572924838263307,0.07981893553653571
821,1.42,0.74,1614.6573038187862,1138.0,27580.90849678879,0.01189,1039189540.2759461,21776149.03742431,Selsis,-0.48718773337777416,-0.6413292733362197,log,0.06013330384239991,1.6305204058389984e+23,0.5856771319529724,0.06013330384239991
822,1.42,0.74,1614.6573038187862,1138.0,2549.682182764269,0.01189,7471273228.198723,9069821.322856052,Selsis,-0.4495226985548843,-0.7206514910750198,linear,0.3027218695345476,1.1436972106312169e+24,0.955510753754653,0.3027218695345476
823,1.42,0.74,1614.6573038187862,1138.0,4601.959159896342,0.01189,4308462706.519332,44828412.92865032,Selsis,-0.33724516519685266,-0.6643726763677144,log,0.07856964740999903,4.229700601238215e+23,0.377378023437527,0.07856964740999903
824,1.42,0.74,1614.6573038187862,1138.0,6740.650891483787,0.01189,3479224512.301027,40933071.039580345,Jackson,-0.43459813739906,-0.7767401543188427,GP,0.10995904782272528,6.51578638780913e+23,0.7620721254881464,0.10995904782272528
825,1.42,0.74,1614.6573038187862,1138.0,3663.8980055517845,0.01189,5284988840.357521,29914731.589900304,Selsis,-0.49580548779068767,-0.630310777776021,GP,0.09170167953269902,4.13204845607332e+23,0.2764349039808611,0.09170167953269902
826,1.42,0.74,1614.6573038187862,1138.0,7842.131987748044,0.01189,2920111872.183771,39973380.23865509,Jackson,-0.4181123284725182,-0.619799809722896,GP,0.44060728570340957,8.322460058352945e+23,0.859120130928922,0.44060728570340957
827,1.42,0.74,1614.6573038187862,1138.0,4807.735754676918,0.01189,5276776399.437987,50619104.911178246,Jackson,-0.466187003355084,-0.7381579184930116,log,0.1604083609972214,5.825124640443066e+23,0.481790110415628,0.1604083609972214
828,1.42,0.74,1614.6573038187862,1138.0,22848.358364501724,0.01189,1193257570.3319194,63836966.51420637,Selsis,-0.33867518921150386,-0.6181368814276993,linear,0.0524566552876342,1.747538443115996e+23,0.5704193752434877,0.0524566552876342
829,1.42,0.74,1614.6573038187862,1138.0,4313.725432161592,0.01189,6140701974.693526,53576629.69122565,Jackson,-0.4507194291058896,-0.6897272705162367,log,0.08600098182596004,6.401121445395651e+23,0.4162044402686975,0.08600098182596004
830,1.42,0.74,1614.6573038187862,1138.0,5604.335363293336,0.01189,4343811378.984767,80665413.22853561,Jackson,-0.4104117501729514,-0.7075866718297457,log,0.3245232296499103,2.9773991744712488e+23,0.22495520406798886,0.3245232296499103
831,1.42,0.74,1614.6573038187862,1138.0,3663.220438782395,0.01189,5285929155.350258,78275090.05461618,Selsis,-0.44510608808443575,-0.7599287380790559,log,0.3196680289516259,7.480246133530868e+23,0.7318816172794831,0.3196680289516259
832,1.42,0.74,1614.6573038187862,1138.0,3923.4400269739344,0.01189,7026140600.631205,81244097.32106842,Jackson,-0.3564678375234168,-0.7626022396828692,log,0.06659688549990286,1.3788631179693502e+24,0.9180930526533534,0.06659688549990286
833,1.42,0.74,1614.6573038187862,1138.0,10013.345126822607,0.01189,2262153788.7220516,78818518.49123546,Selsis,-0.45119709449123563,-0.7486509055304585,log,0.23923534528399623,1.2012260592479748e+23,0.12135265776234971,0.23923534528399623
834,1.42,0.74,1614.6573038187862,1138.0,4229.199323453463,0.01189,4636290299.60036,22229130.54873918,Selsis,-0.4345984100081737,-0.7397970187196783,log,0.26789186378826313,2.4210835535175546e+23,0.10077477299124682,0.26789186378826313
835,1.42,0.74,1614.6573038187862,1138.0,2928.693431647221,0.01189,6554191046.838129,63587316.521578334,Selsis,-0.28286427412109016,-0.6475208215451067,GP,0.3500019855270791,2.775924370879265e+23,0.011970877851546047,0.3500019855270791
836,1.42,0.74,1614.6573038187862,1138.0,14172.936243368023,0.01189,1515713293.7342207,27700769.954807695,Jackson,-0.30673380943005785,-0.6471312868081065,GP,0.08612594797177964,2.0847495775959877e+23,0.5272956512216701,0.08612594797177964
837,1.42,0.74,1614.6573038187862,1138.0,13918.811036473717,0.01189,1737872805.3323717,6036167.904107062,Selsis,-0.46239788178815155,-0.7806060513434783,log,0.059967479413469804,4.66174371485251e+23,0.8216816743928853,0.059967479413469804
838,1.42,0.74,1614.6573038187862,1138.0,7812.862641710647,0.01189,2775074838.3711257,78189764.110162,Selsis,-0.3288763945650085,-0.6135530982144665,linear,0.4025688332843246,4.8221769044249115e+23,0.6332290421219161,0.4025688332843246
839,1.42,0.74,1614.6573038187862,1138.0,3507.0951331966626,0.01189,8263399836.9977455,99800822.23802063,Jackson,-0.4866020720045994,-0.7241415153081929,linear,0.3472680500538915,3.9714162024710355e+23,0.06791208185327835,0.3472680500538915
840,1.42,0.74,1614.6573038187862,1138.0,7074.998771311641,0.01189,3007087572.909635,45791041.317834094,Selsis,-0.44152141563061176,-0.601305714712297,GP,0.1942733470182934,3.9855418029425e+23,0.5098538138394698,0.1942733470182934
841,1.42,0.74,1614.6573038187862,1138.0,9725.757422672827,0.01189,2316491804.1016994,38291440.77739455,Selsis,-0.38289713985771806,-0.7408758596464665,log,0.35516211277930493,1.1488128484348743e+23,0.08350571048308408,0.35516211277930493
842,1.42,0.74,1614.6573038187862,1138.0,16718.531503541308,0.01189,1509508890.7858377,69134230.57883875,Selsis,-0.32153585146116725,-0.7991017306712059,linear,0.05855304176188045,1.5485432244520078e+23,0.4122962030238303,0.05855304176188045
843,1.42,0.74,1614.6573038187862,1138.0,13991.374106348612,0.01189,1536513802.5328805,41708275.75422206,Jackson,-0.4885522149310694,-0.7533056656078286,log,0.21986646386728717,1.4550084967278327e+23,0.3691291776958928,0.21986646386728717
844,1.42,0.74,1614.6573038187862,1138.0,3698.2335524257874,0.01189,7650216252.676978,70118014.10385615,Jackson,-0.4483856440280217,-0.7045793598653538,log,0.05088855124516465,3.4340903705893924e+23,0.03698522874726273,0.05088855124516465
845,1.42,0.74,1614.6573038187862,1138.0,3132.4591938281587,0.01189,9760036280.616106,16287351.025042519,Jackson,-0.3087023446354748,-0.6232951059048221,linear,0.06664650596831652,8.975394845171153e+23,0.34517582146110015,0.06664650596831652
846,1.42,0.74,1614.6573038187862,1138.0,3449.3037924691707,0.01189,8466506940.439871,22118775.104671862,Jackson,-0.33828717747111253,-0.6539013417963391,GP,0.12555941508485163,3.53965664649673e+23,0.0032412913995837345,0.12555941508485163
847,1.42,0.74,1614.6573038187862,1138.0,3799.647991799806,0.01189,5103733626.973026,7660058.83347186,Selsis,-0.3473968219181399,-0.7241315641662543,GP,0.08655609298518895,5.28451572462899e+23,0.39661784872571015,0.08655609298518895
848,1.42,0.74,1614.6573038187862,1138.0,8104.212743735898,0.01189,2691762304.6020336,20063373.580314767,Selsis,-0.469801433834999,-0.6213789283125263,GP,0.08758470625648966,1.657388702266843e+23,0.17348520057028494,0.08758470625648966
849,1.42,0.74,1614.6573038187862,1138.0,3171.276685803814,0.01189,6077009477.671591,4411221.546703057,Selsis,-0.3849964717580676,-0.6383385520655349,linear,0.12622831364950704,4.2208760062149304e+23,0.22287638699516854,0.12622831364950704
850,1.42,0.74,1614.6573038187862,1138.0,30973.273186726256,0.01189,954535951.121929,50041934.92565963,Selsis,-0.3612713723245117,-0.7387469593449869,GP,0.43546460051025465,9.733398852479853e+22,0.4127071652162755,0.43546460051025465
851,1.42,0.74,1614.6573038187862,1138.0,11076.301209974361,0.01189,1978507959.6954074,51992248.36938705,Jackson,-0.4372180615192815,-0.7314143966891252,log,0.22774148302825536,2.9888016896698454e+23,0.5715728880532727,0.22774148302825536
852,1.42,0.74,1614.6573038187862,1138.0,8617.448209903905,0.01189,2558288291.297279,4832405.944174263,Selsis,-0.3298022275129198,-0.7008151311402168,linear,0.44948760671996907,3.10331998595015e+23,0.46554654232410686,0.44948760671996907
853,1.42,0.74,1614.6573038187862,1138.0,3755.393587480715,0.01189,7482558182.833058,87568418.44444408,Jackson,-0.47093026583222947,-0.6221793194443299,linear,0.059633411608820436,8.475698917963873e+23,0.4401018365396314,0.059633411608820436
854,1.42,0.74,1614.6573038187862,1138.0,3444.6243160599593,0.01189,5609623494.798829,78538456.27598077,Selsis,-0.3816303629962241,-0.6495980799607352,linear,0.4389254221740912,4.901016362604298e+23,0.32832415995871245,0.4389254221740912
855,1.42,0.74,1614.6573038187862,1138.0,7150.57214450338,0.01189,3248265025.6965423,10696783.212002348,Jackson,-0.45226886882379946,-0.7299331761232697,GP,0.05586635712004571,2.9458982373737534e+23,0.33984715233643437,0.05586635712004571
856,1.42,0.74,1614.6573038187862,1138.0,9424.118205099514,0.01189,2369715040.1221747,43676859.83044285,Jackson,-0.4189523193699933,-0.6262488544291258,GP,0.12847435422302728,7.914898409053945e+23,0.9380780413869749,0.12847435422302728
857,1.42,0.74,1614.6573038187862,1138.0,5956.601644422665,0.01189,3461388013.075233,86473353.25713456,Selsis,-0.4297082904092575,-0.6803701398759594,GP,0.3352517383997738,7.081209171053179e+23,0.7583226799605784,0.3352517383997738
858,1.42,0.74,1614.6573038187862,1138.0,3438.786198515841,0.01189,5618782158.030671,7985826.57288317,Selsis,-0.419648781605208,-0.7470633225348702,GP,0.17992659573596545,4.82750692638958e+23,0.3385749948796143,0.17992659573596545
859,1.42,0.74,1614.6573038187862,1138.0,5478.049544111646,0.01189,4466157409.962147,71786776.49847609,Jackson,-0.4230068422133423,-0.6423425822735747,GP,0.05471429503873261,6.536573525076133e+23,0.5533033195734772,0.05471429503873261
860,1.42,0.74,1614.6573038187862,1138.0,7477.321186619062,0.01189,3084650562.915177,30527033.415070966,Jackson,-0.3488123317515011,-0.7223105574148175,log,0.05208910808467827,5.3613721128393816e+23,0.6252376952870434,0.05208910808467827
861,1.42,0.74,1614.6573038187862,1138.0,3661.986704242115,0.01189,5287642255.190046,47341731.54043076,Selsis,-0.3284805396453493,-0.6017390448402058,linear,0.07844909086789881,1.1024639263529871e+24,0.7080258879766569,0.07844909086789881
862,1.42,0.74,1614.6573038187862,1138.0,4013.2289277406194,0.01189,4854207943.573253,6137029.789188085,Selsis,-0.4010338103839254,-0.6400300658705507,GP,0.26227685742315576,8.593834466958872e+23,0.6624989908477948,0.26227685742315576
863,1.42,0.74,1614.6573038187862,1138.0,3169.9514868575066,0.01189,9588945635.765272,36044631.56506918,Jackson,-0.41236545429014043,-0.7326032503456718,linear,0.11053798179011515,1.4386379938173046e+24,0.9969736417470846,0.11053798179011515
864,1.42,0.74,1614.6573038187862,1138.0,5268.6535914634005,0.01189,4684295385.461978,52528342.119450815,Jackson,-0.3373132135399766,-0.6392660022910851,linear,0.12402641395615889,1.9674925716996985e+23,0.009014736251962918,0.12402641395615889
865,1.42,0.74,1614.6573038187862,1138.0,9742.672848375585,0.01189,2313210832.6474543,53466297.974792,Selsis,-0.40857715018149904,-0.6693251590947417,linear,0.3710041125248863,6.324734949062583e+23,0.8376364488812126,0.3710041125248863
866,1.42,0.74,1614.6573038187862,1138.0,8285.711321979064,0.01189,2642734249.9316764,54546662.86395645,Selsis,-0.2958392497995346,-0.7248280143406313,linear,0.11904322015367333,2.1877297056451607e+23,0.3078462569718591,0.11904322015367333
867,1.42,0.74,1614.6573038187862,1138.0,26289.925241925353,0.01189,806655801.3502414,93571005.56109923,Jackson,-0.43496419181892787,-0.7832843429320623,log,0.052377300346752885,4.337326677470463e+22,0.16492929996109762,0.052377300346752885
868,1.42,0.74,1614.6573038187862,1138.0,3735.2113953843523,0.01189,5188036126.148609,68358190.72509758,Selsis,-0.48974617807782644,-0.6289476030017346,linear,0.061991477123759596,9.08377204343619e+23,0.7131505987838912,0.061991477123759596
869,1.42,0.74,1614.6573038187862,1138.0,7359.203803441999,0.01189,3141895031.3076653,67221741.02627912,Jackson,-0.4260697361867076,-0.7266542496218228,log,0.24958077819746968,2.1506005417055634e+23,0.22560911886317148,0.24958077819746968
870,1.42,0.74,1614.6573038187862,1138.0,7437.965077666456,0.01189,2887580336.1603556,77500769.52144834,Selsis,-0.4592373574898089,-0.7133842886985123,log,0.07603078202619609,5.091185422489581e+23,0.6648616450016535,0.07603078202619609
871,1.42,0.74,1614.6573038187862,1138.0,5891.994892361602,0.01189,4087895889.419453,22059753.405480653,Jackson,-0.37950491507644335,-0.6193879227109182,GP,0.3438406353315895,1.8536202542390736e+23,0.03971923799595145,0.3438406353315895
872,1.42,0.74,1614.6573038187862,1138.0,8970.977407936722,0.01189,2505249613.552739,89350285.03706497,Jackson,-0.4738551210754361,-0.6365787074619274,log,0.07511761798900089,2.1439681939831098e+23,0.32898784830688754,0.07511761798900089
873,1.42,0.74,1614.6573038187862,1138.0,8650.567800926823,0.01189,2550200976.691092,34700687.36890292,Selsis,-0.423411339118953,-0.7010866496064478,log,0.16946535676078314,6.457674527204526e+23,0.8241189182520539,0.16946535676078314
874,1.42,0.74,1614.6573038187862,1138.0,8411.867829606877,0.01189,2695101678.171075,2534740.310026284,Jackson,-0.3201153713176205,-0.772256998866814,log,0.19844718689309998,3.695646954860182e+23,0.5183723107600092,0.19844718689309998
875,1.42,0.74,1614.6573038187862,1138.0,4779.562663914587,0.01189,5319990536.268431,10722650.285890866,Jackson,-0.2977776323146507,-0.6247295715311445,GP,0.16498557619327225,2.4898553985021356e+23,0.05198782999327145,0.16498557619327225
876,1.42,0.74,1614.6573038187862,1138.0,3509.3942879403876,0.01189,5509378378.650023,99591366.13550615,Selsis,-0.3803037114761535,-0.6077620623525131,GP,0.4706238324032399,8.355436583783143e+23,0.5710619783611132,0.4706238324032399
877,1.42,0.74,1614.6573038187862,1138.0,4784.234108286861,0.01189,4166739075.1423135,17055086.05033527,Selsis,-0.29204487729244316,-0.6532335165645308,GP,0.1885815646586005,4.6461834420643425e+23,0.429929670761771,0.1885815646586005
878,1.42,0.74,1614.6573038187862,1138.0,36777.251558790515,0.01189,841257417.244316,1259916.5360810885,Selsis,-0.481139325950115,-0.7071576267867636,log,0.05177049944312128,2.5469273329359273e+23,0.8625869034354985,0.05177049944312128
879,1.42,0.74,1614.6573038187862,1138.0,7540.903199798602,0.01189,3054676059.8829145,4920521.534865577,Jackson,-0.46357301297995773,-0.7039309213967219,log,0.06881237289553985,1.956927859939017e+23,0.1881581306418766,0.06881237289553985
880,1.42,0.74,1614.6573038187862,1138.0,3801.419358843206,0.01189,5101458691.875397,88689755.07366908,Selsis,-0.4571605918741825,-0.7508760452979929,linear,0.07690184629929812,3.2937733340104733e+23,0.2007891344547792,0.07690184629929812
881,1.42,0.74,1614.6573038187862,1138.0,5425.306357966174,0.01189,4519239174.714048,24058555.09681549,Jackson,-0.4395407674547807,-0.6727981941814388,log,0.12156108308860217,2.3830641890192447e+23,0.10523693690483327,0.12156108308860217
882,1.42,0.74,1614.6573038187862,1138.0,7504.586683784781,0.01189,2866851176.2263045,27161014.791523006,Selsis,-0.32597430554244555,-0.7691291692523533,log,0.16250698143735465,9.473859468072371e+23,0.9334718757935868,0.16250698143735465
883,1.42,0.74,1614.6573038187862,1138.0,12109.822365220369,0.01189,1940780214.0516758,28871831.196215093,Selsis,-0.3776231453385646,-0.7217662947605223,linear,0.16278691920289906,1.57413988256877e+23,0.296424588147729,0.16278691920289906
884,1.42,0.74,1614.6573038187862,1138.0,11935.636234815396,0.01189,1821812001.7423341,39971972.39081974,Jackson,-0.3555035863907984,-0.7775831736868896,linear,0.07892973559847859,5.7064253549058486e+23,0.888898351319043,0.07892973559847859
885,1.42,0.74,1614.6573038187862,1138.0,3204.630110411266,0.01189,9435417841.403841,8858615.784906145,Jackson,-0.3015021165310695,-0.6789530444680725,log,0.11448293216086439,9.113162626323086e+23,0.3661642630926316,0.11448293216086439
886,1.42,0.74,1614.6573038187862,1138.0,10247.117644533135,0.01189,2220133674.0377064,45002239.3616132,Selsis,-0.47477913881916534,-0.7875290210032087,log,0.09936523234565786,1.6460188810743725e+23,0.25979765094047325,0.09936523234565786
887,1.42,0.74,1614.6573038187862,1138.0,5154.817178208731,0.01189,4811684844.150676,68294033.39220397,Jackson,-0.49387802403301156,-0.6489700808253179,log,0.2723900783320926,8.33477981851671e+23,0.6941071606094938,0.2723900783320926
888,1.42,0.74,1614.6573038187862,1138.0,4473.263645366826,0.01189,5835018717.580325,89473426.50625964,Jackson,-0.30168858330002507,-0.626974403235606,GP,0.08607272832254673,6.911279895050514e+23,0.4610755721996489,0.08607272832254673
889,1.42,0.74,1614.6573038187862,1138.0,4655.319733332624,0.01189,5518521914.8518715,92780290.5902978,Jackson,-0.32983071105935063,-0.6925189020534058,GP,0.1531004217525446,1.4041105480362611e+24,0.8919154813960486,0.1531004217525446
890,1.42,0.74,1614.6573038187862,1138.0,2495.9032001207206,0.01189,7625527189.3451805,55713366.59635936,Selsis,-0.48864867177669186,-0.7698313394129801,linear,0.11463814231310153,1.009616672810183e+24,0.9827613980804083,0.11463814231310153
891,1.42,0.74,1614.6573038187862,1138.0,5379.710605534127,0.01189,4566114910.372734,38929975.18537892,Jackson,-0.45022486924393973,-0.7700805590510699,GP,0.3614179200751811,7.668372934017286e+23,0.8027753591171735,0.3614179200751811
892,1.42,0.74,1614.6573038187862,1138.0,3889.935256157956,0.01189,4990555620.945345,37837043.13291843,Selsis,-0.48030449212849385,-0.7308877289648563,GP,0.17569537739482435,2.5508536610109616e+23,0.09269023628683404,0.17569537739482435
893,1.42,0.74,1614.6573038187862,1138.0,6730.809132189296,0.01189,3131812407.546025,17125727.02573539,Selsis,-0.4733849325946962,-0.6553920281035097,linear,0.1953677410738087,6.33428676579567e+23,0.7140512106643556,0.1953677410738087
894,1.42,0.74,1614.6573038187862,1138.0,6785.575942876144,0.01189,3111177498.166994,1454769.9846860205,Selsis,-0.4182145791315949,-0.6010474979993372,log,0.06655013286620647,2.454497417566231e+23,0.2780892548462096,0.06655013286620647
895,1.42,0.74,1614.6573038187862,1138.0,3106.9456003938426,0.01189,9879618367.539654,99114619.88984361,Jackson,-0.32593626089342753,-0.6314680893736351,log,0.08039071803421391,2.3662769855749906e+24,0.93866133589905,0.08039071803421391
896,1.42,0.74,1614.6573038187862,1138.0,10936.504192370434,0.01189,2006570906.229138,35609190.73011572,Jackson,-0.3637473070742887,-0.7674276630780362,log,0.08887590083425874,1.8200398542199165e+23,0.34625105267187706,0.08887590083425874
897,1.42,0.74,1614.6573038187862,1138.0,6063.518330602074,0.01189,3411028932.3862557,98842381.01921816,Selsis,-0.4457453609247919,-0.6483252756591067,linear,0.2972386064831631,6.677918562222684e+23,0.7089707556333141,0.2972386064831631
898,1.42,0.74,1614.6573038187862,1138.0,8918.170203676862,0.01189,2522043355.1716285,84731572.01510076,Jackson,-0.3224517407473311,-0.6560860156000353,GP,0.15301752215571426,1.1697071368911765e+23,0.062014394798547534,0.15301752215571426
899,1.42,0.74,1614.6573038187862,1138.0,2294.55523435881,0.01189,8272230850.092621,33475746.552045003,Selsis,-0.43058454893673115,-0.6263872580343037,linear,0.09364546703595819,1.4137511066434846e+24,0.8264865252482595,0.09364546703595819
900,1.42,0.74,1614.6573038187862,1138.0,1557.6286457012422,0.01189,12248836451.888956,3997993.157328021,Selsis,-0.3030238662380247,-0.7974500355483575,log,0.4816092254921876,8.927452913497218e+23,0.28001396732931805,0.4816092254921876
901,1.42,0.74,1614.6573038187862,1138.0,3391.488708860208,0.01189,8678862821.726557,24927410.1296706,Jackson,-0.39688733119958797,-0.7798630485074296,GP,0.45709050199143214,1.1826863612474053e+24,0.7991950815149496,0.45709050199143214
902,1.42,0.74,1614.6573038187862,1138.0,16766.90760154216,0.01189,1506185866.8600779,35527779.609220065,Selsis,-0.3758509411619188,-0.6558937531718088,GP,0.102797567855158,2.3663954053526757e+23,0.5874239410665584,0.102797567855158
903,1.42,0.74,1614.6573038187862,1138.0,20648.035172271248,0.01189,1286723434.2349799,51435593.31962885,Selsis,-0.394830710507141,-0.6296129275204978,log,0.0861118333466927,1.0731179033191153e+23,0.3197276169848544,0.0861118333466927
904,1.42,0.74,1614.6573038187862,1138.0,3538.94176152311,0.01189,8155186718.297637,63419798.49726402,Jackson,-0.29351614896795697,-0.6674927359756405,GP,0.11880630294845072,1.2419166412466155e+24,0.5668974250704039,0.11880630294845072
905,1.42,0.74,1614.6573038187862,1138.0,14712.151102528003,0.01189,1457173749.1023376,52811364.629818045,Jackson,-0.35624704017625264,-0.7902695885409036,GP,0.06677283766324918,7.92795690649852e+22,0.13253043549614973,0.06677283766324918
906,1.42,0.74,1614.6573038187862,1138.0,9756.207823123726,0.01189,2279247032.0004025,48320071.575948015,Jackson,-0.40721286255477207,-0.7055605929412225,log,0.2204612633699417,5.213981404884769e+23,0.755565996846057,0.2204612633699417
907,1.42,0.74,1614.6573038187862,1138.0,8701.228417205148,0.01189,2537945308.1730757,12356030.706449041,Selsis,-0.35954799248181646,-0.7524306779041255,log,0.1565542049024474,3.303440285765214e+23,0.49745207882808673,0.1565542049024474
908,1.42,0.74,1614.6573038187862,1138.0,7982.104457508552,0.01189,2861474322.739051,79939177.76646534,Jackson,-0.2982548624869856,-0.7773795666365597,linear,0.05453463288141967,2.3293892558299315e+23,0.3038058594668843,0.05453463288141967
909,1.42,0.74,1614.6573038187862,1138.0,4020.123075090501,0.01189,4846886995.914299,94398414.38452317,Selsis,-0.46844078199646416,-0.6065877621369243,linear,0.2626242534837456,2.5508508118763873e+23,0.11061232042509062,0.2626242534837456
910,1.42,0.74,1614.6573038187862,1138.0,2898.0311003884212,0.01189,6618962664.957975,38620367.01083593,Selsis,-0.32836130754935033,-0.6709794634308557,log,0.05645195221018689,4.534618955273005e+23,0.21914065680313988,0.05645195221018689
911,1.42,0.74,1614.6573038187862,1138.0,3594.3076382147583,0.01189,5383526255.892311,11377402.749818569,Selsis,-0.3402692208361047,-0.7036465180880891,GP,0.053935161485413954,1.2689769629174477e+24,0.8888868048747116,0.053935161485413954
912,1.42,0.74,1614.6573038187862,1138.0,29328.94112090304,0.01189,993647177.6517775,32190647.194128722,Selsis,-0.44002718582455325,-0.6634632344361041,linear,0.07233920858122875,2.831802297397531e+23,0.8499816192874059,0.07233920858122875
913,1.42,0.74,1614.6573038187862,1138.0,8371.248882979085,0.01189,2620341465.920885,30678317.93375582,Selsis,-0.3910250133514698,-0.6846635942956557,linear,0.18198970160220165,1.201931043270071e+23,0.04748461871841414,0.18198970160220165
914,1.42,0.74,1614.6573038187862,1138.0,8171.555515251853,0.01189,2785705449.5955114,74602653.36640958,Jackson,-0.2994356117145763,-0.6219033924888786,GP,0.05522382376678901,3.452973086325365e+23,0.48589555153871733,0.05522382376678901
915,1.42,0.74,1614.6573038187862,1138.0,3744.4011411131023,0.01189,5175825978.772387,56012937.546064034,Selsis,-0.39491247580405364,-0.636154863428976,log,0.07166757883133519,8.681307397445006e+23,0.639329278365942,0.07166757883133519
916,1.42,0.74,1614.6573038187862,1138.0,5734.9863887113315,0.01189,3572392709.84679,94545916.08104733,Selsis,-0.38169071872940225,-0.7654119641099663,GP,0.14712431730201217,3.052694914022124e+23,0.32422129974527236,0.14712431730201217
917,1.42,0.74,1614.6573038187862,1138.0,2926.7290997052205,0.01189,6558297791.215808,29564783.850201577,Selsis,-0.4134364223449767,-0.7587052561991675,GP,0.17275526714839592,3.638718779360412e+23,0.1273320121236553,0.17275526714839592
918,1.42,0.74,1614.6573038187862,1138.0,11794.610505057275,0.01189,1982157601.1656704,84155185.47780463,Selsis,-0.4993481130765715,-0.668388256306144,GP,0.4511358063027342,1.2714014082595586e+23,0.20683427044706515,0.4511358063027342
919,1.42,0.74,1614.6573038187862,1138.0,11401.22812508933,0.01189,1916203655.0300152,38530061.614981316,Jackson,-0.42994250243634036,-0.7237637364793023,log,0.12025462050674442,4.120353249703535e+23,0.7232400343992776,0.12025462050674442
920,1.42,0.74,1614.6573038187862,1138.0,4234.382047312738,0.01189,4631335653.876935,41447911.458693266,Selsis,-0.3069139413407992,-0.7844590617595217,GP,0.08250221890818944,3.382331669028687e+23,0.24826247123492629,0.08250221890818944
921,1.42,0.74,1614.6573038187862,1138.0,3438.182046502428,0.01189,8506627328.142119,47795728.90639556,Jackson,-0.4344174386187034,-0.7326051830940871,log,0.05012673533184624,1.2164931288566676e+24,0.9175276900467616,0.05012673533184624
922,1.42,0.74,1614.6573038187862,1138.0,7798.100809277013,0.01189,2939049226.1474524,5422196.900683499,Jackson,-0.4686997422862098,-0.6374829989141307,linear,0.09301142121457254,1.272174589842678e+23,0.01799016158346456,0.09301142121457254
923,1.42,0.74,1614.6573038187862,1138.0,12973.794116432493,0.01189,1664708649.4517965,14201066.05343305,Jackson,-0.31804982336750204,-0.7337629079524589,linear,0.05562082664899442,2.5747553132835007e+23,0.5739667821075142,0.05562082664899442
924,1.42,0.74,1614.6573038187862,1138.0,2361.8079521554387,0.01189,8043025453.713929,43470697.02518914,Selsis,-0.3738424650161423,-0.6848400497483746,linear,0.07083996977143459,5.293855119308415e+23,0.20155457915240838,0.07083996977143459
925,1.42,0.74,1614.6573038187862,1138.0,7324.308502539017,0.01189,2923778556.9475083,62313821.73260516,Selsis,-0.3163889248028603,-0.7412196209290923,GP,0.1965662131673694,1.8604954081945374e+23,0.19388854762814567,0.1965662131673694
926,1.42,0.74,1614.6573038187862,1138.0,6290.447751239147,0.01189,3309648480.4535155,99093767.42635903,Selsis,-0.34930503400347085,-0.7113464680480838,log,0.07298657905910545,5.150796409672943e+23,0.5861426520569644,0.07298657905910545
927,1.42,0.74,1614.6573038187862,1138.0,2059.204547587649,0.01189,9202999794.720572,75791084.4247287,Selsis,-0.46829790413887384,-0.6101311012313787,log,0.2595451459847273,1.3029903055557107e+24,0.6718538493597715,0.2595451459847273
928,1.42,0.74,1614.6573038187862,1138.0,8526.733763454256,0.01189,2580749745.7517385,81682083.05027136,Selsis,-0.4034933218140168,-0.6978217393230614,log,0.0696858465539583,1.6608430015848743e+23,0.20339890907911506,0.0696858465539583
929,1.42,0.74,1614.6573038187862,1138.0,3707.3194946727017,0.01189,5225486782.4240675,56317193.19527778,Selsis,-0.31058857986237054,-0.7743349975517049,GP,0.3949672695169577,1.0735281787535907e+24,0.7562392092201633,0.3949672695169577
930,1.42,0.74,1614.6573038187862,1138.0,8014.2793876471405,0.01189,2716852298.0597253,40136281.04753494,Selsis,-0.40675215984877316,-0.6907640724900875,GP,0.20487602344331754,2.4629520034855523e+23,0.3447019941274325,0.20487602344331754
931,1.42,0.74,1614.6573038187862,1138.0,11402.662626246296,0.01189,2036623764.5731306,59843444.42715344,Selsis,-0.4236225605173044,-0.7919667831024215,log,0.1067043011043995,6.315274849452428e+23,0.9351252225485839,0.1067043011043995
932,1.42,0.74,1614.6573038187862,1138.0,10196.242772409432,0.01189,2169410236.306625,77273525.52524814,Jackson,-0.4670792795700516,-0.6692701085895187,GP,0.13396193961582684,6.894800160546024e+23,0.9845670727393642,0.13396193961582684
933,1.42,0.74,1614.6573038187862,1138.0,5452.938336593169,0.01189,4491279383.291355,95016744.6330876,Jackson,-0.36915714732849303,-0.6995043191624658,log,0.14994941618112684,9.252764587332573e+23,0.758636473516391,0.14994941618112684
934,1.42,0.74,1614.6573038187862,1138.0,6409.91193605696,0.01189,3259072264.6248274,35877585.82728046,Selsis,-0.4760382215359527,-0.7800643032739004,log,0.18036600914982992,1.916729883329159e+23,0.15512271964771585,0.18036600914982992
935,1.42,0.74,1614.6573038187862,1138.0,5755.160454447184,0.01189,3561879230.9412727,52753354.51467111,Selsis,-0.3145506443436412,-0.6718279798246771,linear,0.4237404261638692,6.521930755517481e+23,0.6500255795207524,0.4237404261638692
936,1.42,0.74,1614.6573038187862,1138.0,3076.375911045159,0.01189,6260060735.545079,36872411.18144042,Selsis,-0.2883109533909654,-0.7496248472518141,log,0.1523779076201118,1.648329029035774e+24,0.9339583502258688,0.1523779076201118
937,1.42,0.74,1614.6573038187862,1138.0,5339.113959988269,0.01189,3794475164.1720734,98543672.63612728,Selsis,-0.3686633699932022,-0.7661956498685999,GP,0.39412645636488697,9.359415177122129e+23,0.9057607751365775,0.39412645636488697
938,1.42,0.74,1614.6573038187862,1138.0,7907.633552162149,0.01189,2892380318.7689223,18633795.63489508,Jackson,-0.44328073141654684,-0.6719935148263535,linear,0.2843578529855152,2.7224084253680255e+23,0.35735316446689636,0.2843578529855152
939,1.42,0.74,1614.6573038187862,1138.0,2521.4049178373093,0.01189,7551504360.492208,72248427.17017864,Selsis,-0.31939721132478766,-0.7047700640426378,linear,0.2599147202971957,1.7013485667985175e+24,0.9699545441394688,0.2599147202971957
940,1.42,0.74,1614.6573038187862,1138.0,4483.6294037711305,0.01189,5816115800.824751,28810859.813601945,Jackson,-0.4726972227581805,-0.6669925767449402,GP,0.0805385973578305,1.0532454848289402e+24,0.8356812654894732,0.0805385973578305
941,1.42,0.74,1614.6573038187862,1138.0,2328.702111123986,0.01189,8154069989.944013,19361395.7394517,Selsis,-0.31984910265162403,-0.7463962173502392,GP,0.4426001640239466,1.3931548514806277e+24,0.7881892987581058,0.4426001640239466
942,1.42,0.74,1614.6573038187862,1138.0,92016.03467523848,0.01189,243484744.74598128,81467553.32522273,Jackson,-0.3014848526643959,-0.7408895624886509,linear,0.17610953630952664,1.9344433296717396e+22,0.45784325517848534,0.17610953630952664
943,1.42,0.74,1614.6573038187862,1138.0,6004.302945425853,0.01189,3995716968.421988,6570800.525417984,Jackson,-0.4069880345305541,-0.6101109038031463,GP,0.20956894624788164,6.908599141302437e+23,0.6193583876714491,0.20956894624788164
944,1.42,0.74,1614.6573038187862,1138.0,4537.675358473602,0.01189,5719338746.55201,59891447.05136959,Jackson,-0.33338109903637153,-0.7877896347511837,GP,0.06917193947854917,4.2710942612429815e+23,0.25861347923173983,0.06917193947854917
945,1.42,0.74,1614.6573038187862,1138.0,6481.5478151425605,0.01189,3645077351.7560854,54240370.94364864,Jackson,-0.3832206698689265,-0.733835373318394,linear,0.06012172690441955,7.12692739759874e+23,0.7132871161761543,0.06012172690441955
946,1.42,0.74,1614.6573038187862,1138.0,2496.68760622526,0.01189,7623226218.917282,12706877.146571875,Selsis,-0.4894102638074529,-0.6041040027649452,GP,0.1365503795534965,5.3009759859417256e+23,0.22378988594140237,0.1365503795534965
947,1.42,0.74,1614.6573038187862,1138.0,2028.4504429855529,0.01189,9342102710.382494,30477832.25108087,Selsis,-0.2970378608645227,-0.7630859183981602,log,0.06908354984238727,7.636047736894034e+23,0.2980562564723275,0.06908354984238727
948,1.42,0.74,1614.6573038187862,1138.0,2962.94627548635,0.01189,10606727909.621605,60995293.239114314,Jackson,-0.2921041760820491,-0.6972018320819043,linear,0.0740767773541261,8.754559351896911e+23,0.30000587879416585,0.0740767773541261
949,1.42,0.74,1614.6573038187862,1138.0,42590.01854495737,0.01189,505391730.4460044,51805977.83162052,Jackson,-0.46491661402814105,-0.6485111702229674,log,0.1655879608403339,8.413301110928388e+22,0.6491553710223417,0.1655879608403339
950,1.42,0.74,1614.6573038187862,1138.0,5295.841948062268,0.01189,4654823322.287314,38161788.811429136,Jackson,-0.4917247425649045,-0.6855336273428211,log,0.13061785827012612,4.888330560892984e+23,0.407922125149663,0.13061785827012612
951,1.42,0.74,1614.6573038187862,1138.0,3473.163182349107,0.01189,5565067955.654715,20980977.910086315,Selsis,-0.2915075071553958,-0.6990814115428806,GP,0.09014515754520178,6.324339933433042e+23,0.43803351334289975,0.09014515754520178
952,1.42,0.74,1614.6573038187862,1138.0,15769.424349943742,0.01189,1578498904.6397607,64505913.05837804,Selsis,-0.3967638810819523,-0.6788691885340127,linear,0.14900170091539355,2.8404427988064095e+23,0.6541105261966345,0.14900170091539355
953,1.42,0.74,1614.6573038187862,1138.0,5741.485793084813,0.01189,4218055160.8112154,7314346.444840731,Jackson,-0.3073897192507805,-0.7235218602448212,GP,0.10503673663977818,1.0387698310154314e+24,0.7798054242352537,0.10503673663977818
954,1.42,0.74,1614.6573038187862,1138.0,4518.913956879884,0.01189,5752599277.222978,41220537.97811114,Jackson,-0.4200400096989955,-0.6430711474568335,log,0.20475578201715794,3.685357961900154e+23,0.19058706024573357,0.20475578201715794
955,1.42,0.74,1614.6573038187862,1138.0,9717.728953313577,0.01189,2289377669.03631,91484017.0217534,Jackson,-0.4751735499969075,-0.6555861865603059,log,0.05147248598961442,1.6954819376226587e+23,0.26813483596098076,0.05147248598961442
956,1.42,0.74,1614.6573038187862,1138.0,4885.761311440165,0.01189,5160378295.484554,78749516.38355236,Jackson,-0.3204665569765675,-0.6697394898499908,log,0.287142947113071,3.274328817967631e+23,0.18996769759204823,0.287142947113071
957,1.42,0.74,1614.6573038187862,1138.0,13173.04109124516,0.01189,1815052208.1587906,91045486.05697462,Selsis,-0.37039341096753803,-0.7567905165692485,log,0.14275110634217064,8.490500595251431e+22,0.07324268505649512,0.14275110634217064
958,1.42,0.74,1614.6573038187862,1138.0,6390.10171789723,0.01189,3707568676.0933504,2096145.0348902554,Jackson,-0.42954844210778076,-0.6662059290924989,linear,0.3953575274215695,7.550676508350756e+23,0.7279491851445374,0.3953575274215695
959,1.42,0.74,1614.6573038187862,1138.0,5151.596222648416,0.01189,4815386038.02026,43066239.78895598,Jackson,-0.44501886393875106,-0.6483270980092545,linear,0.06009078436320355,9.9823024212196e+23,0.8032913620476934,0.06009078436320355
960,1.42,0.74,1614.6573038187862,1138.0,14648.846905973756,0.01189,1463807535.076423,56431471.12124794,Jackson,-0.40612125708530195,-0.7261614986741414,log,0.3432013979607647,2.03568661748322e+23,0.5411491043040217,0.3432013979607647
961,1.42,0.74,1614.6573038187862,1138.0,3433.3198711953946,0.01189,8524274632.261109,56199625.06441753,Jackson,-0.3334822000595706,-0.6254804254058534,log,0.0518618526817057,1.0741863188044848e+24,0.48414326371476557,0.0518618526817057
962,1.42,0.74,1614.6573038187862,1138.0,13293.521765964668,0.01189,1802002768.402202,69156242.55947334,Selsis,-0.3979185965427787,-0.622999004712603,log,0.3317172423890248,3.559190926223908e+23,0.6934395287318236,0.3317172423890248
963,1.42,0.74,1614.6573038187862,1138.0,3502.147222660375,0.01189,5520419634.396849,2859753.4524173606,Selsis,-0.47329417135934726,-0.755016657525033,log,0.20490090436996944,3.731240466232021e+23,0.228091398678822,0.20490090436996944
964,1.42,0.74,1614.6573038187862,1138.0,2491.9047472573934,0.01189,13816990441.923538,96476159.73484614,Jackson,-0.32574968055947384,-0.6781771809107915,linear,0.10366431525917959,6.857367174518576e+23,0.07963535711884018,0.10366431525917959
965,1.42,0.74,1614.6573038187862,1138.0,4330.8235616553275,0.01189,4541310435.958403,95286870.48670687,Selsis,-0.48953290247209397,-0.6652392701570468,log,0.12546572671248196,4.8650224423844365e+23,0.4270803238421431,0.12546572671248196
966,1.42,0.74,1614.6573038187862,1138.0,4725.858929723146,0.01189,5404179874.014525,67939287.26603201,Jackson,-0.2935507565858608,-0.6920571923361989,linear,0.1950355884943473,5.358243024879379e+23,0.38263534873117033,0.1950355884943473
967,1.42,0.74,1614.6573038187862,1138.0,30153.787861168556,0.01189,705698712.7816162,89878736.86266889,Jackson,-0.2932362110636776,-0.7963624404663041,GP,0.3188148495860998,3.745767980502081e+22,0.16493544364831914,0.3188148495860998
968,1.42,0.74,1614.6573038187862,1138.0,5989.09346327126,0.01189,4007964678.812873,36414384.1041519,Jackson,-0.4773688087795337,-0.6385012579494352,linear,0.09030576429379925,7.582480984174361e+23,0.6890433782839455,0.09030576429379925
969,1.42,0.74,1614.6573038187862,1138.0,7804.626516726027,0.01189,2777517656.419218,63786478.992748514,Selsis,-0.43774741973458914,-0.6316267923078486,linear,0.08217900927026414,1.6686689497227954e+23,0.16965170371538574,0.08217900927026414
970,1.42,0.74,1614.6573038187862,1138.0,6478.464088357698,0.01189,3647151405.501913,17387754.06651768,Jackson,-0.3873390598706054,-0.6163243842139411,log,0.08758922668349436,1.844059554078091e+23,0.08674493838578479,0.08758922668349436
971,1.42,0.74,1614.6573038187862,1138.0,2747.5880263406357,0.01189,11889746371.699533,42966758.430250265,Jackson,-0.43333920802345793,-0.7076998910259225,GP,0.2854104015534479,7.238702638908798e+23,0.16845610280030598,0.2854104015534479
972,1.42,0.74,1614.6573038187862,1138.0,3458.8865670262458,0.01189,5587352851.93313,7690779.805747615,Selsis,-0.3261874404667229,-0.604242755153225,linear,0.06729543090181246,4.940871051434611e+23,0.3280439657912334,0.06729543090181246
973,1.42,0.74,1614.6573038187862,1138.0,2001.4161359775892,0.01189,9468258735.194292,24066408.614377342,Selsis,-0.3229360583252282,-0.7681515085452009,linear,0.06388049454031702,9.25400794279058e+23,0.43126756063459515,0.06388049454031702
974,1.42,0.74,1614.6573038187862,1138.0,8566.349038991719,0.01189,2639865575.8756385,2676194.646775982,Jackson,-0.40480670124215384,-0.7464321492301004,log,0.13520802723479994,1.145008047274632e+23,0.01851556375086849,0.13520802723479994
975,1.42,0.74,1614.6573038187862,1138.0,5952.931873872005,0.01189,3463147694.4331794,80660690.30709045,Selsis,-0.4937778728997968,-0.7000158797431258,linear,0.2075089061715959,6.469260150526443e+23,0.7562165322905918,0.2075089061715959
976,1.42,0.74,1614.6573038187862,1138.0,3104.221127947955,0.01189,6205108597.565168,28264636.48521925,Selsis,-0.30036846654819904,-0.6523461559086139,GP,0.3722416810106816,5.864842697756156e+23,0.3583380810843009,0.3722416810106816
977,1.42,0.74,1614.6573038187862,1138.0,5677.246640619539,0.01189,3602888072.500901,91698129.63039577,Selsis,-0.2831859509341081,-0.7244903149213375,GP,0.23444469672100904,9.007475861844668e+23,0.7900276992754599,0.23444469672100904
978,1.42,0.74,1614.6573038187862,1138.0,2370.9147895097235,0.01189,8013064464.183312,15461897.778338322,Selsis,-0.4589724733575849,-0.6448768600505043,GP,0.2572534658579382,1.361221593436356e+24,0.9093755780805721,0.2572534658579382
979,1.42,0.74,1614.6573038187862,1138.0,4565.565356914094,0.01189,4338110858.387986,28386468.46769962,Selsis,-0.4375955896854526,-0.6348301393011364,log,0.24085442958667752,7.616531195198449e+23,0.6535806797010683,0.24085442958667752
980,1.42,0.74,1614.6573038187862,1138.0,5266.893474813595,0.01189,4686215702.794351,43368776.594537176,Jackson,-0.29184830513372906,-0.7949297901111527,linear,0.0993893232291757,4.264660323543352e+23,0.3439484235623943,0.0993893232291757
981,1.42,0.74,1614.6573038187862,1138.0,3277.879742229988,0.01189,5884862108.655243,1922756.1284359607,Selsis,-0.37804616344427416,-0.6507534174057815,linear,0.22354150745843274,2.5064741143068958e+23,0.010317195681686209,0.22354150745843274
982,1.42,0.74,1614.6573038187862,1138.0,2560.429275132925,0.01189,7441276282.37164,56384004.90984494,Selsis,-0.32435242891417887,-0.6354446567418319,GP,0.2960717691047424,5.514776243513403e+23,0.25403207453027565,0.2960717691047424
983,1.42,0.74,1614.6573038187862,1138.0,18383.198161749282,0.01189,1155793922.6243312,16625650.160170138,Jackson,-0.48325254329755263,-0.7086240917825631,linear,0.2129679600838116,6.90614634437065e+22,0.1634962394458379,0.2129679600838116
984,1.42,0.74,1614.6573038187862,1138.0,4276.8808610784,0.01189,6215469513.440555,20059469.878648512,Jackson,-0.433979404945228,-0.6541545327376813,GP,0.3266793781333745,4.3181941708994065e+23,0.2240804545023991,0.3266793781333745
985,1.42,0.74,1614.6573038187862,1138.0,3047.5972867388027,0.01189,6315930613.133308,9914516.489807492,Selsis,-0.43969223254360984,-0.7672196071674515,log,0.05089238649781446,7.453411464499413e+23,0.647379274367598,0.05089238649781446
986,1.42,0.74,1614.6573038187862,1138.0,21536.136446428736,0.01189,1246769656.3339787,12431915.31713352,Selsis,-0.304221211780522,-0.6228446149736047,linear,0.149554266190496,1.5680117216729165e+23,0.48476363992923655,0.149554266190496
987,1.42,0.74,1614.6573038187862,1138.0,18439.058988822828,0.01189,1401240628.355519,30950698.95691485,Selsis,-0.4628156738535981,-0.6991840167550042,GP,0.2556137033904799,1.0444825323353695e+23,0.26293705849433946,0.2556137033904799
988,1.42,0.74,1614.6573038187862,1138.0,3266.01167721309,0.01189,5905592600.777564,45085391.28389708,Selsis,-0.30462581533833183,-0.6460988692966843,linear,0.24953100847042317,9.140058280915077e+23,0.5739672236238658,0.24953100847042317
989,1.42,0.74,1614.6573038187862,1138.0,15764.921143895213,0.01189,1355167752.9837503,21307772.17523091,Jackson,-0.47643832766618444,-0.6830692210257813,linear,0.09498100194368675,9.961465457825143e+22,0.2540613336878761,0.09498100194368675
990,1.42,0.74,1614.6573038187862,1138.0,3586.261032865147,0.01189,5395181311.505882,85324019.20031844,Selsis,-0.32251427246234937,-0.7429081721167892,linear,0.28325111235133665,9.895152749370426e+23,0.7049128519056597,0.28325111235133665
991,1.42,0.74,1614.6573038187862,1138.0,5804.303736192378,0.01189,4162771582.5819626,69482284.4197766,Jackson,-0.4738572736984284,-0.609059583650969,linear,0.1314647654687218,8.89074476420402e+23,0.7358705868349406,0.1314647654687218
992,1.42,0.74,1614.6573038187862,1138.0,4098.599085028885,0.01189,4765303374.95714,92995541.7979553,Selsis,-0.37941921952114116,-0.635716305825218,GP,0.38140450483732635,5.2851956103233284e+23,0.43437796039210896,0.38140450483732635
993,1.42,0.74,1614.6573038187862,1138.0,2995.6071883222753,0.01189,10433583485.469852,82785091.43746299,Jackson,-0.3078252107223595,-0.678994039054476,linear,0.1995450456974673,2.3247411144521144e+24,0.9194091178363902,0.1995450456974673
994,1.42,0.74,1614.6573038187862,1138.0,13221.976859178745,0.01189,1631484738.0528958,85712090.45962298,Jackson,-0.28198014653751313,-0.6875710924538659,log,0.214486636823311,1.6859460266502918e+23,0.41854639209300326,0.214486636823311
995,1.42,0.74,1614.6573038187862,1138.0,10116.100168895564,0.01189,2188626146.1730514,58275534.08427001,Jackson,-0.2915452993597156,-0.6111183786702913,log,0.4970103463697577,1.893298374850322e+23,0.32961631995941243,0.4970103463697577
996,1.42,0.74,1614.6573038187862,1138.0,7140.899208476867,0.01189,3253368200.394128,68659793.06392005,Jackson,-0.3913219878105783,-0.6315737881143921,GP,0.05777207917604832,1.4730678756881527e+23,0.04600142739237423,0.05777207917604832
997,1.42,0.74,1614.6573038187862,1138.0,12369.684887521771,0.01189,1908169485.7436712,14436850.170187796,Selsis,-0.29064194933287746,-0.6346545661617539,log,0.148227065611099,6.239804545654469e+23,0.898700665658172,0.148227065611099
998,1.42,0.74,1614.6573038187862,1138.0,6281.641342734259,0.01189,3784428247.814245,27514146.313898973,Jackson,-0.3873720541337762,-0.6850222794245834,log,0.21610267703845418,9.568422077752237e+23,0.8750865942486422,0.21610267703845418
999,1.42,0.74,1614.6573038187862,1138.0,23229.542304992243,0.01189,1178774011.1545563,80256198.82416983,Selsis,-0.359821922637766,-0.7343506868611337,GP,0.23925804770024453,2.5726279167469855e+23,0.7504182178581367,0.23925804770024453
